filename,split,label,generator,path
real_01278.jpeg,train,real,real,/kaggle/working/genimage_8000_split_v4/train/real/real_01278.jpeg
real_02434.jpeg,train,real,real,/kaggle/working/genimage_8000_split_v4/train/real/real_02434.jpeg
real_00904.jpeg,train,real,real,/kaggle/working/genimage_8000_split_v4/train/real/real_00904.jpeg
real_01998.jpeg,train,real,real,/kaggle/working/genimage_8000_split_v4/train/real/real_01998.jpeg
real_01118.jpeg,train,real,real,/kaggle/working/genimage_8000_split_v4/train/real/real_01118.jpeg
real_02473.jpeg,train,real,real,/kaggle/working/genimage_8000_split_v4/train/real/real_02473.jpeg
real_02393.jpeg,train,real,real,/kaggle/working/genimage_8000_split_v4/train/real/real_02393.jpeg
real_01602.jpeg,train,real,real,/kaggle/working/genimage_8000_split_v4/train/real/real_01602.jpeg
real_01292.jpeg,train,real,real,/kaggle/working/genimage_8000_split_v4/train/real/real_01292.jpeg
real_00486.jpeg,train,real,real,/kaggle/working/genimage_8000_split_v4/train/real/real_00486.jpeg
real_00382.jpeg,train,real,real,/kaggle/working/genimage_8000_split_v4/train/real/real_00382.jpeg
real_02549.jpeg,train,real,real,/kaggle/working/genimage_8000_split_v4/train/real/real_02549.jpeg
real_01039.jpeg,train,real,real,/kaggle/working/genimage_8000_split_v4/train/real/real_01039.jpeg
real_02709.jpeg,train,real,real,/kaggle/working/genimage_8000_split_v4/train/real/real_02709.jpeg
real_01276.jpeg,train,real,real,/kaggle/working/genimage_8000_split_v4/train/real/real_01276.jpeg
real_02644.jpeg,train,real,real,/kaggle/working/genimage_8000_split_v4/train/real/real_02644.jpeg
real_00603.jpeg,train,real,real,/kaggle/working/genimage_8000_split_v4/train/real/real_00603.jpeg
real_02084.jpeg,train,real,real,/kaggle/working/genimage_8000_split_v4/train/real/real_02084.jpeg
real_01007.jpeg,train,real,real,/kaggle/working/genimage_8000_split_v4/train/real/real_01007.jpeg
real_00117.jpeg,train,real,real,/kaggle/working/genimage_8000_split_v4/train/real/real_00117.jpeg
real_00354.jpeg,train,real,real,/kaggle/working/genimage_8000_split_v4/train/real/real_00354.jpeg
real_02175.jpeg,train,real,real,/kaggle/working/genimage_8000_split_v4/train/real/real_02175.jpeg
real_00645.jpeg,train,real,real,/kaggle/working/genimage_8000_split_v4/train/real/real_00645.jpeg
real_01424.jpeg,train,real,real,/kaggle/working/genimage_8000_split_v4/train/real/real_01424.jpeg
real_01627.jpeg,train,real,real,/kaggle/working/genimage_8000_split_v4/train/real/real_01627.jpeg
real_01754.jpeg,train,real,real,/kaggle/working/genimage_8000_split_v4/train/real/real_01754.jpeg
real_01713.jpeg,train,real,real,/kaggle/working/genimage_8000_split_v4/train/real/real_01713.jpeg
real_02048.jpeg,train,real,real,/kaggle/working/genimage_8000_split_v4/train/real/real_02048.jpeg
real_02089.jpeg,train,real,real,/kaggle/working/genimage_8000_split_v4/train/real/real_02089.jpeg
real_00076.jpeg,train,real,real,/kaggle/working/genimage_8000_split_v4/train/real/real_00076.jpeg
real_00395.jpeg,train,real,real,/kaggle/working/genimage_8000_split_v4/train/real/real_00395.jpeg
real_02254.jpeg,train,real,real,/kaggle/working/genimage_8000_split_v4/train/real/real_02254.jpeg
real_00924.jpeg,train,real,real,/kaggle/working/genimage_8000_split_v4/train/real/real_00924.jpeg
real_02290.jpeg,train,real,real,/kaggle/working/genimage_8000_split_v4/train/real/real_02290.jpeg
real_00804.jpeg,train,real,real,/kaggle/working/genimage_8000_split_v4/train/real/real_00804.jpeg
real_00348.jpeg,train,real,real,/kaggle/working/genimage_8000_split_v4/train/real/real_00348.jpeg
real_00307.jpeg,train,real,real,/kaggle/working/genimage_8000_split_v4/train/real/real_00307.jpeg
real_02772.jpeg,train,real,real,/kaggle/working/genimage_8000_split_v4/train/real/real_02772.jpeg
real_00438.jpeg,train,real,real,/kaggle/working/genimage_8000_split_v4/train/real/real_00438.jpeg
real_01796.jpeg,train,real,real,/kaggle/working/genimage_8000_split_v4/train/real/real_01796.jpeg
real_00393.jpeg,train,real,real,/kaggle/working/genimage_8000_split_v4/train/real/real_00393.jpeg
real_00628.jpeg,train,real,real,/kaggle/working/genimage_8000_split_v4/train/real/real_00628.jpeg
real_01358.jpeg,train,real,real,/kaggle/working/genimage_8000_split_v4/train/real/real_01358.jpeg
real_02108.jpeg,train,real,real,/kaggle/working/genimage_8000_split_v4/train/real/real_02108.jpeg
real_02186.jpeg,train,real,real,/kaggle/working/genimage_8000_split_v4/train/real/real_02186.jpeg
real_00566.jpeg,train,real,real,/kaggle/working/genimage_8000_split_v4/train/real/real_00566.jpeg
real_00705.jpeg,train,real,real,/kaggle/working/genimage_8000_split_v4/train/real/real_00705.jpeg
real_00055.jpeg,train,real,real,/kaggle/working/genimage_8000_split_v4/train/real/real_00055.jpeg
real_01226.jpeg,train,real,real,/kaggle/working/genimage_8000_split_v4/train/real/real_01226.jpeg
real_02768.jpeg,train,real,real,/kaggle/working/genimage_8000_split_v4/train/real/real_02768.jpeg
real_00607.jpeg,train,real,real,/kaggle/working/genimage_8000_split_v4/train/real/real_00607.jpeg
real_01449.jpeg,train,real,real,/kaggle/working/genimage_8000_split_v4/train/real/real_01449.jpeg
real_00737.jpeg,train,real,real,/kaggle/working/genimage_8000_split_v4/train/real/real_00737.jpeg
real_00416.jpeg,train,real,real,/kaggle/working/genimage_8000_split_v4/train/real/real_00416.jpeg
real_01759.jpeg,train,real,real,/kaggle/working/genimage_8000_split_v4/train/real/real_01759.jpeg
real_00304.jpeg,train,real,real,/kaggle/working/genimage_8000_split_v4/train/real/real_00304.jpeg
real_02662.jpeg,train,real,real,/kaggle/working/genimage_8000_split_v4/train/real/real_02662.jpeg
real_02798.jpeg,train,real,real,/kaggle/working/genimage_8000_split_v4/train/real/real_02798.jpeg
real_01414.jpeg,train,real,real,/kaggle/working/genimage_8000_split_v4/train/real/real_01414.jpeg
real_00712.jpeg,train,real,real,/kaggle/working/genimage_8000_split_v4/train/real/real_00712.jpeg
real_01787.jpeg,train,real,real,/kaggle/working/genimage_8000_split_v4/train/real/real_01787.jpeg
real_00854.jpeg,train,real,real,/kaggle/working/genimage_8000_split_v4/train/real/real_00854.jpeg
real_00135.jpeg,train,real,real,/kaggle/working/genimage_8000_split_v4/train/real/real_00135.jpeg
real_00792.jpeg,train,real,real,/kaggle/working/genimage_8000_split_v4/train/real/real_00792.jpeg
real_01368.jpeg,train,real,real,/kaggle/working/genimage_8000_split_v4/train/real/real_01368.jpeg
real_01472.jpeg,train,real,real,/kaggle/working/genimage_8000_split_v4/train/real/real_01472.jpeg
real_02557.jpeg,train,real,real,/kaggle/working/genimage_8000_split_v4/train/real/real_02557.jpeg
real_01235.jpeg,train,real,real,/kaggle/working/genimage_8000_split_v4/train/real/real_01235.jpeg
real_01542.jpeg,train,real,real,/kaggle/working/genimage_8000_split_v4/train/real/real_01542.jpeg
real_01099.jpeg,train,real,real,/kaggle/working/genimage_8000_split_v4/train/real/real_01099.jpeg
real_00921.jpeg,train,real,real,/kaggle/working/genimage_8000_split_v4/train/real/real_00921.jpeg
real_00978.jpeg,train,real,real,/kaggle/working/genimage_8000_split_v4/train/real/real_00978.jpeg
real_01898.jpeg,train,real,real,/kaggle/working/genimage_8000_split_v4/train/real/real_01898.jpeg
real_00944.jpeg,train,real,real,/kaggle/working/genimage_8000_split_v4/train/real/real_00944.jpeg
real_00905.jpeg,train,real,real,/kaggle/working/genimage_8000_split_v4/train/real/real_00905.jpeg
real_02358.jpeg,train,real,real,/kaggle/working/genimage_8000_split_v4/train/real/real_02358.jpeg
real_02470.jpeg,train,real,real,/kaggle/working/genimage_8000_split_v4/train/real/real_02470.jpeg
real_00894.jpeg,train,real,real,/kaggle/working/genimage_8000_split_v4/train/real/real_00894.jpeg
real_02233.jpeg,train,real,real,/kaggle/working/genimage_8000_split_v4/train/real/real_02233.jpeg
real_01333.jpeg,train,real,real,/kaggle/working/genimage_8000_split_v4/train/real/real_01333.jpeg
real_02369.jpeg,train,real,real,/kaggle/working/genimage_8000_split_v4/train/real/real_02369.jpeg
real_01767.jpeg,train,real,real,/kaggle/working/genimage_8000_split_v4/train/real/real_01767.jpeg
real_02059.jpeg,train,real,real,/kaggle/working/genimage_8000_split_v4/train/real/real_02059.jpeg
real_01744.jpeg,train,real,real,/kaggle/working/genimage_8000_split_v4/train/real/real_01744.jpeg
real_02029.jpeg,train,real,real,/kaggle/working/genimage_8000_split_v4/train/real/real_02029.jpeg
real_01068.jpeg,train,real,real,/kaggle/working/genimage_8000_split_v4/train/real/real_01068.jpeg
real_02385.jpeg,train,real,real,/kaggle/working/genimage_8000_split_v4/train/real/real_02385.jpeg
real_00387.jpeg,train,real,real,/kaggle/working/genimage_8000_split_v4/train/real/real_00387.jpeg
real_01930.jpeg,train,real,real,/kaggle/working/genimage_8000_split_v4/train/real/real_01930.jpeg
real_00935.jpeg,train,real,real,/kaggle/working/genimage_8000_split_v4/train/real/real_00935.jpeg
real_01537.jpeg,train,real,real,/kaggle/working/genimage_8000_split_v4/train/real/real_01537.jpeg
real_00040.jpeg,train,real,real,/kaggle/working/genimage_8000_split_v4/train/real/real_00040.jpeg
real_02715.jpeg,train,real,real,/kaggle/working/genimage_8000_split_v4/train/real/real_02715.jpeg
real_00875.jpeg,train,real,real,/kaggle/working/genimage_8000_split_v4/train/real/real_00875.jpeg
real_01922.jpeg,train,real,real,/kaggle/working/genimage_8000_split_v4/train/real/real_01922.jpeg
real_01174.jpeg,train,real,real,/kaggle/working/genimage_8000_split_v4/train/real/real_01174.jpeg
real_01195.jpeg,train,real,real,/kaggle/working/genimage_8000_split_v4/train/real/real_01195.jpeg
real_02318.jpeg,train,real,real,/kaggle/working/genimage_8000_split_v4/train/real/real_02318.jpeg
real_02696.jpeg,train,real,real,/kaggle/working/genimage_8000_split_v4/train/real/real_02696.jpeg
real_00563.jpeg,train,real,real,/kaggle/working/genimage_8000_split_v4/train/real/real_00563.jpeg
real_00457.jpeg,train,real,real,/kaggle/working/genimage_8000_split_v4/train/real/real_00457.jpeg
real_00731.jpeg,train,real,real,/kaggle/working/genimage_8000_split_v4/train/real/real_00731.jpeg
real_00561.jpeg,train,real,real,/kaggle/working/genimage_8000_split_v4/train/real/real_00561.jpeg
real_00925.jpeg,train,real,real,/kaggle/working/genimage_8000_split_v4/train/real/real_00925.jpeg
real_01464.jpeg,train,real,real,/kaggle/working/genimage_8000_split_v4/train/real/real_01464.jpeg
real_01021.jpeg,train,real,real,/kaggle/working/genimage_8000_split_v4/train/real/real_01021.jpeg
real_02657.jpeg,train,real,real,/kaggle/working/genimage_8000_split_v4/train/real/real_02657.jpeg
real_01280.jpeg,train,real,real,/kaggle/working/genimage_8000_split_v4/train/real/real_01280.jpeg
real_00288.jpeg,train,real,real,/kaggle/working/genimage_8000_split_v4/train/real/real_00288.jpeg
real_01876.jpeg,train,real,real,/kaggle/working/genimage_8000_split_v4/train/real/real_01876.jpeg
real_02701.jpeg,train,real,real,/kaggle/working/genimage_8000_split_v4/train/real/real_02701.jpeg
real_00961.jpeg,train,real,real,/kaggle/working/genimage_8000_split_v4/train/real/real_00961.jpeg
real_01217.jpeg,train,real,real,/kaggle/working/genimage_8000_split_v4/train/real/real_01217.jpeg
real_02282.jpeg,train,real,real,/kaggle/working/genimage_8000_split_v4/train/real/real_02282.jpeg
real_00878.jpeg,train,real,real,/kaggle/working/genimage_8000_split_v4/train/real/real_00878.jpeg
real_02745.jpeg,train,real,real,/kaggle/working/genimage_8000_split_v4/train/real/real_02745.jpeg
real_02582.jpeg,train,real,real,/kaggle/working/genimage_8000_split_v4/train/real/real_02582.jpeg
real_00271.jpeg,train,real,real,/kaggle/working/genimage_8000_split_v4/train/real/real_00271.jpeg
real_02691.jpeg,train,real,real,/kaggle/working/genimage_8000_split_v4/train/real/real_02691.jpeg
real_00185.jpeg,train,real,real,/kaggle/working/genimage_8000_split_v4/train/real/real_00185.jpeg
real_02328.jpeg,train,real,real,/kaggle/working/genimage_8000_split_v4/train/real/real_02328.jpeg
real_02719.jpeg,train,real,real,/kaggle/working/genimage_8000_split_v4/train/real/real_02719.jpeg
real_01277.jpeg,train,real,real,/kaggle/working/genimage_8000_split_v4/train/real/real_01277.jpeg
real_01672.jpeg,train,real,real,/kaggle/working/genimage_8000_split_v4/train/real/real_01672.jpeg
real_00216.jpeg,train,real,real,/kaggle/working/genimage_8000_split_v4/train/real/real_00216.jpeg
real_01621.jpeg,train,real,real,/kaggle/working/genimage_8000_split_v4/train/real/real_01621.jpeg
real_01157.jpeg,train,real,real,/kaggle/working/genimage_8000_split_v4/train/real/real_01157.jpeg
real_00180.jpeg,train,real,real,/kaggle/working/genimage_8000_split_v4/train/real/real_00180.jpeg
real_01493.jpeg,train,real,real,/kaggle/working/genimage_8000_split_v4/train/real/real_01493.jpeg
real_02343.jpeg,train,real,real,/kaggle/working/genimage_8000_split_v4/train/real/real_02343.jpeg
real_01701.jpeg,train,real,real,/kaggle/working/genimage_8000_split_v4/train/real/real_01701.jpeg
real_02761.jpeg,train,real,real,/kaggle/working/genimage_8000_split_v4/train/real/real_02761.jpeg
real_00189.jpeg,train,real,real,/kaggle/working/genimage_8000_split_v4/train/real/real_00189.jpeg
real_01577.jpeg,train,real,real,/kaggle/working/genimage_8000_split_v4/train/real/real_01577.jpeg
real_02337.jpeg,train,real,real,/kaggle/working/genimage_8000_split_v4/train/real/real_02337.jpeg
real_01345.jpeg,train,real,real,/kaggle/working/genimage_8000_split_v4/train/real/real_01345.jpeg
real_01400.jpeg,train,real,real,/kaggle/working/genimage_8000_split_v4/train/real/real_01400.jpeg
real_00396.jpeg,train,real,real,/kaggle/working/genimage_8000_split_v4/train/real/real_00396.jpeg
real_00866.jpeg,train,real,real,/kaggle/working/genimage_8000_split_v4/train/real/real_00866.jpeg
real_00131.jpeg,train,real,real,/kaggle/working/genimage_8000_split_v4/train/real/real_00131.jpeg
real_01893.jpeg,train,real,real,/kaggle/working/genimage_8000_split_v4/train/real/real_01893.jpeg
real_01179.jpeg,train,real,real,/kaggle/working/genimage_8000_split_v4/train/real/real_01179.jpeg
real_00557.jpeg,train,real,real,/kaggle/working/genimage_8000_split_v4/train/real/real_00557.jpeg
real_00266.jpeg,train,real,real,/kaggle/working/genimage_8000_split_v4/train/real/real_00266.jpeg
real_00207.jpeg,train,real,real,/kaggle/working/genimage_8000_split_v4/train/real/real_00207.jpeg
real_01198.jpeg,train,real,real,/kaggle/working/genimage_8000_split_v4/train/real/real_01198.jpeg
real_01858.jpeg,train,real,real,/kaggle/working/genimage_8000_split_v4/train/real/real_01858.jpeg
real_02316.jpeg,train,real,real,/kaggle/working/genimage_8000_split_v4/train/real/real_02316.jpeg
real_02507.jpeg,train,real,real,/kaggle/working/genimage_8000_split_v4/train/real/real_02507.jpeg
real_01813.jpeg,train,real,real,/kaggle/working/genimage_8000_split_v4/train/real/real_01813.jpeg
real_01814.jpeg,train,real,real,/kaggle/working/genimage_8000_split_v4/train/real/real_01814.jpeg
real_02714.jpeg,train,real,real,/kaggle/working/genimage_8000_split_v4/train/real/real_02714.jpeg
real_00141.jpeg,train,real,real,/kaggle/working/genimage_8000_split_v4/train/real/real_00141.jpeg
real_00407.jpeg,train,real,real,/kaggle/working/genimage_8000_split_v4/train/real/real_00407.jpeg
real_01041.jpeg,train,real,real,/kaggle/working/genimage_8000_split_v4/train/real/real_01041.jpeg
real_01367.jpeg,train,real,real,/kaggle/working/genimage_8000_split_v4/train/real/real_01367.jpeg
real_01331.jpeg,train,real,real,/kaggle/working/genimage_8000_split_v4/train/real/real_01331.jpeg
real_01161.jpeg,train,real,real,/kaggle/working/genimage_8000_split_v4/train/real/real_01161.jpeg
real_01231.jpeg,train,real,real,/kaggle/working/genimage_8000_split_v4/train/real/real_01231.jpeg
real_01732.jpeg,train,real,real,/kaggle/working/genimage_8000_split_v4/train/real/real_01732.jpeg
real_00941.jpeg,train,real,real,/kaggle/working/genimage_8000_split_v4/train/real/real_00941.jpeg
real_01446.jpeg,train,real,real,/kaggle/working/genimage_8000_split_v4/train/real/real_01446.jpeg
real_02099.jpeg,train,real,real,/kaggle/working/genimage_8000_split_v4/train/real/real_02099.jpeg
real_00026.jpeg,train,real,real,/kaggle/working/genimage_8000_split_v4/train/real/real_00026.jpeg
real_01337.jpeg,train,real,real,/kaggle/working/genimage_8000_split_v4/train/real/real_01337.jpeg
real_02176.jpeg,train,real,real,/kaggle/working/genimage_8000_split_v4/train/real/real_02176.jpeg
real_02538.jpeg,train,real,real,/kaggle/working/genimage_8000_split_v4/train/real/real_02538.jpeg
real_00046.jpeg,train,real,real,/kaggle/working/genimage_8000_split_v4/train/real/real_00046.jpeg
real_00585.jpeg,train,real,real,/kaggle/working/genimage_8000_split_v4/train/real/real_00585.jpeg
real_00206.jpeg,train,real,real,/kaggle/working/genimage_8000_split_v4/train/real/real_00206.jpeg
real_00767.jpeg,train,real,real,/kaggle/working/genimage_8000_split_v4/train/real/real_00767.jpeg
real_01591.jpeg,train,real,real,/kaggle/working/genimage_8000_split_v4/train/real/real_01591.jpeg
real_01531.jpeg,train,real,real,/kaggle/working/genimage_8000_split_v4/train/real/real_01531.jpeg
real_00769.jpeg,train,real,real,/kaggle/working/genimage_8000_split_v4/train/real/real_00769.jpeg
real_00297.jpeg,train,real,real,/kaggle/working/genimage_8000_split_v4/train/real/real_00297.jpeg
real_00401.jpeg,train,real,real,/kaggle/working/genimage_8000_split_v4/train/real/real_00401.jpeg
real_00339.jpeg,train,real,real,/kaggle/working/genimage_8000_split_v4/train/real/real_00339.jpeg
real_00403.jpeg,train,real,real,/kaggle/working/genimage_8000_split_v4/train/real/real_00403.jpeg
real_02324.jpeg,train,real,real,/kaggle/working/genimage_8000_split_v4/train/real/real_02324.jpeg
real_00344.jpeg,train,real,real,/kaggle/working/genimage_8000_split_v4/train/real/real_00344.jpeg
real_00560.jpeg,train,real,real,/kaggle/working/genimage_8000_split_v4/train/real/real_00560.jpeg
real_00644.jpeg,train,real,real,/kaggle/working/genimage_8000_split_v4/train/real/real_00644.jpeg
real_00968.jpeg,train,real,real,/kaggle/working/genimage_8000_split_v4/train/real/real_00968.jpeg
real_00553.jpeg,train,real,real,/kaggle/working/genimage_8000_split_v4/train/real/real_00553.jpeg
real_00598.jpeg,train,real,real,/kaggle/working/genimage_8000_split_v4/train/real/real_00598.jpeg
real_00497.jpeg,train,real,real,/kaggle/working/genimage_8000_split_v4/train/real/real_00497.jpeg
real_02061.jpeg,train,real,real,/kaggle/working/genimage_8000_split_v4/train/real/real_02061.jpeg
real_02520.jpeg,train,real,real,/kaggle/working/genimage_8000_split_v4/train/real/real_02520.jpeg
real_00253.jpeg,train,real,real,/kaggle/working/genimage_8000_split_v4/train/real/real_00253.jpeg
real_01745.jpeg,train,real,real,/kaggle/working/genimage_8000_split_v4/train/real/real_01745.jpeg
real_00577.jpeg,train,real,real,/kaggle/working/genimage_8000_split_v4/train/real/real_00577.jpeg
real_01042.jpeg,train,real,real,/kaggle/working/genimage_8000_split_v4/train/real/real_01042.jpeg
real_00394.jpeg,train,real,real,/kaggle/working/genimage_8000_split_v4/train/real/real_00394.jpeg
real_01451.jpeg,train,real,real,/kaggle/working/genimage_8000_split_v4/train/real/real_01451.jpeg
real_02204.jpeg,train,real,real,/kaggle/working/genimage_8000_split_v4/train/real/real_02204.jpeg
real_00768.jpeg,train,real,real,/kaggle/working/genimage_8000_split_v4/train/real/real_00768.jpeg
real_00445.jpeg,train,real,real,/kaggle/working/genimage_8000_split_v4/train/real/real_00445.jpeg
real_01326.jpeg,train,real,real,/kaggle/working/genimage_8000_split_v4/train/real/real_01326.jpeg
real_00050.jpeg,train,real,real,/kaggle/working/genimage_8000_split_v4/train/real/real_00050.jpeg
real_01777.jpeg,train,real,real,/kaggle/working/genimage_8000_split_v4/train/real/real_01777.jpeg
real_02020.jpeg,train,real,real,/kaggle/working/genimage_8000_split_v4/train/real/real_02020.jpeg
real_01821.jpeg,train,real,real,/kaggle/working/genimage_8000_split_v4/train/real/real_01821.jpeg
real_01166.jpeg,train,real,real,/kaggle/working/genimage_8000_split_v4/train/real/real_01166.jpeg
real_01776.jpeg,train,real,real,/kaggle/working/genimage_8000_split_v4/train/real/real_01776.jpeg
real_02765.jpeg,train,real,real,/kaggle/working/genimage_8000_split_v4/train/real/real_02765.jpeg
real_00269.jpeg,train,real,real,/kaggle/working/genimage_8000_split_v4/train/real/real_00269.jpeg
real_02373.jpeg,train,real,real,/kaggle/working/genimage_8000_split_v4/train/real/real_02373.jpeg
real_01396.jpeg,train,real,real,/kaggle/working/genimage_8000_split_v4/train/real/real_01396.jpeg
real_02189.jpeg,train,real,real,/kaggle/working/genimage_8000_split_v4/train/real/real_02189.jpeg
real_01520.jpeg,train,real,real,/kaggle/working/genimage_8000_split_v4/train/real/real_01520.jpeg
real_02361.jpeg,train,real,real,/kaggle/working/genimage_8000_split_v4/train/real/real_02361.jpeg
real_01855.jpeg,train,real,real,/kaggle/working/genimage_8000_split_v4/train/real/real_01855.jpeg
real_01585.jpeg,train,real,real,/kaggle/working/genimage_8000_split_v4/train/real/real_01585.jpeg
real_01477.jpeg,train,real,real,/kaggle/working/genimage_8000_split_v4/train/real/real_01477.jpeg
real_00733.jpeg,train,real,real,/kaggle/working/genimage_8000_split_v4/train/real/real_00733.jpeg
real_01625.jpeg,train,real,real,/kaggle/working/genimage_8000_split_v4/train/real/real_01625.jpeg
real_00800.jpeg,train,real,real,/kaggle/working/genimage_8000_split_v4/train/real/real_00800.jpeg
real_01683.jpeg,train,real,real,/kaggle/working/genimage_8000_split_v4/train/real/real_01683.jpeg
real_02010.jpeg,train,real,real,/kaggle/working/genimage_8000_split_v4/train/real/real_02010.jpeg
real_00151.jpeg,train,real,real,/kaggle/working/genimage_8000_split_v4/train/real/real_00151.jpeg
real_00727.jpeg,train,real,real,/kaggle/working/genimage_8000_split_v4/train/real/real_00727.jpeg
real_00190.jpeg,train,real,real,/kaggle/working/genimage_8000_split_v4/train/real/real_00190.jpeg
real_00250.jpeg,train,real,real,/kaggle/working/genimage_8000_split_v4/train/real/real_00250.jpeg
real_00257.jpeg,train,real,real,/kaggle/working/genimage_8000_split_v4/train/real/real_00257.jpeg
real_01361.jpeg,train,real,real,/kaggle/working/genimage_8000_split_v4/train/real/real_01361.jpeg
real_01081.jpeg,train,real,real,/kaggle/working/genimage_8000_split_v4/train/real/real_01081.jpeg
real_01804.jpeg,train,real,real,/kaggle/working/genimage_8000_split_v4/train/real/real_01804.jpeg
real_00008.jpeg,train,real,real,/kaggle/working/genimage_8000_split_v4/train/real/real_00008.jpeg
real_00398.jpeg,train,real,real,/kaggle/working/genimage_8000_split_v4/train/real/real_00398.jpeg
real_01458.jpeg,train,real,real,/kaggle/working/genimage_8000_split_v4/train/real/real_01458.jpeg
real_02679.jpeg,train,real,real,/kaggle/working/genimage_8000_split_v4/train/real/real_02679.jpeg
real_01302.jpeg,train,real,real,/kaggle/working/genimage_8000_split_v4/train/real/real_01302.jpeg
real_01274.jpeg,train,real,real,/kaggle/working/genimage_8000_split_v4/train/real/real_01274.jpeg
real_00322.jpeg,train,real,real,/kaggle/working/genimage_8000_split_v4/train/real/real_00322.jpeg
real_01535.jpeg,train,real,real,/kaggle/working/genimage_8000_split_v4/train/real/real_01535.jpeg
real_01346.jpeg,train,real,real,/kaggle/working/genimage_8000_split_v4/train/real/real_01346.jpeg
real_01421.jpeg,train,real,real,/kaggle/working/genimage_8000_split_v4/train/real/real_01421.jpeg
real_02770.jpeg,train,real,real,/kaggle/working/genimage_8000_split_v4/train/real/real_02770.jpeg
real_01065.jpeg,train,real,real,/kaggle/working/genimage_8000_split_v4/train/real/real_01065.jpeg
real_02173.jpeg,train,real,real,/kaggle/working/genimage_8000_split_v4/train/real/real_02173.jpeg
real_02577.jpeg,train,real,real,/kaggle/working/genimage_8000_split_v4/train/real/real_02577.jpeg
real_02098.jpeg,train,real,real,/kaggle/working/genimage_8000_split_v4/train/real/real_02098.jpeg
real_02799.jpeg,train,real,real,/kaggle/working/genimage_8000_split_v4/train/real/real_02799.jpeg
real_02459.jpeg,train,real,real,/kaggle/working/genimage_8000_split_v4/train/real/real_02459.jpeg
real_00230.jpeg,train,real,real,/kaggle/working/genimage_8000_split_v4/train/real/real_00230.jpeg
real_00907.jpeg,train,real,real,/kaggle/working/genimage_8000_split_v4/train/real/real_00907.jpeg
real_01861.jpeg,train,real,real,/kaggle/working/genimage_8000_split_v4/train/real/real_01861.jpeg
real_00219.jpeg,train,real,real,/kaggle/working/genimage_8000_split_v4/train/real/real_00219.jpeg
real_00550.jpeg,train,real,real,/kaggle/working/genimage_8000_split_v4/train/real/real_00550.jpeg
real_00884.jpeg,train,real,real,/kaggle/working/genimage_8000_split_v4/train/real/real_00884.jpeg
real_02506.jpeg,train,real,real,/kaggle/working/genimage_8000_split_v4/train/real/real_02506.jpeg
real_02419.jpeg,train,real,real,/kaggle/working/genimage_8000_split_v4/train/real/real_02419.jpeg
real_01641.jpeg,train,real,real,/kaggle/working/genimage_8000_split_v4/train/real/real_01641.jpeg
real_00957.jpeg,train,real,real,/kaggle/working/genimage_8000_split_v4/train/real/real_00957.jpeg
real_01461.jpeg,train,real,real,/kaggle/working/genimage_8000_split_v4/train/real/real_01461.jpeg
real_01475.jpeg,train,real,real,/kaggle/working/genimage_8000_split_v4/train/real/real_01475.jpeg
real_00774.jpeg,train,real,real,/kaggle/working/genimage_8000_split_v4/train/real/real_00774.jpeg
real_02292.jpeg,train,real,real,/kaggle/working/genimage_8000_split_v4/train/real/real_02292.jpeg
real_00782.jpeg,train,real,real,/kaggle/working/genimage_8000_split_v4/train/real/real_00782.jpeg
real_01521.jpeg,train,real,real,/kaggle/working/genimage_8000_split_v4/train/real/real_01521.jpeg
real_02315.jpeg,train,real,real,/kaggle/working/genimage_8000_split_v4/train/real/real_02315.jpeg
real_00528.jpeg,train,real,real,/kaggle/working/genimage_8000_split_v4/train/real/real_00528.jpeg
real_01291.jpeg,train,real,real,/kaggle/working/genimage_8000_split_v4/train/real/real_01291.jpeg
real_02333.jpeg,train,real,real,/kaggle/working/genimage_8000_split_v4/train/real/real_02333.jpeg
real_02214.jpeg,train,real,real,/kaggle/working/genimage_8000_split_v4/train/real/real_02214.jpeg
real_01344.jpeg,train,real,real,/kaggle/working/genimage_8000_split_v4/train/real/real_01344.jpeg
real_02532.jpeg,train,real,real,/kaggle/working/genimage_8000_split_v4/train/real/real_02532.jpeg
real_00039.jpeg,train,real,real,/kaggle/working/genimage_8000_split_v4/train/real/real_00039.jpeg
real_01225.jpeg,train,real,real,/kaggle/working/genimage_8000_split_v4/train/real/real_01225.jpeg
real_00274.jpeg,train,real,real,/kaggle/working/genimage_8000_split_v4/train/real/real_00274.jpeg
real_01199.jpeg,train,real,real,/kaggle/working/genimage_8000_split_v4/train/real/real_01199.jpeg
real_00414.jpeg,train,real,real,/kaggle/working/genimage_8000_split_v4/train/real/real_00414.jpeg
real_00601.jpeg,train,real,real,/kaggle/working/genimage_8000_split_v4/train/real/real_00601.jpeg
real_00780.jpeg,train,real,real,/kaggle/working/genimage_8000_split_v4/train/real/real_00780.jpeg
real_02133.jpeg,train,real,real,/kaggle/working/genimage_8000_split_v4/train/real/real_02133.jpeg
real_00038.jpeg,train,real,real,/kaggle/working/genimage_8000_split_v4/train/real/real_00038.jpeg
real_00434.jpeg,train,real,real,/kaggle/working/genimage_8000_split_v4/train/real/real_00434.jpeg
real_01770.jpeg,train,real,real,/kaggle/working/genimage_8000_split_v4/train/real/real_01770.jpeg
real_00618.jpeg,train,real,real,/kaggle/working/genimage_8000_split_v4/train/real/real_00618.jpeg
real_01212.jpeg,train,real,real,/kaggle/working/genimage_8000_split_v4/train/real/real_01212.jpeg
real_02027.jpeg,train,real,real,/kaggle/working/genimage_8000_split_v4/train/real/real_02027.jpeg
real_02523.jpeg,train,real,real,/kaggle/working/genimage_8000_split_v4/train/real/real_02523.jpeg
real_01216.jpeg,train,real,real,/kaggle/working/genimage_8000_split_v4/train/real/real_01216.jpeg
real_00279.jpeg,train,real,real,/kaggle/working/genimage_8000_split_v4/train/real/real_00279.jpeg
real_01946.jpeg,train,real,real,/kaggle/working/genimage_8000_split_v4/train/real/real_01946.jpeg
real_02543.jpeg,train,real,real,/kaggle/working/genimage_8000_split_v4/train/real/real_02543.jpeg
real_01571.jpeg,train,real,real,/kaggle/working/genimage_8000_split_v4/train/real/real_01571.jpeg
real_02102.jpeg,train,real,real,/kaggle/working/genimage_8000_split_v4/train/real/real_02102.jpeg
real_00077.jpeg,train,real,real,/kaggle/working/genimage_8000_split_v4/train/real/real_00077.jpeg
real_00312.jpeg,train,real,real,/kaggle/working/genimage_8000_split_v4/train/real/real_00312.jpeg
real_02416.jpeg,train,real,real,/kaggle/working/genimage_8000_split_v4/train/real/real_02416.jpeg
real_02344.jpeg,train,real,real,/kaggle/working/genimage_8000_split_v4/train/real/real_02344.jpeg
real_01738.jpeg,train,real,real,/kaggle/working/genimage_8000_split_v4/train/real/real_01738.jpeg
real_02234.jpeg,train,real,real,/kaggle/working/genimage_8000_split_v4/train/real/real_02234.jpeg
real_01357.jpeg,train,real,real,/kaggle/working/genimage_8000_split_v4/train/real/real_01357.jpeg
real_01380.jpeg,train,real,real,/kaggle/working/genimage_8000_split_v4/train/real/real_01380.jpeg
real_02647.jpeg,train,real,real,/kaggle/working/genimage_8000_split_v4/train/real/real_02647.jpeg
real_00482.jpeg,train,real,real,/kaggle/working/genimage_8000_split_v4/train/real/real_00482.jpeg
real_02423.jpeg,train,real,real,/kaggle/working/genimage_8000_split_v4/train/real/real_02423.jpeg
real_00976.jpeg,train,real,real,/kaggle/working/genimage_8000_split_v4/train/real/real_00976.jpeg
real_00178.jpeg,train,real,real,/kaggle/working/genimage_8000_split_v4/train/real/real_00178.jpeg
real_02606.jpeg,train,real,real,/kaggle/working/genimage_8000_split_v4/train/real/real_02606.jpeg
real_00535.jpeg,train,real,real,/kaggle/working/genimage_8000_split_v4/train/real/real_00535.jpeg
real_01875.jpeg,train,real,real,/kaggle/working/genimage_8000_split_v4/train/real/real_01875.jpeg
real_01677.jpeg,train,real,real,/kaggle/working/genimage_8000_split_v4/train/real/real_01677.jpeg
real_02451.jpeg,train,real,real,/kaggle/working/genimage_8000_split_v4/train/real/real_02451.jpeg
real_01833.jpeg,train,real,real,/kaggle/working/genimage_8000_split_v4/train/real/real_01833.jpeg
real_02122.jpeg,train,real,real,/kaggle/working/genimage_8000_split_v4/train/real/real_02122.jpeg
real_02180.jpeg,train,real,real,/kaggle/working/genimage_8000_split_v4/train/real/real_02180.jpeg
real_01646.jpeg,train,real,real,/kaggle/working/genimage_8000_split_v4/train/real/real_01646.jpeg
real_01874.jpeg,train,real,real,/kaggle/working/genimage_8000_split_v4/train/real/real_01874.jpeg
real_01859.jpeg,train,real,real,/kaggle/working/genimage_8000_split_v4/train/real/real_01859.jpeg
real_02755.jpeg,train,real,real,/kaggle/working/genimage_8000_split_v4/train/real/real_02755.jpeg
real_01051.jpeg,train,real,real,/kaggle/working/genimage_8000_split_v4/train/real/real_01051.jpeg
real_01098.jpeg,train,real,real,/kaggle/working/genimage_8000_split_v4/train/real/real_01098.jpeg
real_01567.jpeg,train,real,real,/kaggle/working/genimage_8000_split_v4/train/real/real_01567.jpeg
real_01750.jpeg,train,real,real,/kaggle/working/genimage_8000_split_v4/train/real/real_01750.jpeg
real_00660.jpeg,train,real,real,/kaggle/working/genimage_8000_split_v4/train/real/real_00660.jpeg
real_02291.jpeg,train,real,real,/kaggle/working/genimage_8000_split_v4/train/real/real_02291.jpeg
real_01408.jpeg,train,real,real,/kaggle/working/genimage_8000_split_v4/train/real/real_01408.jpeg
real_01670.jpeg,train,real,real,/kaggle/working/genimage_8000_split_v4/train/real/real_01670.jpeg
real_02121.jpeg,train,real,real,/kaggle/working/genimage_8000_split_v4/train/real/real_02121.jpeg
real_02742.jpeg,train,real,real,/kaggle/working/genimage_8000_split_v4/train/real/real_02742.jpeg
real_00345.jpeg,train,real,real,/kaggle/working/genimage_8000_split_v4/train/real/real_00345.jpeg
real_00638.jpeg,train,real,real,/kaggle/working/genimage_8000_split_v4/train/real/real_00638.jpeg
real_01818.jpeg,train,real,real,/kaggle/working/genimage_8000_split_v4/train/real/real_01818.jpeg
real_00019.jpeg,train,real,real,/kaggle/working/genimage_8000_split_v4/train/real/real_00019.jpeg
real_02725.jpeg,train,real,real,/kaggle/working/genimage_8000_split_v4/train/real/real_02725.jpeg
real_00143.jpeg,train,real,real,/kaggle/working/genimage_8000_split_v4/train/real/real_00143.jpeg
real_02576.jpeg,train,real,real,/kaggle/working/genimage_8000_split_v4/train/real/real_02576.jpeg
real_00496.jpeg,train,real,real,/kaggle/working/genimage_8000_split_v4/train/real/real_00496.jpeg
real_02750.jpeg,train,real,real,/kaggle/working/genimage_8000_split_v4/train/real/real_02750.jpeg
real_00996.jpeg,train,real,real,/kaggle/working/genimage_8000_split_v4/train/real/real_00996.jpeg
real_02695.jpeg,train,real,real,/kaggle/working/genimage_8000_split_v4/train/real/real_02695.jpeg
real_00522.jpeg,train,real,real,/kaggle/working/genimage_8000_split_v4/train/real/real_00522.jpeg
real_00451.jpeg,train,real,real,/kaggle/working/genimage_8000_split_v4/train/real/real_00451.jpeg
real_01054.jpeg,train,real,real,/kaggle/working/genimage_8000_split_v4/train/real/real_01054.jpeg
real_01379.jpeg,train,real,real,/kaggle/working/genimage_8000_split_v4/train/real/real_01379.jpeg
real_01885.jpeg,train,real,real,/kaggle/working/genimage_8000_split_v4/train/real/real_01885.jpeg
real_02091.jpeg,train,real,real,/kaggle/working/genimage_8000_split_v4/train/real/real_02091.jpeg
real_00371.jpeg,train,real,real,/kaggle/working/genimage_8000_split_v4/train/real/real_00371.jpeg
real_01403.jpeg,train,real,real,/kaggle/working/genimage_8000_split_v4/train/real/real_01403.jpeg
real_01761.jpeg,train,real,real,/kaggle/working/genimage_8000_split_v4/train/real/real_01761.jpeg
real_01262.jpeg,train,real,real,/kaggle/working/genimage_8000_split_v4/train/real/real_01262.jpeg
real_02067.jpeg,train,real,real,/kaggle/working/genimage_8000_split_v4/train/real/real_02067.jpeg
real_01897.jpeg,train,real,real,/kaggle/working/genimage_8000_split_v4/train/real/real_01897.jpeg
real_01387.jpeg,train,real,real,/kaggle/working/genimage_8000_split_v4/train/real/real_01387.jpeg
real_02100.jpeg,train,real,real,/kaggle/working/genimage_8000_split_v4/train/real/real_02100.jpeg
real_00060.jpeg,train,real,real,/kaggle/working/genimage_8000_split_v4/train/real/real_00060.jpeg
real_01303.jpeg,train,real,real,/kaggle/working/genimage_8000_split_v4/train/real/real_01303.jpeg
real_00410.jpeg,train,real,real,/kaggle/working/genimage_8000_split_v4/train/real/real_00410.jpeg
real_02064.jpeg,train,real,real,/kaggle/working/genimage_8000_split_v4/train/real/real_02064.jpeg
real_02435.jpeg,train,real,real,/kaggle/working/genimage_8000_split_v4/train/real/real_02435.jpeg
real_01587.jpeg,train,real,real,/kaggle/working/genimage_8000_split_v4/train/real/real_01587.jpeg
real_00248.jpeg,train,real,real,/kaggle/working/genimage_8000_split_v4/train/real/real_00248.jpeg
real_02406.jpeg,train,real,real,/kaggle/working/genimage_8000_split_v4/train/real/real_02406.jpeg
real_01159.jpeg,train,real,real,/kaggle/working/genimage_8000_split_v4/train/real/real_01159.jpeg
real_00043.jpeg,train,real,real,/kaggle/working/genimage_8000_split_v4/train/real/real_00043.jpeg
real_02629.jpeg,train,real,real,/kaggle/working/genimage_8000_split_v4/train/real/real_02629.jpeg
real_00104.jpeg,train,real,real,/kaggle/working/genimage_8000_split_v4/train/real/real_00104.jpeg
real_02253.jpeg,train,real,real,/kaggle/working/genimage_8000_split_v4/train/real/real_02253.jpeg
real_00708.jpeg,train,real,real,/kaggle/working/genimage_8000_split_v4/train/real/real_00708.jpeg
real_00238.jpeg,train,real,real,/kaggle/working/genimage_8000_split_v4/train/real/real_00238.jpeg
real_02559.jpeg,train,real,real,/kaggle/working/genimage_8000_split_v4/train/real/real_02559.jpeg
real_01308.jpeg,train,real,real,/kaggle/working/genimage_8000_split_v4/train/real/real_01308.jpeg
real_00853.jpeg,train,real,real,/kaggle/working/genimage_8000_split_v4/train/real/real_00853.jpeg
real_01649.jpeg,train,real,real,/kaggle/working/genimage_8000_split_v4/train/real/real_01649.jpeg
real_02143.jpeg,train,real,real,/kaggle/working/genimage_8000_split_v4/train/real/real_02143.jpeg
real_01417.jpeg,train,real,real,/kaggle/working/genimage_8000_split_v4/train/real/real_01417.jpeg
real_00602.jpeg,train,real,real,/kaggle/working/genimage_8000_split_v4/train/real/real_00602.jpeg
real_02146.jpeg,train,real,real,/kaggle/working/genimage_8000_split_v4/train/real/real_02146.jpeg
real_02788.jpeg,train,real,real,/kaggle/working/genimage_8000_split_v4/train/real/real_02788.jpeg
real_00251.jpeg,train,real,real,/kaggle/working/genimage_8000_split_v4/train/real/real_00251.jpeg
real_01586.jpeg,train,real,real,/kaggle/working/genimage_8000_split_v4/train/real/real_01586.jpeg
real_02156.jpeg,train,real,real,/kaggle/working/genimage_8000_split_v4/train/real/real_02156.jpeg
real_01059.jpeg,train,real,real,/kaggle/working/genimage_8000_split_v4/train/real/real_01059.jpeg
real_01440.jpeg,train,real,real,/kaggle/working/genimage_8000_split_v4/train/real/real_01440.jpeg
real_02425.jpeg,train,real,real,/kaggle/working/genimage_8000_split_v4/train/real/real_02425.jpeg
real_00017.jpeg,train,real,real,/kaggle/working/genimage_8000_split_v4/train/real/real_00017.jpeg
real_02718.jpeg,train,real,real,/kaggle/working/genimage_8000_split_v4/train/real/real_02718.jpeg
real_00500.jpeg,train,real,real,/kaggle/working/genimage_8000_split_v4/train/real/real_00500.jpeg
real_01706.jpeg,train,real,real,/kaggle/working/genimage_8000_split_v4/train/real/real_01706.jpeg
real_00056.jpeg,train,real,real,/kaggle/working/genimage_8000_split_v4/train/real/real_00056.jpeg
real_00665.jpeg,train,real,real,/kaggle/working/genimage_8000_split_v4/train/real/real_00665.jpeg
real_00858.jpeg,train,real,real,/kaggle/working/genimage_8000_split_v4/train/real/real_00858.jpeg
real_02596.jpeg,train,real,real,/kaggle/working/genimage_8000_split_v4/train/real/real_02596.jpeg
real_02052.jpeg,train,real,real,/kaggle/working/genimage_8000_split_v4/train/real/real_02052.jpeg
real_01218.jpeg,train,real,real,/kaggle/working/genimage_8000_split_v4/train/real/real_01218.jpeg
real_01592.jpeg,train,real,real,/kaggle/working/genimage_8000_split_v4/train/real/real_01592.jpeg
real_01850.jpeg,train,real,real,/kaggle/working/genimage_8000_split_v4/train/real/real_01850.jpeg
real_01563.jpeg,train,real,real,/kaggle/working/genimage_8000_split_v4/train/real/real_01563.jpeg
real_00227.jpeg,train,real,real,/kaggle/working/genimage_8000_split_v4/train/real/real_00227.jpeg
real_02287.jpeg,train,real,real,/kaggle/working/genimage_8000_split_v4/train/real/real_02287.jpeg
real_02342.jpeg,train,real,real,/kaggle/working/genimage_8000_split_v4/train/real/real_02342.jpeg
real_02496.jpeg,train,real,real,/kaggle/working/genimage_8000_split_v4/train/real/real_02496.jpeg
real_01371.jpeg,train,real,real,/kaggle/working/genimage_8000_split_v4/train/real/real_01371.jpeg
real_00347.jpeg,train,real,real,/kaggle/working/genimage_8000_split_v4/train/real/real_00347.jpeg
real_00176.jpeg,train,real,real,/kaggle/working/genimage_8000_split_v4/train/real/real_00176.jpeg
real_02474.jpeg,train,real,real,/kaggle/working/genimage_8000_split_v4/train/real/real_02474.jpeg
real_01187.jpeg,train,real,real,/kaggle/working/genimage_8000_split_v4/train/real/real_01187.jpeg
real_01529.jpeg,train,real,real,/kaggle/working/genimage_8000_split_v4/train/real/real_01529.jpeg
real_01242.jpeg,train,real,real,/kaggle/working/genimage_8000_split_v4/train/real/real_01242.jpeg
real_02008.jpeg,train,real,real,/kaggle/working/genimage_8000_split_v4/train/real/real_02008.jpeg
real_02556.jpeg,train,real,real,/kaggle/working/genimage_8000_split_v4/train/real/real_02556.jpeg
real_00872.jpeg,train,real,real,/kaggle/working/genimage_8000_split_v4/train/real/real_00872.jpeg
real_00085.jpeg,train,real,real,/kaggle/working/genimage_8000_split_v4/train/real/real_00085.jpeg
real_00586.jpeg,train,real,real,/kaggle/working/genimage_8000_split_v4/train/real/real_00586.jpeg
real_01973.jpeg,train,real,real,/kaggle/working/genimage_8000_split_v4/train/real/real_01973.jpeg
real_00193.jpeg,train,real,real,/kaggle/working/genimage_8000_split_v4/train/real/real_00193.jpeg
real_00960.jpeg,train,real,real,/kaggle/working/genimage_8000_split_v4/train/real/real_00960.jpeg
real_01598.jpeg,train,real,real,/kaggle/working/genimage_8000_split_v4/train/real/real_01598.jpeg
real_01194.jpeg,train,real,real,/kaggle/working/genimage_8000_split_v4/train/real/real_01194.jpeg
real_00732.jpeg,train,real,real,/kaggle/working/genimage_8000_split_v4/train/real/real_00732.jpeg
real_02693.jpeg,train,real,real,/kaggle/working/genimage_8000_split_v4/train/real/real_02693.jpeg
real_00018.jpeg,train,real,real,/kaggle/working/genimage_8000_split_v4/train/real/real_00018.jpeg
real_02390.jpeg,train,real,real,/kaggle/working/genimage_8000_split_v4/train/real/real_02390.jpeg
real_02613.jpeg,train,real,real,/kaggle/working/genimage_8000_split_v4/train/real/real_02613.jpeg
real_01906.jpeg,train,real,real,/kaggle/working/genimage_8000_split_v4/train/real/real_01906.jpeg
real_01654.jpeg,train,real,real,/kaggle/working/genimage_8000_split_v4/train/real/real_01654.jpeg
real_02012.jpeg,train,real,real,/kaggle/working/genimage_8000_split_v4/train/real/real_02012.jpeg
real_02400.jpeg,train,real,real,/kaggle/working/genimage_8000_split_v4/train/real/real_02400.jpeg
real_01123.jpeg,train,real,real,/kaggle/working/genimage_8000_split_v4/train/real/real_01123.jpeg
real_02617.jpeg,train,real,real,/kaggle/working/genimage_8000_split_v4/train/real/real_02617.jpeg
real_01618.jpeg,train,real,real,/kaggle/working/genimage_8000_split_v4/train/real/real_01618.jpeg
real_00342.jpeg,train,real,real,/kaggle/working/genimage_8000_split_v4/train/real/real_00342.jpeg
real_00611.jpeg,train,real,real,/kaggle/working/genimage_8000_split_v4/train/real/real_00611.jpeg
real_01038.jpeg,train,real,real,/kaggle/working/genimage_8000_split_v4/train/real/real_01038.jpeg
real_02708.jpeg,train,real,real,/kaggle/working/genimage_8000_split_v4/train/real/real_02708.jpeg
real_00359.jpeg,train,real,real,/kaggle/working/genimage_8000_split_v4/train/real/real_00359.jpeg
real_01860.jpeg,train,real,real,/kaggle/working/genimage_8000_split_v4/train/real/real_01860.jpeg
real_02563.jpeg,train,real,real,/kaggle/working/genimage_8000_split_v4/train/real/real_02563.jpeg
real_02604.jpeg,train,real,real,/kaggle/working/genimage_8000_split_v4/train/real/real_02604.jpeg
real_00685.jpeg,train,real,real,/kaggle/working/genimage_8000_split_v4/train/real/real_00685.jpeg
real_00818.jpeg,train,real,real,/kaggle/working/genimage_8000_split_v4/train/real/real_00818.jpeg
real_00163.jpeg,train,real,real,/kaggle/working/genimage_8000_split_v4/train/real/real_00163.jpeg
real_02572.jpeg,train,real,real,/kaggle/working/genimage_8000_split_v4/train/real/real_02572.jpeg
real_02166.jpeg,train,real,real,/kaggle/working/genimage_8000_split_v4/train/real/real_02166.jpeg
real_00527.jpeg,train,real,real,/kaggle/working/genimage_8000_split_v4/train/real/real_00527.jpeg
real_01727.jpeg,train,real,real,/kaggle/working/genimage_8000_split_v4/train/real/real_01727.jpeg
real_00444.jpeg,train,real,real,/kaggle/working/genimage_8000_split_v4/train/real/real_00444.jpeg
real_00813.jpeg,train,real,real,/kaggle/working/genimage_8000_split_v4/train/real/real_00813.jpeg
real_02313.jpeg,train,real,real,/kaggle/working/genimage_8000_split_v4/train/real/real_02313.jpeg
real_02626.jpeg,train,real,real,/kaggle/working/genimage_8000_split_v4/train/real/real_02626.jpeg
real_00440.jpeg,train,real,real,/kaggle/working/genimage_8000_split_v4/train/real/real_00440.jpeg
real_00096.jpeg,train,real,real,/kaggle/working/genimage_8000_split_v4/train/real/real_00096.jpeg
real_00165.jpeg,train,real,real,/kaggle/working/genimage_8000_split_v4/train/real/real_00165.jpeg
real_02490.jpeg,train,real,real,/kaggle/working/genimage_8000_split_v4/train/real/real_02490.jpeg
real_02759.jpeg,train,real,real,/kaggle/working/genimage_8000_split_v4/train/real/real_02759.jpeg
real_01794.jpeg,train,real,real,/kaggle/working/genimage_8000_split_v4/train/real/real_01794.jpeg
real_02001.jpeg,train,real,real,/kaggle/working/genimage_8000_split_v4/train/real/real_02001.jpeg
real_01247.jpeg,train,real,real,/kaggle/working/genimage_8000_split_v4/train/real/real_01247.jpeg
real_00821.jpeg,train,real,real,/kaggle/working/genimage_8000_split_v4/train/real/real_00821.jpeg
real_01090.jpeg,train,real,real,/kaggle/working/genimage_8000_split_v4/train/real/real_01090.jpeg
real_00617.jpeg,train,real,real,/kaggle/working/genimage_8000_split_v4/train/real/real_00617.jpeg
real_01313.jpeg,train,real,real,/kaggle/working/genimage_8000_split_v4/train/real/real_01313.jpeg
real_01730.jpeg,train,real,real,/kaggle/working/genimage_8000_split_v4/train/real/real_01730.jpeg
real_00833.jpeg,train,real,real,/kaggle/working/genimage_8000_split_v4/train/real/real_00833.jpeg
real_00779.jpeg,train,real,real,/kaggle/working/genimage_8000_split_v4/train/real/real_00779.jpeg
real_01733.jpeg,train,real,real,/kaggle/working/genimage_8000_split_v4/train/real/real_01733.jpeg
real_00820.jpeg,train,real,real,/kaggle/working/genimage_8000_split_v4/train/real/real_00820.jpeg
real_02564.jpeg,train,real,real,/kaggle/working/genimage_8000_split_v4/train/real/real_02564.jpeg
real_00695.jpeg,train,real,real,/kaggle/working/genimage_8000_split_v4/train/real/real_00695.jpeg
real_02374.jpeg,train,real,real,/kaggle/working/genimage_8000_split_v4/train/real/real_02374.jpeg
real_00576.jpeg,train,real,real,/kaggle/working/genimage_8000_split_v4/train/real/real_00576.jpeg
real_01480.jpeg,train,real,real,/kaggle/working/genimage_8000_split_v4/train/real/real_01480.jpeg
real_01901.jpeg,train,real,real,/kaggle/working/genimage_8000_split_v4/train/real/real_01901.jpeg
real_00934.jpeg,train,real,real,/kaggle/working/genimage_8000_split_v4/train/real/real_00934.jpeg
real_01538.jpeg,train,real,real,/kaggle/working/genimage_8000_split_v4/train/real/real_01538.jpeg
real_01121.jpeg,train,real,real,/kaggle/working/genimage_8000_split_v4/train/real/real_01121.jpeg
real_02194.jpeg,train,real,real,/kaggle/working/genimage_8000_split_v4/train/real/real_02194.jpeg
real_01035.jpeg,train,real,real,/kaggle/working/genimage_8000_split_v4/train/real/real_01035.jpeg
real_00781.jpeg,train,real,real,/kaggle/working/genimage_8000_split_v4/train/real/real_00781.jpeg
real_02735.jpeg,train,real,real,/kaggle/working/genimage_8000_split_v4/train/real/real_02735.jpeg
real_00375.jpeg,train,real,real,/kaggle/working/genimage_8000_split_v4/train/real/real_00375.jpeg
real_02152.jpeg,train,real,real,/kaggle/working/genimage_8000_split_v4/train/real/real_02152.jpeg
real_02612.jpeg,train,real,real,/kaggle/working/genimage_8000_split_v4/train/real/real_02612.jpeg
real_00300.jpeg,train,real,real,/kaggle/working/genimage_8000_split_v4/train/real/real_00300.jpeg
real_02469.jpeg,train,real,real,/kaggle/working/genimage_8000_split_v4/train/real/real_02469.jpeg
real_00503.jpeg,train,real,real,/kaggle/working/genimage_8000_split_v4/train/real/real_00503.jpeg
real_01106.jpeg,train,real,real,/kaggle/working/genimage_8000_split_v4/train/real/real_01106.jpeg
real_00499.jpeg,train,real,real,/kaggle/working/genimage_8000_split_v4/train/real/real_00499.jpeg
real_02590.jpeg,train,real,real,/kaggle/working/genimage_8000_split_v4/train/real/real_02590.jpeg
real_02377.jpeg,train,real,real,/kaggle/working/genimage_8000_split_v4/train/real/real_02377.jpeg
real_02049.jpeg,train,real,real,/kaggle/working/genimage_8000_split_v4/train/real/real_02049.jpeg
real_01092.jpeg,train,real,real,/kaggle/working/genimage_8000_split_v4/train/real/real_01092.jpeg
real_02550.jpeg,train,real,real,/kaggle/working/genimage_8000_split_v4/train/real/real_02550.jpeg
real_02071.jpeg,train,real,real,/kaggle/working/genimage_8000_split_v4/train/real/real_02071.jpeg
real_02372.jpeg,train,real,real,/kaggle/working/genimage_8000_split_v4/train/real/real_02372.jpeg
real_02524.jpeg,train,real,real,/kaggle/working/genimage_8000_split_v4/train/real/real_02524.jpeg
real_01182.jpeg,train,real,real,/kaggle/working/genimage_8000_split_v4/train/real/real_01182.jpeg
real_02744.jpeg,train,real,real,/kaggle/working/genimage_8000_split_v4/train/real/real_02744.jpeg
real_02631.jpeg,train,real,real,/kaggle/working/genimage_8000_split_v4/train/real/real_02631.jpeg
real_00283.jpeg,train,real,real,/kaggle/working/genimage_8000_split_v4/train/real/real_00283.jpeg
real_01791.jpeg,train,real,real,/kaggle/working/genimage_8000_split_v4/train/real/real_01791.jpeg
real_00160.jpeg,train,real,real,/kaggle/working/genimage_8000_split_v4/train/real/real_00160.jpeg
real_00260.jpeg,train,real,real,/kaggle/working/genimage_8000_split_v4/train/real/real_00260.jpeg
real_01433.jpeg,train,real,real,/kaggle/working/genimage_8000_split_v4/train/real/real_01433.jpeg
real_00208.jpeg,train,real,real,/kaggle/working/genimage_8000_split_v4/train/real/real_00208.jpeg
real_01255.jpeg,train,real,real,/kaggle/working/genimage_8000_split_v4/train/real/real_01255.jpeg
real_00262.jpeg,train,real,real,/kaggle/working/genimage_8000_split_v4/train/real/real_00262.jpeg
real_02227.jpeg,train,real,real,/kaggle/working/genimage_8000_split_v4/train/real/real_02227.jpeg
real_00956.jpeg,train,real,real,/kaggle/working/genimage_8000_split_v4/train/real/real_00956.jpeg
real_00744.jpeg,train,real,real,/kaggle/working/genimage_8000_split_v4/train/real/real_00744.jpeg
real_00213.jpeg,train,real,real,/kaggle/working/genimage_8000_split_v4/train/real/real_00213.jpeg
real_00869.jpeg,train,real,real,/kaggle/working/genimage_8000_split_v4/train/real/real_00869.jpeg
real_00797.jpeg,train,real,real,/kaggle/working/genimage_8000_split_v4/train/real/real_00797.jpeg
real_01163.jpeg,train,real,real,/kaggle/working/genimage_8000_split_v4/train/real/real_01163.jpeg
real_01430.jpeg,train,real,real,/kaggle/working/genimage_8000_split_v4/train/real/real_01430.jpeg
real_01953.jpeg,train,real,real,/kaggle/working/genimage_8000_split_v4/train/real/real_01953.jpeg
real_01692.jpeg,train,real,real,/kaggle/working/genimage_8000_split_v4/train/real/real_01692.jpeg
real_01388.jpeg,train,real,real,/kaggle/working/genimage_8000_split_v4/train/real/real_01388.jpeg
real_01913.jpeg,train,real,real,/kaggle/working/genimage_8000_split_v4/train/real/real_01913.jpeg
real_02401.jpeg,train,real,real,/kaggle/working/genimage_8000_split_v4/train/real/real_02401.jpeg
real_01153.jpeg,train,real,real,/kaggle/working/genimage_8000_split_v4/train/real/real_01153.jpeg
real_01169.jpeg,train,real,real,/kaggle/working/genimage_8000_split_v4/train/real/real_01169.jpeg
real_01778.jpeg,train,real,real,/kaggle/working/genimage_8000_split_v4/train/real/real_01778.jpeg
real_02082.jpeg,train,real,real,/kaggle/working/genimage_8000_split_v4/train/real/real_02082.jpeg
real_00476.jpeg,train,real,real,/kaggle/working/genimage_8000_split_v4/train/real/real_00476.jpeg
real_01173.jpeg,train,real,real,/kaggle/working/genimage_8000_split_v4/train/real/real_01173.jpeg
real_01319.jpeg,train,real,real,/kaggle/working/genimage_8000_split_v4/train/real/real_01319.jpeg
real_01785.jpeg,train,real,real,/kaggle/working/genimage_8000_split_v4/train/real/real_01785.jpeg
real_01870.jpeg,train,real,real,/kaggle/working/genimage_8000_split_v4/train/real/real_01870.jpeg
real_02367.jpeg,train,real,real,/kaggle/working/genimage_8000_split_v4/train/real/real_02367.jpeg
real_01207.jpeg,train,real,real,/kaggle/working/genimage_8000_split_v4/train/real/real_01207.jpeg
real_02430.jpeg,train,real,real,/kaggle/working/genimage_8000_split_v4/train/real/real_02430.jpeg
real_00092.jpeg,train,real,real,/kaggle/working/genimage_8000_split_v4/train/real/real_00092.jpeg
real_01899.jpeg,train,real,real,/kaggle/working/genimage_8000_split_v4/train/real/real_01899.jpeg
real_01431.jpeg,train,real,real,/kaggle/working/genimage_8000_split_v4/train/real/real_01431.jpeg
real_00749.jpeg,train,real,real,/kaggle/working/genimage_8000_split_v4/train/real/real_00749.jpeg
real_00765.jpeg,train,real,real,/kaggle/working/genimage_8000_split_v4/train/real/real_00765.jpeg
real_00324.jpeg,train,real,real,/kaggle/working/genimage_8000_split_v4/train/real/real_00324.jpeg
real_02771.jpeg,train,real,real,/kaggle/working/genimage_8000_split_v4/train/real/real_02771.jpeg
real_02266.jpeg,train,real,real,/kaggle/working/genimage_8000_split_v4/train/real/real_02266.jpeg
real_01444.jpeg,train,real,real,/kaggle/working/genimage_8000_split_v4/train/real/real_01444.jpeg
real_02201.jpeg,train,real,real,/kaggle/working/genimage_8000_split_v4/train/real/real_02201.jpeg
real_00425.jpeg,train,real,real,/kaggle/working/genimage_8000_split_v4/train/real/real_00425.jpeg
real_00559.jpeg,train,real,real,/kaggle/working/genimage_8000_split_v4/train/real/real_00559.jpeg
real_01281.jpeg,train,real,real,/kaggle/working/genimage_8000_split_v4/train/real/real_01281.jpeg
real_01839.jpeg,train,real,real,/kaggle/working/genimage_8000_split_v4/train/real/real_01839.jpeg
real_02638.jpeg,train,real,real,/kaggle/working/genimage_8000_split_v4/train/real/real_02638.jpeg
real_00901.jpeg,train,real,real,/kaggle/working/genimage_8000_split_v4/train/real/real_00901.jpeg
real_00015.jpeg,train,real,real,/kaggle/working/genimage_8000_split_v4/train/real/real_00015.jpeg
real_00562.jpeg,train,real,real,/kaggle/working/genimage_8000_split_v4/train/real/real_00562.jpeg
real_00819.jpeg,train,real,real,/kaggle/working/genimage_8000_split_v4/train/real/real_00819.jpeg
real_01258.jpeg,train,real,real,/kaggle/working/genimage_8000_split_v4/train/real/real_01258.jpeg
real_01210.jpeg,train,real,real,/kaggle/working/genimage_8000_split_v4/train/real/real_01210.jpeg
real_01034.jpeg,train,real,real,/kaggle/working/genimage_8000_split_v4/train/real/real_01034.jpeg
real_02017.jpeg,train,real,real,/kaggle/working/genimage_8000_split_v4/train/real/real_02017.jpeg
real_00514.jpeg,train,real,real,/kaggle/working/genimage_8000_split_v4/train/real/real_00514.jpeg
real_00633.jpeg,train,real,real,/kaggle/working/genimage_8000_split_v4/train/real/real_00633.jpeg
real_01064.jpeg,train,real,real,/kaggle/working/genimage_8000_split_v4/train/real/real_01064.jpeg
real_02553.jpeg,train,real,real,/kaggle/working/genimage_8000_split_v4/train/real/real_02553.jpeg
real_01009.jpeg,train,real,real,/kaggle/working/genimage_8000_split_v4/train/real/real_01009.jpeg
real_01397.jpeg,train,real,real,/kaggle/working/genimage_8000_split_v4/train/real/real_01397.jpeg
real_02481.jpeg,train,real,real,/kaggle/working/genimage_8000_split_v4/train/real/real_02481.jpeg
real_00580.jpeg,train,real,real,/kaggle/working/genimage_8000_split_v4/train/real/real_00580.jpeg
real_01189.jpeg,train,real,real,/kaggle/working/genimage_8000_split_v4/train/real/real_01189.jpeg
real_00202.jpeg,train,real,real,/kaggle/working/genimage_8000_split_v4/train/real/real_00202.jpeg
real_02471.jpeg,train,real,real,/kaggle/working/genimage_8000_split_v4/train/real/real_02471.jpeg
real_01914.jpeg,train,real,real,/kaggle/working/genimage_8000_split_v4/train/real/real_01914.jpeg
real_02517.jpeg,train,real,real,/kaggle/working/genimage_8000_split_v4/train/real/real_02517.jpeg
real_00402.jpeg,train,real,real,/kaggle/working/genimage_8000_split_v4/train/real/real_00402.jpeg
real_02436.jpeg,train,real,real,/kaggle/working/genimage_8000_split_v4/train/real/real_02436.jpeg
real_01148.jpeg,train,real,real,/kaggle/working/genimage_8000_split_v4/train/real/real_01148.jpeg
real_01314.jpeg,train,real,real,/kaggle/working/genimage_8000_split_v4/train/real/real_01314.jpeg
real_00909.jpeg,train,real,real,/kaggle/working/genimage_8000_split_v4/train/real/real_00909.jpeg
real_01130.jpeg,train,real,real,/kaggle/working/genimage_8000_split_v4/train/real/real_01130.jpeg
real_00674.jpeg,train,real,real,/kaggle/working/genimage_8000_split_v4/train/real/real_00674.jpeg
real_02703.jpeg,train,real,real,/kaggle/working/genimage_8000_split_v4/train/real/real_02703.jpeg
real_02330.jpeg,train,real,real,/kaggle/working/genimage_8000_split_v4/train/real/real_02330.jpeg
real_00057.jpeg,train,real,real,/kaggle/working/genimage_8000_split_v4/train/real/real_00057.jpeg
real_00902.jpeg,train,real,real,/kaggle/working/genimage_8000_split_v4/train/real/real_00902.jpeg
real_00007.jpeg,train,real,real,/kaggle/working/genimage_8000_split_v4/train/real/real_00007.jpeg
real_02269.jpeg,train,real,real,/kaggle/working/genimage_8000_split_v4/train/real/real_02269.jpeg
real_02773.jpeg,train,real,real,/kaggle/working/genimage_8000_split_v4/train/real/real_02773.jpeg
real_01990.jpeg,train,real,real,/kaggle/working/genimage_8000_split_v4/train/real/real_01990.jpeg
real_01117.jpeg,train,real,real,/kaggle/working/genimage_8000_split_v4/train/real/real_01117.jpeg
real_02450.jpeg,train,real,real,/kaggle/working/genimage_8000_split_v4/train/real/real_02450.jpeg
real_02187.jpeg,train,real,real,/kaggle/working/genimage_8000_split_v4/train/real/real_02187.jpeg
real_00388.jpeg,train,real,real,/kaggle/working/genimage_8000_split_v4/train/real/real_00388.jpeg
real_02402.jpeg,train,real,real,/kaggle/working/genimage_8000_split_v4/train/real/real_02402.jpeg
real_02320.jpeg,train,real,real,/kaggle/working/genimage_8000_split_v4/train/real/real_02320.jpeg
real_01192.jpeg,train,real,real,/kaggle/working/genimage_8000_split_v4/train/real/real_01192.jpeg
real_01582.jpeg,train,real,real,/kaggle/working/genimage_8000_split_v4/train/real/real_01582.jpeg
real_01896.jpeg,train,real,real,/kaggle/working/genimage_8000_split_v4/train/real/real_01896.jpeg
real_00016.jpeg,train,real,real,/kaggle/working/genimage_8000_split_v4/train/real/real_00016.jpeg
real_00771.jpeg,train,real,real,/kaggle/working/genimage_8000_split_v4/train/real/real_00771.jpeg
real_01372.jpeg,train,real,real,/kaggle/working/genimage_8000_split_v4/train/real/real_01372.jpeg
real_01442.jpeg,train,real,real,/kaggle/working/genimage_8000_split_v4/train/real/real_01442.jpeg
real_01046.jpeg,train,real,real,/kaggle/working/genimage_8000_split_v4/train/real/real_01046.jpeg
real_00506.jpeg,train,real,real,/kaggle/working/genimage_8000_split_v4/train/real/real_00506.jpeg
real_00849.jpeg,train,real,real,/kaggle/working/genimage_8000_split_v4/train/real/real_00849.jpeg
real_01974.jpeg,train,real,real,/kaggle/working/genimage_8000_split_v4/train/real/real_01974.jpeg
real_01409.jpeg,train,real,real,/kaggle/working/genimage_8000_split_v4/train/real/real_01409.jpeg
real_00028.jpeg,train,real,real,/kaggle/working/genimage_8000_split_v4/train/real/real_00028.jpeg
real_00572.jpeg,train,real,real,/kaggle/working/genimage_8000_split_v4/train/real/real_00572.jpeg
real_02729.jpeg,train,real,real,/kaggle/working/genimage_8000_split_v4/train/real/real_02729.jpeg
real_02265.jpeg,train,real,real,/kaggle/working/genimage_8000_split_v4/train/real/real_02265.jpeg
real_00940.jpeg,train,real,real,/kaggle/working/genimage_8000_split_v4/train/real/real_00940.jpeg
real_00642.jpeg,train,real,real,/kaggle/working/genimage_8000_split_v4/train/real/real_00642.jpeg
real_02634.jpeg,train,real,real,/kaggle/working/genimage_8000_split_v4/train/real/real_02634.jpeg
real_00381.jpeg,train,real,real,/kaggle/working/genimage_8000_split_v4/train/real/real_00381.jpeg
real_01580.jpeg,train,real,real,/kaggle/working/genimage_8000_split_v4/train/real/real_01580.jpeg
real_00723.jpeg,train,real,real,/kaggle/working/genimage_8000_split_v4/train/real/real_00723.jpeg
real_02682.jpeg,train,real,real,/kaggle/working/genimage_8000_split_v4/train/real/real_02682.jpeg
real_02213.jpeg,train,real,real,/kaggle/working/genimage_8000_split_v4/train/real/real_02213.jpeg
real_02445.jpeg,train,real,real,/kaggle/working/genimage_8000_split_v4/train/real/real_02445.jpeg
real_01467.jpeg,train,real,real,/kaggle/working/genimage_8000_split_v4/train/real/real_01467.jpeg
real_00947.jpeg,train,real,real,/kaggle/working/genimage_8000_split_v4/train/real/real_00947.jpeg
real_01933.jpeg,train,real,real,/kaggle/working/genimage_8000_split_v4/train/real/real_01933.jpeg
real_02279.jpeg,train,real,real,/kaggle/working/genimage_8000_split_v4/train/real/real_02279.jpeg
real_00824.jpeg,train,real,real,/kaggle/working/genimage_8000_split_v4/train/real/real_00824.jpeg
real_00268.jpeg,train,real,real,/kaggle/working/genimage_8000_split_v4/train/real/real_00268.jpeg
real_02463.jpeg,train,real,real,/kaggle/working/genimage_8000_split_v4/train/real/real_02463.jpeg
real_01322.jpeg,train,real,real,/kaggle/working/genimage_8000_split_v4/train/real/real_01322.jpeg
real_01244.jpeg,train,real,real,/kaggle/working/genimage_8000_split_v4/train/real/real_01244.jpeg
real_01952.jpeg,train,real,real,/kaggle/working/genimage_8000_split_v4/train/real/real_01952.jpeg
real_00621.jpeg,train,real,real,/kaggle/working/genimage_8000_split_v4/train/real/real_00621.jpeg
real_00634.jpeg,train,real,real,/kaggle/working/genimage_8000_split_v4/train/real/real_00634.jpeg
real_00512.jpeg,train,real,real,/kaggle/working/genimage_8000_split_v4/train/real/real_00512.jpeg
real_00758.jpeg,train,real,real,/kaggle/working/genimage_8000_split_v4/train/real/real_00758.jpeg
real_01455.jpeg,train,real,real,/kaggle/working/genimage_8000_split_v4/train/real/real_01455.jpeg
real_01660.jpeg,train,real,real,/kaggle/working/genimage_8000_split_v4/train/real/real_01660.jpeg
real_01863.jpeg,train,real,real,/kaggle/working/genimage_8000_split_v4/train/real/real_01863.jpeg
real_02449.jpeg,train,real,real,/kaggle/working/genimage_8000_split_v4/train/real/real_02449.jpeg
real_00808.jpeg,train,real,real,/kaggle/working/genimage_8000_split_v4/train/real/real_00808.jpeg
real_01902.jpeg,train,real,real,/kaggle/working/genimage_8000_split_v4/train/real/real_01902.jpeg
real_00911.jpeg,train,real,real,/kaggle/working/genimage_8000_split_v4/train/real/real_00911.jpeg
real_00006.jpeg,train,real,real,/kaggle/working/genimage_8000_split_v4/train/real/real_00006.jpeg
real_02239.jpeg,train,real,real,/kaggle/working/genimage_8000_split_v4/train/real/real_02239.jpeg
real_00289.jpeg,train,real,real,/kaggle/working/genimage_8000_split_v4/train/real/real_00289.jpeg
real_01726.jpeg,train,real,real,/kaggle/working/genimage_8000_split_v4/train/real/real_01726.jpeg
real_00728.jpeg,train,real,real,/kaggle/working/genimage_8000_split_v4/train/real/real_00728.jpeg
real_00942.jpeg,train,real,real,/kaggle/working/genimage_8000_split_v4/train/real/real_00942.jpeg
real_02004.jpeg,train,real,real,/kaggle/working/genimage_8000_split_v4/train/real/real_02004.jpeg
real_02388.jpeg,train,real,real,/kaggle/working/genimage_8000_split_v4/train/real/real_02388.jpeg
real_01389.jpeg,train,real,real,/kaggle/working/genimage_8000_split_v4/train/real/real_01389.jpeg
real_00519.jpeg,train,real,real,/kaggle/working/genimage_8000_split_v4/train/real/real_00519.jpeg
real_01196.jpeg,train,real,real,/kaggle/working/genimage_8000_split_v4/train/real/real_01196.jpeg
real_02728.jpeg,train,real,real,/kaggle/working/genimage_8000_split_v4/train/real/real_02728.jpeg
real_01588.jpeg,train,real,real,/kaggle/working/genimage_8000_split_v4/train/real/real_01588.jpeg
real_00608.jpeg,train,real,real,/kaggle/working/genimage_8000_split_v4/train/real/real_00608.jpeg
real_01596.jpeg,train,real,real,/kaggle/working/genimage_8000_split_v4/train/real/real_01596.jpeg
real_01544.jpeg,train,real,real,/kaggle/working/genimage_8000_split_v4/train/real/real_01544.jpeg
real_02179.jpeg,train,real,real,/kaggle/working/genimage_8000_split_v4/train/real/real_02179.jpeg
real_02263.jpeg,train,real,real,/kaggle/working/genimage_8000_split_v4/train/real/real_02263.jpeg
real_02182.jpeg,train,real,real,/kaggle/working/genimage_8000_split_v4/train/real/real_02182.jpeg
real_02297.jpeg,train,real,real,/kaggle/working/genimage_8000_split_v4/train/real/real_02297.jpeg
real_02120.jpeg,train,real,real,/kaggle/working/genimage_8000_split_v4/train/real/real_02120.jpeg
real_00252.jpeg,train,real,real,/kaggle/working/genimage_8000_split_v4/train/real/real_00252.jpeg
real_02581.jpeg,train,real,real,/kaggle/working/genimage_8000_split_v4/train/real/real_02581.jpeg
real_01011.jpeg,train,real,real,/kaggle/working/genimage_8000_split_v4/train/real/real_01011.jpeg
real_01086.jpeg,train,real,real,/kaggle/working/genimage_8000_split_v4/train/real/real_01086.jpeg
real_00211.jpeg,train,real,real,/kaggle/working/genimage_8000_split_v4/train/real/real_00211.jpeg
real_00147.jpeg,train,real,real,/kaggle/working/genimage_8000_split_v4/train/real/real_00147.jpeg
real_02053.jpeg,train,real,real,/kaggle/working/genimage_8000_split_v4/train/real/real_02053.jpeg
real_01411.jpeg,train,real,real,/kaggle/working/genimage_8000_split_v4/train/real/real_01411.jpeg
real_02588.jpeg,train,real,real,/kaggle/working/genimage_8000_split_v4/train/real/real_02588.jpeg
real_00889.jpeg,train,real,real,/kaggle/working/genimage_8000_split_v4/train/real/real_00889.jpeg
real_01249.jpeg,train,real,real,/kaggle/working/genimage_8000_split_v4/train/real/real_01249.jpeg
real_01781.jpeg,train,real,real,/kaggle/working/genimage_8000_split_v4/train/real/real_01781.jpeg
real_00881.jpeg,train,real,real,/kaggle/working/genimage_8000_split_v4/train/real/real_00881.jpeg
real_02690.jpeg,train,real,real,/kaggle/working/genimage_8000_split_v4/train/real/real_02690.jpeg
real_01351.jpeg,train,real,real,/kaggle/working/genimage_8000_split_v4/train/real/real_01351.jpeg
real_00784.jpeg,train,real,real,/kaggle/working/genimage_8000_split_v4/train/real/real_00784.jpeg
real_02329.jpeg,train,real,real,/kaggle/working/genimage_8000_split_v4/train/real/real_02329.jpeg
real_02710.jpeg,train,real,real,/kaggle/working/genimage_8000_split_v4/train/real/real_02710.jpeg
real_01000.jpeg,train,real,real,/kaggle/working/genimage_8000_split_v4/train/real/real_01000.jpeg
real_00859.jpeg,train,real,real,/kaggle/working/genimage_8000_split_v4/train/real/real_00859.jpeg
real_01923.jpeg,train,real,real,/kaggle/working/genimage_8000_split_v4/train/real/real_01923.jpeg
real_01674.jpeg,train,real,real,/kaggle/working/genimage_8000_split_v4/train/real/real_01674.jpeg
real_01895.jpeg,train,real,real,/kaggle/working/genimage_8000_split_v4/train/real/real_01895.jpeg
real_01830.jpeg,train,real,real,/kaggle/working/genimage_8000_split_v4/train/real/real_01830.jpeg
real_02107.jpeg,train,real,real,/kaggle/working/genimage_8000_split_v4/train/real/real_02107.jpeg
real_01415.jpeg,train,real,real,/kaggle/working/genimage_8000_split_v4/train/real/real_01415.jpeg
real_00803.jpeg,train,real,real,/kaggle/working/genimage_8000_split_v4/train/real/real_00803.jpeg
real_01185.jpeg,train,real,real,/kaggle/working/genimage_8000_split_v4/train/real/real_01185.jpeg
real_02489.jpeg,train,real,real,/kaggle/working/genimage_8000_split_v4/train/real/real_02489.jpeg
real_01517.jpeg,train,real,real,/kaggle/working/genimage_8000_split_v4/train/real/real_01517.jpeg
real_00181.jpeg,train,real,real,/kaggle/working/genimage_8000_split_v4/train/real/real_00181.jpeg
real_01547.jpeg,train,real,real,/kaggle/working/genimage_8000_split_v4/train/real/real_01547.jpeg
real_02746.jpeg,train,real,real,/kaggle/working/genimage_8000_split_v4/train/real/real_02746.jpeg
real_00458.jpeg,train,real,real,/kaggle/working/genimage_8000_split_v4/train/real/real_00458.jpeg
real_01749.jpeg,train,real,real,/kaggle/working/genimage_8000_split_v4/train/real/real_01749.jpeg
real_02458.jpeg,train,real,real,/kaggle/working/genimage_8000_split_v4/train/real/real_02458.jpeg
real_02603.jpeg,train,real,real,/kaggle/working/genimage_8000_split_v4/train/real/real_02603.jpeg
real_02686.jpeg,train,real,real,/kaggle/working/genimage_8000_split_v4/train/real/real_02686.jpeg
real_01310.jpeg,train,real,real,/kaggle/working/genimage_8000_split_v4/train/real/real_01310.jpeg
real_00329.jpeg,train,real,real,/kaggle/working/genimage_8000_split_v4/train/real/real_00329.jpeg
real_01167.jpeg,train,real,real,/kaggle/working/genimage_8000_split_v4/train/real/real_01167.jpeg
real_02058.jpeg,train,real,real,/kaggle/working/genimage_8000_split_v4/train/real/real_02058.jpeg
real_00545.jpeg,train,real,real,/kaggle/working/genimage_8000_split_v4/train/real/real_00545.jpeg
real_01647.jpeg,train,real,real,/kaggle/working/genimage_8000_split_v4/train/real/real_01647.jpeg
real_00568.jpeg,train,real,real,/kaggle/working/genimage_8000_split_v4/train/real/real_00568.jpeg
real_00031.jpeg,train,real,real,/kaggle/working/genimage_8000_split_v4/train/real/real_00031.jpeg
real_02542.jpeg,train,real,real,/kaggle/working/genimage_8000_split_v4/train/real/real_02542.jpeg
real_01926.jpeg,train,real,real,/kaggle/working/genimage_8000_split_v4/train/real/real_01926.jpeg
real_00171.jpeg,train,real,real,/kaggle/working/genimage_8000_split_v4/train/real/real_00171.jpeg
real_00320.jpeg,train,real,real,/kaggle/working/genimage_8000_split_v4/train/real/real_00320.jpeg
real_02409.jpeg,train,real,real,/kaggle/working/genimage_8000_split_v4/train/real/real_02409.jpeg
real_02665.jpeg,train,real,real,/kaggle/working/genimage_8000_split_v4/train/real/real_02665.jpeg
real_00083.jpeg,train,real,real,/kaggle/working/genimage_8000_split_v4/train/real/real_00083.jpeg
real_00012.jpeg,train,real,real,/kaggle/working/genimage_8000_split_v4/train/real/real_00012.jpeg
real_01557.jpeg,train,real,real,/kaggle/working/genimage_8000_split_v4/train/real/real_01557.jpeg
real_00926.jpeg,train,real,real,/kaggle/working/genimage_8000_split_v4/train/real/real_00926.jpeg
real_00357.jpeg,train,real,real,/kaggle/working/genimage_8000_split_v4/train/real/real_00357.jpeg
real_01918.jpeg,train,real,real,/kaggle/working/genimage_8000_split_v4/train/real/real_01918.jpeg
real_00346.jpeg,train,real,real,/kaggle/working/genimage_8000_split_v4/train/real/real_00346.jpeg
real_01522.jpeg,train,real,real,/kaggle/working/genimage_8000_split_v4/train/real/real_01522.jpeg
real_02592.jpeg,train,real,real,/kaggle/working/genimage_8000_split_v4/train/real/real_02592.jpeg
real_00836.jpeg,train,real,real,/kaggle/working/genimage_8000_split_v4/train/real/real_00836.jpeg
real_01132.jpeg,train,real,real,/kaggle/working/genimage_8000_split_v4/train/real/real_01132.jpeg
real_01293.jpeg,train,real,real,/kaggle/working/genimage_8000_split_v4/train/real/real_01293.jpeg
real_00450.jpeg,train,real,real,/kaggle/working/genimage_8000_split_v4/train/real/real_00450.jpeg
real_00892.jpeg,train,real,real,/kaggle/working/genimage_8000_split_v4/train/real/real_00892.jpeg
real_02126.jpeg,train,real,real,/kaggle/working/genimage_8000_split_v4/train/real/real_02126.jpeg
real_00936.jpeg,train,real,real,/kaggle/working/genimage_8000_split_v4/train/real/real_00936.jpeg
real_00356.jpeg,train,real,real,/kaggle/working/genimage_8000_split_v4/train/real/real_00356.jpeg
real_01151.jpeg,train,real,real,/kaggle/working/genimage_8000_split_v4/train/real/real_01151.jpeg
real_01659.jpeg,train,real,real,/kaggle/working/genimage_8000_split_v4/train/real/real_01659.jpeg
real_02675.jpeg,train,real,real,/kaggle/working/genimage_8000_split_v4/train/real/real_02675.jpeg
real_00594.jpeg,train,real,real,/kaggle/working/genimage_8000_split_v4/train/real/real_00594.jpeg
real_02002.jpeg,train,real,real,/kaggle/working/genimage_8000_split_v4/train/real/real_02002.jpeg
real_01593.jpeg,train,real,real,/kaggle/working/genimage_8000_split_v4/train/real/real_01593.jpeg
real_02720.jpeg,train,real,real,/kaggle/working/genimage_8000_split_v4/train/real/real_02720.jpeg
real_00951.jpeg,train,real,real,/kaggle/working/genimage_8000_split_v4/train/real/real_00951.jpeg
real_01006.jpeg,train,real,real,/kaggle/working/genimage_8000_split_v4/train/real/real_01006.jpeg
real_00048.jpeg,train,real,real,/kaggle/working/genimage_8000_split_v4/train/real/real_00048.jpeg
real_00158.jpeg,train,real,real,/kaggle/working/genimage_8000_split_v4/train/real/real_00158.jpeg
real_01530.jpeg,train,real,real,/kaggle/working/genimage_8000_split_v4/train/real/real_01530.jpeg
real_00929.jpeg,train,real,real,/kaggle/working/genimage_8000_split_v4/train/real/real_00929.jpeg
real_01328.jpeg,train,real,real,/kaggle/working/genimage_8000_split_v4/train/real/real_01328.jpeg
real_01470.jpeg,train,real,real,/kaggle/working/genimage_8000_split_v4/train/real/real_01470.jpeg
real_00975.jpeg,train,real,real,/kaggle/working/genimage_8000_split_v4/train/real/real_00975.jpeg
real_00521.jpeg,train,real,real,/kaggle/working/genimage_8000_split_v4/train/real/real_00521.jpeg
real_02144.jpeg,train,real,real,/kaggle/working/genimage_8000_split_v4/train/real/real_02144.jpeg
real_00615.jpeg,train,real,real,/kaggle/working/genimage_8000_split_v4/train/real/real_00615.jpeg
real_02656.jpeg,train,real,real,/kaggle/working/genimage_8000_split_v4/train/real/real_02656.jpeg
real_01548.jpeg,train,real,real,/kaggle/working/genimage_8000_split_v4/train/real/real_01548.jpeg
real_01920.jpeg,train,real,real,/kaggle/working/genimage_8000_split_v4/train/real/real_01920.jpeg
real_01760.jpeg,train,real,real,/kaggle/working/genimage_8000_split_v4/train/real/real_01760.jpeg
real_00285.jpeg,train,real,real,/kaggle/working/genimage_8000_split_v4/train/real/real_00285.jpeg
real_00729.jpeg,train,real,real,/kaggle/working/genimage_8000_split_v4/train/real/real_00729.jpeg
real_00270.jpeg,train,real,real,/kaggle/working/genimage_8000_split_v4/train/real/real_00270.jpeg
real_01798.jpeg,train,real,real,/kaggle/working/genimage_8000_split_v4/train/real/real_01798.jpeg
real_01555.jpeg,train,real,real,/kaggle/working/genimage_8000_split_v4/train/real/real_01555.jpeg
real_00533.jpeg,train,real,real,/kaggle/working/genimage_8000_split_v4/train/real/real_00533.jpeg
real_00494.jpeg,train,real,real,/kaggle/working/genimage_8000_split_v4/train/real/real_00494.jpeg
real_01487.jpeg,train,real,real,/kaggle/working/genimage_8000_split_v4/train/real/real_01487.jpeg
real_01509.jpeg,train,real,real,/kaggle/working/genimage_8000_split_v4/train/real/real_01509.jpeg
real_01381.jpeg,train,real,real,/kaggle/working/genimage_8000_split_v4/train/real/real_01381.jpeg
real_01904.jpeg,train,real,real,/kaggle/working/genimage_8000_split_v4/train/real/real_01904.jpeg
real_01743.jpeg,train,real,real,/kaggle/working/genimage_8000_split_v4/train/real/real_01743.jpeg
real_01279.jpeg,train,real,real,/kaggle/working/genimage_8000_split_v4/train/real/real_01279.jpeg
real_02444.jpeg,train,real,real,/kaggle/working/genimage_8000_split_v4/train/real/real_02444.jpeg
real_01769.jpeg,train,real,real,/kaggle/working/genimage_8000_split_v4/train/real/real_01769.jpeg
real_01668.jpeg,train,real,real,/kaggle/working/genimage_8000_split_v4/train/real/real_01668.jpeg
real_00743.jpeg,train,real,real,/kaggle/working/genimage_8000_split_v4/train/real/real_00743.jpeg
real_00916.jpeg,train,real,real,/kaggle/working/genimage_8000_split_v4/train/real/real_00916.jpeg
real_02547.jpeg,train,real,real,/kaggle/working/genimage_8000_split_v4/train/real/real_02547.jpeg
real_01193.jpeg,train,real,real,/kaggle/working/genimage_8000_split_v4/train/real/real_01193.jpeg
real_02158.jpeg,train,real,real,/kaggle/working/genimage_8000_split_v4/train/real/real_02158.jpeg
real_02437.jpeg,train,real,real,/kaggle/working/genimage_8000_split_v4/train/real/real_02437.jpeg
real_00317.jpeg,train,real,real,/kaggle/working/genimage_8000_split_v4/train/real/real_00317.jpeg
real_02669.jpeg,train,real,real,/kaggle/working/genimage_8000_split_v4/train/real/real_02669.jpeg
real_01001.jpeg,train,real,real,/kaggle/working/genimage_8000_split_v4/train/real/real_01001.jpeg
real_01324.jpeg,train,real,real,/kaggle/working/genimage_8000_split_v4/train/real/real_01324.jpeg
real_01603.jpeg,train,real,real,/kaggle/working/genimage_8000_split_v4/train/real/real_01603.jpeg
real_00296.jpeg,train,real,real,/kaggle/working/genimage_8000_split_v4/train/real/real_00296.jpeg
real_01190.jpeg,train,real,real,/kaggle/working/genimage_8000_split_v4/train/real/real_01190.jpeg
real_01532.jpeg,train,real,real,/kaggle/working/genimage_8000_split_v4/train/real/real_01532.jpeg
real_01574.jpeg,train,real,real,/kaggle/working/genimage_8000_split_v4/train/real/real_01574.jpeg
real_00842.jpeg,train,real,real,/kaggle/working/genimage_8000_split_v4/train/real/real_00842.jpeg
real_02231.jpeg,train,real,real,/kaggle/working/genimage_8000_split_v4/train/real/real_02231.jpeg
real_01690.jpeg,train,real,real,/kaggle/working/genimage_8000_split_v4/train/real/real_01690.jpeg
real_00766.jpeg,train,real,real,/kaggle/working/genimage_8000_split_v4/train/real/real_00766.jpeg
real_01236.jpeg,train,real,real,/kaggle/working/genimage_8000_split_v4/train/real/real_01236.jpeg
real_01419.jpeg,train,real,real,/kaggle/working/genimage_8000_split_v4/train/real/real_01419.jpeg
real_01330.jpeg,train,real,real,/kaggle/working/genimage_8000_split_v4/train/real/real_01330.jpeg
real_02063.jpeg,train,real,real,/kaggle/working/genimage_8000_split_v4/train/real/real_02063.jpeg
real_01937.jpeg,train,real,real,/kaggle/working/genimage_8000_split_v4/train/real/real_01937.jpeg
real_00237.jpeg,train,real,real,/kaggle/working/genimage_8000_split_v4/train/real/real_00237.jpeg
real_01016.jpeg,train,real,real,/kaggle/working/genimage_8000_split_v4/train/real/real_01016.jpeg
real_02338.jpeg,train,real,real,/kaggle/working/genimage_8000_split_v4/train/real/real_02338.jpeg
real_02477.jpeg,train,real,real,/kaggle/working/genimage_8000_split_v4/train/real/real_02477.jpeg
real_00242.jpeg,train,real,real,/kaggle/working/genimage_8000_split_v4/train/real/real_00242.jpeg
real_02410.jpeg,train,real,real,/kaggle/working/genimage_8000_split_v4/train/real/real_02410.jpeg
real_01454.jpeg,train,real,real,/kaggle/working/genimage_8000_split_v4/train/real/real_01454.jpeg
real_02271.jpeg,train,real,real,/kaggle/working/genimage_8000_split_v4/train/real/real_02271.jpeg
real_00839.jpeg,train,real,real,/kaggle/working/genimage_8000_split_v4/train/real/real_00839.jpeg
real_01619.jpeg,train,real,real,/kaggle/working/genimage_8000_split_v4/train/real/real_01619.jpeg
real_02028.jpeg,train,real,real,/kaggle/working/genimage_8000_split_v4/train/real/real_02028.jpeg
real_01252.jpeg,train,real,real,/kaggle/working/genimage_8000_split_v4/train/real/real_01252.jpeg
real_02652.jpeg,train,real,real,/kaggle/working/genimage_8000_split_v4/train/real/real_02652.jpeg
real_00640.jpeg,train,real,real,/kaggle/working/genimage_8000_split_v4/train/real/real_00640.jpeg
real_00673.jpeg,train,real,real,/kaggle/working/genimage_8000_split_v4/train/real/real_00673.jpeg
real_02741.jpeg,train,real,real,/kaggle/working/genimage_8000_split_v4/train/real/real_02741.jpeg
real_02608.jpeg,train,real,real,/kaggle/working/genimage_8000_split_v4/train/real/real_02608.jpeg
real_01037.jpeg,train,real,real,/kaggle/working/genimage_8000_split_v4/train/real/real_01037.jpeg
real_01071.jpeg,train,real,real,/kaggle/working/genimage_8000_split_v4/train/real/real_01071.jpeg
real_02480.jpeg,train,real,real,/kaggle/working/genimage_8000_split_v4/train/real/real_02480.jpeg
real_01746.jpeg,train,real,real,/kaggle/working/genimage_8000_split_v4/train/real/real_01746.jpeg
real_00584.jpeg,train,real,real,/kaggle/working/genimage_8000_split_v4/train/real/real_00584.jpeg
real_01438.jpeg,train,real,real,/kaggle/working/genimage_8000_split_v4/train/real/real_01438.jpeg
real_01956.jpeg,train,real,real,/kaggle/working/genimage_8000_split_v4/train/real/real_01956.jpeg
real_02756.jpeg,train,real,real,/kaggle/working/genimage_8000_split_v4/train/real/real_02756.jpeg
real_01234.jpeg,train,real,real,/kaggle/working/genimage_8000_split_v4/train/real/real_01234.jpeg
real_01095.jpeg,train,real,real,/kaggle/working/genimage_8000_split_v4/train/real/real_01095.jpeg
real_01768.jpeg,train,real,real,/kaggle/working/genimage_8000_split_v4/train/real/real_01768.jpeg
real_00788.jpeg,train,real,real,/kaggle/working/genimage_8000_split_v4/train/real/real_00788.jpeg
real_00570.jpeg,train,real,real,/kaggle/working/genimage_8000_split_v4/train/real/real_00570.jpeg
real_02235.jpeg,train,real,real,/kaggle/working/genimage_8000_split_v4/train/real/real_02235.jpeg
real_00133.jpeg,train,real,real,/kaggle/working/genimage_8000_split_v4/train/real/real_00133.jpeg
real_02609.jpeg,train,real,real,/kaggle/working/genimage_8000_split_v4/train/real/real_02609.jpeg
real_00047.jpeg,train,real,real,/kaggle/working/genimage_8000_split_v4/train/real/real_00047.jpeg
real_00751.jpeg,train,real,real,/kaggle/working/genimage_8000_split_v4/train/real/real_00751.jpeg
real_01222.jpeg,train,real,real,/kaggle/working/genimage_8000_split_v4/train/real/real_01222.jpeg
real_01496.jpeg,train,real,real,/kaggle/working/genimage_8000_split_v4/train/real/real_01496.jpeg
real_00480.jpeg,train,real,real,/kaggle/working/genimage_8000_split_v4/train/real/real_00480.jpeg
real_01131.jpeg,train,real,real,/kaggle/working/genimage_8000_split_v4/train/real/real_01131.jpeg
real_00210.jpeg,train,real,real,/kaggle/working/genimage_8000_split_v4/train/real/real_00210.jpeg
real_02585.jpeg,train,real,real,/kaggle/working/genimage_8000_split_v4/train/real/real_02585.jpeg
real_02411.jpeg,train,real,real,/kaggle/working/genimage_8000_split_v4/train/real/real_02411.jpeg
real_00971.jpeg,train,real,real,/kaggle/working/genimage_8000_split_v4/train/real/real_00971.jpeg
real_00681.jpeg,train,real,real,/kaggle/working/genimage_8000_split_v4/train/real/real_00681.jpeg
real_00967.jpeg,train,real,real,/kaggle/working/genimage_8000_split_v4/train/real/real_00967.jpeg
real_02552.jpeg,train,real,real,/kaggle/working/genimage_8000_split_v4/train/real/real_02552.jpeg
real_00301.jpeg,train,real,real,/kaggle/working/genimage_8000_split_v4/train/real/real_00301.jpeg
real_01240.jpeg,train,real,real,/kaggle/working/genimage_8000_split_v4/train/real/real_01240.jpeg
real_00574.jpeg,train,real,real,/kaggle/working/genimage_8000_split_v4/train/real/real_00574.jpeg
real_02387.jpeg,train,real,real,/kaggle/working/genimage_8000_split_v4/train/real/real_02387.jpeg
real_00134.jpeg,train,real,real,/kaggle/working/genimage_8000_split_v4/train/real/real_00134.jpeg
real_01220.jpeg,train,real,real,/kaggle/working/genimage_8000_split_v4/train/real/real_01220.jpeg
real_01579.jpeg,train,real,real,/kaggle/working/genimage_8000_split_v4/train/real/real_01579.jpeg
real_00597.jpeg,train,real,real,/kaggle/working/genimage_8000_split_v4/train/real/real_00597.jpeg
real_00281.jpeg,train,real,real,/kaggle/working/genimage_8000_split_v4/train/real/real_00281.jpeg
real_01928.jpeg,train,real,real,/kaggle/working/genimage_8000_split_v4/train/real/real_01928.jpeg
real_02439.jpeg,train,real,real,/kaggle/working/genimage_8000_split_v4/train/real/real_02439.jpeg
real_01141.jpeg,train,real,real,/kaggle/working/genimage_8000_split_v4/train/real/real_01141.jpeg
real_00332.jpeg,train,real,real,/kaggle/working/genimage_8000_split_v4/train/real/real_00332.jpeg
real_02418.jpeg,train,real,real,/kaggle/working/genimage_8000_split_v4/train/real/real_02418.jpeg
real_00415.jpeg,train,real,real,/kaggle/working/genimage_8000_split_v4/train/real/real_00415.jpeg
real_01030.jpeg,train,real,real,/kaggle/working/genimage_8000_split_v4/train/real/real_01030.jpeg
real_02513.jpeg,train,real,real,/kaggle/working/genimage_8000_split_v4/train/real/real_02513.jpeg
real_00093.jpeg,train,real,real,/kaggle/working/genimage_8000_split_v4/train/real/real_00093.jpeg
real_02661.jpeg,train,real,real,/kaggle/working/genimage_8000_split_v4/train/real/real_02661.jpeg
real_00860.jpeg,train,real,real,/kaggle/working/genimage_8000_split_v4/train/real/real_00860.jpeg
real_00526.jpeg,train,real,real,/kaggle/working/genimage_8000_split_v4/train/real/real_00526.jpeg
real_00259.jpeg,train,real,real,/kaggle/working/genimage_8000_split_v4/train/real/real_00259.jpeg
real_00128.jpeg,train,real,real,/kaggle/working/genimage_8000_split_v4/train/real/real_00128.jpeg
real_00622.jpeg,train,real,real,/kaggle/working/genimage_8000_split_v4/train/real/real_00622.jpeg
real_01884.jpeg,train,real,real,/kaggle/working/genimage_8000_split_v4/train/real/real_01884.jpeg
real_02302.jpeg,train,real,real,/kaggle/working/genimage_8000_split_v4/train/real/real_02302.jpeg
real_00173.jpeg,train,real,real,/kaggle/working/genimage_8000_split_v4/train/real/real_00173.jpeg
real_00005.jpeg,train,real,real,/kaggle/working/genimage_8000_split_v4/train/real/real_00005.jpeg
real_01543.jpeg,train,real,real,/kaggle/working/genimage_8000_split_v4/train/real/real_01543.jpeg
real_00532.jpeg,train,real,real,/kaggle/working/genimage_8000_split_v4/train/real/real_00532.jpeg
real_02055.jpeg,train,real,real,/kaggle/working/genimage_8000_split_v4/train/real/real_02055.jpeg
real_02630.jpeg,train,real,real,/kaggle/working/genimage_8000_split_v4/train/real/real_02630.jpeg
real_01172.jpeg,train,real,real,/kaggle/working/genimage_8000_split_v4/train/real/real_01172.jpeg
real_02453.jpeg,train,real,real,/kaggle/working/genimage_8000_split_v4/train/real/real_02453.jpeg
real_01200.jpeg,train,real,real,/kaggle/working/genimage_8000_split_v4/train/real/real_01200.jpeg
real_00714.jpeg,train,real,real,/kaggle/working/genimage_8000_split_v4/train/real/real_00714.jpeg
real_02502.jpeg,train,real,real,/kaggle/working/genimage_8000_split_v4/train/real/real_02502.jpeg
real_00979.jpeg,train,real,real,/kaggle/working/genimage_8000_split_v4/train/real/real_00979.jpeg
real_02478.jpeg,train,real,real,/kaggle/working/genimage_8000_split_v4/train/real/real_02478.jpeg
real_00061.jpeg,train,real,real,/kaggle/working/genimage_8000_split_v4/train/real/real_00061.jpeg
real_01070.jpeg,train,real,real,/kaggle/working/genimage_8000_split_v4/train/real/real_01070.jpeg
real_00606.jpeg,train,real,real,/kaggle/working/genimage_8000_split_v4/train/real/real_00606.jpeg
real_02051.jpeg,train,real,real,/kaggle/working/genimage_8000_split_v4/train/real/real_02051.jpeg
real_02185.jpeg,train,real,real,/kaggle/working/genimage_8000_split_v4/train/real/real_02185.jpeg
real_00620.jpeg,train,real,real,/kaggle/working/genimage_8000_split_v4/train/real/real_00620.jpeg
real_01665.jpeg,train,real,real,/kaggle/working/genimage_8000_split_v4/train/real/real_01665.jpeg
real_00697.jpeg,train,real,real,/kaggle/working/genimage_8000_split_v4/train/real/real_00697.jpeg
real_02681.jpeg,train,real,real,/kaggle/working/genimage_8000_split_v4/train/real/real_02681.jpeg
real_00313.jpeg,train,real,real,/kaggle/working/genimage_8000_split_v4/train/real/real_00313.jpeg
real_00984.jpeg,train,real,real,/kaggle/working/genimage_8000_split_v4/train/real/real_00984.jpeg
real_00130.jpeg,train,real,real,/kaggle/working/genimage_8000_split_v4/train/real/real_00130.jpeg
real_01290.jpeg,train,real,real,/kaggle/working/genimage_8000_split_v4/train/real/real_01290.jpeg
real_00454.jpeg,train,real,real,/kaggle/working/genimage_8000_split_v4/train/real/real_00454.jpeg
real_02757.jpeg,train,real,real,/kaggle/working/genimage_8000_split_v4/train/real/real_02757.jpeg
real_02270.jpeg,train,real,real,/kaggle/working/genimage_8000_split_v4/train/real/real_02270.jpeg
real_02734.jpeg,train,real,real,/kaggle/working/genimage_8000_split_v4/train/real/real_02734.jpeg
real_00204.jpeg,train,real,real,/kaggle/working/genimage_8000_split_v4/train/real/real_00204.jpeg
real_01709.jpeg,train,real,real,/kaggle/working/genimage_8000_split_v4/train/real/real_01709.jpeg
real_01026.jpeg,train,real,real,/kaggle/working/genimage_8000_split_v4/train/real/real_01026.jpeg
real_02081.jpeg,train,real,real,/kaggle/working/genimage_8000_split_v4/train/real/real_02081.jpeg
real_00337.jpeg,train,real,real,/kaggle/working/genimage_8000_split_v4/train/real/real_00337.jpeg
real_02207.jpeg,train,real,real,/kaggle/working/genimage_8000_split_v4/train/real/real_02207.jpeg
real_00841.jpeg,train,real,real,/kaggle/working/genimage_8000_split_v4/train/real/real_00841.jpeg
real_02639.jpeg,train,real,real,/kaggle/working/genimage_8000_split_v4/train/real/real_02639.jpeg
real_01286.jpeg,train,real,real,/kaggle/working/genimage_8000_split_v4/train/real/real_01286.jpeg
real_02206.jpeg,train,real,real,/kaggle/working/genimage_8000_split_v4/train/real/real_02206.jpeg
real_01483.jpeg,train,real,real,/kaggle/working/genimage_8000_split_v4/train/real/real_01483.jpeg
real_00195.jpeg,train,real,real,/kaggle/working/genimage_8000_split_v4/train/real/real_00195.jpeg
real_00847.jpeg,train,real,real,/kaggle/working/genimage_8000_split_v4/train/real/real_00847.jpeg
real_00187.jpeg,train,real,real,/kaggle/working/genimage_8000_split_v4/train/real/real_00187.jpeg
real_00489.jpeg,train,real,real,/kaggle/working/genimage_8000_split_v4/train/real/real_00489.jpeg
real_01834.jpeg,train,real,real,/kaggle/working/genimage_8000_split_v4/train/real/real_01834.jpeg
real_00385.jpeg,train,real,real,/kaggle/working/genimage_8000_split_v4/train/real/real_00385.jpeg
real_02383.jpeg,train,real,real,/kaggle/working/genimage_8000_split_v4/train/real/real_02383.jpeg
real_00646.jpeg,train,real,real,/kaggle/working/genimage_8000_split_v4/train/real/real_00646.jpeg
real_01741.jpeg,train,real,real,/kaggle/working/genimage_8000_split_v4/train/real/real_01741.jpeg
real_00221.jpeg,train,real,real,/kaggle/working/genimage_8000_split_v4/train/real/real_00221.jpeg
real_01808.jpeg,train,real,real,/kaggle/working/genimage_8000_split_v4/train/real/real_01808.jpeg
real_01040.jpeg,train,real,real,/kaggle/working/genimage_8000_split_v4/train/real/real_01040.jpeg
real_01658.jpeg,train,real,real,/kaggle/working/genimage_8000_split_v4/train/real/real_01658.jpeg
real_00027.jpeg,train,real,real,/kaggle/working/genimage_8000_split_v4/train/real/real_00027.jpeg
real_00022.jpeg,train,real,real,/kaggle/working/genimage_8000_split_v4/train/real/real_00022.jpeg
real_02035.jpeg,train,real,real,/kaggle/working/genimage_8000_split_v4/train/real/real_02035.jpeg
real_02219.jpeg,train,real,real,/kaggle/working/genimage_8000_split_v4/train/real/real_02219.jpeg
real_01270.jpeg,train,real,real,/kaggle/working/genimage_8000_split_v4/train/real/real_01270.jpeg
real_00703.jpeg,train,real,real,/kaggle/working/genimage_8000_split_v4/train/real/real_00703.jpeg
real_00331.jpeg,train,real,real,/kaggle/working/genimage_8000_split_v4/train/real/real_00331.jpeg
real_01817.jpeg,train,real,real,/kaggle/working/genimage_8000_split_v4/train/real/real_01817.jpeg
real_00159.jpeg,train,real,real,/kaggle/working/genimage_8000_split_v4/train/real/real_00159.jpeg
real_02537.jpeg,train,real,real,/kaggle/working/genimage_8000_split_v4/train/real/real_02537.jpeg
real_02203.jpeg,train,real,real,/kaggle/working/genimage_8000_split_v4/train/real/real_02203.jpeg
real_01507.jpeg,train,real,real,/kaggle/working/genimage_8000_split_v4/train/real/real_01507.jpeg
real_00923.jpeg,train,real,real,/kaggle/working/genimage_8000_split_v4/train/real/real_00923.jpeg
real_01508.jpeg,train,real,real,/kaggle/working/genimage_8000_split_v4/train/real/real_01508.jpeg
real_02380.jpeg,train,real,real,/kaggle/working/genimage_8000_split_v4/train/real/real_02380.jpeg
real_02663.jpeg,train,real,real,/kaggle/working/genimage_8000_split_v4/train/real/real_02663.jpeg
real_00827.jpeg,train,real,real,/kaggle/working/genimage_8000_split_v4/train/real/real_00827.jpeg
real_02309.jpeg,train,real,real,/kaggle/working/genimage_8000_split_v4/train/real/real_02309.jpeg
real_01851.jpeg,train,real,real,/kaggle/working/genimage_8000_split_v4/train/real/real_01851.jpeg
real_01354.jpeg,train,real,real,/kaggle/working/genimage_8000_split_v4/train/real/real_01354.jpeg
real_02414.jpeg,train,real,real,/kaggle/working/genimage_8000_split_v4/train/real/real_02414.jpeg
real_01789.jpeg,train,real,real,/kaggle/working/genimage_8000_split_v4/train/real/real_01789.jpeg
real_00068.jpeg,train,real,real,/kaggle/working/genimage_8000_split_v4/train/real/real_00068.jpeg
real_01160.jpeg,train,real,real,/kaggle/working/genimage_8000_split_v4/train/real/real_01160.jpeg
real_01425.jpeg,train,real,real,/kaggle/working/genimage_8000_split_v4/train/real/real_01425.jpeg
real_00127.jpeg,train,real,real,/kaggle/working/genimage_8000_split_v4/train/real/real_00127.jpeg
real_01947.jpeg,train,real,real,/kaggle/working/genimage_8000_split_v4/train/real/real_01947.jpeg
real_00958.jpeg,train,real,real,/kaggle/working/genimage_8000_split_v4/train/real/real_00958.jpeg
real_02195.jpeg,train,real,real,/kaggle/working/genimage_8000_split_v4/train/real/real_02195.jpeg
real_02460.jpeg,train,real,real,/kaggle/working/genimage_8000_split_v4/train/real/real_02460.jpeg
real_02615.jpeg,train,real,real,/kaggle/working/genimage_8000_split_v4/train/real/real_02615.jpeg
real_02795.jpeg,train,real,real,/kaggle/working/genimage_8000_split_v4/train/real/real_02795.jpeg
real_01050.jpeg,train,real,real,/kaggle/working/genimage_8000_split_v4/train/real/real_01050.jpeg
real_02394.jpeg,train,real,real,/kaggle/working/genimage_8000_split_v4/train/real/real_02394.jpeg
real_01999.jpeg,train,real,real,/kaggle/working/genimage_8000_split_v4/train/real/real_01999.jpeg
real_02208.jpeg,train,real,real,/kaggle/working/genimage_8000_split_v4/train/real/real_02208.jpeg
real_01623.jpeg,train,real,real,/kaggle/working/genimage_8000_split_v4/train/real/real_01623.jpeg
real_02707.jpeg,train,real,real,/kaggle/working/genimage_8000_split_v4/train/real/real_02707.jpeg
real_02036.jpeg,train,real,real,/kaggle/working/genimage_8000_split_v4/train/real/real_02036.jpeg
real_01298.jpeg,train,real,real,/kaggle/working/genimage_8000_split_v4/train/real/real_01298.jpeg
real_01110.jpeg,train,real,real,/kaggle/working/genimage_8000_split_v4/train/real/real_01110.jpeg
real_01325.jpeg,train,real,real,/kaggle/working/genimage_8000_split_v4/train/real/real_01325.jpeg
real_01203.jpeg,train,real,real,/kaggle/working/genimage_8000_split_v4/train/real/real_01203.jpeg
real_01418.jpeg,train,real,real,/kaggle/working/genimage_8000_split_v4/train/real/real_01418.jpeg
real_01005.jpeg,train,real,real,/kaggle/working/genimage_8000_split_v4/train/real/real_01005.jpeg
real_01886.jpeg,train,real,real,/kaggle/working/genimage_8000_split_v4/train/real/real_01886.jpeg
real_01428.jpeg,train,real,real,/kaggle/working/genimage_8000_split_v4/train/real/real_01428.jpeg
real_01634.jpeg,train,real,real,/kaggle/working/genimage_8000_split_v4/train/real/real_01634.jpeg
real_00790.jpeg,train,real,real,/kaggle/working/genimage_8000_split_v4/train/real/real_00790.jpeg
real_02721.jpeg,train,real,real,/kaggle/working/genimage_8000_split_v4/train/real/real_02721.jpeg
real_00420.jpeg,train,real,real,/kaggle/working/genimage_8000_split_v4/train/real/real_00420.jpeg
real_00510.jpeg,train,real,real,/kaggle/working/genimage_8000_split_v4/train/real/real_00510.jpeg
real_01783.jpeg,train,real,real,/kaggle/working/genimage_8000_split_v4/train/real/real_01783.jpeg
real_02546.jpeg,train,real,real,/kaggle/working/genimage_8000_split_v4/train/real/real_02546.jpeg
real_01105.jpeg,train,real,real,/kaggle/working/genimage_8000_split_v4/train/real/real_01105.jpeg
real_00683.jpeg,train,real,real,/kaggle/working/genimage_8000_split_v4/train/real/real_00683.jpeg
real_01712.jpeg,train,real,real,/kaggle/working/genimage_8000_split_v4/train/real/real_01712.jpeg
real_00807.jpeg,train,real,real,/kaggle/working/genimage_8000_split_v4/train/real/real_00807.jpeg
real_00659.jpeg,train,real,real,/kaggle/working/genimage_8000_split_v4/train/real/real_00659.jpeg
real_01061.jpeg,train,real,real,/kaggle/working/genimage_8000_split_v4/train/real/real_01061.jpeg
real_02168.jpeg,train,real,real,/kaggle/working/genimage_8000_split_v4/train/real/real_02168.jpeg
real_00106.jpeg,train,real,real,/kaggle/working/genimage_8000_split_v4/train/real/real_00106.jpeg
real_01969.jpeg,train,real,real,/kaggle/working/genimage_8000_split_v4/train/real/real_01969.jpeg
real_02624.jpeg,train,real,real,/kaggle/working/genimage_8000_split_v4/train/real/real_02624.jpeg
real_01832.jpeg,train,real,real,/kaggle/working/genimage_8000_split_v4/train/real/real_01832.jpeg
real_01740.jpeg,train,real,real,/kaggle/working/genimage_8000_split_v4/train/real/real_01740.jpeg
real_00599.jpeg,train,real,real,/kaggle/working/genimage_8000_split_v4/train/real/real_00599.jpeg
real_00419.jpeg,train,real,real,/kaggle/working/genimage_8000_split_v4/train/real/real_00419.jpeg
real_01002.jpeg,train,real,real,/kaggle/working/genimage_8000_split_v4/train/real/real_01002.jpeg
real_02370.jpeg,train,real,real,/kaggle/working/genimage_8000_split_v4/train/real/real_02370.jpeg
real_02127.jpeg,train,real,real,/kaggle/working/genimage_8000_split_v4/train/real/real_02127.jpeg
real_02621.jpeg,train,real,real,/kaggle/working/genimage_8000_split_v4/train/real/real_02621.jpeg
real_01342.jpeg,train,real,real,/kaggle/working/genimage_8000_split_v4/train/real/real_01342.jpeg
real_01719.jpeg,train,real,real,/kaggle/working/genimage_8000_split_v4/train/real/real_01719.jpeg
real_00286.jpeg,train,real,real,/kaggle/working/genimage_8000_split_v4/train/real/real_00286.jpeg
real_01385.jpeg,train,real,real,/kaggle/working/genimage_8000_split_v4/train/real/real_01385.jpeg
real_00672.jpeg,train,real,real,/kaggle/working/genimage_8000_split_v4/train/real/real_00672.jpeg
real_02797.jpeg,train,real,real,/kaggle/working/genimage_8000_split_v4/train/real/real_02797.jpeg
real_00920.jpeg,train,real,real,/kaggle/working/genimage_8000_split_v4/train/real/real_00920.jpeg
real_00341.jpeg,train,real,real,/kaggle/working/genimage_8000_split_v4/train/real/real_00341.jpeg
real_02486.jpeg,train,real,real,/kaggle/working/genimage_8000_split_v4/train/real/real_02486.jpeg
real_02009.jpeg,train,real,real,/kaggle/working/genimage_8000_split_v4/train/real/real_02009.jpeg
real_01742.jpeg,train,real,real,/kaggle/working/genimage_8000_split_v4/train/real/real_01742.jpeg
real_00263.jpeg,train,real,real,/kaggle/working/genimage_8000_split_v4/train/real/real_00263.jpeg
real_02164.jpeg,train,real,real,/kaggle/working/genimage_8000_split_v4/train/real/real_02164.jpeg
real_00677.jpeg,train,real,real,/kaggle/working/genimage_8000_split_v4/train/real/real_00677.jpeg
real_00600.jpeg,train,real,real,/kaggle/working/genimage_8000_split_v4/train/real/real_00600.jpeg
real_01840.jpeg,train,real,real,/kaggle/working/genimage_8000_split_v4/train/real/real_01840.jpeg
real_02487.jpeg,train,real,real,/kaggle/working/genimage_8000_split_v4/train/real/real_02487.jpeg
real_00255.jpeg,train,real,real,/kaggle/working/genimage_8000_split_v4/train/real/real_00255.jpeg
real_01705.jpeg,train,real,real,/kaggle/working/genimage_8000_split_v4/train/real/real_01705.jpeg
real_00939.jpeg,train,real,real,/kaggle/working/genimage_8000_split_v4/train/real/real_00939.jpeg
real_00335.jpeg,train,real,real,/kaggle/working/genimage_8000_split_v4/train/real/real_00335.jpeg
real_00174.jpeg,train,real,real,/kaggle/working/genimage_8000_split_v4/train/real/real_00174.jpeg
real_00243.jpeg,train,real,real,/kaggle/working/genimage_8000_split_v4/train/real/real_00243.jpeg
real_00140.jpeg,train,real,real,/kaggle/working/genimage_8000_split_v4/train/real/real_00140.jpeg
real_02465.jpeg,train,real,real,/kaggle/working/genimage_8000_split_v4/train/real/real_02465.jpeg
real_02442.jpeg,train,real,real,/kaggle/working/genimage_8000_split_v4/train/real/real_02442.jpeg
real_01136.jpeg,train,real,real,/kaggle/working/genimage_8000_split_v4/train/real/real_01136.jpeg
real_01723.jpeg,train,real,real,/kaggle/working/genimage_8000_split_v4/train/real/real_01723.jpeg
real_01888.jpeg,train,real,real,/kaggle/working/genimage_8000_split_v4/train/real/real_01888.jpeg
real_00582.jpeg,train,real,real,/kaggle/working/genimage_8000_split_v4/train/real/real_00582.jpeg
real_02533.jpeg,train,real,real,/kaggle/working/genimage_8000_split_v4/train/real/real_02533.jpeg
real_01809.jpeg,train,real,real,/kaggle/working/genimage_8000_split_v4/train/real/real_01809.jpeg
real_00670.jpeg,train,real,real,/kaggle/working/genimage_8000_split_v4/train/real/real_00670.jpeg
real_02650.jpeg,train,real,real,/kaggle/working/genimage_8000_split_v4/train/real/real_02650.jpeg
real_00719.jpeg,train,real,real,/kaggle/working/genimage_8000_split_v4/train/real/real_00719.jpeg
real_02244.jpeg,train,real,real,/kaggle/working/genimage_8000_split_v4/train/real/real_02244.jpeg
real_01816.jpeg,train,real,real,/kaggle/working/genimage_8000_split_v4/train/real/real_01816.jpeg
real_00789.jpeg,train,real,real,/kaggle/working/genimage_8000_split_v4/train/real/real_00789.jpeg
real_01710.jpeg,train,real,real,/kaggle/working/genimage_8000_split_v4/train/real/real_01710.jpeg
real_01273.jpeg,train,real,real,/kaggle/working/genimage_8000_split_v4/train/real/real_01273.jpeg
real_02294.jpeg,train,real,real,/kaggle/working/genimage_8000_split_v4/train/real/real_02294.jpeg
real_02601.jpeg,train,real,real,/kaggle/working/genimage_8000_split_v4/train/real/real_02601.jpeg
real_02672.jpeg,train,real,real,/kaggle/working/genimage_8000_split_v4/train/real/real_02672.jpeg
real_02057.jpeg,train,real,real,/kaggle/working/genimage_8000_split_v4/train/real/real_02057.jpeg
real_00675.jpeg,train,real,real,/kaggle/working/genimage_8000_split_v4/train/real/real_00675.jpeg
real_02236.jpeg,train,real,real,/kaggle/working/genimage_8000_split_v4/train/real/real_02236.jpeg
real_02352.jpeg,train,real,real,/kaggle/working/genimage_8000_split_v4/train/real/real_02352.jpeg
real_00689.jpeg,train,real,real,/kaggle/working/genimage_8000_split_v4/train/real/real_00689.jpeg
real_00542.jpeg,train,real,real,/kaggle/working/genimage_8000_split_v4/train/real/real_00542.jpeg
real_00913.jpeg,train,real,real,/kaggle/working/genimage_8000_split_v4/train/real/real_00913.jpeg
real_01073.jpeg,train,real,real,/kaggle/working/genimage_8000_split_v4/train/real/real_01073.jpeg
real_00547.jpeg,train,real,real,/kaggle/working/genimage_8000_split_v4/train/real/real_00547.jpeg
real_00802.jpeg,train,real,real,/kaggle/working/genimage_8000_split_v4/train/real/real_00802.jpeg
real_02558.jpeg,train,real,real,/kaggle/working/genimage_8000_split_v4/train/real/real_02558.jpeg
real_00287.jpeg,train,real,real,/kaggle/working/genimage_8000_split_v4/train/real/real_00287.jpeg
real_02499.jpeg,train,real,real,/kaggle/working/genimage_8000_split_v4/train/real/real_02499.jpeg
real_00630.jpeg,train,real,real,/kaggle/working/genimage_8000_split_v4/train/real/real_00630.jpeg
real_00144.jpeg,train,real,real,/kaggle/working/genimage_8000_split_v4/train/real/real_00144.jpeg
real_02132.jpeg,train,real,real,/kaggle/working/genimage_8000_split_v4/train/real/real_02132.jpeg
real_02364.jpeg,train,real,real,/kaggle/working/genimage_8000_split_v4/train/real/real_02364.jpeg
real_00998.jpeg,train,real,real,/kaggle/working/genimage_8000_split_v4/train/real/real_00998.jpeg
real_01149.jpeg,train,real,real,/kaggle/working/genimage_8000_split_v4/train/real/real_01149.jpeg
real_02118.jpeg,train,real,real,/kaggle/working/genimage_8000_split_v4/train/real/real_02118.jpeg
real_00778.jpeg,train,real,real,/kaggle/working/genimage_8000_split_v4/train/real/real_00778.jpeg
real_02073.jpeg,train,real,real,/kaggle/working/genimage_8000_split_v4/train/real/real_02073.jpeg
real_02177.jpeg,train,real,real,/kaggle/working/genimage_8000_split_v4/train/real/real_02177.jpeg
real_00752.jpeg,train,real,real,/kaggle/working/genimage_8000_split_v4/train/real/real_00752.jpeg
real_02699.jpeg,train,real,real,/kaggle/working/genimage_8000_split_v4/train/real/real_02699.jpeg
real_02060.jpeg,train,real,real,/kaggle/working/genimage_8000_split_v4/train/real/real_02060.jpeg
real_02136.jpeg,train,real,real,/kaggle/working/genimage_8000_split_v4/train/real/real_02136.jpeg
real_02653.jpeg,train,real,real,/kaggle/working/genimage_8000_split_v4/train/real/real_02653.jpeg
real_02119.jpeg,train,real,real,/kaggle/working/genimage_8000_split_v4/train/real/real_02119.jpeg
real_01018.jpeg,train,real,real,/kaggle/working/genimage_8000_split_v4/train/real/real_01018.jpeg
real_00214.jpeg,train,real,real,/kaggle/working/genimage_8000_split_v4/train/real/real_00214.jpeg
real_02030.jpeg,train,real,real,/kaggle/working/genimage_8000_split_v4/train/real/real_02030.jpeg
real_01267.jpeg,train,real,real,/kaggle/working/genimage_8000_split_v4/train/real/real_01267.jpeg
real_00604.jpeg,train,real,real,/kaggle/working/genimage_8000_split_v4/train/real/real_00604.jpeg
real_02112.jpeg,train,real,real,/kaggle/working/genimage_8000_split_v4/train/real/real_02112.jpeg
real_02379.jpeg,train,real,real,/kaggle/working/genimage_8000_split_v4/train/real/real_02379.jpeg
real_00234.jpeg,train,real,real,/kaggle/working/genimage_8000_split_v4/train/real/real_00234.jpeg
real_00832.jpeg,train,real,real,/kaggle/working/genimage_8000_split_v4/train/real/real_00832.jpeg
real_00595.jpeg,train,real,real,/kaggle/working/genimage_8000_split_v4/train/real/real_00595.jpeg
real_01934.jpeg,train,real,real,/kaggle/working/genimage_8000_split_v4/train/real/real_01934.jpeg
real_00908.jpeg,train,real,real,/kaggle/working/genimage_8000_split_v4/train/real/real_00908.jpeg
real_02687.jpeg,train,real,real,/kaggle/working/genimage_8000_split_v4/train/real/real_02687.jpeg
real_01022.jpeg,train,real,real,/kaggle/working/genimage_8000_split_v4/train/real/real_01022.jpeg
real_01729.jpeg,train,real,real,/kaggle/working/genimage_8000_split_v4/train/real/real_01729.jpeg
real_02062.jpeg,train,real,real,/kaggle/working/genimage_8000_split_v4/train/real/real_02062.jpeg
real_01439.jpeg,train,real,real,/kaggle/working/genimage_8000_split_v4/train/real/real_01439.jpeg
real_01145.jpeg,train,real,real,/kaggle/working/genimage_8000_split_v4/train/real/real_01145.jpeg
real_01498.jpeg,train,real,real,/kaggle/working/genimage_8000_split_v4/train/real/real_01498.jpeg
real_02456.jpeg,train,real,real,/kaggle/working/genimage_8000_split_v4/train/real/real_02456.jpeg
real_00075.jpeg,train,real,real,/kaggle/working/genimage_8000_split_v4/train/real/real_00075.jpeg
real_00650.jpeg,train,real,real,/kaggle/working/genimage_8000_split_v4/train/real/real_00650.jpeg
real_01085.jpeg,train,real,real,/kaggle/working/genimage_8000_split_v4/train/real/real_01085.jpeg
real_01614.jpeg,train,real,real,/kaggle/working/genimage_8000_split_v4/train/real/real_01614.jpeg
real_00295.jpeg,train,real,real,/kaggle/working/genimage_8000_split_v4/train/real/real_00295.jpeg
real_01805.jpeg,train,real,real,/kaggle/working/genimage_8000_split_v4/train/real/real_01805.jpeg
real_00707.jpeg,train,real,real,/kaggle/working/genimage_8000_split_v4/train/real/real_00707.jpeg
real_02455.jpeg,train,real,real,/kaggle/working/genimage_8000_split_v4/train/real/real_02455.jpeg
real_01497.jpeg,train,real,real,/kaggle/working/genimage_8000_split_v4/train/real/real_01497.jpeg
real_01632.jpeg,train,real,real,/kaggle/working/genimage_8000_split_v4/train/real/real_01632.jpeg
real_00738.jpeg,train,real,real,/kaggle/working/genimage_8000_split_v4/train/real/real_00738.jpeg
real_01673.jpeg,train,real,real,/kaggle/working/genimage_8000_split_v4/train/real/real_01673.jpeg
real_02433.jpeg,train,real,real,/kaggle/working/genimage_8000_split_v4/train/real/real_02433.jpeg
real_00070.jpeg,train,real,real,/kaggle/working/genimage_8000_split_v4/train/real/real_00070.jpeg
real_02148.jpeg,train,real,real,/kaggle/working/genimage_8000_split_v4/train/real/real_02148.jpeg
real_00148.jpeg,train,real,real,/kaggle/working/genimage_8000_split_v4/train/real/real_00148.jpeg
real_02554.jpeg,train,real,real,/kaggle/working/genimage_8000_split_v4/train/real/real_02554.jpeg
real_02737.jpeg,train,real,real,/kaggle/working/genimage_8000_split_v4/train/real/real_02737.jpeg
real_01219.jpeg,train,real,real,/kaggle/working/genimage_8000_split_v4/train/real/real_01219.jpeg
real_02135.jpeg,train,real,real,/kaggle/working/genimage_8000_split_v4/train/real/real_02135.jpeg
real_02124.jpeg,train,real,real,/kaggle/working/genimage_8000_split_v4/train/real/real_02124.jpeg
real_02395.jpeg,train,real,real,/kaggle/working/genimage_8000_split_v4/train/real/real_02395.jpeg
real_00491.jpeg,train,real,real,/kaggle/working/genimage_8000_split_v4/train/real/real_00491.jpeg
real_00688.jpeg,train,real,real,/kaggle/working/genimage_8000_split_v4/train/real/real_00688.jpeg
real_01916.jpeg,train,real,real,/kaggle/working/genimage_8000_split_v4/train/real/real_01916.jpeg
real_00927.jpeg,train,real,real,/kaggle/working/genimage_8000_split_v4/train/real/real_00927.jpeg
real_02726.jpeg,train,real,real,/kaggle/working/genimage_8000_split_v4/train/real/real_02726.jpeg
real_02105.jpeg,train,real,real,/kaggle/working/genimage_8000_split_v4/train/real/real_02105.jpeg
real_00090.jpeg,train,real,real,/kaggle/working/genimage_8000_split_v4/train/real/real_00090.jpeg
real_02579.jpeg,train,real,real,/kaggle/working/genimage_8000_split_v4/train/real/real_02579.jpeg
real_02637.jpeg,train,real,real,/kaggle/working/genimage_8000_split_v4/train/real/real_02637.jpeg
real_01047.jpeg,train,real,real,/kaggle/working/genimage_8000_split_v4/train/real/real_01047.jpeg
real_02521.jpeg,train,real,real,/kaggle/working/genimage_8000_split_v4/train/real/real_02521.jpeg
real_02217.jpeg,train,real,real,/kaggle/working/genimage_8000_split_v4/train/real/real_02217.jpeg
real_02153.jpeg,train,real,real,/kaggle/working/genimage_8000_split_v4/train/real/real_02153.jpeg
real_00063.jpeg,train,real,real,/kaggle/working/genimage_8000_split_v4/train/real/real_00063.jpeg
real_02404.jpeg,train,real,real,/kaggle/working/genimage_8000_split_v4/train/real/real_02404.jpeg
real_01569.jpeg,train,real,real,/kaggle/working/genimage_8000_split_v4/train/real/real_01569.jpeg
real_00704.jpeg,train,real,real,/kaggle/working/genimage_8000_split_v4/train/real/real_00704.jpeg
real_02307.jpeg,train,real,real,/kaggle/working/genimage_8000_split_v4/train/real/real_02307.jpeg
real_01779.jpeg,train,real,real,/kaggle/working/genimage_8000_split_v4/train/real/real_01779.jpeg
real_01891.jpeg,train,real,real,/kaggle/working/genimage_8000_split_v4/train/real/real_01891.jpeg
real_00930.jpeg,train,real,real,/kaggle/working/genimage_8000_split_v4/train/real/real_00930.jpeg
real_01466.jpeg,train,real,real,/kaggle/working/genimage_8000_split_v4/train/real/real_01466.jpeg
real_01608.jpeg,train,real,real,/kaggle/working/genimage_8000_split_v4/train/real/real_01608.jpeg
real_00965.jpeg,train,real,real,/kaggle/working/genimage_8000_split_v4/train/real/real_00965.jpeg
real_00334.jpeg,train,real,real,/kaggle/working/genimage_8000_split_v4/train/real/real_00334.jpeg
real_01927.jpeg,train,real,real,/kaggle/working/genimage_8000_split_v4/train/real/real_01927.jpeg
real_02224.jpeg,train,real,real,/kaggle/working/genimage_8000_split_v4/train/real/real_02224.jpeg
real_02500.jpeg,train,real,real,/kaggle/working/genimage_8000_split_v4/train/real/real_02500.jpeg
real_01164.jpeg,train,real,real,/kaggle/working/genimage_8000_split_v4/train/real/real_01164.jpeg
real_01471.jpeg,train,real,real,/kaggle/working/genimage_8000_split_v4/train/real/real_01471.jpeg
real_01450.jpeg,train,real,real,/kaggle/working/genimage_8000_split_v4/train/real/real_01450.jpeg
real_00954.jpeg,train,real,real,/kaggle/working/genimage_8000_split_v4/train/real/real_00954.jpeg
real_01448.jpeg,train,real,real,/kaggle/working/genimage_8000_split_v4/train/real/real_01448.jpeg
real_00530.jpeg,train,real,real,/kaggle/working/genimage_8000_split_v4/train/real/real_00530.jpeg
real_01929.jpeg,train,real,real,/kaggle/working/genimage_8000_split_v4/train/real/real_01929.jpeg
real_02172.jpeg,train,real,real,/kaggle/working/genimage_8000_split_v4/train/real/real_02172.jpeg
real_02619.jpeg,train,real,real,/kaggle/working/genimage_8000_split_v4/train/real/real_02619.jpeg
real_01321.jpeg,train,real,real,/kaggle/working/genimage_8000_split_v4/train/real/real_01321.jpeg
real_02424.jpeg,train,real,real,/kaggle/working/genimage_8000_split_v4/train/real/real_02424.jpeg
real_00694.jpeg,train,real,real,/kaggle/working/genimage_8000_split_v4/train/real/real_00694.jpeg
real_01635.jpeg,train,real,real,/kaggle/working/genimage_8000_split_v4/train/real/real_01635.jpeg
real_01191.jpeg,train,real,real,/kaggle/working/genimage_8000_split_v4/train/real/real_01191.jpeg
real_00069.jpeg,train,real,real,/kaggle/working/genimage_8000_split_v4/train/real/real_00069.jpeg
real_01820.jpeg,train,real,real,/kaggle/working/genimage_8000_split_v4/train/real/real_01820.jpeg
real_00109.jpeg,train,real,real,/kaggle/working/genimage_8000_split_v4/train/real/real_00109.jpeg
real_01597.jpeg,train,real,real,/kaggle/working/genimage_8000_split_v4/train/real/real_01597.jpeg
real_00321.jpeg,train,real,real,/kaggle/working/genimage_8000_split_v4/train/real/real_00321.jpeg
real_02407.jpeg,train,real,real,/kaggle/working/genimage_8000_split_v4/train/real/real_02407.jpeg
real_00126.jpeg,train,real,real,/kaggle/working/genimage_8000_split_v4/train/real/real_00126.jpeg
real_02353.jpeg,train,real,real,/kaggle/working/genimage_8000_split_v4/train/real/real_02353.jpeg
real_01443.jpeg,train,real,real,/kaggle/working/genimage_8000_split_v4/train/real/real_01443.jpeg
real_01993.jpeg,train,real,real,/kaggle/working/genimage_8000_split_v4/train/real/real_01993.jpeg
real_02085.jpeg,train,real,real,/kaggle/working/genimage_8000_split_v4/train/real/real_02085.jpeg
real_01584.jpeg,train,real,real,/kaggle/working/genimage_8000_split_v4/train/real/real_01584.jpeg
real_00358.jpeg,train,real,real,/kaggle/working/genimage_8000_split_v4/train/real/real_00358.jpeg
real_01978.jpeg,train,real,real,/kaggle/working/genimage_8000_split_v4/train/real/real_01978.jpeg
real_00364.jpeg,train,real,real,/kaggle/working/genimage_8000_split_v4/train/real/real_00364.jpeg
real_00209.jpeg,train,real,real,/kaggle/working/genimage_8000_split_v4/train/real/real_00209.jpeg
real_00292.jpeg,train,real,real,/kaggle/working/genimage_8000_split_v4/train/real/real_00292.jpeg
real_01500.jpeg,train,real,real,/kaggle/working/genimage_8000_split_v4/train/real/real_01500.jpeg
real_01686.jpeg,train,real,real,/kaggle/working/genimage_8000_split_v4/train/real/real_01686.jpeg
real_00666.jpeg,train,real,real,/kaggle/working/genimage_8000_split_v4/train/real/real_00666.jpeg
real_02731.jpeg,train,real,real,/kaggle/working/genimage_8000_split_v4/train/real/real_02731.jpeg
real_01908.jpeg,train,real,real,/kaggle/working/genimage_8000_split_v4/train/real/real_01908.jpeg
real_00473.jpeg,train,real,real,/kaggle/working/genimage_8000_split_v4/train/real/real_00473.jpeg
real_01299.jpeg,train,real,real,/kaggle/working/genimage_8000_split_v4/train/real/real_01299.jpeg
real_01561.jpeg,train,real,real,/kaggle/working/genimage_8000_split_v4/train/real/real_01561.jpeg
real_02116.jpeg,train,real,real,/kaggle/working/genimage_8000_split_v4/train/real/real_02116.jpeg
real_00367.jpeg,train,real,real,/kaggle/working/genimage_8000_split_v4/train/real/real_00367.jpeg
real_00918.jpeg,train,real,real,/kaggle/working/genimage_8000_split_v4/train/real/real_00918.jpeg
real_02076.jpeg,train,real,real,/kaggle/working/genimage_8000_split_v4/train/real/real_02076.jpeg
real_00228.jpeg,train,real,real,/kaggle/working/genimage_8000_split_v4/train/real/real_00228.jpeg
real_02536.jpeg,train,real,real,/kaggle/working/genimage_8000_split_v4/train/real/real_02536.jpeg
real_00463.jpeg,train,real,real,/kaggle/working/genimage_8000_split_v4/train/real/real_00463.jpeg
real_01268.jpeg,train,real,real,/kaggle/working/genimage_8000_split_v4/train/real/real_01268.jpeg
real_00529.jpeg,train,real,real,/kaggle/working/genimage_8000_split_v4/train/real/real_00529.jpeg
real_01134.jpeg,train,real,real,/kaggle/working/genimage_8000_split_v4/train/real/real_01134.jpeg
real_01441.jpeg,train,real,real,/kaggle/working/genimage_8000_split_v4/train/real/real_01441.jpeg
real_01878.jpeg,train,real,real,/kaggle/working/genimage_8000_split_v4/train/real/real_01878.jpeg
real_02760.jpeg,train,real,real,/kaggle/working/genimage_8000_split_v4/train/real/real_02760.jpeg
real_02510.jpeg,train,real,real,/kaggle/working/genimage_8000_split_v4/train/real/real_02510.jpeg
real_02642.jpeg,train,real,real,/kaggle/working/genimage_8000_split_v4/train/real/real_02642.jpeg
real_02289.jpeg,train,real,real,/kaggle/working/genimage_8000_split_v4/train/real/real_02289.jpeg
real_01667.jpeg,train,real,real,/kaggle/working/genimage_8000_split_v4/train/real/real_01667.jpeg
real_01578.jpeg,train,real,real,/kaggle/working/genimage_8000_split_v4/train/real/real_01578.jpeg
real_00687.jpeg,train,real,real,/kaggle/working/genimage_8000_split_v4/train/real/real_00687.jpeg
real_01731.jpeg,train,real,real,/kaggle/working/genimage_8000_split_v4/train/real/real_01731.jpeg
real_02515.jpeg,train,real,real,/kaggle/working/genimage_8000_split_v4/train/real/real_02515.jpeg
real_01289.jpeg,train,real,real,/kaggle/working/genimage_8000_split_v4/train/real/real_01289.jpeg
real_02766.jpeg,train,real,real,/kaggle/working/genimage_8000_split_v4/train/real/real_02766.jpeg
real_01478.jpeg,train,real,real,/kaggle/working/genimage_8000_split_v4/train/real/real_01478.jpeg
real_02193.jpeg,train,real,real,/kaggle/working/genimage_8000_split_v4/train/real/real_02193.jpeg
real_00992.jpeg,train,real,real,/kaggle/working/genimage_8000_split_v4/train/real/real_00992.jpeg
real_01653.jpeg,train,real,real,/kaggle/working/genimage_8000_split_v4/train/real/real_01653.jpeg
real_00376.jpeg,train,real,real,/kaggle/working/genimage_8000_split_v4/train/real/real_00376.jpeg
real_01012.jpeg,train,real,real,/kaggle/working/genimage_8000_split_v4/train/real/real_01012.jpeg
real_01453.jpeg,train,real,real,/kaggle/working/genimage_8000_split_v4/train/real/real_01453.jpeg
real_02212.jpeg,train,real,real,/kaggle/working/genimage_8000_split_v4/train/real/real_02212.jpeg
real_00089.jpeg,train,real,real,/kaggle/working/genimage_8000_split_v4/train/real/real_00089.jpeg
real_02139.jpeg,train,real,real,/kaggle/working/genimage_8000_split_v4/train/real/real_02139.jpeg
real_01810.jpeg,train,real,real,/kaggle/working/genimage_8000_split_v4/train/real/real_01810.jpeg
real_02365.jpeg,train,real,real,/kaggle/working/genimage_8000_split_v4/train/real/real_02365.jpeg
real_02778.jpeg,train,real,real,/kaggle/working/genimage_8000_split_v4/train/real/real_02778.jpeg
real_00409.jpeg,train,real,real,/kaggle/working/genimage_8000_split_v4/train/real/real_00409.jpeg
real_02147.jpeg,train,real,real,/kaggle/working/genimage_8000_split_v4/train/real/real_02147.jpeg
real_00962.jpeg,train,real,real,/kaggle/working/genimage_8000_split_v4/train/real/real_00962.jpeg
real_02566.jpeg,train,real,real,/kaggle/working/genimage_8000_split_v4/train/real/real_02566.jpeg
real_00718.jpeg,train,real,real,/kaggle/working/genimage_8000_split_v4/train/real/real_00718.jpeg
real_00456.jpeg,train,real,real,/kaggle/working/genimage_8000_split_v4/train/real/real_00456.jpeg
real_02230.jpeg,train,real,real,/kaggle/working/genimage_8000_split_v4/train/real/real_02230.jpeg
real_02492.jpeg,train,real,real,/kaggle/working/genimage_8000_split_v4/train/real/real_02492.jpeg
real_02097.jpeg,train,real,real,/kaggle/working/genimage_8000_split_v4/train/real/real_02097.jpeg
real_02497.jpeg,train,real,real,/kaggle/working/genimage_8000_split_v4/train/real/real_02497.jpeg
real_01671.jpeg,train,real,real,/kaggle/working/genimage_8000_split_v4/train/real/real_01671.jpeg
real_00378.jpeg,train,real,real,/kaggle/working/genimage_8000_split_v4/train/real/real_00378.jpeg
real_01643.jpeg,train,real,real,/kaggle/working/genimage_8000_split_v4/train/real/real_01643.jpeg
real_02258.jpeg,train,real,real,/kaggle/working/genimage_8000_split_v4/train/real/real_02258.jpeg
real_02641.jpeg,train,real,real,/kaggle/working/genimage_8000_split_v4/train/real/real_02641.jpeg
real_01224.jpeg,train,real,real,/kaggle/working/genimage_8000_split_v4/train/real/real_01224.jpeg
real_01156.jpeg,train,real,real,/kaggle/working/genimage_8000_split_v4/train/real/real_01156.jpeg
real_00970.jpeg,train,real,real,/kaggle/working/genimage_8000_split_v4/train/real/real_00970.jpeg
real_00596.jpeg,train,real,real,/kaggle/working/genimage_8000_split_v4/train/real/real_00596.jpeg
real_01516.jpeg,train,real,real,/kaggle/working/genimage_8000_split_v4/train/real/real_01516.jpeg
real_01954.jpeg,train,real,real,/kaggle/working/genimage_8000_split_v4/train/real/real_01954.jpeg
real_00477.jpeg,train,real,real,/kaggle/working/genimage_8000_split_v4/train/real/real_00477.jpeg
real_01140.jpeg,train,real,real,/kaggle/working/genimage_8000_split_v4/train/real/real_01140.jpeg
real_01980.jpeg,train,real,real,/kaggle/working/genimage_8000_split_v4/train/real/real_01980.jpeg
real_00261.jpeg,train,real,real,/kaggle/working/genimage_8000_split_v4/train/real/real_00261.jpeg
real_01075.jpeg,train,real,real,/kaggle/working/genimage_8000_split_v4/train/real/real_01075.jpeg
real_00273.jpeg,train,real,real,/kaggle/working/genimage_8000_split_v4/train/real/real_00273.jpeg
real_01335.jpeg,train,real,real,/kaggle/working/genimage_8000_split_v4/train/real/real_01335.jpeg
real_01970.jpeg,train,real,real,/kaggle/working/genimage_8000_split_v4/train/real/real_01970.jpeg
real_02743.jpeg,train,real,real,/kaggle/working/genimage_8000_split_v4/train/real/real_02743.jpeg
real_02651.jpeg,train,real,real,/kaggle/working/genimage_8000_split_v4/train/real/real_02651.jpeg
real_02775.jpeg,train,real,real,/kaggle/working/genimage_8000_split_v4/train/real/real_02775.jpeg
real_02774.jpeg,train,real,real,/kaggle/working/genimage_8000_split_v4/train/real/real_02774.jpeg
real_01699.jpeg,train,real,real,/kaggle/working/genimage_8000_split_v4/train/real/real_01699.jpeg
real_00100.jpeg,train,real,real,/kaggle/working/genimage_8000_split_v4/train/real/real_00100.jpeg
real_02516.jpeg,train,real,real,/kaggle/working/genimage_8000_split_v4/train/real/real_02516.jpeg
real_01669.jpeg,train,real,real,/kaggle/working/genimage_8000_split_v4/train/real/real_01669.jpeg
real_01636.jpeg,train,real,real,/kaggle/working/genimage_8000_split_v4/train/real/real_01636.jpeg
real_00783.jpeg,train,real,real,/kaggle/working/genimage_8000_split_v4/train/real/real_00783.jpeg
real_01688.jpeg,train,real,real,/kaggle/working/genimage_8000_split_v4/train/real/real_01688.jpeg
real_02301.jpeg,train,real,real,/kaggle/working/genimage_8000_split_v4/train/real/real_02301.jpeg
real_00636.jpeg,train,real,real,/kaggle/working/genimage_8000_split_v4/train/real/real_00636.jpeg
real_01942.jpeg,train,real,real,/kaggle/working/genimage_8000_split_v4/train/real/real_01942.jpeg
real_00988.jpeg,train,real,real,/kaggle/working/genimage_8000_split_v4/train/real/real_00988.jpeg
real_00080.jpeg,train,real,real,/kaggle/working/genimage_8000_split_v4/train/real/real_00080.jpeg
real_02319.jpeg,train,real,real,/kaggle/working/genimage_8000_split_v4/train/real/real_02319.jpeg
real_02740.jpeg,train,real,real,/kaggle/working/genimage_8000_split_v4/train/real/real_02740.jpeg
real_02527.jpeg,train,real,real,/kaggle/working/genimage_8000_split_v4/train/real/real_02527.jpeg
real_01907.jpeg,train,real,real,/kaggle/working/genimage_8000_split_v4/train/real/real_01907.jpeg
real_00612.jpeg,train,real,real,/kaggle/working/genimage_8000_split_v4/train/real/real_00612.jpeg
real_00009.jpeg,train,real,real,/kaggle/working/genimage_8000_split_v4/train/real/real_00009.jpeg
real_02142.jpeg,train,real,real,/kaggle/working/genimage_8000_split_v4/train/real/real_02142.jpeg
real_00167.jpeg,train,real,real,/kaggle/working/genimage_8000_split_v4/train/real/real_00167.jpeg
real_01615.jpeg,train,real,real,/kaggle/working/genimage_8000_split_v4/train/real/real_01615.jpeg
real_00720.jpeg,train,real,real,/kaggle/working/genimage_8000_split_v4/train/real/real_00720.jpeg
real_02396.jpeg,train,real,real,/kaggle/working/genimage_8000_split_v4/train/real/real_02396.jpeg
real_01526.jpeg,train,real,real,/kaggle/working/genimage_8000_split_v4/train/real/real_01526.jpeg
real_01020.jpeg,train,real,real,/kaggle/working/genimage_8000_split_v4/train/real/real_01020.jpeg
real_02354.jpeg,train,real,real,/kaggle/working/genimage_8000_split_v4/train/real/real_02354.jpeg
real_01556.jpeg,train,real,real,/kaggle/working/genimage_8000_split_v4/train/real/real_01556.jpeg
real_00822.jpeg,train,real,real,/kaggle/working/genimage_8000_split_v4/train/real/real_00822.jpeg
real_00571.jpeg,train,real,real,/kaggle/working/genimage_8000_split_v4/train/real/real_00571.jpeg
real_00879.jpeg,train,real,real,/kaggle/working/genimage_8000_split_v4/train/real/real_00879.jpeg
real_01154.jpeg,train,real,real,/kaggle/working/genimage_8000_split_v4/train/real/real_01154.jpeg
real_00218.jpeg,train,real,real,/kaggle/working/genimage_8000_split_v4/train/real/real_00218.jpeg
real_00355.jpeg,train,real,real,/kaggle/working/genimage_8000_split_v4/train/real/real_00355.jpeg
real_00406.jpeg,train,real,real,/kaggle/working/genimage_8000_split_v4/train/real/real_00406.jpeg
real_02447.jpeg,train,real,real,/kaggle/working/genimage_8000_split_v4/train/real/real_02447.jpeg
real_00302.jpeg,train,real,real,/kaggle/working/genimage_8000_split_v4/train/real/real_00302.jpeg
real_02700.jpeg,train,real,real,/kaggle/working/genimage_8000_split_v4/train/real/real_02700.jpeg
real_01721.jpeg,train,real,real,/kaggle/working/genimage_8000_split_v4/train/real/real_01721.jpeg
real_02763.jpeg,train,real,real,/kaggle/working/genimage_8000_split_v4/train/real/real_02763.jpeg
real_01259.jpeg,train,real,real,/kaggle/working/genimage_8000_split_v4/train/real/real_01259.jpeg
real_01434.jpeg,train,real,real,/kaggle/working/genimage_8000_split_v4/train/real/real_01434.jpeg
real_02570.jpeg,train,real,real,/kaggle/working/genimage_8000_split_v4/train/real/real_02570.jpeg
real_02561.jpeg,train,real,real,/kaggle/working/genimage_8000_split_v4/train/real/real_02561.jpeg
real_01903.jpeg,train,real,real,/kaggle/working/genimage_8000_split_v4/train/real/real_01903.jpeg
real_01304.jpeg,train,real,real,/kaggle/working/genimage_8000_split_v4/train/real/real_01304.jpeg
real_01336.jpeg,train,real,real,/kaggle/working/genimage_8000_split_v4/train/real/real_01336.jpeg
real_00010.jpeg,train,real,real,/kaggle/working/genimage_8000_split_v4/train/real/real_00010.jpeg
real_01534.jpeg,train,real,real,/kaggle/working/genimage_8000_split_v4/train/real/real_01534.jpeg
real_00742.jpeg,train,real,real,/kaggle/working/genimage_8000_split_v4/train/real/real_00742.jpeg
real_02246.jpeg,train,real,real,/kaggle/working/genimage_8000_split_v4/train/real/real_02246.jpeg
real_01320.jpeg,train,real,real,/kaggle/working/genimage_8000_split_v4/train/real/real_01320.jpeg
real_01052.jpeg,train,real,real,/kaggle/working/genimage_8000_split_v4/train/real/real_01052.jpeg
real_00654.jpeg,train,real,real,/kaggle/working/genimage_8000_split_v4/train/real/real_00654.jpeg
real_01533.jpeg,train,real,real,/kaggle/working/genimage_8000_split_v4/train/real/real_01533.jpeg
real_02154.jpeg,train,real,real,/kaggle/working/genimage_8000_split_v4/train/real/real_02154.jpeg
real_01067.jpeg,train,real,real,/kaggle/working/genimage_8000_split_v4/train/real/real_01067.jpeg
real_01800.jpeg,train,real,real,/kaggle/working/genimage_8000_split_v4/train/real/real_01800.jpeg
real_00405.jpeg,train,real,real,/kaggle/working/genimage_8000_split_v4/train/real/real_00405.jpeg
real_01114.jpeg,train,real,real,/kaggle/working/genimage_8000_split_v4/train/real/real_01114.jpeg
real_01570.jpeg,train,real,real,/kaggle/working/genimage_8000_split_v4/train/real/real_01570.jpeg
real_00649.jpeg,train,real,real,/kaggle/working/genimage_8000_split_v4/train/real/real_00649.jpeg
real_00447.jpeg,train,real,real,/kaggle/working/genimage_8000_split_v4/train/real/real_00447.jpeg
real_00379.jpeg,train,real,real,/kaggle/working/genimage_8000_split_v4/train/real/real_00379.jpeg
real_02243.jpeg,train,real,real,/kaggle/working/genimage_8000_split_v4/train/real/real_02243.jpeg
real_00785.jpeg,train,real,real,/kaggle/working/genimage_8000_split_v4/train/real/real_00785.jpeg
real_01536.jpeg,train,real,real,/kaggle/working/genimage_8000_split_v4/train/real/real_01536.jpeg
real_00903.jpeg,train,real,real,/kaggle/working/genimage_8000_split_v4/train/real/real_00903.jpeg
real_02555.jpeg,train,real,real,/kaggle/working/genimage_8000_split_v4/train/real/real_02555.jpeg
real_02350.jpeg,train,real,real,/kaggle/working/genimage_8000_split_v4/train/real/real_02350.jpeg
real_01664.jpeg,train,real,real,/kaggle/working/genimage_8000_split_v4/train/real/real_01664.jpeg
real_02762.jpeg,train,real,real,/kaggle/working/genimage_8000_split_v4/train/real/real_02762.jpeg
real_00319.jpeg,train,real,real,/kaggle/working/genimage_8000_split_v4/train/real/real_00319.jpeg
real_00986.jpeg,train,real,real,/kaggle/working/genimage_8000_split_v4/train/real/real_00986.jpeg
real_02304.jpeg,train,real,real,/kaggle/working/genimage_8000_split_v4/train/real/real_02304.jpeg
real_01423.jpeg,train,real,real,/kaggle/working/genimage_8000_split_v4/train/real/real_01423.jpeg
real_00543.jpeg,train,real,real,/kaggle/working/genimage_8000_split_v4/train/real/real_00543.jpeg
real_00539.jpeg,train,real,real,/kaggle/working/genimage_8000_split_v4/train/real/real_00539.jpeg
real_00579.jpeg,train,real,real,/kaggle/working/genimage_8000_split_v4/train/real/real_00579.jpeg
real_00810.jpeg,train,real,real,/kaggle/working/genimage_8000_split_v4/train/real/real_00810.jpeg
real_02785.jpeg,train,real,real,/kaggle/working/genimage_8000_split_v4/train/real/real_02785.jpeg
real_01887.jpeg,train,real,real,/kaggle/working/genimage_8000_split_v4/train/real/real_01887.jpeg
real_02622.jpeg,train,real,real,/kaggle/working/genimage_8000_split_v4/train/real/real_02622.jpeg
real_01350.jpeg,train,real,real,/kaggle/working/genimage_8000_split_v4/train/real/real_01350.jpeg
real_01352.jpeg,train,real,real,/kaggle/working/genimage_8000_split_v4/train/real/real_01352.jpeg
real_00959.jpeg,train,real,real,/kaggle/working/genimage_8000_split_v4/train/real/real_00959.jpeg
real_02259.jpeg,train,real,real,/kaggle/working/genimage_8000_split_v4/train/real/real_02259.jpeg
real_02526.jpeg,train,real,real,/kaggle/working/genimage_8000_split_v4/train/real/real_02526.jpeg
real_01560.jpeg,train,real,real,/kaggle/working/genimage_8000_split_v4/train/real/real_01560.jpeg
real_01301.jpeg,train,real,real,/kaggle/working/genimage_8000_split_v4/train/real/real_01301.jpeg
real_01992.jpeg,train,real,real,/kaggle/working/genimage_8000_split_v4/train/real/real_01992.jpeg
real_02399.jpeg,train,real,real,/kaggle/working/genimage_8000_split_v4/train/real/real_02399.jpeg
real_00459.jpeg,train,real,real,/kaggle/working/genimage_8000_split_v4/train/real/real_00459.jpeg
real_01609.jpeg,train,real,real,/kaggle/working/genimage_8000_split_v4/train/real/real_01609.jpeg
real_01348.jpeg,train,real,real,/kaggle/working/genimage_8000_split_v4/train/real/real_01348.jpeg
real_01889.jpeg,train,real,real,/kaggle/working/genimage_8000_split_v4/train/real/real_01889.jpeg
real_02305.jpeg,train,real,real,/kaggle/working/genimage_8000_split_v4/train/real/real_02305.jpeg
real_01341.jpeg,train,real,real,/kaggle/working/genimage_8000_split_v4/train/real/real_01341.jpeg
real_01793.jpeg,train,real,real,/kaggle/working/genimage_8000_split_v4/train/real/real_01793.jpeg
real_00587.jpeg,train,real,real,/kaggle/working/genimage_8000_split_v4/train/real/real_00587.jpeg
real_00114.jpeg,train,real,real,/kaggle/working/genimage_8000_split_v4/train/real/real_00114.jpeg
real_00898.jpeg,train,real,real,/kaggle/working/genimage_8000_split_v4/train/real/real_00898.jpeg
real_00831.jpeg,train,real,real,/kaggle/working/genimage_8000_split_v4/train/real/real_00831.jpeg
real_01698.jpeg,train,real,real,/kaggle/working/genimage_8000_split_v4/train/real/real_01698.jpeg
real_01084.jpeg,train,real,real,/kaggle/working/genimage_8000_split_v4/train/real/real_01084.jpeg
real_01967.jpeg,train,real,real,/kaggle/working/genimage_8000_split_v4/train/real/real_01967.jpeg
real_01846.jpeg,train,real,real,/kaggle/working/genimage_8000_split_v4/train/real/real_01846.jpeg
real_02308.jpeg,train,real,real,/kaggle/working/genimage_8000_split_v4/train/real/real_02308.jpeg
real_01900.jpeg,train,real,real,/kaggle/working/genimage_8000_split_v4/train/real/real_01900.jpeg
real_02240.jpeg,train,real,real,/kaggle/working/genimage_8000_split_v4/train/real/real_02240.jpeg
real_01845.jpeg,train,real,real,/kaggle/working/genimage_8000_split_v4/train/real/real_01845.jpeg
real_00692.jpeg,train,real,real,/kaggle/working/genimage_8000_split_v4/train/real/real_00692.jpeg
real_01119.jpeg,train,real,real,/kaggle/working/genimage_8000_split_v4/train/real/real_01119.jpeg
real_02267.jpeg,train,real,real,/kaggle/working/genimage_8000_split_v4/train/real/real_02267.jpeg
real_01867.jpeg,train,real,real,/kaggle/working/genimage_8000_split_v4/train/real/real_01867.jpeg
real_01957.jpeg,train,real,real,/kaggle/working/genimage_8000_split_v4/train/real/real_01957.jpeg
real_00711.jpeg,train,real,real,/kaggle/working/genimage_8000_split_v4/train/real/real_00711.jpeg
real_01616.jpeg,train,real,real,/kaggle/working/genimage_8000_split_v4/train/real/real_01616.jpeg
real_02033.jpeg,train,real,real,/kaggle/working/genimage_8000_split_v4/train/real/real_02033.jpeg
real_02340.jpeg,train,real,real,/kaggle/working/genimage_8000_split_v4/train/real/real_02340.jpeg
real_01684.jpeg,train,real,real,/kaggle/working/genimage_8000_split_v4/train/real/real_01684.jpeg
real_02607.jpeg,train,real,real,/kaggle/working/genimage_8000_split_v4/train/real/real_02607.jpeg
real_01201.jpeg,train,real,real,/kaggle/working/genimage_8000_split_v4/train/real/real_01201.jpeg
real_00479.jpeg,train,real,real,/kaggle/working/genimage_8000_split_v4/train/real/real_00479.jpeg
real_00943.jpeg,train,real,real,/kaggle/working/genimage_8000_split_v4/train/real/real_00943.jpeg
real_00488.jpeg,train,real,real,/kaggle/working/genimage_8000_split_v4/train/real/real_00488.jpeg
real_02019.jpeg,train,real,real,/kaggle/working/genimage_8000_split_v4/train/real/real_02019.jpeg
real_01784.jpeg,train,real,real,/kaggle/working/genimage_8000_split_v4/train/real/real_01784.jpeg
real_01642.jpeg,train,real,real,/kaggle/working/genimage_8000_split_v4/train/real/real_01642.jpeg
real_00912.jpeg,train,real,real,/kaggle/working/genimage_8000_split_v4/train/real/real_00912.jpeg
real_01576.jpeg,train,real,real,/kaggle/working/genimage_8000_split_v4/train/real/real_01576.jpeg
real_00360.jpeg,train,real,real,/kaggle/working/genimage_8000_split_v4/train/real/real_00360.jpeg
real_02296.jpeg,train,real,real,/kaggle/working/genimage_8000_split_v4/train/real/real_02296.jpeg
real_01334.jpeg,train,real,real,/kaggle/working/genimage_8000_split_v4/train/real/real_01334.jpeg
real_01762.jpeg,train,real,real,/kaggle/working/genimage_8000_split_v4/train/real/real_01762.jpeg
real_02501.jpeg,train,real,real,/kaggle/working/genimage_8000_split_v4/train/real/real_02501.jpeg
real_00363.jpeg,train,real,real,/kaggle/working/genimage_8000_split_v4/train/real/real_00363.jpeg
real_00764.jpeg,train,real,real,/kaggle/working/genimage_8000_split_v4/train/real/real_00764.jpeg
real_01175.jpeg,train,real,real,/kaggle/working/genimage_8000_split_v4/train/real/real_01175.jpeg
real_01214.jpeg,train,real,real,/kaggle/working/genimage_8000_split_v4/train/real/real_01214.jpeg
real_00915.jpeg,train,real,real,/kaggle/working/genimage_8000_split_v4/train/real/real_00915.jpeg
real_02261.jpeg,train,real,real,/kaggle/working/genimage_8000_split_v4/train/real/real_02261.jpeg
real_01697.jpeg,train,real,real,/kaggle/working/genimage_8000_split_v4/train/real/real_01697.jpeg
real_02429.jpeg,train,real,real,/kaggle/working/genimage_8000_split_v4/train/real/real_02429.jpeg
real_01975.jpeg,train,real,real,/kaggle/working/genimage_8000_split_v4/train/real/real_01975.jpeg
real_02420.jpeg,train,real,real,/kaggle/working/genimage_8000_split_v4/train/real/real_02420.jpeg
real_00350.jpeg,train,real,real,/kaggle/working/genimage_8000_split_v4/train/real/real_00350.jpeg
real_02789.jpeg,train,real,real,/kaggle/working/genimage_8000_split_v4/train/real/real_02789.jpeg
real_02264.jpeg,train,real,real,/kaggle/working/genimage_8000_split_v4/train/real/real_02264.jpeg
real_00441.jpeg,train,real,real,/kaggle/working/genimage_8000_split_v4/train/real/real_00441.jpeg
real_00003.jpeg,train,real,real,/kaggle/working/genimage_8000_split_v4/train/real/real_00003.jpeg
real_01739.jpeg,train,real,real,/kaggle/working/genimage_8000_split_v4/train/real/real_01739.jpeg
real_01771.jpeg,train,real,real,/kaggle/working/genimage_8000_split_v4/train/real/real_01771.jpeg
real_02534.jpeg,train,real,real,/kaggle/working/genimage_8000_split_v4/train/real/real_02534.jpeg
real_01386.jpeg,train,real,real,/kaggle/working/genimage_8000_split_v4/train/real/real_01386.jpeg
real_02589.jpeg,train,real,real,/kaggle/working/genimage_8000_split_v4/train/real/real_02589.jpeg
real_02088.jpeg,train,real,real,/kaggle/working/genimage_8000_split_v4/train/real/real_02088.jpeg
real_01282.jpeg,train,real,real,/kaggle/working/genimage_8000_split_v4/train/real/real_01282.jpeg
real_00817.jpeg,train,real,real,/kaggle/working/genimage_8000_split_v4/train/real/real_00817.jpeg
real_02764.jpeg,train,real,real,/kaggle/working/genimage_8000_split_v4/train/real/real_02764.jpeg
real_00637.jpeg,train,real,real,/kaggle/working/genimage_8000_split_v4/train/real/real_00637.jpeg
real_01702.jpeg,train,real,real,/kaggle/working/genimage_8000_split_v4/train/real/real_01702.jpeg
real_01960.jpeg,train,real,real,/kaggle/working/genimage_8000_split_v4/train/real/real_01960.jpeg
real_02138.jpeg,train,real,real,/kaggle/working/genimage_8000_split_v4/train/real/real_02138.jpeg
real_01848.jpeg,train,real,real,/kaggle/working/genimage_8000_split_v4/train/real/real_01848.jpeg
real_00217.jpeg,train,real,real,/kaggle/working/genimage_8000_split_v4/train/real/real_00217.jpeg
real_01728.jpeg,train,real,real,/kaggle/working/genimage_8000_split_v4/train/real/real_01728.jpeg
real_02508.jpeg,train,real,real,/kaggle/working/genimage_8000_split_v4/train/real/real_02508.jpeg
real_00465.jpeg,train,real,real,/kaggle/working/genimage_8000_split_v4/train/real/real_00465.jpeg
real_02181.jpeg,train,real,real,/kaggle/working/genimage_8000_split_v4/train/real/real_02181.jpeg
real_00442.jpeg,train,real,real,/kaggle/working/genimage_8000_split_v4/train/real/real_00442.jpeg
real_02167.jpeg,train,real,real,/kaggle/working/genimage_8000_split_v4/train/real/real_02167.jpeg
real_02551.jpeg,train,real,real,/kaggle/working/genimage_8000_split_v4/train/real/real_02551.jpeg
real_02599.jpeg,train,real,real,/kaggle/working/genimage_8000_split_v4/train/real/real_02599.jpeg
real_01427.jpeg,train,real,real,/kaggle/working/genimage_8000_split_v4/train/real/real_01427.jpeg
real_01211.jpeg,train,real,real,/kaggle/working/genimage_8000_split_v4/train/real/real_01211.jpeg
real_01347.jpeg,train,real,real,/kaggle/working/genimage_8000_split_v4/train/real/real_01347.jpeg
real_00233.jpeg,train,real,real,/kaggle/working/genimage_8000_split_v4/train/real/real_00233.jpeg
real_02678.jpeg,train,real,real,/kaggle/working/genimage_8000_split_v4/train/real/real_02678.jpeg
real_02117.jpeg,train,real,real,/kaggle/working/genimage_8000_split_v4/train/real/real_02117.jpeg
real_01184.jpeg,train,real,real,/kaggle/working/genimage_8000_split_v4/train/real/real_01184.jpeg
real_02705.jpeg,train,real,real,/kaggle/working/genimage_8000_split_v4/train/real/real_02705.jpeg
real_00161.jpeg,train,real,real,/kaggle/working/genimage_8000_split_v4/train/real/real_00161.jpeg
real_01432.jpeg,train,real,real,/kaggle/working/genimage_8000_split_v4/train/real/real_01432.jpeg
real_00412.jpeg,train,real,real,/kaggle/working/genimage_8000_split_v4/train/real/real_00412.jpeg
real_00933.jpeg,train,real,real,/kaggle/working/genimage_8000_split_v4/train/real/real_00933.jpeg
real_00468.jpeg,train,real,real,/kaggle/working/genimage_8000_split_v4/train/real/real_00468.jpeg
real_02209.jpeg,train,real,real,/kaggle/working/genimage_8000_split_v4/train/real/real_02209.jpeg
real_01524.jpeg,train,real,real,/kaggle/working/genimage_8000_split_v4/train/real/real_01524.jpeg
real_00125.jpeg,train,real,real,/kaggle/working/genimage_8000_split_v4/train/real/real_00125.jpeg
real_00186.jpeg,train,real,real,/kaggle/working/genimage_8000_split_v4/train/real/real_00186.jpeg
real_00172.jpeg,train,real,real,/kaggle/working/genimage_8000_split_v4/train/real/real_00172.jpeg
real_01229.jpeg,train,real,real,/kaggle/working/genimage_8000_split_v4/train/real/real_01229.jpeg
real_02162.jpeg,train,real,real,/kaggle/working/genimage_8000_split_v4/train/real/real_02162.jpeg
real_02391.jpeg,train,real,real,/kaggle/working/genimage_8000_split_v4/train/real/real_02391.jpeg
real_01275.jpeg,train,real,real,/kaggle/working/genimage_8000_split_v4/train/real/real_01275.jpeg
real_02325.jpeg,train,real,real,/kaggle/working/genimage_8000_split_v4/train/real/real_02325.jpeg
real_00864.jpeg,train,real,real,/kaggle/working/genimage_8000_split_v4/train/real/real_00864.jpeg
real_01790.jpeg,train,real,real,/kaggle/working/genimage_8000_split_v4/train/real/real_01790.jpeg
real_01490.jpeg,train,real,real,/kaggle/working/genimage_8000_split_v4/train/real/real_01490.jpeg
real_00467.jpeg,train,real,real,/kaggle/working/genimage_8000_split_v4/train/real/real_00467.jpeg
real_01801.jpeg,train,real,real,/kaggle/working/genimage_8000_split_v4/train/real/real_01801.jpeg
real_00323.jpeg,train,real,real,/kaggle/working/genimage_8000_split_v4/train/real/real_00323.jpeg
real_01353.jpeg,train,real,real,/kaggle/working/genimage_8000_split_v4/train/real/real_01353.jpeg
real_02754.jpeg,train,real,real,/kaggle/working/genimage_8000_split_v4/train/real/real_02754.jpeg
real_00667.jpeg,train,real,real,/kaggle/working/genimage_8000_split_v4/train/real/real_00667.jpeg
real_00891.jpeg,train,real,real,/kaggle/working/genimage_8000_split_v4/train/real/real_00891.jpeg
real_02519.jpeg,train,real,real,/kaggle/working/genimage_8000_split_v4/train/real/real_02519.jpeg
real_02109.jpeg,train,real,real,/kaggle/working/genimage_8000_split_v4/train/real/real_02109.jpeg
real_00805.jpeg,train,real,real,/kaggle/working/genimage_8000_split_v4/train/real/real_00805.jpeg
real_00203.jpeg,train,real,real,/kaggle/working/genimage_8000_split_v4/train/real/real_00203.jpeg
real_00871.jpeg,train,real,real,/kaggle/working/genimage_8000_split_v4/train/real/real_00871.jpeg
real_00552.jpeg,train,real,real,/kaggle/working/genimage_8000_split_v4/train/real/real_00552.jpeg
real_01935.jpeg,train,real,real,/kaggle/working/genimage_8000_split_v4/train/real/real_01935.jpeg
real_00034.jpeg,train,real,real,/kaggle/working/genimage_8000_split_v4/train/real/real_00034.jpeg
real_01725.jpeg,train,real,real,/kaggle/working/genimage_8000_split_v4/train/real/real_01725.jpeg
real_01463.jpeg,train,real,real,/kaggle/working/genimage_8000_split_v4/train/real/real_01463.jpeg
real_00928.jpeg,train,real,real,/kaggle/working/genimage_8000_split_v4/train/real/real_00928.jpeg
real_00142.jpeg,train,real,real,/kaggle/working/genimage_8000_split_v4/train/real/real_00142.jpeg
real_02256.jpeg,train,real,real,/kaggle/working/genimage_8000_split_v4/train/real/real_02256.jpeg
real_02191.jpeg,train,real,real,/kaggle/working/genimage_8000_split_v4/train/real/real_02191.jpeg
real_02694.jpeg,train,real,real,/kaggle/working/genimage_8000_split_v4/train/real/real_02694.jpeg
real_02692.jpeg,train,real,real,/kaggle/working/genimage_8000_split_v4/train/real/real_02692.jpeg
real_00059.jpeg,train,real,real,/kaggle/working/genimage_8000_split_v4/train/real/real_00059.jpeg
real_01213.jpeg,train,real,real,/kaggle/working/genimage_8000_split_v4/train/real/real_01213.jpeg
real_02376.jpeg,train,real,real,/kaggle/working/genimage_8000_split_v4/train/real/real_02376.jpeg
real_02251.jpeg,train,real,real,/kaggle/working/genimage_8000_split_v4/train/real/real_02251.jpeg
real_01366.jpeg,train,real,real,/kaggle/working/genimage_8000_split_v4/train/real/real_01366.jpeg
real_02332.jpeg,train,real,real,/kaggle/working/genimage_8000_split_v4/train/real/real_02332.jpeg
real_01645.jpeg,train,real,real,/kaggle/working/genimage_8000_split_v4/train/real/real_01645.jpeg
real_00021.jpeg,train,real,real,/kaggle/working/genimage_8000_split_v4/train/real/real_00021.jpeg
real_01168.jpeg,train,real,real,/kaggle/working/genimage_8000_split_v4/train/real/real_01168.jpeg
real_02160.jpeg,train,real,real,/kaggle/working/genimage_8000_split_v4/train/real/real_02160.jpeg
real_02673.jpeg,train,real,real,/kaggle/working/genimage_8000_split_v4/train/real/real_02673.jpeg
real_01307.jpeg,train,real,real,/kaggle/working/genimage_8000_split_v4/train/real/real_01307.jpeg
real_00525.jpeg,train,real,real,/kaggle/working/genimage_8000_split_v4/train/real/real_00525.jpeg
real_00275.jpeg,train,real,real,/kaggle/working/genimage_8000_split_v4/train/real/real_00275.jpeg
real_00651.jpeg,train,real,real,/kaggle/working/genimage_8000_split_v4/train/real/real_00651.jpeg
real_02075.jpeg,train,real,real,/kaggle/working/genimage_8000_split_v4/train/real/real_02075.jpeg
real_02345.jpeg,train,real,real,/kaggle/working/genimage_8000_split_v4/train/real/real_02345.jpeg
real_00430.jpeg,train,real,real,/kaggle/working/genimage_8000_split_v4/train/real/real_00430.jpeg
real_02670.jpeg,train,real,real,/kaggle/working/genimage_8000_split_v4/train/real/real_02670.jpeg
real_00349.jpeg,train,real,real,/kaggle/working/genimage_8000_split_v4/train/real/real_00349.jpeg
real_01152.jpeg,train,real,real,/kaggle/working/genimage_8000_split_v4/train/real/real_01152.jpeg
real_00952.jpeg,train,real,real,/kaggle/working/genimage_8000_split_v4/train/real/real_00952.jpeg
real_00641.jpeg,train,real,real,/kaggle/working/genimage_8000_split_v4/train/real/real_00641.jpeg
real_01208.jpeg,train,real,real,/kaggle/working/genimage_8000_split_v4/train/real/real_01208.jpeg
real_01819.jpeg,train,real,real,/kaggle/working/genimage_8000_split_v4/train/real/real_01819.jpeg
real_01410.jpeg,train,real,real,/kaggle/working/genimage_8000_split_v4/train/real/real_01410.jpeg
real_01473.jpeg,train,real,real,/kaggle/working/genimage_8000_split_v4/train/real/real_01473.jpeg
real_01375.jpeg,train,real,real,/kaggle/working/genimage_8000_split_v4/train/real/real_01375.jpeg
real_00373.jpeg,train,real,real,/kaggle/working/genimage_8000_split_v4/train/real/real_00373.jpeg
real_01116.jpeg,train,real,real,/kaggle/working/genimage_8000_split_v4/train/real/real_01116.jpeg
real_02792.jpeg,train,real,real,/kaggle/working/genimage_8000_split_v4/train/real/real_02792.jpeg
real_02255.jpeg,train,real,real,/kaggle/working/genimage_8000_split_v4/train/real/real_02255.jpeg
real_02440.jpeg,train,real,real,/kaggle/working/genimage_8000_split_v4/train/real/real_02440.jpeg
real_01951.jpeg,train,real,real,/kaggle/working/genimage_8000_split_v4/train/real/real_01951.jpeg
real_00658.jpeg,train,real,real,/kaggle/working/genimage_8000_split_v4/train/real/real_00658.jpeg
real_01049.jpeg,train,real,real,/kaggle/working/genimage_8000_split_v4/train/real/real_01049.jpeg
real_01737.jpeg,train,real,real,/kaggle/working/genimage_8000_split_v4/train/real/real_01737.jpeg
real_00078.jpeg,train,real,real,/kaggle/working/genimage_8000_split_v4/train/real/real_00078.jpeg
real_01045.jpeg,train,real,real,/kaggle/working/genimage_8000_split_v4/train/real/real_01045.jpeg
real_02275.jpeg,train,real,real,/kaggle/working/genimage_8000_split_v4/train/real/real_02275.jpeg
real_02032.jpeg,train,real,real,/kaggle/working/genimage_8000_split_v4/train/real/real_02032.jpeg
real_02454.jpeg,train,real,real,/kaggle/working/genimage_8000_split_v4/train/real/real_02454.jpeg
real_01976.jpeg,train,real,real,/kaggle/working/genimage_8000_split_v4/train/real/real_01976.jpeg
real_00437.jpeg,train,real,real,/kaggle/working/genimage_8000_split_v4/train/real/real_00437.jpeg
real_01183.jpeg,train,real,real,/kaggle/working/genimage_8000_split_v4/train/real/real_01183.jpeg
real_00843.jpeg,train,real,real,/kaggle/working/genimage_8000_split_v4/train/real/real_00843.jpeg
real_01782.jpeg,train,real,real,/kaggle/working/genimage_8000_split_v4/train/real/real_01782.jpeg
real_00520.jpeg,train,real,real,/kaggle/working/genimage_8000_split_v4/train/real/real_00520.jpeg
real_01566.jpeg,train,real,real,/kaggle/working/genimage_8000_split_v4/train/real/real_01566.jpeg
real_01365.jpeg,train,real,real,/kaggle/working/genimage_8000_split_v4/train/real/real_01365.jpeg
real_01864.jpeg,train,real,real,/kaggle/working/genimage_8000_split_v4/train/real/real_01864.jpeg
real_00945.jpeg,train,real,real,/kaggle/working/genimage_8000_split_v4/train/real/real_00945.jpeg
real_02086.jpeg,train,real,real,/kaggle/working/genimage_8000_split_v4/train/real/real_02086.jpeg
real_00564.jpeg,train,real,real,/kaggle/working/genimage_8000_split_v4/train/real/real_00564.jpeg
real_00578.jpeg,train,real,real,/kaggle/working/genimage_8000_split_v4/train/real/real_00578.jpeg
real_00225.jpeg,train,real,real,/kaggle/working/genimage_8000_split_v4/train/real/real_00225.jpeg
real_00232.jpeg,train,real,real,/kaggle/working/genimage_8000_split_v4/train/real/real_00232.jpeg
real_02222.jpeg,train,real,real,/kaggle/working/genimage_8000_split_v4/train/real/real_02222.jpeg
real_01501.jpeg,train,real,real,/kaggle/working/genimage_8000_split_v4/train/real/real_01501.jpeg
real_01607.jpeg,train,real,real,/kaggle/working/genimage_8000_split_v4/train/real/real_01607.jpeg
real_02544.jpeg,train,real,real,/kaggle/working/genimage_8000_split_v4/train/real/real_02544.jpeg
real_02483.jpeg,train,real,real,/kaggle/working/genimage_8000_split_v4/train/real/real_02483.jpeg
real_02249.jpeg,train,real,real,/kaggle/working/genimage_8000_split_v4/train/real/real_02249.jpeg
real_02562.jpeg,train,real,real,/kaggle/working/genimage_8000_split_v4/train/real/real_02562.jpeg
real_01178.jpeg,train,real,real,/kaggle/working/genimage_8000_split_v4/train/real/real_01178.jpeg
real_00880.jpeg,train,real,real,/kaggle/working/genimage_8000_split_v4/train/real/real_00880.jpeg
real_00823.jpeg,train,real,real,/kaggle/working/genimage_8000_split_v4/train/real/real_00823.jpeg
real_02446.jpeg,train,real,real,/kaggle/working/genimage_8000_split_v4/train/real/real_02446.jpeg
real_01797.jpeg,train,real,real,/kaggle/working/genimage_8000_split_v4/train/real/real_01797.jpeg
real_01590.jpeg,train,real,real,/kaggle/working/genimage_8000_split_v4/train/real/real_01590.jpeg
real_02684.jpeg,train,real,real,/kaggle/working/genimage_8000_split_v4/train/real/real_02684.jpeg
real_00762.jpeg,train,real,real,/kaggle/working/genimage_8000_split_v4/train/real/real_00762.jpeg
real_00194.jpeg,train,real,real,/kaggle/working/genimage_8000_split_v4/train/real/real_00194.jpeg
real_00278.jpeg,train,real,real,/kaggle/working/genimage_8000_split_v4/train/real/real_00278.jpeg
real_00795.jpeg,train,real,real,/kaggle/working/genimage_8000_split_v4/train/real/real_00795.jpeg
real_00168.jpeg,train,real,real,/kaggle/working/genimage_8000_split_v4/train/real/real_00168.jpeg
real_01829.jpeg,train,real,real,/kaggle/working/genimage_8000_split_v4/train/real/real_01829.jpeg
real_01139.jpeg,train,real,real,/kaggle/working/genimage_8000_split_v4/train/real/real_01139.jpeg
real_01611.jpeg,train,real,real,/kaggle/working/genimage_8000_split_v4/train/real/real_01611.jpeg
real_02595.jpeg,train,real,real,/kaggle/working/genimage_8000_split_v4/train/real/real_02595.jpeg
real_00145.jpeg,train,real,real,/kaggle/working/genimage_8000_split_v4/train/real/real_00145.jpeg
real_02196.jpeg,train,real,real,/kaggle/working/genimage_8000_split_v4/train/real/real_02196.jpeg
real_02781.jpeg,train,real,real,/kaggle/working/genimage_8000_split_v4/train/real/real_02781.jpeg
real_02648.jpeg,train,real,real,/kaggle/working/genimage_8000_split_v4/train/real/real_02648.jpeg
real_01113.jpeg,train,real,real,/kaggle/working/genimage_8000_split_v4/train/real/real_01113.jpeg
real_02113.jpeg,train,real,real,/kaggle/working/genimage_8000_split_v4/train/real/real_02113.jpeg
real_00495.jpeg,train,real,real,/kaggle/working/genimage_8000_split_v4/train/real/real_00495.jpeg
real_01384.jpeg,train,real,real,/kaggle/working/genimage_8000_split_v4/train/real/real_01384.jpeg
real_01311.jpeg,train,real,real,/kaggle/working/genimage_8000_split_v4/train/real/real_01311.jpeg
real_00236.jpeg,train,real,real,/kaggle/working/genimage_8000_split_v4/train/real/real_00236.jpeg
real_00121.jpeg,train,real,real,/kaggle/working/genimage_8000_split_v4/train/real/real_00121.jpeg
real_00991.jpeg,train,real,real,/kaggle/working/genimage_8000_split_v4/train/real/real_00991.jpeg
real_00455.jpeg,train,real,real,/kaggle/working/genimage_8000_split_v4/train/real/real_00455.jpeg
real_02680.jpeg,train,real,real,/kaggle/working/genimage_8000_split_v4/train/real/real_02680.jpeg
real_00177.jpeg,train,real,real,/kaggle/working/genimage_8000_split_v4/train/real/real_00177.jpeg
real_01735.jpeg,train,real,real,/kaggle/working/genimage_8000_split_v4/train/real/real_01735.jpeg
real_00485.jpeg,train,real,real,/kaggle/working/genimage_8000_split_v4/train/real/real_00485.jpeg
real_00136.jpeg,train,real,real,/kaggle/working/genimage_8000_split_v4/train/real/real_00136.jpeg
real_00054.jpeg,train,real,real,/kaggle/working/genimage_8000_split_v4/train/real/real_00054.jpeg
real_00701.jpeg,train,real,real,/kaggle/working/genimage_8000_split_v4/train/real/real_00701.jpeg
real_01604.jpeg,train,real,real,/kaggle/working/genimage_8000_split_v4/train/real/real_01604.jpeg
real_01606.jpeg,train,real,real,/kaggle/working/genimage_8000_split_v4/train/real/real_01606.jpeg
real_01827.jpeg,train,real,real,/kaggle/working/genimage_8000_split_v4/train/real/real_01827.jpeg
real_00470.jpeg,train,real,real,/kaggle/working/genimage_8000_split_v4/train/real/real_00470.jpeg
real_00118.jpeg,train,real,real,/kaggle/working/genimage_8000_split_v4/train/real/real_00118.jpeg
real_01512.jpeg,train,real,real,/kaggle/working/genimage_8000_split_v4/train/real/real_01512.jpeg
real_02215.jpeg,train,real,real,/kaggle/working/genimage_8000_split_v4/train/real/real_02215.jpeg
real_01165.jpeg,train,real,real,/kaggle/working/genimage_8000_split_v4/train/real/real_01165.jpeg
real_00153.jpeg,train,real,real,/kaggle/working/genimage_8000_split_v4/train/real/real_00153.jpeg
real_02347.jpeg,train,real,real,/kaggle/working/genimage_8000_split_v4/train/real/real_02347.jpeg
real_02467.jpeg,train,real,real,/kaggle/working/genimage_8000_split_v4/train/real/real_02467.jpeg
real_02015.jpeg,train,real,real,/kaggle/working/genimage_8000_split_v4/train/real/real_02015.jpeg
real_02087.jpeg,train,real,real,/kaggle/working/genimage_8000_split_v4/train/real/real_02087.jpeg
real_00384.jpeg,train,real,real,/kaggle/working/genimage_8000_split_v4/train/real/real_00384.jpeg
real_02104.jpeg,train,real,real,/kaggle/working/genimage_8000_split_v4/train/real/real_02104.jpeg
real_01666.jpeg,train,real,real,/kaggle/working/genimage_8000_split_v4/train/real/real_01666.jpeg
real_01828.jpeg,train,real,real,/kaggle/working/genimage_8000_split_v4/train/real/real_01828.jpeg
real_01756.jpeg,train,real,real,/kaggle/working/genimage_8000_split_v4/train/real/real_01756.jpeg
real_00115.jpeg,train,real,real,/kaggle/working/genimage_8000_split_v4/train/real/real_00115.jpeg
real_02548.jpeg,train,real,real,/kaggle/working/genimage_8000_split_v4/train/real/real_02548.jpeg
real_00101.jpeg,train,real,real,/kaggle/working/genimage_8000_split_v4/train/real/real_00101.jpeg
real_00327.jpeg,train,real,real,/kaggle/working/genimage_8000_split_v4/train/real/real_00327.jpeg
real_00164.jpeg,train,real,real,/kaggle/working/genimage_8000_split_v4/train/real/real_00164.jpeg
real_02092.jpeg,train,real,real,/kaggle/working/genimage_8000_split_v4/train/real/real_02092.jpeg
real_02408.jpeg,train,real,real,/kaggle/working/genimage_8000_split_v4/train/real/real_02408.jpeg
real_02392.jpeg,train,real,real,/kaggle/working/genimage_8000_split_v4/train/real/real_02392.jpeg
real_00538.jpeg,train,real,real,/kaggle/working/genimage_8000_split_v4/train/real/real_00538.jpeg
real_00049.jpeg,train,real,real,/kaggle/working/genimage_8000_split_v4/train/real/real_00049.jpeg
real_00755.jpeg,train,real,real,/kaggle/working/genimage_8000_split_v4/train/real/real_00755.jpeg
real_02600.jpeg,train,real,real,/kaggle/working/genimage_8000_split_v4/train/real/real_02600.jpeg
real_00763.jpeg,train,real,real,/kaggle/working/genimage_8000_split_v4/train/real/real_00763.jpeg
real_02668.jpeg,train,real,real,/kaggle/working/genimage_8000_split_v4/train/real/real_02668.jpeg
real_00914.jpeg,train,real,real,/kaggle/working/genimage_8000_split_v4/train/real/real_00914.jpeg
real_01360.jpeg,train,real,real,/kaggle/working/genimage_8000_split_v4/train/real/real_01360.jpeg
real_01890.jpeg,train,real,real,/kaggle/working/genimage_8000_split_v4/train/real/real_01890.jpeg
real_01551.jpeg,train,real,real,/kaggle/working/genimage_8000_split_v4/train/real/real_01551.jpeg
real_01254.jpeg,train,real,real,/kaggle/working/genimage_8000_split_v4/train/real/real_01254.jpeg
real_00706.jpeg,train,real,real,/kaggle/working/genimage_8000_split_v4/train/real/real_00706.jpeg
real_01263.jpeg,train,real,real,/kaggle/working/genimage_8000_split_v4/train/real/real_01263.jpeg
real_00811.jpeg,train,real,real,/kaggle/working/genimage_8000_split_v4/train/real/real_00811.jpeg
real_02005.jpeg,train,real,real,/kaggle/working/genimage_8000_split_v4/train/real/real_02005.jpeg
real_01676.jpeg,train,real,real,/kaggle/working/genimage_8000_split_v4/train/real/real_01676.jpeg
real_01601.jpeg,train,real,real,/kaggle/working/genimage_8000_split_v4/train/real/real_01601.jpeg
real_00544.jpeg,train,real,real,/kaggle/working/genimage_8000_split_v4/train/real/real_00544.jpeg
real_01129.jpeg,train,real,real,/kaggle/working/genimage_8000_split_v4/train/real/real_01129.jpeg
real_01704.jpeg,train,real,real,/kaggle/working/genimage_8000_split_v4/train/real/real_01704.jpeg
real_01031.jpeg,train,real,real,/kaggle/working/genimage_8000_split_v4/train/real/real_01031.jpeg
real_01986.jpeg,train,real,real,/kaggle/working/genimage_8000_split_v4/train/real/real_01986.jpeg
real_01919.jpeg,train,real,real,/kaggle/working/genimage_8000_split_v4/train/real/real_01919.jpeg
real_00735.jpeg,train,real,real,/kaggle/working/genimage_8000_split_v4/train/real/real_00735.jpeg
real_00154.jpeg,train,real,real,/kaggle/working/genimage_8000_split_v4/train/real/real_00154.jpeg
real_00215.jpeg,train,real,real,/kaggle/working/genimage_8000_split_v4/train/real/real_00215.jpeg
real_00124.jpeg,train,real,real,/kaggle/working/genimage_8000_split_v4/train/real/real_00124.jpeg
real_00223.jpeg,train,real,real,/kaggle/working/genimage_8000_split_v4/train/real/real_00223.jpeg
real_02767.jpeg,train,real,real,/kaggle/working/genimage_8000_split_v4/train/real/real_02767.jpeg
real_01128.jpeg,train,real,real,/kaggle/working/genimage_8000_split_v4/train/real/real_01128.jpeg
real_02163.jpeg,train,real,real,/kaggle/working/genimage_8000_split_v4/train/real/real_02163.jpeg
real_00770.jpeg,train,real,real,/kaggle/working/genimage_8000_split_v4/train/real/real_00770.jpeg
real_02635.jpeg,train,real,real,/kaggle/working/genimage_8000_split_v4/train/real/real_02635.jpeg
real_01624.jpeg,train,real,real,/kaggle/working/genimage_8000_split_v4/train/real/real_01624.jpeg
real_00065.jpeg,train,real,real,/kaggle/working/genimage_8000_split_v4/train/real/real_00065.jpeg
real_02199.jpeg,train,real,real,/kaggle/working/genimage_8000_split_v4/train/real/real_02199.jpeg
real_00282.jpeg,train,real,real,/kaggle/working/genimage_8000_split_v4/train/real/real_00282.jpeg
real_00267.jpeg,train,real,real,/kaggle/working/genimage_8000_split_v4/train/real/real_00267.jpeg
real_00877.jpeg,train,real,real,/kaggle/working/genimage_8000_split_v4/train/real/real_00877.jpeg
real_00937.jpeg,train,real,real,/kaggle/working/genimage_8000_split_v4/train/real/real_00937.jpeg
real_02488.jpeg,train,real,real,/kaggle/working/genimage_8000_split_v4/train/real/real_02488.jpeg
real_02277.jpeg,train,real,real,/kaggle/working/genimage_8000_split_v4/train/real/real_02277.jpeg
real_01044.jpeg,train,real,real,/kaggle/working/genimage_8000_split_v4/train/real/real_01044.jpeg
real_01230.jpeg,train,real,real,/kaggle/working/genimage_8000_split_v4/train/real/real_01230.jpeg
real_00343.jpeg,train,real,real,/kaggle/working/genimage_8000_split_v4/train/real/real_00343.jpeg
real_00421.jpeg,train,real,real,/kaggle/working/genimage_8000_split_v4/train/real/real_00421.jpeg
real_00531.jpeg,train,real,real,/kaggle/working/genimage_8000_split_v4/train/real/real_00531.jpeg
real_00775.jpeg,train,real,real,/kaggle/working/genimage_8000_split_v4/train/real/real_00775.jpeg
real_01133.jpeg,train,real,real,/kaggle/working/genimage_8000_split_v4/train/real/real_01133.jpeg
real_01479.jpeg,train,real,real,/kaggle/working/genimage_8000_split_v4/train/real/real_01479.jpeg
real_00801.jpeg,train,real,real,/kaggle/working/genimage_8000_split_v4/train/real/real_00801.jpeg
real_01806.jpeg,train,real,real,/kaggle/working/genimage_8000_split_v4/train/real/real_01806.jpeg
real_01680.jpeg,train,real,real,/kaggle/working/genimage_8000_split_v4/train/real/real_01680.jpeg
real_00873.jpeg,train,real,real,/kaggle/working/genimage_8000_split_v4/train/real/real_00873.jpeg
real_02024.jpeg,train,real,real,/kaggle/working/genimage_8000_split_v4/train/real/real_02024.jpeg
real_00793.jpeg,train,real,real,/kaggle/working/genimage_8000_split_v4/train/real/real_00793.jpeg
real_00575.jpeg,train,real,real,/kaggle/working/genimage_8000_split_v4/train/real/real_00575.jpeg
real_01180.jpeg,train,real,real,/kaggle/working/genimage_8000_split_v4/train/real/real_01180.jpeg
real_02658.jpeg,train,real,real,/kaggle/working/genimage_8000_split_v4/train/real/real_02658.jpeg
real_00290.jpeg,train,real,real,/kaggle/working/genimage_8000_split_v4/train/real/real_00290.jpeg
real_01921.jpeg,train,real,real,/kaggle/working/genimage_8000_split_v4/train/real/real_01921.jpeg
real_00336.jpeg,train,real,real,/kaggle/working/genimage_8000_split_v4/train/real/real_00336.jpeg
real_01025.jpeg,train,real,real,/kaggle/working/genimage_8000_split_v4/train/real/real_01025.jpeg
real_01682.jpeg,train,real,real,/kaggle/working/genimage_8000_split_v4/train/real/real_01682.jpeg
real_02368.jpeg,train,real,real,/kaggle/working/genimage_8000_split_v4/train/real/real_02368.jpeg
real_00306.jpeg,train,real,real,/kaggle/working/genimage_8000_split_v4/train/real/real_00306.jpeg
real_01295.jpeg,train,real,real,/kaggle/working/genimage_8000_split_v4/train/real/real_01295.jpeg
real_00812.jpeg,train,real,real,/kaggle/working/genimage_8000_split_v4/train/real/real_00812.jpeg
real_01492.jpeg,train,real,real,/kaggle/working/genimage_8000_split_v4/train/real/real_01492.jpeg
real_00231.jpeg,train,real,real,/kaggle/working/genimage_8000_split_v4/train/real/real_00231.jpeg
real_02281.jpeg,train,real,real,/kaggle/working/genimage_8000_split_v4/train/real/real_02281.jpeg
real_01720.jpeg,train,real,real,/kaggle/working/genimage_8000_split_v4/train/real/real_01720.jpeg
real_02736.jpeg,train,real,real,/kaggle/working/genimage_8000_split_v4/train/real/real_02736.jpeg
real_02245.jpeg,train,real,real,/kaggle/working/genimage_8000_split_v4/train/real/real_02245.jpeg
real_02431.jpeg,train,real,real,/kaggle/working/genimage_8000_split_v4/train/real/real_02431.jpeg
real_01264.jpeg,train,real,real,/kaggle/working/genimage_8000_split_v4/train/real/real_01264.jpeg
real_01803.jpeg,train,real,real,/kaggle/working/genimage_8000_split_v4/train/real/real_01803.jpeg
real_01233.jpeg,train,real,real,/kaggle/working/genimage_8000_split_v4/train/real/real_01233.jpeg
real_01420.jpeg,train,real,real,/kaggle/working/genimage_8000_split_v4/train/real/real_01420.jpeg
real_01862.jpeg,train,real,real,/kaggle/working/genimage_8000_split_v4/train/real/real_01862.jpeg
real_01949.jpeg,train,real,real,/kaggle/working/genimage_8000_split_v4/train/real/real_01949.jpeg
real_01554.jpeg,train,real,real,/kaggle/working/genimage_8000_split_v4/train/real/real_01554.jpeg
real_02706.jpeg,train,real,real,/kaggle/working/genimage_8000_split_v4/train/real/real_02706.jpeg
real_01822.jpeg,train,real,real,/kaggle/working/genimage_8000_split_v4/train/real/real_01822.jpeg
real_01595.jpeg,train,real,real,/kaggle/working/genimage_8000_split_v4/train/real/real_01595.jpeg
real_01572.jpeg,train,real,real,/kaggle/working/genimage_8000_split_v4/train/real/real_01572.jpeg
real_00002.jpeg,train,real,real,/kaggle/working/genimage_8000_split_v4/train/real/real_00002.jpeg
real_01394.jpeg,train,real,real,/kaggle/working/genimage_8000_split_v4/train/real/real_01394.jpeg
real_02598.jpeg,train,real,real,/kaggle/working/genimage_8000_split_v4/train/real/real_02598.jpeg
real_01938.jpeg,train,real,real,/kaggle/working/genimage_8000_split_v4/train/real/real_01938.jpeg
real_02485.jpeg,train,real,real,/kaggle/working/genimage_8000_split_v4/train/real/real_02485.jpeg
real_02787.jpeg,train,real,real,/kaggle/working/genimage_8000_split_v4/train/real/real_02787.jpeg
real_02300.jpeg,train,real,real,/kaggle/working/genimage_8000_split_v4/train/real/real_02300.jpeg
real_02169.jpeg,train,real,real,/kaggle/working/genimage_8000_split_v4/train/real/real_02169.jpeg
real_02170.jpeg,train,real,real,/kaggle/working/genimage_8000_split_v4/train/real/real_02170.jpeg
real_02083.jpeg,train,real,real,/kaggle/working/genimage_8000_split_v4/train/real/real_02083.jpeg
real_02569.jpeg,train,real,real,/kaggle/working/genimage_8000_split_v4/train/real/real_02569.jpeg
real_01716.jpeg,train,real,real,/kaggle/working/genimage_8000_split_v4/train/real/real_01716.jpeg
real_02371.jpeg,train,real,real,/kaggle/working/genimage_8000_split_v4/train/real/real_02371.jpeg
real_02573.jpeg,train,real,real,/kaggle/working/genimage_8000_split_v4/train/real/real_02573.jpeg
real_02758.jpeg,train,real,real,/kaggle/working/genimage_8000_split_v4/train/real/real_02758.jpeg
real_01306.jpeg,train,real,real,/kaggle/working/genimage_8000_split_v4/train/real/real_01306.jpeg
real_02739.jpeg,train,real,real,/kaggle/working/genimage_8000_split_v4/train/real/real_02739.jpeg
real_01843.jpeg,train,real,real,/kaggle/working/genimage_8000_split_v4/train/real/real_01843.jpeg
real_01126.jpeg,train,real,real,/kaggle/working/genimage_8000_split_v4/train/real/real_01126.jpeg
real_00504.jpeg,train,real,real,/kaggle/working/genimage_8000_split_v4/train/real/real_00504.jpeg
real_01515.jpeg,train,real,real,/kaggle/working/genimage_8000_split_v4/train/real/real_01515.jpeg
real_01027.jpeg,train,real,real,/kaggle/working/genimage_8000_split_v4/train/real/real_01027.jpeg
real_02094.jpeg,train,real,real,/kaggle/working/genimage_8000_split_v4/train/real/real_02094.jpeg
real_02114.jpeg,train,real,real,/kaggle/working/genimage_8000_split_v4/train/real/real_02114.jpeg
real_02438.jpeg,train,real,real,/kaggle/working/genimage_8000_split_v4/train/real/real_02438.jpeg
real_01436.jpeg,train,real,real,/kaggle/working/genimage_8000_split_v4/train/real/real_01436.jpeg
real_02077.jpeg,train,real,real,/kaggle/working/genimage_8000_split_v4/train/real/real_02077.jpeg
real_02211.jpeg,train,real,real,/kaggle/working/genimage_8000_split_v4/train/real/real_02211.jpeg
real_02226.jpeg,train,real,real,/kaggle/working/genimage_8000_split_v4/train/real/real_02226.jpeg
real_00536.jpeg,train,real,real,/kaggle/working/genimage_8000_split_v4/train/real/real_00536.jpeg
real_02791.jpeg,train,real,real,/kaggle/working/genimage_8000_split_v4/train/real/real_02791.jpeg
real_00664.jpeg,train,real,real,/kaggle/working/genimage_8000_split_v4/train/real/real_00664.jpeg
real_01127.jpeg,train,real,real,/kaggle/working/genimage_8000_split_v4/train/real/real_01127.jpeg
real_01812.jpeg,train,real,real,/kaggle/working/genimage_8000_split_v4/train/real/real_01812.jpeg
real_00362.jpeg,train,real,real,/kaggle/working/genimage_8000_split_v4/train/real/real_00362.jpeg
real_01553.jpeg,train,real,real,/kaggle/working/genimage_8000_split_v4/train/real/real_01553.jpeg
real_00199.jpeg,train,real,real,/kaggle/working/genimage_8000_split_v4/train/real/real_00199.jpeg
real_00023.jpeg,train,real,real,/kaggle/working/genimage_8000_split_v4/train/real/real_00023.jpeg
real_01958.jpeg,train,real,real,/kaggle/working/genimage_8000_split_v4/train/real/real_01958.jpeg
real_00433.jpeg,train,real,real,/kaggle/working/genimage_8000_split_v4/train/real/real_00433.jpeg
real_00980.jpeg,train,real,real,/kaggle/working/genimage_8000_split_v4/train/real/real_00980.jpeg
real_01599.jpeg,train,real,real,/kaggle/working/genimage_8000_split_v4/train/real/real_01599.jpeg
real_00981.jpeg,train,real,real,/kaggle/working/genimage_8000_split_v4/train/real/real_00981.jpeg
real_01057.jpeg,train,real,real,/kaggle/working/genimage_8000_split_v4/train/real/real_01057.jpeg
real_02140.jpeg,train,real,real,/kaggle/working/genimage_8000_split_v4/train/real/real_02140.jpeg
real_02241.jpeg,train,real,real,/kaggle/working/genimage_8000_split_v4/train/real/real_02241.jpeg
real_00791.jpeg,train,real,real,/kaggle/working/genimage_8000_split_v4/train/real/real_00791.jpeg
real_02161.jpeg,train,real,real,/kaggle/working/genimage_8000_split_v4/train/real/real_02161.jpeg
real_00746.jpeg,train,real,real,/kaggle/working/genimage_8000_split_v4/train/real/real_00746.jpeg
real_01681.jpeg,train,real,real,/kaggle/working/genimage_8000_split_v4/train/real/real_01681.jpeg
real_00922.jpeg,train,real,real,/kaggle/working/genimage_8000_split_v4/train/real/real_00922.jpeg
real_00484.jpeg,train,real,real,/kaggle/working/genimage_8000_split_v4/train/real/real_00484.jpeg
real_00963.jpeg,train,real,real,/kaggle/working/genimage_8000_split_v4/train/real/real_00963.jpeg
real_00110.jpeg,train,real,real,/kaggle/working/genimage_8000_split_v4/train/real/real_00110.jpeg
real_01838.jpeg,train,real,real,/kaggle/working/genimage_8000_split_v4/train/real/real_01838.jpeg
real_01748.jpeg,train,real,real,/kaggle/working/genimage_8000_split_v4/train/real/real_01748.jpeg
real_01780.jpeg,train,real,real,/kaggle/working/genimage_8000_split_v4/train/real/real_01780.jpeg
real_01826.jpeg,train,real,real,/kaggle/working/genimage_8000_split_v4/train/real/real_01826.jpeg
real_00997.jpeg,train,real,real,/kaggle/working/genimage_8000_split_v4/train/real/real_00997.jpeg
real_02101.jpeg,train,real,real,/kaggle/working/genimage_8000_split_v4/train/real/real_02101.jpeg
real_02464.jpeg,train,real,real,/kaggle/working/genimage_8000_split_v4/train/real/real_02464.jpeg
real_02567.jpeg,train,real,real,/kaggle/working/genimage_8000_split_v4/train/real/real_02567.jpeg
real_00305.jpeg,train,real,real,/kaggle/working/genimage_8000_split_v4/train/real/real_00305.jpeg
real_01931.jpeg,train,real,real,/kaggle/working/genimage_8000_split_v4/train/real/real_01931.jpeg
real_00352.jpeg,train,real,real,/kaggle/working/genimage_8000_split_v4/train/real/real_00352.jpeg
real_02312.jpeg,train,real,real,/kaggle/working/genimage_8000_split_v4/train/real/real_02312.jpeg
real_00721.jpeg,train,real,real,/kaggle/working/genimage_8000_split_v4/train/real/real_00721.jpeg
real_01912.jpeg,train,real,real,/kaggle/working/genimage_8000_split_v4/train/real/real_01912.jpeg
real_01272.jpeg,train,real,real,/kaggle/working/genimage_8000_split_v4/train/real/real_01272.jpeg
real_00256.jpeg,train,real,real,/kaggle/working/genimage_8000_split_v4/train/real/real_00256.jpeg
real_01125.jpeg,train,real,real,/kaggle/working/genimage_8000_split_v4/train/real/real_01125.jpeg
real_02125.jpeg,train,real,real,/kaggle/working/genimage_8000_split_v4/train/real/real_02125.jpeg
real_00404.jpeg,train,real,real,/kaggle/working/genimage_8000_split_v4/train/real/real_00404.jpeg
real_01060.jpeg,train,real,real,/kaggle/working/genimage_8000_split_v4/train/real/real_01060.jpeg
real_02303.jpeg,train,real,real,/kaggle/working/genimage_8000_split_v4/train/real/real_02303.jpeg
real_00887.jpeg,train,real,real,/kaggle/working/genimage_8000_split_v4/train/real/real_00887.jpeg
real_02183.jpeg,train,real,real,/kaggle/working/genimage_8000_split_v4/train/real/real_02183.jpeg
real_01772.jpeg,train,real,real,/kaggle/working/genimage_8000_split_v4/train/real/real_01772.jpeg
real_00815.jpeg,train,real,real,/kaggle/working/genimage_8000_split_v4/train/real/real_00815.jpeg
real_01651.jpeg,train,real,real,/kaggle/working/genimage_8000_split_v4/train/real/real_01651.jpeg
real_00995.jpeg,train,real,real,/kaggle/working/genimage_8000_split_v4/train/real/real_00995.jpeg
real_01600.jpeg,train,real,real,/kaggle/working/genimage_8000_split_v4/train/real/real_01600.jpeg
real_02713.jpeg,train,real,real,/kaggle/working/genimage_8000_split_v4/train/real/real_02713.jpeg
real_00523.jpeg,train,real,real,/kaggle/working/genimage_8000_split_v4/train/real/real_00523.jpeg
real_00513.jpeg,train,real,real,/kaggle/working/genimage_8000_split_v4/train/real/real_00513.jpeg
real_01648.jpeg,train,real,real,/kaggle/working/genimage_8000_split_v4/train/real/real_01648.jpeg
real_00108.jpeg,train,real,real,/kaggle/working/genimage_8000_split_v4/train/real/real_00108.jpeg
real_00119.jpeg,train,real,real,/kaggle/working/genimage_8000_split_v4/train/real/real_00119.jpeg
real_02476.jpeg,train,real,real,/kaggle/working/genimage_8000_split_v4/train/real/real_02476.jpeg
real_02529.jpeg,train,real,real,/kaggle/working/genimage_8000_split_v4/train/real/real_02529.jpeg
real_01575.jpeg,train,real,real,/kaggle/working/genimage_8000_split_v4/train/real/real_01575.jpeg
real_02509.jpeg,train,real,real,/kaggle/working/genimage_8000_split_v4/train/real/real_02509.jpeg
real_00511.jpeg,train,real,real,/kaggle/working/genimage_8000_split_v4/train/real/real_00511.jpeg
real_02539.jpeg,train,real,real,/kaggle/working/genimage_8000_split_v4/train/real/real_02539.jpeg
real_00663.jpeg,train,real,real,/kaggle/working/genimage_8000_split_v4/train/real/real_00663.jpeg
real_01695.jpeg,train,real,real,/kaggle/working/genimage_8000_split_v4/train/real/real_01695.jpeg
real_01391.jpeg,train,real,real,/kaggle/working/genimage_8000_split_v4/train/real/real_01391.jpeg
real_00806.jpeg,train,real,real,/kaggle/working/genimage_8000_split_v4/train/real/real_00806.jpeg
real_02283.jpeg,train,real,real,/kaggle/working/genimage_8000_split_v4/train/real/real_02283.jpeg
real_01445.jpeg,train,real,real,/kaggle/working/genimage_8000_split_v4/train/real/real_01445.jpeg
real_01824.jpeg,train,real,real,/kaggle/working/genimage_8000_split_v4/train/real/real_01824.jpeg
real_00073.jpeg,train,real,real,/kaggle/working/genimage_8000_split_v4/train/real/real_00073.jpeg
real_02360.jpeg,train,real,real,/kaggle/working/genimage_8000_split_v4/train/real/real_02360.jpeg
real_02704.jpeg,train,real,real,/kaggle/working/genimage_8000_split_v4/train/real/real_02704.jpeg
real_01100.jpeg,train,real,real,/kaggle/working/genimage_8000_split_v4/train/real/real_01100.jpeg
real_00964.jpeg,train,real,real,/kaggle/working/genimage_8000_split_v4/train/real/real_00964.jpeg
real_01857.jpeg,train,real,real,/kaggle/working/genimage_8000_split_v4/train/real/real_01857.jpeg
real_01003.jpeg,train,real,real,/kaggle/working/genimage_8000_split_v4/train/real/real_01003.jpeg
real_00469.jpeg,train,real,real,/kaggle/working/genimage_8000_split_v4/train/real/real_00469.jpeg
real_01825.jpeg,train,real,real,/kaggle/working/genimage_8000_split_v4/train/real/real_01825.jpeg
real_01481.jpeg,train,real,real,/kaggle/working/genimage_8000_split_v4/train/real/real_01481.jpeg
real_01714.jpeg,train,real,real,/kaggle/working/genimage_8000_split_v4/train/real/real_01714.jpeg
real_00035.jpeg,train,real,real,/kaggle/working/genimage_8000_split_v4/train/real/real_00035.jpeg
real_02749.jpeg,train,real,real,/kaggle/working/genimage_8000_split_v4/train/real/real_02749.jpeg
real_00427.jpeg,train,real,real,/kaggle/working/genimage_8000_split_v4/train/real/real_00427.jpeg
real_01505.jpeg,train,real,real,/kaggle/working/genimage_8000_split_v4/train/real/real_01505.jpeg
real_01373.jpeg,train,real,real,/kaggle/working/genimage_8000_split_v4/train/real/real_01373.jpeg
real_00000.jpeg,train,real,real,/kaggle/working/genimage_8000_split_v4/train/real/real_00000.jpeg
real_02349.jpeg,train,real,real,/kaggle/working/genimage_8000_split_v4/train/real/real_02349.jpeg
real_00066.jpeg,train,real,real,/kaggle/working/genimage_8000_split_v4/train/real/real_00066.jpeg
real_01014.jpeg,train,real,real,/kaggle/working/genimage_8000_split_v4/train/real/real_01014.jpeg
real_02348.jpeg,train,real,real,/kaggle/working/genimage_8000_split_v4/train/real/real_02348.jpeg
real_01539.jpeg,train,real,real,/kaggle/working/genimage_8000_split_v4/train/real/real_01539.jpeg
real_00919.jpeg,train,real,real,/kaggle/working/genimage_8000_split_v4/train/real/real_00919.jpeg
real_00052.jpeg,train,real,real,/kaggle/working/genimage_8000_split_v4/train/real/real_00052.jpeg
real_02286.jpeg,train,real,real,/kaggle/working/genimage_8000_split_v4/train/real/real_02286.jpeg
real_00635.jpeg,train,real,real,/kaggle/working/genimage_8000_split_v4/train/real/real_00635.jpeg
real_01757.jpeg,train,real,real,/kaggle/working/genimage_8000_split_v4/train/real/real_01757.jpeg
real_02417.jpeg,train,real,real,/kaggle/working/genimage_8000_split_v4/train/real/real_02417.jpeg
real_00483.jpeg,train,real,real,/kaggle/working/genimage_8000_split_v4/train/real/real_00483.jpeg
real_01795.jpeg,train,real,real,/kaggle/working/genimage_8000_split_v4/train/real/real_01795.jpeg
real_00020.jpeg,train,real,real,/kaggle/working/genimage_8000_split_v4/train/real/real_00020.jpeg
real_00626.jpeg,train,real,real,/kaggle/working/genimage_8000_split_v4/train/real/real_00626.jpeg
real_01662.jpeg,train,real,real,/kaggle/working/genimage_8000_split_v4/train/real/real_01662.jpeg
real_01103.jpeg,train,real,real,/kaggle/working/genimage_8000_split_v4/train/real/real_01103.jpeg
real_00948.jpeg,train,real,real,/kaggle/working/genimage_8000_split_v4/train/real/real_00948.jpeg
real_00844.jpeg,train,real,real,/kaggle/working/genimage_8000_split_v4/train/real/real_00844.jpeg
real_01462.jpeg,train,real,real,/kaggle/working/genimage_8000_split_v4/train/real/real_01462.jpeg
real_01766.jpeg,train,real,real,/kaggle/working/genimage_8000_split_v4/train/real/real_01766.jpeg
real_01253.jpeg,train,real,real,/kaggle/working/genimage_8000_split_v4/train/real/real_01253.jpeg
real_01469.jpeg,train,real,real,/kaggle/working/genimage_8000_split_v4/train/real/real_01469.jpeg
real_01323.jpeg,train,real,real,/kaggle/working/genimage_8000_split_v4/train/real/real_01323.jpeg
real_00855.jpeg,train,real,real,/kaggle/working/genimage_8000_split_v4/train/real/real_00855.jpeg
real_00753.jpeg,train,real,real,/kaggle/working/genimage_8000_split_v4/train/real/real_00753.jpeg
real_01752.jpeg,train,real,real,/kaggle/working/genimage_8000_split_v4/train/real/real_01752.jpeg
real_01356.jpeg,train,real,real,/kaggle/working/genimage_8000_split_v4/train/real/real_01356.jpeg
real_00540.jpeg,train,real,real,/kaggle/working/genimage_8000_split_v4/train/real/real_00540.jpeg
real_01406.jpeg,train,real,real,/kaggle/working/genimage_8000_split_v4/train/real/real_01406.jpeg
real_02525.jpeg,train,real,real,/kaggle/working/genimage_8000_split_v4/train/real/real_02525.jpeg
real_01711.jpeg,train,real,real,/kaggle/working/genimage_8000_split_v4/train/real/real_01711.jpeg
real_00383.jpeg,train,real,real,/kaggle/working/genimage_8000_split_v4/train/real/real_00383.jpeg
real_01265.jpeg,train,real,real,/kaggle/working/genimage_8000_split_v4/train/real/real_01265.jpeg
real_00969.jpeg,train,real,real,/kaggle/working/genimage_8000_split_v4/train/real/real_00969.jpeg
real_00129.jpeg,train,real,real,/kaggle/working/genimage_8000_split_v4/train/real/real_00129.jpeg
real_00973.jpeg,train,real,real,/kaggle/working/genimage_8000_split_v4/train/real/real_00973.jpeg
real_02427.jpeg,train,real,real,/kaggle/working/genimage_8000_split_v4/train/real/real_02427.jpeg
real_01963.jpeg,train,real,real,/kaggle/working/genimage_8000_split_v4/train/real/real_01963.jpeg
real_02123.jpeg,train,real,real,/kaggle/working/genimage_8000_split_v4/train/real/real_02123.jpeg
real_02336.jpeg,train,real,real,/kaggle/working/genimage_8000_split_v4/train/real/real_02336.jpeg
real_01004.jpeg,train,real,real,/kaggle/working/genimage_8000_split_v4/train/real/real_01004.jpeg
real_02037.jpeg,train,real,real,/kaggle/working/genimage_8000_split_v4/train/real/real_02037.jpeg
real_01679.jpeg,train,real,real,/kaggle/working/genimage_8000_split_v4/train/real/real_01679.jpeg
real_00725.jpeg,train,real,real,/kaggle/working/genimage_8000_split_v4/train/real/real_00725.jpeg
real_01525.jpeg,train,real,real,/kaggle/working/genimage_8000_split_v4/train/real/real_01525.jpeg
real_01468.jpeg,train,real,real,/kaggle/working/genimage_8000_split_v4/train/real/real_01468.jpeg
real_00776.jpeg,train,real,real,/kaggle/working/genimage_8000_split_v4/train/real/real_00776.jpeg
real_00505.jpeg,train,real,real,/kaggle/working/genimage_8000_split_v4/train/real/real_00505.jpeg
real_02095.jpeg,train,real,real,/kaggle/working/genimage_8000_split_v4/train/real/real_02095.jpeg
real_01155.jpeg,train,real,real,/kaggle/working/genimage_8000_split_v4/train/real/real_01155.jpeg
real_01962.jpeg,train,real,real,/kaggle/working/genimage_8000_split_v4/train/real/real_01962.jpeg
real_02503.jpeg,train,real,real,/kaggle/working/genimage_8000_split_v4/train/real/real_02503.jpeg
real_00517.jpeg,train,real,real,/kaggle/working/genimage_8000_split_v4/train/real/real_00517.jpeg
real_00756.jpeg,train,real,real,/kaggle/working/genimage_8000_split_v4/train/real/real_00756.jpeg
real_02727.jpeg,train,real,real,/kaggle/working/genimage_8000_split_v4/train/real/real_02727.jpeg
real_02655.jpeg,train,real,real,/kaggle/working/genimage_8000_split_v4/train/real/real_02655.jpeg
real_00684.jpeg,train,real,real,/kaggle/working/genimage_8000_split_v4/train/real/real_00684.jpeg
real_01877.jpeg,train,real,real,/kaggle/working/genimage_8000_split_v4/train/real/real_01877.jpeg
real_01465.jpeg,train,real,real,/kaggle/working/genimage_8000_split_v4/train/real/real_01465.jpeg
real_00747.jpeg,train,real,real,/kaggle/working/genimage_8000_split_v4/train/real/real_00747.jpeg
real_02382.jpeg,train,real,real,/kaggle/working/genimage_8000_split_v4/train/real/real_02382.jpeg
real_02079.jpeg,train,real,real,/kaggle/working/genimage_8000_split_v4/train/real/real_02079.jpeg
real_02327.jpeg,train,real,real,/kaggle/working/genimage_8000_split_v4/train/real/real_02327.jpeg
real_01847.jpeg,train,real,real,/kaggle/working/genimage_8000_split_v4/train/real/real_01847.jpeg
real_00291.jpeg,train,real,real,/kaggle/working/genimage_8000_split_v4/train/real/real_00291.jpeg
real_01250.jpeg,train,real,real,/kaggle/working/genimage_8000_split_v4/train/real/real_01250.jpeg
real_02000.jpeg,train,real,real,/kaggle/working/genimage_8000_split_v4/train/real/real_02000.jpeg
real_00328.jpeg,train,real,real,/kaggle/working/genimage_8000_split_v4/train/real/real_00328.jpeg
real_00761.jpeg,train,real,real,/kaggle/working/genimage_8000_split_v4/train/real/real_00761.jpeg
real_00082.jpeg,train,real,real,/kaggle/working/genimage_8000_split_v4/train/real/real_00082.jpeg
real_02591.jpeg,train,real,real,/kaggle/working/genimage_8000_split_v4/train/real/real_02591.jpeg
real_01523.jpeg,train,real,real,/kaggle/working/genimage_8000_split_v4/train/real/real_01523.jpeg
real_00413.jpeg,train,real,real,/kaggle/working/genimage_8000_split_v4/train/real/real_00413.jpeg
real_02165.jpeg,train,real,real,/kaggle/working/genimage_8000_split_v4/train/real/real_02165.jpeg
real_02472.jpeg,train,real,real,/kaggle/working/genimage_8000_split_v4/train/real/real_02472.jpeg
real_02262.jpeg,train,real,real,/kaggle/working/genimage_8000_split_v4/train/real/real_02262.jpeg
real_00201.jpeg,train,real,real,/kaggle/working/genimage_8000_split_v4/train/real/real_00201.jpeg
real_00422.jpeg,train,real,real,/kaggle/working/genimage_8000_split_v4/train/real/real_00422.jpeg
real_01101.jpeg,train,real,real,/kaggle/working/genimage_8000_split_v4/train/real/real_01101.jpeg
real_00481.jpeg,train,real,real,/kaggle/working/genimage_8000_split_v4/train/real/real_00481.jpeg
real_00249.jpeg,train,real,real,/kaggle/working/genimage_8000_split_v4/train/real/real_00249.jpeg
real_02031.jpeg,train,real,real,/kaggle/working/genimage_8000_split_v4/train/real/real_02031.jpeg
real_01332.jpeg,train,real,real,/kaggle/working/genimage_8000_split_v4/train/real/real_01332.jpeg
real_01087.jpeg,train,real,real,/kaggle/working/genimage_8000_split_v4/train/real/real_01087.jpeg
real_02252.jpeg,train,real,real,/kaggle/working/genimage_8000_split_v4/train/real/real_02252.jpeg
real_00794.jpeg,train,real,real,/kaggle/working/genimage_8000_split_v4/train/real/real_00794.jpeg
real_02050.jpeg,train,real,real,/kaggle/working/genimage_8000_split_v4/train/real/real_02050.jpeg
real_01416.jpeg,train,real,real,/kaggle/working/genimage_8000_split_v4/train/real/real_01416.jpeg
real_02014.jpeg,train,real,real,/kaggle/working/genimage_8000_split_v4/train/real/real_02014.jpeg
real_00772.jpeg,train,real,real,/kaggle/working/genimage_8000_split_v4/train/real/real_00772.jpeg
real_01370.jpeg,train,real,real,/kaggle/working/genimage_8000_split_v4/train/real/real_01370.jpeg
real_00726.jpeg,train,real,real,/kaggle/working/genimage_8000_split_v4/train/real/real_00726.jpeg
real_02357.jpeg,train,real,real,/kaggle/working/genimage_8000_split_v4/train/real/real_02357.jpeg
real_02331.jpeg,train,real,real,/kaggle/working/genimage_8000_split_v4/train/real/real_02331.jpeg
real_01955.jpeg,train,real,real,/kaggle/working/genimage_8000_split_v4/train/real/real_01955.jpeg
real_02504.jpeg,train,real,real,/kaggle/working/genimage_8000_split_v4/train/real/real_02504.jpeg
real_01223.jpeg,train,real,real,/kaggle/working/genimage_8000_split_v4/train/real/real_01223.jpeg
real_00897.jpeg,train,real,real,/kaggle/working/genimage_8000_split_v4/train/real/real_00897.jpeg
real_02042.jpeg,train,real,real,/kaggle/working/genimage_8000_split_v4/train/real/real_02042.jpeg
real_01792.jpeg,train,real,real,/kaggle/working/genimage_8000_split_v4/train/real/real_01792.jpeg
real_01879.jpeg,train,real,real,/kaggle/working/genimage_8000_split_v4/train/real/real_01879.jpeg
real_01312.jpeg,train,real,real,/kaggle/working/genimage_8000_split_v4/train/real/real_01312.jpeg
real_00591.jpeg,train,real,real,/kaggle/working/genimage_8000_split_v4/train/real/real_00591.jpeg
real_00103.jpeg,train,real,real,/kaggle/working/genimage_8000_split_v4/train/real/real_00103.jpeg
real_00058.jpeg,train,real,real,/kaggle/working/genimage_8000_split_v4/train/real/real_00058.jpeg
real_00029.jpeg,train,real,real,/kaggle/working/genimage_8000_split_v4/train/real/real_00029.jpeg
real_01316.jpeg,train,real,real,/kaggle/working/genimage_8000_split_v4/train/real/real_01316.jpeg
real_01294.jpeg,train,real,real,/kaggle/working/genimage_8000_split_v4/train/real/real_01294.jpeg
real_01053.jpeg,train,real,real,/kaggle/working/genimage_8000_split_v4/train/real/real_01053.jpeg
real_00745.jpeg,train,real,real,/kaggle/working/genimage_8000_split_v4/train/real/real_00745.jpeg
real_01844.jpeg,train,real,real,/kaggle/working/genimage_8000_split_v4/train/real/real_01844.jpeg
real_00551.jpeg,train,real,real,/kaggle/working/genimage_8000_split_v4/train/real/real_00551.jpeg
real_00453.jpeg,train,real,real,/kaggle/working/genimage_8000_split_v4/train/real/real_00453.jpeg
real_02351.jpeg,train,real,real,/kaggle/working/genimage_8000_split_v4/train/real/real_02351.jpeg
real_01736.jpeg,train,real,real,/kaggle/working/genimage_8000_split_v4/train/real/real_01736.jpeg
real_02466.jpeg,train,real,real,/kaggle/working/genimage_8000_split_v4/train/real/real_02466.jpeg
real_00883.jpeg,train,real,real,/kaggle/working/genimage_8000_split_v4/train/real/real_00883.jpeg
real_01503.jpeg,train,real,real,/kaggle/working/genimage_8000_split_v4/train/real/real_01503.jpeg
real_02216.jpeg,train,real,real,/kaggle/working/genimage_8000_split_v4/train/real/real_02216.jpeg
real_00987.jpeg,train,real,real,/kaggle/working/genimage_8000_split_v4/train/real/real_00987.jpeg
real_00671.jpeg,train,real,real,/kaggle/working/genimage_8000_split_v4/train/real/real_00671.jpeg
real_02378.jpeg,train,real,real,/kaggle/working/genimage_8000_split_v4/train/real/real_02378.jpeg
real_00773.jpeg,train,real,real,/kaggle/working/genimage_8000_split_v4/train/real/real_00773.jpeg
real_02597.jpeg,train,real,real,/kaggle/working/genimage_8000_split_v4/train/real/real_02597.jpeg
real_02141.jpeg,train,real,real,/kaggle/working/genimage_8000_split_v4/train/real/real_02141.jpeg
real_00613.jpeg,train,real,real,/kaggle/working/genimage_8000_split_v4/train/real/real_00613.jpeg
real_00041.jpeg,train,real,real,/kaggle/working/genimage_8000_split_v4/train/real/real_00041.jpeg
real_01835.jpeg,train,real,real,/kaggle/working/genimage_8000_split_v4/train/real/real_01835.jpeg
real_00316.jpeg,train,real,real,/kaggle/working/genimage_8000_split_v4/train/real/real_00316.jpeg
real_01564.jpeg,train,real,real,/kaggle/working/genimage_8000_split_v4/train/real/real_01564.jpeg
real_01945.jpeg,train,real,real,/kaggle/working/genimage_8000_split_v4/train/real/real_01945.jpeg
real_02751.jpeg,train,real,real,/kaggle/working/genimage_8000_split_v4/train/real/real_02751.jpeg
real_00846.jpeg,train,real,real,/kaggle/working/genimage_8000_split_v4/train/real/real_00846.jpeg
real_02676.jpeg,train,real,real,/kaggle/working/genimage_8000_split_v4/train/real/real_02676.jpeg
real_02505.jpeg,train,real,real,/kaggle/working/genimage_8000_split_v4/train/real/real_02505.jpeg
real_02284.jpeg,train,real,real,/kaggle/working/genimage_8000_split_v4/train/real/real_02284.jpeg
real_02571.jpeg,train,real,real,/kaggle/working/genimage_8000_split_v4/train/real/real_02571.jpeg
real_00449.jpeg,train,real,real,/kaggle/working/genimage_8000_split_v4/train/real/real_00449.jpeg
real_01056.jpeg,train,real,real,/kaggle/working/genimage_8000_split_v4/train/real/real_01056.jpeg
real_01241.jpeg,train,real,real,/kaggle/working/genimage_8000_split_v4/train/real/real_01241.jpeg
real_00198.jpeg,train,real,real,/kaggle/working/genimage_8000_split_v4/train/real/real_00198.jpeg
real_00861.jpeg,train,real,real,/kaggle/working/genimage_8000_split_v4/train/real/real_00861.jpeg
real_01856.jpeg,train,real,real,/kaggle/working/genimage_8000_split_v4/train/real/real_01856.jpeg
real_01991.jpeg,train,real,real,/kaggle/working/genimage_8000_split_v4/train/real/real_01991.jpeg
real_02149.jpeg,train,real,real,/kaggle/working/genimage_8000_split_v4/train/real/real_02149.jpeg
real_00310.jpeg,train,real,real,/kaggle/working/genimage_8000_split_v4/train/real/real_00310.jpeg
real_01074.jpeg,train,real,real,/kaggle/working/genimage_8000_split_v4/train/real/real_01074.jpeg
real_01287.jpeg,train,real,real,/kaggle/working/genimage_8000_split_v4/train/real/real_01287.jpeg
real_02491.jpeg,train,real,real,/kaggle/working/genimage_8000_split_v4/train/real/real_02491.jpeg
real_01327.jpeg,train,real,real,/kaggle/working/genimage_8000_split_v4/train/real/real_01327.jpeg
real_02043.jpeg,train,real,real,/kaggle/working/genimage_8000_split_v4/train/real/real_02043.jpeg
real_00977.jpeg,train,real,real,/kaggle/working/genimage_8000_split_v4/train/real/real_00977.jpeg
real_02610.jpeg,train,real,real,/kaggle/working/genimage_8000_split_v4/train/real/real_02610.jpeg
real_02457.jpeg,train,real,real,/kaggle/working/genimage_8000_split_v4/train/real/real_02457.jpeg
real_01708.jpeg,train,real,real,/kaggle/working/genimage_8000_split_v4/train/real/real_01708.jpeg
real_02413.jpeg,train,real,real,/kaggle/working/genimage_8000_split_v4/train/real/real_02413.jpeg
real_01008.jpeg,train,real,real,/kaggle/working/genimage_8000_split_v4/train/real/real_01008.jpeg
real_01104.jpeg,train,real,real,/kaggle/working/genimage_8000_split_v4/train/real/real_01104.jpeg
real_02034.jpeg,train,real,real,/kaggle/working/genimage_8000_split_v4/train/real/real_02034.jpeg
real_00205.jpeg,train,real,real,/kaggle/working/genimage_8000_split_v4/train/real/real_00205.jpeg
real_02724.jpeg,train,real,real,/kaggle/working/genimage_8000_split_v4/train/real/real_02724.jpeg
real_00653.jpeg,train,real,real,/kaggle/working/genimage_8000_split_v4/train/real/real_00653.jpeg
real_00011.jpeg,train,real,real,/kaggle/working/genimage_8000_split_v4/train/real/real_00011.jpeg
real_02198.jpeg,train,real,real,/kaggle/working/genimage_8000_split_v4/train/real/real_02198.jpeg
real_00556.jpeg,train,real,real,/kaggle/working/genimage_8000_split_v4/train/real/real_00556.jpeg
real_02535.jpeg,train,real,real,/kaggle/working/genimage_8000_split_v4/train/real/real_02535.jpeg
real_02054.jpeg,train,real,real,/kaggle/working/genimage_8000_split_v4/train/real/real_02054.jpeg
real_02614.jpeg,train,real,real,/kaggle/working/genimage_8000_split_v4/train/real/real_02614.jpeg
real_00294.jpeg,train,real,real,/kaggle/working/genimage_8000_split_v4/train/real/real_00294.jpeg
real_00868.jpeg,train,real,real,/kaggle/working/genimage_8000_split_v4/train/real/real_00868.jpeg
real_01968.jpeg,train,real,real,/kaggle/working/genimage_8000_split_v4/train/real/real_01968.jpeg
real_00931.jpeg,train,real,real,/kaggle/working/genimage_8000_split_v4/train/real/real_00931.jpeg
real_00835.jpeg,train,real,real,/kaggle/working/genimage_8000_split_v4/train/real/real_00835.jpeg
real_02366.jpeg,train,real,real,/kaggle/working/genimage_8000_split_v4/train/real/real_02366.jpeg
real_01063.jpeg,train,real,real,/kaggle/working/genimage_8000_split_v4/train/real/real_01063.jpeg
real_01447.jpeg,train,real,real,/kaggle/working/genimage_8000_split_v4/train/real/real_01447.jpeg
real_00112.jpeg,train,real,real,/kaggle/working/genimage_8000_split_v4/train/real/real_00112.jpeg
real_01924.jpeg,train,real,real,/kaggle/working/genimage_8000_split_v4/train/real/real_01924.jpeg
real_01096.jpeg,train,real,real,/kaggle/working/genimage_8000_split_v4/train/real/real_01096.jpeg
real_01489.jpeg,train,real,real,/kaggle/working/genimage_8000_split_v4/train/real/real_01489.jpeg
real_01541.jpeg,train,real,real,/kaggle/working/genimage_8000_split_v4/train/real/real_01541.jpeg
real_00170.jpeg,train,real,real,/kaggle/working/genimage_8000_split_v4/train/real/real_00170.jpeg
real_00569.jpeg,train,real,real,/kaggle/working/genimage_8000_split_v4/train/real/real_00569.jpeg
real_01246.jpeg,train,real,real,/kaggle/working/genimage_8000_split_v4/train/real/real_01246.jpeg
real_01514.jpeg,train,real,real,/kaggle/working/genimage_8000_split_v4/train/real/real_01514.jpeg
real_01775.jpeg,train,real,real,/kaggle/working/genimage_8000_split_v4/train/real/real_01775.jpeg
real_00318.jpeg,train,real,real,/kaggle/working/genimage_8000_split_v4/train/real/real_00318.jpeg
real_01349.jpeg,train,real,real,/kaggle/working/genimage_8000_split_v4/train/real/real_01349.jpeg
real_00698.jpeg,train,real,real,/kaggle/working/genimage_8000_split_v4/train/real/real_00698.jpeg
real_00397.jpeg,train,real,real,/kaggle/working/genimage_8000_split_v4/train/real/real_00397.jpeg
real_01429.jpeg,train,real,real,/kaggle/working/genimage_8000_split_v4/train/real/real_01429.jpeg
real_02188.jpeg,train,real,real,/kaggle/working/genimage_8000_split_v4/train/real/real_02188.jpeg
real_01815.jpeg,train,real,real,/kaggle/working/genimage_8000_split_v4/train/real/real_01815.jpeg
real_02072.jpeg,train,real,real,/kaggle/working/genimage_8000_split_v4/train/real/real_02072.jpeg
real_00632.jpeg,train,real,real,/kaggle/working/genimage_8000_split_v4/train/real/real_00632.jpeg
real_02494.jpeg,train,real,real,/kaggle/working/genimage_8000_split_v4/train/real/real_02494.jpeg
real_00014.jpeg,train,real,real,/kaggle/working/genimage_8000_split_v4/train/real/real_00014.jpeg
real_01715.jpeg,train,real,real,/kaggle/working/genimage_8000_split_v4/train/real/real_01715.jpeg
real_02026.jpeg,train,real,real,/kaggle/working/genimage_8000_split_v4/train/real/real_02026.jpeg
real_02426.jpeg,train,real,real,/kaggle/working/genimage_8000_split_v4/train/real/real_02426.jpeg
real_00741.jpeg,train,real,real,/kaggle/working/genimage_8000_split_v4/train/real/real_00741.jpeg
real_01221.jpeg,train,real,real,/kaggle/working/genimage_8000_split_v4/train/real/real_01221.jpeg
real_02322.jpeg,train,real,real,/kaggle/working/genimage_8000_split_v4/train/real/real_02322.jpeg
real_02723.jpeg,train,real,real,/kaggle/working/genimage_8000_split_v4/train/real/real_02723.jpeg
real_02381.jpeg,train,real,real,/kaggle/working/genimage_8000_split_v4/train/real/real_02381.jpeg
real_00196.jpeg,train,real,real,/kaggle/working/genimage_8000_split_v4/train/real/real_00196.jpeg
real_00191.jpeg,train,real,real,/kaggle/working/genimage_8000_split_v4/train/real/real_00191.jpeg
real_00876.jpeg,train,real,real,/kaggle/working/genimage_8000_split_v4/train/real/real_00876.jpeg
real_01905.jpeg,train,real,real,/kaggle/working/genimage_8000_split_v4/train/real/real_01905.jpeg
real_00192.jpeg,train,real,real,/kaggle/working/genimage_8000_split_v4/train/real/real_00192.jpeg
real_02247.jpeg,train,real,real,/kaggle/working/genimage_8000_split_v4/train/real/real_02247.jpeg
real_02276.jpeg,train,real,real,/kaggle/working/genimage_8000_split_v4/train/real/real_02276.jpeg
real_01485.jpeg,train,real,real,/kaggle/working/genimage_8000_split_v4/train/real/real_01485.jpeg
real_00353.jpeg,train,real,real,/kaggle/working/genimage_8000_split_v4/train/real/real_00353.jpeg
real_02498.jpeg,train,real,real,/kaggle/working/genimage_8000_split_v4/train/real/real_02498.jpeg
real_00254.jpeg,train,real,real,/kaggle/working/genimage_8000_split_v4/train/real/real_00254.jpeg
real_01474.jpeg,train,real,real,/kaggle/working/genimage_8000_split_v4/train/real/real_01474.jpeg
real_00953.jpeg,train,real,real,/kaggle/working/genimage_8000_split_v4/train/real/real_00953.jpeg
real_02363.jpeg,train,real,real,/kaggle/working/genimage_8000_split_v4/train/real/real_02363.jpeg
real_02452.jpeg,train,real,real,/kaggle/working/genimage_8000_split_v4/train/real/real_02452.jpeg
real_01392.jpeg,train,real,real,/kaggle/working/genimage_8000_split_v4/train/real/real_01392.jpeg
real_02405.jpeg,train,real,real,/kaggle/working/genimage_8000_split_v4/train/real/real_02405.jpeg
real_01309.jpeg,train,real,real,/kaggle/working/genimage_8000_split_v4/train/real/real_01309.jpeg
real_01629.jpeg,train,real,real,/kaggle/working/genimage_8000_split_v4/train/real/real_01629.jpeg
real_02205.jpeg,train,real,real,/kaggle/working/genimage_8000_split_v4/train/real/real_02205.jpeg
real_00169.jpeg,train,real,real,/kaggle/working/genimage_8000_split_v4/train/real/real_00169.jpeg
real_01256.jpeg,train,real,real,/kaggle/working/genimage_8000_split_v4/train/real/real_01256.jpeg
real_02479.jpeg,train,real,real,/kaggle/working/genimage_8000_split_v4/train/real/real_02479.jpeg
real_01656.jpeg,train,real,real,/kaggle/working/genimage_8000_split_v4/train/real/real_01656.jpeg
real_02202.jpeg,train,real,real,/kaggle/working/genimage_8000_split_v4/train/real/real_02202.jpeg
real_00955.jpeg,train,real,real,/kaggle/working/genimage_8000_split_v4/train/real/real_00955.jpeg
real_02080.jpeg,train,real,real,/kaggle/working/genimage_8000_split_v4/train/real/real_02080.jpeg
real_02441.jpeg,train,real,real,/kaggle/working/genimage_8000_split_v4/train/real/real_02441.jpeg
real_00885.jpeg,train,real,real,/kaggle/working/genimage_8000_split_v4/train/real/real_00885.jpeg
real_00696.jpeg,train,real,real,/kaggle/working/genimage_8000_split_v4/train/real/real_00696.jpeg
real_01402.jpeg,train,real,real,/kaggle/working/genimage_8000_split_v4/train/real/real_01402.jpeg
real_00748.jpeg,train,real,real,/kaggle/working/genimage_8000_split_v4/train/real/real_00748.jpeg
real_02310.jpeg,train,real,real,/kaggle/working/genimage_8000_split_v4/train/real/real_02310.jpeg
real_01412.jpeg,train,real,real,/kaggle/working/genimage_8000_split_v4/train/real/real_01412.jpeg
real_00370.jpeg,train,real,real,/kaggle/working/genimage_8000_split_v4/train/real/real_00370.jpeg
real_00004.jpeg,train,real,real,/kaggle/working/genimage_8000_split_v4/train/real/real_00004.jpeg
real_00754.jpeg,train,real,real,/kaggle/working/genimage_8000_split_v4/train/real/real_00754.jpeg
real_00736.jpeg,train,real,real,/kaggle/working/genimage_8000_split_v4/train/real/real_00736.jpeg
real_02611.jpeg,train,real,real,/kaggle/working/genimage_8000_split_v4/train/real/real_02611.jpeg
real_02659.jpeg,train,real,real,/kaggle/working/genimage_8000_split_v4/train/real/real_02659.jpeg
real_00368.jpeg,train,real,real,/kaggle/working/genimage_8000_split_v4/train/real/real_00368.jpeg
real_00417.jpeg,train,real,real,/kaggle/working/genimage_8000_split_v4/train/real/real_00417.jpeg
real_02306.jpeg,train,real,real,/kaggle/working/genimage_8000_split_v4/train/real/real_02306.jpeg
real_00739.jpeg,train,real,real,/kaggle/working/genimage_8000_split_v4/train/real/real_00739.jpeg
real_00333.jpeg,train,real,real,/kaggle/working/genimage_8000_split_v4/train/real/real_00333.jpeg
real_02616.jpeg,train,real,real,/kaggle/working/genimage_8000_split_v4/train/real/real_02616.jpeg
real_00123.jpeg,train,real,real,/kaggle/working/genimage_8000_split_v4/train/real/real_00123.jpeg
real_02565.jpeg,train,real,real,/kaggle/working/genimage_8000_split_v4/train/real/real_02565.jpeg
real_02397.jpeg,train,real,real,/kaggle/working/genimage_8000_split_v4/train/real/real_02397.jpeg
real_02462.jpeg,train,real,real,/kaggle/working/genimage_8000_split_v4/train/real/real_02462.jpeg
real_02752.jpeg,train,real,real,/kaggle/working/genimage_8000_split_v4/train/real/real_02752.jpeg
real_01048.jpeg,train,real,real,/kaggle/working/genimage_8000_split_v4/train/real/real_01048.jpeg
real_02046.jpeg,train,real,real,/kaggle/working/genimage_8000_split_v4/train/real/real_02046.jpeg
real_01144.jpeg,train,real,real,/kaggle/working/genimage_8000_split_v4/train/real/real_01144.jpeg
real_01869.jpeg,train,real,real,/kaggle/working/genimage_8000_split_v4/train/real/real_01869.jpeg
real_00840.jpeg,train,real,real,/kaggle/working/genimage_8000_split_v4/train/real/real_00840.jpeg
real_00380.jpeg,train,real,real,/kaggle/working/genimage_8000_split_v4/train/real/real_00380.jpeg
real_02311.jpeg,train,real,real,/kaggle/working/genimage_8000_split_v4/train/real/real_02311.jpeg
real_02384.jpeg,train,real,real,/kaggle/working/genimage_8000_split_v4/train/real/real_02384.jpeg
real_02398.jpeg,train,real,real,/kaggle/working/genimage_8000_split_v4/train/real/real_02398.jpeg
real_02013.jpeg,train,real,real,/kaggle/working/genimage_8000_split_v4/train/real/real_02013.jpeg
real_01765.jpeg,train,real,real,/kaggle/working/genimage_8000_split_v4/train/real/real_01765.jpeg
real_00179.jpeg,train,real,real,/kaggle/working/genimage_8000_split_v4/train/real/real_00179.jpeg
real_01837.jpeg,train,real,real,/kaggle/working/genimage_8000_split_v4/train/real/real_01837.jpeg
real_00994.jpeg,train,real,real,/kaggle/working/genimage_8000_split_v4/train/real/real_00994.jpeg
real_01062.jpeg,train,real,real,/kaggle/working/genimage_8000_split_v4/train/real/real_01062.jpeg
real_02228.jpeg,train,real,real,/kaggle/working/genimage_8000_split_v4/train/real/real_02228.jpeg
real_01540.jpeg,train,real,real,/kaggle/working/genimage_8000_split_v4/train/real/real_01540.jpeg
real_01811.jpeg,train,real,real,/kaggle/working/genimage_8000_split_v4/train/real/real_01811.jpeg
real_01102.jpeg,train,real,real,/kaggle/working/genimage_8000_split_v4/train/real/real_01102.jpeg
real_00400.jpeg,train,real,real,/kaggle/working/genimage_8000_split_v4/train/real/real_00400.jpeg
real_02044.jpeg,train,real,real,/kaggle/working/genimage_8000_split_v4/train/real/real_02044.jpeg
real_02495.jpeg,train,real,real,/kaggle/working/genimage_8000_split_v4/train/real/real_02495.jpeg
real_00369.jpeg,train,real,real,/kaggle/working/genimage_8000_split_v4/train/real/real_00369.jpeg
real_00051.jpeg,train,real,real,/kaggle/working/genimage_8000_split_v4/train/real/real_00051.jpeg
real_01911.jpeg,train,real,real,/kaggle/working/genimage_8000_split_v4/train/real/real_01911.jpeg
real_02326.jpeg,train,real,real,/kaggle/working/genimage_8000_split_v4/train/real/real_02326.jpeg
real_00097.jpeg,train,real,real,/kaggle/working/genimage_8000_split_v4/train/real/real_00097.jpeg
real_00515.jpeg,train,real,real,/kaggle/working/genimage_8000_split_v4/train/real/real_00515.jpeg
real_01689.jpeg,train,real,real,/kaggle/working/genimage_8000_split_v4/train/real/real_01689.jpeg
real_00446.jpeg,train,real,real,/kaggle/working/genimage_8000_split_v4/train/real/real_00446.jpeg
real_00999.jpeg,train,real,real,/kaggle/working/genimage_8000_split_v4/train/real/real_00999.jpeg
real_01305.jpeg,train,real,real,/kaggle/working/genimage_8000_split_v4/train/real/real_01305.jpeg
real_01115.jpeg,train,real,real,/kaggle/working/genimage_8000_split_v4/train/real/real_01115.jpeg
real_02356.jpeg,train,real,real,/kaggle/working/genimage_8000_split_v4/train/real/real_02356.jpeg
real_01238.jpeg,train,real,real,/kaggle/working/genimage_8000_split_v4/train/real/real_01238.jpeg
real_01390.jpeg,train,real,real,/kaggle/working/genimage_8000_split_v4/train/real/real_01390.jpeg
real_02511.jpeg,train,real,real,/kaggle/working/genimage_8000_split_v4/train/real/real_02511.jpeg
real_00730.jpeg,train,real,real,/kaggle/working/genimage_8000_split_v4/train/real/real_00730.jpeg
real_00982.jpeg,train,real,real,/kaggle/working/genimage_8000_split_v4/train/real/real_00982.jpeg
real_00155.jpeg,train,real,real,/kaggle/working/genimage_8000_split_v4/train/real/real_00155.jpeg
real_01459.jpeg,train,real,real,/kaggle/working/genimage_8000_split_v4/train/real/real_01459.jpeg
real_02190.jpeg,train,real,real,/kaggle/working/genimage_8000_split_v4/train/real/real_02190.jpeg
real_00277.jpeg,train,real,real,/kaggle/working/genimage_8000_split_v4/train/real/real_00277.jpeg
real_01023.jpeg,train,real,real,/kaggle/working/genimage_8000_split_v4/train/real/real_01023.jpeg
real_00098.jpeg,train,real,real,/kaggle/working/genimage_8000_split_v4/train/real/real_00098.jpeg
real_00107.jpeg,train,real,real,/kaggle/working/genimage_8000_split_v4/train/real/real_00107.jpeg
real_00989.jpeg,train,real,real,/kaggle/working/genimage_8000_split_v4/train/real/real_00989.jpeg
real_01083.jpeg,train,real,real,/kaggle/working/genimage_8000_split_v4/train/real/real_01083.jpeg
real_01142.jpeg,train,real,real,/kaggle/working/genimage_8000_split_v4/train/real/real_01142.jpeg
real_02285.jpeg,train,real,real,/kaggle/working/genimage_8000_split_v4/train/real/real_02285.jpeg
real_01773.jpeg,train,real,real,/kaggle/working/genimage_8000_split_v4/train/real/real_01773.jpeg
real_01484.jpeg,train,real,real,/kaggle/working/genimage_8000_split_v4/train/real/real_01484.jpeg
real_02184.jpeg,train,real,real,/kaggle/working/genimage_8000_split_v4/train/real/real_02184.jpeg
real_01622.jpeg,train,real,real,/kaggle/working/genimage_8000_split_v4/train/real/real_01622.jpeg
real_02618.jpeg,train,real,real,/kaggle/working/genimage_8000_split_v4/train/real/real_02618.jpeg
real_00087.jpeg,train,real,real,/kaggle/working/genimage_8000_split_v4/train/real/real_00087.jpeg
real_01558.jpeg,train,real,real,/kaggle/working/genimage_8000_split_v4/train/real/real_01558.jpeg
real_00565.jpeg,train,real,real,/kaggle/working/genimage_8000_split_v4/train/real/real_00565.jpeg
real_01285.jpeg,train,real,real,/kaggle/working/genimage_8000_split_v4/train/real/real_01285.jpeg
real_01932.jpeg,train,real,real,/kaggle/working/genimage_8000_split_v4/train/real/real_01932.jpeg
real_00280.jpeg,train,real,real,/kaggle/working/genimage_8000_split_v4/train/real/real_00280.jpeg
real_02786.jpeg,train,real,real,/kaggle/working/genimage_8000_split_v4/train/real/real_02786.jpeg
real_02593.jpeg,train,real,real,/kaggle/working/genimage_8000_split_v4/train/real/real_02593.jpeg
real_01936.jpeg,train,real,real,/kaggle/working/genimage_8000_split_v4/train/real/real_01936.jpeg
real_00865.jpeg,train,real,real,/kaggle/working/genimage_8000_split_v4/train/real/real_00865.jpeg
real_02314.jpeg,train,real,real,/kaggle/working/genimage_8000_split_v4/train/real/real_02314.jpeg
real_00609.jpeg,train,real,real,/kaggle/working/genimage_8000_split_v4/train/real/real_00609.jpeg
real_02645.jpeg,train,real,real,/kaggle/working/genimage_8000_split_v4/train/real/real_02645.jpeg
real_01237.jpeg,train,real,real,/kaggle/working/genimage_8000_split_v4/train/real/real_01237.jpeg
real_02683.jpeg,train,real,real,/kaggle/working/genimage_8000_split_v4/train/real/real_02683.jpeg
real_02106.jpeg,train,real,real,/kaggle/working/genimage_8000_split_v4/train/real/real_02106.jpeg
real_00507.jpeg,train,real,real,/kaggle/working/genimage_8000_split_v4/train/real/real_00507.jpeg
real_00326.jpeg,train,real,real,/kaggle/working/genimage_8000_split_v4/train/real/real_00326.jpeg
real_02528.jpeg,train,real,real,/kaggle/working/genimage_8000_split_v4/train/real/real_02528.jpeg
real_02375.jpeg,train,real,real,/kaggle/working/genimage_8000_split_v4/train/real/real_02375.jpeg
real_01717.jpeg,train,real,real,/kaggle/working/genimage_8000_split_v4/train/real/real_01717.jpeg
real_02753.jpeg,train,real,real,/kaggle/working/genimage_8000_split_v4/train/real/real_02753.jpeg
real_02317.jpeg,train,real,real,/kaggle/working/genimage_8000_split_v4/train/real/real_02317.jpeg
real_00949.jpeg,train,real,real,/kaggle/working/genimage_8000_split_v4/train/real/real_00949.jpeg
real_01343.jpeg,train,real,real,/kaggle/working/genimage_8000_split_v4/train/real/real_01343.jpeg
real_00244.jpeg,train,real,real,/kaggle/working/genimage_8000_split_v4/train/real/real_00244.jpeg
real_02232.jpeg,train,real,real,/kaggle/working/genimage_8000_split_v4/train/real/real_02232.jpeg
real_00033.jpeg,train,real,real,/kaggle/working/genimage_8000_split_v4/train/real/real_00033.jpeg
real_01764.jpeg,train,real,real,/kaggle/working/genimage_8000_split_v4/train/real/real_01764.jpeg
real_00064.jpeg,train,real,real,/kaggle/working/genimage_8000_split_v4/train/real/real_00064.jpeg
real_00013.jpeg,train,real,real,/kaggle/working/genimage_8000_split_v4/train/real/real_00013.jpeg
real_02530.jpeg,train,real,real,/kaggle/working/genimage_8000_split_v4/train/real/real_02530.jpeg
real_02674.jpeg,train,real,real,/kaggle/working/genimage_8000_split_v4/train/real/real_02674.jpeg
real_02575.jpeg,train,real,real,/kaggle/working/genimage_8000_split_v4/train/real/real_02575.jpeg
real_02250.jpeg,train,real,real,/kaggle/working/genimage_8000_split_v4/train/real/real_02250.jpeg
real_02568.jpeg,train,real,real,/kaggle/working/genimage_8000_split_v4/train/real/real_02568.jpeg
real_01124.jpeg,train,real,real,/kaggle/working/genimage_8000_split_v4/train/real/real_01124.jpeg
real_02587.jpeg,train,real,real,/kaggle/working/genimage_8000_split_v4/train/real/real_02587.jpeg
real_00183.jpeg,train,real,real,/kaggle/working/genimage_8000_split_v4/train/real/real_00183.jpeg
real_00030.jpeg,train,real,real,/kaggle/working/genimage_8000_split_v4/train/real/real_00030.jpeg
real_01613.jpeg,train,real,real,/kaggle/working/genimage_8000_split_v4/train/real/real_01613.jpeg
real_02056.jpeg,train,real,real,/kaggle/working/genimage_8000_split_v4/train/real/real_02056.jpeg
real_02583.jpeg,train,real,real,/kaggle/working/genimage_8000_split_v4/train/real/real_02583.jpeg
real_02272.jpeg,train,real,real,/kaggle/working/genimage_8000_split_v4/train/real/real_02272.jpeg
real_01983.jpeg,train,real,real,/kaggle/working/genimage_8000_split_v4/train/real/real_01983.jpeg
real_01506.jpeg,train,real,real,/kaggle/working/genimage_8000_split_v4/train/real/real_01506.jpeg
real_02023.jpeg,train,real,real,/kaggle/working/genimage_8000_split_v4/train/real/real_02023.jpeg
real_02128.jpeg,train,real,real,/kaggle/working/genimage_8000_split_v4/train/real/real_02128.jpeg
real_01612.jpeg,train,real,real,/kaggle/working/genimage_8000_split_v4/train/real/real_01612.jpeg
real_00474.jpeg,train,real,real,/kaggle/working/genimage_8000_split_v4/train/real/real_00474.jpeg
real_00679.jpeg,train,real,real,/kaggle/working/genimage_8000_split_v4/train/real/real_00679.jpeg
real_02580.jpeg,train,real,real,/kaggle/working/genimage_8000_split_v4/train/real/real_02580.jpeg
real_01996.jpeg,train,real,real,/kaggle/working/genimage_8000_split_v4/train/real/real_01996.jpeg
real_01147.jpeg,train,real,real,/kaggle/working/genimage_8000_split_v4/train/real/real_01147.jpeg
real_01925.jpeg,train,real,real,/kaggle/working/genimage_8000_split_v4/train/real/real_01925.jpeg
real_01260.jpeg,train,real,real,/kaggle/working/genimage_8000_split_v4/train/real/real_01260.jpeg
real_00558.jpeg,train,real,real,/kaggle/working/genimage_8000_split_v4/train/real/real_00558.jpeg
real_02242.jpeg,train,real,real,/kaggle/working/genimage_8000_split_v4/train/real/real_02242.jpeg
real_02047.jpeg,train,real,real,/kaggle/working/genimage_8000_split_v4/train/real/real_02047.jpeg
real_00088.jpeg,train,real,real,/kaggle/working/genimage_8000_split_v4/train/real/real_00088.jpeg
real_00436.jpeg,train,real,real,/kaggle/working/genimage_8000_split_v4/train/real/real_00436.jpeg
real_01959.jpeg,train,real,real,/kaggle/working/genimage_8000_split_v4/train/real/real_01959.jpeg
real_02298.jpeg,train,real,real,/kaggle/working/genimage_8000_split_v4/train/real/real_02298.jpeg
real_01215.jpeg,train,real,real,/kaggle/working/genimage_8000_split_v4/train/real/real_01215.jpeg
real_01437.jpeg,train,real,real,/kaggle/working/genimage_8000_split_v4/train/real/real_01437.jpeg
real_01987.jpeg,train,real,real,/kaggle/working/genimage_8000_split_v4/train/real/real_01987.jpeg
real_02045.jpeg,train,real,real,/kaggle/working/genimage_8000_split_v4/train/real/real_02045.jpeg
real_01079.jpeg,train,real,real,/kaggle/working/genimage_8000_split_v4/train/real/real_01079.jpeg
real_00518.jpeg,train,real,real,/kaggle/working/genimage_8000_split_v4/train/real/real_00518.jpeg
real_02748.jpeg,train,real,real,/kaggle/working/genimage_8000_split_v4/train/real/real_02748.jpeg
real_01880.jpeg,train,real,real,/kaggle/working/genimage_8000_split_v4/train/real/real_01880.jpeg
real_01979.jpeg,train,real,real,/kaggle/working/genimage_8000_split_v4/train/real/real_01979.jpeg
real_00111.jpeg,train,real,real,/kaggle/working/genimage_8000_split_v4/train/real/real_00111.jpeg
real_01568.jpeg,train,real,real,/kaggle/working/genimage_8000_split_v4/train/real/real_01568.jpeg
real_01112.jpeg,train,real,real,/kaggle/working/genimage_8000_split_v4/train/real/real_01112.jpeg
real_00122.jpeg,train,real,real,/kaggle/working/genimage_8000_split_v4/train/real/real_00122.jpeg
real_01678.jpeg,train,real,real,/kaggle/working/genimage_8000_split_v4/train/real/real_01678.jpeg
real_00461.jpeg,train,real,real,/kaggle/working/genimage_8000_split_v4/train/real/real_00461.jpeg
real_00709.jpeg,train,real,real,/kaggle/working/genimage_8000_split_v4/train/real/real_00709.jpeg
real_01032.jpeg,train,real,real,/kaggle/working/genimage_8000_split_v4/train/real/real_01032.jpeg
real_01457.jpeg,train,real,real,/kaggle/working/genimage_8000_split_v4/train/real/real_01457.jpeg
real_01915.jpeg,train,real,real,/kaggle/working/genimage_8000_split_v4/train/real/real_01915.jpeg
real_01961.jpeg,train,real,real,/kaggle/working/genimage_8000_split_v4/train/real/real_01961.jpeg
real_02157.jpeg,train,real,real,/kaggle/working/genimage_8000_split_v4/train/real/real_02157.jpeg
real_02623.jpeg,train,real,real,/kaggle/working/genimage_8000_split_v4/train/real/real_02623.jpeg
real_00239.jpeg,train,real,real,/kaggle/working/genimage_8000_split_v4/train/real/real_00239.jpeg
real_00643.jpeg,train,real,real,/kaggle/working/genimage_8000_split_v4/train/real/real_00643.jpeg
real_01675.jpeg,train,real,real,/kaggle/working/genimage_8000_split_v4/train/real/real_01675.jpeg
real_02386.jpeg,train,real,real,/kaggle/working/genimage_8000_split_v4/train/real/real_02386.jpeg
real_00837.jpeg,train,real,real,/kaggle/working/genimage_8000_split_v4/train/real/real_00837.jpeg
real_00713.jpeg,train,real,real,/kaggle/working/genimage_8000_split_v4/train/real/real_00713.jpeg
real_02006.jpeg,train,real,real,/kaggle/working/genimage_8000_split_v4/train/real/real_02006.jpeg
real_01395.jpeg,train,real,real,/kaggle/working/genimage_8000_split_v4/train/real/real_01395.jpeg
real_01518.jpeg,train,real,real,/kaggle/working/genimage_8000_split_v4/train/real/real_01518.jpeg
real_01948.jpeg,train,real,real,/kaggle/working/genimage_8000_split_v4/train/real/real_01948.jpeg
real_02522.jpeg,train,real,real,/kaggle/working/genimage_8000_split_v4/train/real/real_02522.jpeg
real_01080.jpeg,train,real,real,/kaggle/working/genimage_8000_split_v4/train/real/real_01080.jpeg
real_00408.jpeg,train,real,real,/kaggle/working/genimage_8000_split_v4/train/real/real_00408.jpeg
real_00460.jpeg,train,real,real,/kaggle/working/genimage_8000_split_v4/train/real/real_00460.jpeg
real_00138.jpeg,train,real,real,/kaggle/working/genimage_8000_split_v4/train/real/real_00138.jpeg
real_00429.jpeg,train,real,real,/kaggle/working/genimage_8000_split_v4/train/real/real_00429.jpeg
real_01755.jpeg,train,real,real,/kaggle/working/genimage_8000_split_v4/train/real/real_01755.jpeg
real_02432.jpeg,train,real,real,/kaggle/working/genimage_8000_split_v4/train/real/real_02432.jpeg
real_02200.jpeg,train,real,real,/kaggle/working/genimage_8000_split_v4/train/real/real_02200.jpeg
real_02784.jpeg,train,real,real,/kaggle/working/genimage_8000_split_v4/train/real/real_02784.jpeg
real_01297.jpeg,train,real,real,/kaggle/working/genimage_8000_split_v4/train/real/real_01297.jpeg
real_01549.jpeg,train,real,real,/kaggle/working/genimage_8000_split_v4/train/real/real_01549.jpeg
real_00462.jpeg,train,real,real,/kaggle/working/genimage_8000_split_v4/train/real/real_00462.jpeg
real_01502.jpeg,train,real,real,/kaggle/working/genimage_8000_split_v4/train/real/real_01502.jpeg
real_00113.jpeg,train,real,real,/kaggle/working/genimage_8000_split_v4/train/real/real_00113.jpeg
real_00391.jpeg,train,real,real,/kaggle/working/genimage_8000_split_v4/train/real/real_00391.jpeg
real_01422.jpeg,train,real,real,/kaggle/working/genimage_8000_split_v4/train/real/real_01422.jpeg
real_00890.jpeg,train,real,real,/kaggle/working/genimage_8000_split_v4/train/real/real_00890.jpeg
real_00303.jpeg,train,real,real,/kaggle/working/genimage_8000_split_v4/train/real/real_00303.jpeg
real_00592.jpeg,train,real,real,/kaggle/working/genimage_8000_split_v4/train/real/real_00592.jpeg
real_02334.jpeg,train,real,real,/kaggle/working/genimage_8000_split_v4/train/real/real_02334.jpeg
real_01404.jpeg,train,real,real,/kaggle/working/genimage_8000_split_v4/train/real/real_01404.jpeg
real_02335.jpeg,train,real,real,/kaggle/working/genimage_8000_split_v4/train/real/real_02335.jpeg
real_01527.jpeg,train,real,real,/kaggle/working/genimage_8000_split_v4/train/real/real_01527.jpeg
real_01631.jpeg,train,real,real,/kaggle/working/genimage_8000_split_v4/train/real/real_01631.jpeg
real_00888.jpeg,train,real,real,/kaggle/working/genimage_8000_split_v4/train/real/real_00888.jpeg
real_01143.jpeg,train,real,real,/kaggle/working/genimage_8000_split_v4/train/real/real_01143.jpeg
real_01108.jpeg,train,real,real,/kaggle/working/genimage_8000_split_v4/train/real/real_01108.jpeg
real_02339.jpeg,train,real,real,/kaggle/working/genimage_8000_split_v4/train/real/real_02339.jpeg
real_02041.jpeg,train,real,real,/kaggle/working/genimage_8000_split_v4/train/real/real_02041.jpeg
real_02790.jpeg,train,real,real,/kaggle/working/genimage_8000_split_v4/train/real/real_02790.jpeg
real_02777.jpeg,train,real,real,/kaggle/working/genimage_8000_split_v4/train/real/real_02777.jpeg
real_02514.jpeg,train,real,real,/kaggle/working/genimage_8000_split_v4/train/real/real_02514.jpeg
real_01620.jpeg,train,real,real,/kaggle/working/genimage_8000_split_v4/train/real/real_01620.jpeg
real_00157.jpeg,train,real,real,/kaggle/working/genimage_8000_split_v4/train/real/real_00157.jpeg
real_02403.jpeg,train,real,real,/kaggle/working/genimage_8000_split_v4/train/real/real_02403.jpeg
real_00906.jpeg,train,real,real,/kaggle/working/genimage_8000_split_v4/train/real/real_00906.jpeg
real_02747.jpeg,train,real,real,/kaggle/working/genimage_8000_split_v4/train/real/real_02747.jpeg
real_01788.jpeg,train,real,real,/kaggle/working/genimage_8000_split_v4/train/real/real_01788.jpeg
real_02293.jpeg,train,real,real,/kaggle/working/genimage_8000_split_v4/train/real/real_02293.jpeg
real_00475.jpeg,train,real,real,/kaggle/working/genimage_8000_split_v4/train/real/real_00475.jpeg
real_02145.jpeg,train,real,real,/kaggle/working/genimage_8000_split_v4/train/real/real_02145.jpeg
real_00071.jpeg,train,real,real,/kaggle/working/genimage_8000_split_v4/train/real/real_00071.jpeg
real_02702.jpeg,train,real,real,/kaggle/working/genimage_8000_split_v4/train/real/real_02702.jpeg
real_00799.jpeg,train,real,real,/kaggle/working/genimage_8000_split_v4/train/real/real_00799.jpeg
real_00235.jpeg,train,real,real,/kaggle/working/genimage_8000_split_v4/train/real/real_00235.jpeg
real_02779.jpeg,train,real,real,/kaggle/working/genimage_8000_split_v4/train/real/real_02779.jpeg
real_02218.jpeg,train,real,real,/kaggle/working/genimage_8000_split_v4/train/real/real_02218.jpeg
real_02627.jpeg,train,real,real,/kaggle/working/genimage_8000_split_v4/train/real/real_02627.jpeg
real_00067.jpeg,train,real,real,/kaggle/working/genimage_8000_split_v4/train/real/real_00067.jpeg
real_01359.jpeg,train,real,real,/kaggle/working/genimage_8000_split_v4/train/real/real_01359.jpeg
real_01724.jpeg,train,real,real,/kaggle/working/genimage_8000_split_v4/train/real/real_01724.jpeg
real_00893.jpeg,train,real,real,/kaggle/working/genimage_8000_split_v4/train/real/real_00893.jpeg
real_00502.jpeg,train,real,real,/kaggle/working/genimage_8000_split_v4/train/real/real_00502.jpeg
real_01300.jpeg,train,real,real,/kaggle/working/genimage_8000_split_v4/train/real/real_01300.jpeg
real_00816.jpeg,train,real,real,/kaggle/working/genimage_8000_split_v4/train/real/real_00816.jpeg
real_00691.jpeg,train,real,real,/kaggle/working/genimage_8000_split_v4/train/real/real_00691.jpeg
real_02793.jpeg,train,real,real,/kaggle/working/genimage_8000_split_v4/train/real/real_02793.jpeg
real_01657.jpeg,train,real,real,/kaggle/working/genimage_8000_split_v4/train/real/real_01657.jpeg
real_00722.jpeg,train,real,real,/kaggle/working/genimage_8000_split_v4/train/real/real_00722.jpeg
real_00625.jpeg,train,real,real,/kaggle/working/genimage_8000_split_v4/train/real/real_00625.jpeg
real_00099.jpeg,train,real,real,/kaggle/working/genimage_8000_split_v4/train/real/real_00099.jpeg
real_02422.jpeg,train,real,real,/kaggle/working/genimage_8000_split_v4/train/real/real_02422.jpeg
real_00845.jpeg,train,real,real,/kaggle/working/genimage_8000_split_v4/train/real/real_00845.jpeg
real_01486.jpeg,train,real,real,/kaggle/working/genimage_8000_split_v4/train/real/real_01486.jpeg
real_02115.jpeg,train,real,real,/kaggle/working/genimage_8000_split_v4/train/real/real_02115.jpeg
real_02780.jpeg,train,real,real,/kaggle/working/genimage_8000_split_v4/train/real/real_02780.jpeg
real_02717.jpeg,train,real,real,/kaggle/working/genimage_8000_split_v4/train/real/real_02717.jpeg
real_02069.jpeg,train,real,real,/kaggle/working/genimage_8000_split_v4/train/real/real_02069.jpeg
real_01158.jpeg,train,real,real,/kaggle/working/genimage_8000_split_v4/train/real/real_01158.jpeg
real_00508.jpeg,train,real,real,/kaggle/working/genimage_8000_split_v4/train/real/real_00508.jpeg
real_02273.jpeg,train,real,real,/kaggle/working/genimage_8000_split_v4/train/real/real_02273.jpeg
real_01650.jpeg,train,real,real,/kaggle/working/genimage_8000_split_v4/train/real/real_01650.jpeg
real_02018.jpeg,train,real,real,/kaggle/working/genimage_8000_split_v4/train/real/real_02018.jpeg
real_01374.jpeg,train,real,real,/kaggle/working/genimage_8000_split_v4/train/real/real_01374.jpeg
real_00716.jpeg,train,real,real,/kaggle/working/genimage_8000_split_v4/train/real/real_00716.jpeg
real_00693.jpeg,train,real,real,/kaggle/working/genimage_8000_split_v4/train/real/real_00693.jpeg
real_00036.jpeg,train,real,real,/kaggle/working/genimage_8000_split_v4/train/real/real_00036.jpeg
real_01066.jpeg,train,real,real,/kaggle/working/genimage_8000_split_v4/train/real/real_01066.jpeg
real_00760.jpeg,train,real,real,/kaggle/working/genimage_8000_split_v4/train/real/real_00760.jpeg
real_02003.jpeg,train,real,real,/kaggle/working/genimage_8000_split_v4/train/real/real_02003.jpeg
real_01094.jpeg,train,real,real,/kaggle/working/genimage_8000_split_v4/train/real/real_01094.jpeg
real_00796.jpeg,train,real,real,/kaggle/working/genimage_8000_split_v4/train/real/real_00796.jpeg
real_01013.jpeg,train,real,real,/kaggle/working/genimage_8000_split_v4/train/real/real_01013.jpeg
real_00149.jpeg,train,real,real,/kaggle/working/genimage_8000_split_v4/train/real/real_00149.jpeg
real_02602.jpeg,train,real,real,/kaggle/working/genimage_8000_split_v4/train/real/real_02602.jpeg
real_01941.jpeg,train,real,real,/kaggle/working/genimage_8000_split_v4/train/real/real_01941.jpeg
real_00616.jpeg,train,real,real,/kaggle/working/genimage_8000_split_v4/train/real/real_00616.jpeg
real_01398.jpeg,train,real,real,/kaggle/working/genimage_8000_split_v4/train/real/real_01398.jpeg
real_01202.jpeg,train,real,real,/kaggle/working/genimage_8000_split_v4/train/real/real_01202.jpeg
real_00629.jpeg,train,real,real,/kaggle/working/genimage_8000_split_v4/train/real/real_00629.jpeg
real_00220.jpeg,train,real,real,/kaggle/working/genimage_8000_split_v4/train/real/real_00220.jpeg
real_00418.jpeg,train,real,real,/kaggle/working/genimage_8000_split_v4/train/real/real_00418.jpeg
real_02221.jpeg,train,real,real,/kaggle/working/genimage_8000_split_v4/train/real/real_02221.jpeg
real_01546.jpeg,train,real,real,/kaggle/working/genimage_8000_split_v4/train/real/real_01546.jpeg
real_00750.jpeg,train,real,real,/kaggle/working/genimage_8000_split_v4/train/real/real_00750.jpeg
real_00466.jpeg,train,real,real,/kaggle/working/genimage_8000_split_v4/train/real/real_00466.jpeg
real_00910.jpeg,train,real,real,/kaggle/working/genimage_8000_split_v4/train/real/real_00910.jpeg
real_00120.jpeg,train,real,real,/kaggle/working/genimage_8000_split_v4/train/real/real_00120.jpeg
real_00647.jpeg,train,real,real,/kaggle/working/genimage_8000_split_v4/train/real/real_00647.jpeg
real_00985.jpeg,train,real,real,/kaggle/working/genimage_8000_split_v4/train/real/real_00985.jpeg
real_01997.jpeg,train,real,real,/kaggle/working/genimage_8000_split_v4/train/real/real_01997.jpeg
real_00759.jpeg,train,real,real,/kaggle/working/genimage_8000_split_v4/train/real/real_00759.jpeg
real_01245.jpeg,train,real,real,/kaggle/working/genimage_8000_split_v4/train/real/real_01245.jpeg
real_02643.jpeg,train,real,real,/kaggle/working/genimage_8000_split_v4/train/real/real_02643.jpeg
real_01700.jpeg,train,real,real,/kaggle/working/genimage_8000_split_v4/train/real/real_01700.jpeg
real_01909.jpeg,train,real,real,/kaggle/working/genimage_8000_split_v4/train/real/real_01909.jpeg
real_01097.jpeg,train,real,real,/kaggle/working/genimage_8000_split_v4/train/real/real_01097.jpeg
real_00139.jpeg,train,real,real,/kaggle/working/genimage_8000_split_v4/train/real/real_00139.jpeg
real_01545.jpeg,train,real,real,/kaggle/working/genimage_8000_split_v4/train/real/real_01545.jpeg
real_00589.jpeg,train,real,real,/kaggle/working/genimage_8000_split_v4/train/real/real_00589.jpeg
real_01640.jpeg,train,real,real,/kaggle/working/genimage_8000_split_v4/train/real/real_01640.jpeg
real_00276.jpeg,train,real,real,/kaggle/working/genimage_8000_split_v4/train/real/real_00276.jpeg
real_00834.jpeg,train,real,real,/kaggle/working/genimage_8000_split_v4/train/real/real_00834.jpeg
real_02346.jpeg,train,real,real,/kaggle/working/genimage_8000_split_v4/train/real/real_02346.jpeg
real_01985.jpeg,train,real,real,/kaggle/working/genimage_8000_split_v4/train/real/real_01985.jpeg
real_02671.jpeg,train,real,real,/kaggle/working/genimage_8000_split_v4/train/real/real_02671.jpeg
real_01519.jpeg,train,real,real,/kaggle/working/genimage_8000_split_v4/train/real/real_01519.jpeg
real_00377.jpeg,train,real,real,/kaggle/working/genimage_8000_split_v4/train/real/real_00377.jpeg
real_00639.jpeg,train,real,real,/kaggle/working/genimage_8000_split_v4/train/real/real_00639.jpeg
real_00175.jpeg,train,real,real,/kaggle/working/genimage_8000_split_v4/train/real/real_00175.jpeg
real_01413.jpeg,train,real,real,/kaggle/working/genimage_8000_split_v4/train/real/real_01413.jpeg
real_01722.jpeg,train,real,real,/kaggle/working/genimage_8000_split_v4/train/real/real_01722.jpeg
real_00950.jpeg,train,real,real,/kaggle/working/genimage_8000_split_v4/train/real/real_00950.jpeg
real_02038.jpeg,train,real,real,/kaggle/working/genimage_8000_split_v4/train/real/real_02038.jpeg
real_02628.jpeg,train,real,real,/kaggle/working/genimage_8000_split_v4/train/real/real_02628.jpeg
real_02225.jpeg,train,real,real,/kaggle/working/genimage_8000_split_v4/train/real/real_02225.jpeg
real_01476.jpeg,train,real,real,/kaggle/working/genimage_8000_split_v4/train/real/real_01476.jpeg
real_01950.jpeg,train,real,real,/kaggle/working/genimage_8000_split_v4/train/real/real_01950.jpeg
real_00001.jpeg,train,real,real,/kaggle/working/genimage_8000_split_v4/train/real/real_00001.jpeg
real_00424.jpeg,train,real,real,/kaggle/working/genimage_8000_split_v4/train/real/real_00424.jpeg
real_02150.jpeg,train,real,real,/kaggle/working/genimage_8000_split_v4/train/real/real_02150.jpeg
real_01228.jpeg,train,real,real,/kaggle/working/genimage_8000_split_v4/train/real/real_01228.jpeg
real_02421.jpeg,train,real,real,/kaggle/working/genimage_8000_split_v4/train/real/real_02421.jpeg
real_00197.jpeg,train,real,real,/kaggle/working/genimage_8000_split_v4/train/real/real_00197.jpeg
real_02412.jpeg,train,real,real,/kaggle/working/genimage_8000_split_v4/train/real/real_02412.jpeg
real_01528.jpeg,train,real,real,/kaggle/working/genimage_8000_split_v4/train/real/real_01528.jpeg
real_02355.jpeg,train,real,real,/kaggle/working/genimage_8000_split_v4/train/real/real_02355.jpeg
real_00246.jpeg,train,real,real,/kaggle/working/genimage_8000_split_v4/train/real/real_00246.jpeg
real_00974.jpeg,train,real,real,/kaggle/working/genimage_8000_split_v4/train/real/real_00974.jpeg
real_01355.jpeg,train,real,real,/kaggle/working/genimage_8000_split_v4/train/real/real_01355.jpeg
real_02448.jpeg,train,real,real,/kaggle/working/genimage_8000_split_v4/train/real/real_02448.jpeg
real_00325.jpeg,train,real,real,/kaggle/working/genimage_8000_split_v4/train/real/real_00325.jpeg
real_00624.jpeg,train,real,real,/kaggle/working/genimage_8000_split_v4/train/real/real_00624.jpeg
real_01751.jpeg,train,real,real,/kaggle/working/genimage_8000_split_v4/train/real/real_01751.jpeg
real_00150.jpeg,train,real,real,/kaggle/working/genimage_8000_split_v4/train/real/real_00150.jpeg
real_01610.jpeg,train,real,real,/kaggle/working/genimage_8000_split_v4/train/real/real_01610.jpeg
real_01882.jpeg,train,real,real,/kaggle/working/genimage_8000_split_v4/train/real/real_01882.jpeg
real_02545.jpeg,train,real,real,/kaggle/working/genimage_8000_split_v4/train/real/real_02545.jpeg
real_02362.jpeg,train,real,real,/kaggle/working/genimage_8000_split_v4/train/real/real_02362.jpeg
real_01186.jpeg,train,real,real,/kaggle/working/genimage_8000_split_v4/train/real/real_01186.jpeg
real_01510.jpeg,train,real,real,/kaggle/working/genimage_8000_split_v4/train/real/real_01510.jpeg
real_01994.jpeg,train,real,real,/kaggle/working/genimage_8000_split_v4/train/real/real_01994.jpeg
real_01894.jpeg,train,real,real,/kaggle/working/genimage_8000_split_v4/train/real/real_01894.jpeg
real_01989.jpeg,train,real,real,/kaggle/working/genimage_8000_split_v4/train/real/real_01989.jpeg
real_02605.jpeg,train,real,real,/kaggle/working/genimage_8000_split_v4/train/real/real_02605.jpeg
real_02134.jpeg,train,real,real,/kaggle/working/genimage_8000_split_v4/train/real/real_02134.jpeg
real_02229.jpeg,train,real,real,/kaggle/working/genimage_8000_split_v4/train/real/real_02229.jpeg
real_00917.jpeg,train,real,real,/kaggle/working/genimage_8000_split_v4/train/real/real_00917.jpeg
real_00896.jpeg,train,real,real,/kaggle/working/genimage_8000_split_v4/train/real/real_00896.jpeg
real_00501.jpeg,train,real,real,/kaggle/working/genimage_8000_split_v4/train/real/real_00501.jpeg
real_00428.jpeg,train,real,real,/kaggle/working/genimage_8000_split_v4/train/real/real_00428.jpeg
real_00222.jpeg,train,real,real,/kaggle/working/genimage_8000_split_v4/train/real/real_00222.jpeg
real_00682.jpeg,train,real,real,/kaggle/working/genimage_8000_split_v4/train/real/real_00682.jpeg
real_02689.jpeg,train,real,real,/kaggle/working/genimage_8000_split_v4/train/real/real_02689.jpeg
real_00045.jpeg,train,real,real,/kaggle/working/genimage_8000_split_v4/train/real/real_00045.jpeg
real_01562.jpeg,train,real,real,/kaggle/working/genimage_8000_split_v4/train/real/real_01562.jpeg
real_00338.jpeg,train,real,real,/kaggle/working/genimage_8000_split_v4/train/real/real_00338.jpeg
real_02159.jpeg,train,real,real,/kaggle/working/genimage_8000_split_v4/train/real/real_02159.jpeg
real_01150.jpeg,train,real,real,/kaggle/working/genimage_8000_split_v4/train/real/real_01150.jpeg
real_01146.jpeg,train,real,real,/kaggle/working/genimage_8000_split_v4/train/real/real_01146.jpeg
real_02341.jpeg,train,real,real,/kaggle/working/genimage_8000_split_v4/train/real/real_02341.jpeg
real_02796.jpeg,train,real,real,/kaggle/working/genimage_8000_split_v4/train/real/real_02796.jpeg
real_00851.jpeg,train,real,real,/kaggle/working/genimage_8000_split_v4/train/real/real_00851.jpeg
real_02688.jpeg,train,real,real,/kaggle/working/genimage_8000_split_v4/train/real/real_02688.jpeg
real_00809.jpeg,train,real,real,/kaggle/working/genimage_8000_split_v4/train/real/real_00809.jpeg
real_01209.jpeg,train,real,real,/kaggle/working/genimage_8000_split_v4/train/real/real_01209.jpeg
real_00656.jpeg,train,real,real,/kaggle/working/genimage_8000_split_v4/train/real/real_00656.jpeg
real_01626.jpeg,train,real,real,/kaggle/working/genimage_8000_split_v4/train/real/real_01626.jpeg
real_00390.jpeg,train,real,real,/kaggle/working/genimage_8000_split_v4/train/real/real_00390.jpeg
real_02584.jpeg,train,real,real,/kaggle/working/genimage_8000_split_v4/train/real/real_02584.jpeg
real_01852.jpeg,train,real,real,/kaggle/working/genimage_8000_split_v4/train/real/real_01852.jpeg
real_01378.jpeg,train,real,real,/kaggle/working/genimage_8000_split_v4/train/real/real_01378.jpeg
real_01488.jpeg,train,real,real,/kaggle/working/genimage_8000_split_v4/train/real/real_01488.jpeg
real_00062.jpeg,train,real,real,/kaggle/working/genimage_8000_split_v4/train/real/real_00062.jpeg
real_00856.jpeg,train,real,real,/kaggle/working/genimage_8000_split_v4/train/real/real_00856.jpeg
real_00426.jpeg,train,real,real,/kaggle/working/genimage_8000_split_v4/train/real/real_00426.jpeg
real_00605.jpeg,train,real,real,/kaggle/working/genimage_8000_split_v4/train/real/real_00605.jpeg
real_00702.jpeg,train,real,real,/kaggle/working/genimage_8000_split_v4/train/real/real_00702.jpeg
real_01687.jpeg,train,real,real,/kaggle/working/genimage_8000_split_v4/train/real/real_01687.jpeg
real_00247.jpeg,train,real,real,/kaggle/working/genimage_8000_split_v4/train/real/real_00247.jpeg
real_02096.jpeg,train,real,real,/kaggle/working/genimage_8000_split_v4/train/real/real_02096.jpeg
real_00152.jpeg,train,real,real,/kaggle/working/genimage_8000_split_v4/train/real/real_00152.jpeg
real_00156.jpeg,train,real,real,/kaggle/working/genimage_8000_split_v4/train/real/real_00156.jpeg
real_02697.jpeg,train,real,real,/kaggle/working/genimage_8000_split_v4/train/real/real_02697.jpeg
real_00084.jpeg,train,real,real,/kaggle/working/genimage_8000_split_v4/train/real/real_00084.jpeg
real_00212.jpeg,train,real,real,/kaggle/working/genimage_8000_split_v4/train/real/real_00212.jpeg
real_01868.jpeg,train,real,real,/kaggle/working/genimage_8000_split_v4/train/real/real_01868.jpeg
real_02192.jpeg,train,real,real,/kaggle/working/genimage_8000_split_v4/train/real/real_02192.jpeg
real_02482.jpeg,train,real,real,/kaggle/working/genimage_8000_split_v4/train/real/real_02482.jpeg
real_00184.jpeg,train,real,real,/kaggle/working/genimage_8000_split_v4/train/real/real_00184.jpeg
real_02016.jpeg,train,real,real,/kaggle/working/genimage_8000_split_v4/train/real/real_02016.jpeg
real_01296.jpeg,train,real,real,/kaggle/working/genimage_8000_split_v4/train/real/real_01296.jpeg
real_01362.jpeg,train,real,real,/kaggle/working/genimage_8000_split_v4/train/real/real_01362.jpeg
real_00724.jpeg,train,real,real,/kaggle/working/genimage_8000_split_v4/train/real/real_00724.jpeg
real_01024.jpeg,train,real,real,/kaggle/working/genimage_8000_split_v4/train/real/real_01024.jpeg
real_01696.jpeg,train,real,real,/kaggle/working/genimage_8000_split_v4/train/real/real_01696.jpeg
real_01232.jpeg,train,real,real,/kaggle/working/genimage_8000_split_v4/train/real/real_01232.jpeg
real_00990.jpeg,train,real,real,/kaggle/working/genimage_8000_split_v4/train/real/real_00990.jpeg
real_00814.jpeg,train,real,real,/kaggle/working/genimage_8000_split_v4/train/real/real_00814.jpeg
real_00734.jpeg,train,real,real,/kaggle/working/genimage_8000_split_v4/train/real/real_00734.jpeg
real_01091.jpeg,train,real,real,/kaggle/working/genimage_8000_split_v4/train/real/real_01091.jpeg
real_00787.jpeg,train,real,real,/kaggle/working/genimage_8000_split_v4/train/real/real_00787.jpeg
real_01407.jpeg,train,real,real,/kaggle/working/genimage_8000_split_v4/train/real/real_01407.jpeg
real_00309.jpeg,train,real,real,/kaggle/working/genimage_8000_split_v4/train/real/real_00309.jpeg
real_01703.jpeg,train,real,real,/kaggle/working/genimage_8000_split_v4/train/real/real_01703.jpeg
real_01807.jpeg,train,real,real,/kaggle/working/genimage_8000_split_v4/train/real/real_01807.jpeg
real_00757.jpeg,train,real,real,/kaggle/working/genimage_8000_split_v4/train/real/real_00757.jpeg
real_02197.jpeg,train,real,real,/kaggle/working/genimage_8000_split_v4/train/real/real_02197.jpeg
real_01691.jpeg,train,real,real,/kaggle/working/genimage_8000_split_v4/train/real/real_01691.jpeg
real_02716.jpeg,train,real,real,/kaggle/working/genimage_8000_split_v4/train/real/real_02716.jpeg
real_00423.jpeg,train,real,real,/kaggle/working/genimage_8000_split_v4/train/real/real_00423.jpeg
real_02428.jpeg,train,real,real,/kaggle/working/genimage_8000_split_v4/train/real/real_02428.jpeg
real_01854.jpeg,train,real,real,/kaggle/working/genimage_8000_split_v4/train/real/real_01854.jpeg
real_00095.jpeg,train,real,real,/kaggle/working/genimage_8000_split_v4/train/real/real_00095.jpeg
real_01866.jpeg,train,real,real,/kaggle/working/genimage_8000_split_v4/train/real/real_01866.jpeg
real_00264.jpeg,train,real,real,/kaggle/working/genimage_8000_split_v4/train/real/real_00264.jpeg
real_02065.jpeg,train,real,real,/kaggle/working/genimage_8000_split_v4/train/real/real_02065.jpeg
real_02560.jpeg,train,real,real,/kaggle/working/genimage_8000_split_v4/train/real/real_02560.jpeg
real_01033.jpeg,train,real,real,/kaggle/working/genimage_8000_split_v4/train/real/real_01033.jpeg
real_00105.jpeg,train,real,real,/kaggle/working/genimage_8000_split_v4/train/real/real_00105.jpeg
real_01271.jpeg,train,real,real,/kaggle/working/genimage_8000_split_v4/train/real/real_01271.jpeg
real_02288.jpeg,train,real,real,/kaggle/working/genimage_8000_split_v4/train/real/real_02288.jpeg
real_02574.jpeg,train,real,real,/kaggle/working/genimage_8000_split_v4/train/real/real_02574.jpeg
real_00024.jpeg,train,real,real,/kaggle/working/genimage_8000_split_v4/train/real/real_00024.jpeg
real_02664.jpeg,train,real,real,/kaggle/working/genimage_8000_split_v4/train/real/real_02664.jpeg
real_01747.jpeg,train,real,real,/kaggle/working/genimage_8000_split_v4/train/real/real_01747.jpeg
real_00293.jpeg,train,real,real,/kaggle/working/genimage_8000_split_v4/train/real/real_00293.jpeg
real_01753.jpeg,train,real,real,/kaggle/working/genimage_8000_split_v4/train/real/real_01753.jpeg
real_01363.jpeg,train,real,real,/kaggle/working/genimage_8000_split_v4/train/real/real_01363.jpeg
real_00946.jpeg,train,real,real,/kaggle/working/genimage_8000_split_v4/train/real/real_00946.jpeg
real_00311.jpeg,train,real,real,/kaggle/working/genimage_8000_split_v4/train/real/real_00311.jpeg
real_01589.jpeg,train,real,real,/kaggle/working/genimage_8000_split_v4/train/real/real_01589.jpeg
real_01511.jpeg,train,real,real,/kaggle/working/genimage_8000_split_v4/train/real/real_01511.jpeg
real_01718.jpeg,train,real,real,/kaggle/working/genimage_8000_split_v4/train/real/real_01718.jpeg
real_02025.jpeg,train,real,real,/kaggle/working/genimage_8000_split_v4/train/real/real_02025.jpeg
real_00032.jpeg,train,real,real,/kaggle/working/genimage_8000_split_v4/train/real/real_00032.jpeg
real_01029.jpeg,train,real,real,/kaggle/working/genimage_8000_split_v4/train/real/real_01029.jpeg
real_02131.jpeg,train,real,real,/kaggle/working/genimage_8000_split_v4/train/real/real_02131.jpeg
real_02257.jpeg,train,real,real,/kaggle/working/genimage_8000_split_v4/train/real/real_02257.jpeg
real_01892.jpeg,train,real,real,/kaggle/working/genimage_8000_split_v4/train/real/real_01892.jpeg
real_01170.jpeg,train,real,real,/kaggle/working/genimage_8000_split_v4/train/real/real_01170.jpeg
real_02782.jpeg,train,real,real,/kaggle/working/genimage_8000_split_v4/train/real/real_02782.jpeg
real_01981.jpeg,train,real,real,/kaggle/working/genimage_8000_split_v4/train/real/real_01981.jpeg
real_02732.jpeg,train,real,real,/kaggle/working/genimage_8000_split_v4/train/real/real_02732.jpeg
real_01685.jpeg,train,real,real,/kaggle/working/genimage_8000_split_v4/train/real/real_01685.jpeg
real_00374.jpeg,train,real,real,/kaggle/working/genimage_8000_split_v4/train/real/real_00374.jpeg
real_00492.jpeg,train,real,real,/kaggle/working/genimage_8000_split_v4/train/real/real_00492.jpeg
real_00162.jpeg,train,real,real,/kaggle/working/genimage_8000_split_v4/train/real/real_00162.jpeg
real_01943.jpeg,train,real,real,/kaggle/working/genimage_8000_split_v4/train/real/real_01943.jpeg
real_01382.jpeg,train,real,real,/kaggle/working/genimage_8000_split_v4/train/real/real_01382.jpeg
real_01910.jpeg,train,real,real,/kaggle/working/genimage_8000_split_v4/train/real/real_01910.jpeg
real_01499.jpeg,train,real,real,/kaggle/working/genimage_8000_split_v4/train/real/real_01499.jpeg
real_02078.jpeg,train,real,real,/kaggle/working/genimage_8000_split_v4/train/real/real_02078.jpeg
real_01661.jpeg,train,real,real,/kaggle/working/genimage_8000_split_v4/train/real/real_01661.jpeg
real_02783.jpeg,train,real,real,/kaggle/working/genimage_8000_split_v4/train/real/real_02783.jpeg
real_01573.jpeg,train,real,real,/kaggle/working/genimage_8000_split_v4/train/real/real_01573.jpeg
real_02594.jpeg,train,real,real,/kaggle/working/genimage_8000_split_v4/train/real/real_02594.jpeg
real_01205.jpeg,train,real,real,/kaggle/working/genimage_8000_split_v4/train/real/real_01205.jpeg
real_01707.jpeg,train,real,real,/kaggle/working/genimage_8000_split_v4/train/real/real_01707.jpeg
real_01405.jpeg,train,real,real,/kaggle/working/genimage_8000_split_v4/train/real/real_01405.jpeg
real_01617.jpeg,train,real,real,/kaggle/working/genimage_8000_split_v4/train/real/real_01617.jpeg
real_00588.jpeg,train,real,real,/kaggle/working/genimage_8000_split_v4/train/real/real_00588.jpeg
real_00886.jpeg,train,real,real,/kaggle/working/genimage_8000_split_v4/train/real/real_00886.jpeg
real_00411.jpeg,train,real,real,/kaggle/working/genimage_8000_split_v4/train/real/real_00411.jpeg
real_01774.jpeg,train,real,real,/kaggle/working/genimage_8000_split_v4/train/real/real_01774.jpeg
real_01988.jpeg,train,real,real,/kaggle/working/genimage_8000_split_v4/train/real/real_01988.jpeg
real_01076.jpeg,train,real,real,/kaggle/working/genimage_8000_split_v4/train/real/real_01076.jpeg
real_02220.jpeg,train,real,real,/kaggle/working/genimage_8000_split_v4/train/real/real_02220.jpeg
real_01138.jpeg,train,real,real,/kaggle/working/genimage_8000_split_v4/train/real/real_01138.jpeg
real_01881.jpeg,train,real,real,/kaggle/working/genimage_8000_split_v4/train/real/real_01881.jpeg
real_02541.jpeg,train,real,real,/kaggle/working/genimage_8000_split_v4/train/real/real_02541.jpeg
real_02722.jpeg,train,real,real,/kaggle/working/genimage_8000_split_v4/train/real/real_02722.jpeg
real_00241.jpeg,train,real,real,/kaggle/working/genimage_8000_split_v4/train/real/real_00241.jpeg
real_00432.jpeg,train,real,real,/kaggle/working/genimage_8000_split_v4/train/real/real_00432.jpeg
real_01652.jpeg,train,real,real,/kaggle/working/genimage_8000_split_v4/train/real/real_01652.jpeg
real_00828.jpeg,train,real,real,/kaggle/working/genimage_8000_split_v4/train/real/real_00828.jpeg
real_01107.jpeg,train,real,real,/kaggle/working/genimage_8000_split_v4/train/real/real_01107.jpeg
real_01460.jpeg,train,real,real,/kaggle/working/genimage_8000_split_v4/train/real/real_01460.jpeg
real_01019.jpeg,train,real,real,/kaggle/working/genimage_8000_split_v4/train/real/real_01019.jpeg
real_00025.jpeg,train,real,real,/kaggle/working/genimage_8000_split_v4/train/real/real_00025.jpeg
real_00079.jpeg,train,real,real,/kaggle/working/genimage_8000_split_v4/train/real/real_00079.jpeg
real_01799.jpeg,train,real,real,/kaggle/working/genimage_8000_split_v4/train/real/real_01799.jpeg
real_00623.jpeg,train,real,real,/kaggle/working/genimage_8000_split_v4/train/real/real_00623.jpeg
real_01269.jpeg,train,real,real,/kaggle/working/genimage_8000_split_v4/train/real/real_01269.jpeg
real_00351.jpeg,train,real,real,/kaggle/working/genimage_8000_split_v4/train/real/real_00351.jpeg
real_00590.jpeg,train,real,real,/kaggle/working/genimage_8000_split_v4/train/real/real_00590.jpeg
real_00240.jpeg,train,real,real,/kaggle/working/genimage_8000_split_v4/train/real/real_00240.jpeg
real_02667.jpeg,train,real,real,/kaggle/working/genimage_8000_split_v4/train/real/real_02667.jpeg
real_02794.jpeg,train,real,real,/kaggle/working/genimage_8000_split_v4/train/real/real_02794.jpeg
real_01836.jpeg,train,real,real,/kaggle/working/genimage_8000_split_v4/train/real/real_01836.jpeg
real_00668.jpeg,train,real,real,/kaggle/working/genimage_8000_split_v4/train/real/real_00668.jpeg
real_01288.jpeg,train,real,real,/kaggle/working/genimage_8000_split_v4/train/real/real_01288.jpeg
real_00583.jpeg,train,real,real,/kaggle/working/genimage_8000_split_v4/train/real/real_00583.jpeg
real_01329.jpeg,train,real,real,/kaggle/working/genimage_8000_split_v4/train/real/real_01329.jpeg
real_02586.jpeg,train,real,real,/kaggle/working/genimage_8000_split_v4/train/real/real_02586.jpeg
real_02625.jpeg,train,real,real,/kaggle/working/genimage_8000_split_v4/train/real/real_02625.jpeg
real_01694.jpeg,train,real,real,/kaggle/working/genimage_8000_split_v4/train/real/real_01694.jpeg
real_01491.jpeg,train,real,real,/kaggle/working/genimage_8000_split_v4/train/real/real_01491.jpeg
real_02129.jpeg,train,real,real,/kaggle/working/genimage_8000_split_v4/train/real/real_02129.jpeg
real_00116.jpeg,train,real,real,/kaggle/working/genimage_8000_split_v4/train/real/real_00116.jpeg
real_02654.jpeg,train,real,real,/kaggle/working/genimage_8000_split_v4/train/real/real_02654.jpeg
real_00657.jpeg,train,real,real,/kaggle/working/genimage_8000_split_v4/train/real/real_00657.jpeg
real_01644.jpeg,train,real,real,/kaggle/working/genimage_8000_split_v4/train/real/real_01644.jpeg
real_02274.jpeg,train,real,real,/kaggle/working/genimage_8000_split_v4/train/real/real_02274.jpeg
real_02007.jpeg,train,real,real,/kaggle/working/genimage_8000_split_v4/train/real/real_02007.jpeg
real_00081.jpeg,train,real,real,/kaggle/working/genimage_8000_split_v4/train/real/real_00081.jpeg
real_01628.jpeg,train,real,real,/kaggle/working/genimage_8000_split_v4/train/real/real_01628.jpeg
real_01077.jpeg,train,real,real,/kaggle/working/genimage_8000_split_v4/train/real/real_01077.jpeg
real_01917.jpeg,train,real,real,/kaggle/working/genimage_8000_split_v4/train/real/real_01917.jpeg
real_01364.jpeg,train,real,real,/kaggle/working/genimage_8000_split_v4/train/real/real_01364.jpeg
real_01028.jpeg,train,real,real,/kaggle/working/genimage_8000_split_v4/train/real/real_01028.jpeg
real_00224.jpeg,train,real,real,/kaggle/working/genimage_8000_split_v4/train/real/real_00224.jpeg
real_00372.jpeg,train,real,real,/kaggle/working/genimage_8000_split_v4/train/real/real_00372.jpeg
real_00938.jpeg,train,real,real,/kaggle/working/genimage_8000_split_v4/train/real/real_00938.jpeg
real_00676.jpeg,train,real,real,/kaggle/working/genimage_8000_split_v4/train/real/real_00676.jpeg
real_02359.jpeg,train,real,real,/kaggle/working/genimage_8000_split_v4/train/real/real_02359.jpeg
real_02021.jpeg,train,real,real,/kaggle/working/genimage_8000_split_v4/train/real/real_02021.jpeg
real_02299.jpeg,train,real,real,/kaggle/working/genimage_8000_split_v4/train/real/real_02299.jpeg
real_00074.jpeg,train,real,real,/kaggle/working/genimage_8000_split_v4/train/real/real_00074.jpeg
real_02649.jpeg,train,real,real,/kaggle/working/genimage_8000_split_v4/train/real/real_02649.jpeg
real_02389.jpeg,train,real,real,/kaggle/working/genimage_8000_split_v4/train/real/real_02389.jpeg
real_00555.jpeg,train,real,real,/kaggle/working/genimage_8000_split_v4/train/real/real_00555.jpeg
real_00399.jpeg,train,real,real,/kaggle/working/genimage_8000_split_v4/train/real/real_00399.jpeg
real_02103.jpeg,train,real,real,/kaggle/working/genimage_8000_split_v4/train/real/real_02103.jpeg
real_00308.jpeg,train,real,real,/kaggle/working/genimage_8000_split_v4/train/real/real_00308.jpeg
real_01317.jpeg,train,real,real,/kaggle/working/genimage_8000_split_v4/train/real/real_01317.jpeg
real_01089.jpeg,train,real,real,/kaggle/working/genimage_8000_split_v4/train/real/real_01089.jpeg
real_01399.jpeg,train,real,real,/kaggle/working/genimage_8000_split_v4/train/real/real_01399.jpeg
real_01605.jpeg,train,real,real,/kaggle/working/genimage_8000_split_v4/train/real/real_01605.jpeg
real_00852.jpeg,train,real,real,/kaggle/working/genimage_8000_split_v4/train/real/real_00852.jpeg
real_00614.jpeg,train,real,real,/kaggle/working/genimage_8000_split_v4/train/real/real_00614.jpeg
real_01257.jpeg,train,real,real,/kaggle/working/genimage_8000_split_v4/train/real/real_01257.jpeg
real_01176.jpeg,train,real,real,/kaggle/working/genimage_8000_split_v4/train/real/real_01176.jpeg
real_01266.jpeg,train,real,real,/kaggle/working/genimage_8000_split_v4/train/real/real_01266.jpeg
real_00132.jpeg,train,real,real,/kaggle/working/genimage_8000_split_v4/train/real/real_00132.jpeg
real_00993.jpeg,train,real,real,/kaggle/working/genimage_8000_split_v4/train/real/real_00993.jpeg
real_00478.jpeg,train,real,real,/kaggle/working/genimage_8000_split_v4/train/real/real_00478.jpeg
real_02137.jpeg,train,real,real,/kaggle/working/genimage_8000_split_v4/train/real/real_02137.jpeg
real_01452.jpeg,train,real,real,/kaggle/working/genimage_8000_split_v4/train/real/real_01452.jpeg
real_00826.jpeg,train,real,real,/kaggle/working/genimage_8000_split_v4/train/real/real_00826.jpeg
real_02415.jpeg,train,real,real,/kaggle/working/genimage_8000_split_v4/train/real/real_02415.jpeg
real_01853.jpeg,train,real,real,/kaggle/working/genimage_8000_split_v4/train/real/real_01853.jpeg
real_00435.jpeg,train,real,real,/kaggle/working/genimage_8000_split_v4/train/real/real_00435.jpeg
real_01243.jpeg,train,real,real,/kaggle/working/genimage_8000_split_v4/train/real/real_01243.jpeg
real_00652.jpeg,train,real,real,/kaggle/working/genimage_8000_split_v4/train/real/real_00652.jpeg
real_00627.jpeg,train,real,real,/kaggle/working/genimage_8000_split_v4/train/real/real_00627.jpeg
real_02776.jpeg,train,real,real,/kaggle/working/genimage_8000_split_v4/train/real/real_02776.jpeg
real_00870.jpeg,train,real,real,/kaggle/working/genimage_8000_split_v4/train/real/real_00870.jpeg
real_01865.jpeg,train,real,real,/kaggle/working/genimage_8000_split_v4/train/real/real_01865.jpeg
real_00072.jpeg,train,real,real,/kaggle/working/genimage_8000_split_v4/train/real/real_00072.jpeg
real_01340.jpeg,train,real,real,/kaggle/working/genimage_8000_split_v4/train/real/real_01340.jpeg
real_00037.jpeg,train,real,real,/kaggle/working/genimage_8000_split_v4/train/real/real_00037.jpeg
real_01435.jpeg,train,real,real,/kaggle/working/genimage_8000_split_v4/train/real/real_01435.jpeg
real_00740.jpeg,train,real,real,/kaggle/working/genimage_8000_split_v4/train/real/real_00740.jpeg
real_01204.jpeg,train,real,real,/kaggle/working/genimage_8000_split_v4/train/real/real_01204.jpeg
real_01111.jpeg,train,real,real,/kaggle/working/genimage_8000_split_v4/train/real/real_01111.jpeg
real_00272.jpeg,train,real,real,/kaggle/working/genimage_8000_split_v4/train/real/real_00272.jpeg
real_01565.jpeg,train,real,real,/kaggle/working/genimage_8000_split_v4/train/real/real_01565.jpeg
real_02178.jpeg,train,real,real,/kaggle/working/genimage_8000_split_v4/train/real/real_02178.jpeg
real_00863.jpeg,train,real,real,/kaggle/working/genimage_8000_split_v4/train/real/real_00863.jpeg
real_01072.jpeg,train,real,real,/kaggle/working/genimage_8000_split_v4/train/real/real_01072.jpeg
real_01284.jpeg,train,real,real,/kaggle/working/genimage_8000_split_v4/train/real/real_01284.jpeg
real_00680.jpeg,train,real,real,/kaggle/working/genimage_8000_split_v4/train/real/real_00680.jpeg
real_01261.jpeg,train,real,real,/kaggle/working/genimage_8000_split_v4/train/real/real_01261.jpeg
real_01966.jpeg,train,real,real,/kaggle/working/genimage_8000_split_v4/train/real/real_01966.jpeg
real_01426.jpeg,train,real,real,/kaggle/working/genimage_8000_split_v4/train/real/real_01426.jpeg
real_02321.jpeg,train,real,real,/kaggle/working/genimage_8000_split_v4/train/real/real_02321.jpeg
real_01078.jpeg,train,real,real,/kaggle/working/genimage_8000_split_v4/train/real/real_01078.jpeg
real_01239.jpeg,train,real,real,/kaggle/working/genimage_8000_split_v4/train/real/real_01239.jpeg
real_00786.jpeg,train,real,real,/kaggle/working/genimage_8000_split_v4/train/real/real_00786.jpeg
real_00829.jpeg,train,real,real,/kaggle/working/genimage_8000_split_v4/train/real/real_00829.jpeg
real_01036.jpeg,train,real,real,/kaggle/working/genimage_8000_split_v4/train/real/real_01036.jpeg
real_01637.jpeg,train,real,real,/kaggle/working/genimage_8000_split_v4/train/real/real_01637.jpeg
real_00102.jpeg,train,real,real,/kaggle/working/genimage_8000_split_v4/train/real/real_00102.jpeg
real_00044.jpeg,train,real,real,/kaggle/working/genimage_8000_split_v4/train/real/real_00044.jpeg
real_02068.jpeg,train,real,real,/kaggle/working/genimage_8000_split_v4/train/real/real_02068.jpeg
real_01283.jpeg,train,real,real,/kaggle/working/genimage_8000_split_v4/train/real/real_01283.jpeg
real_02151.jpeg,train,real,real,/kaggle/working/genimage_8000_split_v4/train/real/real_02151.jpeg
real_01495.jpeg,train,real,real,/kaggle/working/genimage_8000_split_v4/train/real/real_01495.jpeg
real_01456.jpeg,train,real,real,/kaggle/working/genimage_8000_split_v4/train/real/real_01456.jpeg
real_00983.jpeg,train,real,real,/kaggle/working/genimage_8000_split_v4/train/real/real_00983.jpeg
real_00546.jpeg,train,real,real,/kaggle/working/genimage_8000_split_v4/train/real/real_00546.jpeg
real_02632.jpeg,train,real,real,/kaggle/working/genimage_8000_split_v4/train/real/real_02632.jpeg
real_01559.jpeg,train,real,real,/kaggle/working/genimage_8000_split_v4/train/real/real_01559.jpeg
real_01944.jpeg,train,real,real,/kaggle/working/genimage_8000_split_v4/train/real/real_01944.jpeg
real_02070.jpeg,train,real,real,/kaggle/working/genimage_8000_split_v4/train/real/real_02070.jpeg
real_00146.jpeg,train,real,real,/kaggle/working/genimage_8000_split_v4/train/real/real_00146.jpeg
real_01339.jpeg,train,real,real,/kaggle/working/genimage_8000_split_v4/train/real/real_01339.jpeg
real_00900.jpeg,train,real,real,/kaggle/working/genimage_8000_split_v4/train/real/real_00900.jpeg
real_00361.jpeg,train,real,real,/kaggle/working/genimage_8000_split_v4/train/real/real_00361.jpeg
real_00498.jpeg,train,real,real,/kaggle/working/genimage_8000_split_v4/train/real/real_00498.jpeg
real_00567.jpeg,train,real,real,/kaggle/working/genimage_8000_split_v4/train/real/real_00567.jpeg
real_01010.jpeg,train,real,real,/kaggle/working/genimage_8000_split_v4/train/real/real_01010.jpeg
real_01017.jpeg,train,real,real,/kaggle/working/genimage_8000_split_v4/train/real/real_01017.jpeg
real_02711.jpeg,train,real,real,/kaggle/working/genimage_8000_split_v4/train/real/real_02711.jpeg
real_00862.jpeg,train,real,real,/kaggle/working/genimage_8000_split_v4/train/real/real_00862.jpeg
real_01315.jpeg,train,real,real,/kaggle/working/genimage_8000_split_v4/train/real/real_01315.jpeg
real_02633.jpeg,train,real,real,/kaggle/working/genimage_8000_split_v4/train/real/real_02633.jpeg
real_00229.jpeg,train,real,real,/kaggle/working/genimage_8000_split_v4/train/real/real_00229.jpeg
real_00573.jpeg,train,real,real,/kaggle/working/genimage_8000_split_v4/train/real/real_00573.jpeg
real_00452.jpeg,train,real,real,/kaggle/working/genimage_8000_split_v4/train/real/real_00452.jpeg
real_00258.jpeg,train,real,real,/kaggle/working/genimage_8000_split_v4/train/real/real_00258.jpeg
real_02733.jpeg,train,real,real,/kaggle/working/genimage_8000_split_v4/train/real/real_02733.jpeg
real_00686.jpeg,train,real,real,/kaggle/working/genimage_8000_split_v4/train/real/real_00686.jpeg
real_00581.jpeg,train,real,real,/kaggle/working/genimage_8000_split_v4/train/real/real_00581.jpeg
real_00825.jpeg,train,real,real,/kaggle/working/genimage_8000_split_v4/train/real/real_00825.jpeg
real_00340.jpeg,train,real,real,/kaggle/working/genimage_8000_split_v4/train/real/real_00340.jpeg
real_02640.jpeg,train,real,real,/kaggle/working/genimage_8000_split_v4/train/real/real_02640.jpeg
real_02223.jpeg,train,real,real,/kaggle/working/genimage_8000_split_v4/train/real/real_02223.jpeg
real_01883.jpeg,train,real,real,/kaggle/working/genimage_8000_split_v4/train/real/real_01883.jpeg
real_00516.jpeg,train,real,real,/kaggle/working/genimage_8000_split_v4/train/real/real_00516.jpeg
real_02540.jpeg,train,real,real,/kaggle/working/genimage_8000_split_v4/train/real/real_02540.jpeg
real_00524.jpeg,train,real,real,/kaggle/working/genimage_8000_split_v4/train/real/real_00524.jpeg
real_00554.jpeg,train,real,real,/kaggle/working/genimage_8000_split_v4/train/real/real_00554.jpeg
real_01377.jpeg,train,real,real,/kaggle/working/genimage_8000_split_v4/train/real/real_01377.jpeg
real_01971.jpeg,train,real,real,/kaggle/working/genimage_8000_split_v4/train/real/real_01971.jpeg
real_02468.jpeg,train,real,real,/kaggle/working/genimage_8000_split_v4/train/real/real_02468.jpeg
real_00874.jpeg,train,real,real,/kaggle/working/genimage_8000_split_v4/train/real/real_00874.jpeg
real_01082.jpeg,train,real,real,/kaggle/working/genimage_8000_split_v4/train/real/real_01082.jpeg
real_00830.jpeg,train,real,real,/kaggle/working/genimage_8000_split_v4/train/real/real_00830.jpeg
real_01995.jpeg,train,real,real,/kaggle/working/genimage_8000_split_v4/train/real/real_01995.jpeg
real_00299.jpeg,train,real,real,/kaggle/working/genimage_8000_split_v4/train/real/real_00299.jpeg
real_00439.jpeg,train,real,real,/kaggle/working/genimage_8000_split_v4/train/real/real_00439.jpeg
real_01638.jpeg,train,real,real,/kaggle/working/genimage_8000_split_v4/train/real/real_01638.jpeg
real_01982.jpeg,train,real,real,/kaggle/working/genimage_8000_split_v4/train/real/real_01982.jpeg
real_01831.jpeg,train,real,real,/kaggle/working/genimage_8000_split_v4/train/real/real_01831.jpeg
real_00166.jpeg,train,real,real,/kaggle/working/genimage_8000_split_v4/train/real/real_00166.jpeg
real_00392.jpeg,train,real,real,/kaggle/working/genimage_8000_split_v4/train/real/real_00392.jpeg
real_02260.jpeg,train,real,real,/kaggle/working/genimage_8000_split_v4/train/real/real_02260.jpeg
real_00086.jpeg,train,real,real,/kaggle/working/genimage_8000_split_v4/train/real/real_00086.jpeg
real_01639.jpeg,train,real,real,/kaggle/working/genimage_8000_split_v4/train/real/real_01639.jpeg
real_01552.jpeg,train,real,real,/kaggle/working/genimage_8000_split_v4/train/real/real_01552.jpeg
real_00848.jpeg,train,real,real,/kaggle/working/genimage_8000_split_v4/train/real/real_00848.jpeg
real_01873.jpeg,train,real,real,/kaggle/working/genimage_8000_split_v4/train/real/real_01873.jpeg
real_00655.jpeg,train,real,real,/kaggle/working/genimage_8000_split_v4/train/real/real_00655.jpeg
real_02620.jpeg,train,real,real,/kaggle/working/genimage_8000_split_v4/train/real/real_02620.jpeg
real_00537.jpeg,train,real,real,/kaggle/working/genimage_8000_split_v4/train/real/real_00537.jpeg
real_00700.jpeg,train,real,real,/kaggle/working/genimage_8000_split_v4/train/real/real_00700.jpeg
real_01120.jpeg,train,real,real,/kaggle/working/genimage_8000_split_v4/train/real/real_01120.jpeg
real_02210.jpeg,train,real,real,/kaggle/working/genimage_8000_split_v4/train/real/real_02210.jpeg
real_00431.jpeg,train,real,real,/kaggle/working/genimage_8000_split_v4/train/real/real_00431.jpeg
real_01251.jpeg,train,real,real,/kaggle/working/genimage_8000_split_v4/train/real/real_01251.jpeg
real_00389.jpeg,train,real,real,/kaggle/working/genimage_8000_split_v4/train/real/real_00389.jpeg
real_00534.jpeg,train,real,real,/kaggle/working/genimage_8000_split_v4/train/real/real_00534.jpeg
real_02531.jpeg,train,real,real,/kaggle/working/genimage_8000_split_v4/train/real/real_02531.jpeg
real_01972.jpeg,train,real,real,/kaggle/working/genimage_8000_split_v4/train/real/real_01972.jpeg
real_02155.jpeg,train,real,real,/kaggle/working/genimage_8000_split_v4/train/real/real_02155.jpeg
real_00972.jpeg,train,real,real,/kaggle/working/genimage_8000_split_v4/train/real/real_00972.jpeg
real_00541.jpeg,train,real,real,/kaggle/working/genimage_8000_split_v4/train/real/real_00541.jpeg
real_01376.jpeg,train,real,real,/kaggle/working/genimage_8000_split_v4/train/real/real_01376.jpeg
real_02698.jpeg,train,real,real,/kaggle/working/genimage_8000_split_v4/train/real/real_02698.jpeg
real_00932.jpeg,train,real,real,/kaggle/working/genimage_8000_split_v4/train/real/real_00932.jpeg
real_01802.jpeg,train,real,real,/kaggle/working/genimage_8000_split_v4/train/real/real_01802.jpeg
real_02677.jpeg,train,real,real,/kaggle/working/genimage_8000_split_v4/train/real/real_02677.jpeg
real_01162.jpeg,train,real,real,/kaggle/working/genimage_8000_split_v4/train/real/real_01162.jpeg
real_00094.jpeg,train,real,real,/kaggle/working/genimage_8000_split_v4/train/real/real_00094.jpeg
real_01482.jpeg,train,real,real,/kaggle/working/genimage_8000_split_v4/train/real/real_01482.jpeg
real_01655.jpeg,train,real,real,/kaggle/working/genimage_8000_split_v4/train/real/real_01655.jpeg
real_01633.jpeg,train,real,real,/kaggle/working/genimage_8000_split_v4/train/real/real_01633.jpeg
real_00661.jpeg,train,real,real,/kaggle/working/genimage_8000_split_v4/train/real/real_00661.jpeg
real_00226.jpeg,train,real,real,/kaggle/working/genimage_8000_split_v4/train/real/real_00226.jpeg
real_02475.jpeg,train,real,real,/kaggle/working/genimage_8000_split_v4/train/real/real_02475.jpeg
real_00678.jpeg,train,real,real,/kaggle/working/genimage_8000_split_v4/train/real/real_00678.jpeg
real_00200.jpeg,train,real,real,/kaggle/working/genimage_8000_split_v4/train/real/real_00200.jpeg
real_02040.jpeg,train,real,real,/kaggle/working/genimage_8000_split_v4/train/real/real_02040.jpeg
real_00330.jpeg,train,real,real,/kaggle/working/genimage_8000_split_v4/train/real/real_00330.jpeg
real_01849.jpeg,train,real,real,/kaggle/working/genimage_8000_split_v4/train/real/real_01849.jpeg
real_02685.jpeg,train,real,real,/kaggle/working/genimage_8000_split_v4/train/real/real_02685.jpeg
real_00690.jpeg,train,real,real,/kaggle/working/genimage_8000_split_v4/train/real/real_00690.jpeg
real_01786.jpeg,train,real,real,/kaggle/working/genimage_8000_split_v4/train/real/real_01786.jpeg
real_01197.jpeg,train,real,real,/kaggle/working/genimage_8000_split_v4/train/real/real_01197.jpeg
real_00966.jpeg,train,real,real,/kaggle/working/genimage_8000_split_v4/train/real/real_00966.jpeg
real_02660.jpeg,train,real,real,/kaggle/working/genimage_8000_split_v4/train/real/real_02660.jpeg
real_01984.jpeg,train,real,real,/kaggle/working/genimage_8000_split_v4/train/real/real_01984.jpeg
real_02493.jpeg,train,real,real,/kaggle/working/genimage_8000_split_v4/train/real/real_02493.jpeg
real_01055.jpeg,train,real,real,/kaggle/working/genimage_8000_split_v4/train/real/real_01055.jpeg
real_01583.jpeg,train,real,real,/kaggle/working/genimage_8000_split_v4/train/real/real_01583.jpeg
real_00091.jpeg,train,real,real,/kaggle/working/genimage_8000_split_v4/train/real/real_00091.jpeg
real_00472.jpeg,train,real,real,/kaggle/working/genimage_8000_split_v4/train/real/real_00472.jpeg
real_01122.jpeg,train,real,real,/kaggle/working/genimage_8000_split_v4/train/real/real_01122.jpeg
real_00493.jpeg,train,real,real,/kaggle/working/genimage_8000_split_v4/train/real/real_00493.jpeg
real_00053.jpeg,train,real,real,/kaggle/working/genimage_8000_split_v4/train/real/real_00053.jpeg
real_00715.jpeg,train,real,real,/kaggle/working/genimage_8000_split_v4/train/real/real_00715.jpeg
real_01841.jpeg,train,real,real,/kaggle/working/genimage_8000_split_v4/train/real/real_01841.jpeg
real_01663.jpeg,train,real,real,/kaggle/working/genimage_8000_split_v4/train/real/real_01663.jpeg
real_01318.jpeg,train,real,real,/kaggle/working/genimage_8000_split_v4/train/real/real_01318.jpeg
real_00298.jpeg,train,real,real,/kaggle/working/genimage_8000_split_v4/train/real/real_00298.jpeg
real_02443.jpeg,train,real,real,/kaggle/working/genimage_8000_split_v4/train/real/real_02443.jpeg
real_01135.jpeg,train,real,real,/kaggle/working/genimage_8000_split_v4/train/real/real_01135.jpeg
real_02712.jpeg,train,real,real,/kaggle/working/genimage_8000_split_v4/train/real/real_02712.jpeg
real_01630.jpeg,train,real,real,/kaggle/working/genimage_8000_split_v4/train/real/real_01630.jpeg
real_02171.jpeg,train,real,real,/kaggle/working/genimage_8000_split_v4/train/real/real_02171.jpeg
real_02248.jpeg,train,real,real,/kaggle/working/genimage_8000_split_v4/train/real/real_02248.jpeg
real_00366.jpeg,train,real,real,/kaggle/working/genimage_8000_split_v4/train/real/real_00366.jpeg
real_01734.jpeg,train,real,real,/kaggle/working/genimage_8000_split_v4/train/real/real_01734.jpeg
real_01401.jpeg,train,real,real,/kaggle/working/genimage_8000_split_v4/train/real/real_01401.jpeg
real_02093.jpeg,train,real,real,/kaggle/working/genimage_8000_split_v4/train/real/real_02093.jpeg
real_00857.jpeg,train,real,real,/kaggle/working/genimage_8000_split_v4/train/real/real_00857.jpeg
real_01594.jpeg,train,real,real,/kaggle/working/genimage_8000_split_v4/train/real/real_01594.jpeg
real_01393.jpeg,train,real,real,/kaggle/working/genimage_8000_split_v4/train/real/real_01393.jpeg
real_00182.jpeg,train,real,real,/kaggle/working/genimage_8000_split_v4/train/real/real_00182.jpeg
real_02111.jpeg,train,real,real,/kaggle/working/genimage_8000_split_v4/train/real/real_02111.jpeg
real_02295.jpeg,train,real,real,/kaggle/working/genimage_8000_split_v4/train/real/real_02295.jpeg
real_01043.jpeg,train,real,real,/kaggle/working/genimage_8000_split_v4/train/real/real_01043.jpeg
real_02011.jpeg,train,real,real,/kaggle/working/genimage_8000_split_v4/train/real/real_02011.jpeg
real_02461.jpeg,train,real,real,/kaggle/working/genimage_8000_split_v4/train/real/real_02461.jpeg
real_00899.jpeg,train,real,real,/kaggle/working/genimage_8000_split_v4/train/real/real_00899.jpeg
real_00490.jpeg,train,real,real,/kaggle/working/genimage_8000_split_v4/train/real/real_00490.jpeg
real_02518.jpeg,train,real,real,/kaggle/working/genimage_8000_split_v4/train/real/real_02518.jpeg
real_02738.jpeg,train,real,real,/kaggle/working/genimage_8000_split_v4/train/real/real_02738.jpeg
real_01842.jpeg,train,real,real,/kaggle/working/genimage_8000_split_v4/train/real/real_01842.jpeg
real_01188.jpeg,train,real,real,/kaggle/working/genimage_8000_split_v4/train/real/real_01188.jpeg
real_02636.jpeg,train,real,real,/kaggle/working/genimage_8000_split_v4/train/real/real_02636.jpeg
real_01181.jpeg,train,real,real,/kaggle/working/genimage_8000_split_v4/train/real/real_01181.jpeg
real_00593.jpeg,train,real,real,/kaggle/working/genimage_8000_split_v4/train/real/real_00593.jpeg
real_01504.jpeg,train,real,real,/kaggle/working/genimage_8000_split_v4/train/real/real_01504.jpeg
real_00137.jpeg,train,real,real,/kaggle/working/genimage_8000_split_v4/train/real/real_00137.jpeg
real_02174.jpeg,train,real,real,/kaggle/working/genimage_8000_split_v4/train/real/real_02174.jpeg
real_00314.jpeg,train,real,real,/kaggle/working/genimage_8000_split_v4/train/real/real_00314.jpeg
real_00471.jpeg,train,real,real,/kaggle/working/genimage_8000_split_v4/train/real/real_00471.jpeg
real_02110.jpeg,train,real,real,/kaggle/working/genimage_8000_split_v4/train/real/real_02110.jpeg
real_00669.jpeg,train,real,real,/kaggle/working/genimage_8000_split_v4/train/real/real_00669.jpeg
real_00365.jpeg,train,real,real,/kaggle/working/genimage_8000_split_v4/train/real/real_00365.jpeg
real_01206.jpeg,train,real,real,/kaggle/working/genimage_8000_split_v4/train/real/real_01206.jpeg
real_01513.jpeg,train,real,real,/kaggle/working/genimage_8000_split_v4/train/real/real_01513.jpeg
real_02484.jpeg,train,real,real,/kaggle/working/genimage_8000_split_v4/train/real/real_02484.jpeg
real_00867.jpeg,train,real,real,/kaggle/working/genimage_8000_split_v4/train/real/real_00867.jpeg
real_00042.jpeg,train,real,real,/kaggle/working/genimage_8000_split_v4/train/real/real_00042.jpeg
real_00648.jpeg,train,real,real,/kaggle/working/genimage_8000_split_v4/train/real/real_00648.jpeg
real_02512.jpeg,train,real,real,/kaggle/working/genimage_8000_split_v4/train/real/real_02512.jpeg
real_01758.jpeg,train,real,real,/kaggle/working/genimage_8000_split_v4/train/real/real_01758.jpeg
real_02578.jpeg,train,real,real,/kaggle/working/genimage_8000_split_v4/train/real/real_02578.jpeg
real_00448.jpeg,train,real,real,/kaggle/working/genimage_8000_split_v4/train/real/real_00448.jpeg
real_02039.jpeg,train,real,real,/kaggle/working/genimage_8000_split_v4/train/real/real_02039.jpeg
real_01069.jpeg,train,real,real,/kaggle/working/genimage_8000_split_v4/train/real/real_01069.jpeg
real_01940.jpeg,train,real,real,/kaggle/working/genimage_8000_split_v4/train/real/real_01940.jpeg
real_00188.jpeg,train,real,real,/kaggle/working/genimage_8000_split_v4/train/real/real_00188.jpeg
real_01093.jpeg,train,real,real,/kaggle/working/genimage_8000_split_v4/train/real/real_01093.jpeg
real_00245.jpeg,train,real,real,/kaggle/working/genimage_8000_split_v4/train/real/real_00245.jpeg
real_00509.jpeg,train,real,real,/kaggle/working/genimage_8000_split_v4/train/real/real_00509.jpeg
real_01137.jpeg,train,real,real,/kaggle/working/genimage_8000_split_v4/train/real/real_01137.jpeg
real_02074.jpeg,train,real,real,/kaggle/working/genimage_8000_split_v4/train/real/real_02074.jpeg
real_00265.jpeg,train,real,real,/kaggle/working/genimage_8000_split_v4/train/real/real_00265.jpeg
real_00443.jpeg,train,real,real,/kaggle/working/genimage_8000_split_v4/train/real/real_00443.jpeg
real_02646.jpeg,train,real,real,/kaggle/working/genimage_8000_split_v4/train/real/real_02646.jpeg
real_00284.jpeg,train,real,real,/kaggle/working/genimage_8000_split_v4/train/real/real_00284.jpeg
real_01964.jpeg,train,real,real,/kaggle/working/genimage_8000_split_v4/train/real/real_01964.jpeg
real_02238.jpeg,train,real,real,/kaggle/working/genimage_8000_split_v4/train/real/real_02238.jpeg
real_00386.jpeg,train,real,real,/kaggle/working/genimage_8000_split_v4/train/real/real_00386.jpeg
real_02130.jpeg,train,real,real,/kaggle/working/genimage_8000_split_v4/train/real/real_02130.jpeg
real_01109.jpeg,train,real,real,/kaggle/working/genimage_8000_split_v4/train/real/real_01109.jpeg
real_01939.jpeg,train,real,real,/kaggle/working/genimage_8000_split_v4/train/real/real_01939.jpeg
real_01177.jpeg,train,real,real,/kaggle/working/genimage_8000_split_v4/train/real/real_01177.jpeg
real_01227.jpeg,train,real,real,/kaggle/working/genimage_8000_split_v4/train/real/real_01227.jpeg
real_01550.jpeg,train,real,real,/kaggle/working/genimage_8000_split_v4/train/real/real_01550.jpeg
real_02066.jpeg,train,real,real,/kaggle/working/genimage_8000_split_v4/train/real/real_02066.jpeg
real_00548.jpeg,train,real,real,/kaggle/working/genimage_8000_split_v4/train/real/real_00548.jpeg
real_00850.jpeg,train,real,real,/kaggle/working/genimage_8000_split_v4/train/real/real_00850.jpeg
real_02237.jpeg,train,real,real,/kaggle/working/genimage_8000_split_v4/train/real/real_02237.jpeg
real_01383.jpeg,train,real,real,/kaggle/working/genimage_8000_split_v4/train/real/real_01383.jpeg
real_00798.jpeg,train,real,real,/kaggle/working/genimage_8000_split_v4/train/real/real_00798.jpeg
real_00882.jpeg,train,real,real,/kaggle/working/genimage_8000_split_v4/train/real/real_00882.jpeg
real_02278.jpeg,train,real,real,/kaggle/working/genimage_8000_split_v4/train/real/real_02278.jpeg
real_02769.jpeg,train,real,real,/kaggle/working/genimage_8000_split_v4/train/real/real_02769.jpeg
real_00777.jpeg,train,real,real,/kaggle/working/genimage_8000_split_v4/train/real/real_00777.jpeg
real_02268.jpeg,train,real,real,/kaggle/working/genimage_8000_split_v4/train/real/real_02268.jpeg
real_01871.jpeg,train,real,real,/kaggle/working/genimage_8000_split_v4/train/real/real_01871.jpeg
real_02323.jpeg,train,real,real,/kaggle/working/genimage_8000_split_v4/train/real/real_02323.jpeg
real_01693.jpeg,train,real,real,/kaggle/working/genimage_8000_split_v4/train/real/real_01693.jpeg
real_01581.jpeg,train,real,real,/kaggle/working/genimage_8000_split_v4/train/real/real_01581.jpeg
real_00895.jpeg,train,real,real,/kaggle/working/genimage_8000_split_v4/train/real/real_00895.jpeg
real_00631.jpeg,train,real,real,/kaggle/working/genimage_8000_split_v4/train/real/real_00631.jpeg
real_00662.jpeg,train,real,real,/kaggle/working/genimage_8000_split_v4/train/real/real_00662.jpeg
real_01965.jpeg,train,real,real,/kaggle/working/genimage_8000_split_v4/train/real/real_01965.jpeg
real_01015.jpeg,train,real,real,/kaggle/working/genimage_8000_split_v4/train/real/real_01015.jpeg
real_02730.jpeg,train,real,real,/kaggle/working/genimage_8000_split_v4/train/real/real_02730.jpeg
real_00487.jpeg,train,real,real,/kaggle/working/genimage_8000_split_v4/train/real/real_00487.jpeg
real_01171.jpeg,train,real,real,/kaggle/working/genimage_8000_split_v4/train/real/real_01171.jpeg
real_00549.jpeg,train,real,real,/kaggle/working/genimage_8000_split_v4/train/real/real_00549.jpeg
real_01248.jpeg,train,real,real,/kaggle/working/genimage_8000_split_v4/train/real/real_01248.jpeg
real_01872.jpeg,train,real,real,/kaggle/working/genimage_8000_split_v4/train/real/real_01872.jpeg
real_01823.jpeg,train,real,real,/kaggle/working/genimage_8000_split_v4/train/real/real_01823.jpeg
real_01058.jpeg,train,real,real,/kaggle/working/genimage_8000_split_v4/train/real/real_01058.jpeg
real_01338.jpeg,train,real,real,/kaggle/working/genimage_8000_split_v4/train/real/real_01338.jpeg
real_01088.jpeg,train,real,real,/kaggle/working/genimage_8000_split_v4/train/real/real_01088.jpeg
real_00610.jpeg,train,real,real,/kaggle/working/genimage_8000_split_v4/train/real/real_00610.jpeg
real_01977.jpeg,train,real,real,/kaggle/working/genimage_8000_split_v4/train/real/real_01977.jpeg
real_01369.jpeg,train,real,real,/kaggle/working/genimage_8000_split_v4/train/real/real_01369.jpeg
real_02022.jpeg,train,real,real,/kaggle/working/genimage_8000_split_v4/train/real/real_02022.jpeg
real_00717.jpeg,train,real,real,/kaggle/working/genimage_8000_split_v4/train/real/real_00717.jpeg
real_00710.jpeg,train,real,real,/kaggle/working/genimage_8000_split_v4/train/real/real_00710.jpeg
real_02280.jpeg,train,real,real,/kaggle/working/genimage_8000_split_v4/train/real/real_02280.jpeg
real_00619.jpeg,train,real,real,/kaggle/working/genimage_8000_split_v4/train/real/real_00619.jpeg
real_01494.jpeg,train,real,real,/kaggle/working/genimage_8000_split_v4/train/real/real_01494.jpeg
real_00315.jpeg,train,real,real,/kaggle/working/genimage_8000_split_v4/train/real/real_00315.jpeg
real_00838.jpeg,train,real,real,/kaggle/working/genimage_8000_split_v4/train/real/real_00838.jpeg
real_00464.jpeg,train,real,real,/kaggle/working/genimage_8000_split_v4/train/real/real_00464.jpeg
real_01763.jpeg,train,real,real,/kaggle/working/genimage_8000_split_v4/train/real/real_01763.jpeg
real_02090.jpeg,train,real,real,/kaggle/working/genimage_8000_split_v4/train/real/real_02090.jpeg
real_02666.jpeg,train,real,real,/kaggle/working/genimage_8000_split_v4/train/real/real_02666.jpeg
real_00699.jpeg,train,real,real,/kaggle/working/genimage_8000_split_v4/train/real/real_00699.jpeg
sdv5_00285.png,train,ai,sdv5,/kaggle/working/genimage_8000_split_v4/train/ai/sdv5_00285.png
wukong_00029.png,train,ai,wukong,/kaggle/working/genimage_8000_split_v4/train/ai/wukong_00029.png
adm_00154.png,train,ai,adm,/kaggle/working/genimage_8000_split_v4/train/ai/adm_00154.png
midjourney_00118.png,train,ai,midjourney,/kaggle/working/genimage_8000_split_v4/train/ai/midjourney_00118.png
sdv5_00266.png,train,ai,sdv5,/kaggle/working/genimage_8000_split_v4/train/ai/sdv5_00266.png
midjourney_00320.png,train,ai,midjourney,/kaggle/working/genimage_8000_split_v4/train/ai/midjourney_00320.png
glide_00304.png,train,ai,glide,/kaggle/working/genimage_8000_split_v4/train/ai/glide_00304.png
adm_00346.png,train,ai,adm,/kaggle/working/genimage_8000_split_v4/train/ai/adm_00346.png
biggan_00325.png,train,ai,biggan,/kaggle/working/genimage_8000_split_v4/train/ai/biggan_00325.png
glide_00281.png,train,ai,glide,/kaggle/working/genimage_8000_split_v4/train/ai/glide_00281.png
midjourney_00306.png,train,ai,midjourney,/kaggle/working/genimage_8000_split_v4/train/ai/midjourney_00306.png
vqdm_00103.png,train,ai,vqdm,/kaggle/working/genimage_8000_split_v4/train/ai/vqdm_00103.png
midjourney_00031.png,train,ai,midjourney,/kaggle/working/genimage_8000_split_v4/train/ai/midjourney_00031.png
glide_00016.png,train,ai,glide,/kaggle/working/genimage_8000_split_v4/train/ai/glide_00016.png
vqdm_00275.png,train,ai,vqdm,/kaggle/working/genimage_8000_split_v4/train/ai/vqdm_00275.png
midjourney_00195.png,train,ai,midjourney,/kaggle/working/genimage_8000_split_v4/train/ai/midjourney_00195.png
vqdm_00197.png,train,ai,vqdm,/kaggle/working/genimage_8000_split_v4/train/ai/vqdm_00197.png
vqdm_00325.png,train,ai,vqdm,/kaggle/working/genimage_8000_split_v4/train/ai/vqdm_00325.png
midjourney_00178.png,train,ai,midjourney,/kaggle/working/genimage_8000_split_v4/train/ai/midjourney_00178.png
sdv5_00099.png,train,ai,sdv5,/kaggle/working/genimage_8000_split_v4/train/ai/sdv5_00099.png
midjourney_00275.png,train,ai,midjourney,/kaggle/working/genimage_8000_split_v4/train/ai/midjourney_00275.png
vqdm_00136.png,train,ai,vqdm,/kaggle/working/genimage_8000_split_v4/train/ai/vqdm_00136.png
vqdm_00121.png,train,ai,vqdm,/kaggle/working/genimage_8000_split_v4/train/ai/vqdm_00121.png
adm_00133.png,train,ai,adm,/kaggle/working/genimage_8000_split_v4/train/ai/adm_00133.png
midjourney_00144.png,train,ai,midjourney,/kaggle/working/genimage_8000_split_v4/train/ai/midjourney_00144.png
glide_00044.png,train,ai,glide,/kaggle/working/genimage_8000_split_v4/train/ai/glide_00044.png
wukong_00070.png,train,ai,wukong,/kaggle/working/genimage_8000_split_v4/train/ai/wukong_00070.png
biggan_00359.png,train,ai,biggan,/kaggle/working/genimage_8000_split_v4/train/ai/biggan_00359.png
vqdm_00208.png,train,ai,vqdm,/kaggle/working/genimage_8000_split_v4/train/ai/vqdm_00208.png
wukong_00021.png,train,ai,wukong,/kaggle/working/genimage_8000_split_v4/train/ai/wukong_00021.png
midjourney_00264.png,train,ai,midjourney,/kaggle/working/genimage_8000_split_v4/train/ai/midjourney_00264.png
wukong_00367.png,train,ai,wukong,/kaggle/working/genimage_8000_split_v4/train/ai/wukong_00367.png
biggan_00138.png,train,ai,biggan,/kaggle/working/genimage_8000_split_v4/train/ai/biggan_00138.png
adm_00219.png,train,ai,adm,/kaggle/working/genimage_8000_split_v4/train/ai/adm_00219.png
biggan_00131.png,train,ai,biggan,/kaggle/working/genimage_8000_split_v4/train/ai/biggan_00131.png
vqdm_00151.png,train,ai,vqdm,/kaggle/working/genimage_8000_split_v4/train/ai/vqdm_00151.png
sdv5_00381.png,train,ai,sdv5,/kaggle/working/genimage_8000_split_v4/train/ai/sdv5_00381.png
adm_00368.png,train,ai,adm,/kaggle/working/genimage_8000_split_v4/train/ai/adm_00368.png
biggan_00255.png,train,ai,biggan,/kaggle/working/genimage_8000_split_v4/train/ai/biggan_00255.png
adm_00293.png,train,ai,adm,/kaggle/working/genimage_8000_split_v4/train/ai/adm_00293.png
midjourney_00060.png,train,ai,midjourney,/kaggle/working/genimage_8000_split_v4/train/ai/midjourney_00060.png
wukong_00160.png,train,ai,wukong,/kaggle/working/genimage_8000_split_v4/train/ai/wukong_00160.png
sdv5_00247.png,train,ai,sdv5,/kaggle/working/genimage_8000_split_v4/train/ai/sdv5_00247.png
biggan_00016.png,train,ai,biggan,/kaggle/working/genimage_8000_split_v4/train/ai/biggan_00016.png
adm_00327.png,train,ai,adm,/kaggle/working/genimage_8000_split_v4/train/ai/adm_00327.png
glide_00234.png,train,ai,glide,/kaggle/working/genimage_8000_split_v4/train/ai/glide_00234.png
vqdm_00115.png,train,ai,vqdm,/kaggle/working/genimage_8000_split_v4/train/ai/vqdm_00115.png
sdv5_00103.png,train,ai,sdv5,/kaggle/working/genimage_8000_split_v4/train/ai/sdv5_00103.png
midjourney_00239.png,train,ai,midjourney,/kaggle/working/genimage_8000_split_v4/train/ai/midjourney_00239.png
glide_00309.png,train,ai,glide,/kaggle/working/genimage_8000_split_v4/train/ai/glide_00309.png
midjourney_00380.png,train,ai,midjourney,/kaggle/working/genimage_8000_split_v4/train/ai/midjourney_00380.png
adm_00386.png,train,ai,adm,/kaggle/working/genimage_8000_split_v4/train/ai/adm_00386.png
vqdm_00188.png,train,ai,vqdm,/kaggle/working/genimage_8000_split_v4/train/ai/vqdm_00188.png
midjourney_00214.png,train,ai,midjourney,/kaggle/working/genimage_8000_split_v4/train/ai/midjourney_00214.png
vqdm_00276.png,train,ai,vqdm,/kaggle/working/genimage_8000_split_v4/train/ai/vqdm_00276.png
vqdm_00220.png,train,ai,vqdm,/kaggle/working/genimage_8000_split_v4/train/ai/vqdm_00220.png
adm_00025.png,train,ai,adm,/kaggle/working/genimage_8000_split_v4/train/ai/adm_00025.png
sdv5_00019.png,train,ai,sdv5,/kaggle/working/genimage_8000_split_v4/train/ai/sdv5_00019.png
wukong_00335.png,train,ai,wukong,/kaggle/working/genimage_8000_split_v4/train/ai/wukong_00335.png
wukong_00146.png,train,ai,wukong,/kaggle/working/genimage_8000_split_v4/train/ai/wukong_00146.png
midjourney_00266.png,train,ai,midjourney,/kaggle/working/genimage_8000_split_v4/train/ai/midjourney_00266.png
biggan_00298.png,train,ai,biggan,/kaggle/working/genimage_8000_split_v4/train/ai/biggan_00298.png
sdv5_00048.png,train,ai,sdv5,/kaggle/working/genimage_8000_split_v4/train/ai/sdv5_00048.png
midjourney_00205.png,train,ai,midjourney,/kaggle/working/genimage_8000_split_v4/train/ai/midjourney_00205.png
wukong_00036.png,train,ai,wukong,/kaggle/working/genimage_8000_split_v4/train/ai/wukong_00036.png
sdv5_00377.png,train,ai,sdv5,/kaggle/working/genimage_8000_split_v4/train/ai/sdv5_00377.png
adm_00051.png,train,ai,adm,/kaggle/working/genimage_8000_split_v4/train/ai/adm_00051.png
wukong_00041.png,train,ai,wukong,/kaggle/working/genimage_8000_split_v4/train/ai/wukong_00041.png
sdv5_00316.png,train,ai,sdv5,/kaggle/working/genimage_8000_split_v4/train/ai/sdv5_00316.png
sdv5_00094.png,train,ai,sdv5,/kaggle/working/genimage_8000_split_v4/train/ai/sdv5_00094.png
midjourney_00068.png,train,ai,midjourney,/kaggle/working/genimage_8000_split_v4/train/ai/midjourney_00068.png
biggan_00304.png,train,ai,biggan,/kaggle/working/genimage_8000_split_v4/train/ai/biggan_00304.png
biggan_00306.png,train,ai,biggan,/kaggle/working/genimage_8000_split_v4/train/ai/biggan_00306.png
wukong_00186.png,train,ai,wukong,/kaggle/working/genimage_8000_split_v4/train/ai/wukong_00186.png
wukong_00386.png,train,ai,wukong,/kaggle/working/genimage_8000_split_v4/train/ai/wukong_00386.png
glide_00199.png,train,ai,glide,/kaggle/working/genimage_8000_split_v4/train/ai/glide_00199.png
vqdm_00062.png,train,ai,vqdm,/kaggle/working/genimage_8000_split_v4/train/ai/vqdm_00062.png
wukong_00094.png,train,ai,wukong,/kaggle/working/genimage_8000_split_v4/train/ai/wukong_00094.png
adm_00019.png,train,ai,adm,/kaggle/working/genimage_8000_split_v4/train/ai/adm_00019.png
midjourney_00077.png,train,ai,midjourney,/kaggle/working/genimage_8000_split_v4/train/ai/midjourney_00077.png
sdv5_00272.png,train,ai,sdv5,/kaggle/working/genimage_8000_split_v4/train/ai/sdv5_00272.png
midjourney_00272.png,train,ai,midjourney,/kaggle/working/genimage_8000_split_v4/train/ai/midjourney_00272.png
midjourney_00319.png,train,ai,midjourney,/kaggle/working/genimage_8000_split_v4/train/ai/midjourney_00319.png
sdv5_00337.png,train,ai,sdv5,/kaggle/working/genimage_8000_split_v4/train/ai/sdv5_00337.png
biggan_00186.png,train,ai,biggan,/kaggle/working/genimage_8000_split_v4/train/ai/biggan_00186.png
vqdm_00127.png,train,ai,vqdm,/kaggle/working/genimage_8000_split_v4/train/ai/vqdm_00127.png
biggan_00247.png,train,ai,biggan,/kaggle/working/genimage_8000_split_v4/train/ai/biggan_00247.png
vqdm_00157.png,train,ai,vqdm,/kaggle/working/genimage_8000_split_v4/train/ai/vqdm_00157.png
adm_00074.png,train,ai,adm,/kaggle/working/genimage_8000_split_v4/train/ai/adm_00074.png
wukong_00312.png,train,ai,wukong,/kaggle/working/genimage_8000_split_v4/train/ai/wukong_00312.png
vqdm_00317.png,train,ai,vqdm,/kaggle/working/genimage_8000_split_v4/train/ai/vqdm_00317.png
sdv5_00176.png,train,ai,sdv5,/kaggle/working/genimage_8000_split_v4/train/ai/sdv5_00176.png
glide_00386.png,train,ai,glide,/kaggle/working/genimage_8000_split_v4/train/ai/glide_00386.png
vqdm_00305.png,train,ai,vqdm,/kaggle/working/genimage_8000_split_v4/train/ai/vqdm_00305.png
vqdm_00094.png,train,ai,vqdm,/kaggle/working/genimage_8000_split_v4/train/ai/vqdm_00094.png
wukong_00038.png,train,ai,wukong,/kaggle/working/genimage_8000_split_v4/train/ai/wukong_00038.png
biggan_00049.png,train,ai,biggan,/kaggle/working/genimage_8000_split_v4/train/ai/biggan_00049.png
midjourney_00036.png,train,ai,midjourney,/kaggle/working/genimage_8000_split_v4/train/ai/midjourney_00036.png
midjourney_00122.png,train,ai,midjourney,/kaggle/working/genimage_8000_split_v4/train/ai/midjourney_00122.png
glide_00074.png,train,ai,glide,/kaggle/working/genimage_8000_split_v4/train/ai/glide_00074.png
sdv5_00043.png,train,ai,sdv5,/kaggle/working/genimage_8000_split_v4/train/ai/sdv5_00043.png
adm_00091.png,train,ai,adm,/kaggle/working/genimage_8000_split_v4/train/ai/adm_00091.png
wukong_00325.png,train,ai,wukong,/kaggle/working/genimage_8000_split_v4/train/ai/wukong_00325.png
midjourney_00318.png,train,ai,midjourney,/kaggle/working/genimage_8000_split_v4/train/ai/midjourney_00318.png
vqdm_00373.png,train,ai,vqdm,/kaggle/working/genimage_8000_split_v4/train/ai/vqdm_00373.png
biggan_00157.png,train,ai,biggan,/kaggle/working/genimage_8000_split_v4/train/ai/biggan_00157.png
biggan_00143.png,train,ai,biggan,/kaggle/working/genimage_8000_split_v4/train/ai/biggan_00143.png
vqdm_00174.png,train,ai,vqdm,/kaggle/working/genimage_8000_split_v4/train/ai/vqdm_00174.png
sdv5_00221.png,train,ai,sdv5,/kaggle/working/genimage_8000_split_v4/train/ai/sdv5_00221.png
wukong_00171.png,train,ai,wukong,/kaggle/working/genimage_8000_split_v4/train/ai/wukong_00171.png
sdv5_00137.png,train,ai,sdv5,/kaggle/working/genimage_8000_split_v4/train/ai/sdv5_00137.png
vqdm_00392.png,train,ai,vqdm,/kaggle/working/genimage_8000_split_v4/train/ai/vqdm_00392.png
adm_00112.png,train,ai,adm,/kaggle/working/genimage_8000_split_v4/train/ai/adm_00112.png
adm_00383.png,train,ai,adm,/kaggle/working/genimage_8000_split_v4/train/ai/adm_00383.png
glide_00156.png,train,ai,glide,/kaggle/working/genimage_8000_split_v4/train/ai/glide_00156.png
wukong_00189.png,train,ai,wukong,/kaggle/working/genimage_8000_split_v4/train/ai/wukong_00189.png
midjourney_00192.png,train,ai,midjourney,/kaggle/working/genimage_8000_split_v4/train/ai/midjourney_00192.png
glide_00265.png,train,ai,glide,/kaggle/working/genimage_8000_split_v4/train/ai/glide_00265.png
wukong_00067.png,train,ai,wukong,/kaggle/working/genimage_8000_split_v4/train/ai/wukong_00067.png
vqdm_00141.png,train,ai,vqdm,/kaggle/working/genimage_8000_split_v4/train/ai/vqdm_00141.png
vqdm_00398.png,train,ai,vqdm,/kaggle/working/genimage_8000_split_v4/train/ai/vqdm_00398.png
adm_00115.png,train,ai,adm,/kaggle/working/genimage_8000_split_v4/train/ai/adm_00115.png
vqdm_00172.png,train,ai,vqdm,/kaggle/working/genimage_8000_split_v4/train/ai/vqdm_00172.png
biggan_00366.png,train,ai,biggan,/kaggle/working/genimage_8000_split_v4/train/ai/biggan_00366.png
midjourney_00311.png,train,ai,midjourney,/kaggle/working/genimage_8000_split_v4/train/ai/midjourney_00311.png
vqdm_00041.png,train,ai,vqdm,/kaggle/working/genimage_8000_split_v4/train/ai/vqdm_00041.png
adm_00277.png,train,ai,adm,/kaggle/working/genimage_8000_split_v4/train/ai/adm_00277.png
glide_00340.png,train,ai,glide,/kaggle/working/genimage_8000_split_v4/train/ai/glide_00340.png
adm_00218.png,train,ai,adm,/kaggle/working/genimage_8000_split_v4/train/ai/adm_00218.png
midjourney_00117.png,train,ai,midjourney,/kaggle/working/genimage_8000_split_v4/train/ai/midjourney_00117.png
wukong_00066.png,train,ai,wukong,/kaggle/working/genimage_8000_split_v4/train/ai/wukong_00066.png
sdv5_00118.png,train,ai,sdv5,/kaggle/working/genimage_8000_split_v4/train/ai/sdv5_00118.png
adm_00227.png,train,ai,adm,/kaggle/working/genimage_8000_split_v4/train/ai/adm_00227.png
vqdm_00149.png,train,ai,vqdm,/kaggle/working/genimage_8000_split_v4/train/ai/vqdm_00149.png
sdv5_00164.png,train,ai,sdv5,/kaggle/working/genimage_8000_split_v4/train/ai/sdv5_00164.png
wukong_00349.png,train,ai,wukong,/kaggle/working/genimage_8000_split_v4/train/ai/wukong_00349.png
midjourney_00127.png,train,ai,midjourney,/kaggle/working/genimage_8000_split_v4/train/ai/midjourney_00127.png
biggan_00309.png,train,ai,biggan,/kaggle/working/genimage_8000_split_v4/train/ai/biggan_00309.png
vqdm_00061.png,train,ai,vqdm,/kaggle/working/genimage_8000_split_v4/train/ai/vqdm_00061.png
midjourney_00327.png,train,ai,midjourney,/kaggle/working/genimage_8000_split_v4/train/ai/midjourney_00327.png
wukong_00289.png,train,ai,wukong,/kaggle/working/genimage_8000_split_v4/train/ai/wukong_00289.png
sdv5_00256.png,train,ai,sdv5,/kaggle/working/genimage_8000_split_v4/train/ai/sdv5_00256.png
adm_00319.png,train,ai,adm,/kaggle/working/genimage_8000_split_v4/train/ai/adm_00319.png
biggan_00010.png,train,ai,biggan,/kaggle/working/genimage_8000_split_v4/train/ai/biggan_00010.png
glide_00287.png,train,ai,glide,/kaggle/working/genimage_8000_split_v4/train/ai/glide_00287.png
adm_00225.png,train,ai,adm,/kaggle/working/genimage_8000_split_v4/train/ai/adm_00225.png
glide_00204.png,train,ai,glide,/kaggle/working/genimage_8000_split_v4/train/ai/glide_00204.png
glide_00348.png,train,ai,glide,/kaggle/working/genimage_8000_split_v4/train/ai/glide_00348.png
biggan_00295.png,train,ai,biggan,/kaggle/working/genimage_8000_split_v4/train/ai/biggan_00295.png
midjourney_00011.png,train,ai,midjourney,/kaggle/working/genimage_8000_split_v4/train/ai/midjourney_00011.png
sdv5_00219.png,train,ai,sdv5,/kaggle/working/genimage_8000_split_v4/train/ai/sdv5_00219.png
biggan_00296.png,train,ai,biggan,/kaggle/working/genimage_8000_split_v4/train/ai/biggan_00296.png
adm_00067.png,train,ai,adm,/kaggle/working/genimage_8000_split_v4/train/ai/adm_00067.png
midjourney_00300.png,train,ai,midjourney,/kaggle/working/genimage_8000_split_v4/train/ai/midjourney_00300.png
vqdm_00303.png,train,ai,vqdm,/kaggle/working/genimage_8000_split_v4/train/ai/vqdm_00303.png
sdv5_00152.png,train,ai,sdv5,/kaggle/working/genimage_8000_split_v4/train/ai/sdv5_00152.png
adm_00063.png,train,ai,adm,/kaggle/working/genimage_8000_split_v4/train/ai/adm_00063.png
midjourney_00190.png,train,ai,midjourney,/kaggle/working/genimage_8000_split_v4/train/ai/midjourney_00190.png
midjourney_00260.png,train,ai,midjourney,/kaggle/working/genimage_8000_split_v4/train/ai/midjourney_00260.png
midjourney_00156.png,train,ai,midjourney,/kaggle/working/genimage_8000_split_v4/train/ai/midjourney_00156.png
vqdm_00268.png,train,ai,vqdm,/kaggle/working/genimage_8000_split_v4/train/ai/vqdm_00268.png
biggan_00333.png,train,ai,biggan,/kaggle/working/genimage_8000_split_v4/train/ai/biggan_00333.png
midjourney_00236.png,train,ai,midjourney,/kaggle/working/genimage_8000_split_v4/train/ai/midjourney_00236.png
biggan_00092.png,train,ai,biggan,/kaggle/working/genimage_8000_split_v4/train/ai/biggan_00092.png
vqdm_00140.png,train,ai,vqdm,/kaggle/working/genimage_8000_split_v4/train/ai/vqdm_00140.png
biggan_00346.png,train,ai,biggan,/kaggle/working/genimage_8000_split_v4/train/ai/biggan_00346.png
midjourney_00188.png,train,ai,midjourney,/kaggle/working/genimage_8000_split_v4/train/ai/midjourney_00188.png
biggan_00093.png,train,ai,biggan,/kaggle/working/genimage_8000_split_v4/train/ai/biggan_00093.png
sdv5_00165.png,train,ai,sdv5,/kaggle/working/genimage_8000_split_v4/train/ai/sdv5_00165.png
wukong_00015.png,train,ai,wukong,/kaggle/working/genimage_8000_split_v4/train/ai/wukong_00015.png
vqdm_00264.png,train,ai,vqdm,/kaggle/working/genimage_8000_split_v4/train/ai/vqdm_00264.png
sdv5_00167.png,train,ai,sdv5,/kaggle/working/genimage_8000_split_v4/train/ai/sdv5_00167.png
glide_00209.png,train,ai,glide,/kaggle/working/genimage_8000_split_v4/train/ai/glide_00209.png
vqdm_00004.png,train,ai,vqdm,/kaggle/working/genimage_8000_split_v4/train/ai/vqdm_00004.png
vqdm_00130.png,train,ai,vqdm,/kaggle/working/genimage_8000_split_v4/train/ai/vqdm_00130.png
wukong_00314.png,train,ai,wukong,/kaggle/working/genimage_8000_split_v4/train/ai/wukong_00314.png
sdv5_00229.png,train,ai,sdv5,/kaggle/working/genimage_8000_split_v4/train/ai/sdv5_00229.png
midjourney_00005.png,train,ai,midjourney,/kaggle/working/genimage_8000_split_v4/train/ai/midjourney_00005.png
biggan_00127.png,train,ai,biggan,/kaggle/working/genimage_8000_split_v4/train/ai/biggan_00127.png
sdv5_00288.png,train,ai,sdv5,/kaggle/working/genimage_8000_split_v4/train/ai/sdv5_00288.png
sdv5_00369.png,train,ai,sdv5,/kaggle/working/genimage_8000_split_v4/train/ai/sdv5_00369.png
adm_00014.png,train,ai,adm,/kaggle/working/genimage_8000_split_v4/train/ai/adm_00014.png
vqdm_00343.png,train,ai,vqdm,/kaggle/working/genimage_8000_split_v4/train/ai/vqdm_00343.png
glide_00069.png,train,ai,glide,/kaggle/working/genimage_8000_split_v4/train/ai/glide_00069.png
glide_00139.png,train,ai,glide,/kaggle/working/genimage_8000_split_v4/train/ai/glide_00139.png
vqdm_00010.png,train,ai,vqdm,/kaggle/working/genimage_8000_split_v4/train/ai/vqdm_00010.png
glide_00138.png,train,ai,glide,/kaggle/working/genimage_8000_split_v4/train/ai/glide_00138.png
sdv5_00046.png,train,ai,sdv5,/kaggle/working/genimage_8000_split_v4/train/ai/sdv5_00046.png
wukong_00023.png,train,ai,wukong,/kaggle/working/genimage_8000_split_v4/train/ai/wukong_00023.png
adm_00257.png,train,ai,adm,/kaggle/working/genimage_8000_split_v4/train/ai/adm_00257.png
wukong_00398.png,train,ai,wukong,/kaggle/working/genimage_8000_split_v4/train/ai/wukong_00398.png
glide_00144.png,train,ai,glide,/kaggle/working/genimage_8000_split_v4/train/ai/glide_00144.png
midjourney_00074.png,train,ai,midjourney,/kaggle/working/genimage_8000_split_v4/train/ai/midjourney_00074.png
wukong_00169.png,train,ai,wukong,/kaggle/working/genimage_8000_split_v4/train/ai/wukong_00169.png
biggan_00117.png,train,ai,biggan,/kaggle/working/genimage_8000_split_v4/train/ai/biggan_00117.png
biggan_00224.png,train,ai,biggan,/kaggle/working/genimage_8000_split_v4/train/ai/biggan_00224.png
midjourney_00217.png,train,ai,midjourney,/kaggle/working/genimage_8000_split_v4/train/ai/midjourney_00217.png
midjourney_00328.png,train,ai,midjourney,/kaggle/working/genimage_8000_split_v4/train/ai/midjourney_00328.png
wukong_00142.png,train,ai,wukong,/kaggle/working/genimage_8000_split_v4/train/ai/wukong_00142.png
adm_00245.png,train,ai,adm,/kaggle/working/genimage_8000_split_v4/train/ai/adm_00245.png
midjourney_00039.png,train,ai,midjourney,/kaggle/working/genimage_8000_split_v4/train/ai/midjourney_00039.png
sdv5_00392.png,train,ai,sdv5,/kaggle/working/genimage_8000_split_v4/train/ai/sdv5_00392.png
biggan_00175.png,train,ai,biggan,/kaggle/working/genimage_8000_split_v4/train/ai/biggan_00175.png
midjourney_00199.png,train,ai,midjourney,/kaggle/working/genimage_8000_split_v4/train/ai/midjourney_00199.png
wukong_00360.png,train,ai,wukong,/kaggle/working/genimage_8000_split_v4/train/ai/wukong_00360.png
vqdm_00024.png,train,ai,vqdm,/kaggle/working/genimage_8000_split_v4/train/ai/vqdm_00024.png
vqdm_00210.png,train,ai,vqdm,/kaggle/working/genimage_8000_split_v4/train/ai/vqdm_00210.png
sdv5_00224.png,train,ai,sdv5,/kaggle/working/genimage_8000_split_v4/train/ai/sdv5_00224.png
wukong_00075.png,train,ai,wukong,/kaggle/working/genimage_8000_split_v4/train/ai/wukong_00075.png
wukong_00111.png,train,ai,wukong,/kaggle/working/genimage_8000_split_v4/train/ai/wukong_00111.png
biggan_00228.png,train,ai,biggan,/kaggle/working/genimage_8000_split_v4/train/ai/biggan_00228.png
adm_00166.png,train,ai,adm,/kaggle/working/genimage_8000_split_v4/train/ai/adm_00166.png
glide_00382.png,train,ai,glide,/kaggle/working/genimage_8000_split_v4/train/ai/glide_00382.png
biggan_00050.png,train,ai,biggan,/kaggle/working/genimage_8000_split_v4/train/ai/biggan_00050.png
glide_00298.png,train,ai,glide,/kaggle/working/genimage_8000_split_v4/train/ai/glide_00298.png
glide_00274.png,train,ai,glide,/kaggle/working/genimage_8000_split_v4/train/ai/glide_00274.png
vqdm_00100.png,train,ai,vqdm,/kaggle/working/genimage_8000_split_v4/train/ai/vqdm_00100.png
wukong_00352.png,train,ai,wukong,/kaggle/working/genimage_8000_split_v4/train/ai/wukong_00352.png
wukong_00277.png,train,ai,wukong,/kaggle/working/genimage_8000_split_v4/train/ai/wukong_00277.png
midjourney_00059.png,train,ai,midjourney,/kaggle/working/genimage_8000_split_v4/train/ai/midjourney_00059.png
adm_00137.png,train,ai,adm,/kaggle/working/genimage_8000_split_v4/train/ai/adm_00137.png
sdv5_00322.png,train,ai,sdv5,/kaggle/working/genimage_8000_split_v4/train/ai/sdv5_00322.png
sdv5_00233.png,train,ai,sdv5,/kaggle/working/genimage_8000_split_v4/train/ai/sdv5_00233.png
adm_00142.png,train,ai,adm,/kaggle/working/genimage_8000_split_v4/train/ai/adm_00142.png
adm_00249.png,train,ai,adm,/kaggle/working/genimage_8000_split_v4/train/ai/adm_00249.png
biggan_00029.png,train,ai,biggan,/kaggle/working/genimage_8000_split_v4/train/ai/biggan_00029.png
adm_00150.png,train,ai,adm,/kaggle/working/genimage_8000_split_v4/train/ai/adm_00150.png
wukong_00145.png,train,ai,wukong,/kaggle/working/genimage_8000_split_v4/train/ai/wukong_00145.png
sdv5_00039.png,train,ai,sdv5,/kaggle/working/genimage_8000_split_v4/train/ai/sdv5_00039.png
glide_00151.png,train,ai,glide,/kaggle/working/genimage_8000_split_v4/train/ai/glide_00151.png
vqdm_00147.png,train,ai,vqdm,/kaggle/working/genimage_8000_split_v4/train/ai/vqdm_00147.png
glide_00061.png,train,ai,glide,/kaggle/working/genimage_8000_split_v4/train/ai/glide_00061.png
biggan_00320.png,train,ai,biggan,/kaggle/working/genimage_8000_split_v4/train/ai/biggan_00320.png
wukong_00247.png,train,ai,wukong,/kaggle/working/genimage_8000_split_v4/train/ai/wukong_00247.png
biggan_00012.png,train,ai,biggan,/kaggle/working/genimage_8000_split_v4/train/ai/biggan_00012.png
biggan_00124.png,train,ai,biggan,/kaggle/working/genimage_8000_split_v4/train/ai/biggan_00124.png
wukong_00336.png,train,ai,wukong,/kaggle/working/genimage_8000_split_v4/train/ai/wukong_00336.png
biggan_00080.png,train,ai,biggan,/kaggle/working/genimage_8000_split_v4/train/ai/biggan_00080.png
adm_00324.png,train,ai,adm,/kaggle/working/genimage_8000_split_v4/train/ai/adm_00324.png
glide_00053.png,train,ai,glide,/kaggle/working/genimage_8000_split_v4/train/ai/glide_00053.png
vqdm_00006.png,train,ai,vqdm,/kaggle/working/genimage_8000_split_v4/train/ai/vqdm_00006.png
wukong_00321.png,train,ai,wukong,/kaggle/working/genimage_8000_split_v4/train/ai/wukong_00321.png
glide_00316.png,train,ai,glide,/kaggle/working/genimage_8000_split_v4/train/ai/glide_00316.png
biggan_00373.png,train,ai,biggan,/kaggle/working/genimage_8000_split_v4/train/ai/biggan_00373.png
adm_00023.png,train,ai,adm,/kaggle/working/genimage_8000_split_v4/train/ai/adm_00023.png
wukong_00092.png,train,ai,wukong,/kaggle/working/genimage_8000_split_v4/train/ai/wukong_00092.png
sdv5_00054.png,train,ai,sdv5,/kaggle/working/genimage_8000_split_v4/train/ai/sdv5_00054.png
glide_00358.png,train,ai,glide,/kaggle/working/genimage_8000_split_v4/train/ai/glide_00358.png
glide_00376.png,train,ai,glide,/kaggle/working/genimage_8000_split_v4/train/ai/glide_00376.png
midjourney_00021.png,train,ai,midjourney,/kaggle/working/genimage_8000_split_v4/train/ai/midjourney_00021.png
vqdm_00065.png,train,ai,vqdm,/kaggle/working/genimage_8000_split_v4/train/ai/vqdm_00065.png
sdv5_00159.png,train,ai,sdv5,/kaggle/working/genimage_8000_split_v4/train/ai/sdv5_00159.png
vqdm_00090.png,train,ai,vqdm,/kaggle/working/genimage_8000_split_v4/train/ai/vqdm_00090.png
adm_00393.png,train,ai,adm,/kaggle/working/genimage_8000_split_v4/train/ai/adm_00393.png
wukong_00257.png,train,ai,wukong,/kaggle/working/genimage_8000_split_v4/train/ai/wukong_00257.png
biggan_00055.png,train,ai,biggan,/kaggle/working/genimage_8000_split_v4/train/ai/biggan_00055.png
sdv5_00169.png,train,ai,sdv5,/kaggle/working/genimage_8000_split_v4/train/ai/sdv5_00169.png
sdv5_00318.png,train,ai,sdv5,/kaggle/working/genimage_8000_split_v4/train/ai/sdv5_00318.png
wukong_00003.png,train,ai,wukong,/kaggle/working/genimage_8000_split_v4/train/ai/wukong_00003.png
biggan_00344.png,train,ai,biggan,/kaggle/working/genimage_8000_split_v4/train/ai/biggan_00344.png
midjourney_00280.png,train,ai,midjourney,/kaggle/working/genimage_8000_split_v4/train/ai/midjourney_00280.png
adm_00371.png,train,ai,adm,/kaggle/working/genimage_8000_split_v4/train/ai/adm_00371.png
adm_00274.png,train,ai,adm,/kaggle/working/genimage_8000_split_v4/train/ai/adm_00274.png
glide_00125.png,train,ai,glide,/kaggle/working/genimage_8000_split_v4/train/ai/glide_00125.png
vqdm_00219.png,train,ai,vqdm,/kaggle/working/genimage_8000_split_v4/train/ai/vqdm_00219.png
midjourney_00185.png,train,ai,midjourney,/kaggle/working/genimage_8000_split_v4/train/ai/midjourney_00185.png
biggan_00022.png,train,ai,biggan,/kaggle/working/genimage_8000_split_v4/train/ai/biggan_00022.png
sdv5_00395.png,train,ai,sdv5,/kaggle/working/genimage_8000_split_v4/train/ai/sdv5_00395.png
sdv5_00306.png,train,ai,sdv5,/kaggle/working/genimage_8000_split_v4/train/ai/sdv5_00306.png
wukong_00378.png,train,ai,wukong,/kaggle/working/genimage_8000_split_v4/train/ai/wukong_00378.png
vqdm_00097.png,train,ai,vqdm,/kaggle/working/genimage_8000_split_v4/train/ai/vqdm_00097.png
sdv5_00204.png,train,ai,sdv5,/kaggle/working/genimage_8000_split_v4/train/ai/sdv5_00204.png
biggan_00210.png,train,ai,biggan,/kaggle/working/genimage_8000_split_v4/train/ai/biggan_00210.png
biggan_00154.png,train,ai,biggan,/kaggle/working/genimage_8000_split_v4/train/ai/biggan_00154.png
glide_00339.png,train,ai,glide,/kaggle/working/genimage_8000_split_v4/train/ai/glide_00339.png
midjourney_00336.png,train,ai,midjourney,/kaggle/working/genimage_8000_split_v4/train/ai/midjourney_00336.png
vqdm_00104.png,train,ai,vqdm,/kaggle/working/genimage_8000_split_v4/train/ai/vqdm_00104.png
vqdm_00295.png,train,ai,vqdm,/kaggle/working/genimage_8000_split_v4/train/ai/vqdm_00295.png
adm_00382.png,train,ai,adm,/kaggle/working/genimage_8000_split_v4/train/ai/adm_00382.png
wukong_00133.png,train,ai,wukong,/kaggle/working/genimage_8000_split_v4/train/ai/wukong_00133.png
biggan_00081.png,train,ai,biggan,/kaggle/working/genimage_8000_split_v4/train/ai/biggan_00081.png
vqdm_00049.png,train,ai,vqdm,/kaggle/working/genimage_8000_split_v4/train/ai/vqdm_00049.png
sdv5_00076.png,train,ai,sdv5,/kaggle/working/genimage_8000_split_v4/train/ai/sdv5_00076.png
glide_00393.png,train,ai,glide,/kaggle/working/genimage_8000_split_v4/train/ai/glide_00393.png
glide_00099.png,train,ai,glide,/kaggle/working/genimage_8000_split_v4/train/ai/glide_00099.png
vqdm_00323.png,train,ai,vqdm,/kaggle/working/genimage_8000_split_v4/train/ai/vqdm_00323.png
biggan_00086.png,train,ai,biggan,/kaggle/working/genimage_8000_split_v4/train/ai/biggan_00086.png
glide_00155.png,train,ai,glide,/kaggle/working/genimage_8000_split_v4/train/ai/glide_00155.png
adm_00205.png,train,ai,adm,/kaggle/working/genimage_8000_split_v4/train/ai/adm_00205.png
vqdm_00011.png,train,ai,vqdm,/kaggle/working/genimage_8000_split_v4/train/ai/vqdm_00011.png
midjourney_00292.png,train,ai,midjourney,/kaggle/working/genimage_8000_split_v4/train/ai/midjourney_00292.png
adm_00399.png,train,ai,adm,/kaggle/working/genimage_8000_split_v4/train/ai/adm_00399.png
adm_00039.png,train,ai,adm,/kaggle/working/genimage_8000_split_v4/train/ai/adm_00039.png
midjourney_00220.png,train,ai,midjourney,/kaggle/working/genimage_8000_split_v4/train/ai/midjourney_00220.png
biggan_00381.png,train,ai,biggan,/kaggle/working/genimage_8000_split_v4/train/ai/biggan_00381.png
sdv5_00161.png,train,ai,sdv5,/kaggle/working/genimage_8000_split_v4/train/ai/sdv5_00161.png
biggan_00368.png,train,ai,biggan,/kaggle/working/genimage_8000_split_v4/train/ai/biggan_00368.png
midjourney_00261.png,train,ai,midjourney,/kaggle/working/genimage_8000_split_v4/train/ai/midjourney_00261.png
glide_00023.png,train,ai,glide,/kaggle/working/genimage_8000_split_v4/train/ai/glide_00023.png
sdv5_00063.png,train,ai,sdv5,/kaggle/working/genimage_8000_split_v4/train/ai/sdv5_00063.png
midjourney_00342.png,train,ai,midjourney,/kaggle/working/genimage_8000_split_v4/train/ai/midjourney_00342.png
biggan_00059.png,train,ai,biggan,/kaggle/working/genimage_8000_split_v4/train/ai/biggan_00059.png
vqdm_00131.png,train,ai,vqdm,/kaggle/working/genimage_8000_split_v4/train/ai/vqdm_00131.png
glide_00015.png,train,ai,glide,/kaggle/working/genimage_8000_split_v4/train/ai/glide_00015.png
adm_00126.png,train,ai,adm,/kaggle/working/genimage_8000_split_v4/train/ai/adm_00126.png
glide_00384.png,train,ai,glide,/kaggle/working/genimage_8000_split_v4/train/ai/glide_00384.png
midjourney_00399.png,train,ai,midjourney,/kaggle/working/genimage_8000_split_v4/train/ai/midjourney_00399.png
wukong_00047.png,train,ai,wukong,/kaggle/working/genimage_8000_split_v4/train/ai/wukong_00047.png
sdv5_00116.png,train,ai,sdv5,/kaggle/working/genimage_8000_split_v4/train/ai/sdv5_00116.png
sdv5_00389.png,train,ai,sdv5,/kaggle/working/genimage_8000_split_v4/train/ai/sdv5_00389.png
vqdm_00037.png,train,ai,vqdm,/kaggle/working/genimage_8000_split_v4/train/ai/vqdm_00037.png
biggan_00142.png,train,ai,biggan,/kaggle/working/genimage_8000_split_v4/train/ai/biggan_00142.png
biggan_00182.png,train,ai,biggan,/kaggle/working/genimage_8000_split_v4/train/ai/biggan_00182.png
wukong_00080.png,train,ai,wukong,/kaggle/working/genimage_8000_split_v4/train/ai/wukong_00080.png
midjourney_00076.png,train,ai,midjourney,/kaggle/working/genimage_8000_split_v4/train/ai/midjourney_00076.png
biggan_00251.png,train,ai,biggan,/kaggle/working/genimage_8000_split_v4/train/ai/biggan_00251.png
sdv5_00061.png,train,ai,sdv5,/kaggle/working/genimage_8000_split_v4/train/ai/sdv5_00061.png
adm_00208.png,train,ai,adm,/kaggle/working/genimage_8000_split_v4/train/ai/adm_00208.png
adm_00029.png,train,ai,adm,/kaggle/working/genimage_8000_split_v4/train/ai/adm_00029.png
midjourney_00229.png,train,ai,midjourney,/kaggle/working/genimage_8000_split_v4/train/ai/midjourney_00229.png
glide_00039.png,train,ai,glide,/kaggle/working/genimage_8000_split_v4/train/ai/glide_00039.png
glide_00255.png,train,ai,glide,/kaggle/working/genimage_8000_split_v4/train/ai/glide_00255.png
sdv5_00265.png,train,ai,sdv5,/kaggle/working/genimage_8000_split_v4/train/ai/sdv5_00265.png
midjourney_00228.png,train,ai,midjourney,/kaggle/working/genimage_8000_split_v4/train/ai/midjourney_00228.png
adm_00321.png,train,ai,adm,/kaggle/working/genimage_8000_split_v4/train/ai/adm_00321.png
biggan_00288.png,train,ai,biggan,/kaggle/working/genimage_8000_split_v4/train/ai/biggan_00288.png
biggan_00252.png,train,ai,biggan,/kaggle/working/genimage_8000_split_v4/train/ai/biggan_00252.png
adm_00072.png,train,ai,adm,/kaggle/working/genimage_8000_split_v4/train/ai/adm_00072.png
sdv5_00051.png,train,ai,sdv5,/kaggle/working/genimage_8000_split_v4/train/ai/sdv5_00051.png
sdv5_00066.png,train,ai,sdv5,/kaggle/working/genimage_8000_split_v4/train/ai/sdv5_00066.png
adm_00345.png,train,ai,adm,/kaggle/working/genimage_8000_split_v4/train/ai/adm_00345.png
adm_00275.png,train,ai,adm,/kaggle/working/genimage_8000_split_v4/train/ai/adm_00275.png
wukong_00226.png,train,ai,wukong,/kaggle/working/genimage_8000_split_v4/train/ai/wukong_00226.png
vqdm_00181.png,train,ai,vqdm,/kaggle/working/genimage_8000_split_v4/train/ai/vqdm_00181.png
sdv5_00321.png,train,ai,sdv5,/kaggle/working/genimage_8000_split_v4/train/ai/sdv5_00321.png
midjourney_00078.png,train,ai,midjourney,/kaggle/working/genimage_8000_split_v4/train/ai/midjourney_00078.png
adm_00159.png,train,ai,adm,/kaggle/working/genimage_8000_split_v4/train/ai/adm_00159.png
sdv5_00235.png,train,ai,sdv5,/kaggle/working/genimage_8000_split_v4/train/ai/sdv5_00235.png
vqdm_00017.png,train,ai,vqdm,/kaggle/working/genimage_8000_split_v4/train/ai/vqdm_00017.png
vqdm_00335.png,train,ai,vqdm,/kaggle/working/genimage_8000_split_v4/train/ai/vqdm_00335.png
adm_00362.png,train,ai,adm,/kaggle/working/genimage_8000_split_v4/train/ai/adm_00362.png
wukong_00097.png,train,ai,wukong,/kaggle/working/genimage_8000_split_v4/train/ai/wukong_00097.png
sdv5_00073.png,train,ai,sdv5,/kaggle/working/genimage_8000_split_v4/train/ai/sdv5_00073.png
midjourney_00045.png,train,ai,midjourney,/kaggle/working/genimage_8000_split_v4/train/ai/midjourney_00045.png
wukong_00165.png,train,ai,wukong,/kaggle/working/genimage_8000_split_v4/train/ai/wukong_00165.png
vqdm_00073.png,train,ai,vqdm,/kaggle/working/genimage_8000_split_v4/train/ai/vqdm_00073.png
sdv5_00008.png,train,ai,sdv5,/kaggle/working/genimage_8000_split_v4/train/ai/sdv5_00008.png
sdv5_00257.png,train,ai,sdv5,/kaggle/working/genimage_8000_split_v4/train/ai/sdv5_00257.png
glide_00299.png,train,ai,glide,/kaggle/working/genimage_8000_split_v4/train/ai/glide_00299.png
midjourney_00245.png,train,ai,midjourney,/kaggle/working/genimage_8000_split_v4/train/ai/midjourney_00245.png
wukong_00210.png,train,ai,wukong,/kaggle/working/genimage_8000_split_v4/train/ai/wukong_00210.png
biggan_00303.png,train,ai,biggan,/kaggle/working/genimage_8000_split_v4/train/ai/biggan_00303.png
midjourney_00255.png,train,ai,midjourney,/kaggle/working/genimage_8000_split_v4/train/ai/midjourney_00255.png
sdv5_00088.png,train,ai,sdv5,/kaggle/working/genimage_8000_split_v4/train/ai/sdv5_00088.png
vqdm_00138.png,train,ai,vqdm,/kaggle/working/genimage_8000_split_v4/train/ai/vqdm_00138.png
biggan_00352.png,train,ai,biggan,/kaggle/working/genimage_8000_split_v4/train/ai/biggan_00352.png
adm_00281.png,train,ai,adm,/kaggle/working/genimage_8000_split_v4/train/ai/adm_00281.png
sdv5_00163.png,train,ai,sdv5,/kaggle/working/genimage_8000_split_v4/train/ai/sdv5_00163.png
vqdm_00213.png,train,ai,vqdm,/kaggle/working/genimage_8000_split_v4/train/ai/vqdm_00213.png
midjourney_00061.png,train,ai,midjourney,/kaggle/working/genimage_8000_split_v4/train/ai/midjourney_00061.png
glide_00207.png,train,ai,glide,/kaggle/working/genimage_8000_split_v4/train/ai/glide_00207.png
glide_00268.png,train,ai,glide,/kaggle/working/genimage_8000_split_v4/train/ai/glide_00268.png
glide_00145.png,train,ai,glide,/kaggle/working/genimage_8000_split_v4/train/ai/glide_00145.png
vqdm_00184.png,train,ai,vqdm,/kaggle/working/genimage_8000_split_v4/train/ai/vqdm_00184.png
sdv5_00259.png,train,ai,sdv5,/kaggle/working/genimage_8000_split_v4/train/ai/sdv5_00259.png
adm_00305.png,train,ai,adm,/kaggle/working/genimage_8000_split_v4/train/ai/adm_00305.png
biggan_00102.png,train,ai,biggan,/kaggle/working/genimage_8000_split_v4/train/ai/biggan_00102.png
glide_00362.png,train,ai,glide,/kaggle/working/genimage_8000_split_v4/train/ai/glide_00362.png
midjourney_00115.png,train,ai,midjourney,/kaggle/working/genimage_8000_split_v4/train/ai/midjourney_00115.png
glide_00371.png,train,ai,glide,/kaggle/working/genimage_8000_split_v4/train/ai/glide_00371.png
vqdm_00133.png,train,ai,vqdm,/kaggle/working/genimage_8000_split_v4/train/ai/vqdm_00133.png
sdv5_00124.png,train,ai,sdv5,/kaggle/working/genimage_8000_split_v4/train/ai/sdv5_00124.png
wukong_00095.png,train,ai,wukong,/kaggle/working/genimage_8000_split_v4/train/ai/wukong_00095.png
adm_00015.png,train,ai,adm,/kaggle/working/genimage_8000_split_v4/train/ai/adm_00015.png
adm_00103.png,train,ai,adm,/kaggle/working/genimage_8000_split_v4/train/ai/adm_00103.png
vqdm_00068.png,train,ai,vqdm,/kaggle/working/genimage_8000_split_v4/train/ai/vqdm_00068.png
adm_00157.png,train,ai,adm,/kaggle/working/genimage_8000_split_v4/train/ai/adm_00157.png
midjourney_00301.png,train,ai,midjourney,/kaggle/working/genimage_8000_split_v4/train/ai/midjourney_00301.png
glide_00390.png,train,ai,glide,/kaggle/working/genimage_8000_split_v4/train/ai/glide_00390.png
midjourney_00343.png,train,ai,midjourney,/kaggle/working/genimage_8000_split_v4/train/ai/midjourney_00343.png
midjourney_00250.png,train,ai,midjourney,/kaggle/working/genimage_8000_split_v4/train/ai/midjourney_00250.png
midjourney_00053.png,train,ai,midjourney,/kaggle/working/genimage_8000_split_v4/train/ai/midjourney_00053.png
glide_00173.png,train,ai,glide,/kaggle/working/genimage_8000_split_v4/train/ai/glide_00173.png
adm_00167.png,train,ai,adm,/kaggle/working/genimage_8000_split_v4/train/ai/adm_00167.png
glide_00105.png,train,ai,glide,/kaggle/working/genimage_8000_split_v4/train/ai/glide_00105.png
glide_00300.png,train,ai,glide,/kaggle/working/genimage_8000_split_v4/train/ai/glide_00300.png
vqdm_00125.png,train,ai,vqdm,/kaggle/working/genimage_8000_split_v4/train/ai/vqdm_00125.png
biggan_00331.png,train,ai,biggan,/kaggle/working/genimage_8000_split_v4/train/ai/biggan_00331.png
sdv5_00050.png,train,ai,sdv5,/kaggle/working/genimage_8000_split_v4/train/ai/sdv5_00050.png
vqdm_00193.png,train,ai,vqdm,/kaggle/working/genimage_8000_split_v4/train/ai/vqdm_00193.png
sdv5_00251.png,train,ai,sdv5,/kaggle/working/genimage_8000_split_v4/train/ai/sdv5_00251.png
wukong_00255.png,train,ai,wukong,/kaggle/working/genimage_8000_split_v4/train/ai/wukong_00255.png
sdv5_00119.png,train,ai,sdv5,/kaggle/working/genimage_8000_split_v4/train/ai/sdv5_00119.png
adm_00320.png,train,ai,adm,/kaggle/working/genimage_8000_split_v4/train/ai/adm_00320.png
glide_00200.png,train,ai,glide,/kaggle/working/genimage_8000_split_v4/train/ai/glide_00200.png
glide_00115.png,train,ai,glide,/kaggle/working/genimage_8000_split_v4/train/ai/glide_00115.png
midjourney_00305.png,train,ai,midjourney,/kaggle/working/genimage_8000_split_v4/train/ai/midjourney_00305.png
sdv5_00246.png,train,ai,sdv5,/kaggle/working/genimage_8000_split_v4/train/ai/sdv5_00246.png
midjourney_00193.png,train,ai,midjourney,/kaggle/working/genimage_8000_split_v4/train/ai/midjourney_00193.png
glide_00050.png,train,ai,glide,/kaggle/working/genimage_8000_split_v4/train/ai/glide_00050.png
midjourney_00069.png,train,ai,midjourney,/kaggle/working/genimage_8000_split_v4/train/ai/midjourney_00069.png
biggan_00348.png,train,ai,biggan,/kaggle/working/genimage_8000_split_v4/train/ai/biggan_00348.png
adm_00331.png,train,ai,adm,/kaggle/working/genimage_8000_split_v4/train/ai/adm_00331.png
wukong_00170.png,train,ai,wukong,/kaggle/working/genimage_8000_split_v4/train/ai/wukong_00170.png
wukong_00313.png,train,ai,wukong,/kaggle/working/genimage_8000_split_v4/train/ai/wukong_00313.png
vqdm_00259.png,train,ai,vqdm,/kaggle/working/genimage_8000_split_v4/train/ai/vqdm_00259.png
vqdm_00290.png,train,ai,vqdm,/kaggle/working/genimage_8000_split_v4/train/ai/vqdm_00290.png
glide_00038.png,train,ai,glide,/kaggle/working/genimage_8000_split_v4/train/ai/glide_00038.png
biggan_00011.png,train,ai,biggan,/kaggle/working/genimage_8000_split_v4/train/ai/biggan_00011.png
glide_00399.png,train,ai,glide,/kaggle/working/genimage_8000_split_v4/train/ai/glide_00399.png
biggan_00082.png,train,ai,biggan,/kaggle/working/genimage_8000_split_v4/train/ai/biggan_00082.png
wukong_00005.png,train,ai,wukong,/kaggle/working/genimage_8000_split_v4/train/ai/wukong_00005.png
wukong_00141.png,train,ai,wukong,/kaggle/working/genimage_8000_split_v4/train/ai/wukong_00141.png
vqdm_00347.png,train,ai,vqdm,/kaggle/working/genimage_8000_split_v4/train/ai/vqdm_00347.png
biggan_00382.png,train,ai,biggan,/kaggle/working/genimage_8000_split_v4/train/ai/biggan_00382.png
midjourney_00269.png,train,ai,midjourney,/kaggle/working/genimage_8000_split_v4/train/ai/midjourney_00269.png
sdv5_00319.png,train,ai,sdv5,/kaggle/working/genimage_8000_split_v4/train/ai/sdv5_00319.png
midjourney_00251.png,train,ai,midjourney,/kaggle/working/genimage_8000_split_v4/train/ai/midjourney_00251.png
biggan_00397.png,train,ai,biggan,/kaggle/working/genimage_8000_split_v4/train/ai/biggan_00397.png
biggan_00192.png,train,ai,biggan,/kaggle/working/genimage_8000_split_v4/train/ai/biggan_00192.png
wukong_00167.png,train,ai,wukong,/kaggle/working/genimage_8000_split_v4/train/ai/wukong_00167.png
wukong_00391.png,train,ai,wukong,/kaggle/working/genimage_8000_split_v4/train/ai/wukong_00391.png
sdv5_00249.png,train,ai,sdv5,/kaggle/working/genimage_8000_split_v4/train/ai/sdv5_00249.png
adm_00149.png,train,ai,adm,/kaggle/working/genimage_8000_split_v4/train/ai/adm_00149.png
sdv5_00238.png,train,ai,sdv5,/kaggle/working/genimage_8000_split_v4/train/ai/sdv5_00238.png
wukong_00147.png,train,ai,wukong,/kaggle/working/genimage_8000_split_v4/train/ai/wukong_00147.png
biggan_00323.png,train,ai,biggan,/kaggle/working/genimage_8000_split_v4/train/ai/biggan_00323.png
biggan_00177.png,train,ai,biggan,/kaggle/working/genimage_8000_split_v4/train/ai/biggan_00177.png
wukong_00183.png,train,ai,wukong,/kaggle/working/genimage_8000_split_v4/train/ai/wukong_00183.png
sdv5_00114.png,train,ai,sdv5,/kaggle/working/genimage_8000_split_v4/train/ai/sdv5_00114.png
vqdm_00162.png,train,ai,vqdm,/kaggle/working/genimage_8000_split_v4/train/ai/vqdm_00162.png
wukong_00014.png,train,ai,wukong,/kaggle/working/genimage_8000_split_v4/train/ai/wukong_00014.png
sdv5_00374.png,train,ai,sdv5,/kaggle/working/genimage_8000_split_v4/train/ai/sdv5_00374.png
glide_00283.png,train,ai,glide,/kaggle/working/genimage_8000_split_v4/train/ai/glide_00283.png
sdv5_00171.png,train,ai,sdv5,/kaggle/working/genimage_8000_split_v4/train/ai/sdv5_00171.png
adm_00163.png,train,ai,adm,/kaggle/working/genimage_8000_split_v4/train/ai/adm_00163.png
wukong_00384.png,train,ai,wukong,/kaggle/working/genimage_8000_split_v4/train/ai/wukong_00384.png
midjourney_00071.png,train,ai,midjourney,/kaggle/working/genimage_8000_split_v4/train/ai/midjourney_00071.png
midjourney_00147.png,train,ai,midjourney,/kaggle/working/genimage_8000_split_v4/train/ai/midjourney_00147.png
wukong_00119.png,train,ai,wukong,/kaggle/working/genimage_8000_split_v4/train/ai/wukong_00119.png
wukong_00180.png,train,ai,wukong,/kaggle/working/genimage_8000_split_v4/train/ai/wukong_00180.png
glide_00288.png,train,ai,glide,/kaggle/working/genimage_8000_split_v4/train/ai/glide_00288.png
midjourney_00009.png,train,ai,midjourney,/kaggle/working/genimage_8000_split_v4/train/ai/midjourney_00009.png
sdv5_00371.png,train,ai,sdv5,/kaggle/working/genimage_8000_split_v4/train/ai/sdv5_00371.png
biggan_00122.png,train,ai,biggan,/kaggle/working/genimage_8000_split_v4/train/ai/biggan_00122.png
vqdm_00369.png,train,ai,vqdm,/kaggle/working/genimage_8000_split_v4/train/ai/vqdm_00369.png
vqdm_00240.png,train,ai,vqdm,/kaggle/working/genimage_8000_split_v4/train/ai/vqdm_00240.png
midjourney_00371.png,train,ai,midjourney,/kaggle/working/genimage_8000_split_v4/train/ai/midjourney_00371.png
vqdm_00153.png,train,ai,vqdm,/kaggle/working/genimage_8000_split_v4/train/ai/vqdm_00153.png
adm_00264.png,train,ai,adm,/kaggle/working/genimage_8000_split_v4/train/ai/adm_00264.png
glide_00381.png,train,ai,glide,/kaggle/working/genimage_8000_split_v4/train/ai/glide_00381.png
midjourney_00222.png,train,ai,midjourney,/kaggle/working/genimage_8000_split_v4/train/ai/midjourney_00222.png
midjourney_00219.png,train,ai,midjourney,/kaggle/working/genimage_8000_split_v4/train/ai/midjourney_00219.png
biggan_00146.png,train,ai,biggan,/kaggle/working/genimage_8000_split_v4/train/ai/biggan_00146.png
biggan_00202.png,train,ai,biggan,/kaggle/working/genimage_8000_split_v4/train/ai/biggan_00202.png
glide_00308.png,train,ai,glide,/kaggle/working/genimage_8000_split_v4/train/ai/glide_00308.png
midjourney_00121.png,train,ai,midjourney,/kaggle/working/genimage_8000_split_v4/train/ai/midjourney_00121.png
glide_00141.png,train,ai,glide,/kaggle/working/genimage_8000_split_v4/train/ai/glide_00141.png
vqdm_00175.png,train,ai,vqdm,/kaggle/working/genimage_8000_split_v4/train/ai/vqdm_00175.png
glide_00389.png,train,ai,glide,/kaggle/working/genimage_8000_split_v4/train/ai/glide_00389.png
glide_00357.png,train,ai,glide,/kaggle/working/genimage_8000_split_v4/train/ai/glide_00357.png
vqdm_00129.png,train,ai,vqdm,/kaggle/working/genimage_8000_split_v4/train/ai/vqdm_00129.png
midjourney_00044.png,train,ai,midjourney,/kaggle/working/genimage_8000_split_v4/train/ai/midjourney_00044.png
biggan_00017.png,train,ai,biggan,/kaggle/working/genimage_8000_split_v4/train/ai/biggan_00017.png
glide_00082.png,train,ai,glide,/kaggle/working/genimage_8000_split_v4/train/ai/glide_00082.png
glide_00037.png,train,ai,glide,/kaggle/working/genimage_8000_split_v4/train/ai/glide_00037.png
wukong_00193.png,train,ai,wukong,/kaggle/working/genimage_8000_split_v4/train/ai/wukong_00193.png
biggan_00308.png,train,ai,biggan,/kaggle/working/genimage_8000_split_v4/train/ai/biggan_00308.png
adm_00027.png,train,ai,adm,/kaggle/working/genimage_8000_split_v4/train/ai/adm_00027.png
adm_00358.png,train,ai,adm,/kaggle/working/genimage_8000_split_v4/train/ai/adm_00358.png
midjourney_00105.png,train,ai,midjourney,/kaggle/working/genimage_8000_split_v4/train/ai/midjourney_00105.png
wukong_00127.png,train,ai,wukong,/kaggle/working/genimage_8000_split_v4/train/ai/wukong_00127.png
midjourney_00218.png,train,ai,midjourney,/kaggle/working/genimage_8000_split_v4/train/ai/midjourney_00218.png
vqdm_00297.png,train,ai,vqdm,/kaggle/working/genimage_8000_split_v4/train/ai/vqdm_00297.png
midjourney_00024.png,train,ai,midjourney,/kaggle/working/genimage_8000_split_v4/train/ai/midjourney_00024.png
wukong_00207.png,train,ai,wukong,/kaggle/working/genimage_8000_split_v4/train/ai/wukong_00207.png
biggan_00388.png,train,ai,biggan,/kaggle/working/genimage_8000_split_v4/train/ai/biggan_00388.png
vqdm_00116.png,train,ai,vqdm,/kaggle/working/genimage_8000_split_v4/train/ai/vqdm_00116.png
glide_00033.png,train,ai,glide,/kaggle/working/genimage_8000_split_v4/train/ai/glide_00033.png
midjourney_00323.png,train,ai,midjourney,/kaggle/working/genimage_8000_split_v4/train/ai/midjourney_00323.png
midjourney_00007.png,train,ai,midjourney,/kaggle/working/genimage_8000_split_v4/train/ai/midjourney_00007.png
adm_00141.png,train,ai,adm,/kaggle/working/genimage_8000_split_v4/train/ai/adm_00141.png
glide_00250.png,train,ai,glide,/kaggle/working/genimage_8000_split_v4/train/ai/glide_00250.png
sdv5_00072.png,train,ai,sdv5,/kaggle/working/genimage_8000_split_v4/train/ai/sdv5_00072.png
midjourney_00338.png,train,ai,midjourney,/kaggle/working/genimage_8000_split_v4/train/ai/midjourney_00338.png
sdv5_00357.png,train,ai,sdv5,/kaggle/working/genimage_8000_split_v4/train/ai/sdv5_00357.png
vqdm_00093.png,train,ai,vqdm,/kaggle/working/genimage_8000_split_v4/train/ai/vqdm_00093.png
biggan_00166.png,train,ai,biggan,/kaggle/working/genimage_8000_split_v4/train/ai/biggan_00166.png
vqdm_00360.png,train,ai,vqdm,/kaggle/working/genimage_8000_split_v4/train/ai/vqdm_00360.png
sdv5_00180.png,train,ai,sdv5,/kaggle/working/genimage_8000_split_v4/train/ai/sdv5_00180.png
wukong_00022.png,train,ai,wukong,/kaggle/working/genimage_8000_split_v4/train/ai/wukong_00022.png
vqdm_00032.png,train,ai,vqdm,/kaggle/working/genimage_8000_split_v4/train/ai/vqdm_00032.png
adm_00354.png,train,ai,adm,/kaggle/working/genimage_8000_split_v4/train/ai/adm_00354.png
wukong_00135.png,train,ai,wukong,/kaggle/working/genimage_8000_split_v4/train/ai/wukong_00135.png
vqdm_00167.png,train,ai,vqdm,/kaggle/working/genimage_8000_split_v4/train/ai/vqdm_00167.png
adm_00172.png,train,ai,adm,/kaggle/working/genimage_8000_split_v4/train/ai/adm_00172.png
wukong_00262.png,train,ai,wukong,/kaggle/working/genimage_8000_split_v4/train/ai/wukong_00262.png
vqdm_00342.png,train,ai,vqdm,/kaggle/working/genimage_8000_split_v4/train/ai/vqdm_00342.png
glide_00009.png,train,ai,glide,/kaggle/working/genimage_8000_split_v4/train/ai/glide_00009.png
glide_00295.png,train,ai,glide,/kaggle/working/genimage_8000_split_v4/train/ai/glide_00295.png
biggan_00030.png,train,ai,biggan,/kaggle/working/genimage_8000_split_v4/train/ai/biggan_00030.png
glide_00118.png,train,ai,glide,/kaggle/working/genimage_8000_split_v4/train/ai/glide_00118.png
biggan_00324.png,train,ai,biggan,/kaggle/working/genimage_8000_split_v4/train/ai/biggan_00324.png
biggan_00141.png,train,ai,biggan,/kaggle/working/genimage_8000_split_v4/train/ai/biggan_00141.png
sdv5_00091.png,train,ai,sdv5,/kaggle/working/genimage_8000_split_v4/train/ai/sdv5_00091.png
wukong_00057.png,train,ai,wukong,/kaggle/working/genimage_8000_split_v4/train/ai/wukong_00057.png
midjourney_00389.png,train,ai,midjourney,/kaggle/working/genimage_8000_split_v4/train/ai/midjourney_00389.png
wukong_00261.png,train,ai,wukong,/kaggle/working/genimage_8000_split_v4/train/ai/wukong_00261.png
adm_00170.png,train,ai,adm,/kaggle/working/genimage_8000_split_v4/train/ai/adm_00170.png
adm_00079.png,train,ai,adm,/kaggle/working/genimage_8000_split_v4/train/ai/adm_00079.png
wukong_00188.png,train,ai,wukong,/kaggle/working/genimage_8000_split_v4/train/ai/wukong_00188.png
biggan_00363.png,train,ai,biggan,/kaggle/working/genimage_8000_split_v4/train/ai/biggan_00363.png
glide_00197.png,train,ai,glide,/kaggle/working/genimage_8000_split_v4/train/ai/glide_00197.png
adm_00329.png,train,ai,adm,/kaggle/working/genimage_8000_split_v4/train/ai/adm_00329.png
sdv5_00368.png,train,ai,sdv5,/kaggle/working/genimage_8000_split_v4/train/ai/sdv5_00368.png
midjourney_00182.png,train,ai,midjourney,/kaggle/working/genimage_8000_split_v4/train/ai/midjourney_00182.png
wukong_00205.png,train,ai,wukong,/kaggle/working/genimage_8000_split_v4/train/ai/wukong_00205.png
glide_00218.png,train,ai,glide,/kaggle/working/genimage_8000_split_v4/train/ai/glide_00218.png
midjourney_00383.png,train,ai,midjourney,/kaggle/working/genimage_8000_split_v4/train/ai/midjourney_00383.png
glide_00342.png,train,ai,glide,/kaggle/working/genimage_8000_split_v4/train/ai/glide_00342.png
wukong_00150.png,train,ai,wukong,/kaggle/working/genimage_8000_split_v4/train/ai/wukong_00150.png
biggan_00173.png,train,ai,biggan,/kaggle/working/genimage_8000_split_v4/train/ai/biggan_00173.png
biggan_00329.png,train,ai,biggan,/kaggle/working/genimage_8000_split_v4/train/ai/biggan_00329.png
adm_00118.png,train,ai,adm,/kaggle/working/genimage_8000_split_v4/train/ai/adm_00118.png
adm_00396.png,train,ai,adm,/kaggle/working/genimage_8000_split_v4/train/ai/adm_00396.png
adm_00269.png,train,ai,adm,/kaggle/working/genimage_8000_split_v4/train/ai/adm_00269.png
adm_00369.png,train,ai,adm,/kaggle/working/genimage_8000_split_v4/train/ai/adm_00369.png
vqdm_00031.png,train,ai,vqdm,/kaggle/working/genimage_8000_split_v4/train/ai/vqdm_00031.png
glide_00010.png,train,ai,glide,/kaggle/working/genimage_8000_split_v4/train/ai/glide_00010.png
vqdm_00135.png,train,ai,vqdm,/kaggle/working/genimage_8000_split_v4/train/ai/vqdm_00135.png
wukong_00009.png,train,ai,wukong,/kaggle/working/genimage_8000_split_v4/train/ai/wukong_00009.png
sdv5_00173.png,train,ai,sdv5,/kaggle/working/genimage_8000_split_v4/train/ai/sdv5_00173.png
wukong_00105.png,train,ai,wukong,/kaggle/working/genimage_8000_split_v4/train/ai/wukong_00105.png
glide_00013.png,train,ai,glide,/kaggle/working/genimage_8000_split_v4/train/ai/glide_00013.png
adm_00098.png,train,ai,adm,/kaggle/working/genimage_8000_split_v4/train/ai/adm_00098.png
vqdm_00023.png,train,ai,vqdm,/kaggle/working/genimage_8000_split_v4/train/ai/vqdm_00023.png
glide_00184.png,train,ai,glide,/kaggle/working/genimage_8000_split_v4/train/ai/glide_00184.png
sdv5_00011.png,train,ai,sdv5,/kaggle/working/genimage_8000_split_v4/train/ai/sdv5_00011.png
glide_00366.png,train,ai,glide,/kaggle/working/genimage_8000_split_v4/train/ai/glide_00366.png
sdv5_00047.png,train,ai,sdv5,/kaggle/working/genimage_8000_split_v4/train/ai/sdv5_00047.png
biggan_00147.png,train,ai,biggan,/kaggle/working/genimage_8000_split_v4/train/ai/biggan_00147.png
biggan_00206.png,train,ai,biggan,/kaggle/working/genimage_8000_split_v4/train/ai/biggan_00206.png
sdv5_00009.png,train,ai,sdv5,/kaggle/working/genimage_8000_split_v4/train/ai/sdv5_00009.png
sdv5_00370.png,train,ai,sdv5,/kaggle/working/genimage_8000_split_v4/train/ai/sdv5_00370.png
sdv5_00334.png,train,ai,sdv5,/kaggle/working/genimage_8000_split_v4/train/ai/sdv5_00334.png
glide_00106.png,train,ai,glide,/kaggle/working/genimage_8000_split_v4/train/ai/glide_00106.png
wukong_00232.png,train,ai,wukong,/kaggle/working/genimage_8000_split_v4/train/ai/wukong_00232.png
adm_00302.png,train,ai,adm,/kaggle/working/genimage_8000_split_v4/train/ai/adm_00302.png
glide_00307.png,train,ai,glide,/kaggle/working/genimage_8000_split_v4/train/ai/glide_00307.png
sdv5_00156.png,train,ai,sdv5,/kaggle/working/genimage_8000_split_v4/train/ai/sdv5_00156.png
adm_00303.png,train,ai,adm,/kaggle/working/genimage_8000_split_v4/train/ai/adm_00303.png
sdv5_00188.png,train,ai,sdv5,/kaggle/working/genimage_8000_split_v4/train/ai/sdv5_00188.png
glide_00228.png,train,ai,glide,/kaggle/working/genimage_8000_split_v4/train/ai/glide_00228.png
sdv5_00010.png,train,ai,sdv5,/kaggle/working/genimage_8000_split_v4/train/ai/sdv5_00010.png
sdv5_00385.png,train,ai,sdv5,/kaggle/working/genimage_8000_split_v4/train/ai/sdv5_00385.png
glide_00211.png,train,ai,glide,/kaggle/working/genimage_8000_split_v4/train/ai/glide_00211.png
vqdm_00211.png,train,ai,vqdm,/kaggle/working/genimage_8000_split_v4/train/ai/vqdm_00211.png
vqdm_00302.png,train,ai,vqdm,/kaggle/working/genimage_8000_split_v4/train/ai/vqdm_00302.png
sdv5_00126.png,train,ai,sdv5,/kaggle/working/genimage_8000_split_v4/train/ai/sdv5_00126.png
glide_00076.png,train,ai,glide,/kaggle/working/genimage_8000_split_v4/train/ai/glide_00076.png
adm_00081.png,train,ai,adm,/kaggle/working/genimage_8000_split_v4/train/ai/adm_00081.png
sdv5_00182.png,train,ai,sdv5,/kaggle/working/genimage_8000_split_v4/train/ai/sdv5_00182.png
wukong_00359.png,train,ai,wukong,/kaggle/working/genimage_8000_split_v4/train/ai/wukong_00359.png
adm_00146.png,train,ai,adm,/kaggle/working/genimage_8000_split_v4/train/ai/adm_00146.png
sdv5_00315.png,train,ai,sdv5,/kaggle/working/genimage_8000_split_v4/train/ai/sdv5_00315.png
vqdm_00372.png,train,ai,vqdm,/kaggle/working/genimage_8000_split_v4/train/ai/vqdm_00372.png
biggan_00245.png,train,ai,biggan,/kaggle/working/genimage_8000_split_v4/train/ai/biggan_00245.png
wukong_00155.png,train,ai,wukong,/kaggle/working/genimage_8000_split_v4/train/ai/wukong_00155.png
sdv5_00023.png,train,ai,sdv5,/kaggle/working/genimage_8000_split_v4/train/ai/sdv5_00023.png
biggan_00099.png,train,ai,biggan,/kaggle/working/genimage_8000_split_v4/train/ai/biggan_00099.png
vqdm_00380.png,train,ai,vqdm,/kaggle/working/genimage_8000_split_v4/train/ai/vqdm_00380.png
midjourney_00289.png,train,ai,midjourney,/kaggle/working/genimage_8000_split_v4/train/ai/midjourney_00289.png
midjourney_00351.png,train,ai,midjourney,/kaggle/working/genimage_8000_split_v4/train/ai/midjourney_00351.png
biggan_00003.png,train,ai,biggan,/kaggle/working/genimage_8000_split_v4/train/ai/biggan_00003.png
biggan_00226.png,train,ai,biggan,/kaggle/working/genimage_8000_split_v4/train/ai/biggan_00226.png
wukong_00061.png,train,ai,wukong,/kaggle/working/genimage_8000_split_v4/train/ai/wukong_00061.png
sdv5_00090.png,train,ai,sdv5,/kaggle/working/genimage_8000_split_v4/train/ai/sdv5_00090.png
adm_00190.png,train,ai,adm,/kaggle/working/genimage_8000_split_v4/train/ai/adm_00190.png
biggan_00185.png,train,ai,biggan,/kaggle/working/genimage_8000_split_v4/train/ai/biggan_00185.png
midjourney_00158.png,train,ai,midjourney,/kaggle/working/genimage_8000_split_v4/train/ai/midjourney_00158.png
sdv5_00327.png,train,ai,sdv5,/kaggle/working/genimage_8000_split_v4/train/ai/sdv5_00327.png
wukong_00177.png,train,ai,wukong,/kaggle/working/genimage_8000_split_v4/train/ai/wukong_00177.png
biggan_00345.png,train,ai,biggan,/kaggle/working/genimage_8000_split_v4/train/ai/biggan_00345.png
adm_00085.png,train,ai,adm,/kaggle/working/genimage_8000_split_v4/train/ai/adm_00085.png
adm_00224.png,train,ai,adm,/kaggle/working/genimage_8000_split_v4/train/ai/adm_00224.png
vqdm_00393.png,train,ai,vqdm,/kaggle/working/genimage_8000_split_v4/train/ai/vqdm_00393.png
sdv5_00253.png,train,ai,sdv5,/kaggle/working/genimage_8000_split_v4/train/ai/sdv5_00253.png
midjourney_00014.png,train,ai,midjourney,/kaggle/working/genimage_8000_split_v4/train/ai/midjourney_00014.png
wukong_00293.png,train,ai,wukong,/kaggle/working/genimage_8000_split_v4/train/ai/wukong_00293.png
vqdm_00189.png,train,ai,vqdm,/kaggle/working/genimage_8000_split_v4/train/ai/vqdm_00189.png
vqdm_00042.png,train,ai,vqdm,/kaggle/working/genimage_8000_split_v4/train/ai/vqdm_00042.png
biggan_00377.png,train,ai,biggan,/kaggle/working/genimage_8000_split_v4/train/ai/biggan_00377.png
biggan_00278.png,train,ai,biggan,/kaggle/working/genimage_8000_split_v4/train/ai/biggan_00278.png
wukong_00076.png,train,ai,wukong,/kaggle/working/genimage_8000_split_v4/train/ai/wukong_00076.png
vqdm_00035.png,train,ai,vqdm,/kaggle/working/genimage_8000_split_v4/train/ai/vqdm_00035.png
biggan_00222.png,train,ai,biggan,/kaggle/working/genimage_8000_split_v4/train/ai/biggan_00222.png
glide_00206.png,train,ai,glide,/kaggle/working/genimage_8000_split_v4/train/ai/glide_00206.png
vqdm_00222.png,train,ai,vqdm,/kaggle/working/genimage_8000_split_v4/train/ai/vqdm_00222.png
midjourney_00298.png,train,ai,midjourney,/kaggle/working/genimage_8000_split_v4/train/ai/midjourney_00298.png
midjourney_00168.png,train,ai,midjourney,/kaggle/working/genimage_8000_split_v4/train/ai/midjourney_00168.png
glide_00372.png,train,ai,glide,/kaggle/working/genimage_8000_split_v4/train/ai/glide_00372.png
sdv5_00037.png,train,ai,sdv5,/kaggle/working/genimage_8000_split_v4/train/ai/sdv5_00037.png
biggan_00000.png,train,ai,biggan,/kaggle/working/genimage_8000_split_v4/train/ai/biggan_00000.png
sdv5_00053.png,train,ai,sdv5,/kaggle/working/genimage_8000_split_v4/train/ai/sdv5_00053.png
adm_00210.png,train,ai,adm,/kaggle/working/genimage_8000_split_v4/train/ai/adm_00210.png
wukong_00345.png,train,ai,wukong,/kaggle/working/genimage_8000_split_v4/train/ai/wukong_00345.png
vqdm_00209.png,train,ai,vqdm,/kaggle/working/genimage_8000_split_v4/train/ai/vqdm_00209.png
adm_00198.png,train,ai,adm,/kaggle/working/genimage_8000_split_v4/train/ai/adm_00198.png
sdv5_00378.png,train,ai,sdv5,/kaggle/working/genimage_8000_split_v4/train/ai/sdv5_00378.png
vqdm_00322.png,train,ai,vqdm,/kaggle/working/genimage_8000_split_v4/train/ai/vqdm_00322.png
midjourney_00034.png,train,ai,midjourney,/kaggle/working/genimage_8000_split_v4/train/ai/midjourney_00034.png
biggan_00355.png,train,ai,biggan,/kaggle/working/genimage_8000_split_v4/train/ai/biggan_00355.png
glide_00167.png,train,ai,glide,/kaggle/working/genimage_8000_split_v4/train/ai/glide_00167.png
wukong_00033.png,train,ai,wukong,/kaggle/working/genimage_8000_split_v4/train/ai/wukong_00033.png
vqdm_00306.png,train,ai,vqdm,/kaggle/working/genimage_8000_split_v4/train/ai/vqdm_00306.png
glide_00011.png,train,ai,glide,/kaggle/working/genimage_8000_split_v4/train/ai/glide_00011.png
glide_00008.png,train,ai,glide,/kaggle/working/genimage_8000_split_v4/train/ai/glide_00008.png
adm_00188.png,train,ai,adm,/kaggle/working/genimage_8000_split_v4/train/ai/adm_00188.png
adm_00097.png,train,ai,adm,/kaggle/working/genimage_8000_split_v4/train/ai/adm_00097.png
biggan_00267.png,train,ai,biggan,/kaggle/working/genimage_8000_split_v4/train/ai/biggan_00267.png
midjourney_00360.png,train,ai,midjourney,/kaggle/working/genimage_8000_split_v4/train/ai/midjourney_00360.png
adm_00316.png,train,ai,adm,/kaggle/working/genimage_8000_split_v4/train/ai/adm_00316.png
adm_00119.png,train,ai,adm,/kaggle/working/genimage_8000_split_v4/train/ai/adm_00119.png
sdv5_00387.png,train,ai,sdv5,/kaggle/working/genimage_8000_split_v4/train/ai/sdv5_00387.png
adm_00044.png,train,ai,adm,/kaggle/working/genimage_8000_split_v4/train/ai/adm_00044.png
sdv5_00029.png,train,ai,sdv5,/kaggle/working/genimage_8000_split_v4/train/ai/sdv5_00029.png
wukong_00363.png,train,ai,wukong,/kaggle/working/genimage_8000_split_v4/train/ai/wukong_00363.png
sdv5_00092.png,train,ai,sdv5,/kaggle/working/genimage_8000_split_v4/train/ai/sdv5_00092.png
wukong_00306.png,train,ai,wukong,/kaggle/working/genimage_8000_split_v4/train/ai/wukong_00306.png
glide_00353.png,train,ai,glide,/kaggle/working/genimage_8000_split_v4/train/ai/glide_00353.png
biggan_00326.png,train,ai,biggan,/kaggle/working/genimage_8000_split_v4/train/ai/biggan_00326.png
wukong_00375.png,train,ai,wukong,/kaggle/working/genimage_8000_split_v4/train/ai/wukong_00375.png
sdv5_00081.png,train,ai,sdv5,/kaggle/working/genimage_8000_split_v4/train/ai/sdv5_00081.png
wukong_00218.png,train,ai,wukong,/kaggle/working/genimage_8000_split_v4/train/ai/wukong_00218.png
biggan_00314.png,train,ai,biggan,/kaggle/working/genimage_8000_split_v4/train/ai/biggan_00314.png
biggan_00396.png,train,ai,biggan,/kaggle/working/genimage_8000_split_v4/train/ai/biggan_00396.png
biggan_00392.png,train,ai,biggan,/kaggle/working/genimage_8000_split_v4/train/ai/biggan_00392.png
biggan_00376.png,train,ai,biggan,/kaggle/working/genimage_8000_split_v4/train/ai/biggan_00376.png
sdv5_00040.png,train,ai,sdv5,/kaggle/working/genimage_8000_split_v4/train/ai/sdv5_00040.png
sdv5_00317.png,train,ai,sdv5,/kaggle/working/genimage_8000_split_v4/train/ai/sdv5_00317.png
biggan_00268.png,train,ai,biggan,/kaggle/working/genimage_8000_split_v4/train/ai/biggan_00268.png
glide_00313.png,train,ai,glide,/kaggle/working/genimage_8000_split_v4/train/ai/glide_00313.png
sdv5_00248.png,train,ai,sdv5,/kaggle/working/genimage_8000_split_v4/train/ai/sdv5_00248.png
vqdm_00341.png,train,ai,vqdm,/kaggle/working/genimage_8000_split_v4/train/ai/vqdm_00341.png
biggan_00168.png,train,ai,biggan,/kaggle/working/genimage_8000_split_v4/train/ai/biggan_00168.png
vqdm_00230.png,train,ai,vqdm,/kaggle/working/genimage_8000_split_v4/train/ai/vqdm_00230.png
vqdm_00087.png,train,ai,vqdm,/kaggle/working/genimage_8000_split_v4/train/ai/vqdm_00087.png
adm_00042.png,train,ai,adm,/kaggle/working/genimage_8000_split_v4/train/ai/adm_00042.png
midjourney_00284.png,train,ai,midjourney,/kaggle/working/genimage_8000_split_v4/train/ai/midjourney_00284.png
midjourney_00153.png,train,ai,midjourney,/kaggle/working/genimage_8000_split_v4/train/ai/midjourney_00153.png
sdv5_00059.png,train,ai,sdv5,/kaggle/working/genimage_8000_split_v4/train/ai/sdv5_00059.png
wukong_00344.png,train,ai,wukong,/kaggle/working/genimage_8000_split_v4/train/ai/wukong_00344.png
midjourney_00244.png,train,ai,midjourney,/kaggle/working/genimage_8000_split_v4/train/ai/midjourney_00244.png
glide_00096.png,train,ai,glide,/kaggle/working/genimage_8000_split_v4/train/ai/glide_00096.png
wukong_00017.png,train,ai,wukong,/kaggle/working/genimage_8000_split_v4/train/ai/wukong_00017.png
wukong_00058.png,train,ai,wukong,/kaggle/working/genimage_8000_split_v4/train/ai/wukong_00058.png
adm_00086.png,train,ai,adm,/kaggle/working/genimage_8000_split_v4/train/ai/adm_00086.png
vqdm_00399.png,train,ai,vqdm,/kaggle/working/genimage_8000_split_v4/train/ai/vqdm_00399.png
vqdm_00251.png,train,ai,vqdm,/kaggle/working/genimage_8000_split_v4/train/ai/vqdm_00251.png
vqdm_00376.png,train,ai,vqdm,/kaggle/working/genimage_8000_split_v4/train/ai/vqdm_00376.png
sdv5_00203.png,train,ai,sdv5,/kaggle/working/genimage_8000_split_v4/train/ai/sdv5_00203.png
adm_00336.png,train,ai,adm,/kaggle/working/genimage_8000_split_v4/train/ai/adm_00336.png
wukong_00151.png,train,ai,wukong,/kaggle/working/genimage_8000_split_v4/train/ai/wukong_00151.png
wukong_00132.png,train,ai,wukong,/kaggle/working/genimage_8000_split_v4/train/ai/wukong_00132.png
glide_00254.png,train,ai,glide,/kaggle/working/genimage_8000_split_v4/train/ai/glide_00254.png
midjourney_00151.png,train,ai,midjourney,/kaggle/working/genimage_8000_split_v4/train/ai/midjourney_00151.png
vqdm_00218.png,train,ai,vqdm,/kaggle/working/genimage_8000_split_v4/train/ai/vqdm_00218.png
vqdm_00122.png,train,ai,vqdm,/kaggle/working/genimage_8000_split_v4/train/ai/vqdm_00122.png
midjourney_00049.png,train,ai,midjourney,/kaggle/working/genimage_8000_split_v4/train/ai/midjourney_00049.png
biggan_00332.png,train,ai,biggan,/kaggle/working/genimage_8000_split_v4/train/ai/biggan_00332.png
wukong_00292.png,train,ai,wukong,/kaggle/working/genimage_8000_split_v4/train/ai/wukong_00292.png
midjourney_00065.png,train,ai,midjourney,/kaggle/working/genimage_8000_split_v4/train/ai/midjourney_00065.png
wukong_00223.png,train,ai,wukong,/kaggle/working/genimage_8000_split_v4/train/ai/wukong_00223.png
biggan_00221.png,train,ai,biggan,/kaggle/working/genimage_8000_split_v4/train/ai/biggan_00221.png
midjourney_00006.png,train,ai,midjourney,/kaggle/working/genimage_8000_split_v4/train/ai/midjourney_00006.png
biggan_00121.png,train,ai,biggan,/kaggle/working/genimage_8000_split_v4/train/ai/biggan_00121.png
wukong_00079.png,train,ai,wukong,/kaggle/working/genimage_8000_split_v4/train/ai/wukong_00079.png
biggan_00271.png,train,ai,biggan,/kaggle/working/genimage_8000_split_v4/train/ai/biggan_00271.png
sdv5_00348.png,train,ai,sdv5,/kaggle/working/genimage_8000_split_v4/train/ai/sdv5_00348.png
sdv5_00153.png,train,ai,sdv5,/kaggle/working/genimage_8000_split_v4/train/ai/sdv5_00153.png
wukong_00215.png,train,ai,wukong,/kaggle/working/genimage_8000_split_v4/train/ai/wukong_00215.png
vqdm_00169.png,train,ai,vqdm,/kaggle/working/genimage_8000_split_v4/train/ai/vqdm_00169.png
midjourney_00267.png,train,ai,midjourney,/kaggle/working/genimage_8000_split_v4/train/ai/midjourney_00267.png
vqdm_00301.png,train,ai,vqdm,/kaggle/working/genimage_8000_split_v4/train/ai/vqdm_00301.png
wukong_00237.png,train,ai,wukong,/kaggle/working/genimage_8000_split_v4/train/ai/wukong_00237.png
sdv5_00085.png,train,ai,sdv5,/kaggle/working/genimage_8000_split_v4/train/ai/sdv5_00085.png
vqdm_00244.png,train,ai,vqdm,/kaggle/working/genimage_8000_split_v4/train/ai/vqdm_00244.png
biggan_00190.png,train,ai,biggan,/kaggle/working/genimage_8000_split_v4/train/ai/biggan_00190.png
biggan_00158.png,train,ai,biggan,/kaggle/working/genimage_8000_split_v4/train/ai/biggan_00158.png
sdv5_00065.png,train,ai,sdv5,/kaggle/working/genimage_8000_split_v4/train/ai/sdv5_00065.png
wukong_00168.png,train,ai,wukong,/kaggle/working/genimage_8000_split_v4/train/ai/wukong_00168.png
midjourney_00370.png,train,ai,midjourney,/kaggle/working/genimage_8000_split_v4/train/ai/midjourney_00370.png
wukong_00283.png,train,ai,wukong,/kaggle/working/genimage_8000_split_v4/train/ai/wukong_00283.png
sdv5_00148.png,train,ai,sdv5,/kaggle/working/genimage_8000_split_v4/train/ai/sdv5_00148.png
vqdm_00200.png,train,ai,vqdm,/kaggle/working/genimage_8000_split_v4/train/ai/vqdm_00200.png
wukong_00307.png,train,ai,wukong,/kaggle/working/genimage_8000_split_v4/train/ai/wukong_00307.png
biggan_00385.png,train,ai,biggan,/kaggle/working/genimage_8000_split_v4/train/ai/biggan_00385.png
adm_00185.png,train,ai,adm,/kaggle/working/genimage_8000_split_v4/train/ai/adm_00185.png
vqdm_00308.png,train,ai,vqdm,/kaggle/working/genimage_8000_split_v4/train/ai/vqdm_00308.png
sdv5_00107.png,train,ai,sdv5,/kaggle/working/genimage_8000_split_v4/train/ai/sdv5_00107.png
midjourney_00201.png,train,ai,midjourney,/kaggle/working/genimage_8000_split_v4/train/ai/midjourney_00201.png
glide_00116.png,train,ai,glide,/kaggle/working/genimage_8000_split_v4/train/ai/glide_00116.png
glide_00177.png,train,ai,glide,/kaggle/working/genimage_8000_split_v4/train/ai/glide_00177.png
wukong_00129.png,train,ai,wukong,/kaggle/working/genimage_8000_split_v4/train/ai/wukong_00129.png
adm_00104.png,train,ai,adm,/kaggle/working/genimage_8000_split_v4/train/ai/adm_00104.png
vqdm_00234.png,train,ai,vqdm,/kaggle/working/genimage_8000_split_v4/train/ai/vqdm_00234.png
glide_00220.png,train,ai,glide,/kaggle/working/genimage_8000_split_v4/train/ai/glide_00220.png
wukong_00364.png,train,ai,wukong,/kaggle/working/genimage_8000_split_v4/train/ai/wukong_00364.png
glide_00252.png,train,ai,glide,/kaggle/working/genimage_8000_split_v4/train/ai/glide_00252.png
biggan_00285.png,train,ai,biggan,/kaggle/working/genimage_8000_split_v4/train/ai/biggan_00285.png
midjourney_00102.png,train,ai,midjourney,/kaggle/working/genimage_8000_split_v4/train/ai/midjourney_00102.png
wukong_00139.png,train,ai,wukong,/kaggle/working/genimage_8000_split_v4/train/ai/wukong_00139.png
midjourney_00176.png,train,ai,midjourney,/kaggle/working/genimage_8000_split_v4/train/ai/midjourney_00176.png
wukong_00037.png,train,ai,wukong,/kaggle/working/genimage_8000_split_v4/train/ai/wukong_00037.png
glide_00327.png,train,ai,glide,/kaggle/working/genimage_8000_split_v4/train/ai/glide_00327.png
wukong_00308.png,train,ai,wukong,/kaggle/working/genimage_8000_split_v4/train/ai/wukong_00308.png
biggan_00032.png,train,ai,biggan,/kaggle/working/genimage_8000_split_v4/train/ai/biggan_00032.png
wukong_00011.png,train,ai,wukong,/kaggle/working/genimage_8000_split_v4/train/ai/wukong_00011.png
biggan_00176.png,train,ai,biggan,/kaggle/working/genimage_8000_split_v4/train/ai/biggan_00176.png
sdv5_00089.png,train,ai,sdv5,/kaggle/working/genimage_8000_split_v4/train/ai/sdv5_00089.png
midjourney_00247.png,train,ai,midjourney,/kaggle/working/genimage_8000_split_v4/train/ai/midjourney_00247.png
sdv5_00095.png,train,ai,sdv5,/kaggle/working/genimage_8000_split_v4/train/ai/sdv5_00095.png
adm_00295.png,train,ai,adm,/kaggle/working/genimage_8000_split_v4/train/ai/adm_00295.png
biggan_00053.png,train,ai,biggan,/kaggle/working/genimage_8000_split_v4/train/ai/biggan_00053.png
sdv5_00005.png,train,ai,sdv5,/kaggle/working/genimage_8000_split_v4/train/ai/sdv5_00005.png
adm_00057.png,train,ai,adm,/kaggle/working/genimage_8000_split_v4/train/ai/adm_00057.png
adm_00337.png,train,ai,adm,/kaggle/working/genimage_8000_split_v4/train/ai/adm_00337.png
biggan_00340.png,train,ai,biggan,/kaggle/working/genimage_8000_split_v4/train/ai/biggan_00340.png
wukong_00024.png,train,ai,wukong,/kaggle/working/genimage_8000_split_v4/train/ai/wukong_00024.png
glide_00056.png,train,ai,glide,/kaggle/working/genimage_8000_split_v4/train/ai/glide_00056.png
adm_00217.png,train,ai,adm,/kaggle/working/genimage_8000_split_v4/train/ai/adm_00217.png
adm_00004.png,train,ai,adm,/kaggle/working/genimage_8000_split_v4/train/ai/adm_00004.png
midjourney_00307.png,train,ai,midjourney,/kaggle/working/genimage_8000_split_v4/train/ai/midjourney_00307.png
midjourney_00081.png,train,ai,midjourney,/kaggle/working/genimage_8000_split_v4/train/ai/midjourney_00081.png
midjourney_00097.png,train,ai,midjourney,/kaggle/working/genimage_8000_split_v4/train/ai/midjourney_00097.png
biggan_00266.png,train,ai,biggan,/kaggle/working/genimage_8000_split_v4/train/ai/biggan_00266.png
vqdm_00265.png,train,ai,vqdm,/kaggle/working/genimage_8000_split_v4/train/ai/vqdm_00265.png
wukong_00383.png,train,ai,wukong,/kaggle/working/genimage_8000_split_v4/train/ai/wukong_00383.png
wukong_00251.png,train,ai,wukong,/kaggle/working/genimage_8000_split_v4/train/ai/wukong_00251.png
midjourney_00210.png,train,ai,midjourney,/kaggle/working/genimage_8000_split_v4/train/ai/midjourney_00210.png
sdv5_00206.png,train,ai,sdv5,/kaggle/working/genimage_8000_split_v4/train/ai/sdv5_00206.png
sdv5_00209.png,train,ai,sdv5,/kaggle/working/genimage_8000_split_v4/train/ai/sdv5_00209.png
midjourney_00241.png,train,ai,midjourney,/kaggle/working/genimage_8000_split_v4/train/ai/midjourney_00241.png
biggan_00223.png,train,ai,biggan,/kaggle/working/genimage_8000_split_v4/train/ai/biggan_00223.png
sdv5_00349.png,train,ai,sdv5,/kaggle/working/genimage_8000_split_v4/train/ai/sdv5_00349.png
glide_00271.png,train,ai,glide,/kaggle/working/genimage_8000_split_v4/train/ai/glide_00271.png
biggan_00319.png,train,ai,biggan,/kaggle/working/genimage_8000_split_v4/train/ai/biggan_00319.png
sdv5_00083.png,train,ai,sdv5,/kaggle/working/genimage_8000_split_v4/train/ai/sdv5_00083.png
adm_00388.png,train,ai,adm,/kaggle/working/genimage_8000_split_v4/train/ai/adm_00388.png
glide_00042.png,train,ai,glide,/kaggle/working/genimage_8000_split_v4/train/ai/glide_00042.png
sdv5_00313.png,train,ai,sdv5,/kaggle/working/genimage_8000_split_v4/train/ai/sdv5_00313.png
sdv5_00207.png,train,ai,sdv5,/kaggle/working/genimage_8000_split_v4/train/ai/sdv5_00207.png
vqdm_00118.png,train,ai,vqdm,/kaggle/working/genimage_8000_split_v4/train/ai/vqdm_00118.png
glide_00029.png,train,ai,glide,/kaggle/working/genimage_8000_split_v4/train/ai/glide_00029.png
vqdm_00022.png,train,ai,vqdm,/kaggle/working/genimage_8000_split_v4/train/ai/vqdm_00022.png
biggan_00180.png,train,ai,biggan,/kaggle/working/genimage_8000_split_v4/train/ai/biggan_00180.png
sdv5_00192.png,train,ai,sdv5,/kaggle/working/genimage_8000_split_v4/train/ai/sdv5_00192.png
adm_00261.png,train,ai,adm,/kaggle/working/genimage_8000_split_v4/train/ai/adm_00261.png
vqdm_00293.png,train,ai,vqdm,/kaggle/working/genimage_8000_split_v4/train/ai/vqdm_00293.png
adm_00199.png,train,ai,adm,/kaggle/working/genimage_8000_split_v4/train/ai/adm_00199.png
glide_00187.png,train,ai,glide,/kaggle/working/genimage_8000_split_v4/train/ai/glide_00187.png
adm_00007.png,train,ai,adm,/kaggle/working/genimage_8000_split_v4/train/ai/adm_00007.png
vqdm_00082.png,train,ai,vqdm,/kaggle/working/genimage_8000_split_v4/train/ai/vqdm_00082.png
glide_00312.png,train,ai,glide,/kaggle/working/genimage_8000_split_v4/train/ai/glide_00312.png
biggan_00116.png,train,ai,biggan,/kaggle/working/genimage_8000_split_v4/train/ai/biggan_00116.png
wukong_00149.png,train,ai,wukong,/kaggle/working/genimage_8000_split_v4/train/ai/wukong_00149.png
glide_00052.png,train,ai,glide,/kaggle/working/genimage_8000_split_v4/train/ai/glide_00052.png
wukong_00374.png,train,ai,wukong,/kaggle/working/genimage_8000_split_v4/train/ai/wukong_00374.png
wukong_00395.png,train,ai,wukong,/kaggle/working/genimage_8000_split_v4/train/ai/wukong_00395.png
sdv5_00250.png,train,ai,sdv5,/kaggle/working/genimage_8000_split_v4/train/ai/sdv5_00250.png
adm_00066.png,train,ai,adm,/kaggle/working/genimage_8000_split_v4/train/ai/adm_00066.png
biggan_00109.png,train,ai,biggan,/kaggle/working/genimage_8000_split_v4/train/ai/biggan_00109.png
glide_00354.png,train,ai,glide,/kaggle/working/genimage_8000_split_v4/train/ai/glide_00354.png
midjourney_00246.png,train,ai,midjourney,/kaggle/working/genimage_8000_split_v4/train/ai/midjourney_00246.png
adm_00229.png,train,ai,adm,/kaggle/working/genimage_8000_split_v4/train/ai/adm_00229.png
vqdm_00388.png,train,ai,vqdm,/kaggle/working/genimage_8000_split_v4/train/ai/vqdm_00388.png
sdv5_00189.png,train,ai,sdv5,/kaggle/working/genimage_8000_split_v4/train/ai/sdv5_00189.png
adm_00102.png,train,ai,adm,/kaggle/working/genimage_8000_split_v4/train/ai/adm_00102.png
adm_00184.png,train,ai,adm,/kaggle/working/genimage_8000_split_v4/train/ai/adm_00184.png
sdv5_00026.png,train,ai,sdv5,/kaggle/working/genimage_8000_split_v4/train/ai/sdv5_00026.png
adm_00143.png,train,ai,adm,/kaggle/working/genimage_8000_split_v4/train/ai/adm_00143.png
wukong_00004.png,train,ai,wukong,/kaggle/working/genimage_8000_split_v4/train/ai/wukong_00004.png
glide_00210.png,train,ai,glide,/kaggle/working/genimage_8000_split_v4/train/ai/glide_00210.png
wukong_00204.png,train,ai,wukong,/kaggle/working/genimage_8000_split_v4/train/ai/wukong_00204.png
midjourney_00283.png,train,ai,midjourney,/kaggle/working/genimage_8000_split_v4/train/ai/midjourney_00283.png
wukong_00034.png,train,ai,wukong,/kaggle/working/genimage_8000_split_v4/train/ai/wukong_00034.png
vqdm_00255.png,train,ai,vqdm,/kaggle/working/genimage_8000_split_v4/train/ai/vqdm_00255.png
sdv5_00254.png,train,ai,sdv5,/kaggle/working/genimage_8000_split_v4/train/ai/sdv5_00254.png
adm_00073.png,train,ai,adm,/kaggle/working/genimage_8000_split_v4/train/ai/adm_00073.png
glide_00137.png,train,ai,glide,/kaggle/working/genimage_8000_split_v4/train/ai/glide_00137.png
sdv5_00056.png,train,ai,sdv5,/kaggle/working/genimage_8000_split_v4/train/ai/sdv5_00056.png
biggan_00104.png,train,ai,biggan,/kaggle/working/genimage_8000_split_v4/train/ai/biggan_00104.png
glide_00182.png,train,ai,glide,/kaggle/working/genimage_8000_split_v4/train/ai/glide_00182.png
adm_00334.png,train,ai,adm,/kaggle/working/genimage_8000_split_v4/train/ai/adm_00334.png
biggan_00243.png,train,ai,biggan,/kaggle/working/genimage_8000_split_v4/train/ai/biggan_00243.png
sdv5_00344.png,train,ai,sdv5,/kaggle/working/genimage_8000_split_v4/train/ai/sdv5_00344.png
glide_00166.png,train,ai,glide,/kaggle/working/genimage_8000_split_v4/train/ai/glide_00166.png
sdv5_00350.png,train,ai,sdv5,/kaggle/working/genimage_8000_split_v4/train/ai/sdv5_00350.png
adm_00221.png,train,ai,adm,/kaggle/working/genimage_8000_split_v4/train/ai/adm_00221.png
wukong_00252.png,train,ai,wukong,/kaggle/working/genimage_8000_split_v4/train/ai/wukong_00252.png
adm_00193.png,train,ai,adm,/kaggle/working/genimage_8000_split_v4/train/ai/adm_00193.png
vqdm_00194.png,train,ai,vqdm,/kaggle/working/genimage_8000_split_v4/train/ai/vqdm_00194.png
adm_00050.png,train,ai,adm,/kaggle/working/genimage_8000_split_v4/train/ai/adm_00050.png
vqdm_00278.png,train,ai,vqdm,/kaggle/working/genimage_8000_split_v4/train/ai/vqdm_00278.png
adm_00220.png,train,ai,adm,/kaggle/working/genimage_8000_split_v4/train/ai/adm_00220.png
biggan_00004.png,train,ai,biggan,/kaggle/working/genimage_8000_split_v4/train/ai/biggan_00004.png
midjourney_00063.png,train,ai,midjourney,/kaggle/working/genimage_8000_split_v4/train/ai/midjourney_00063.png
glide_00007.png,train,ai,glide,/kaggle/working/genimage_8000_split_v4/train/ai/glide_00007.png
glide_00248.png,train,ai,glide,/kaggle/working/genimage_8000_split_v4/train/ai/glide_00248.png
adm_00338.png,train,ai,adm,/kaggle/working/genimage_8000_split_v4/train/ai/adm_00338.png
adm_00244.png,train,ai,adm,/kaggle/working/genimage_8000_split_v4/train/ai/adm_00244.png
vqdm_00326.png,train,ai,vqdm,/kaggle/working/genimage_8000_split_v4/train/ai/vqdm_00326.png
glide_00143.png,train,ai,glide,/kaggle/working/genimage_8000_split_v4/train/ai/glide_00143.png
vqdm_00059.png,train,ai,vqdm,/kaggle/working/genimage_8000_split_v4/train/ai/vqdm_00059.png
wukong_00206.png,train,ai,wukong,/kaggle/working/genimage_8000_split_v4/train/ai/wukong_00206.png
sdv5_00134.png,train,ai,sdv5,/kaggle/working/genimage_8000_split_v4/train/ai/sdv5_00134.png
adm_00202.png,train,ai,adm,/kaggle/working/genimage_8000_split_v4/train/ai/adm_00202.png
adm_00367.png,train,ai,adm,/kaggle/working/genimage_8000_split_v4/train/ai/adm_00367.png
vqdm_00247.png,train,ai,vqdm,/kaggle/working/genimage_8000_split_v4/train/ai/vqdm_00247.png
sdv5_00276.png,train,ai,sdv5,/kaggle/working/genimage_8000_split_v4/train/ai/sdv5_00276.png
midjourney_00051.png,train,ai,midjourney,/kaggle/working/genimage_8000_split_v4/train/ai/midjourney_00051.png
biggan_00312.png,train,ai,biggan,/kaggle/working/genimage_8000_split_v4/train/ai/biggan_00312.png
wukong_00230.png,train,ai,wukong,/kaggle/working/genimage_8000_split_v4/train/ai/wukong_00230.png
glide_00192.png,train,ai,glide,/kaggle/working/genimage_8000_split_v4/train/ai/glide_00192.png
adm_00040.png,train,ai,adm,/kaggle/working/genimage_8000_split_v4/train/ai/adm_00040.png
midjourney_00170.png,train,ai,midjourney,/kaggle/working/genimage_8000_split_v4/train/ai/midjourney_00170.png
glide_00222.png,train,ai,glide,/kaggle/working/genimage_8000_split_v4/train/ai/glide_00222.png
biggan_00248.png,train,ai,biggan,/kaggle/working/genimage_8000_split_v4/train/ai/biggan_00248.png
adm_00364.png,train,ai,adm,/kaggle/working/genimage_8000_split_v4/train/ai/adm_00364.png
vqdm_00324.png,train,ai,vqdm,/kaggle/working/genimage_8000_split_v4/train/ai/vqdm_00324.png
wukong_00238.png,train,ai,wukong,/kaggle/working/genimage_8000_split_v4/train/ai/wukong_00238.png
sdv5_00270.png,train,ai,sdv5,/kaggle/working/genimage_8000_split_v4/train/ai/sdv5_00270.png
midjourney_00107.png,train,ai,midjourney,/kaggle/working/genimage_8000_split_v4/train/ai/midjourney_00107.png
biggan_00313.png,train,ai,biggan,/kaggle/working/genimage_8000_split_v4/train/ai/biggan_00313.png
vqdm_00046.png,train,ai,vqdm,/kaggle/working/genimage_8000_split_v4/train/ai/vqdm_00046.png
glide_00322.png,train,ai,glide,/kaggle/working/genimage_8000_split_v4/train/ai/glide_00322.png
biggan_00262.png,train,ai,biggan,/kaggle/working/genimage_8000_split_v4/train/ai/biggan_00262.png
glide_00335.png,train,ai,glide,/kaggle/working/genimage_8000_split_v4/train/ai/glide_00335.png
adm_00256.png,train,ai,adm,/kaggle/working/genimage_8000_split_v4/train/ai/adm_00256.png
glide_00071.png,train,ai,glide,/kaggle/working/genimage_8000_split_v4/train/ai/glide_00071.png
midjourney_00339.png,train,ai,midjourney,/kaggle/working/genimage_8000_split_v4/train/ai/midjourney_00339.png
wukong_00330.png,train,ai,wukong,/kaggle/working/genimage_8000_split_v4/train/ai/wukong_00330.png
wukong_00272.png,train,ai,wukong,/kaggle/working/genimage_8000_split_v4/train/ai/wukong_00272.png
wukong_00235.png,train,ai,wukong,/kaggle/working/genimage_8000_split_v4/train/ai/wukong_00235.png
biggan_00357.png,train,ai,biggan,/kaggle/working/genimage_8000_split_v4/train/ai/biggan_00357.png
midjourney_00040.png,train,ai,midjourney,/kaggle/working/genimage_8000_split_v4/train/ai/midjourney_00040.png
midjourney_00348.png,train,ai,midjourney,/kaggle/working/genimage_8000_split_v4/train/ai/midjourney_00348.png
vqdm_00366.png,train,ai,vqdm,/kaggle/working/genimage_8000_split_v4/train/ai/vqdm_00366.png
adm_00120.png,train,ai,adm,/kaggle/working/genimage_8000_split_v4/train/ai/adm_00120.png
biggan_00327.png,train,ai,biggan,/kaggle/working/genimage_8000_split_v4/train/ai/biggan_00327.png
adm_00123.png,train,ai,adm,/kaggle/working/genimage_8000_split_v4/train/ai/adm_00123.png
biggan_00056.png,train,ai,biggan,/kaggle/working/genimage_8000_split_v4/train/ai/biggan_00056.png
glide_00120.png,train,ai,glide,/kaggle/working/genimage_8000_split_v4/train/ai/glide_00120.png
adm_00265.png,train,ai,adm,/kaggle/working/genimage_8000_split_v4/train/ai/adm_00265.png
glide_00174.png,train,ai,glide,/kaggle/working/genimage_8000_split_v4/train/ai/glide_00174.png
glide_00229.png,train,ai,glide,/kaggle/working/genimage_8000_split_v4/train/ai/glide_00229.png
adm_00272.png,train,ai,adm,/kaggle/working/genimage_8000_split_v4/train/ai/adm_00272.png
wukong_00265.png,train,ai,wukong,/kaggle/working/genimage_8000_split_v4/train/ai/wukong_00265.png
biggan_00085.png,train,ai,biggan,/kaggle/working/genimage_8000_split_v4/train/ai/biggan_00085.png
glide_00085.png,train,ai,glide,/kaggle/working/genimage_8000_split_v4/train/ai/glide_00085.png
wukong_00030.png,train,ai,wukong,/kaggle/working/genimage_8000_split_v4/train/ai/wukong_00030.png
biggan_00095.png,train,ai,biggan,/kaggle/working/genimage_8000_split_v4/train/ai/biggan_00095.png
sdv5_00142.png,train,ai,sdv5,/kaggle/working/genimage_8000_split_v4/train/ai/sdv5_00142.png
midjourney_00372.png,train,ai,midjourney,/kaggle/working/genimage_8000_split_v4/train/ai/midjourney_00372.png
wukong_00144.png,train,ai,wukong,/kaggle/working/genimage_8000_split_v4/train/ai/wukong_00144.png
glide_00127.png,train,ai,glide,/kaggle/working/genimage_8000_split_v4/train/ai/glide_00127.png
sdv5_00239.png,train,ai,sdv5,/kaggle/working/genimage_8000_split_v4/train/ai/sdv5_00239.png
midjourney_00126.png,train,ai,midjourney,/kaggle/working/genimage_8000_split_v4/train/ai/midjourney_00126.png
adm_00360.png,train,ai,adm,/kaggle/working/genimage_8000_split_v4/train/ai/adm_00360.png
wukong_00178.png,train,ai,wukong,/kaggle/working/genimage_8000_split_v4/train/ai/wukong_00178.png
adm_00045.png,train,ai,adm,/kaggle/working/genimage_8000_split_v4/train/ai/adm_00045.png
wukong_00280.png,train,ai,wukong,/kaggle/working/genimage_8000_split_v4/train/ai/wukong_00280.png
midjourney_00242.png,train,ai,midjourney,/kaggle/working/genimage_8000_split_v4/train/ai/midjourney_00242.png
sdv5_00267.png,train,ai,sdv5,/kaggle/working/genimage_8000_split_v4/train/ai/sdv5_00267.png
vqdm_00069.png,train,ai,vqdm,/kaggle/working/genimage_8000_split_v4/train/ai/vqdm_00069.png
biggan_00379.png,train,ai,biggan,/kaggle/working/genimage_8000_split_v4/train/ai/biggan_00379.png
glide_00264.png,train,ai,glide,/kaggle/working/genimage_8000_split_v4/train/ai/glide_00264.png
biggan_00261.png,train,ai,biggan,/kaggle/working/genimage_8000_split_v4/train/ai/biggan_00261.png
sdv5_00133.png,train,ai,sdv5,/kaggle/working/genimage_8000_split_v4/train/ai/sdv5_00133.png
vqdm_00241.png,train,ai,vqdm,/kaggle/working/genimage_8000_split_v4/train/ai/vqdm_00241.png
vqdm_00216.png,train,ai,vqdm,/kaggle/working/genimage_8000_split_v4/train/ai/vqdm_00216.png
vqdm_00296.png,train,ai,vqdm,/kaggle/working/genimage_8000_split_v4/train/ai/vqdm_00296.png
glide_00098.png,train,ai,glide,/kaggle/working/genimage_8000_split_v4/train/ai/glide_00098.png
biggan_00383.png,train,ai,biggan,/kaggle/working/genimage_8000_split_v4/train/ai/biggan_00383.png
wukong_00106.png,train,ai,wukong,/kaggle/working/genimage_8000_split_v4/train/ai/wukong_00106.png
sdv5_00013.png,train,ai,sdv5,/kaggle/working/genimage_8000_split_v4/train/ai/sdv5_00013.png
adm_00058.png,train,ai,adm,/kaggle/working/genimage_8000_split_v4/train/ai/adm_00058.png
vqdm_00370.png,train,ai,vqdm,/kaggle/working/genimage_8000_split_v4/train/ai/vqdm_00370.png
glide_00146.png,train,ai,glide,/kaggle/working/genimage_8000_split_v4/train/ai/glide_00146.png
biggan_00148.png,train,ai,biggan,/kaggle/working/genimage_8000_split_v4/train/ai/biggan_00148.png
wukong_00394.png,train,ai,wukong,/kaggle/working/genimage_8000_split_v4/train/ai/wukong_00394.png
vqdm_00395.png,train,ai,vqdm,/kaggle/working/genimage_8000_split_v4/train/ai/vqdm_00395.png
wukong_00266.png,train,ai,wukong,/kaggle/working/genimage_8000_split_v4/train/ai/wukong_00266.png
biggan_00170.png,train,ai,biggan,/kaggle/working/genimage_8000_split_v4/train/ai/biggan_00170.png
vqdm_00353.png,train,ai,vqdm,/kaggle/working/genimage_8000_split_v4/train/ai/vqdm_00353.png
glide_00332.png,train,ai,glide,/kaggle/working/genimage_8000_split_v4/train/ai/glide_00332.png
midjourney_00391.png,train,ai,midjourney,/kaggle/working/genimage_8000_split_v4/train/ai/midjourney_00391.png
biggan_00037.png,train,ai,biggan,/kaggle/working/genimage_8000_split_v4/train/ai/biggan_00037.png
vqdm_00039.png,train,ai,vqdm,/kaggle/working/genimage_8000_split_v4/train/ai/vqdm_00039.png
sdv5_00034.png,train,ai,sdv5,/kaggle/working/genimage_8000_split_v4/train/ai/sdv5_00034.png
vqdm_00258.png,train,ai,vqdm,/kaggle/working/genimage_8000_split_v4/train/ai/vqdm_00258.png
adm_00283.png,train,ai,adm,/kaggle/working/genimage_8000_split_v4/train/ai/adm_00283.png
glide_00047.png,train,ai,glide,/kaggle/working/genimage_8000_split_v4/train/ai/glide_00047.png
biggan_00063.png,train,ai,biggan,/kaggle/working/genimage_8000_split_v4/train/ai/biggan_00063.png
glide_00045.png,train,ai,glide,/kaggle/working/genimage_8000_split_v4/train/ai/glide_00045.png
midjourney_00149.png,train,ai,midjourney,/kaggle/working/genimage_8000_split_v4/train/ai/midjourney_00149.png
biggan_00174.png,train,ai,biggan,/kaggle/working/genimage_8000_split_v4/train/ai/biggan_00174.png
sdv5_00382.png,train,ai,sdv5,/kaggle/working/genimage_8000_split_v4/train/ai/sdv5_00382.png
biggan_00244.png,train,ai,biggan,/kaggle/working/genimage_8000_split_v4/train/ai/biggan_00244.png
biggan_00265.png,train,ai,biggan,/kaggle/working/genimage_8000_split_v4/train/ai/biggan_00265.png
adm_00259.png,train,ai,adm,/kaggle/working/genimage_8000_split_v4/train/ai/adm_00259.png
wukong_00027.png,train,ai,wukong,/kaggle/working/genimage_8000_split_v4/train/ai/wukong_00027.png
biggan_00349.png,train,ai,biggan,/kaggle/working/genimage_8000_split_v4/train/ai/biggan_00349.png
vqdm_00106.png,train,ai,vqdm,/kaggle/working/genimage_8000_split_v4/train/ai/vqdm_00106.png
biggan_00218.png,train,ai,biggan,/kaggle/working/genimage_8000_split_v4/train/ai/biggan_00218.png
vqdm_00165.png,train,ai,vqdm,/kaggle/working/genimage_8000_split_v4/train/ai/vqdm_00165.png
vqdm_00027.png,train,ai,vqdm,/kaggle/working/genimage_8000_split_v4/train/ai/vqdm_00027.png
glide_00024.png,train,ai,glide,/kaggle/working/genimage_8000_split_v4/train/ai/glide_00024.png
vqdm_00385.png,train,ai,vqdm,/kaggle/working/genimage_8000_split_v4/train/ai/vqdm_00385.png
wukong_00085.png,train,ai,wukong,/kaggle/working/genimage_8000_split_v4/train/ai/wukong_00085.png
sdv5_00187.png,train,ai,sdv5,/kaggle/working/genimage_8000_split_v4/train/ai/sdv5_00187.png
vqdm_00173.png,train,ai,vqdm,/kaggle/working/genimage_8000_split_v4/train/ai/vqdm_00173.png
biggan_00183.png,train,ai,biggan,/kaggle/working/genimage_8000_split_v4/train/ai/biggan_00183.png
glide_00043.png,train,ai,glide,/kaggle/working/genimage_8000_split_v4/train/ai/glide_00043.png
vqdm_00239.png,train,ai,vqdm,/kaggle/working/genimage_8000_split_v4/train/ai/vqdm_00239.png
wukong_00220.png,train,ai,wukong,/kaggle/working/genimage_8000_split_v4/train/ai/wukong_00220.png
sdv5_00312.png,train,ai,sdv5,/kaggle/working/genimage_8000_split_v4/train/ai/sdv5_00312.png
adm_00179.png,train,ai,adm,/kaggle/working/genimage_8000_split_v4/train/ai/adm_00179.png
wukong_00174.png,train,ai,wukong,/kaggle/working/genimage_8000_split_v4/train/ai/wukong_00174.png
vqdm_00055.png,train,ai,vqdm,/kaggle/working/genimage_8000_split_v4/train/ai/vqdm_00055.png
biggan_00132.png,train,ai,biggan,/kaggle/working/genimage_8000_split_v4/train/ai/biggan_00132.png
biggan_00311.png,train,ai,biggan,/kaggle/working/genimage_8000_split_v4/train/ai/biggan_00311.png
vqdm_00204.png,train,ai,vqdm,/kaggle/working/genimage_8000_split_v4/train/ai/vqdm_00204.png
midjourney_00057.png,train,ai,midjourney,/kaggle/working/genimage_8000_split_v4/train/ai/midjourney_00057.png
adm_00228.png,train,ai,adm,/kaggle/working/genimage_8000_split_v4/train/ai/adm_00228.png
midjourney_00278.png,train,ai,midjourney,/kaggle/working/genimage_8000_split_v4/train/ai/midjourney_00278.png
glide_00196.png,train,ai,glide,/kaggle/working/genimage_8000_split_v4/train/ai/glide_00196.png
wukong_00224.png,train,ai,wukong,/kaggle/working/genimage_8000_split_v4/train/ai/wukong_00224.png
biggan_00149.png,train,ai,biggan,/kaggle/working/genimage_8000_split_v4/train/ai/biggan_00149.png
wukong_00062.png,train,ai,wukong,/kaggle/working/genimage_8000_split_v4/train/ai/wukong_00062.png
sdv5_00258.png,train,ai,sdv5,/kaggle/working/genimage_8000_split_v4/train/ai/sdv5_00258.png
adm_00317.png,train,ai,adm,/kaggle/working/genimage_8000_split_v4/train/ai/adm_00317.png
sdv5_00301.png,train,ai,sdv5,/kaggle/working/genimage_8000_split_v4/train/ai/sdv5_00301.png
biggan_00378.png,train,ai,biggan,/kaggle/working/genimage_8000_split_v4/train/ai/biggan_00378.png
midjourney_00171.png,train,ai,midjourney,/kaggle/working/genimage_8000_split_v4/train/ai/midjourney_00171.png
biggan_00239.png,train,ai,biggan,/kaggle/working/genimage_8000_split_v4/train/ai/biggan_00239.png
wukong_00236.png,train,ai,wukong,/kaggle/working/genimage_8000_split_v4/train/ai/wukong_00236.png
midjourney_00119.png,train,ai,midjourney,/kaggle/working/genimage_8000_split_v4/train/ai/midjourney_00119.png
glide_00253.png,train,ai,glide,/kaggle/working/genimage_8000_split_v4/train/ai/glide_00253.png
wukong_00342.png,train,ai,wukong,/kaggle/working/genimage_8000_split_v4/train/ai/wukong_00342.png
sdv5_00007.png,train,ai,sdv5,/kaggle/working/genimage_8000_split_v4/train/ai/sdv5_00007.png
biggan_00043.png,train,ai,biggan,/kaggle/working/genimage_8000_split_v4/train/ai/biggan_00043.png
adm_00083.png,train,ai,adm,/kaggle/working/genimage_8000_split_v4/train/ai/adm_00083.png
midjourney_00226.png,train,ai,midjourney,/kaggle/working/genimage_8000_split_v4/train/ai/midjourney_00226.png
adm_00052.png,train,ai,adm,/kaggle/working/genimage_8000_split_v4/train/ai/adm_00052.png
wukong_00304.png,train,ai,wukong,/kaggle/working/genimage_8000_split_v4/train/ai/wukong_00304.png
wukong_00032.png,train,ai,wukong,/kaggle/working/genimage_8000_split_v4/train/ai/wukong_00032.png
sdv5_00353.png,train,ai,sdv5,/kaggle/working/genimage_8000_split_v4/train/ai/sdv5_00353.png
sdv5_00096.png,train,ai,sdv5,/kaggle/working/genimage_8000_split_v4/train/ai/sdv5_00096.png
adm_00349.png,train,ai,adm,/kaggle/working/genimage_8000_split_v4/train/ai/adm_00349.png
glide_00330.png,train,ai,glide,/kaggle/working/genimage_8000_split_v4/train/ai/glide_00330.png
vqdm_00327.png,train,ai,vqdm,/kaggle/working/genimage_8000_split_v4/train/ai/vqdm_00327.png
midjourney_00047.png,train,ai,midjourney,/kaggle/working/genimage_8000_split_v4/train/ai/midjourney_00047.png
glide_00373.png,train,ai,glide,/kaggle/working/genimage_8000_split_v4/train/ai/glide_00373.png
biggan_00287.png,train,ai,biggan,/kaggle/working/genimage_8000_split_v4/train/ai/biggan_00287.png
midjourney_00381.png,train,ai,midjourney,/kaggle/working/genimage_8000_split_v4/train/ai/midjourney_00381.png
wukong_00103.png,train,ai,wukong,/kaggle/working/genimage_8000_split_v4/train/ai/wukong_00103.png
wukong_00346.png,train,ai,wukong,/kaggle/working/genimage_8000_split_v4/train/ai/wukong_00346.png
biggan_00301.png,train,ai,biggan,/kaggle/working/genimage_8000_split_v4/train/ai/biggan_00301.png
vqdm_00333.png,train,ai,vqdm,/kaggle/working/genimage_8000_split_v4/train/ai/vqdm_00333.png
wukong_00254.png,train,ai,wukong,/kaggle/working/genimage_8000_split_v4/train/ai/wukong_00254.png
biggan_00372.png,train,ai,biggan,/kaggle/working/genimage_8000_split_v4/train/ai/biggan_00372.png
sdv5_00170.png,train,ai,sdv5,/kaggle/working/genimage_8000_split_v4/train/ai/sdv5_00170.png
glide_00180.png,train,ai,glide,/kaggle/working/genimage_8000_split_v4/train/ai/glide_00180.png
midjourney_00072.png,train,ai,midjourney,/kaggle/working/genimage_8000_split_v4/train/ai/midjourney_00072.png
biggan_00302.png,train,ai,biggan,/kaggle/working/genimage_8000_split_v4/train/ai/biggan_00302.png
wukong_00010.png,train,ai,wukong,/kaggle/working/genimage_8000_split_v4/train/ai/wukong_00010.png
adm_00183.png,train,ai,adm,/kaggle/working/genimage_8000_split_v4/train/ai/adm_00183.png
adm_00314.png,train,ai,adm,/kaggle/working/genimage_8000_split_v4/train/ai/adm_00314.png
sdv5_00021.png,train,ai,sdv5,/kaggle/working/genimage_8000_split_v4/train/ai/sdv5_00021.png
adm_00110.png,train,ai,adm,/kaggle/working/genimage_8000_split_v4/train/ai/adm_00110.png
glide_00241.png,train,ai,glide,/kaggle/working/genimage_8000_split_v4/train/ai/glide_00241.png
glide_00251.png,train,ai,glide,/kaggle/working/genimage_8000_split_v4/train/ai/glide_00251.png
glide_00257.png,train,ai,glide,/kaggle/working/genimage_8000_split_v4/train/ai/glide_00257.png
glide_00245.png,train,ai,glide,/kaggle/working/genimage_8000_split_v4/train/ai/glide_00245.png
wukong_00126.png,train,ai,wukong,/kaggle/working/genimage_8000_split_v4/train/ai/wukong_00126.png
adm_00299.png,train,ai,adm,/kaggle/working/genimage_8000_split_v4/train/ai/adm_00299.png
biggan_00292.png,train,ai,biggan,/kaggle/working/genimage_8000_split_v4/train/ai/biggan_00292.png
midjourney_00179.png,train,ai,midjourney,/kaggle/working/genimage_8000_split_v4/train/ai/midjourney_00179.png
vqdm_00179.png,train,ai,vqdm,/kaggle/working/genimage_8000_split_v4/train/ai/vqdm_00179.png
biggan_00009.png,train,ai,biggan,/kaggle/working/genimage_8000_split_v4/train/ai/biggan_00009.png
midjourney_00198.png,train,ai,midjourney,/kaggle/working/genimage_8000_split_v4/train/ai/midjourney_00198.png
midjourney_00341.png,train,ai,midjourney,/kaggle/working/genimage_8000_split_v4/train/ai/midjourney_00341.png
adm_00254.png,train,ai,adm,/kaggle/working/genimage_8000_split_v4/train/ai/adm_00254.png
sdv5_00131.png,train,ai,sdv5,/kaggle/working/genimage_8000_split_v4/train/ai/sdv5_00131.png
biggan_00115.png,train,ai,biggan,/kaggle/working/genimage_8000_split_v4/train/ai/biggan_00115.png
wukong_00043.png,train,ai,wukong,/kaggle/working/genimage_8000_split_v4/train/ai/wukong_00043.png
wukong_00397.png,train,ai,wukong,/kaggle/working/genimage_8000_split_v4/train/ai/wukong_00397.png
sdv5_00346.png,train,ai,sdv5,/kaggle/working/genimage_8000_split_v4/train/ai/sdv5_00346.png
vqdm_00034.png,train,ai,vqdm,/kaggle/working/genimage_8000_split_v4/train/ai/vqdm_00034.png
wukong_00090.png,train,ai,wukong,/kaggle/working/genimage_8000_split_v4/train/ai/wukong_00090.png
biggan_00317.png,train,ai,biggan,/kaggle/working/genimage_8000_split_v4/train/ai/biggan_00317.png
midjourney_00212.png,train,ai,midjourney,/kaggle/working/genimage_8000_split_v4/train/ai/midjourney_00212.png
wukong_00310.png,train,ai,wukong,/kaggle/working/genimage_8000_split_v4/train/ai/wukong_00310.png
sdv5_00335.png,train,ai,sdv5,/kaggle/working/genimage_8000_split_v4/train/ai/sdv5_00335.png
wukong_00382.png,train,ai,wukong,/kaggle/working/genimage_8000_split_v4/train/ai/wukong_00382.png
biggan_00023.png,train,ai,biggan,/kaggle/working/genimage_8000_split_v4/train/ai/biggan_00023.png
glide_00172.png,train,ai,glide,/kaggle/working/genimage_8000_split_v4/train/ai/glide_00172.png
adm_00139.png,train,ai,adm,/kaggle/working/genimage_8000_split_v4/train/ai/adm_00139.png
midjourney_00321.png,train,ai,midjourney,/kaggle/working/genimage_8000_split_v4/train/ai/midjourney_00321.png
midjourney_00160.png,train,ai,midjourney,/kaggle/working/genimage_8000_split_v4/train/ai/midjourney_00160.png
wukong_00343.png,train,ai,wukong,/kaggle/working/genimage_8000_split_v4/train/ai/wukong_00343.png
vqdm_00364.png,train,ai,vqdm,/kaggle/working/genimage_8000_split_v4/train/ai/vqdm_00364.png
glide_00080.png,train,ai,glide,/kaggle/working/genimage_8000_split_v4/train/ai/glide_00080.png
wukong_00217.png,train,ai,wukong,/kaggle/working/genimage_8000_split_v4/train/ai/wukong_00217.png
midjourney_00387.png,train,ai,midjourney,/kaggle/working/genimage_8000_split_v4/train/ai/midjourney_00387.png
wukong_00393.png,train,ai,wukong,/kaggle/working/genimage_8000_split_v4/train/ai/wukong_00393.png
vqdm_00307.png,train,ai,vqdm,/kaggle/working/genimage_8000_split_v4/train/ai/vqdm_00307.png
midjourney_00008.png,train,ai,midjourney,/kaggle/working/genimage_8000_split_v4/train/ai/midjourney_00008.png
vqdm_00110.png,train,ai,vqdm,/kaggle/working/genimage_8000_split_v4/train/ai/vqdm_00110.png
biggan_00024.png,train,ai,biggan,/kaggle/working/genimage_8000_split_v4/train/ai/biggan_00024.png
midjourney_00002.png,train,ai,midjourney,/kaggle/working/genimage_8000_split_v4/train/ai/midjourney_00002.png
sdv5_00160.png,train,ai,sdv5,/kaggle/working/genimage_8000_split_v4/train/ai/sdv5_00160.png
vqdm_00098.png,train,ai,vqdm,/kaggle/working/genimage_8000_split_v4/train/ai/vqdm_00098.png
glide_00375.png,train,ai,glide,/kaggle/working/genimage_8000_split_v4/train/ai/glide_00375.png
sdv5_00198.png,train,ai,sdv5,/kaggle/working/genimage_8000_split_v4/train/ai/sdv5_00198.png
biggan_00398.png,train,ai,biggan,/kaggle/working/genimage_8000_split_v4/train/ai/biggan_00398.png
glide_00334.png,train,ai,glide,/kaggle/working/genimage_8000_split_v4/train/ai/glide_00334.png
midjourney_00378.png,train,ai,midjourney,/kaggle/working/genimage_8000_split_v4/train/ai/midjourney_00378.png
sdv5_00135.png,train,ai,sdv5,/kaggle/working/genimage_8000_split_v4/train/ai/sdv5_00135.png
adm_00352.png,train,ai,adm,/kaggle/working/genimage_8000_split_v4/train/ai/adm_00352.png
sdv5_00324.png,train,ai,sdv5,/kaggle/working/genimage_8000_split_v4/train/ai/sdv5_00324.png
midjourney_00346.png,train,ai,midjourney,/kaggle/working/genimage_8000_split_v4/train/ai/midjourney_00346.png
midjourney_00000.png,train,ai,midjourney,/kaggle/working/genimage_8000_split_v4/train/ai/midjourney_00000.png
glide_00113.png,train,ai,glide,/kaggle/working/genimage_8000_split_v4/train/ai/glide_00113.png
adm_00084.png,train,ai,adm,/kaggle/working/genimage_8000_split_v4/train/ai/adm_00084.png
biggan_00290.png,train,ai,biggan,/kaggle/working/genimage_8000_split_v4/train/ai/biggan_00290.png
midjourney_00392.png,train,ai,midjourney,/kaggle/working/genimage_8000_split_v4/train/ai/midjourney_00392.png
biggan_00042.png,train,ai,biggan,/kaggle/working/genimage_8000_split_v4/train/ai/biggan_00042.png
vqdm_00316.png,train,ai,vqdm,/kaggle/working/genimage_8000_split_v4/train/ai/vqdm_00316.png
adm_00296.png,train,ai,adm,/kaggle/working/genimage_8000_split_v4/train/ai/adm_00296.png
wukong_00018.png,train,ai,wukong,/kaggle/working/genimage_8000_split_v4/train/ai/wukong_00018.png
vqdm_00021.png,train,ai,vqdm,/kaggle/working/genimage_8000_split_v4/train/ai/vqdm_00021.png
sdv5_00326.png,train,ai,sdv5,/kaggle/working/genimage_8000_split_v4/train/ai/sdv5_00326.png
wukong_00302.png,train,ai,wukong,/kaggle/working/genimage_8000_split_v4/train/ai/wukong_00302.png
biggan_00237.png,train,ai,biggan,/kaggle/working/genimage_8000_split_v4/train/ai/biggan_00237.png
wukong_00249.png,train,ai,wukong,/kaggle/working/genimage_8000_split_v4/train/ai/wukong_00249.png
glide_00374.png,train,ai,glide,/kaggle/working/genimage_8000_split_v4/train/ai/glide_00374.png
adm_00164.png,train,ai,adm,/kaggle/working/genimage_8000_split_v4/train/ai/adm_00164.png
sdv5_00057.png,train,ai,sdv5,/kaggle/working/genimage_8000_split_v4/train/ai/sdv5_00057.png
vqdm_00156.png,train,ai,vqdm,/kaggle/working/genimage_8000_split_v4/train/ai/vqdm_00156.png
midjourney_00029.png,train,ai,midjourney,/kaggle/working/genimage_8000_split_v4/train/ai/midjourney_00029.png
wukong_00143.png,train,ai,wukong,/kaggle/working/genimage_8000_split_v4/train/ai/wukong_00143.png
glide_00131.png,train,ai,glide,/kaggle/working/genimage_8000_split_v4/train/ai/glide_00131.png
midjourney_00361.png,train,ai,midjourney,/kaggle/working/genimage_8000_split_v4/train/ai/midjourney_00361.png
adm_00315.png,train,ai,adm,/kaggle/working/genimage_8000_split_v4/train/ai/adm_00315.png
sdv5_00004.png,train,ai,sdv5,/kaggle/working/genimage_8000_split_v4/train/ai/sdv5_00004.png
midjourney_00254.png,train,ai,midjourney,/kaggle/working/genimage_8000_split_v4/train/ai/midjourney_00254.png
wukong_00063.png,train,ai,wukong,/kaggle/working/genimage_8000_split_v4/train/ai/wukong_00063.png
adm_00240.png,train,ai,adm,/kaggle/working/genimage_8000_split_v4/train/ai/adm_00240.png
midjourney_00310.png,train,ai,midjourney,/kaggle/working/genimage_8000_split_v4/train/ai/midjourney_00310.png
wukong_00088.png,train,ai,wukong,/kaggle/working/genimage_8000_split_v4/train/ai/wukong_00088.png
biggan_00337.png,train,ai,biggan,/kaggle/working/genimage_8000_split_v4/train/ai/biggan_00337.png
adm_00363.png,train,ai,adm,/kaggle/working/genimage_8000_split_v4/train/ai/adm_00363.png
glide_00057.png,train,ai,glide,/kaggle/working/genimage_8000_split_v4/train/ai/glide_00057.png
midjourney_00232.png,train,ai,midjourney,/kaggle/working/genimage_8000_split_v4/train/ai/midjourney_00232.png
wukong_00269.png,train,ai,wukong,/kaggle/working/genimage_8000_split_v4/train/ai/wukong_00269.png
biggan_00155.png,train,ai,biggan,/kaggle/working/genimage_8000_split_v4/train/ai/biggan_00155.png
wukong_00074.png,train,ai,wukong,/kaggle/working/genimage_8000_split_v4/train/ai/wukong_00074.png
glide_00352.png,train,ai,glide,/kaggle/working/genimage_8000_split_v4/train/ai/glide_00352.png
wukong_00166.png,train,ai,wukong,/kaggle/working/genimage_8000_split_v4/train/ai/wukong_00166.png
wukong_00282.png,train,ai,wukong,/kaggle/working/genimage_8000_split_v4/train/ai/wukong_00282.png
sdv5_00185.png,train,ai,sdv5,/kaggle/working/genimage_8000_split_v4/train/ai/sdv5_00185.png
midjourney_00258.png,train,ai,midjourney,/kaggle/working/genimage_8000_split_v4/train/ai/midjourney_00258.png
adm_00070.png,train,ai,adm,/kaggle/working/genimage_8000_split_v4/train/ai/adm_00070.png
vqdm_00284.png,train,ai,vqdm,/kaggle/working/genimage_8000_split_v4/train/ai/vqdm_00284.png
vqdm_00331.png,train,ai,vqdm,/kaggle/working/genimage_8000_split_v4/train/ai/vqdm_00331.png
biggan_00130.png,train,ai,biggan,/kaggle/working/genimage_8000_split_v4/train/ai/biggan_00130.png
midjourney_00018.png,train,ai,midjourney,/kaggle/working/genimage_8000_split_v4/train/ai/midjourney_00018.png
biggan_00353.png,train,ai,biggan,/kaggle/working/genimage_8000_split_v4/train/ai/biggan_00353.png
vqdm_00081.png,train,ai,vqdm,/kaggle/working/genimage_8000_split_v4/train/ai/vqdm_00081.png
adm_00136.png,train,ai,adm,/kaggle/working/genimage_8000_split_v4/train/ai/adm_00136.png
midjourney_00157.png,train,ai,midjourney,/kaggle/working/genimage_8000_split_v4/train/ai/midjourney_00157.png
midjourney_00191.png,train,ai,midjourney,/kaggle/working/genimage_8000_split_v4/train/ai/midjourney_00191.png
vqdm_00171.png,train,ai,vqdm,/kaggle/working/genimage_8000_split_v4/train/ai/vqdm_00171.png
vqdm_00362.png,train,ai,vqdm,/kaggle/working/genimage_8000_split_v4/train/ai/vqdm_00362.png
midjourney_00135.png,train,ai,midjourney,/kaggle/working/genimage_8000_split_v4/train/ai/midjourney_00135.png
wukong_00128.png,train,ai,wukong,/kaggle/working/genimage_8000_split_v4/train/ai/wukong_00128.png
vqdm_00075.png,train,ai,vqdm,/kaggle/working/genimage_8000_split_v4/train/ai/vqdm_00075.png
adm_00248.png,train,ai,adm,/kaggle/working/genimage_8000_split_v4/train/ai/adm_00248.png
glide_00104.png,train,ai,glide,/kaggle/working/genimage_8000_split_v4/train/ai/glide_00104.png
sdv5_00179.png,train,ai,sdv5,/kaggle/working/genimage_8000_split_v4/train/ai/sdv5_00179.png
wukong_00245.png,train,ai,wukong,/kaggle/working/genimage_8000_split_v4/train/ai/wukong_00245.png
glide_00059.png,train,ai,glide,/kaggle/working/genimage_8000_split_v4/train/ai/glide_00059.png
vqdm_00002.png,train,ai,vqdm,/kaggle/working/genimage_8000_split_v4/train/ai/vqdm_00002.png
wukong_00221.png,train,ai,wukong,/kaggle/working/genimage_8000_split_v4/train/ai/wukong_00221.png
glide_00128.png,train,ai,glide,/kaggle/working/genimage_8000_split_v4/train/ai/glide_00128.png
biggan_00045.png,train,ai,biggan,/kaggle/working/genimage_8000_split_v4/train/ai/biggan_00045.png
midjourney_00240.png,train,ai,midjourney,/kaggle/working/genimage_8000_split_v4/train/ai/midjourney_00240.png
sdv5_00075.png,train,ai,sdv5,/kaggle/working/genimage_8000_split_v4/train/ai/sdv5_00075.png
biggan_00260.png,train,ai,biggan,/kaggle/working/genimage_8000_split_v4/train/ai/biggan_00260.png
biggan_00114.png,train,ai,biggan,/kaggle/working/genimage_8000_split_v4/train/ai/biggan_00114.png
vqdm_00105.png,train,ai,vqdm,/kaggle/working/genimage_8000_split_v4/train/ai/vqdm_00105.png
wukong_00164.png,train,ai,wukong,/kaggle/working/genimage_8000_split_v4/train/ai/wukong_00164.png
sdv5_00086.png,train,ai,sdv5,/kaggle/working/genimage_8000_split_v4/train/ai/sdv5_00086.png
wukong_00366.png,train,ai,wukong,/kaggle/working/genimage_8000_split_v4/train/ai/wukong_00366.png
glide_00214.png,train,ai,glide,/kaggle/working/genimage_8000_split_v4/train/ai/glide_00214.png
wukong_00159.png,train,ai,wukong,/kaggle/working/genimage_8000_split_v4/train/ai/wukong_00159.png
wukong_00124.png,train,ai,wukong,/kaggle/working/genimage_8000_split_v4/train/ai/wukong_00124.png
wukong_00300.png,train,ai,wukong,/kaggle/working/genimage_8000_split_v4/train/ai/wukong_00300.png
biggan_00139.png,train,ai,biggan,/kaggle/working/genimage_8000_split_v4/train/ai/biggan_00139.png
glide_00183.png,train,ai,glide,/kaggle/working/genimage_8000_split_v4/train/ai/glide_00183.png
sdv5_00055.png,train,ai,sdv5,/kaggle/working/genimage_8000_split_v4/train/ai/sdv5_00055.png
wukong_00013.png,train,ai,wukong,/kaggle/working/genimage_8000_split_v4/train/ai/wukong_00013.png
sdv5_00216.png,train,ai,sdv5,/kaggle/working/genimage_8000_split_v4/train/ai/sdv5_00216.png
wukong_00163.png,train,ai,wukong,/kaggle/working/genimage_8000_split_v4/train/ai/wukong_00163.png
adm_00161.png,train,ai,adm,/kaggle/working/genimage_8000_split_v4/train/ai/adm_00161.png
adm_00068.png,train,ai,adm,/kaggle/working/genimage_8000_split_v4/train/ai/adm_00068.png
adm_00124.png,train,ai,adm,/kaggle/working/genimage_8000_split_v4/train/ai/adm_00124.png
adm_00145.png,train,ai,adm,/kaggle/working/genimage_8000_split_v4/train/ai/adm_00145.png
wukong_00333.png,train,ai,wukong,/kaggle/working/genimage_8000_split_v4/train/ai/wukong_00333.png
glide_00223.png,train,ai,glide,/kaggle/working/genimage_8000_split_v4/train/ai/glide_00223.png
midjourney_00257.png,train,ai,midjourney,/kaggle/working/genimage_8000_split_v4/train/ai/midjourney_00257.png
midjourney_00184.png,train,ai,midjourney,/kaggle/working/genimage_8000_split_v4/train/ai/midjourney_00184.png
biggan_00310.png,train,ai,biggan,/kaggle/working/genimage_8000_split_v4/train/ai/biggan_00310.png
glide_00315.png,train,ai,glide,/kaggle/working/genimage_8000_split_v4/train/ai/glide_00315.png
biggan_00330.png,train,ai,biggan,/kaggle/working/genimage_8000_split_v4/train/ai/biggan_00330.png
adm_00160.png,train,ai,adm,/kaggle/working/genimage_8000_split_v4/train/ai/adm_00160.png
sdv5_00140.png,train,ai,sdv5,/kaggle/working/genimage_8000_split_v4/train/ai/sdv5_00140.png
biggan_00195.png,train,ai,biggan,/kaggle/working/genimage_8000_split_v4/train/ai/biggan_00195.png
midjourney_00187.png,train,ai,midjourney,/kaggle/working/genimage_8000_split_v4/train/ai/midjourney_00187.png
midjourney_00223.png,train,ai,midjourney,/kaggle/working/genimage_8000_split_v4/train/ai/midjourney_00223.png
midjourney_00010.png,train,ai,midjourney,/kaggle/working/genimage_8000_split_v4/train/ai/midjourney_00010.png
adm_00187.png,train,ai,adm,/kaggle/working/genimage_8000_split_v4/train/ai/adm_00187.png
wukong_00122.png,train,ai,wukong,/kaggle/working/genimage_8000_split_v4/train/ai/wukong_00122.png
midjourney_00030.png,train,ai,midjourney,/kaggle/working/genimage_8000_split_v4/train/ai/midjourney_00030.png
vqdm_00236.png,train,ai,vqdm,/kaggle/working/genimage_8000_split_v4/train/ai/vqdm_00236.png
glide_00101.png,train,ai,glide,/kaggle/working/genimage_8000_split_v4/train/ai/glide_00101.png
wukong_00256.png,train,ai,wukong,/kaggle/working/genimage_8000_split_v4/train/ai/wukong_00256.png
sdv5_00074.png,train,ai,sdv5,/kaggle/working/genimage_8000_split_v4/train/ai/sdv5_00074.png
adm_00328.png,train,ai,adm,/kaggle/working/genimage_8000_split_v4/train/ai/adm_00328.png
vqdm_00389.png,train,ai,vqdm,/kaggle/working/genimage_8000_split_v4/train/ai/vqdm_00389.png
midjourney_00110.png,train,ai,midjourney,/kaggle/working/genimage_8000_split_v4/train/ai/midjourney_00110.png
biggan_00233.png,train,ai,biggan,/kaggle/working/genimage_8000_split_v4/train/ai/biggan_00233.png
vqdm_00072.png,train,ai,vqdm,/kaggle/working/genimage_8000_split_v4/train/ai/vqdm_00072.png
midjourney_00354.png,train,ai,midjourney,/kaggle/working/genimage_8000_split_v4/train/ai/midjourney_00354.png
glide_00110.png,train,ai,glide,/kaggle/working/genimage_8000_split_v4/train/ai/glide_00110.png
vqdm_00185.png,train,ai,vqdm,/kaggle/working/genimage_8000_split_v4/train/ai/vqdm_00185.png
wukong_00031.png,train,ai,wukong,/kaggle/working/genimage_8000_split_v4/train/ai/wukong_00031.png
vqdm_00080.png,train,ai,vqdm,/kaggle/working/genimage_8000_split_v4/train/ai/vqdm_00080.png
midjourney_00197.png,train,ai,midjourney,/kaggle/working/genimage_8000_split_v4/train/ai/midjourney_00197.png
biggan_00273.png,train,ai,biggan,/kaggle/working/genimage_8000_split_v4/train/ai/biggan_00273.png
wukong_00286.png,train,ai,wukong,/kaggle/working/genimage_8000_split_v4/train/ai/wukong_00286.png
glide_00212.png,train,ai,glide,/kaggle/working/genimage_8000_split_v4/train/ai/glide_00212.png
midjourney_00373.png,train,ai,midjourney,/kaggle/working/genimage_8000_split_v4/train/ai/midjourney_00373.png
midjourney_00043.png,train,ai,midjourney,/kaggle/working/genimage_8000_split_v4/train/ai/midjourney_00043.png
glide_00109.png,train,ai,glide,/kaggle/working/genimage_8000_split_v4/train/ai/glide_00109.png
vqdm_00001.png,train,ai,vqdm,/kaggle/working/genimage_8000_split_v4/train/ai/vqdm_00001.png
glide_00129.png,train,ai,glide,/kaggle/working/genimage_8000_split_v4/train/ai/glide_00129.png
vqdm_00228.png,train,ai,vqdm,/kaggle/working/genimage_8000_split_v4/train/ai/vqdm_00228.png
sdv5_00325.png,train,ai,sdv5,/kaggle/working/genimage_8000_split_v4/train/ai/sdv5_00325.png
midjourney_00333.png,train,ai,midjourney,/kaggle/working/genimage_8000_split_v4/train/ai/midjourney_00333.png
sdv5_00294.png,train,ai,sdv5,/kaggle/working/genimage_8000_split_v4/train/ai/sdv5_00294.png
sdv5_00303.png,train,ai,sdv5,/kaggle/working/genimage_8000_split_v4/train/ai/sdv5_00303.png
glide_00021.png,train,ai,glide,/kaggle/working/genimage_8000_split_v4/train/ai/glide_00021.png
sdv5_00340.png,train,ai,sdv5,/kaggle/working/genimage_8000_split_v4/train/ai/sdv5_00340.png
midjourney_00124.png,train,ai,midjourney,/kaggle/working/genimage_8000_split_v4/train/ai/midjourney_00124.png
midjourney_00398.png,train,ai,midjourney,/kaggle/working/genimage_8000_split_v4/train/ai/midjourney_00398.png
sdv5_00352.png,train,ai,sdv5,/kaggle/working/genimage_8000_split_v4/train/ai/sdv5_00352.png
midjourney_00037.png,train,ai,midjourney,/kaggle/working/genimage_8000_split_v4/train/ai/midjourney_00037.png
biggan_00031.png,train,ai,biggan,/kaggle/working/genimage_8000_split_v4/train/ai/biggan_00031.png
adm_00140.png,train,ai,adm,/kaggle/working/genimage_8000_split_v4/train/ai/adm_00140.png
sdv5_00222.png,train,ai,sdv5,/kaggle/working/genimage_8000_split_v4/train/ai/sdv5_00222.png
midjourney_00086.png,train,ai,midjourney,/kaggle/working/genimage_8000_split_v4/train/ai/midjourney_00086.png
glide_00237.png,train,ai,glide,/kaggle/working/genimage_8000_split_v4/train/ai/glide_00237.png
glide_00394.png,train,ai,glide,/kaggle/working/genimage_8000_split_v4/train/ai/glide_00394.png
sdv5_00314.png,train,ai,sdv5,/kaggle/working/genimage_8000_split_v4/train/ai/sdv5_00314.png
biggan_00140.png,train,ai,biggan,/kaggle/working/genimage_8000_split_v4/train/ai/biggan_00140.png
sdv5_00112.png,train,ai,sdv5,/kaggle/working/genimage_8000_split_v4/train/ai/sdv5_00112.png
wukong_00287.png,train,ai,wukong,/kaggle/working/genimage_8000_split_v4/train/ai/wukong_00287.png
midjourney_00277.png,train,ai,midjourney,/kaggle/working/genimage_8000_split_v4/train/ai/midjourney_00277.png
wukong_00072.png,train,ai,wukong,/kaggle/working/genimage_8000_split_v4/train/ai/wukong_00072.png
midjourney_00055.png,train,ai,midjourney,/kaggle/working/genimage_8000_split_v4/train/ai/midjourney_00055.png
glide_00301.png,train,ai,glide,/kaggle/working/genimage_8000_split_v4/train/ai/glide_00301.png
glide_00070.png,train,ai,glide,/kaggle/working/genimage_8000_split_v4/train/ai/glide_00070.png
biggan_00057.png,train,ai,biggan,/kaggle/working/genimage_8000_split_v4/train/ai/biggan_00057.png
midjourney_00221.png,train,ai,midjourney,/kaggle/working/genimage_8000_split_v4/train/ai/midjourney_00221.png
adm_00234.png,train,ai,adm,/kaggle/working/genimage_8000_split_v4/train/ai/adm_00234.png
sdv5_00263.png,train,ai,sdv5,/kaggle/working/genimage_8000_split_v4/train/ai/sdv5_00263.png
glide_00341.png,train,ai,glide,/kaggle/working/genimage_8000_split_v4/train/ai/glide_00341.png
midjourney_00075.png,train,ai,midjourney,/kaggle/working/genimage_8000_split_v4/train/ai/midjourney_00075.png
glide_00292.png,train,ai,glide,/kaggle/working/genimage_8000_split_v4/train/ai/glide_00292.png
vqdm_00113.png,train,ai,vqdm,/kaggle/working/genimage_8000_split_v4/train/ai/vqdm_00113.png
vqdm_00285.png,train,ai,vqdm,/kaggle/working/genimage_8000_split_v4/train/ai/vqdm_00285.png
vqdm_00048.png,train,ai,vqdm,/kaggle/working/genimage_8000_split_v4/train/ai/vqdm_00048.png
glide_00034.png,train,ai,glide,/kaggle/working/genimage_8000_split_v4/train/ai/glide_00034.png
vqdm_00355.png,train,ai,vqdm,/kaggle/working/genimage_8000_split_v4/train/ai/vqdm_00355.png
wukong_00099.png,train,ai,wukong,/kaggle/working/genimage_8000_split_v4/train/ai/wukong_00099.png
sdv5_00078.png,train,ai,sdv5,/kaggle/working/genimage_8000_split_v4/train/ai/sdv5_00078.png
vqdm_00397.png,train,ai,vqdm,/kaggle/working/genimage_8000_split_v4/train/ai/vqdm_00397.png
midjourney_00062.png,train,ai,midjourney,/kaggle/working/genimage_8000_split_v4/train/ai/midjourney_00062.png
adm_00318.png,train,ai,adm,/kaggle/working/genimage_8000_split_v4/train/ai/adm_00318.png
adm_00031.png,train,ai,adm,/kaggle/working/genimage_8000_split_v4/train/ai/adm_00031.png
wukong_00154.png,train,ai,wukong,/kaggle/working/genimage_8000_split_v4/train/ai/wukong_00154.png
glide_00088.png,train,ai,glide,/kaggle/working/genimage_8000_split_v4/train/ai/glide_00088.png
vqdm_00332.png,train,ai,vqdm,/kaggle/working/genimage_8000_split_v4/train/ai/vqdm_00332.png
midjourney_00225.png,train,ai,midjourney,/kaggle/working/genimage_8000_split_v4/train/ai/midjourney_00225.png
midjourney_00026.png,train,ai,midjourney,/kaggle/working/genimage_8000_split_v4/train/ai/midjourney_00026.png
adm_00132.png,train,ai,adm,/kaggle/working/genimage_8000_split_v4/train/ai/adm_00132.png
midjourney_00211.png,train,ai,midjourney,/kaggle/working/genimage_8000_split_v4/train/ai/midjourney_00211.png
sdv5_00280.png,train,ai,sdv5,/kaggle/working/genimage_8000_split_v4/train/ai/sdv5_00280.png
adm_00286.png,train,ai,adm,/kaggle/working/genimage_8000_split_v4/train/ai/adm_00286.png
vqdm_00394.png,train,ai,vqdm,/kaggle/working/genimage_8000_split_v4/train/ai/vqdm_00394.png
vqdm_00289.png,train,ai,vqdm,/kaggle/working/genimage_8000_split_v4/train/ai/vqdm_00289.png
biggan_00103.png,train,ai,biggan,/kaggle/working/genimage_8000_split_v4/train/ai/biggan_00103.png
sdv5_00241.png,train,ai,sdv5,/kaggle/working/genimage_8000_split_v4/train/ai/sdv5_00241.png
sdv5_00213.png,train,ai,sdv5,/kaggle/working/genimage_8000_split_v4/train/ai/sdv5_00213.png
glide_00311.png,train,ai,glide,/kaggle/working/genimage_8000_split_v4/train/ai/glide_00311.png
vqdm_00345.png,train,ai,vqdm,/kaggle/working/genimage_8000_split_v4/train/ai/vqdm_00345.png
vqdm_00000.png,train,ai,vqdm,/kaggle/working/genimage_8000_split_v4/train/ai/vqdm_00000.png
glide_00367.png,train,ai,glide,/kaggle/working/genimage_8000_split_v4/train/ai/glide_00367.png
vqdm_00152.png,train,ai,vqdm,/kaggle/working/genimage_8000_split_v4/train/ai/vqdm_00152.png
wukong_00134.png,train,ai,wukong,/kaggle/working/genimage_8000_split_v4/train/ai/wukong_00134.png
glide_00124.png,train,ai,glide,/kaggle/working/genimage_8000_split_v4/train/ai/glide_00124.png
wukong_00385.png,train,ai,wukong,/kaggle/working/genimage_8000_split_v4/train/ai/wukong_00385.png
wukong_00228.png,train,ai,wukong,/kaggle/working/genimage_8000_split_v4/train/ai/wukong_00228.png
glide_00395.png,train,ai,glide,/kaggle/working/genimage_8000_split_v4/train/ai/glide_00395.png
wukong_00239.png,train,ai,wukong,/kaggle/working/genimage_8000_split_v4/train/ai/wukong_00239.png
adm_00020.png,train,ai,adm,/kaggle/working/genimage_8000_split_v4/train/ai/adm_00020.png
adm_00095.png,train,ai,adm,/kaggle/working/genimage_8000_split_v4/train/ai/adm_00095.png
adm_00012.png,train,ai,adm,/kaggle/working/genimage_8000_split_v4/train/ai/adm_00012.png
wukong_00197.png,train,ai,wukong,/kaggle/working/genimage_8000_split_v4/train/ai/wukong_00197.png
vqdm_00223.png,train,ai,vqdm,/kaggle/working/genimage_8000_split_v4/train/ai/vqdm_00223.png
midjourney_00134.png,train,ai,midjourney,/kaggle/working/genimage_8000_split_v4/train/ai/midjourney_00134.png
sdv5_00200.png,train,ai,sdv5,/kaggle/working/genimage_8000_split_v4/train/ai/sdv5_00200.png
glide_00233.png,train,ai,glide,/kaggle/working/genimage_8000_split_v4/train/ai/glide_00233.png
wukong_00116.png,train,ai,wukong,/kaggle/working/genimage_8000_split_v4/train/ai/wukong_00116.png
adm_00030.png,train,ai,adm,/kaggle/working/genimage_8000_split_v4/train/ai/adm_00030.png
biggan_00264.png,train,ai,biggan,/kaggle/working/genimage_8000_split_v4/train/ai/biggan_00264.png
adm_00129.png,train,ai,adm,/kaggle/working/genimage_8000_split_v4/train/ai/adm_00129.png
vqdm_00390.png,train,ai,vqdm,/kaggle/working/genimage_8000_split_v4/train/ai/vqdm_00390.png
midjourney_00070.png,train,ai,midjourney,/kaggle/working/genimage_8000_split_v4/train/ai/midjourney_00070.png
adm_00298.png,train,ai,adm,/kaggle/working/genimage_8000_split_v4/train/ai/adm_00298.png
adm_00180.png,train,ai,adm,/kaggle/working/genimage_8000_split_v4/train/ai/adm_00180.png
midjourney_00358.png,train,ai,midjourney,/kaggle/working/genimage_8000_split_v4/train/ai/midjourney_00358.png
midjourney_00349.png,train,ai,midjourney,/kaggle/working/genimage_8000_split_v4/train/ai/midjourney_00349.png
adm_00041.png,train,ai,adm,/kaggle/working/genimage_8000_split_v4/train/ai/adm_00041.png
vqdm_00298.png,train,ai,vqdm,/kaggle/working/genimage_8000_split_v4/train/ai/vqdm_00298.png
adm_00078.png,train,ai,adm,/kaggle/working/genimage_8000_split_v4/train/ai/adm_00078.png
biggan_00120.png,train,ai,biggan,/kaggle/working/genimage_8000_split_v4/train/ai/biggan_00120.png
adm_00235.png,train,ai,adm,/kaggle/working/genimage_8000_split_v4/train/ai/adm_00235.png
adm_00182.png,train,ai,adm,/kaggle/working/genimage_8000_split_v4/train/ai/adm_00182.png
glide_00317.png,train,ai,glide,/kaggle/working/genimage_8000_split_v4/train/ai/glide_00317.png
midjourney_00104.png,train,ai,midjourney,/kaggle/working/genimage_8000_split_v4/train/ai/midjourney_00104.png
sdv5_00130.png,train,ai,sdv5,/kaggle/working/genimage_8000_split_v4/train/ai/sdv5_00130.png
glide_00236.png,train,ai,glide,/kaggle/working/genimage_8000_split_v4/train/ai/glide_00236.png
biggan_00156.png,train,ai,biggan,/kaggle/working/genimage_8000_split_v4/train/ai/biggan_00156.png
wukong_00068.png,train,ai,wukong,/kaggle/working/genimage_8000_split_v4/train/ai/wukong_00068.png
adm_00169.png,train,ai,adm,/kaggle/working/genimage_8000_split_v4/train/ai/adm_00169.png
biggan_00305.png,train,ai,biggan,/kaggle/working/genimage_8000_split_v4/train/ai/biggan_00305.png
biggan_00008.png,train,ai,biggan,/kaggle/working/genimage_8000_split_v4/train/ai/biggan_00008.png
biggan_00107.png,train,ai,biggan,/kaggle/working/genimage_8000_split_v4/train/ai/biggan_00107.png
glide_00121.png,train,ai,glide,/kaggle/working/genimage_8000_split_v4/train/ai/glide_00121.png
wukong_00309.png,train,ai,wukong,/kaggle/working/genimage_8000_split_v4/train/ai/wukong_00309.png
sdv5_00231.png,train,ai,sdv5,/kaggle/working/genimage_8000_split_v4/train/ai/sdv5_00231.png
vqdm_00166.png,train,ai,vqdm,/kaggle/working/genimage_8000_split_v4/train/ai/vqdm_00166.png
adm_00135.png,train,ai,adm,/kaggle/working/genimage_8000_split_v4/train/ai/adm_00135.png
wukong_00148.png,train,ai,wukong,/kaggle/working/genimage_8000_split_v4/train/ai/wukong_00148.png
adm_00069.png,train,ai,adm,/kaggle/working/genimage_8000_split_v4/train/ai/adm_00069.png
vqdm_00206.png,train,ai,vqdm,/kaggle/working/genimage_8000_split_v4/train/ai/vqdm_00206.png
glide_00355.png,train,ai,glide,/kaggle/working/genimage_8000_split_v4/train/ai/glide_00355.png
vqdm_00056.png,train,ai,vqdm,/kaggle/working/genimage_8000_split_v4/train/ai/vqdm_00056.png
vqdm_00178.png,train,ai,vqdm,/kaggle/working/genimage_8000_split_v4/train/ai/vqdm_00178.png
sdv5_00036.png,train,ai,sdv5,/kaggle/working/genimage_8000_split_v4/train/ai/sdv5_00036.png
vqdm_00079.png,train,ai,vqdm,/kaggle/working/genimage_8000_split_v4/train/ai/vqdm_00079.png
midjourney_00017.png,train,ai,midjourney,/kaggle/working/genimage_8000_split_v4/train/ai/midjourney_00017.png
glide_00194.png,train,ai,glide,/kaggle/working/genimage_8000_split_v4/train/ai/glide_00194.png
biggan_00033.png,train,ai,biggan,/kaggle/working/genimage_8000_split_v4/train/ai/biggan_00033.png
sdv5_00214.png,train,ai,sdv5,/kaggle/working/genimage_8000_split_v4/train/ai/sdv5_00214.png
wukong_00290.png,train,ai,wukong,/kaggle/working/genimage_8000_split_v4/train/ai/wukong_00290.png
biggan_00350.png,train,ai,biggan,/kaggle/working/genimage_8000_split_v4/train/ai/biggan_00350.png
vqdm_00277.png,train,ai,vqdm,/kaggle/working/genimage_8000_split_v4/train/ai/vqdm_00277.png
glide_00360.png,train,ai,glide,/kaggle/working/genimage_8000_split_v4/train/ai/glide_00360.png
adm_00151.png,train,ai,adm,/kaggle/working/genimage_8000_split_v4/train/ai/adm_00151.png
adm_00294.png,train,ai,adm,/kaggle/working/genimage_8000_split_v4/train/ai/adm_00294.png
sdv5_00111.png,train,ai,sdv5,/kaggle/working/genimage_8000_split_v4/train/ai/sdv5_00111.png
sdv5_00157.png,train,ai,sdv5,/kaggle/working/genimage_8000_split_v4/train/ai/sdv5_00157.png
biggan_00128.png,train,ai,biggan,/kaggle/working/genimage_8000_split_v4/train/ai/biggan_00128.png
glide_00133.png,train,ai,glide,/kaggle/working/genimage_8000_split_v4/train/ai/glide_00133.png
biggan_00018.png,train,ai,biggan,/kaggle/working/genimage_8000_split_v4/train/ai/biggan_00018.png
sdv5_00001.png,train,ai,sdv5,/kaggle/working/genimage_8000_split_v4/train/ai/sdv5_00001.png
sdv5_00020.png,train,ai,sdv5,/kaggle/working/genimage_8000_split_v4/train/ai/sdv5_00020.png
biggan_00087.png,train,ai,biggan,/kaggle/working/genimage_8000_split_v4/train/ai/biggan_00087.png
sdv5_00184.png,train,ai,sdv5,/kaggle/working/genimage_8000_split_v4/train/ai/sdv5_00184.png
biggan_00134.png,train,ai,biggan,/kaggle/working/genimage_8000_split_v4/train/ai/biggan_00134.png
biggan_00336.png,train,ai,biggan,/kaggle/working/genimage_8000_split_v4/train/ai/biggan_00336.png
midjourney_00100.png,train,ai,midjourney,/kaggle/working/genimage_8000_split_v4/train/ai/midjourney_00100.png
biggan_00048.png,train,ai,biggan,/kaggle/working/genimage_8000_split_v4/train/ai/biggan_00048.png
adm_00206.png,train,ai,adm,/kaggle/working/genimage_8000_split_v4/train/ai/adm_00206.png
wukong_00248.png,train,ai,wukong,/kaggle/working/genimage_8000_split_v4/train/ai/wukong_00248.png
midjourney_00094.png,train,ai,midjourney,/kaggle/working/genimage_8000_split_v4/train/ai/midjourney_00094.png
midjourney_00340.png,train,ai,midjourney,/kaggle/working/genimage_8000_split_v4/train/ai/midjourney_00340.png
vqdm_00148.png,train,ai,vqdm,/kaggle/working/genimage_8000_split_v4/train/ai/vqdm_00148.png
vqdm_00177.png,train,ai,vqdm,/kaggle/working/genimage_8000_split_v4/train/ai/vqdm_00177.png
midjourney_00379.png,train,ai,midjourney,/kaggle/working/genimage_8000_split_v4/train/ai/midjourney_00379.png
biggan_00257.png,train,ai,biggan,/kaggle/working/genimage_8000_split_v4/train/ai/biggan_00257.png
glide_00089.png,train,ai,glide,/kaggle/working/genimage_8000_split_v4/train/ai/glide_00089.png
biggan_00200.png,train,ai,biggan,/kaggle/working/genimage_8000_split_v4/train/ai/biggan_00200.png
biggan_00196.png,train,ai,biggan,/kaggle/working/genimage_8000_split_v4/train/ai/biggan_00196.png
biggan_00232.png,train,ai,biggan,/kaggle/working/genimage_8000_split_v4/train/ai/biggan_00232.png
adm_00290.png,train,ai,adm,/kaggle/working/genimage_8000_split_v4/train/ai/adm_00290.png
midjourney_00088.png,train,ai,midjourney,/kaggle/working/genimage_8000_split_v4/train/ai/midjourney_00088.png
sdv5_00177.png,train,ai,sdv5,/kaggle/working/genimage_8000_split_v4/train/ai/sdv5_00177.png
vqdm_00233.png,train,ai,vqdm,/kaggle/working/genimage_8000_split_v4/train/ai/vqdm_00233.png
vqdm_00359.png,train,ai,vqdm,/kaggle/working/genimage_8000_split_v4/train/ai/vqdm_00359.png
midjourney_00369.png,train,ai,midjourney,/kaggle/working/genimage_8000_split_v4/train/ai/midjourney_00369.png
vqdm_00168.png,train,ai,vqdm,/kaggle/working/genimage_8000_split_v4/train/ai/vqdm_00168.png
glide_00310.png,train,ai,glide,/kaggle/working/genimage_8000_split_v4/train/ai/glide_00310.png
midjourney_00109.png,train,ai,midjourney,/kaggle/working/genimage_8000_split_v4/train/ai/midjourney_00109.png
vqdm_00108.png,train,ai,vqdm,/kaggle/working/genimage_8000_split_v4/train/ai/vqdm_00108.png
adm_00207.png,train,ai,adm,/kaggle/working/genimage_8000_split_v4/train/ai/adm_00207.png
wukong_00354.png,train,ai,wukong,/kaggle/working/genimage_8000_split_v4/train/ai/wukong_00354.png
biggan_00058.png,train,ai,biggan,/kaggle/working/genimage_8000_split_v4/train/ai/biggan_00058.png
sdv5_00307.png,train,ai,sdv5,/kaggle/working/genimage_8000_split_v4/train/ai/sdv5_00307.png
vqdm_00159.png,train,ai,vqdm,/kaggle/working/genimage_8000_split_v4/train/ai/vqdm_00159.png
midjourney_00066.png,train,ai,midjourney,/kaggle/working/genimage_8000_split_v4/train/ai/midjourney_00066.png
vqdm_00238.png,train,ai,vqdm,/kaggle/working/genimage_8000_split_v4/train/ai/vqdm_00238.png
biggan_00280.png,train,ai,biggan,/kaggle/working/genimage_8000_split_v4/train/ai/biggan_00280.png
biggan_00225.png,train,ai,biggan,/kaggle/working/genimage_8000_split_v4/train/ai/biggan_00225.png
midjourney_00203.png,train,ai,midjourney,/kaggle/working/genimage_8000_split_v4/train/ai/midjourney_00203.png
midjourney_00080.png,train,ai,midjourney,/kaggle/working/genimage_8000_split_v4/train/ai/midjourney_00080.png
midjourney_00368.png,train,ai,midjourney,/kaggle/working/genimage_8000_split_v4/train/ai/midjourney_00368.png
sdv5_00366.png,train,ai,sdv5,/kaggle/working/genimage_8000_split_v4/train/ai/sdv5_00366.png
biggan_00276.png,train,ai,biggan,/kaggle/working/genimage_8000_split_v4/train/ai/biggan_00276.png
adm_00005.png,train,ai,adm,/kaggle/working/genimage_8000_split_v4/train/ai/adm_00005.png
adm_00191.png,train,ai,adm,/kaggle/working/genimage_8000_split_v4/train/ai/adm_00191.png
adm_00192.png,train,ai,adm,/kaggle/working/genimage_8000_split_v4/train/ai/adm_00192.png
sdv5_00215.png,train,ai,sdv5,/kaggle/working/genimage_8000_split_v4/train/ai/sdv5_00215.png
vqdm_00196.png,train,ai,vqdm,/kaggle/working/genimage_8000_split_v4/train/ai/vqdm_00196.png
wukong_00348.png,train,ai,wukong,/kaggle/working/genimage_8000_split_v4/train/ai/wukong_00348.png
midjourney_00194.png,train,ai,midjourney,/kaggle/working/genimage_8000_split_v4/train/ai/midjourney_00194.png
adm_00003.png,train,ai,adm,/kaggle/working/genimage_8000_split_v4/train/ai/adm_00003.png
adm_00024.png,train,ai,adm,/kaggle/working/genimage_8000_split_v4/train/ai/adm_00024.png
sdv5_00000.png,train,ai,sdv5,/kaggle/working/genimage_8000_split_v4/train/ai/sdv5_00000.png
biggan_00001.png,train,ai,biggan,/kaggle/working/genimage_8000_split_v4/train/ai/biggan_00001.png
vqdm_00014.png,train,ai,vqdm,/kaggle/working/genimage_8000_split_v4/train/ai/vqdm_00014.png
vqdm_00391.png,train,ai,vqdm,/kaggle/working/genimage_8000_split_v4/train/ai/vqdm_00391.png
vqdm_00263.png,train,ai,vqdm,/kaggle/working/genimage_8000_split_v4/train/ai/vqdm_00263.png
adm_00384.png,train,ai,adm,/kaggle/working/genimage_8000_split_v4/train/ai/adm_00384.png
biggan_00028.png,train,ai,biggan,/kaggle/working/genimage_8000_split_v4/train/ai/biggan_00028.png
biggan_00219.png,train,ai,biggan,/kaggle/working/genimage_8000_split_v4/train/ai/biggan_00219.png
vqdm_00377.png,train,ai,vqdm,/kaggle/working/genimage_8000_split_v4/train/ai/vqdm_00377.png
midjourney_00028.png,train,ai,midjourney,/kaggle/working/genimage_8000_split_v4/train/ai/midjourney_00028.png
biggan_00027.png,train,ai,biggan,/kaggle/working/genimage_8000_split_v4/train/ai/biggan_00027.png
midjourney_00291.png,train,ai,midjourney,/kaggle/working/genimage_8000_split_v4/train/ai/midjourney_00291.png
wukong_00187.png,train,ai,wukong,/kaggle/working/genimage_8000_split_v4/train/ai/wukong_00187.png
midjourney_00268.png,train,ai,midjourney,/kaggle/working/genimage_8000_split_v4/train/ai/midjourney_00268.png
biggan_00159.png,train,ai,biggan,/kaggle/working/genimage_8000_split_v4/train/ai/biggan_00159.png
wukong_00320.png,train,ai,wukong,/kaggle/working/genimage_8000_split_v4/train/ai/wukong_00320.png
sdv5_00049.png,train,ai,sdv5,/kaggle/working/genimage_8000_split_v4/train/ai/sdv5_00049.png
sdv5_00237.png,train,ai,sdv5,/kaggle/working/genimage_8000_split_v4/train/ai/sdv5_00237.png
vqdm_00029.png,train,ai,vqdm,/kaggle/working/genimage_8000_split_v4/train/ai/vqdm_00029.png
biggan_00153.png,train,ai,biggan,/kaggle/working/genimage_8000_split_v4/train/ai/biggan_00153.png
adm_00035.png,train,ai,adm,/kaggle/working/genimage_8000_split_v4/train/ai/adm_00035.png
midjourney_00238.png,train,ai,midjourney,/kaggle/working/genimage_8000_split_v4/train/ai/midjourney_00238.png
adm_00011.png,train,ai,adm,/kaggle/working/genimage_8000_split_v4/train/ai/adm_00011.png
wukong_00276.png,train,ai,wukong,/kaggle/working/genimage_8000_split_v4/train/ai/wukong_00276.png
midjourney_00252.png,train,ai,midjourney,/kaggle/working/genimage_8000_split_v4/train/ai/midjourney_00252.png
midjourney_00138.png,train,ai,midjourney,/kaggle/working/genimage_8000_split_v4/train/ai/midjourney_00138.png
biggan_00169.png,train,ai,biggan,/kaggle/working/genimage_8000_split_v4/train/ai/biggan_00169.png
biggan_00078.png,train,ai,biggan,/kaggle/working/genimage_8000_split_v4/train/ai/biggan_00078.png
sdv5_00217.png,train,ai,sdv5,/kaggle/working/genimage_8000_split_v4/train/ai/sdv5_00217.png
midjourney_00259.png,train,ai,midjourney,/kaggle/working/genimage_8000_split_v4/train/ai/midjourney_00259.png
midjourney_00013.png,train,ai,midjourney,/kaggle/working/genimage_8000_split_v4/train/ai/midjourney_00013.png
sdv5_00067.png,train,ai,sdv5,/kaggle/working/genimage_8000_split_v4/train/ai/sdv5_00067.png
glide_00396.png,train,ai,glide,/kaggle/working/genimage_8000_split_v4/train/ai/glide_00396.png
sdv5_00174.png,train,ai,sdv5,/kaggle/working/genimage_8000_split_v4/train/ai/sdv5_00174.png
biggan_00006.png,train,ai,biggan,/kaggle/working/genimage_8000_split_v4/train/ai/biggan_00006.png
biggan_00135.png,train,ai,biggan,/kaggle/working/genimage_8000_split_v4/train/ai/biggan_00135.png
glide_00337.png,train,ai,glide,/kaggle/working/genimage_8000_split_v4/train/ai/glide_00337.png
sdv5_00308.png,train,ai,sdv5,/kaggle/working/genimage_8000_split_v4/train/ai/sdv5_00308.png
adm_00156.png,train,ai,adm,/kaggle/working/genimage_8000_split_v4/train/ai/adm_00156.png
adm_00325.png,train,ai,adm,/kaggle/working/genimage_8000_split_v4/train/ai/adm_00325.png
wukong_00368.png,train,ai,wukong,/kaggle/working/genimage_8000_split_v4/train/ai/wukong_00368.png
sdv5_00386.png,train,ai,sdv5,/kaggle/working/genimage_8000_split_v4/train/ai/sdv5_00386.png
vqdm_00102.png,train,ai,vqdm,/kaggle/working/genimage_8000_split_v4/train/ai/vqdm_00102.png
glide_00306.png,train,ai,glide,/kaggle/working/genimage_8000_split_v4/train/ai/glide_00306.png
glide_00239.png,train,ai,glide,/kaggle/working/genimage_8000_split_v4/train/ai/glide_00239.png
wukong_00196.png,train,ai,wukong,/kaggle/working/genimage_8000_split_v4/train/ai/wukong_00196.png
biggan_00279.png,train,ai,biggan,/kaggle/working/genimage_8000_split_v4/train/ai/biggan_00279.png
glide_00343.png,train,ai,glide,/kaggle/working/genimage_8000_split_v4/train/ai/glide_00343.png
biggan_00216.png,train,ai,biggan,/kaggle/working/genimage_8000_split_v4/train/ai/biggan_00216.png
glide_00136.png,train,ai,glide,/kaggle/working/genimage_8000_split_v4/train/ai/glide_00136.png
adm_00230.png,train,ai,adm,/kaggle/working/genimage_8000_split_v4/train/ai/adm_00230.png
adm_00357.png,train,ai,adm,/kaggle/working/genimage_8000_split_v4/train/ai/adm_00357.png
midjourney_00164.png,train,ai,midjourney,/kaggle/working/genimage_8000_split_v4/train/ai/midjourney_00164.png
adm_00125.png,train,ai,adm,/kaggle/working/genimage_8000_split_v4/train/ai/adm_00125.png
vqdm_00078.png,train,ai,vqdm,/kaggle/working/genimage_8000_split_v4/train/ai/vqdm_00078.png
wukong_00212.png,train,ai,wukong,/kaggle/working/genimage_8000_split_v4/train/ai/wukong_00212.png
vqdm_00262.png,train,ai,vqdm,/kaggle/working/genimage_8000_split_v4/train/ai/vqdm_00262.png
midjourney_00130.png,train,ai,midjourney,/kaggle/working/genimage_8000_split_v4/train/ai/midjourney_00130.png
glide_00049.png,train,ai,glide,/kaggle/working/genimage_8000_split_v4/train/ai/glide_00049.png
sdv5_00333.png,train,ai,sdv5,/kaggle/working/genimage_8000_split_v4/train/ai/sdv5_00333.png
biggan_00165.png,train,ai,biggan,/kaggle/working/genimage_8000_split_v4/train/ai/biggan_00165.png
vqdm_00146.png,train,ai,vqdm,/kaggle/working/genimage_8000_split_v4/train/ai/vqdm_00146.png
midjourney_00324.png,train,ai,midjourney,/kaggle/working/genimage_8000_split_v4/train/ai/midjourney_00324.png
midjourney_00050.png,train,ai,midjourney,/kaggle/working/genimage_8000_split_v4/train/ai/midjourney_00050.png
biggan_00316.png,train,ai,biggan,/kaggle/working/genimage_8000_split_v4/train/ai/biggan_00316.png
glide_00017.png,train,ai,glide,/kaggle/working/genimage_8000_split_v4/train/ai/glide_00017.png
glide_00152.png,train,ai,glide,/kaggle/working/genimage_8000_split_v4/train/ai/glide_00152.png
glide_00095.png,train,ai,glide,/kaggle/working/genimage_8000_split_v4/train/ai/glide_00095.png
midjourney_00302.png,train,ai,midjourney,/kaggle/working/genimage_8000_split_v4/train/ai/midjourney_00302.png
glide_00132.png,train,ai,glide,/kaggle/working/genimage_8000_split_v4/train/ai/glide_00132.png
wukong_00008.png,train,ai,wukong,/kaggle/working/genimage_8000_split_v4/train/ai/wukong_00008.png
wukong_00285.png,train,ai,wukong,/kaggle/working/genimage_8000_split_v4/train/ai/wukong_00285.png
wukong_00216.png,train,ai,wukong,/kaggle/working/genimage_8000_split_v4/train/ai/wukong_00216.png
sdv5_00383.png,train,ai,sdv5,/kaggle/working/genimage_8000_split_v4/train/ai/sdv5_00383.png
wukong_00152.png,train,ai,wukong,/kaggle/working/genimage_8000_split_v4/train/ai/wukong_00152.png
vqdm_00089.png,train,ai,vqdm,/kaggle/working/genimage_8000_split_v4/train/ai/vqdm_00089.png
sdv5_00014.png,train,ai,sdv5,/kaggle/working/genimage_8000_split_v4/train/ai/sdv5_00014.png
biggan_00391.png,train,ai,biggan,/kaggle/working/genimage_8000_split_v4/train/ai/biggan_00391.png
glide_00090.png,train,ai,glide,/kaggle/working/genimage_8000_split_v4/train/ai/glide_00090.png
biggan_00052.png,train,ai,biggan,/kaggle/working/genimage_8000_split_v4/train/ai/biggan_00052.png
midjourney_00173.png,train,ai,midjourney,/kaggle/working/genimage_8000_split_v4/train/ai/midjourney_00173.png
midjourney_00141.png,train,ai,midjourney,/kaggle/working/genimage_8000_split_v4/train/ai/midjourney_00141.png
glide_00347.png,train,ai,glide,/kaggle/working/genimage_8000_split_v4/train/ai/glide_00347.png
wukong_00263.png,train,ai,wukong,/kaggle/working/genimage_8000_split_v4/train/ai/wukong_00263.png
adm_00323.png,train,ai,adm,/kaggle/working/genimage_8000_split_v4/train/ai/adm_00323.png
glide_00290.png,train,ai,glide,/kaggle/working/genimage_8000_split_v4/train/ai/glide_00290.png
wukong_00059.png,train,ai,wukong,/kaggle/working/genimage_8000_split_v4/train/ai/wukong_00059.png
vqdm_00137.png,train,ai,vqdm,/kaggle/working/genimage_8000_split_v4/train/ai/vqdm_00137.png
glide_00078.png,train,ai,glide,/kaggle/working/genimage_8000_split_v4/train/ai/glide_00078.png
sdv5_00268.png,train,ai,sdv5,/kaggle/working/genimage_8000_split_v4/train/ai/sdv5_00268.png
sdv5_00225.png,train,ai,sdv5,/kaggle/working/genimage_8000_split_v4/train/ai/sdv5_00225.png
biggan_00394.png,train,ai,biggan,/kaggle/working/genimage_8000_split_v4/train/ai/biggan_00394.png
wukong_00157.png,train,ai,wukong,/kaggle/working/genimage_8000_split_v4/train/ai/wukong_00157.png
midjourney_00295.png,train,ai,midjourney,/kaggle/working/genimage_8000_split_v4/train/ai/midjourney_00295.png
biggan_00208.png,train,ai,biggan,/kaggle/working/genimage_8000_split_v4/train/ai/biggan_00208.png
adm_00034.png,train,ai,adm,/kaggle/working/genimage_8000_split_v4/train/ai/adm_00034.png
biggan_00365.png,train,ai,biggan,/kaggle/working/genimage_8000_split_v4/train/ai/biggan_00365.png
midjourney_00098.png,train,ai,midjourney,/kaggle/working/genimage_8000_split_v4/train/ai/midjourney_00098.png
wukong_00006.png,train,ai,wukong,/kaggle/working/genimage_8000_split_v4/train/ai/wukong_00006.png
biggan_00046.png,train,ai,biggan,/kaggle/working/genimage_8000_split_v4/train/ai/biggan_00046.png
midjourney_00142.png,train,ai,midjourney,/kaggle/working/genimage_8000_split_v4/train/ai/midjourney_00142.png
adm_00355.png,train,ai,adm,/kaggle/working/genimage_8000_split_v4/train/ai/adm_00355.png
wukong_00073.png,train,ai,wukong,/kaggle/working/genimage_8000_split_v4/train/ai/wukong_00073.png
midjourney_00046.png,train,ai,midjourney,/kaggle/working/genimage_8000_split_v4/train/ai/midjourney_00046.png
glide_00068.png,train,ai,glide,/kaggle/working/genimage_8000_split_v4/train/ai/glide_00068.png
midjourney_00058.png,train,ai,midjourney,/kaggle/working/genimage_8000_split_v4/train/ai/midjourney_00058.png
vqdm_00269.png,train,ai,vqdm,/kaggle/working/genimage_8000_split_v4/train/ai/vqdm_00269.png
glide_00001.png,train,ai,glide,/kaggle/working/genimage_8000_split_v4/train/ai/glide_00001.png
wukong_00086.png,train,ai,wukong,/kaggle/working/genimage_8000_split_v4/train/ai/wukong_00086.png
glide_00041.png,train,ai,glide,/kaggle/working/genimage_8000_split_v4/train/ai/glide_00041.png
glide_00148.png,train,ai,glide,/kaggle/working/genimage_8000_split_v4/train/ai/glide_00148.png
sdv5_00138.png,train,ai,sdv5,/kaggle/working/genimage_8000_split_v4/train/ai/sdv5_00138.png
sdv5_00310.png,train,ai,sdv5,/kaggle/working/genimage_8000_split_v4/train/ai/sdv5_00310.png
glide_00178.png,train,ai,glide,/kaggle/working/genimage_8000_split_v4/train/ai/glide_00178.png
glide_00285.png,train,ai,glide,/kaggle/working/genimage_8000_split_v4/train/ai/glide_00285.png
glide_00014.png,train,ai,glide,/kaggle/working/genimage_8000_split_v4/train/ai/glide_00014.png
sdv5_00289.png,train,ai,sdv5,/kaggle/working/genimage_8000_split_v4/train/ai/sdv5_00289.png
adm_00013.png,train,ai,adm,/kaggle/working/genimage_8000_split_v4/train/ai/adm_00013.png
sdv5_00100.png,train,ai,sdv5,/kaggle/working/genimage_8000_split_v4/train/ai/sdv5_00100.png
midjourney_00356.png,train,ai,midjourney,/kaggle/working/genimage_8000_split_v4/train/ai/midjourney_00356.png
glide_00063.png,train,ai,glide,/kaggle/working/genimage_8000_split_v4/train/ai/glide_00063.png
adm_00239.png,train,ai,adm,/kaggle/working/genimage_8000_split_v4/train/ai/adm_00239.png
biggan_00371.png,train,ai,biggan,/kaggle/working/genimage_8000_split_v4/train/ai/biggan_00371.png
midjourney_00376.png,train,ai,midjourney,/kaggle/working/genimage_8000_split_v4/train/ai/midjourney_00376.png
biggan_00370.png,train,ai,biggan,/kaggle/working/genimage_8000_split_v4/train/ai/biggan_00370.png
adm_00250.png,train,ai,adm,/kaggle/working/genimage_8000_split_v4/train/ai/adm_00250.png
adm_00288.png,train,ai,adm,/kaggle/working/genimage_8000_split_v4/train/ai/adm_00288.png
wukong_00045.png,train,ai,wukong,/kaggle/working/genimage_8000_split_v4/train/ai/wukong_00045.png
biggan_00079.png,train,ai,biggan,/kaggle/working/genimage_8000_split_v4/train/ai/biggan_00079.png
adm_00280.png,train,ai,adm,/kaggle/working/genimage_8000_split_v4/train/ai/adm_00280.png
glide_00328.png,train,ai,glide,/kaggle/working/genimage_8000_split_v4/train/ai/glide_00328.png
wukong_00225.png,train,ai,wukong,/kaggle/working/genimage_8000_split_v4/train/ai/wukong_00225.png
midjourney_00092.png,train,ai,midjourney,/kaggle/working/genimage_8000_split_v4/train/ai/midjourney_00092.png
midjourney_00249.png,train,ai,midjourney,/kaggle/working/genimage_8000_split_v4/train/ai/midjourney_00249.png
adm_00002.png,train,ai,adm,/kaggle/working/genimage_8000_split_v4/train/ai/adm_00002.png
midjourney_00041.png,train,ai,midjourney,/kaggle/working/genimage_8000_split_v4/train/ai/midjourney_00041.png
biggan_00118.png,train,ai,biggan,/kaggle/working/genimage_8000_split_v4/train/ai/biggan_00118.png
sdv5_00355.png,train,ai,sdv5,/kaggle/working/genimage_8000_split_v4/train/ai/sdv5_00355.png
biggan_00341.png,train,ai,biggan,/kaggle/working/genimage_8000_split_v4/train/ai/biggan_00341.png
vqdm_00280.png,train,ai,vqdm,/kaggle/working/genimage_8000_split_v4/train/ai/vqdm_00280.png
adm_00152.png,train,ai,adm,/kaggle/working/genimage_8000_split_v4/train/ai/adm_00152.png
biggan_00133.png,train,ai,biggan,/kaggle/working/genimage_8000_split_v4/train/ai/biggan_00133.png
adm_00092.png,train,ai,adm,/kaggle/working/genimage_8000_split_v4/train/ai/adm_00092.png
adm_00268.png,train,ai,adm,/kaggle/working/genimage_8000_split_v4/train/ai/adm_00268.png
vqdm_00044.png,train,ai,vqdm,/kaggle/working/genimage_8000_split_v4/train/ai/vqdm_00044.png
wukong_00339.png,train,ai,wukong,/kaggle/working/genimage_8000_split_v4/train/ai/wukong_00339.png
adm_00226.png,train,ai,adm,/kaggle/working/genimage_8000_split_v4/train/ai/adm_00226.png
midjourney_00287.png,train,ai,midjourney,/kaggle/working/genimage_8000_split_v4/train/ai/midjourney_00287.png
adm_00043.png,train,ai,adm,/kaggle/working/genimage_8000_split_v4/train/ai/adm_00043.png
sdv5_00275.png,train,ai,sdv5,/kaggle/working/genimage_8000_split_v4/train/ai/sdv5_00275.png
sdv5_00017.png,train,ai,sdv5,/kaggle/working/genimage_8000_split_v4/train/ai/sdv5_00017.png
vqdm_00235.png,train,ai,vqdm,/kaggle/working/genimage_8000_split_v4/train/ai/vqdm_00235.png
sdv5_00360.png,train,ai,sdv5,/kaggle/working/genimage_8000_split_v4/train/ai/sdv5_00360.png
adm_00279.png,train,ai,adm,/kaggle/working/genimage_8000_split_v4/train/ai/adm_00279.png
midjourney_00090.png,train,ai,midjourney,/kaggle/working/genimage_8000_split_v4/train/ai/midjourney_00090.png
vqdm_00095.png,train,ai,vqdm,/kaggle/working/genimage_8000_split_v4/train/ai/vqdm_00095.png
vqdm_00052.png,train,ai,vqdm,/kaggle/working/genimage_8000_split_v4/train/ai/vqdm_00052.png
vqdm_00357.png,train,ai,vqdm,/kaggle/working/genimage_8000_split_v4/train/ai/vqdm_00357.png
vqdm_00352.png,train,ai,vqdm,/kaggle/working/genimage_8000_split_v4/train/ai/vqdm_00352.png
wukong_00279.png,train,ai,wukong,/kaggle/working/genimage_8000_split_v4/train/ai/wukong_00279.png
adm_00036.png,train,ai,adm,/kaggle/working/genimage_8000_split_v4/train/ai/adm_00036.png
adm_00385.png,train,ai,adm,/kaggle/working/genimage_8000_split_v4/train/ai/adm_00385.png
biggan_00083.png,train,ai,biggan,/kaggle/working/genimage_8000_split_v4/train/ai/biggan_00083.png
midjourney_00095.png,train,ai,midjourney,/kaggle/working/genimage_8000_split_v4/train/ai/midjourney_00095.png
glide_00020.png,train,ai,glide,/kaggle/working/genimage_8000_split_v4/train/ai/glide_00020.png
adm_00344.png,train,ai,adm,/kaggle/working/genimage_8000_split_v4/train/ai/adm_00344.png
midjourney_00054.png,train,ai,midjourney,/kaggle/working/genimage_8000_split_v4/train/ai/midjourney_00054.png
adm_00138.png,train,ai,adm,/kaggle/working/genimage_8000_split_v4/train/ai/adm_00138.png
sdv5_00109.png,train,ai,sdv5,/kaggle/working/genimage_8000_split_v4/train/ai/sdv5_00109.png
glide_00282.png,train,ai,glide,/kaggle/working/genimage_8000_split_v4/train/ai/glide_00282.png
biggan_00283.png,train,ai,biggan,/kaggle/working/genimage_8000_split_v4/train/ai/biggan_00283.png
biggan_00399.png,train,ai,biggan,/kaggle/working/genimage_8000_split_v4/train/ai/biggan_00399.png
adm_00304.png,train,ai,adm,/kaggle/working/genimage_8000_split_v4/train/ai/adm_00304.png
glide_00262.png,train,ai,glide,/kaggle/working/genimage_8000_split_v4/train/ai/glide_00262.png
biggan_00126.png,train,ai,biggan,/kaggle/working/genimage_8000_split_v4/train/ai/biggan_00126.png
biggan_00162.png,train,ai,biggan,/kaggle/working/genimage_8000_split_v4/train/ai/biggan_00162.png
vqdm_00286.png,train,ai,vqdm,/kaggle/working/genimage_8000_split_v4/train/ai/vqdm_00286.png
vqdm_00246.png,train,ai,vqdm,/kaggle/working/genimage_8000_split_v4/train/ai/vqdm_00246.png
sdv5_00147.png,train,ai,sdv5,/kaggle/working/genimage_8000_split_v4/train/ai/sdv5_00147.png
glide_00092.png,train,ai,glide,/kaggle/working/genimage_8000_split_v4/train/ai/glide_00092.png
adm_00395.png,train,ai,adm,/kaggle/working/genimage_8000_split_v4/train/ai/adm_00395.png
wukong_00201.png,train,ai,wukong,/kaggle/working/genimage_8000_split_v4/train/ai/wukong_00201.png
adm_00032.png,train,ai,adm,/kaggle/working/genimage_8000_split_v4/train/ai/adm_00032.png
sdv5_00193.png,train,ai,sdv5,/kaggle/working/genimage_8000_split_v4/train/ai/sdv5_00193.png
adm_00341.png,train,ai,adm,/kaggle/working/genimage_8000_split_v4/train/ai/adm_00341.png
midjourney_00216.png,train,ai,midjourney,/kaggle/working/genimage_8000_split_v4/train/ai/midjourney_00216.png
glide_00179.png,train,ai,glide,/kaggle/working/genimage_8000_split_v4/train/ai/glide_00179.png
midjourney_00314.png,train,ai,midjourney,/kaggle/working/genimage_8000_split_v4/train/ai/midjourney_00314.png
adm_00122.png,train,ai,adm,/kaggle/working/genimage_8000_split_v4/train/ai/adm_00122.png
wukong_00214.png,train,ai,wukong,/kaggle/working/genimage_8000_split_v4/train/ai/wukong_00214.png
biggan_00282.png,train,ai,biggan,/kaggle/working/genimage_8000_split_v4/train/ai/biggan_00282.png
midjourney_00285.png,train,ai,midjourney,/kaggle/working/genimage_8000_split_v4/train/ai/midjourney_00285.png
biggan_00374.png,train,ai,biggan,/kaggle/working/genimage_8000_split_v4/train/ai/biggan_00374.png
glide_00058.png,train,ai,glide,/kaggle/working/genimage_8000_split_v4/train/ai/glide_00058.png
sdv5_00329.png,train,ai,sdv5,/kaggle/working/genimage_8000_split_v4/train/ai/sdv5_00329.png
vqdm_00368.png,train,ai,vqdm,/kaggle/working/genimage_8000_split_v4/train/ai/vqdm_00368.png
glide_00191.png,train,ai,glide,/kaggle/working/genimage_8000_split_v4/train/ai/glide_00191.png
vqdm_00008.png,train,ai,vqdm,/kaggle/working/genimage_8000_split_v4/train/ai/vqdm_00008.png
adm_00026.png,train,ai,adm,/kaggle/working/genimage_8000_split_v4/train/ai/adm_00026.png
glide_00338.png,train,ai,glide,/kaggle/working/genimage_8000_split_v4/train/ai/glide_00338.png
wukong_00242.png,train,ai,wukong,/kaggle/working/genimage_8000_split_v4/train/ai/wukong_00242.png
midjourney_00082.png,train,ai,midjourney,/kaggle/working/genimage_8000_split_v4/train/ai/midjourney_00082.png
biggan_00198.png,train,ai,biggan,/kaggle/working/genimage_8000_split_v4/train/ai/biggan_00198.png
sdv5_00223.png,train,ai,sdv5,/kaggle/working/genimage_8000_split_v4/train/ai/sdv5_00223.png
wukong_00012.png,train,ai,wukong,/kaggle/working/genimage_8000_split_v4/train/ai/wukong_00012.png
vqdm_00384.png,train,ai,vqdm,/kaggle/working/genimage_8000_split_v4/train/ai/vqdm_00384.png
vqdm_00182.png,train,ai,vqdm,/kaggle/working/genimage_8000_split_v4/train/ai/vqdm_00182.png
wukong_00361.png,train,ai,wukong,/kaggle/working/genimage_8000_split_v4/train/ai/wukong_00361.png
sdv5_00271.png,train,ai,sdv5,/kaggle/working/genimage_8000_split_v4/train/ai/sdv5_00271.png
vqdm_00271.png,train,ai,vqdm,/kaggle/working/genimage_8000_split_v4/train/ai/vqdm_00271.png
biggan_00187.png,train,ai,biggan,/kaggle/working/genimage_8000_split_v4/train/ai/biggan_00187.png
vqdm_00339.png,train,ai,vqdm,/kaggle/working/genimage_8000_split_v4/train/ai/vqdm_00339.png
wukong_00087.png,train,ai,wukong,/kaggle/working/genimage_8000_split_v4/train/ai/wukong_00087.png
glide_00048.png,train,ai,glide,/kaggle/working/genimage_8000_split_v4/train/ai/glide_00048.png
midjourney_00033.png,train,ai,midjourney,/kaggle/working/genimage_8000_split_v4/train/ai/midjourney_00033.png
adm_00117.png,train,ai,adm,/kaggle/working/genimage_8000_split_v4/train/ai/adm_00117.png
biggan_00150.png,train,ai,biggan,/kaggle/working/genimage_8000_split_v4/train/ai/biggan_00150.png
sdv5_00373.png,train,ai,sdv5,/kaggle/working/genimage_8000_split_v4/train/ai/sdv5_00373.png
vqdm_00060.png,train,ai,vqdm,/kaggle/working/genimage_8000_split_v4/train/ai/vqdm_00060.png
midjourney_00377.png,train,ai,midjourney,/kaggle/working/genimage_8000_split_v4/train/ai/midjourney_00377.png
wukong_00340.png,train,ai,wukong,/kaggle/working/genimage_8000_split_v4/train/ai/wukong_00340.png
glide_00286.png,train,ai,glide,/kaggle/working/genimage_8000_split_v4/train/ai/glide_00286.png
midjourney_00114.png,train,ai,midjourney,/kaggle/working/genimage_8000_split_v4/train/ai/midjourney_00114.png
sdv5_00122.png,train,ai,sdv5,/kaggle/working/genimage_8000_split_v4/train/ai/sdv5_00122.png
wukong_00288.png,train,ai,wukong,/kaggle/working/genimage_8000_split_v4/train/ai/wukong_00288.png
sdv5_00240.png,train,ai,sdv5,/kaggle/working/genimage_8000_split_v4/train/ai/sdv5_00240.png
sdv5_00347.png,train,ai,sdv5,/kaggle/working/genimage_8000_split_v4/train/ai/sdv5_00347.png
biggan_00194.png,train,ai,biggan,/kaggle/working/genimage_8000_split_v4/train/ai/biggan_00194.png
wukong_00052.png,train,ai,wukong,/kaggle/working/genimage_8000_split_v4/train/ai/wukong_00052.png
biggan_00234.png,train,ai,biggan,/kaggle/working/genimage_8000_split_v4/train/ai/biggan_00234.png
adm_00021.png,train,ai,adm,/kaggle/working/genimage_8000_split_v4/train/ai/adm_00021.png
vqdm_00099.png,train,ai,vqdm,/kaggle/working/genimage_8000_split_v4/train/ai/vqdm_00099.png
adm_00173.png,train,ai,adm,/kaggle/working/genimage_8000_split_v4/train/ai/adm_00173.png
wukong_00042.png,train,ai,wukong,/kaggle/working/genimage_8000_split_v4/train/ai/wukong_00042.png
vqdm_00311.png,train,ai,vqdm,/kaggle/working/genimage_8000_split_v4/train/ai/vqdm_00311.png
vqdm_00250.png,train,ai,vqdm,/kaggle/working/genimage_8000_split_v4/train/ai/vqdm_00250.png
midjourney_00276.png,train,ai,midjourney,/kaggle/working/genimage_8000_split_v4/train/ai/midjourney_00276.png
vqdm_00071.png,train,ai,vqdm,/kaggle/working/genimage_8000_split_v4/train/ai/vqdm_00071.png
sdv5_00226.png,train,ai,sdv5,/kaggle/working/genimage_8000_split_v4/train/ai/sdv5_00226.png
sdv5_00372.png,train,ai,sdv5,/kaggle/working/genimage_8000_split_v4/train/ai/sdv5_00372.png
glide_00026.png,train,ai,glide,/kaggle/working/genimage_8000_split_v4/train/ai/glide_00026.png
biggan_00019.png,train,ai,biggan,/kaggle/working/genimage_8000_split_v4/train/ai/biggan_00019.png
adm_00291.png,train,ai,adm,/kaggle/working/genimage_8000_split_v4/train/ai/adm_00291.png
adm_00232.png,train,ai,adm,/kaggle/working/genimage_8000_split_v4/train/ai/adm_00232.png
adm_00379.png,train,ai,adm,/kaggle/working/genimage_8000_split_v4/train/ai/adm_00379.png
midjourney_00325.png,train,ai,midjourney,/kaggle/working/genimage_8000_split_v4/train/ai/midjourney_00325.png
adm_00289.png,train,ai,adm,/kaggle/working/genimage_8000_split_v4/train/ai/adm_00289.png
adm_00255.png,train,ai,adm,/kaggle/working/genimage_8000_split_v4/train/ai/adm_00255.png
glide_00051.png,train,ai,glide,/kaggle/working/genimage_8000_split_v4/train/ai/glide_00051.png
adm_00174.png,train,ai,adm,/kaggle/working/genimage_8000_split_v4/train/ai/adm_00174.png
sdv5_00302.png,train,ai,sdv5,/kaggle/working/genimage_8000_split_v4/train/ai/sdv5_00302.png
midjourney_00101.png,train,ai,midjourney,/kaggle/working/genimage_8000_split_v4/train/ai/midjourney_00101.png
adm_00343.png,train,ai,adm,/kaggle/working/genimage_8000_split_v4/train/ai/adm_00343.png
wukong_00102.png,train,ai,wukong,/kaggle/working/genimage_8000_split_v4/train/ai/wukong_00102.png
adm_00237.png,train,ai,adm,/kaggle/working/genimage_8000_split_v4/train/ai/adm_00237.png
midjourney_00347.png,train,ai,midjourney,/kaggle/working/genimage_8000_split_v4/train/ai/midjourney_00347.png
sdv5_00144.png,train,ai,sdv5,/kaggle/working/genimage_8000_split_v4/train/ai/sdv5_00144.png
adm_00056.png,train,ai,adm,/kaggle/working/genimage_8000_split_v4/train/ai/adm_00056.png
midjourney_00235.png,train,ai,midjourney,/kaggle/working/genimage_8000_split_v4/train/ai/midjourney_00235.png
adm_00263.png,train,ai,adm,/kaggle/working/genimage_8000_split_v4/train/ai/adm_00263.png
glide_00012.png,train,ai,glide,/kaggle/working/genimage_8000_split_v4/train/ai/glide_00012.png
sdv5_00136.png,train,ai,sdv5,/kaggle/working/genimage_8000_split_v4/train/ai/sdv5_00136.png
glide_00203.png,train,ai,glide,/kaggle/working/genimage_8000_split_v4/train/ai/glide_00203.png
adm_00214.png,train,ai,adm,/kaggle/working/genimage_8000_split_v4/train/ai/adm_00214.png
midjourney_00093.png,train,ai,midjourney,/kaggle/working/genimage_8000_split_v4/train/ai/midjourney_00093.png
vqdm_00217.png,train,ai,vqdm,/kaggle/working/genimage_8000_split_v4/train/ai/vqdm_00217.png
glide_00297.png,train,ai,glide,/kaggle/working/genimage_8000_split_v4/train/ai/glide_00297.png
adm_00017.png,train,ai,adm,/kaggle/working/genimage_8000_split_v4/train/ai/adm_00017.png
sdv5_00186.png,train,ai,sdv5,/kaggle/working/genimage_8000_split_v4/train/ai/sdv5_00186.png
vqdm_00191.png,train,ai,vqdm,/kaggle/working/genimage_8000_split_v4/train/ai/vqdm_00191.png
adm_00347.png,train,ai,adm,/kaggle/working/genimage_8000_split_v4/train/ai/adm_00347.png
wukong_00264.png,train,ai,wukong,/kaggle/working/genimage_8000_split_v4/train/ai/wukong_00264.png
glide_00284.png,train,ai,glide,/kaggle/working/genimage_8000_split_v4/train/ai/glide_00284.png
midjourney_00297.png,train,ai,midjourney,/kaggle/working/genimage_8000_split_v4/train/ai/midjourney_00297.png
wukong_00020.png,train,ai,wukong,/kaggle/working/genimage_8000_split_v4/train/ai/wukong_00020.png
sdv5_00339.png,train,ai,sdv5,/kaggle/working/genimage_8000_split_v4/train/ai/sdv5_00339.png
sdv5_00129.png,train,ai,sdv5,/kaggle/working/genimage_8000_split_v4/train/ai/sdv5_00129.png
wukong_00362.png,train,ai,wukong,/kaggle/working/genimage_8000_split_v4/train/ai/wukong_00362.png
adm_00111.png,train,ai,adm,/kaggle/working/genimage_8000_split_v4/train/ai/adm_00111.png
sdv5_00359.png,train,ai,sdv5,/kaggle/working/genimage_8000_split_v4/train/ai/sdv5_00359.png
biggan_00191.png,train,ai,biggan,/kaggle/working/genimage_8000_split_v4/train/ai/biggan_00191.png
midjourney_00207.png,train,ai,midjourney,/kaggle/working/genimage_8000_split_v4/train/ai/midjourney_00207.png
wukong_00181.png,train,ai,wukong,/kaggle/working/genimage_8000_split_v4/train/ai/wukong_00181.png
midjourney_00204.png,train,ai,midjourney,/kaggle/working/genimage_8000_split_v4/train/ai/midjourney_00204.png
biggan_00108.png,train,ai,biggan,/kaggle/working/genimage_8000_split_v4/train/ai/biggan_00108.png
sdv5_00069.png,train,ai,sdv5,/kaggle/working/genimage_8000_split_v4/train/ai/sdv5_00069.png
wukong_00351.png,train,ai,wukong,/kaggle/working/genimage_8000_split_v4/train/ai/wukong_00351.png
glide_00263.png,train,ai,glide,/kaggle/working/genimage_8000_split_v4/train/ai/glide_00263.png
wukong_00192.png,train,ai,wukong,/kaggle/working/genimage_8000_split_v4/train/ai/wukong_00192.png
sdv5_00323.png,train,ai,sdv5,/kaggle/working/genimage_8000_split_v4/train/ai/sdv5_00323.png
wukong_00162.png,train,ai,wukong,/kaggle/working/genimage_8000_split_v4/train/ai/wukong_00162.png
sdv5_00396.png,train,ai,sdv5,/kaggle/working/genimage_8000_split_v4/train/ai/sdv5_00396.png
wukong_00334.png,train,ai,wukong,/kaggle/working/genimage_8000_split_v4/train/ai/wukong_00334.png
adm_00209.png,train,ai,adm,/kaggle/working/genimage_8000_split_v4/train/ai/adm_00209.png
wukong_00250.png,train,ai,wukong,/kaggle/working/genimage_8000_split_v4/train/ai/wukong_00250.png
sdv5_00128.png,train,ai,sdv5,/kaggle/working/genimage_8000_split_v4/train/ai/sdv5_00128.png
vqdm_00064.png,train,ai,vqdm,/kaggle/working/genimage_8000_split_v4/train/ai/vqdm_00064.png
vqdm_00203.png,train,ai,vqdm,/kaggle/working/genimage_8000_split_v4/train/ai/vqdm_00203.png
vqdm_00198.png,train,ai,vqdm,/kaggle/working/genimage_8000_split_v4/train/ai/vqdm_00198.png
wukong_00050.png,train,ai,wukong,/kaggle/working/genimage_8000_split_v4/train/ai/wukong_00050.png
biggan_00163.png,train,ai,biggan,/kaggle/working/genimage_8000_split_v4/train/ai/biggan_00163.png
sdv5_00342.png,train,ai,sdv5,/kaggle/working/genimage_8000_split_v4/train/ai/sdv5_00342.png
glide_00032.png,train,ai,glide,/kaggle/working/genimage_8000_split_v4/train/ai/glide_00032.png
sdv5_00162.png,train,ai,sdv5,/kaggle/working/genimage_8000_split_v4/train/ai/sdv5_00162.png
adm_00332.png,train,ai,adm,/kaggle/working/genimage_8000_split_v4/train/ai/adm_00332.png
glide_00040.png,train,ai,glide,/kaggle/working/genimage_8000_split_v4/train/ai/glide_00040.png
glide_00064.png,train,ai,glide,/kaggle/working/genimage_8000_split_v4/train/ai/glide_00064.png
vqdm_00313.png,train,ai,vqdm,/kaggle/working/genimage_8000_split_v4/train/ai/vqdm_00313.png
adm_00016.png,train,ai,adm,/kaggle/working/genimage_8000_split_v4/train/ai/adm_00016.png
wukong_00109.png,train,ai,wukong,/kaggle/working/genimage_8000_split_v4/train/ai/wukong_00109.png
midjourney_00128.png,train,ai,midjourney,/kaggle/working/genimage_8000_split_v4/train/ai/midjourney_00128.png
midjourney_00154.png,train,ai,midjourney,/kaggle/working/genimage_8000_split_v4/train/ai/midjourney_00154.png
vqdm_00282.png,train,ai,vqdm,/kaggle/working/genimage_8000_split_v4/train/ai/vqdm_00282.png
biggan_00360.png,train,ai,biggan,/kaggle/working/genimage_8000_split_v4/train/ai/biggan_00360.png
sdv5_00183.png,train,ai,sdv5,/kaggle/working/genimage_8000_split_v4/train/ai/sdv5_00183.png
midjourney_00099.png,train,ai,midjourney,/kaggle/working/genimage_8000_split_v4/train/ai/midjourney_00099.png
vqdm_00254.png,train,ai,vqdm,/kaggle/working/genimage_8000_split_v4/train/ai/vqdm_00254.png
midjourney_00132.png,train,ai,midjourney,/kaggle/working/genimage_8000_split_v4/train/ai/midjourney_00132.png
biggan_00066.png,train,ai,biggan,/kaggle/working/genimage_8000_split_v4/train/ai/biggan_00066.png
vqdm_00013.png,train,ai,vqdm,/kaggle/working/genimage_8000_split_v4/train/ai/vqdm_00013.png
vqdm_00328.png,train,ai,vqdm,/kaggle/working/genimage_8000_split_v4/train/ai/vqdm_00328.png
adm_00300.png,train,ai,adm,/kaggle/working/genimage_8000_split_v4/train/ai/adm_00300.png
vqdm_00225.png,train,ai,vqdm,/kaggle/working/genimage_8000_split_v4/train/ai/vqdm_00225.png
midjourney_00206.png,train,ai,midjourney,/kaggle/working/genimage_8000_split_v4/train/ai/midjourney_00206.png
wukong_00208.png,train,ai,wukong,/kaggle/working/genimage_8000_split_v4/train/ai/wukong_00208.png
sdv5_00024.png,train,ai,sdv5,/kaggle/working/genimage_8000_split_v4/train/ai/sdv5_00024.png
vqdm_00379.png,train,ai,vqdm,/kaggle/working/genimage_8000_split_v4/train/ai/vqdm_00379.png
midjourney_00140.png,train,ai,midjourney,/kaggle/working/genimage_8000_split_v4/train/ai/midjourney_00140.png
glide_00161.png,train,ai,glide,/kaggle/working/genimage_8000_split_v4/train/ai/glide_00161.png
midjourney_00136.png,train,ai,midjourney,/kaggle/working/genimage_8000_split_v4/train/ai/midjourney_00136.png
sdv5_00030.png,train,ai,sdv5,/kaggle/working/genimage_8000_split_v4/train/ai/sdv5_00030.png
sdv5_00343.png,train,ai,sdv5,/kaggle/working/genimage_8000_split_v4/train/ai/sdv5_00343.png
wukong_00051.png,train,ai,wukong,/kaggle/working/genimage_8000_split_v4/train/ai/wukong_00051.png
wukong_00271.png,train,ai,wukong,/kaggle/working/genimage_8000_split_v4/train/ai/wukong_00271.png
sdv5_00332.png,train,ai,sdv5,/kaggle/working/genimage_8000_split_v4/train/ai/sdv5_00332.png
midjourney_00374.png,train,ai,midjourney,/kaggle/working/genimage_8000_split_v4/train/ai/midjourney_00374.png
wukong_00329.png,train,ai,wukong,/kaggle/working/genimage_8000_split_v4/train/ai/wukong_00329.png
glide_00158.png,train,ai,glide,/kaggle/working/genimage_8000_split_v4/train/ai/glide_00158.png
biggan_00227.png,train,ai,biggan,/kaggle/working/genimage_8000_split_v4/train/ai/biggan_00227.png
vqdm_00155.png,train,ai,vqdm,/kaggle/working/genimage_8000_split_v4/train/ai/vqdm_00155.png
sdv5_00077.png,train,ai,sdv5,/kaggle/working/genimage_8000_split_v4/train/ai/sdv5_00077.png
midjourney_00294.png,train,ai,midjourney,/kaggle/working/genimage_8000_split_v4/train/ai/midjourney_00294.png
wukong_00198.png,train,ai,wukong,/kaggle/working/genimage_8000_split_v4/train/ai/wukong_00198.png
midjourney_00345.png,train,ai,midjourney,/kaggle/working/genimage_8000_split_v4/train/ai/midjourney_00345.png
sdv5_00367.png,train,ai,sdv5,/kaggle/working/genimage_8000_split_v4/train/ai/sdv5_00367.png
biggan_00090.png,train,ai,biggan,/kaggle/working/genimage_8000_split_v4/train/ai/biggan_00090.png
biggan_00013.png,train,ai,biggan,/kaggle/working/genimage_8000_split_v4/train/ai/biggan_00013.png
wukong_00200.png,train,ai,wukong,/kaggle/working/genimage_8000_split_v4/train/ai/wukong_00200.png
vqdm_00180.png,train,ai,vqdm,/kaggle/working/genimage_8000_split_v4/train/ai/vqdm_00180.png
wukong_00064.png,train,ai,wukong,/kaggle/working/genimage_8000_split_v4/train/ai/wukong_00064.png
sdv5_00201.png,train,ai,sdv5,/kaggle/working/genimage_8000_split_v4/train/ai/sdv5_00201.png
vqdm_00025.png,train,ai,vqdm,/kaggle/working/genimage_8000_split_v4/train/ai/vqdm_00025.png
wukong_00172.png,train,ai,wukong,/kaggle/working/genimage_8000_split_v4/train/ai/wukong_00172.png
midjourney_00309.png,train,ai,midjourney,/kaggle/working/genimage_8000_split_v4/train/ai/midjourney_00309.png
glide_00119.png,train,ai,glide,/kaggle/working/genimage_8000_split_v4/train/ai/glide_00119.png
adm_00313.png,train,ai,adm,/kaggle/working/genimage_8000_split_v4/train/ai/adm_00313.png
glide_00002.png,train,ai,glide,/kaggle/working/genimage_8000_split_v4/train/ai/glide_00002.png
wukong_00323.png,train,ai,wukong,/kaggle/working/genimage_8000_split_v4/train/ai/wukong_00323.png
midjourney_00123.png,train,ai,midjourney,/kaggle/working/genimage_8000_split_v4/train/ai/midjourney_00123.png
glide_00168.png,train,ai,glide,/kaggle/working/genimage_8000_split_v4/train/ai/glide_00168.png
midjourney_00231.png,train,ai,midjourney,/kaggle/working/genimage_8000_split_v4/train/ai/midjourney_00231.png
wukong_00355.png,train,ai,wukong,/kaggle/working/genimage_8000_split_v4/train/ai/wukong_00355.png
glide_00202.png,train,ai,glide,/kaggle/working/genimage_8000_split_v4/train/ai/glide_00202.png
midjourney_00079.png,train,ai,midjourney,/kaggle/working/genimage_8000_split_v4/train/ai/midjourney_00079.png
glide_00165.png,train,ai,glide,/kaggle/working/genimage_8000_split_v4/train/ai/glide_00165.png
midjourney_00304.png,train,ai,midjourney,/kaggle/working/genimage_8000_split_v4/train/ai/midjourney_00304.png
wukong_00396.png,train,ai,wukong,/kaggle/working/genimage_8000_split_v4/train/ai/wukong_00396.png
biggan_00263.png,train,ai,biggan,/kaggle/working/genimage_8000_split_v4/train/ai/biggan_00263.png
wukong_00039.png,train,ai,wukong,/kaggle/working/genimage_8000_split_v4/train/ai/wukong_00039.png
midjourney_00146.png,train,ai,midjourney,/kaggle/working/genimage_8000_split_v4/train/ai/midjourney_00146.png
sdv5_00379.png,train,ai,sdv5,/kaggle/working/genimage_8000_split_v4/train/ai/sdv5_00379.png
sdv5_00354.png,train,ai,sdv5,/kaggle/working/genimage_8000_split_v4/train/ai/sdv5_00354.png
sdv5_00210.png,train,ai,sdv5,/kaggle/working/genimage_8000_split_v4/train/ai/sdv5_00210.png
midjourney_00337.png,train,ai,midjourney,/kaggle/working/genimage_8000_split_v4/train/ai/midjourney_00337.png
biggan_00390.png,train,ai,biggan,/kaggle/working/genimage_8000_split_v4/train/ai/biggan_00390.png
sdv5_00264.png,train,ai,sdv5,/kaggle/working/genimage_8000_split_v4/train/ai/sdv5_00264.png
adm_00351.png,train,ai,adm,/kaggle/working/genimage_8000_split_v4/train/ai/adm_00351.png
midjourney_00224.png,train,ai,midjourney,/kaggle/working/genimage_8000_split_v4/train/ai/midjourney_00224.png
sdv5_00365.png,train,ai,sdv5,/kaggle/working/genimage_8000_split_v4/train/ai/sdv5_00365.png
glide_00216.png,train,ai,glide,/kaggle/working/genimage_8000_split_v4/train/ai/glide_00216.png
wukong_00108.png,train,ai,wukong,/kaggle/working/genimage_8000_split_v4/train/ai/wukong_00108.png
vqdm_00020.png,train,ai,vqdm,/kaggle/working/genimage_8000_split_v4/train/ai/vqdm_00020.png
midjourney_00393.png,train,ai,midjourney,/kaggle/working/genimage_8000_split_v4/train/ai/midjourney_00393.png
sdv5_00032.png,train,ai,sdv5,/kaggle/working/genimage_8000_split_v4/train/ai/sdv5_00032.png
adm_00271.png,train,ai,adm,/kaggle/working/genimage_8000_split_v4/train/ai/adm_00271.png
sdv5_00003.png,train,ai,sdv5,/kaggle/working/genimage_8000_split_v4/train/ai/sdv5_00003.png
adm_00390.png,train,ai,adm,/kaggle/working/genimage_8000_split_v4/train/ai/adm_00390.png
sdv5_00117.png,train,ai,sdv5,/kaggle/working/genimage_8000_split_v4/train/ai/sdv5_00117.png
adm_00241.png,train,ai,adm,/kaggle/working/genimage_8000_split_v4/train/ai/adm_00241.png
glide_00215.png,train,ai,glide,/kaggle/working/genimage_8000_split_v4/train/ai/glide_00215.png
sdv5_00127.png,train,ai,sdv5,/kaggle/working/genimage_8000_split_v4/train/ai/sdv5_00127.png
wukong_00078.png,train,ai,wukong,/kaggle/working/genimage_8000_split_v4/train/ai/wukong_00078.png
sdv5_00190.png,train,ai,sdv5,/kaggle/working/genimage_8000_split_v4/train/ai/sdv5_00190.png
wukong_00065.png,train,ai,wukong,/kaggle/working/genimage_8000_split_v4/train/ai/wukong_00065.png
sdv5_00338.png,train,ai,sdv5,/kaggle/working/genimage_8000_split_v4/train/ai/sdv5_00338.png
wukong_00107.png,train,ai,wukong,/kaggle/working/genimage_8000_split_v4/train/ai/wukong_00107.png
midjourney_00189.png,train,ai,midjourney,/kaggle/working/genimage_8000_split_v4/train/ai/midjourney_00189.png
adm_00144.png,train,ai,adm,/kaggle/working/genimage_8000_split_v4/train/ai/adm_00144.png
biggan_00111.png,train,ai,biggan,/kaggle/working/genimage_8000_split_v4/train/ai/biggan_00111.png
biggan_00014.png,train,ai,biggan,/kaggle/working/genimage_8000_split_v4/train/ai/biggan_00014.png
adm_00006.png,train,ai,adm,/kaggle/working/genimage_8000_split_v4/train/ai/adm_00006.png
wukong_00373.png,train,ai,wukong,/kaggle/working/genimage_8000_split_v4/train/ai/wukong_00373.png
wukong_00056.png,train,ai,wukong,/kaggle/working/genimage_8000_split_v4/train/ai/wukong_00056.png
vqdm_00154.png,train,ai,vqdm,/kaggle/working/genimage_8000_split_v4/train/ai/vqdm_00154.png
glide_00365.png,train,ai,glide,/kaggle/working/genimage_8000_split_v4/train/ai/glide_00365.png
sdv5_00196.png,train,ai,sdv5,/kaggle/working/genimage_8000_split_v4/train/ai/sdv5_00196.png
adm_00148.png,train,ai,adm,/kaggle/working/genimage_8000_split_v4/train/ai/adm_00148.png
biggan_00395.png,train,ai,biggan,/kaggle/working/genimage_8000_split_v4/train/ai/biggan_00395.png
adm_00196.png,train,ai,adm,/kaggle/working/genimage_8000_split_v4/train/ai/adm_00196.png
midjourney_00230.png,train,ai,midjourney,/kaggle/working/genimage_8000_split_v4/train/ai/midjourney_00230.png
adm_00339.png,train,ai,adm,/kaggle/working/genimage_8000_split_v4/train/ai/adm_00339.png
glide_00213.png,train,ai,glide,/kaggle/working/genimage_8000_split_v4/train/ai/glide_00213.png
biggan_00005.png,train,ai,biggan,/kaggle/working/genimage_8000_split_v4/train/ai/biggan_00005.png
vqdm_00315.png,train,ai,vqdm,/kaggle/working/genimage_8000_split_v4/train/ai/vqdm_00315.png
sdv5_00232.png,train,ai,sdv5,/kaggle/working/genimage_8000_split_v4/train/ai/sdv5_00232.png
wukong_00372.png,train,ai,wukong,/kaggle/working/genimage_8000_split_v4/train/ai/wukong_00372.png
wukong_00002.png,train,ai,wukong,/kaggle/working/genimage_8000_split_v4/train/ai/wukong_00002.png
glide_00170.png,train,ai,glide,/kaggle/working/genimage_8000_split_v4/train/ai/glide_00170.png
wukong_00294.png,train,ai,wukong,/kaggle/working/genimage_8000_split_v4/train/ai/wukong_00294.png
wukong_00392.png,train,ai,wukong,/kaggle/working/genimage_8000_split_v4/train/ai/wukong_00392.png
adm_00361.png,train,ai,adm,/kaggle/working/genimage_8000_split_v4/train/ai/adm_00361.png
glide_00259.png,train,ai,glide,/kaggle/working/genimage_8000_split_v4/train/ai/glide_00259.png
adm_00121.png,train,ai,adm,/kaggle/working/genimage_8000_split_v4/train/ai/adm_00121.png
adm_00253.png,train,ai,adm,/kaggle/working/genimage_8000_split_v4/train/ai/adm_00253.png
sdv5_00252.png,train,ai,sdv5,/kaggle/working/genimage_8000_split_v4/train/ai/sdv5_00252.png
adm_00231.png,train,ai,adm,/kaggle/working/genimage_8000_split_v4/train/ai/adm_00231.png
wukong_00055.png,train,ai,wukong,/kaggle/working/genimage_8000_split_v4/train/ai/wukong_00055.png
wukong_00195.png,train,ai,wukong,/kaggle/working/genimage_8000_split_v4/train/ai/wukong_00195.png
adm_00381.png,train,ai,adm,/kaggle/working/genimage_8000_split_v4/train/ai/adm_00381.png
sdv5_00016.png,train,ai,sdv5,/kaggle/working/genimage_8000_split_v4/train/ai/sdv5_00016.png
biggan_00065.png,train,ai,biggan,/kaggle/working/genimage_8000_split_v4/train/ai/biggan_00065.png
vqdm_00019.png,train,ai,vqdm,/kaggle/working/genimage_8000_split_v4/train/ai/vqdm_00019.png
biggan_00088.png,train,ai,biggan,/kaggle/working/genimage_8000_split_v4/train/ai/biggan_00088.png
biggan_00362.png,train,ai,biggan,/kaggle/working/genimage_8000_split_v4/train/ai/biggan_00362.png
biggan_00364.png,train,ai,biggan,/kaggle/working/genimage_8000_split_v4/train/ai/biggan_00364.png
adm_00258.png,train,ai,adm,/kaggle/working/genimage_8000_split_v4/train/ai/adm_00258.png
adm_00038.png,train,ai,adm,/kaggle/working/genimage_8000_split_v4/train/ai/adm_00038.png
vqdm_00107.png,train,ai,vqdm,/kaggle/working/genimage_8000_split_v4/train/ai/vqdm_00107.png
vqdm_00112.png,train,ai,vqdm,/kaggle/working/genimage_8000_split_v4/train/ai/vqdm_00112.png
midjourney_00326.png,train,ai,midjourney,/kaggle/working/genimage_8000_split_v4/train/ai/midjourney_00326.png
adm_00212.png,train,ai,adm,/kaggle/working/genimage_8000_split_v4/train/ai/adm_00212.png
biggan_00235.png,train,ai,biggan,/kaggle/working/genimage_8000_split_v4/train/ai/biggan_00235.png
wukong_00338.png,train,ai,wukong,/kaggle/working/genimage_8000_split_v4/train/ai/wukong_00338.png
glide_00349.png,train,ai,glide,/kaggle/working/genimage_8000_split_v4/train/ai/glide_00349.png
biggan_00246.png,train,ai,biggan,/kaggle/working/genimage_8000_split_v4/train/ai/biggan_00246.png
midjourney_00394.png,train,ai,midjourney,/kaggle/working/genimage_8000_split_v4/train/ai/midjourney_00394.png
sdv5_00044.png,train,ai,sdv5,/kaggle/working/genimage_8000_split_v4/train/ai/sdv5_00044.png
midjourney_00084.png,train,ai,midjourney,/kaggle/working/genimage_8000_split_v4/train/ai/midjourney_00084.png
glide_00289.png,train,ai,glide,/kaggle/working/genimage_8000_split_v4/train/ai/glide_00289.png
midjourney_00330.png,train,ai,midjourney,/kaggle/working/genimage_8000_split_v4/train/ai/midjourney_00330.png
sdv5_00362.png,train,ai,sdv5,/kaggle/working/genimage_8000_split_v4/train/ai/sdv5_00362.png
biggan_00299.png,train,ai,biggan,/kaggle/working/genimage_8000_split_v4/train/ai/biggan_00299.png
glide_00230.png,train,ai,glide,/kaggle/working/genimage_8000_split_v4/train/ai/glide_00230.png
biggan_00242.png,train,ai,biggan,/kaggle/working/genimage_8000_split_v4/train/ai/biggan_00242.png
midjourney_00177.png,train,ai,midjourney,/kaggle/working/genimage_8000_split_v4/train/ai/midjourney_00177.png
vqdm_00126.png,train,ai,vqdm,/kaggle/working/genimage_8000_split_v4/train/ai/vqdm_00126.png
vqdm_00387.png,train,ai,vqdm,/kaggle/working/genimage_8000_split_v4/train/ai/vqdm_00387.png
sdv5_00356.png,train,ai,sdv5,/kaggle/working/genimage_8000_split_v4/train/ai/sdv5_00356.png
midjourney_00208.png,train,ai,midjourney,/kaggle/working/genimage_8000_split_v4/train/ai/midjourney_00208.png
wukong_00131.png,train,ai,wukong,/kaggle/working/genimage_8000_split_v4/train/ai/wukong_00131.png
midjourney_00096.png,train,ai,midjourney,/kaggle/working/genimage_8000_split_v4/train/ai/midjourney_00096.png
adm_00134.png,train,ai,adm,/kaggle/working/genimage_8000_split_v4/train/ai/adm_00134.png
glide_00126.png,train,ai,glide,/kaggle/working/genimage_8000_split_v4/train/ai/glide_00126.png
wukong_00379.png,train,ai,wukong,/kaggle/working/genimage_8000_split_v4/train/ai/wukong_00379.png
wukong_00296.png,train,ai,wukong,/kaggle/working/genimage_8000_split_v4/train/ai/wukong_00296.png
glide_00205.png,train,ai,glide,/kaggle/working/genimage_8000_split_v4/train/ai/glide_00205.png
midjourney_00025.png,train,ai,midjourney,/kaggle/working/genimage_8000_split_v4/train/ai/midjourney_00025.png
glide_00103.png,train,ai,glide,/kaggle/working/genimage_8000_split_v4/train/ai/glide_00103.png
wukong_00123.png,train,ai,wukong,/kaggle/working/genimage_8000_split_v4/train/ai/wukong_00123.png
biggan_00061.png,train,ai,biggan,/kaggle/working/genimage_8000_split_v4/train/ai/biggan_00061.png
biggan_00322.png,train,ai,biggan,/kaggle/working/genimage_8000_split_v4/train/ai/biggan_00322.png
midjourney_00120.png,train,ai,midjourney,/kaggle/working/genimage_8000_split_v4/train/ai/midjourney_00120.png
sdv5_00071.png,train,ai,sdv5,/kaggle/working/genimage_8000_split_v4/train/ai/sdv5_00071.png
biggan_00074.png,train,ai,biggan,/kaggle/working/genimage_8000_split_v4/train/ai/biggan_00074.png
glide_00240.png,train,ai,glide,/kaggle/working/genimage_8000_split_v4/train/ai/glide_00240.png
vqdm_00077.png,train,ai,vqdm,/kaggle/working/genimage_8000_split_v4/train/ai/vqdm_00077.png
midjourney_00234.png,train,ai,midjourney,/kaggle/working/genimage_8000_split_v4/train/ai/midjourney_00234.png
midjourney_00001.png,train,ai,midjourney,/kaggle/working/genimage_8000_split_v4/train/ai/midjourney_00001.png
vqdm_00205.png,train,ai,vqdm,/kaggle/working/genimage_8000_split_v4/train/ai/vqdm_00205.png
vqdm_00363.png,train,ai,vqdm,/kaggle/working/genimage_8000_split_v4/train/ai/vqdm_00363.png
biggan_00274.png,train,ai,biggan,/kaggle/working/genimage_8000_split_v4/train/ai/biggan_00274.png
biggan_00069.png,train,ai,biggan,/kaggle/working/genimage_8000_split_v4/train/ai/biggan_00069.png
vqdm_00143.png,train,ai,vqdm,/kaggle/working/genimage_8000_split_v4/train/ai/vqdm_00143.png
midjourney_00331.png,train,ai,midjourney,/kaggle/working/genimage_8000_split_v4/train/ai/midjourney_00331.png
wukong_00299.png,train,ai,wukong,/kaggle/working/genimage_8000_split_v4/train/ai/wukong_00299.png
midjourney_00273.png,train,ai,midjourney,/kaggle/working/genimage_8000_split_v4/train/ai/midjourney_00273.png
glide_00005.png,train,ai,glide,/kaggle/working/genimage_8000_split_v4/train/ai/glide_00005.png
midjourney_00152.png,train,ai,midjourney,/kaggle/working/genimage_8000_split_v4/train/ai/midjourney_00152.png
sdv5_00015.png,train,ai,sdv5,/kaggle/working/genimage_8000_split_v4/train/ai/sdv5_00015.png
adm_00088.png,train,ai,adm,/kaggle/working/genimage_8000_split_v4/train/ai/adm_00088.png
vqdm_00012.png,train,ai,vqdm,/kaggle/working/genimage_8000_split_v4/train/ai/vqdm_00012.png
biggan_00249.png,train,ai,biggan,/kaggle/working/genimage_8000_split_v4/train/ai/biggan_00249.png
vqdm_00351.png,train,ai,vqdm,/kaggle/working/genimage_8000_split_v4/train/ai/vqdm_00351.png
wukong_00077.png,train,ai,wukong,/kaggle/working/genimage_8000_split_v4/train/ai/wukong_00077.png
wukong_00241.png,train,ai,wukong,/kaggle/working/genimage_8000_split_v4/train/ai/wukong_00241.png
midjourney_00150.png,train,ai,midjourney,/kaggle/working/genimage_8000_split_v4/train/ai/midjourney_00150.png
sdv5_00283.png,train,ai,sdv5,/kaggle/working/genimage_8000_split_v4/train/ai/sdv5_00283.png
glide_00280.png,train,ai,glide,/kaggle/working/genimage_8000_split_v4/train/ai/glide_00280.png
wukong_00267.png,train,ai,wukong,/kaggle/working/genimage_8000_split_v4/train/ai/wukong_00267.png
midjourney_00352.png,train,ai,midjourney,/kaggle/working/genimage_8000_split_v4/train/ai/midjourney_00352.png
wukong_00369.png,train,ai,wukong,/kaggle/working/genimage_8000_split_v4/train/ai/wukong_00369.png
wukong_00356.png,train,ai,wukong,/kaggle/working/genimage_8000_split_v4/train/ai/wukong_00356.png
midjourney_00023.png,train,ai,midjourney,/kaggle/working/genimage_8000_split_v4/train/ai/midjourney_00023.png
sdv5_00045.png,train,ai,sdv5,/kaggle/working/genimage_8000_split_v4/train/ai/sdv5_00045.png
midjourney_00290.png,train,ai,midjourney,/kaggle/working/genimage_8000_split_v4/train/ai/midjourney_00290.png
adm_00389.png,train,ai,adm,/kaggle/working/genimage_8000_split_v4/train/ai/adm_00389.png
glide_00275.png,train,ai,glide,/kaggle/working/genimage_8000_split_v4/train/ai/glide_00275.png
sdv5_00375.png,train,ai,sdv5,/kaggle/working/genimage_8000_split_v4/train/ai/sdv5_00375.png
midjourney_00353.png,train,ai,midjourney,/kaggle/working/genimage_8000_split_v4/train/ai/midjourney_00353.png
vqdm_00336.png,train,ai,vqdm,/kaggle/working/genimage_8000_split_v4/train/ai/vqdm_00336.png
adm_00377.png,train,ai,adm,/kaggle/working/genimage_8000_split_v4/train/ai/adm_00377.png
adm_00033.png,train,ai,adm,/kaggle/working/genimage_8000_split_v4/train/ai/adm_00033.png
glide_00291.png,train,ai,glide,/kaggle/working/genimage_8000_split_v4/train/ai/glide_00291.png
biggan_00184.png,train,ai,biggan,/kaggle/working/genimage_8000_split_v4/train/ai/biggan_00184.png
midjourney_00256.png,train,ai,midjourney,/kaggle/working/genimage_8000_split_v4/train/ai/midjourney_00256.png
glide_00385.png,train,ai,glide,/kaggle/working/genimage_8000_split_v4/train/ai/glide_00385.png
biggan_00205.png,train,ai,biggan,/kaggle/working/genimage_8000_split_v4/train/ai/biggan_00205.png
adm_00342.png,train,ai,adm,/kaggle/working/genimage_8000_split_v4/train/ai/adm_00342.png
vqdm_00273.png,train,ai,vqdm,/kaggle/working/genimage_8000_split_v4/train/ai/vqdm_00273.png
adm_00176.png,train,ai,adm,/kaggle/working/genimage_8000_split_v4/train/ai/adm_00176.png
adm_00252.png,train,ai,adm,/kaggle/working/genimage_8000_split_v4/train/ai/adm_00252.png
midjourney_00281.png,train,ai,midjourney,/kaggle/working/genimage_8000_split_v4/train/ai/midjourney_00281.png
biggan_00215.png,train,ai,biggan,/kaggle/working/genimage_8000_split_v4/train/ai/biggan_00215.png
vqdm_00252.png,train,ai,vqdm,/kaggle/working/genimage_8000_split_v4/train/ai/vqdm_00252.png
wukong_00083.png,train,ai,wukong,/kaggle/working/genimage_8000_split_v4/train/ai/wukong_00083.png
wukong_00240.png,train,ai,wukong,/kaggle/working/genimage_8000_split_v4/train/ai/wukong_00240.png
biggan_00034.png,train,ai,biggan,/kaggle/working/genimage_8000_split_v4/train/ai/biggan_00034.png
sdv5_00380.png,train,ai,sdv5,/kaggle/working/genimage_8000_split_v4/train/ai/sdv5_00380.png
wukong_00331.png,train,ai,wukong,/kaggle/working/genimage_8000_split_v4/train/ai/wukong_00331.png
wukong_00190.png,train,ai,wukong,/kaggle/working/genimage_8000_split_v4/train/ai/wukong_00190.png
midjourney_00322.png,train,ai,midjourney,/kaggle/working/genimage_8000_split_v4/train/ai/midjourney_00322.png
biggan_00070.png,train,ai,biggan,/kaggle/working/genimage_8000_split_v4/train/ai/biggan_00070.png
glide_00256.png,train,ai,glide,/kaggle/working/genimage_8000_split_v4/train/ai/glide_00256.png
sdv5_00305.png,train,ai,sdv5,/kaggle/working/genimage_8000_split_v4/train/ai/sdv5_00305.png
vqdm_00124.png,train,ai,vqdm,/kaggle/working/genimage_8000_split_v4/train/ai/vqdm_00124.png
vqdm_00272.png,train,ai,vqdm,/kaggle/working/genimage_8000_split_v4/train/ai/vqdm_00272.png
biggan_00076.png,train,ai,biggan,/kaggle/working/genimage_8000_split_v4/train/ai/biggan_00076.png
biggan_00179.png,train,ai,biggan,/kaggle/working/genimage_8000_split_v4/train/ai/biggan_00179.png
sdv5_00202.png,train,ai,sdv5,/kaggle/working/genimage_8000_split_v4/train/ai/sdv5_00202.png
midjourney_00233.png,train,ai,midjourney,/kaggle/working/genimage_8000_split_v4/train/ai/midjourney_00233.png
midjourney_00388.png,train,ai,midjourney,/kaggle/working/genimage_8000_split_v4/train/ai/midjourney_00388.png
sdv5_00336.png,train,ai,sdv5,/kaggle/working/genimage_8000_split_v4/train/ai/sdv5_00336.png
biggan_00217.png,train,ai,biggan,/kaggle/working/genimage_8000_split_v4/train/ai/biggan_00217.png
vqdm_00242.png,train,ai,vqdm,/kaggle/working/genimage_8000_split_v4/train/ai/vqdm_00242.png
glide_00154.png,train,ai,glide,/kaggle/working/genimage_8000_split_v4/train/ai/glide_00154.png
midjourney_00067.png,train,ai,midjourney,/kaggle/working/genimage_8000_split_v4/train/ai/midjourney_00067.png
biggan_00062.png,train,ai,biggan,/kaggle/working/genimage_8000_split_v4/train/ai/biggan_00062.png
biggan_00328.png,train,ai,biggan,/kaggle/working/genimage_8000_split_v4/train/ai/biggan_00328.png
sdv5_00291.png,train,ai,sdv5,/kaggle/working/genimage_8000_split_v4/train/ai/sdv5_00291.png
midjourney_00027.png,train,ai,midjourney,/kaggle/working/genimage_8000_split_v4/train/ai/midjourney_00027.png
vqdm_00164.png,train,ai,vqdm,/kaggle/working/genimage_8000_split_v4/train/ai/vqdm_00164.png
glide_00383.png,train,ai,glide,/kaggle/working/genimage_8000_split_v4/train/ai/glide_00383.png
glide_00238.png,train,ai,glide,/kaggle/working/genimage_8000_split_v4/train/ai/glide_00238.png
wukong_00153.png,train,ai,wukong,/kaggle/working/genimage_8000_split_v4/train/ai/wukong_00153.png
wukong_00118.png,train,ai,wukong,/kaggle/working/genimage_8000_split_v4/train/ai/wukong_00118.png
glide_00336.png,train,ai,glide,/kaggle/working/genimage_8000_split_v4/train/ai/glide_00336.png
wukong_00091.png,train,ai,wukong,/kaggle/working/genimage_8000_split_v4/train/ai/wukong_00091.png
sdv5_00121.png,train,ai,sdv5,/kaggle/working/genimage_8000_split_v4/train/ai/sdv5_00121.png
vqdm_00381.png,train,ai,vqdm,/kaggle/working/genimage_8000_split_v4/train/ai/vqdm_00381.png
wukong_00284.png,train,ai,wukong,/kaggle/working/genimage_8000_split_v4/train/ai/wukong_00284.png
glide_00163.png,train,ai,glide,/kaggle/working/genimage_8000_split_v4/train/ai/glide_00163.png
vqdm_00375.png,train,ai,vqdm,/kaggle/working/genimage_8000_split_v4/train/ai/vqdm_00375.png
glide_00086.png,train,ai,glide,/kaggle/working/genimage_8000_split_v4/train/ai/glide_00086.png
glide_00134.png,train,ai,glide,/kaggle/working/genimage_8000_split_v4/train/ai/glide_00134.png
sdv5_00361.png,train,ai,sdv5,/kaggle/working/genimage_8000_split_v4/train/ai/sdv5_00361.png
adm_00223.png,train,ai,adm,/kaggle/working/genimage_8000_split_v4/train/ai/adm_00223.png
vqdm_00256.png,train,ai,vqdm,/kaggle/working/genimage_8000_split_v4/train/ai/vqdm_00256.png
biggan_00077.png,train,ai,biggan,/kaggle/working/genimage_8000_split_v4/train/ai/biggan_00077.png
glide_00159.png,train,ai,glide,/kaggle/working/genimage_8000_split_v4/train/ai/glide_00159.png
sdv5_00331.png,train,ai,sdv5,/kaggle/working/genimage_8000_split_v4/train/ai/sdv5_00331.png
adm_00128.png,train,ai,adm,/kaggle/working/genimage_8000_split_v4/train/ai/adm_00128.png
midjourney_00308.png,train,ai,midjourney,/kaggle/working/genimage_8000_split_v4/train/ai/midjourney_00308.png
midjourney_00148.png,train,ai,midjourney,/kaggle/working/genimage_8000_split_v4/train/ai/midjourney_00148.png
adm_00108.png,train,ai,adm,/kaggle/working/genimage_8000_split_v4/train/ai/adm_00108.png
wukong_00156.png,train,ai,wukong,/kaggle/working/genimage_8000_split_v4/train/ai/wukong_00156.png
wukong_00358.png,train,ai,wukong,/kaggle/working/genimage_8000_split_v4/train/ai/wukong_00358.png
wukong_00053.png,train,ai,wukong,/kaggle/working/genimage_8000_split_v4/train/ai/wukong_00053.png
wukong_00370.png,train,ai,wukong,/kaggle/working/genimage_8000_split_v4/train/ai/wukong_00370.png
glide_00325.png,train,ai,glide,/kaggle/working/genimage_8000_split_v4/train/ai/glide_00325.png
sdv5_00080.png,train,ai,sdv5,/kaggle/working/genimage_8000_split_v4/train/ai/sdv5_00080.png
glide_00351.png,train,ai,glide,/kaggle/working/genimage_8000_split_v4/train/ai/glide_00351.png
adm_00094.png,train,ai,adm,/kaggle/working/genimage_8000_split_v4/train/ai/adm_00094.png
glide_00035.png,train,ai,glide,/kaggle/working/genimage_8000_split_v4/train/ai/glide_00035.png
midjourney_00163.png,train,ai,midjourney,/kaggle/working/genimage_8000_split_v4/train/ai/midjourney_00163.png
adm_00022.png,train,ai,adm,/kaggle/working/genimage_8000_split_v4/train/ai/adm_00022.png
wukong_00203.png,train,ai,wukong,/kaggle/working/genimage_8000_split_v4/train/ai/wukong_00203.png
vqdm_00070.png,train,ai,vqdm,/kaggle/working/genimage_8000_split_v4/train/ai/vqdm_00070.png
wukong_00019.png,train,ai,wukong,/kaggle/working/genimage_8000_split_v4/train/ai/wukong_00019.png
wukong_00371.png,train,ai,wukong,/kaggle/working/genimage_8000_split_v4/train/ai/wukong_00371.png
sdv5_00351.png,train,ai,sdv5,/kaggle/working/genimage_8000_split_v4/train/ai/sdv5_00351.png
wukong_00281.png,train,ai,wukong,/kaggle/working/genimage_8000_split_v4/train/ai/wukong_00281.png
glide_00036.png,train,ai,glide,/kaggle/working/genimage_8000_split_v4/train/ai/glide_00036.png
glide_00329.png,train,ai,glide,/kaggle/working/genimage_8000_split_v4/train/ai/glide_00329.png
vqdm_00128.png,train,ai,vqdm,/kaggle/working/genimage_8000_split_v4/train/ai/vqdm_00128.png
wukong_00268.png,train,ai,wukong,/kaggle/working/genimage_8000_split_v4/train/ai/wukong_00268.png
adm_00054.png,train,ai,adm,/kaggle/working/genimage_8000_split_v4/train/ai/adm_00054.png
biggan_00106.png,train,ai,biggan,/kaggle/working/genimage_8000_split_v4/train/ai/biggan_00106.png
wukong_00161.png,train,ai,wukong,/kaggle/working/genimage_8000_split_v4/train/ai/wukong_00161.png
midjourney_00200.png,train,ai,midjourney,/kaggle/working/genimage_8000_split_v4/train/ai/midjourney_00200.png
glide_00060.png,train,ai,glide,/kaggle/working/genimage_8000_split_v4/train/ai/glide_00060.png
biggan_00343.png,train,ai,biggan,/kaggle/working/genimage_8000_split_v4/train/ai/biggan_00343.png
adm_00061.png,train,ai,adm,/kaggle/working/genimage_8000_split_v4/train/ai/adm_00061.png
biggan_00189.png,train,ai,biggan,/kaggle/working/genimage_8000_split_v4/train/ai/biggan_00189.png
vqdm_00028.png,train,ai,vqdm,/kaggle/working/genimage_8000_split_v4/train/ai/vqdm_00028.png
vqdm_00026.png,train,ai,vqdm,/kaggle/working/genimage_8000_split_v4/train/ai/vqdm_00026.png
vqdm_00150.png,train,ai,vqdm,/kaggle/working/genimage_8000_split_v4/train/ai/vqdm_00150.png
vqdm_00054.png,train,ai,vqdm,/kaggle/working/genimage_8000_split_v4/train/ai/vqdm_00054.png
biggan_00021.png,train,ai,biggan,/kaggle/working/genimage_8000_split_v4/train/ai/biggan_00021.png
vqdm_00005.png,train,ai,vqdm,/kaggle/working/genimage_8000_split_v4/train/ai/vqdm_00005.png
glide_00055.png,train,ai,glide,/kaggle/working/genimage_8000_split_v4/train/ai/glide_00055.png
vqdm_00378.png,train,ai,vqdm,/kaggle/working/genimage_8000_split_v4/train/ai/vqdm_00378.png
midjourney_00375.png,train,ai,midjourney,/kaggle/working/genimage_8000_split_v4/train/ai/midjourney_00375.png
biggan_00075.png,train,ai,biggan,/kaggle/working/genimage_8000_split_v4/train/ai/biggan_00075.png
adm_00397.png,train,ai,adm,/kaggle/working/genimage_8000_split_v4/train/ai/adm_00397.png
biggan_00253.png,train,ai,biggan,/kaggle/working/genimage_8000_split_v4/train/ai/biggan_00253.png
wukong_00046.png,train,ai,wukong,/kaggle/working/genimage_8000_split_v4/train/ai/wukong_00046.png
wukong_00274.png,train,ai,wukong,/kaggle/working/genimage_8000_split_v4/train/ai/wukong_00274.png
vqdm_00344.png,train,ai,vqdm,/kaggle/working/genimage_8000_split_v4/train/ai/vqdm_00344.png
midjourney_00286.png,train,ai,midjourney,/kaggle/working/genimage_8000_split_v4/train/ai/midjourney_00286.png
wukong_00084.png,train,ai,wukong,/kaggle/working/genimage_8000_split_v4/train/ai/wukong_00084.png
glide_00226.png,train,ai,glide,/kaggle/working/genimage_8000_split_v4/train/ai/glide_00226.png
glide_00392.png,train,ai,glide,/kaggle/working/genimage_8000_split_v4/train/ai/glide_00392.png
wukong_00025.png,train,ai,wukong,/kaggle/working/genimage_8000_split_v4/train/ai/wukong_00025.png
vqdm_00243.png,train,ai,vqdm,/kaggle/working/genimage_8000_split_v4/train/ai/vqdm_00243.png
adm_00359.png,train,ai,adm,/kaggle/working/genimage_8000_split_v4/train/ai/adm_00359.png
wukong_00298.png,train,ai,wukong,/kaggle/working/genimage_8000_split_v4/train/ai/wukong_00298.png
vqdm_00009.png,train,ai,vqdm,/kaggle/working/genimage_8000_split_v4/train/ai/vqdm_00009.png
midjourney_00279.png,train,ai,midjourney,/kaggle/working/genimage_8000_split_v4/train/ai/midjourney_00279.png
biggan_00197.png,train,ai,biggan,/kaggle/working/genimage_8000_split_v4/train/ai/biggan_00197.png
glide_00160.png,train,ai,glide,/kaggle/working/genimage_8000_split_v4/train/ai/glide_00160.png
glide_00019.png,train,ai,glide,/kaggle/working/genimage_8000_split_v4/train/ai/glide_00019.png
adm_00171.png,train,ai,adm,/kaggle/working/genimage_8000_split_v4/train/ai/adm_00171.png
glide_00388.png,train,ai,glide,/kaggle/working/genimage_8000_split_v4/train/ai/glide_00388.png
biggan_00040.png,train,ai,biggan,/kaggle/working/genimage_8000_split_v4/train/ai/biggan_00040.png
wukong_00260.png,train,ai,wukong,/kaggle/working/genimage_8000_split_v4/train/ai/wukong_00260.png
midjourney_00165.png,train,ai,midjourney,/kaggle/working/genimage_8000_split_v4/train/ai/midjourney_00165.png
vqdm_00007.png,train,ai,vqdm,/kaggle/working/genimage_8000_split_v4/train/ai/vqdm_00007.png
midjourney_00243.png,train,ai,midjourney,/kaggle/working/genimage_8000_split_v4/train/ai/midjourney_00243.png
biggan_00152.png,train,ai,biggan,/kaggle/working/genimage_8000_split_v4/train/ai/biggan_00152.png
wukong_00317.png,train,ai,wukong,/kaggle/working/genimage_8000_split_v4/train/ai/wukong_00317.png
midjourney_00111.png,train,ai,midjourney,/kaggle/working/genimage_8000_split_v4/train/ai/midjourney_00111.png
midjourney_00270.png,train,ai,midjourney,/kaggle/working/genimage_8000_split_v4/train/ai/midjourney_00270.png
midjourney_00357.png,train,ai,midjourney,/kaggle/working/genimage_8000_split_v4/train/ai/midjourney_00357.png
vqdm_00076.png,train,ai,vqdm,/kaggle/working/genimage_8000_split_v4/train/ai/vqdm_00076.png
vqdm_00092.png,train,ai,vqdm,/kaggle/working/genimage_8000_split_v4/train/ai/vqdm_00092.png
glide_00066.png,train,ai,glide,/kaggle/working/genimage_8000_split_v4/train/ai/glide_00066.png
vqdm_00120.png,train,ai,vqdm,/kaggle/working/genimage_8000_split_v4/train/ai/vqdm_00120.png
sdv5_00391.png,train,ai,sdv5,/kaggle/working/genimage_8000_split_v4/train/ai/sdv5_00391.png
biggan_00073.png,train,ai,biggan,/kaggle/working/genimage_8000_split_v4/train/ai/biggan_00073.png
midjourney_00263.png,train,ai,midjourney,/kaggle/working/genimage_8000_split_v4/train/ai/midjourney_00263.png
vqdm_00227.png,train,ai,vqdm,/kaggle/working/genimage_8000_split_v4/train/ai/vqdm_00227.png
vqdm_00361.png,train,ai,vqdm,/kaggle/working/genimage_8000_split_v4/train/ai/vqdm_00361.png
midjourney_00167.png,train,ai,midjourney,/kaggle/working/genimage_8000_split_v4/train/ai/midjourney_00167.png
midjourney_00316.png,train,ai,midjourney,/kaggle/working/genimage_8000_split_v4/train/ai/midjourney_00316.png
glide_00072.png,train,ai,glide,/kaggle/working/genimage_8000_split_v4/train/ai/glide_00072.png
biggan_00356.png,train,ai,biggan,/kaggle/working/genimage_8000_split_v4/train/ai/biggan_00356.png
midjourney_00172.png,train,ai,midjourney,/kaggle/working/genimage_8000_split_v4/train/ai/midjourney_00172.png
sdv5_00242.png,train,ai,sdv5,/kaggle/working/genimage_8000_split_v4/train/ai/sdv5_00242.png
glide_00319.png,train,ai,glide,/kaggle/working/genimage_8000_split_v4/train/ai/glide_00319.png
vqdm_00163.png,train,ai,vqdm,/kaggle/working/genimage_8000_split_v4/train/ai/vqdm_00163.png
vqdm_00356.png,train,ai,vqdm,/kaggle/working/genimage_8000_split_v4/train/ai/vqdm_00356.png
midjourney_00038.png,train,ai,midjourney,/kaggle/working/genimage_8000_split_v4/train/ai/midjourney_00038.png
adm_00238.png,train,ai,adm,/kaggle/working/genimage_8000_split_v4/train/ai/adm_00238.png
adm_00297.png,train,ai,adm,/kaggle/working/genimage_8000_split_v4/train/ai/adm_00297.png
sdv5_00218.png,train,ai,sdv5,/kaggle/working/genimage_8000_split_v4/train/ai/sdv5_00218.png
vqdm_00292.png,train,ai,vqdm,/kaggle/working/genimage_8000_split_v4/train/ai/vqdm_00292.png
midjourney_00274.png,train,ai,midjourney,/kaggle/working/genimage_8000_split_v4/train/ai/midjourney_00274.png
midjourney_00296.png,train,ai,midjourney,/kaggle/working/genimage_8000_split_v4/train/ai/midjourney_00296.png
sdv5_00212.png,train,ai,sdv5,/kaggle/working/genimage_8000_split_v4/train/ai/sdv5_00212.png
biggan_00386.png,train,ai,biggan,/kaggle/working/genimage_8000_split_v4/train/ai/biggan_00386.png
sdv5_00101.png,train,ai,sdv5,/kaggle/working/genimage_8000_split_v4/train/ai/sdv5_00101.png
wukong_00096.png,train,ai,wukong,/kaggle/working/genimage_8000_split_v4/train/ai/wukong_00096.png
glide_00227.png,train,ai,glide,/kaggle/working/genimage_8000_split_v4/train/ai/glide_00227.png
vqdm_00016.png,train,ai,vqdm,/kaggle/working/genimage_8000_split_v4/train/ai/vqdm_00016.png
glide_00006.png,train,ai,glide,/kaggle/working/genimage_8000_split_v4/train/ai/glide_00006.png
biggan_00199.png,train,ai,biggan,/kaggle/working/genimage_8000_split_v4/train/ai/biggan_00199.png
glide_00065.png,train,ai,glide,/kaggle/working/genimage_8000_split_v4/train/ai/glide_00065.png
adm_00055.png,train,ai,adm,/kaggle/working/genimage_8000_split_v4/train/ai/adm_00055.png
biggan_00297.png,train,ai,biggan,/kaggle/working/genimage_8000_split_v4/train/ai/biggan_00297.png
wukong_00328.png,train,ai,wukong,/kaggle/working/genimage_8000_split_v4/train/ai/wukong_00328.png
sdv5_00255.png,train,ai,sdv5,/kaggle/working/genimage_8000_split_v4/train/ai/sdv5_00255.png
midjourney_00315.png,train,ai,midjourney,/kaggle/working/genimage_8000_split_v4/train/ai/midjourney_00315.png
adm_00310.png,train,ai,adm,/kaggle/working/genimage_8000_split_v4/train/ai/adm_00310.png
adm_00105.png,train,ai,adm,/kaggle/working/genimage_8000_split_v4/train/ai/adm_00105.png
midjourney_00073.png,train,ai,midjourney,/kaggle/working/genimage_8000_split_v4/train/ai/midjourney_00073.png
vqdm_00281.png,train,ai,vqdm,/kaggle/working/genimage_8000_split_v4/train/ai/vqdm_00281.png
adm_00251.png,train,ai,adm,/kaggle/working/genimage_8000_split_v4/train/ai/adm_00251.png
midjourney_00020.png,train,ai,midjourney,/kaggle/working/genimage_8000_split_v4/train/ai/midjourney_00020.png
wukong_00327.png,train,ai,wukong,/kaggle/working/genimage_8000_split_v4/train/ai/wukong_00327.png
sdv5_00106.png,train,ai,sdv5,/kaggle/working/genimage_8000_split_v4/train/ai/sdv5_00106.png
biggan_00188.png,train,ai,biggan,/kaggle/working/genimage_8000_split_v4/train/ai/biggan_00188.png
vqdm_00229.png,train,ai,vqdm,/kaggle/working/genimage_8000_split_v4/train/ai/vqdm_00229.png
sdv5_00012.png,train,ai,sdv5,/kaggle/working/genimage_8000_split_v4/train/ai/sdv5_00012.png
wukong_00318.png,train,ai,wukong,/kaggle/working/genimage_8000_split_v4/train/ai/wukong_00318.png
wukong_00028.png,train,ai,wukong,/kaggle/working/genimage_8000_split_v4/train/ai/wukong_00028.png
wukong_00140.png,train,ai,wukong,/kaggle/working/genimage_8000_split_v4/train/ai/wukong_00140.png
wukong_00114.png,train,ai,wukong,/kaggle/working/genimage_8000_split_v4/train/ai/wukong_00114.png
midjourney_00056.png,train,ai,midjourney,/kaggle/working/genimage_8000_split_v4/train/ai/midjourney_00056.png
adm_00216.png,train,ai,adm,/kaggle/working/genimage_8000_split_v4/train/ai/adm_00216.png
wukong_00353.png,train,ai,wukong,/kaggle/working/genimage_8000_split_v4/train/ai/wukong_00353.png
vqdm_00212.png,train,ai,vqdm,/kaggle/working/genimage_8000_split_v4/train/ai/vqdm_00212.png
glide_00258.png,train,ai,glide,/kaggle/working/genimage_8000_split_v4/train/ai/glide_00258.png
sdv5_00227.png,train,ai,sdv5,/kaggle/working/genimage_8000_split_v4/train/ai/sdv5_00227.png
vqdm_00067.png,train,ai,vqdm,/kaggle/working/genimage_8000_split_v4/train/ai/vqdm_00067.png
adm_00284.png,train,ai,adm,/kaggle/working/genimage_8000_split_v4/train/ai/adm_00284.png
adm_00246.png,train,ai,adm,/kaggle/working/genimage_8000_split_v4/train/ai/adm_00246.png
midjourney_00089.png,train,ai,midjourney,/kaggle/working/genimage_8000_split_v4/train/ai/midjourney_00089.png
glide_00221.png,train,ai,glide,/kaggle/working/genimage_8000_split_v4/train/ai/glide_00221.png
vqdm_00340.png,train,ai,vqdm,/kaggle/working/genimage_8000_split_v4/train/ai/vqdm_00340.png
midjourney_00209.png,train,ai,midjourney,/kaggle/working/genimage_8000_split_v4/train/ai/midjourney_00209.png
glide_00097.png,train,ai,glide,/kaggle/working/genimage_8000_split_v4/train/ai/glide_00097.png
adm_00131.png,train,ai,adm,/kaggle/working/genimage_8000_split_v4/train/ai/adm_00131.png
sdv5_00245.png,train,ai,sdv5,/kaggle/working/genimage_8000_split_v4/train/ai/sdv5_00245.png
midjourney_00162.png,train,ai,midjourney,/kaggle/working/genimage_8000_split_v4/train/ai/midjourney_00162.png
glide_00243.png,train,ai,glide,/kaggle/working/genimage_8000_split_v4/train/ai/glide_00243.png
midjourney_00103.png,train,ai,midjourney,/kaggle/working/genimage_8000_split_v4/train/ai/midjourney_00103.png
glide_00361.png,train,ai,glide,/kaggle/working/genimage_8000_split_v4/train/ai/glide_00361.png
midjourney_00265.png,train,ai,midjourney,/kaggle/working/genimage_8000_split_v4/train/ai/midjourney_00265.png
adm_00037.png,train,ai,adm,/kaggle/working/genimage_8000_split_v4/train/ai/adm_00037.png
midjourney_00166.png,train,ai,midjourney,/kaggle/working/genimage_8000_split_v4/train/ai/midjourney_00166.png
biggan_00335.png,train,ai,biggan,/kaggle/working/genimage_8000_split_v4/train/ai/biggan_00335.png
midjourney_00112.png,train,ai,midjourney,/kaggle/working/genimage_8000_split_v4/train/ai/midjourney_00112.png
vqdm_00088.png,train,ai,vqdm,/kaggle/working/genimage_8000_split_v4/train/ai/vqdm_00088.png
adm_00064.png,train,ai,adm,/kaggle/working/genimage_8000_split_v4/train/ai/adm_00064.png
sdv5_00341.png,train,ai,sdv5,/kaggle/working/genimage_8000_split_v4/train/ai/sdv5_00341.png
midjourney_00091.png,train,ai,midjourney,/kaggle/working/genimage_8000_split_v4/train/ai/midjourney_00091.png
vqdm_00084.png,train,ai,vqdm,/kaggle/working/genimage_8000_split_v4/train/ai/vqdm_00084.png
sdv5_00052.png,train,ai,sdv5,/kaggle/working/genimage_8000_split_v4/train/ai/sdv5_00052.png
wukong_00390.png,train,ai,wukong,/kaggle/working/genimage_8000_split_v4/train/ai/wukong_00390.png
biggan_00035.png,train,ai,biggan,/kaggle/working/genimage_8000_split_v4/train/ai/biggan_00035.png
vqdm_00117.png,train,ai,vqdm,/kaggle/working/genimage_8000_split_v4/train/ai/vqdm_00117.png
midjourney_00106.png,train,ai,midjourney,/kaggle/working/genimage_8000_split_v4/train/ai/midjourney_00106.png
vqdm_00231.png,train,ai,vqdm,/kaggle/working/genimage_8000_split_v4/train/ai/vqdm_00231.png
vqdm_00043.png,train,ai,vqdm,/kaggle/working/genimage_8000_split_v4/train/ai/vqdm_00043.png
adm_00028.png,train,ai,adm,/kaggle/working/genimage_8000_split_v4/train/ai/adm_00028.png
glide_00279.png,train,ai,glide,/kaggle/working/genimage_8000_split_v4/train/ai/glide_00279.png
vqdm_00101.png,train,ai,vqdm,/kaggle/working/genimage_8000_split_v4/train/ai/vqdm_00101.png
glide_00189.png,train,ai,glide,/kaggle/working/genimage_8000_split_v4/train/ai/glide_00189.png
sdv5_00098.png,train,ai,sdv5,/kaggle/working/genimage_8000_split_v4/train/ai/sdv5_00098.png
glide_00027.png,train,ai,glide,/kaggle/working/genimage_8000_split_v4/train/ai/glide_00027.png
vqdm_00349.png,train,ai,vqdm,/kaggle/working/genimage_8000_split_v4/train/ai/vqdm_00349.png
sdv5_00191.png,train,ai,sdv5,/kaggle/working/genimage_8000_split_v4/train/ai/sdv5_00191.png
wukong_00219.png,train,ai,wukong,/kaggle/working/genimage_8000_split_v4/train/ai/wukong_00219.png
sdv5_00042.png,train,ai,sdv5,/kaggle/working/genimage_8000_split_v4/train/ai/sdv5_00042.png
sdv5_00104.png,train,ai,sdv5,/kaggle/working/genimage_8000_split_v4/train/ai/sdv5_00104.png
glide_00368.png,train,ai,glide,/kaggle/working/genimage_8000_split_v4/train/ai/glide_00368.png
wukong_00089.png,train,ai,wukong,/kaggle/working/genimage_8000_split_v4/train/ai/wukong_00089.png
biggan_00203.png,train,ai,biggan,/kaggle/working/genimage_8000_split_v4/train/ai/biggan_00203.png
glide_00084.png,train,ai,glide,/kaggle/working/genimage_8000_split_v4/train/ai/glide_00084.png
wukong_00301.png,train,ai,wukong,/kaggle/working/genimage_8000_split_v4/train/ai/wukong_00301.png
wukong_00130.png,train,ai,wukong,/kaggle/working/genimage_8000_split_v4/train/ai/wukong_00130.png
sdv5_00025.png,train,ai,sdv5,/kaggle/working/genimage_8000_split_v4/train/ai/sdv5_00025.png
vqdm_00330.png,train,ai,vqdm,/kaggle/working/genimage_8000_split_v4/train/ai/vqdm_00330.png
wukong_00326.png,train,ai,wukong,/kaggle/working/genimage_8000_split_v4/train/ai/wukong_00326.png
adm_00009.png,train,ai,adm,/kaggle/working/genimage_8000_split_v4/train/ai/adm_00009.png
wukong_00231.png,train,ai,wukong,/kaggle/working/genimage_8000_split_v4/train/ai/wukong_00231.png
wukong_00389.png,train,ai,wukong,/kaggle/working/genimage_8000_split_v4/train/ai/wukong_00389.png
sdv5_00143.png,train,ai,sdv5,/kaggle/working/genimage_8000_split_v4/train/ai/sdv5_00143.png
glide_00261.png,train,ai,glide,/kaggle/working/genimage_8000_split_v4/train/ai/glide_00261.png
sdv5_00031.png,train,ai,sdv5,/kaggle/working/genimage_8000_split_v4/train/ai/sdv5_00031.png
wukong_00202.png,train,ai,wukong,/kaggle/working/genimage_8000_split_v4/train/ai/wukong_00202.png
wukong_00270.png,train,ai,wukong,/kaggle/working/genimage_8000_split_v4/train/ai/wukong_00270.png
midjourney_00139.png,train,ai,midjourney,/kaggle/working/genimage_8000_split_v4/train/ai/midjourney_00139.png
wukong_00117.png,train,ai,wukong,/kaggle/working/genimage_8000_split_v4/train/ai/wukong_00117.png
adm_00189.png,train,ai,adm,/kaggle/working/genimage_8000_split_v4/train/ai/adm_00189.png
glide_00190.png,train,ai,glide,/kaggle/working/genimage_8000_split_v4/train/ai/glide_00190.png
wukong_00184.png,train,ai,wukong,/kaggle/working/genimage_8000_split_v4/train/ai/wukong_00184.png
midjourney_00129.png,train,ai,midjourney,/kaggle/working/genimage_8000_split_v4/train/ai/midjourney_00129.png
vqdm_00190.png,train,ai,vqdm,/kaggle/working/genimage_8000_split_v4/train/ai/vqdm_00190.png
wukong_00000.png,train,ai,wukong,/kaggle/working/genimage_8000_split_v4/train/ai/wukong_00000.png
midjourney_00359.png,train,ai,midjourney,/kaggle/working/genimage_8000_split_v4/train/ai/midjourney_00359.png
sdv5_00293.png,train,ai,sdv5,/kaggle/working/genimage_8000_split_v4/train/ai/sdv5_00293.png
vqdm_00294.png,train,ai,vqdm,/kaggle/working/genimage_8000_split_v4/train/ai/vqdm_00294.png
glide_00333.png,train,ai,glide,/kaggle/working/genimage_8000_split_v4/train/ai/glide_00333.png
wukong_00069.png,train,ai,wukong,/kaggle/working/genimage_8000_split_v4/train/ai/wukong_00069.png
midjourney_00133.png,train,ai,midjourney,/kaggle/working/genimage_8000_split_v4/train/ai/midjourney_00133.png
adm_00375.png,train,ai,adm,/kaggle/working/genimage_8000_split_v4/train/ai/adm_00375.png
vqdm_00287.png,train,ai,vqdm,/kaggle/working/genimage_8000_split_v4/train/ai/vqdm_00287.png
sdv5_00279.png,train,ai,sdv5,/kaggle/working/genimage_8000_split_v4/train/ai/sdv5_00279.png
glide_00320.png,train,ai,glide,/kaggle/working/genimage_8000_split_v4/train/ai/glide_00320.png
biggan_00015.png,train,ai,biggan,/kaggle/working/genimage_8000_split_v4/train/ai/biggan_00015.png
glide_00062.png,train,ai,glide,/kaggle/working/genimage_8000_split_v4/train/ai/glide_00062.png
vqdm_00145.png,train,ai,vqdm,/kaggle/working/genimage_8000_split_v4/train/ai/vqdm_00145.png
adm_00076.png,train,ai,adm,/kaggle/working/genimage_8000_split_v4/train/ai/adm_00076.png
glide_00318.png,train,ai,glide,/kaggle/working/genimage_8000_split_v4/train/ai/glide_00318.png
glide_00356.png,train,ai,glide,/kaggle/working/genimage_8000_split_v4/train/ai/glide_00356.png
sdv5_00262.png,train,ai,sdv5,/kaggle/working/genimage_8000_split_v4/train/ai/sdv5_00262.png
vqdm_00015.png,train,ai,vqdm,/kaggle/working/genimage_8000_split_v4/train/ai/vqdm_00015.png
adm_00211.png,train,ai,adm,/kaggle/working/genimage_8000_split_v4/train/ai/adm_00211.png
biggan_00136.png,train,ai,biggan,/kaggle/working/genimage_8000_split_v4/train/ai/biggan_00136.png
sdv5_00328.png,train,ai,sdv5,/kaggle/working/genimage_8000_split_v4/train/ai/sdv5_00328.png
glide_00102.png,train,ai,glide,/kaggle/working/genimage_8000_split_v4/train/ai/glide_00102.png
midjourney_00155.png,train,ai,midjourney,/kaggle/working/genimage_8000_split_v4/train/ai/midjourney_00155.png
sdv5_00079.png,train,ai,sdv5,/kaggle/working/genimage_8000_split_v4/train/ai/sdv5_00079.png
glide_00185.png,train,ai,glide,/kaggle/working/genimage_8000_split_v4/train/ai/glide_00185.png
sdv5_00393.png,train,ai,sdv5,/kaggle/working/genimage_8000_split_v4/train/ai/sdv5_00393.png
vqdm_00383.png,train,ai,vqdm,/kaggle/working/genimage_8000_split_v4/train/ai/vqdm_00383.png
glide_00083.png,train,ai,glide,/kaggle/working/genimage_8000_split_v4/train/ai/glide_00083.png
biggan_00039.png,train,ai,biggan,/kaggle/working/genimage_8000_split_v4/train/ai/biggan_00039.png
midjourney_00087.png,train,ai,midjourney,/kaggle/working/genimage_8000_split_v4/train/ai/midjourney_00087.png
biggan_00315.png,train,ai,biggan,/kaggle/working/genimage_8000_split_v4/train/ai/biggan_00315.png
glide_00303.png,train,ai,glide,/kaggle/working/genimage_8000_split_v4/train/ai/glide_00303.png
sdv5_00105.png,train,ai,sdv5,/kaggle/working/genimage_8000_split_v4/train/ai/sdv5_00105.png
biggan_00151.png,train,ai,biggan,/kaggle/working/genimage_8000_split_v4/train/ai/biggan_00151.png
adm_00330.png,train,ai,adm,/kaggle/working/genimage_8000_split_v4/train/ai/adm_00330.png
adm_00080.png,train,ai,adm,/kaggle/working/genimage_8000_split_v4/train/ai/adm_00080.png
glide_00278.png,train,ai,glide,/kaggle/working/genimage_8000_split_v4/train/ai/glide_00278.png
glide_00198.png,train,ai,glide,/kaggle/working/genimage_8000_split_v4/train/ai/glide_00198.png
midjourney_00183.png,train,ai,midjourney,/kaggle/working/genimage_8000_split_v4/train/ai/midjourney_00183.png
vqdm_00267.png,train,ai,vqdm,/kaggle/working/genimage_8000_split_v4/train/ai/vqdm_00267.png
midjourney_00064.png,train,ai,midjourney,/kaggle/working/genimage_8000_split_v4/train/ai/midjourney_00064.png
biggan_00367.png,train,ai,biggan,/kaggle/working/genimage_8000_split_v4/train/ai/biggan_00367.png
sdv5_00070.png,train,ai,sdv5,/kaggle/working/genimage_8000_split_v4/train/ai/sdv5_00070.png
vqdm_00158.png,train,ai,vqdm,/kaggle/working/genimage_8000_split_v4/train/ai/vqdm_00158.png
wukong_00259.png,train,ai,wukong,/kaggle/working/genimage_8000_split_v4/train/ai/wukong_00259.png
wukong_00209.png,train,ai,wukong,/kaggle/working/genimage_8000_split_v4/train/ai/wukong_00209.png
biggan_00284.png,train,ai,biggan,/kaggle/working/genimage_8000_split_v4/train/ai/biggan_00284.png
sdv5_00292.png,train,ai,sdv5,/kaggle/working/genimage_8000_split_v4/train/ai/sdv5_00292.png
adm_00201.png,train,ai,adm,/kaggle/working/genimage_8000_split_v4/train/ai/adm_00201.png
adm_00089.png,train,ai,adm,/kaggle/working/genimage_8000_split_v4/train/ai/adm_00089.png
biggan_00250.png,train,ai,biggan,/kaggle/working/genimage_8000_split_v4/train/ai/biggan_00250.png
wukong_00136.png,train,ai,wukong,/kaggle/working/genimage_8000_split_v4/train/ai/wukong_00136.png
sdv5_00290.png,train,ai,sdv5,/kaggle/working/genimage_8000_split_v4/train/ai/sdv5_00290.png
wukong_00377.png,train,ai,wukong,/kaggle/working/genimage_8000_split_v4/train/ai/wukong_00377.png
glide_00153.png,train,ai,glide,/kaggle/working/genimage_8000_split_v4/train/ai/glide_00153.png
wukong_00275.png,train,ai,wukong,/kaggle/working/genimage_8000_split_v4/train/ai/wukong_00275.png
glide_00380.png,train,ai,glide,/kaggle/working/genimage_8000_split_v4/train/ai/glide_00380.png
biggan_00286.png,train,ai,biggan,/kaggle/working/genimage_8000_split_v4/train/ai/biggan_00286.png
biggan_00207.png,train,ai,biggan,/kaggle/working/genimage_8000_split_v4/train/ai/biggan_00207.png
sdv5_00274.png,train,ai,sdv5,/kaggle/working/genimage_8000_split_v4/train/ai/sdv5_00274.png
biggan_00338.png,train,ai,biggan,/kaggle/working/genimage_8000_split_v4/train/ai/biggan_00338.png
midjourney_00385.png,train,ai,midjourney,/kaggle/working/genimage_8000_split_v4/train/ai/midjourney_00385.png
glide_00073.png,train,ai,glide,/kaggle/working/genimage_8000_split_v4/train/ai/glide_00073.png
adm_00365.png,train,ai,adm,/kaggle/working/genimage_8000_split_v4/train/ai/adm_00365.png
sdv5_00166.png,train,ai,sdv5,/kaggle/working/genimage_8000_split_v4/train/ai/sdv5_00166.png
vqdm_00018.png,train,ai,vqdm,/kaggle/working/genimage_8000_split_v4/train/ai/vqdm_00018.png
vqdm_00270.png,train,ai,vqdm,/kaggle/working/genimage_8000_split_v4/train/ai/vqdm_00270.png
adm_00053.png,train,ai,adm,/kaggle/working/genimage_8000_split_v4/train/ai/adm_00053.png
biggan_00084.png,train,ai,biggan,/kaggle/working/genimage_8000_split_v4/train/ai/biggan_00084.png
biggan_00193.png,train,ai,biggan,/kaggle/working/genimage_8000_split_v4/train/ai/biggan_00193.png
midjourney_00362.png,train,ai,midjourney,/kaggle/working/genimage_8000_split_v4/train/ai/midjourney_00362.png
wukong_00121.png,train,ai,wukong,/kaggle/working/genimage_8000_split_v4/train/ai/wukong_00121.png
adm_00262.png,train,ai,adm,/kaggle/working/genimage_8000_split_v4/train/ai/adm_00262.png
adm_00018.png,train,ai,adm,/kaggle/working/genimage_8000_split_v4/train/ai/adm_00018.png
sdv5_00018.png,train,ai,sdv5,/kaggle/working/genimage_8000_split_v4/train/ai/sdv5_00018.png
biggan_00020.png,train,ai,biggan,/kaggle/working/genimage_8000_split_v4/train/ai/biggan_00020.png
vqdm_00066.png,train,ai,vqdm,/kaggle/working/genimage_8000_split_v4/train/ai/vqdm_00066.png
adm_00048.png,train,ai,adm,/kaggle/working/genimage_8000_split_v4/train/ai/adm_00048.png
sdv5_00175.png,train,ai,sdv5,/kaggle/working/genimage_8000_split_v4/train/ai/sdv5_00175.png
sdv5_00309.png,train,ai,sdv5,/kaggle/working/genimage_8000_split_v4/train/ai/sdv5_00309.png
adm_00204.png,train,ai,adm,/kaggle/working/genimage_8000_split_v4/train/ai/adm_00204.png
adm_00113.png,train,ai,adm,/kaggle/working/genimage_8000_split_v4/train/ai/adm_00113.png
glide_00077.png,train,ai,glide,/kaggle/working/genimage_8000_split_v4/train/ai/glide_00077.png
glide_00111.png,train,ai,glide,/kaggle/working/genimage_8000_split_v4/train/ai/glide_00111.png
biggan_00291.png,train,ai,biggan,/kaggle/working/genimage_8000_split_v4/train/ai/biggan_00291.png
glide_00000.png,train,ai,glide,/kaggle/working/genimage_8000_split_v4/train/ai/glide_00000.png
sdv5_00304.png,train,ai,sdv5,/kaggle/working/genimage_8000_split_v4/train/ai/sdv5_00304.png
vqdm_00033.png,train,ai,vqdm,/kaggle/working/genimage_8000_split_v4/train/ai/vqdm_00033.png
glide_00081.png,train,ai,glide,/kaggle/working/genimage_8000_split_v4/train/ai/glide_00081.png
adm_00075.png,train,ai,adm,/kaggle/working/genimage_8000_split_v4/train/ai/adm_00075.png
vqdm_00338.png,train,ai,vqdm,/kaggle/working/genimage_8000_split_v4/train/ai/vqdm_00338.png
vqdm_00224.png,train,ai,vqdm,/kaggle/working/genimage_8000_split_v4/train/ai/vqdm_00224.png
wukong_00258.png,train,ai,wukong,/kaggle/working/genimage_8000_split_v4/train/ai/wukong_00258.png
vqdm_00142.png,train,ai,vqdm,/kaggle/working/genimage_8000_split_v4/train/ai/vqdm_00142.png
adm_00087.png,train,ai,adm,/kaggle/working/genimage_8000_split_v4/train/ai/adm_00087.png
sdv5_00299.png,train,ai,sdv5,/kaggle/working/genimage_8000_split_v4/train/ai/sdv5_00299.png
vqdm_00201.png,train,ai,vqdm,/kaggle/working/genimage_8000_split_v4/train/ai/vqdm_00201.png
midjourney_00012.png,train,ai,midjourney,/kaggle/working/genimage_8000_split_v4/train/ai/midjourney_00012.png
glide_00028.png,train,ai,glide,/kaggle/working/genimage_8000_split_v4/train/ai/glide_00028.png
vqdm_00057.png,train,ai,vqdm,/kaggle/working/genimage_8000_split_v4/train/ai/vqdm_00057.png
biggan_00204.png,train,ai,biggan,/kaggle/working/genimage_8000_split_v4/train/ai/biggan_00204.png
sdv5_00358.png,train,ai,sdv5,/kaggle/working/genimage_8000_split_v4/train/ai/sdv5_00358.png
vqdm_00386.png,train,ai,vqdm,/kaggle/working/genimage_8000_split_v4/train/ai/vqdm_00386.png
adm_00391.png,train,ai,adm,/kaggle/working/genimage_8000_split_v4/train/ai/adm_00391.png
sdv5_00093.png,train,ai,sdv5,/kaggle/working/genimage_8000_split_v4/train/ai/sdv5_00093.png
midjourney_00116.png,train,ai,midjourney,/kaggle/working/genimage_8000_split_v4/train/ai/midjourney_00116.png
sdv5_00234.png,train,ai,sdv5,/kaggle/working/genimage_8000_split_v4/train/ai/sdv5_00234.png
sdv5_00068.png,train,ai,sdv5,/kaggle/working/genimage_8000_split_v4/train/ai/sdv5_00068.png
sdv5_00282.png,train,ai,sdv5,/kaggle/working/genimage_8000_split_v4/train/ai/sdv5_00282.png
glide_00323.png,train,ai,glide,/kaggle/working/genimage_8000_split_v4/train/ai/glide_00323.png
vqdm_00207.png,train,ai,vqdm,/kaggle/working/genimage_8000_split_v4/train/ai/vqdm_00207.png
midjourney_00396.png,train,ai,midjourney,/kaggle/working/genimage_8000_split_v4/train/ai/midjourney_00396.png
biggan_00272.png,train,ai,biggan,/kaggle/working/genimage_8000_split_v4/train/ai/biggan_00272.png
vqdm_00382.png,train,ai,vqdm,/kaggle/working/genimage_8000_split_v4/train/ai/vqdm_00382.png
glide_00249.png,train,ai,glide,/kaggle/working/genimage_8000_split_v4/train/ai/glide_00249.png
vqdm_00036.png,train,ai,vqdm,/kaggle/working/genimage_8000_split_v4/train/ai/vqdm_00036.png
adm_00001.png,train,ai,adm,/kaggle/working/genimage_8000_split_v4/train/ai/adm_00001.png
biggan_00231.png,train,ai,biggan,/kaggle/working/genimage_8000_split_v4/train/ai/biggan_00231.png
glide_00186.png,train,ai,glide,/kaggle/working/genimage_8000_split_v4/train/ai/glide_00186.png
glide_00147.png,train,ai,glide,/kaggle/working/genimage_8000_split_v4/train/ai/glide_00147.png
biggan_00054.png,train,ai,biggan,/kaggle/working/genimage_8000_split_v4/train/ai/biggan_00054.png
biggan_00307.png,train,ai,biggan,/kaggle/working/genimage_8000_split_v4/train/ai/biggan_00307.png
glide_00117.png,train,ai,glide,/kaggle/working/genimage_8000_split_v4/train/ai/glide_00117.png
adm_00292.png,train,ai,adm,/kaggle/working/genimage_8000_split_v4/train/ai/adm_00292.png
midjourney_00248.png,train,ai,midjourney,/kaggle/working/genimage_8000_split_v4/train/ai/midjourney_00248.png
wukong_00110.png,train,ai,wukong,/kaggle/working/genimage_8000_split_v4/train/ai/wukong_00110.png
glide_00123.png,train,ai,glide,/kaggle/working/genimage_8000_split_v4/train/ai/glide_00123.png
vqdm_00134.png,train,ai,vqdm,/kaggle/working/genimage_8000_split_v4/train/ai/vqdm_00134.png
glide_00273.png,train,ai,glide,/kaggle/working/genimage_8000_split_v4/train/ai/glide_00273.png
vqdm_00132.png,train,ai,vqdm,/kaggle/working/genimage_8000_split_v4/train/ai/vqdm_00132.png
sdv5_00345.png,train,ai,sdv5,/kaggle/working/genimage_8000_split_v4/train/ai/sdv5_00345.png
vqdm_00086.png,train,ai,vqdm,/kaggle/working/genimage_8000_split_v4/train/ai/vqdm_00086.png
midjourney_00253.png,train,ai,midjourney,/kaggle/working/genimage_8000_split_v4/train/ai/midjourney_00253.png
vqdm_00232.png,train,ai,vqdm,/kaggle/working/genimage_8000_split_v4/train/ai/vqdm_00232.png
vqdm_00310.png,train,ai,vqdm,/kaggle/working/genimage_8000_split_v4/train/ai/vqdm_00310.png
vqdm_00058.png,train,ai,vqdm,/kaggle/working/genimage_8000_split_v4/train/ai/vqdm_00058.png
wukong_00194.png,train,ai,wukong,/kaggle/working/genimage_8000_split_v4/train/ai/wukong_00194.png
adm_00107.png,train,ai,adm,/kaggle/working/genimage_8000_split_v4/train/ai/adm_00107.png
wukong_00115.png,train,ai,wukong,/kaggle/working/genimage_8000_split_v4/train/ai/wukong_00115.png
sdv5_00330.png,train,ai,sdv5,/kaggle/working/genimage_8000_split_v4/train/ai/sdv5_00330.png
midjourney_00180.png,train,ai,midjourney,/kaggle/working/genimage_8000_split_v4/train/ai/midjourney_00180.png
adm_00175.png,train,ai,adm,/kaggle/working/genimage_8000_split_v4/train/ai/adm_00175.png
vqdm_00176.png,train,ai,vqdm,/kaggle/working/genimage_8000_split_v4/train/ai/vqdm_00176.png
sdv5_00035.png,train,ai,sdv5,/kaggle/working/genimage_8000_split_v4/train/ai/sdv5_00035.png
adm_00127.png,train,ai,adm,/kaggle/working/genimage_8000_split_v4/train/ai/adm_00127.png
sdv5_00151.png,train,ai,sdv5,/kaggle/working/genimage_8000_split_v4/train/ai/sdv5_00151.png
glide_00018.png,train,ai,glide,/kaggle/working/genimage_8000_split_v4/train/ai/glide_00018.png
adm_00008.png,train,ai,adm,/kaggle/working/genimage_8000_split_v4/train/ai/adm_00008.png
vqdm_00260.png,train,ai,vqdm,/kaggle/working/genimage_8000_split_v4/train/ai/vqdm_00260.png
sdv5_00399.png,train,ai,sdv5,/kaggle/working/genimage_8000_split_v4/train/ai/sdv5_00399.png
midjourney_00174.png,train,ai,midjourney,/kaggle/working/genimage_8000_split_v4/train/ai/midjourney_00174.png
glide_00217.png,train,ai,glide,/kaggle/working/genimage_8000_split_v4/train/ai/glide_00217.png
glide_00181.png,train,ai,glide,/kaggle/working/genimage_8000_split_v4/train/ai/glide_00181.png
vqdm_00183.png,train,ai,vqdm,/kaggle/working/genimage_8000_split_v4/train/ai/vqdm_00183.png
biggan_00100.png,train,ai,biggan,/kaggle/working/genimage_8000_split_v4/train/ai/biggan_00100.png
vqdm_00187.png,train,ai,vqdm,/kaggle/working/genimage_8000_split_v4/train/ai/vqdm_00187.png
biggan_00067.png,train,ai,biggan,/kaggle/working/genimage_8000_split_v4/train/ai/biggan_00067.png
vqdm_00214.png,train,ai,vqdm,/kaggle/working/genimage_8000_split_v4/train/ai/vqdm_00214.png
adm_00162.png,train,ai,adm,/kaggle/working/genimage_8000_split_v4/train/ai/adm_00162.png
glide_00004.png,train,ai,glide,/kaggle/working/genimage_8000_split_v4/train/ai/glide_00004.png
midjourney_00083.png,train,ai,midjourney,/kaggle/working/genimage_8000_split_v4/train/ai/midjourney_00083.png
wukong_00026.png,train,ai,wukong,/kaggle/working/genimage_8000_split_v4/train/ai/wukong_00026.png
biggan_00277.png,train,ai,biggan,/kaggle/working/genimage_8000_split_v4/train/ai/biggan_00277.png
sdv5_00028.png,train,ai,sdv5,/kaggle/working/genimage_8000_split_v4/train/ai/sdv5_00028.png
midjourney_00332.png,train,ai,midjourney,/kaggle/working/genimage_8000_split_v4/train/ai/midjourney_00332.png
biggan_00172.png,train,ai,biggan,/kaggle/working/genimage_8000_split_v4/train/ai/biggan_00172.png
biggan_00110.png,train,ai,biggan,/kaggle/working/genimage_8000_split_v4/train/ai/biggan_00110.png
biggan_00334.png,train,ai,biggan,/kaggle/working/genimage_8000_split_v4/train/ai/biggan_00334.png
midjourney_00042.png,train,ai,midjourney,/kaggle/working/genimage_8000_split_v4/train/ai/midjourney_00042.png
sdv5_00273.png,train,ai,sdv5,/kaggle/working/genimage_8000_split_v4/train/ai/sdv5_00273.png
midjourney_00161.png,train,ai,midjourney,/kaggle/working/genimage_8000_split_v4/train/ai/midjourney_00161.png
vqdm_00266.png,train,ai,vqdm,/kaggle/working/genimage_8000_split_v4/train/ai/vqdm_00266.png
glide_00135.png,train,ai,glide,/kaggle/working/genimage_8000_split_v4/train/ai/glide_00135.png
sdv5_00230.png,train,ai,sdv5,/kaggle/working/genimage_8000_split_v4/train/ai/sdv5_00230.png
sdv5_00110.png,train,ai,sdv5,/kaggle/working/genimage_8000_split_v4/train/ai/sdv5_00110.png
vqdm_00279.png,train,ai,vqdm,/kaggle/working/genimage_8000_split_v4/train/ai/vqdm_00279.png
midjourney_00108.png,train,ai,midjourney,/kaggle/working/genimage_8000_split_v4/train/ai/midjourney_00108.png
adm_00060.png,train,ai,adm,/kaggle/working/genimage_8000_split_v4/train/ai/adm_00060.png
glide_00003.png,train,ai,glide,/kaggle/working/genimage_8000_split_v4/train/ai/glide_00003.png
adm_00213.png,train,ai,adm,/kaggle/working/genimage_8000_split_v4/train/ai/adm_00213.png
adm_00101.png,train,ai,adm,/kaggle/working/genimage_8000_split_v4/train/ai/adm_00101.png
biggan_00160.png,train,ai,biggan,/kaggle/working/genimage_8000_split_v4/train/ai/biggan_00160.png
sdv5_00300.png,train,ai,sdv5,/kaggle/working/genimage_8000_split_v4/train/ai/sdv5_00300.png
vqdm_00319.png,train,ai,vqdm,/kaggle/working/genimage_8000_split_v4/train/ai/vqdm_00319.png
wukong_00138.png,train,ai,wukong,/kaggle/working/genimage_8000_split_v4/train/ai/wukong_00138.png
wukong_00305.png,train,ai,wukong,/kaggle/working/genimage_8000_split_v4/train/ai/wukong_00305.png
biggan_00358.png,train,ai,biggan,/kaggle/working/genimage_8000_split_v4/train/ai/biggan_00358.png
vqdm_00261.png,train,ai,vqdm,/kaggle/working/genimage_8000_split_v4/train/ai/vqdm_00261.png
adm_00335.png,train,ai,adm,/kaggle/working/genimage_8000_split_v4/train/ai/adm_00335.png
vqdm_00358.png,train,ai,vqdm,/kaggle/working/genimage_8000_split_v4/train/ai/vqdm_00358.png
midjourney_00202.png,train,ai,midjourney,/kaggle/working/genimage_8000_split_v4/train/ai/midjourney_00202.png
sdv5_00364.png,train,ai,sdv5,/kaggle/working/genimage_8000_split_v4/train/ai/sdv5_00364.png
glide_00114.png,train,ai,glide,/kaggle/working/genimage_8000_split_v4/train/ai/glide_00114.png
biggan_00375.png,train,ai,biggan,/kaggle/working/genimage_8000_split_v4/train/ai/biggan_00375.png
glide_00246.png,train,ai,glide,/kaggle/working/genimage_8000_split_v4/train/ai/glide_00246.png
vqdm_00170.png,train,ai,vqdm,/kaggle/working/genimage_8000_split_v4/train/ai/vqdm_00170.png
midjourney_00293.png,train,ai,midjourney,/kaggle/working/genimage_8000_split_v4/train/ai/midjourney_00293.png
biggan_00275.png,train,ai,biggan,/kaggle/working/genimage_8000_split_v4/train/ai/biggan_00275.png
glide_00025.png,train,ai,glide,/kaggle/working/genimage_8000_split_v4/train/ai/glide_00025.png
biggan_00240.png,train,ai,biggan,/kaggle/working/genimage_8000_split_v4/train/ai/biggan_00240.png
glide_00326.png,train,ai,glide,/kaggle/working/genimage_8000_split_v4/train/ai/glide_00326.png
biggan_00026.png,train,ai,biggan,/kaggle/working/genimage_8000_split_v4/train/ai/biggan_00026.png
biggan_00096.png,train,ai,biggan,/kaggle/working/genimage_8000_split_v4/train/ai/biggan_00096.png
vqdm_00300.png,train,ai,vqdm,/kaggle/working/genimage_8000_split_v4/train/ai/vqdm_00300.png
wukong_00175.png,train,ai,wukong,/kaggle/working/genimage_8000_split_v4/train/ai/wukong_00175.png
sdv5_00125.png,train,ai,sdv5,/kaggle/working/genimage_8000_split_v4/train/ai/sdv5_00125.png
midjourney_00169.png,train,ai,midjourney,/kaggle/working/genimage_8000_split_v4/train/ai/midjourney_00169.png
sdv5_00297.png,train,ai,sdv5,/kaggle/working/genimage_8000_split_v4/train/ai/sdv5_00297.png
adm_00370.png,train,ai,adm,/kaggle/working/genimage_8000_split_v4/train/ai/adm_00370.png
sdv5_00295.png,train,ai,sdv5,/kaggle/working/genimage_8000_split_v4/train/ai/sdv5_00295.png
wukong_00278.png,train,ai,wukong,/kaggle/working/genimage_8000_split_v4/train/ai/wukong_00278.png
wukong_00104.png,train,ai,wukong,/kaggle/working/genimage_8000_split_v4/train/ai/wukong_00104.png
adm_00077.png,train,ai,adm,/kaggle/working/genimage_8000_split_v4/train/ai/adm_00077.png
biggan_00339.png,train,ai,biggan,/kaggle/working/genimage_8000_split_v4/train/ai/biggan_00339.png
glide_00100.png,train,ai,glide,/kaggle/working/genimage_8000_split_v4/train/ai/glide_00100.png
vqdm_00192.png,train,ai,vqdm,/kaggle/working/genimage_8000_split_v4/train/ai/vqdm_00192.png
vqdm_00314.png,train,ai,vqdm,/kaggle/working/genimage_8000_split_v4/train/ai/vqdm_00314.png
adm_00047.png,train,ai,adm,/kaggle/working/genimage_8000_split_v4/train/ai/adm_00047.png
vqdm_00320.png,train,ai,vqdm,/kaggle/working/genimage_8000_split_v4/train/ai/vqdm_00320.png
biggan_00293.png,train,ai,biggan,/kaggle/working/genimage_8000_split_v4/train/ai/biggan_00293.png
midjourney_00213.png,train,ai,midjourney,/kaggle/working/genimage_8000_split_v4/train/ai/midjourney_00213.png
sdv5_00033.png,train,ai,sdv5,/kaggle/working/genimage_8000_split_v4/train/ai/sdv5_00033.png
glide_00107.png,train,ai,glide,/kaggle/working/genimage_8000_split_v4/train/ai/glide_00107.png
wukong_00199.png,train,ai,wukong,/kaggle/working/genimage_8000_split_v4/train/ai/wukong_00199.png
wukong_00246.png,train,ai,wukong,/kaggle/working/genimage_8000_split_v4/train/ai/wukong_00246.png
midjourney_00364.png,train,ai,midjourney,/kaggle/working/genimage_8000_split_v4/train/ai/midjourney_00364.png
wukong_00380.png,train,ai,wukong,/kaggle/working/genimage_8000_split_v4/train/ai/wukong_00380.png
biggan_00254.png,train,ai,biggan,/kaggle/working/genimage_8000_split_v4/train/ai/biggan_00254.png
biggan_00229.png,train,ai,biggan,/kaggle/working/genimage_8000_split_v4/train/ai/biggan_00229.png
midjourney_00032.png,train,ai,midjourney,/kaggle/working/genimage_8000_split_v4/train/ai/midjourney_00032.png
vqdm_00371.png,train,ai,vqdm,/kaggle/working/genimage_8000_split_v4/train/ai/vqdm_00371.png
sdv5_00113.png,train,ai,sdv5,/kaggle/working/genimage_8000_split_v4/train/ai/sdv5_00113.png
sdv5_00376.png,train,ai,sdv5,/kaggle/working/genimage_8000_split_v4/train/ai/sdv5_00376.png
wukong_00227.png,train,ai,wukong,/kaggle/working/genimage_8000_split_v4/train/ai/wukong_00227.png
biggan_00064.png,train,ai,biggan,/kaggle/working/genimage_8000_split_v4/train/ai/biggan_00064.png
midjourney_00159.png,train,ai,midjourney,/kaggle/working/genimage_8000_split_v4/train/ai/midjourney_00159.png
wukong_00229.png,train,ai,wukong,/kaggle/working/genimage_8000_split_v4/train/ai/wukong_00229.png
vqdm_00074.png,train,ai,vqdm,/kaggle/working/genimage_8000_split_v4/train/ai/vqdm_00074.png
wukong_00213.png,train,ai,wukong,/kaggle/working/genimage_8000_split_v4/train/ai/wukong_00213.png
biggan_00164.png,train,ai,biggan,/kaggle/working/genimage_8000_split_v4/train/ai/biggan_00164.png
adm_00285.png,train,ai,adm,/kaggle/working/genimage_8000_split_v4/train/ai/adm_00285.png
glide_00242.png,train,ai,glide,/kaggle/working/genimage_8000_split_v4/train/ai/glide_00242.png
biggan_00038.png,train,ai,biggan,/kaggle/working/genimage_8000_split_v4/train/ai/biggan_00038.png
adm_00301.png,train,ai,adm,/kaggle/working/genimage_8000_split_v4/train/ai/adm_00301.png
wukong_00381.png,train,ai,wukong,/kaggle/working/genimage_8000_split_v4/train/ai/wukong_00381.png
biggan_00105.png,train,ai,biggan,/kaggle/working/genimage_8000_split_v4/train/ai/biggan_00105.png
wukong_00337.png,train,ai,wukong,/kaggle/working/genimage_8000_split_v4/train/ai/wukong_00337.png
adm_00203.png,train,ai,adm,/kaggle/working/genimage_8000_split_v4/train/ai/adm_00203.png
vqdm_00111.png,train,ai,vqdm,/kaggle/working/genimage_8000_split_v4/train/ai/vqdm_00111.png
sdv5_00123.png,train,ai,sdv5,/kaggle/working/genimage_8000_split_v4/train/ai/sdv5_00123.png
wukong_00399.png,train,ai,wukong,/kaggle/working/genimage_8000_split_v4/train/ai/wukong_00399.png
midjourney_00317.png,train,ai,midjourney,/kaggle/working/genimage_8000_split_v4/train/ai/midjourney_00317.png
vqdm_00248.png,train,ai,vqdm,/kaggle/working/genimage_8000_split_v4/train/ai/vqdm_00248.png
vqdm_00354.png,train,ai,vqdm,/kaggle/working/genimage_8000_split_v4/train/ai/vqdm_00354.png
biggan_00380.png,train,ai,biggan,/kaggle/working/genimage_8000_split_v4/train/ai/biggan_00380.png
sdv5_00146.png,train,ai,sdv5,/kaggle/working/genimage_8000_split_v4/train/ai/sdv5_00146.png
adm_00398.png,train,ai,adm,/kaggle/working/genimage_8000_split_v4/train/ai/adm_00398.png
adm_00082.png,train,ai,adm,/kaggle/working/genimage_8000_split_v4/train/ai/adm_00082.png
vqdm_00350.png,train,ai,vqdm,/kaggle/working/genimage_8000_split_v4/train/ai/vqdm_00350.png
vqdm_00096.png,train,ai,vqdm,/kaggle/working/genimage_8000_split_v4/train/ai/vqdm_00096.png
midjourney_00335.png,train,ai,midjourney,/kaggle/working/genimage_8000_split_v4/train/ai/midjourney_00335.png
wukong_00007.png,train,ai,wukong,/kaggle/working/genimage_8000_split_v4/train/ai/wukong_00007.png
wukong_00060.png,train,ai,wukong,/kaggle/working/genimage_8000_split_v4/train/ai/wukong_00060.png
adm_00340.png,train,ai,adm,/kaggle/working/genimage_8000_split_v4/train/ai/adm_00340.png
sdv5_00041.png,train,ai,sdv5,/kaggle/working/genimage_8000_split_v4/train/ai/sdv5_00041.png
biggan_00171.png,train,ai,biggan,/kaggle/working/genimage_8000_split_v4/train/ai/biggan_00171.png
adm_00278.png,train,ai,adm,/kaggle/working/genimage_8000_split_v4/train/ai/adm_00278.png
vqdm_00334.png,train,ai,vqdm,/kaggle/working/genimage_8000_split_v4/train/ai/vqdm_00334.png
glide_00169.png,train,ai,glide,/kaggle/working/genimage_8000_split_v4/train/ai/glide_00169.png
vqdm_00038.png,train,ai,vqdm,/kaggle/working/genimage_8000_split_v4/train/ai/vqdm_00038.png
wukong_00185.png,train,ai,wukong,/kaggle/working/genimage_8000_split_v4/train/ai/wukong_00185.png
adm_00099.png,train,ai,adm,/kaggle/working/genimage_8000_split_v4/train/ai/adm_00099.png
glide_00269.png,train,ai,glide,/kaggle/working/genimage_8000_split_v4/train/ai/glide_00269.png
adm_00380.png,train,ai,adm,/kaggle/working/genimage_8000_split_v4/train/ai/adm_00380.png
sdv5_00260.png,train,ai,sdv5,/kaggle/working/genimage_8000_split_v4/train/ai/sdv5_00260.png
biggan_00129.png,train,ai,biggan,/kaggle/working/genimage_8000_split_v4/train/ai/biggan_00129.png
adm_00116.png,train,ai,adm,/kaggle/working/genimage_8000_split_v4/train/ai/adm_00116.png
glide_00350.png,train,ai,glide,/kaggle/working/genimage_8000_split_v4/train/ai/glide_00350.png
biggan_00238.png,train,ai,biggan,/kaggle/working/genimage_8000_split_v4/train/ai/biggan_00238.png
biggan_00125.png,train,ai,biggan,/kaggle/working/genimage_8000_split_v4/train/ai/biggan_00125.png
midjourney_00395.png,train,ai,midjourney,/kaggle/working/genimage_8000_split_v4/train/ai/midjourney_00395.png
vqdm_00114.png,train,ai,vqdm,/kaggle/working/genimage_8000_split_v4/train/ai/vqdm_00114.png
glide_00195.png,train,ai,glide,/kaggle/working/genimage_8000_split_v4/train/ai/glide_00195.png
wukong_00001.png,train,ai,wukong,/kaggle/working/genimage_8000_split_v4/train/ai/wukong_00001.png
adm_00307.png,train,ai,adm,/kaggle/working/genimage_8000_split_v4/train/ai/adm_00307.png
vqdm_00288.png,train,ai,vqdm,/kaggle/working/genimage_8000_split_v4/train/ai/vqdm_00288.png
wukong_00112.png,train,ai,wukong,/kaggle/working/genimage_8000_split_v4/train/ai/wukong_00112.png
wukong_00137.png,train,ai,wukong,/kaggle/working/genimage_8000_split_v4/train/ai/wukong_00137.png
vqdm_00144.png,train,ai,vqdm,/kaggle/working/genimage_8000_split_v4/train/ai/vqdm_00144.png
midjourney_00015.png,train,ai,midjourney,/kaggle/working/genimage_8000_split_v4/train/ai/midjourney_00015.png
glide_00130.png,train,ai,glide,/kaggle/working/genimage_8000_split_v4/train/ai/glide_00130.png
sdv5_00115.png,train,ai,sdv5,/kaggle/working/genimage_8000_split_v4/train/ai/sdv5_00115.png
vqdm_00091.png,train,ai,vqdm,/kaggle/working/genimage_8000_split_v4/train/ai/vqdm_00091.png
vqdm_00161.png,train,ai,vqdm,/kaggle/working/genimage_8000_split_v4/train/ai/vqdm_00161.png
glide_00235.png,train,ai,glide,/kaggle/working/genimage_8000_split_v4/train/ai/glide_00235.png
wukong_00387.png,train,ai,wukong,/kaggle/working/genimage_8000_split_v4/train/ai/wukong_00387.png
sdv5_00154.png,train,ai,sdv5,/kaggle/working/genimage_8000_split_v4/train/ai/sdv5_00154.png
glide_00293.png,train,ai,glide,/kaggle/working/genimage_8000_split_v4/train/ai/glide_00293.png
wukong_00332.png,train,ai,wukong,/kaggle/working/genimage_8000_split_v4/train/ai/wukong_00332.png
glide_00369.png,train,ai,glide,/kaggle/working/genimage_8000_split_v4/train/ai/glide_00369.png
sdv5_00243.png,train,ai,sdv5,/kaggle/working/genimage_8000_split_v4/train/ai/sdv5_00243.png
biggan_00047.png,train,ai,biggan,/kaggle/working/genimage_8000_split_v4/train/ai/biggan_00047.png
vqdm_00396.png,train,ai,vqdm,/kaggle/working/genimage_8000_split_v4/train/ai/vqdm_00396.png
sdv5_00155.png,train,ai,sdv5,/kaggle/working/genimage_8000_split_v4/train/ai/sdv5_00155.png
sdv5_00220.png,train,ai,sdv5,/kaggle/working/genimage_8000_split_v4/train/ai/sdv5_00220.png
biggan_00270.png,train,ai,biggan,/kaggle/working/genimage_8000_split_v4/train/ai/biggan_00270.png
wukong_00316.png,train,ai,wukong,/kaggle/working/genimage_8000_split_v4/train/ai/wukong_00316.png
wukong_00176.png,train,ai,wukong,/kaggle/working/genimage_8000_split_v4/train/ai/wukong_00176.png
glide_00030.png,train,ai,glide,/kaggle/working/genimage_8000_split_v4/train/ai/glide_00030.png
midjourney_00303.png,train,ai,midjourney,/kaggle/working/genimage_8000_split_v4/train/ai/midjourney_00303.png
vqdm_00047.png,train,ai,vqdm,/kaggle/working/genimage_8000_split_v4/train/ai/vqdm_00047.png
sdv5_00084.png,train,ai,sdv5,/kaggle/working/genimage_8000_split_v4/train/ai/sdv5_00084.png
adm_00165.png,train,ai,adm,/kaggle/working/genimage_8000_split_v4/train/ai/adm_00165.png
glide_00247.png,train,ai,glide,/kaggle/working/genimage_8000_split_v4/train/ai/glide_00247.png
sdv5_00390.png,train,ai,sdv5,/kaggle/working/genimage_8000_split_v4/train/ai/sdv5_00390.png
glide_00188.png,train,ai,glide,/kaggle/working/genimage_8000_split_v4/train/ai/glide_00188.png
sdv5_00102.png,train,ai,sdv5,/kaggle/working/genimage_8000_split_v4/train/ai/sdv5_00102.png
biggan_00214.png,train,ai,biggan,/kaggle/working/genimage_8000_split_v4/train/ai/biggan_00214.png
vqdm_00312.png,train,ai,vqdm,/kaggle/working/genimage_8000_split_v4/train/ai/vqdm_00312.png
vqdm_00083.png,train,ai,vqdm,/kaggle/working/genimage_8000_split_v4/train/ai/vqdm_00083.png
biggan_00068.png,train,ai,biggan,/kaggle/working/genimage_8000_split_v4/train/ai/biggan_00068.png
sdv5_00236.png,train,ai,sdv5,/kaggle/working/genimage_8000_split_v4/train/ai/sdv5_00236.png
sdv5_00058.png,train,ai,sdv5,/kaggle/working/genimage_8000_split_v4/train/ai/sdv5_00058.png
sdv5_00006.png,train,ai,sdv5,/kaggle/working/genimage_8000_split_v4/train/ai/sdv5_00006.png
glide_00359.png,train,ai,glide,/kaggle/working/genimage_8000_split_v4/train/ai/glide_00359.png
sdv5_00205.png,train,ai,sdv5,/kaggle/working/genimage_8000_split_v4/train/ai/sdv5_00205.png
sdv5_00211.png,train,ai,sdv5,/kaggle/working/genimage_8000_split_v4/train/ai/sdv5_00211.png
biggan_00044.png,train,ai,biggan,/kaggle/working/genimage_8000_split_v4/train/ai/biggan_00044.png
midjourney_00003.png,train,ai,midjourney,/kaggle/working/genimage_8000_split_v4/train/ai/midjourney_00003.png
sdv5_00027.png,train,ai,sdv5,/kaggle/working/genimage_8000_split_v4/train/ai/sdv5_00027.png
wukong_00182.png,train,ai,wukong,/kaggle/working/genimage_8000_split_v4/train/ai/wukong_00182.png
wukong_00273.png,train,ai,wukong,/kaggle/working/genimage_8000_split_v4/train/ai/wukong_00273.png
midjourney_00196.png,train,ai,midjourney,/kaggle/working/genimage_8000_split_v4/train/ai/midjourney_00196.png
adm_00392.png,train,ai,adm,/kaggle/working/genimage_8000_split_v4/train/ai/adm_00392.png
glide_00193.png,train,ai,glide,/kaggle/working/genimage_8000_split_v4/train/ai/glide_00193.png
adm_00311.png,train,ai,adm,/kaggle/working/genimage_8000_split_v4/train/ai/adm_00311.png
wukong_00211.png,train,ai,wukong,/kaggle/working/genimage_8000_split_v4/train/ai/wukong_00211.png
sdv5_00286.png,train,ai,sdv5,/kaggle/working/genimage_8000_split_v4/train/ai/sdv5_00286.png
biggan_00072.png,train,ai,biggan,/kaggle/working/genimage_8000_split_v4/train/ai/biggan_00072.png
sdv5_00120.png,train,ai,sdv5,/kaggle/working/genimage_8000_split_v4/train/ai/sdv5_00120.png
wukong_00297.png,train,ai,wukong,/kaggle/working/genimage_8000_split_v4/train/ai/wukong_00297.png
glide_00277.png,train,ai,glide,/kaggle/working/genimage_8000_split_v4/train/ai/glide_00277.png
vqdm_00030.png,train,ai,vqdm,/kaggle/working/genimage_8000_split_v4/train/ai/vqdm_00030.png
biggan_00091.png,train,ai,biggan,/kaggle/working/genimage_8000_split_v4/train/ai/biggan_00091.png
sdv5_00394.png,train,ai,sdv5,/kaggle/working/genimage_8000_split_v4/train/ai/sdv5_00394.png
vqdm_00085.png,train,ai,vqdm,/kaggle/working/genimage_8000_split_v4/train/ai/vqdm_00085.png
wukong_00071.png,train,ai,wukong,/kaggle/working/genimage_8000_split_v4/train/ai/wukong_00071.png
sdv5_00097.png,train,ai,sdv5,/kaggle/working/genimage_8000_split_v4/train/ai/sdv5_00097.png
biggan_00119.png,train,ai,biggan,/kaggle/working/genimage_8000_split_v4/train/ai/biggan_00119.png
adm_00062.png,train,ai,adm,/kaggle/working/genimage_8000_split_v4/train/ai/adm_00062.png
adm_00000.png,train,ai,adm,/kaggle/working/genimage_8000_split_v4/train/ai/adm_00000.png
sdv5_00298.png,train,ai,sdv5,/kaggle/working/genimage_8000_split_v4/train/ai/sdv5_00298.png
adm_00215.png,train,ai,adm,/kaggle/working/genimage_8000_split_v4/train/ai/adm_00215.png
adm_00243.png,train,ai,adm,/kaggle/working/genimage_8000_split_v4/train/ai/adm_00243.png
adm_00177.png,train,ai,adm,/kaggle/working/genimage_8000_split_v4/train/ai/adm_00177.png
biggan_00269.png,train,ai,biggan,/kaggle/working/genimage_8000_split_v4/train/ai/biggan_00269.png
vqdm_00274.png,train,ai,vqdm,/kaggle/working/genimage_8000_split_v4/train/ai/vqdm_00274.png
adm_00276.png,train,ai,adm,/kaggle/working/genimage_8000_split_v4/train/ai/adm_00276.png
wukong_00365.png,train,ai,wukong,/kaggle/working/genimage_8000_split_v4/train/ai/wukong_00365.png
midjourney_00137.png,train,ai,midjourney,/kaggle/working/genimage_8000_split_v4/train/ai/midjourney_00137.png
biggan_00361.png,train,ai,biggan,/kaggle/working/genimage_8000_split_v4/train/ai/biggan_00361.png
vqdm_00195.png,train,ai,vqdm,/kaggle/working/genimage_8000_split_v4/train/ai/vqdm_00195.png
biggan_00393.png,train,ai,biggan,/kaggle/working/genimage_8000_split_v4/train/ai/biggan_00393.png
glide_00379.png,train,ai,glide,/kaggle/working/genimage_8000_split_v4/train/ai/glide_00379.png
biggan_00137.png,train,ai,biggan,/kaggle/working/genimage_8000_split_v4/train/ai/biggan_00137.png
midjourney_00312.png,train,ai,midjourney,/kaggle/working/genimage_8000_split_v4/train/ai/midjourney_00312.png
glide_00149.png,train,ai,glide,/kaggle/working/genimage_8000_split_v4/train/ai/glide_00149.png
wukong_00179.png,train,ai,wukong,/kaggle/working/genimage_8000_split_v4/train/ai/wukong_00179.png
biggan_00236.png,train,ai,biggan,/kaggle/working/genimage_8000_split_v4/train/ai/biggan_00236.png
wukong_00044.png,train,ai,wukong,/kaggle/working/genimage_8000_split_v4/train/ai/wukong_00044.png
adm_00181.png,train,ai,adm,/kaggle/working/genimage_8000_split_v4/train/ai/adm_00181.png
adm_00236.png,train,ai,adm,/kaggle/working/genimage_8000_split_v4/train/ai/adm_00236.png
sdv5_00384.png,train,ai,sdv5,/kaggle/working/genimage_8000_split_v4/train/ai/sdv5_00384.png
wukong_00125.png,train,ai,wukong,/kaggle/working/genimage_8000_split_v4/train/ai/wukong_00125.png
wukong_00388.png,train,ai,wukong,/kaggle/working/genimage_8000_split_v4/train/ai/wukong_00388.png
midjourney_00384.png,train,ai,midjourney,/kaggle/working/genimage_8000_split_v4/train/ai/midjourney_00384.png
adm_00195.png,train,ai,adm,/kaggle/working/genimage_8000_split_v4/train/ai/adm_00195.png
glide_00075.png,train,ai,glide,/kaggle/working/genimage_8000_split_v4/train/ai/glide_00075.png
vqdm_00346.png,train,ai,vqdm,/kaggle/working/genimage_8000_split_v4/train/ai/vqdm_00346.png
adm_00158.png,train,ai,adm,/kaggle/working/genimage_8000_split_v4/train/ai/adm_00158.png
glide_00171.png,train,ai,glide,/kaggle/working/genimage_8000_split_v4/train/ai/glide_00171.png
sdv5_00398.png,train,ai,sdv5,/kaggle/working/genimage_8000_split_v4/train/ai/sdv5_00398.png
midjourney_00313.png,train,ai,midjourney,/kaggle/working/genimage_8000_split_v4/train/ai/midjourney_00313.png
vqdm_00040.png,train,ai,vqdm,/kaggle/working/genimage_8000_split_v4/train/ai/vqdm_00040.png
wukong_00082.png,train,ai,wukong,/kaggle/working/genimage_8000_split_v4/train/ai/wukong_00082.png
glide_00094.png,train,ai,glide,/kaggle/working/genimage_8000_split_v4/train/ai/glide_00094.png
midjourney_00019.png,train,ai,midjourney,/kaggle/working/genimage_8000_split_v4/train/ai/midjourney_00019.png
adm_00065.png,train,ai,adm,/kaggle/working/genimage_8000_split_v4/train/ai/adm_00065.png
glide_00377.png,train,ai,glide,/kaggle/working/genimage_8000_split_v4/train/ai/glide_00377.png
sdv5_00168.png,train,ai,sdv5,/kaggle/working/genimage_8000_split_v4/train/ai/sdv5_00168.png
wukong_00295.png,train,ai,wukong,/kaggle/working/genimage_8000_split_v4/train/ai/wukong_00295.png
biggan_00321.png,train,ai,biggan,/kaggle/working/genimage_8000_split_v4/train/ai/biggan_00321.png
adm_00114.png,train,ai,adm,/kaggle/working/genimage_8000_split_v4/train/ai/adm_00114.png
glide_00231.png,train,ai,glide,/kaggle/working/genimage_8000_split_v4/train/ai/glide_00231.png
adm_00287.png,train,ai,adm,/kaggle/working/genimage_8000_split_v4/train/ai/adm_00287.png
glide_00294.png,train,ai,glide,/kaggle/working/genimage_8000_split_v4/train/ai/glide_00294.png
sdv5_00194.png,train,ai,sdv5,/kaggle/working/genimage_8000_split_v4/train/ai/sdv5_00194.png
biggan_00178.png,train,ai,biggan,/kaggle/working/genimage_8000_split_v4/train/ai/biggan_00178.png
sdv5_00181.png,train,ai,sdv5,/kaggle/working/genimage_8000_split_v4/train/ai/sdv5_00181.png
adm_00130.png,train,ai,adm,/kaggle/working/genimage_8000_split_v4/train/ai/adm_00130.png
glide_00140.png,train,ai,glide,/kaggle/working/genimage_8000_split_v4/train/ai/glide_00140.png
wukong_00120.png,train,ai,wukong,/kaggle/working/genimage_8000_split_v4/train/ai/wukong_00120.png
sdv5_00208.png,train,ai,sdv5,/kaggle/working/genimage_8000_split_v4/train/ai/sdv5_00208.png
sdv5_00145.png,train,ai,sdv5,/kaggle/working/genimage_8000_split_v4/train/ai/sdv5_00145.png
adm_00374.png,train,ai,adm,/kaggle/working/genimage_8000_split_v4/train/ai/adm_00374.png
adm_00387.png,train,ai,adm,/kaggle/working/genimage_8000_split_v4/train/ai/adm_00387.png
biggan_00211.png,train,ai,biggan,/kaggle/working/genimage_8000_split_v4/train/ai/biggan_00211.png
adm_00333.png,train,ai,adm,/kaggle/working/genimage_8000_split_v4/train/ai/adm_00333.png
wukong_00173.png,train,ai,wukong,/kaggle/working/genimage_8000_split_v4/train/ai/wukong_00173.png
glide_00150.png,train,ai,glide,/kaggle/working/genimage_8000_split_v4/train/ai/glide_00150.png
sdv5_00195.png,train,ai,sdv5,/kaggle/working/genimage_8000_split_v4/train/ai/sdv5_00195.png
midjourney_00022.png,train,ai,midjourney,/kaggle/working/genimage_8000_split_v4/train/ai/midjourney_00022.png
sdv5_00197.png,train,ai,sdv5,/kaggle/working/genimage_8000_split_v4/train/ai/sdv5_00197.png
glide_00142.png,train,ai,glide,/kaggle/working/genimage_8000_split_v4/train/ai/glide_00142.png
midjourney_00052.png,train,ai,midjourney,/kaggle/working/genimage_8000_split_v4/train/ai/midjourney_00052.png
adm_00046.png,train,ai,adm,/kaggle/working/genimage_8000_split_v4/train/ai/adm_00046.png
wukong_00048.png,train,ai,wukong,/kaggle/working/genimage_8000_split_v4/train/ai/wukong_00048.png
vqdm_00257.png,train,ai,vqdm,/kaggle/working/genimage_8000_split_v4/train/ai/vqdm_00257.png
midjourney_00367.png,train,ai,midjourney,/kaggle/working/genimage_8000_split_v4/train/ai/midjourney_00367.png
sdv5_00244.png,train,ai,sdv5,/kaggle/working/genimage_8000_split_v4/train/ai/sdv5_00244.png
vqdm_00045.png,train,ai,vqdm,/kaggle/working/genimage_8000_split_v4/train/ai/vqdm_00045.png
vqdm_00318.png,train,ai,vqdm,/kaggle/working/genimage_8000_split_v4/train/ai/vqdm_00318.png
biggan_00036.png,train,ai,biggan,/kaggle/working/genimage_8000_split_v4/train/ai/biggan_00036.png
adm_00242.png,train,ai,adm,/kaggle/working/genimage_8000_split_v4/train/ai/adm_00242.png
sdv5_00038.png,train,ai,sdv5,/kaggle/working/genimage_8000_split_v4/train/ai/sdv5_00038.png
vqdm_00367.png,train,ai,vqdm,/kaggle/working/genimage_8000_split_v4/train/ai/vqdm_00367.png
biggan_00167.png,train,ai,biggan,/kaggle/working/genimage_8000_split_v4/train/ai/biggan_00167.png
midjourney_00382.png,train,ai,midjourney,/kaggle/working/genimage_8000_split_v4/train/ai/midjourney_00382.png
glide_00266.png,train,ai,glide,/kaggle/working/genimage_8000_split_v4/train/ai/glide_00266.png
glide_00219.png,train,ai,glide,/kaggle/working/genimage_8000_split_v4/train/ai/glide_00219.png
vqdm_00050.png,train,ai,vqdm,/kaggle/working/genimage_8000_split_v4/train/ai/vqdm_00050.png
sdv5_00228.png,train,ai,sdv5,/kaggle/working/genimage_8000_split_v4/train/ai/sdv5_00228.png
midjourney_00271.png,train,ai,midjourney,/kaggle/working/genimage_8000_split_v4/train/ai/midjourney_00271.png
biggan_00041.png,train,ai,biggan,/kaggle/working/genimage_8000_split_v4/train/ai/biggan_00041.png
adm_00312.png,train,ai,adm,/kaggle/working/genimage_8000_split_v4/train/ai/adm_00312.png
sdv5_00139.png,train,ai,sdv5,/kaggle/working/genimage_8000_split_v4/train/ai/sdv5_00139.png
midjourney_00363.png,train,ai,midjourney,/kaggle/working/genimage_8000_split_v4/train/ai/midjourney_00363.png
sdv5_00388.png,train,ai,sdv5,/kaggle/working/genimage_8000_split_v4/train/ai/sdv5_00388.png
vqdm_00253.png,train,ai,vqdm,/kaggle/working/genimage_8000_split_v4/train/ai/vqdm_00253.png
vqdm_00186.png,train,ai,vqdm,/kaggle/working/genimage_8000_split_v4/train/ai/vqdm_00186.png
vqdm_00051.png,train,ai,vqdm,/kaggle/working/genimage_8000_split_v4/train/ai/vqdm_00051.png
biggan_00089.png,train,ai,biggan,/kaggle/working/genimage_8000_split_v4/train/ai/biggan_00089.png
biggan_00300.png,train,ai,biggan,/kaggle/working/genimage_8000_split_v4/train/ai/biggan_00300.png
wukong_00347.png,train,ai,wukong,/kaggle/working/genimage_8000_split_v4/train/ai/wukong_00347.png
glide_00370.png,train,ai,glide,/kaggle/working/genimage_8000_split_v4/train/ai/glide_00370.png
biggan_00389.png,train,ai,biggan,/kaggle/working/genimage_8000_split_v4/train/ai/biggan_00389.png
sdv5_00087.png,train,ai,sdv5,/kaggle/working/genimage_8000_split_v4/train/ai/sdv5_00087.png
biggan_00144.png,train,ai,biggan,/kaggle/working/genimage_8000_split_v4/train/ai/biggan_00144.png
sdv5_00363.png,train,ai,sdv5,/kaggle/working/genimage_8000_split_v4/train/ai/sdv5_00363.png
biggan_00259.png,train,ai,biggan,/kaggle/working/genimage_8000_split_v4/train/ai/biggan_00259.png
sdv5_00296.png,train,ai,sdv5,/kaggle/working/genimage_8000_split_v4/train/ai/sdv5_00296.png
adm_00306.png,train,ai,adm,/kaggle/working/genimage_8000_split_v4/train/ai/adm_00306.png
midjourney_00397.png,train,ai,midjourney,/kaggle/working/genimage_8000_split_v4/train/ai/midjourney_00397.png
adm_00093.png,train,ai,adm,/kaggle/working/genimage_8000_split_v4/train/ai/adm_00093.png
glide_00054.png,train,ai,glide,/kaggle/working/genimage_8000_split_v4/train/ai/glide_00054.png
biggan_00258.png,train,ai,biggan,/kaggle/working/genimage_8000_split_v4/train/ai/biggan_00258.png
sdv5_00261.png,train,ai,sdv5,/kaggle/working/genimage_8000_split_v4/train/ai/sdv5_00261.png
sdv5_00062.png,train,ai,sdv5,/kaggle/working/genimage_8000_split_v4/train/ai/sdv5_00062.png
wukong_00311.png,train,ai,wukong,/kaggle/working/genimage_8000_split_v4/train/ai/wukong_00311.png
vqdm_00365.png,train,ai,vqdm,/kaggle/working/genimage_8000_split_v4/train/ai/vqdm_00365.png
midjourney_00350.png,train,ai,midjourney,/kaggle/working/genimage_8000_split_v4/train/ai/midjourney_00350.png
adm_00308.png,train,ai,adm,/kaggle/working/genimage_8000_split_v4/train/ai/adm_00308.png
adm_00096.png,train,ai,adm,/kaggle/working/genimage_8000_split_v4/train/ai/adm_00096.png
sdv5_00178.png,train,ai,sdv5,/kaggle/working/genimage_8000_split_v4/train/ai/sdv5_00178.png
wukong_00093.png,train,ai,wukong,/kaggle/working/genimage_8000_split_v4/train/ai/wukong_00093.png
midjourney_00181.png,train,ai,midjourney,/kaggle/working/genimage_8000_split_v4/train/ai/midjourney_00181.png
glide_00244.png,train,ai,glide,/kaggle/working/genimage_8000_split_v4/train/ai/glide_00244.png
sdv5_00281.png,train,ai,sdv5,/kaggle/working/genimage_8000_split_v4/train/ai/sdv5_00281.png
adm_00378.png,train,ai,adm,/kaggle/working/genimage_8000_split_v4/train/ai/adm_00378.png
glide_00398.png,train,ai,glide,/kaggle/working/genimage_8000_split_v4/train/ai/glide_00398.png
glide_00267.png,train,ai,glide,/kaggle/working/genimage_8000_split_v4/train/ai/glide_00267.png
sdv5_00060.png,train,ai,sdv5,/kaggle/working/genimage_8000_split_v4/train/ai/sdv5_00060.png
biggan_00094.png,train,ai,biggan,/kaggle/working/genimage_8000_split_v4/train/ai/biggan_00094.png
biggan_00181.png,train,ai,biggan,/kaggle/working/genimage_8000_split_v4/train/ai/biggan_00181.png
glide_00079.png,train,ai,glide,/kaggle/working/genimage_8000_split_v4/train/ai/glide_00079.png
glide_00122.png,train,ai,glide,/kaggle/working/genimage_8000_split_v4/train/ai/glide_00122.png
wukong_00324.png,train,ai,wukong,/kaggle/working/genimage_8000_split_v4/train/ai/wukong_00324.png
sdv5_00397.png,train,ai,sdv5,/kaggle/working/genimage_8000_split_v4/train/ai/sdv5_00397.png
adm_00270.png,train,ai,adm,/kaggle/working/genimage_8000_split_v4/train/ai/adm_00270.png
adm_00373.png,train,ai,adm,/kaggle/working/genimage_8000_split_v4/train/ai/adm_00373.png
midjourney_00365.png,train,ai,midjourney,/kaggle/working/genimage_8000_split_v4/train/ai/midjourney_00365.png
wukong_00341.png,train,ai,wukong,/kaggle/working/genimage_8000_split_v4/train/ai/wukong_00341.png
midjourney_00131.png,train,ai,midjourney,/kaggle/working/genimage_8000_split_v4/train/ai/midjourney_00131.png
midjourney_00386.png,train,ai,midjourney,/kaggle/working/genimage_8000_split_v4/train/ai/midjourney_00386.png
midjourney_00237.png,train,ai,midjourney,/kaggle/working/genimage_8000_split_v4/train/ai/midjourney_00237.png
glide_00091.png,train,ai,glide,/kaggle/working/genimage_8000_split_v4/train/ai/glide_00091.png
midjourney_00004.png,train,ai,midjourney,/kaggle/working/genimage_8000_split_v4/train/ai/midjourney_00004.png
glide_00397.png,train,ai,glide,/kaggle/working/genimage_8000_split_v4/train/ai/glide_00397.png
vqdm_00337.png,train,ai,vqdm,/kaggle/working/genimage_8000_split_v4/train/ai/vqdm_00337.png
adm_00356.png,train,ai,adm,/kaggle/working/genimage_8000_split_v4/train/ai/adm_00356.png
biggan_00281.png,train,ai,biggan,/kaggle/working/genimage_8000_split_v4/train/ai/biggan_00281.png
adm_00322.png,train,ai,adm,/kaggle/working/genimage_8000_split_v4/train/ai/adm_00322.png
wukong_00040.png,train,ai,wukong,/kaggle/working/genimage_8000_split_v4/train/ai/wukong_00040.png
adm_00273.png,train,ai,adm,/kaggle/working/genimage_8000_split_v4/train/ai/adm_00273.png
biggan_00294.png,train,ai,biggan,/kaggle/working/genimage_8000_split_v4/train/ai/biggan_00294.png
sdv5_00278.png,train,ai,sdv5,/kaggle/working/genimage_8000_split_v4/train/ai/sdv5_00278.png
sdv5_00141.png,train,ai,sdv5,/kaggle/working/genimage_8000_split_v4/train/ai/sdv5_00141.png
midjourney_00262.png,train,ai,midjourney,/kaggle/working/genimage_8000_split_v4/train/ai/midjourney_00262.png
glide_00331.png,train,ai,glide,/kaggle/working/genimage_8000_split_v4/train/ai/glide_00331.png
adm_00309.png,train,ai,adm,/kaggle/working/genimage_8000_split_v4/train/ai/adm_00309.png
midjourney_00288.png,train,ai,midjourney,/kaggle/working/genimage_8000_split_v4/train/ai/midjourney_00288.png
wukong_00357.png,train,ai,wukong,/kaggle/working/genimage_8000_split_v4/train/ai/wukong_00357.png
vqdm_00291.png,train,ai,vqdm,/kaggle/working/genimage_8000_split_v4/train/ai/vqdm_00291.png
adm_00168.png,train,ai,adm,/kaggle/working/genimage_8000_split_v4/train/ai/adm_00168.png
biggan_00060.png,train,ai,biggan,/kaggle/working/genimage_8000_split_v4/train/ai/biggan_00060.png
biggan_00213.png,train,ai,biggan,/kaggle/working/genimage_8000_split_v4/train/ai/biggan_00213.png
midjourney_00282.png,train,ai,midjourney,/kaggle/working/genimage_8000_split_v4/train/ai/midjourney_00282.png
midjourney_00145.png,train,ai,midjourney,/kaggle/working/genimage_8000_split_v4/train/ai/midjourney_00145.png
wukong_00049.png,train,ai,wukong,/kaggle/working/genimage_8000_split_v4/train/ai/wukong_00049.png
sdv5_00172.png,train,ai,sdv5,/kaggle/working/genimage_8000_split_v4/train/ai/sdv5_00172.png
vqdm_00348.png,train,ai,vqdm,/kaggle/working/genimage_8000_split_v4/train/ai/vqdm_00348.png
biggan_00318.png,train,ai,biggan,/kaggle/working/genimage_8000_split_v4/train/ai/biggan_00318.png
adm_00247.png,train,ai,adm,/kaggle/working/genimage_8000_split_v4/train/ai/adm_00247.png
glide_00232.png,train,ai,glide,/kaggle/working/genimage_8000_split_v4/train/ai/glide_00232.png
sdv5_00269.png,train,ai,sdv5,/kaggle/working/genimage_8000_split_v4/train/ai/sdv5_00269.png
midjourney_00334.png,train,ai,midjourney,/kaggle/working/genimage_8000_split_v4/train/ai/midjourney_00334.png
wukong_00035.png,train,ai,wukong,/kaggle/working/genimage_8000_split_v4/train/ai/wukong_00035.png
adm_00197.png,train,ai,adm,/kaggle/working/genimage_8000_split_v4/train/ai/adm_00197.png
adm_00350.png,train,ai,adm,/kaggle/working/genimage_8000_split_v4/train/ai/adm_00350.png
vqdm_00160.png,train,ai,vqdm,/kaggle/working/genimage_8000_split_v4/train/ai/vqdm_00160.png
glide_00176.png,train,ai,glide,/kaggle/working/genimage_8000_split_v4/train/ai/glide_00176.png
midjourney_00175.png,train,ai,midjourney,/kaggle/working/genimage_8000_split_v4/train/ai/midjourney_00175.png
adm_00010.png,train,ai,adm,/kaggle/working/genimage_8000_split_v4/train/ai/adm_00010.png
sdv5_00064.png,train,ai,sdv5,/kaggle/working/genimage_8000_split_v4/train/ai/sdv5_00064.png
glide_00208.png,train,ai,glide,/kaggle/working/genimage_8000_split_v4/train/ai/glide_00208.png
adm_00109.png,train,ai,adm,/kaggle/working/genimage_8000_split_v4/train/ai/adm_00109.png
midjourney_00143.png,train,ai,midjourney,/kaggle/working/genimage_8000_split_v4/train/ai/midjourney_00143.png
wukong_00376.png,train,ai,wukong,/kaggle/working/genimage_8000_split_v4/train/ai/wukong_00376.png
glide_00363.png,train,ai,glide,/kaggle/working/genimage_8000_split_v4/train/ai/glide_00363.png
vqdm_00309.png,train,ai,vqdm,/kaggle/working/genimage_8000_split_v4/train/ai/vqdm_00309.png
adm_00153.png,train,ai,adm,/kaggle/working/genimage_8000_split_v4/train/ai/adm_00153.png
vqdm_00321.png,train,ai,vqdm,/kaggle/working/genimage_8000_split_v4/train/ai/vqdm_00321.png
vqdm_00283.png,train,ai,vqdm,/kaggle/working/genimage_8000_split_v4/train/ai/vqdm_00283.png
biggan_00241.png,train,ai,biggan,/kaggle/working/genimage_8000_split_v4/train/ai/biggan_00241.png
biggan_00161.png,train,ai,biggan,/kaggle/working/genimage_8000_split_v4/train/ai/biggan_00161.png
biggan_00351.png,train,ai,biggan,/kaggle/working/genimage_8000_split_v4/train/ai/biggan_00351.png
glide_00302.png,train,ai,glide,/kaggle/working/genimage_8000_split_v4/train/ai/glide_00302.png
biggan_00113.png,train,ai,biggan,/kaggle/working/genimage_8000_split_v4/train/ai/biggan_00113.png
sdv5_00150.png,train,ai,sdv5,/kaggle/working/genimage_8000_split_v4/train/ai/sdv5_00150.png
adm_00059.png,train,ai,adm,/kaggle/working/genimage_8000_split_v4/train/ai/adm_00059.png
midjourney_00048.png,train,ai,midjourney,/kaggle/working/genimage_8000_split_v4/train/ai/midjourney_00048.png
adm_00155.png,train,ai,adm,/kaggle/working/genimage_8000_split_v4/train/ai/adm_00155.png
midjourney_00016.png,train,ai,midjourney,/kaggle/working/genimage_8000_split_v4/train/ai/midjourney_00016.png
wukong_00319.png,train,ai,wukong,/kaggle/working/genimage_8000_split_v4/train/ai/wukong_00319.png
sdv5_00199.png,train,ai,sdv5,/kaggle/working/genimage_8000_split_v4/train/ai/sdv5_00199.png
biggan_00112.png,train,ai,biggan,/kaggle/working/genimage_8000_split_v4/train/ai/biggan_00112.png
biggan_00007.png,train,ai,biggan,/kaggle/working/genimage_8000_split_v4/train/ai/biggan_00007.png
midjourney_00113.png,train,ai,midjourney,/kaggle/working/genimage_8000_split_v4/train/ai/midjourney_00113.png
wukong_00243.png,train,ai,wukong,/kaggle/working/genimage_8000_split_v4/train/ai/wukong_00243.png
glide_00346.png,train,ai,glide,/kaggle/working/genimage_8000_split_v4/train/ai/glide_00346.png
adm_00106.png,train,ai,adm,/kaggle/working/genimage_8000_split_v4/train/ai/adm_00106.png
vqdm_00123.png,train,ai,vqdm,/kaggle/working/genimage_8000_split_v4/train/ai/vqdm_00123.png
wukong_00234.png,train,ai,wukong,/kaggle/working/genimage_8000_split_v4/train/ai/wukong_00234.png
adm_00260.png,train,ai,adm,/kaggle/working/genimage_8000_split_v4/train/ai/adm_00260.png
glide_00087.png,train,ai,glide,/kaggle/working/genimage_8000_split_v4/train/ai/glide_00087.png
wukong_00244.png,train,ai,wukong,/kaggle/working/genimage_8000_split_v4/train/ai/wukong_00244.png
vqdm_00226.png,train,ai,vqdm,/kaggle/working/genimage_8000_split_v4/train/ai/vqdm_00226.png
glide_00067.png,train,ai,glide,/kaggle/working/genimage_8000_split_v4/train/ai/glide_00067.png
wukong_00291.png,train,ai,wukong,/kaggle/working/genimage_8000_split_v4/train/ai/wukong_00291.png
adm_00282.png,train,ai,adm,/kaggle/working/genimage_8000_split_v4/train/ai/adm_00282.png
midjourney_00390.png,train,ai,midjourney,/kaggle/working/genimage_8000_split_v4/train/ai/midjourney_00390.png
wukong_00253.png,train,ai,wukong,/kaggle/working/genimage_8000_split_v4/train/ai/wukong_00253.png
glide_00344.png,train,ai,glide,/kaggle/working/genimage_8000_split_v4/train/ai/glide_00344.png
biggan_00145.png,train,ai,biggan,/kaggle/working/genimage_8000_split_v4/train/ai/biggan_00145.png
midjourney_00186.png,train,ai,midjourney,/kaggle/working/genimage_8000_split_v4/train/ai/midjourney_00186.png
glide_00112.png,train,ai,glide,/kaggle/working/genimage_8000_split_v4/train/ai/glide_00112.png
glide_00260.png,train,ai,glide,/kaggle/working/genimage_8000_split_v4/train/ai/glide_00260.png
biggan_00289.png,train,ai,biggan,/kaggle/working/genimage_8000_split_v4/train/ai/biggan_00289.png
glide_00270.png,train,ai,glide,/kaggle/working/genimage_8000_split_v4/train/ai/glide_00270.png
wukong_00098.png,train,ai,wukong,/kaggle/working/genimage_8000_split_v4/train/ai/wukong_00098.png
sdv5_00132.png,train,ai,sdv5,/kaggle/working/genimage_8000_split_v4/train/ai/sdv5_00132.png
adm_00222.png,train,ai,adm,/kaggle/working/genimage_8000_split_v4/train/ai/adm_00222.png
glide_00201.png,train,ai,glide,/kaggle/working/genimage_8000_split_v4/train/ai/glide_00201.png
adm_00200.png,train,ai,adm,/kaggle/working/genimage_8000_split_v4/train/ai/adm_00200.png
glide_00093.png,train,ai,glide,/kaggle/working/genimage_8000_split_v4/train/ai/glide_00093.png
glide_00162.png,train,ai,glide,/kaggle/working/genimage_8000_split_v4/train/ai/glide_00162.png
biggan_00123.png,train,ai,biggan,/kaggle/working/genimage_8000_split_v4/train/ai/biggan_00123.png
midjourney_00344.png,train,ai,midjourney,/kaggle/working/genimage_8000_split_v4/train/ai/midjourney_00344.png
wukong_00303.png,train,ai,wukong,/kaggle/working/genimage_8000_split_v4/train/ai/wukong_00303.png
glide_00046.png,train,ai,glide,/kaggle/working/genimage_8000_split_v4/train/ai/glide_00046.png
biggan_00220.png,train,ai,biggan,/kaggle/working/genimage_8000_split_v4/train/ai/biggan_00220.png
biggan_00098.png,train,ai,biggan,/kaggle/working/genimage_8000_split_v4/train/ai/biggan_00098.png
adm_00348.png,train,ai,adm,/kaggle/working/genimage_8000_split_v4/train/ai/adm_00348.png
vqdm_00053.png,train,ai,vqdm,/kaggle/working/genimage_8000_split_v4/train/ai/vqdm_00053.png
biggan_00342.png,train,ai,biggan,/kaggle/working/genimage_8000_split_v4/train/ai/biggan_00342.png
adm_00071.png,train,ai,adm,/kaggle/working/genimage_8000_split_v4/train/ai/adm_00071.png
wukong_00113.png,train,ai,wukong,/kaggle/working/genimage_8000_split_v4/train/ai/wukong_00113.png
glide_00022.png,train,ai,glide,/kaggle/working/genimage_8000_split_v4/train/ai/glide_00022.png
midjourney_00329.png,train,ai,midjourney,/kaggle/working/genimage_8000_split_v4/train/ai/midjourney_00329.png
glide_00387.png,train,ai,glide,/kaggle/working/genimage_8000_split_v4/train/ai/glide_00387.png
glide_00324.png,train,ai,glide,/kaggle/working/genimage_8000_split_v4/train/ai/glide_00324.png
vqdm_00139.png,train,ai,vqdm,/kaggle/working/genimage_8000_split_v4/train/ai/vqdm_00139.png
midjourney_00227.png,train,ai,midjourney,/kaggle/working/genimage_8000_split_v4/train/ai/midjourney_00227.png
adm_00100.png,train,ai,adm,/kaggle/working/genimage_8000_split_v4/train/ai/adm_00100.png
sdv5_00082.png,train,ai,sdv5,/kaggle/working/genimage_8000_split_v4/train/ai/sdv5_00082.png
vqdm_00003.png,train,ai,vqdm,/kaggle/working/genimage_8000_split_v4/train/ai/vqdm_00003.png
wukong_00101.png,train,ai,wukong,/kaggle/working/genimage_8000_split_v4/train/ai/wukong_00101.png
midjourney_00299.png,train,ai,midjourney,/kaggle/working/genimage_8000_split_v4/train/ai/midjourney_00299.png
sdv5_00108.png,train,ai,sdv5,/kaggle/working/genimage_8000_split_v4/train/ai/sdv5_00108.png
midjourney_00035.png,train,ai,midjourney,/kaggle/working/genimage_8000_split_v4/train/ai/midjourney_00035.png
midjourney_00366.png,train,ai,midjourney,/kaggle/working/genimage_8000_split_v4/train/ai/midjourney_00366.png
glide_00272.png,train,ai,glide,/kaggle/working/genimage_8000_split_v4/train/ai/glide_00272.png
glide_00296.png,train,ai,glide,/kaggle/working/genimage_8000_split_v4/train/ai/glide_00296.png
biggan_00212.png,train,ai,biggan,/kaggle/working/genimage_8000_split_v4/train/ai/biggan_00212.png
glide_00391.png,train,ai,glide,/kaggle/working/genimage_8000_split_v4/train/ai/glide_00391.png
glide_00378.png,train,ai,glide,/kaggle/working/genimage_8000_split_v4/train/ai/glide_00378.png
wukong_00322.png,train,ai,wukong,/kaggle/working/genimage_8000_split_v4/train/ai/wukong_00322.png
midjourney_00125.png,train,ai,midjourney,/kaggle/working/genimage_8000_split_v4/train/ai/midjourney_00125.png
glide_00225.png,train,ai,glide,/kaggle/working/genimage_8000_split_v4/train/ai/glide_00225.png
wukong_00100.png,train,ai,wukong,/kaggle/working/genimage_8000_split_v4/train/ai/wukong_00100.png
adm_00372.png,train,ai,adm,/kaggle/working/genimage_8000_split_v4/train/ai/adm_00372.png
glide_00031.png,train,ai,glide,/kaggle/working/genimage_8000_split_v4/train/ai/glide_00031.png
vqdm_00221.png,train,ai,vqdm,/kaggle/working/genimage_8000_split_v4/train/ai/vqdm_00221.png
adm_00366.png,train,ai,adm,/kaggle/working/genimage_8000_split_v4/train/ai/adm_00366.png
glide_00305.png,train,ai,glide,/kaggle/working/genimage_8000_split_v4/train/ai/glide_00305.png
biggan_00230.png,train,ai,biggan,/kaggle/working/genimage_8000_split_v4/train/ai/biggan_00230.png
adm_00090.png,train,ai,adm,/kaggle/working/genimage_8000_split_v4/train/ai/adm_00090.png
adm_00394.png,train,ai,adm,/kaggle/working/genimage_8000_split_v4/train/ai/adm_00394.png
adm_00194.png,train,ai,adm,/kaggle/working/genimage_8000_split_v4/train/ai/adm_00194.png
glide_00321.png,train,ai,glide,/kaggle/working/genimage_8000_split_v4/train/ai/glide_00321.png
vqdm_00063.png,train,ai,vqdm,/kaggle/working/genimage_8000_split_v4/train/ai/vqdm_00063.png
wukong_00016.png,train,ai,wukong,/kaggle/working/genimage_8000_split_v4/train/ai/wukong_00016.png
glide_00108.png,train,ai,glide,/kaggle/working/genimage_8000_split_v4/train/ai/glide_00108.png
wukong_00054.png,train,ai,wukong,/kaggle/working/genimage_8000_split_v4/train/ai/wukong_00054.png
vqdm_00245.png,train,ai,vqdm,/kaggle/working/genimage_8000_split_v4/train/ai/vqdm_00245.png
biggan_00002.png,train,ai,biggan,/kaggle/working/genimage_8000_split_v4/train/ai/biggan_00002.png
glide_00224.png,train,ai,glide,/kaggle/working/genimage_8000_split_v4/train/ai/glide_00224.png
vqdm_00237.png,train,ai,vqdm,/kaggle/working/genimage_8000_split_v4/train/ai/vqdm_00237.png
glide_00276.png,train,ai,glide,/kaggle/working/genimage_8000_split_v4/train/ai/glide_00276.png
adm_00267.png,train,ai,adm,/kaggle/working/genimage_8000_split_v4/train/ai/adm_00267.png
vqdm_00109.png,train,ai,vqdm,/kaggle/working/genimage_8000_split_v4/train/ai/vqdm_00109.png
biggan_00209.png,train,ai,biggan,/kaggle/working/genimage_8000_split_v4/train/ai/biggan_00209.png
vqdm_00202.png,train,ai,vqdm,/kaggle/working/genimage_8000_split_v4/train/ai/vqdm_00202.png
sdv5_00158.png,train,ai,sdv5,/kaggle/working/genimage_8000_split_v4/train/ai/sdv5_00158.png
adm_00049.png,train,ai,adm,/kaggle/working/genimage_8000_split_v4/train/ai/adm_00049.png
biggan_00256.png,train,ai,biggan,/kaggle/working/genimage_8000_split_v4/train/ai/biggan_00256.png
sdv5_00002.png,train,ai,sdv5,/kaggle/working/genimage_8000_split_v4/train/ai/sdv5_00002.png
vqdm_00374.png,train,ai,vqdm,/kaggle/working/genimage_8000_split_v4/train/ai/vqdm_00374.png
wukong_00222.png,train,ai,wukong,/kaggle/working/genimage_8000_split_v4/train/ai/wukong_00222.png
biggan_00025.png,train,ai,biggan,/kaggle/working/genimage_8000_split_v4/train/ai/biggan_00025.png
adm_00376.png,train,ai,adm,/kaggle/working/genimage_8000_split_v4/train/ai/adm_00376.png
biggan_00071.png,train,ai,biggan,/kaggle/working/genimage_8000_split_v4/train/ai/biggan_00071.png
wukong_00191.png,train,ai,wukong,/kaggle/working/genimage_8000_split_v4/train/ai/wukong_00191.png
biggan_00097.png,train,ai,biggan,/kaggle/working/genimage_8000_split_v4/train/ai/biggan_00097.png
vqdm_00215.png,train,ai,vqdm,/kaggle/working/genimage_8000_split_v4/train/ai/vqdm_00215.png
biggan_00051.png,train,ai,biggan,/kaggle/working/genimage_8000_split_v4/train/ai/biggan_00051.png
adm_00266.png,train,ai,adm,/kaggle/working/genimage_8000_split_v4/train/ai/adm_00266.png
vqdm_00249.png,train,ai,vqdm,/kaggle/working/genimage_8000_split_v4/train/ai/vqdm_00249.png
biggan_00354.png,train,ai,biggan,/kaggle/working/genimage_8000_split_v4/train/ai/biggan_00354.png
sdv5_00284.png,train,ai,sdv5,/kaggle/working/genimage_8000_split_v4/train/ai/sdv5_00284.png
glide_00364.png,train,ai,glide,/kaggle/working/genimage_8000_split_v4/train/ai/glide_00364.png
midjourney_00355.png,train,ai,midjourney,/kaggle/working/genimage_8000_split_v4/train/ai/midjourney_00355.png
biggan_00387.png,train,ai,biggan,/kaggle/working/genimage_8000_split_v4/train/ai/biggan_00387.png
vqdm_00304.png,train,ai,vqdm,/kaggle/working/genimage_8000_split_v4/train/ai/vqdm_00304.png
vqdm_00329.png,train,ai,vqdm,/kaggle/working/genimage_8000_split_v4/train/ai/vqdm_00329.png
adm_00233.png,train,ai,adm,/kaggle/working/genimage_8000_split_v4/train/ai/adm_00233.png
sdv5_00311.png,train,ai,sdv5,/kaggle/working/genimage_8000_split_v4/train/ai/sdv5_00311.png
biggan_00347.png,train,ai,biggan,/kaggle/working/genimage_8000_split_v4/train/ai/biggan_00347.png
vqdm_00199.png,train,ai,vqdm,/kaggle/working/genimage_8000_split_v4/train/ai/vqdm_00199.png
wukong_00158.png,train,ai,wukong,/kaggle/working/genimage_8000_split_v4/train/ai/wukong_00158.png
adm_00353.png,train,ai,adm,/kaggle/working/genimage_8000_split_v4/train/ai/adm_00353.png
sdv5_00320.png,train,ai,sdv5,/kaggle/working/genimage_8000_split_v4/train/ai/sdv5_00320.png
glide_00314.png,train,ai,glide,/kaggle/working/genimage_8000_split_v4/train/ai/glide_00314.png
glide_00345.png,train,ai,glide,/kaggle/working/genimage_8000_split_v4/train/ai/glide_00345.png
wukong_00081.png,train,ai,wukong,/kaggle/working/genimage_8000_split_v4/train/ai/wukong_00081.png
biggan_00384.png,train,ai,biggan,/kaggle/working/genimage_8000_split_v4/train/ai/biggan_00384.png
sdv5_00149.png,train,ai,sdv5,/kaggle/working/genimage_8000_split_v4/train/ai/sdv5_00149.png
adm_00326.png,train,ai,adm,/kaggle/working/genimage_8000_split_v4/train/ai/adm_00326.png
adm_00186.png,train,ai,adm,/kaggle/working/genimage_8000_split_v4/train/ai/adm_00186.png
adm_00178.png,train,ai,adm,/kaggle/working/genimage_8000_split_v4/train/ai/adm_00178.png
midjourney_00215.png,train,ai,midjourney,/kaggle/working/genimage_8000_split_v4/train/ai/midjourney_00215.png
adm_00147.png,train,ai,adm,/kaggle/working/genimage_8000_split_v4/train/ai/adm_00147.png
biggan_00201.png,train,ai,biggan,/kaggle/working/genimage_8000_split_v4/train/ai/biggan_00201.png
sdv5_00022.png,train,ai,sdv5,/kaggle/working/genimage_8000_split_v4/train/ai/sdv5_00022.png
midjourney_00085.png,train,ai,midjourney,/kaggle/working/genimage_8000_split_v4/train/ai/midjourney_00085.png
glide_00175.png,train,ai,glide,/kaggle/working/genimage_8000_split_v4/train/ai/glide_00175.png
biggan_00369.png,train,ai,biggan,/kaggle/working/genimage_8000_split_v4/train/ai/biggan_00369.png
vqdm_00299.png,train,ai,vqdm,/kaggle/working/genimage_8000_split_v4/train/ai/vqdm_00299.png
biggan_00101.png,train,ai,biggan,/kaggle/working/genimage_8000_split_v4/train/ai/biggan_00101.png
wukong_00233.png,train,ai,wukong,/kaggle/working/genimage_8000_split_v4/train/ai/wukong_00233.png
sdv5_00277.png,train,ai,sdv5,/kaggle/working/genimage_8000_split_v4/train/ai/sdv5_00277.png
sdv5_00287.png,train,ai,sdv5,/kaggle/working/genimage_8000_split_v4/train/ai/sdv5_00287.png
wukong_00315.png,train,ai,wukong,/kaggle/working/genimage_8000_split_v4/train/ai/wukong_00315.png
glide_00157.png,train,ai,glide,/kaggle/working/genimage_8000_split_v4/train/ai/glide_00157.png
vqdm_00119.png,train,ai,vqdm,/kaggle/working/genimage_8000_split_v4/train/ai/vqdm_00119.png
glide_00164.png,train,ai,glide,/kaggle/working/genimage_8000_split_v4/train/ai/glide_00164.png
wukong_00350.png,train,ai,wukong,/kaggle/working/genimage_8000_split_v4/train/ai/wukong_00350.png
real_00486.jpeg,val,real,real,/kaggle/working/genimage_8000_split_v4/val/real/real_00486.jpeg
real_00382.jpeg,val,real,real,/kaggle/working/genimage_8000_split_v4/val/real/real_00382.jpeg
real_00117.jpeg,val,real,real,/kaggle/working/genimage_8000_split_v4/val/real/real_00117.jpeg
real_00354.jpeg,val,real,real,/kaggle/working/genimage_8000_split_v4/val/real/real_00354.jpeg
real_00076.jpeg,val,real,real,/kaggle/working/genimage_8000_split_v4/val/real/real_00076.jpeg
real_00395.jpeg,val,real,real,/kaggle/working/genimage_8000_split_v4/val/real/real_00395.jpeg
real_00348.jpeg,val,real,real,/kaggle/working/genimage_8000_split_v4/val/real/real_00348.jpeg
real_00307.jpeg,val,real,real,/kaggle/working/genimage_8000_split_v4/val/real/real_00307.jpeg
real_00438.jpeg,val,real,real,/kaggle/working/genimage_8000_split_v4/val/real/real_00438.jpeg
real_00393.jpeg,val,real,real,/kaggle/working/genimage_8000_split_v4/val/real/real_00393.jpeg
real_00566.jpeg,val,real,real,/kaggle/working/genimage_8000_split_v4/val/real/real_00566.jpeg
real_00055.jpeg,val,real,real,/kaggle/working/genimage_8000_split_v4/val/real/real_00055.jpeg
real_00416.jpeg,val,real,real,/kaggle/working/genimage_8000_split_v4/val/real/real_00416.jpeg
real_00304.jpeg,val,real,real,/kaggle/working/genimage_8000_split_v4/val/real/real_00304.jpeg
real_00135.jpeg,val,real,real,/kaggle/working/genimage_8000_split_v4/val/real/real_00135.jpeg
real_00387.jpeg,val,real,real,/kaggle/working/genimage_8000_split_v4/val/real/real_00387.jpeg
real_00040.jpeg,val,real,real,/kaggle/working/genimage_8000_split_v4/val/real/real_00040.jpeg
real_00563.jpeg,val,real,real,/kaggle/working/genimage_8000_split_v4/val/real/real_00563.jpeg
real_00457.jpeg,val,real,real,/kaggle/working/genimage_8000_split_v4/val/real/real_00457.jpeg
real_00561.jpeg,val,real,real,/kaggle/working/genimage_8000_split_v4/val/real/real_00561.jpeg
real_00288.jpeg,val,real,real,/kaggle/working/genimage_8000_split_v4/val/real/real_00288.jpeg
real_00271.jpeg,val,real,real,/kaggle/working/genimage_8000_split_v4/val/real/real_00271.jpeg
real_00185.jpeg,val,real,real,/kaggle/working/genimage_8000_split_v4/val/real/real_00185.jpeg
real_00216.jpeg,val,real,real,/kaggle/working/genimage_8000_split_v4/val/real/real_00216.jpeg
real_00180.jpeg,val,real,real,/kaggle/working/genimage_8000_split_v4/val/real/real_00180.jpeg
real_00189.jpeg,val,real,real,/kaggle/working/genimage_8000_split_v4/val/real/real_00189.jpeg
real_00396.jpeg,val,real,real,/kaggle/working/genimage_8000_split_v4/val/real/real_00396.jpeg
real_00131.jpeg,val,real,real,/kaggle/working/genimage_8000_split_v4/val/real/real_00131.jpeg
real_00557.jpeg,val,real,real,/kaggle/working/genimage_8000_split_v4/val/real/real_00557.jpeg
real_00266.jpeg,val,real,real,/kaggle/working/genimage_8000_split_v4/val/real/real_00266.jpeg
real_00207.jpeg,val,real,real,/kaggle/working/genimage_8000_split_v4/val/real/real_00207.jpeg
real_00141.jpeg,val,real,real,/kaggle/working/genimage_8000_split_v4/val/real/real_00141.jpeg
real_00407.jpeg,val,real,real,/kaggle/working/genimage_8000_split_v4/val/real/real_00407.jpeg
real_00026.jpeg,val,real,real,/kaggle/working/genimage_8000_split_v4/val/real/real_00026.jpeg
real_00046.jpeg,val,real,real,/kaggle/working/genimage_8000_split_v4/val/real/real_00046.jpeg
real_00585.jpeg,val,real,real,/kaggle/working/genimage_8000_split_v4/val/real/real_00585.jpeg
real_00206.jpeg,val,real,real,/kaggle/working/genimage_8000_split_v4/val/real/real_00206.jpeg
real_00297.jpeg,val,real,real,/kaggle/working/genimage_8000_split_v4/val/real/real_00297.jpeg
real_00401.jpeg,val,real,real,/kaggle/working/genimage_8000_split_v4/val/real/real_00401.jpeg
real_00339.jpeg,val,real,real,/kaggle/working/genimage_8000_split_v4/val/real/real_00339.jpeg
real_00403.jpeg,val,real,real,/kaggle/working/genimage_8000_split_v4/val/real/real_00403.jpeg
real_00344.jpeg,val,real,real,/kaggle/working/genimage_8000_split_v4/val/real/real_00344.jpeg
real_00560.jpeg,val,real,real,/kaggle/working/genimage_8000_split_v4/val/real/real_00560.jpeg
real_00553.jpeg,val,real,real,/kaggle/working/genimage_8000_split_v4/val/real/real_00553.jpeg
real_00598.jpeg,val,real,real,/kaggle/working/genimage_8000_split_v4/val/real/real_00598.jpeg
real_00497.jpeg,val,real,real,/kaggle/working/genimage_8000_split_v4/val/real/real_00497.jpeg
real_00253.jpeg,val,real,real,/kaggle/working/genimage_8000_split_v4/val/real/real_00253.jpeg
real_00577.jpeg,val,real,real,/kaggle/working/genimage_8000_split_v4/val/real/real_00577.jpeg
real_00394.jpeg,val,real,real,/kaggle/working/genimage_8000_split_v4/val/real/real_00394.jpeg
real_00445.jpeg,val,real,real,/kaggle/working/genimage_8000_split_v4/val/real/real_00445.jpeg
real_00050.jpeg,val,real,real,/kaggle/working/genimage_8000_split_v4/val/real/real_00050.jpeg
real_00269.jpeg,val,real,real,/kaggle/working/genimage_8000_split_v4/val/real/real_00269.jpeg
real_00151.jpeg,val,real,real,/kaggle/working/genimage_8000_split_v4/val/real/real_00151.jpeg
real_00190.jpeg,val,real,real,/kaggle/working/genimage_8000_split_v4/val/real/real_00190.jpeg
real_00250.jpeg,val,real,real,/kaggle/working/genimage_8000_split_v4/val/real/real_00250.jpeg
real_00257.jpeg,val,real,real,/kaggle/working/genimage_8000_split_v4/val/real/real_00257.jpeg
real_00008.jpeg,val,real,real,/kaggle/working/genimage_8000_split_v4/val/real/real_00008.jpeg
real_00398.jpeg,val,real,real,/kaggle/working/genimage_8000_split_v4/val/real/real_00398.jpeg
real_00322.jpeg,val,real,real,/kaggle/working/genimage_8000_split_v4/val/real/real_00322.jpeg
real_00230.jpeg,val,real,real,/kaggle/working/genimage_8000_split_v4/val/real/real_00230.jpeg
real_00219.jpeg,val,real,real,/kaggle/working/genimage_8000_split_v4/val/real/real_00219.jpeg
real_00550.jpeg,val,real,real,/kaggle/working/genimage_8000_split_v4/val/real/real_00550.jpeg
real_00528.jpeg,val,real,real,/kaggle/working/genimage_8000_split_v4/val/real/real_00528.jpeg
real_00039.jpeg,val,real,real,/kaggle/working/genimage_8000_split_v4/val/real/real_00039.jpeg
real_00274.jpeg,val,real,real,/kaggle/working/genimage_8000_split_v4/val/real/real_00274.jpeg
real_00414.jpeg,val,real,real,/kaggle/working/genimage_8000_split_v4/val/real/real_00414.jpeg
real_00038.jpeg,val,real,real,/kaggle/working/genimage_8000_split_v4/val/real/real_00038.jpeg
real_00434.jpeg,val,real,real,/kaggle/working/genimage_8000_split_v4/val/real/real_00434.jpeg
real_00279.jpeg,val,real,real,/kaggle/working/genimage_8000_split_v4/val/real/real_00279.jpeg
real_00077.jpeg,val,real,real,/kaggle/working/genimage_8000_split_v4/val/real/real_00077.jpeg
real_00312.jpeg,val,real,real,/kaggle/working/genimage_8000_split_v4/val/real/real_00312.jpeg
real_00482.jpeg,val,real,real,/kaggle/working/genimage_8000_split_v4/val/real/real_00482.jpeg
real_00178.jpeg,val,real,real,/kaggle/working/genimage_8000_split_v4/val/real/real_00178.jpeg
real_00535.jpeg,val,real,real,/kaggle/working/genimage_8000_split_v4/val/real/real_00535.jpeg
real_00345.jpeg,val,real,real,/kaggle/working/genimage_8000_split_v4/val/real/real_00345.jpeg
real_00019.jpeg,val,real,real,/kaggle/working/genimage_8000_split_v4/val/real/real_00019.jpeg
real_00143.jpeg,val,real,real,/kaggle/working/genimage_8000_split_v4/val/real/real_00143.jpeg
real_00496.jpeg,val,real,real,/kaggle/working/genimage_8000_split_v4/val/real/real_00496.jpeg
real_00522.jpeg,val,real,real,/kaggle/working/genimage_8000_split_v4/val/real/real_00522.jpeg
real_00451.jpeg,val,real,real,/kaggle/working/genimage_8000_split_v4/val/real/real_00451.jpeg
real_00371.jpeg,val,real,real,/kaggle/working/genimage_8000_split_v4/val/real/real_00371.jpeg
real_00060.jpeg,val,real,real,/kaggle/working/genimage_8000_split_v4/val/real/real_00060.jpeg
real_00410.jpeg,val,real,real,/kaggle/working/genimage_8000_split_v4/val/real/real_00410.jpeg
real_00248.jpeg,val,real,real,/kaggle/working/genimage_8000_split_v4/val/real/real_00248.jpeg
real_00043.jpeg,val,real,real,/kaggle/working/genimage_8000_split_v4/val/real/real_00043.jpeg
real_00104.jpeg,val,real,real,/kaggle/working/genimage_8000_split_v4/val/real/real_00104.jpeg
real_00238.jpeg,val,real,real,/kaggle/working/genimage_8000_split_v4/val/real/real_00238.jpeg
real_00251.jpeg,val,real,real,/kaggle/working/genimage_8000_split_v4/val/real/real_00251.jpeg
real_00017.jpeg,val,real,real,/kaggle/working/genimage_8000_split_v4/val/real/real_00017.jpeg
real_00500.jpeg,val,real,real,/kaggle/working/genimage_8000_split_v4/val/real/real_00500.jpeg
real_00056.jpeg,val,real,real,/kaggle/working/genimage_8000_split_v4/val/real/real_00056.jpeg
real_00227.jpeg,val,real,real,/kaggle/working/genimage_8000_split_v4/val/real/real_00227.jpeg
real_00347.jpeg,val,real,real,/kaggle/working/genimage_8000_split_v4/val/real/real_00347.jpeg
real_00176.jpeg,val,real,real,/kaggle/working/genimage_8000_split_v4/val/real/real_00176.jpeg
real_00085.jpeg,val,real,real,/kaggle/working/genimage_8000_split_v4/val/real/real_00085.jpeg
real_00586.jpeg,val,real,real,/kaggle/working/genimage_8000_split_v4/val/real/real_00586.jpeg
real_00193.jpeg,val,real,real,/kaggle/working/genimage_8000_split_v4/val/real/real_00193.jpeg
real_00018.jpeg,val,real,real,/kaggle/working/genimage_8000_split_v4/val/real/real_00018.jpeg
real_00342.jpeg,val,real,real,/kaggle/working/genimage_8000_split_v4/val/real/real_00342.jpeg
real_00359.jpeg,val,real,real,/kaggle/working/genimage_8000_split_v4/val/real/real_00359.jpeg
real_00163.jpeg,val,real,real,/kaggle/working/genimage_8000_split_v4/val/real/real_00163.jpeg
real_00527.jpeg,val,real,real,/kaggle/working/genimage_8000_split_v4/val/real/real_00527.jpeg
real_00444.jpeg,val,real,real,/kaggle/working/genimage_8000_split_v4/val/real/real_00444.jpeg
real_00440.jpeg,val,real,real,/kaggle/working/genimage_8000_split_v4/val/real/real_00440.jpeg
real_00096.jpeg,val,real,real,/kaggle/working/genimage_8000_split_v4/val/real/real_00096.jpeg
real_00165.jpeg,val,real,real,/kaggle/working/genimage_8000_split_v4/val/real/real_00165.jpeg
real_00576.jpeg,val,real,real,/kaggle/working/genimage_8000_split_v4/val/real/real_00576.jpeg
real_00375.jpeg,val,real,real,/kaggle/working/genimage_8000_split_v4/val/real/real_00375.jpeg
real_00300.jpeg,val,real,real,/kaggle/working/genimage_8000_split_v4/val/real/real_00300.jpeg
real_00503.jpeg,val,real,real,/kaggle/working/genimage_8000_split_v4/val/real/real_00503.jpeg
real_00499.jpeg,val,real,real,/kaggle/working/genimage_8000_split_v4/val/real/real_00499.jpeg
real_00283.jpeg,val,real,real,/kaggle/working/genimage_8000_split_v4/val/real/real_00283.jpeg
real_00160.jpeg,val,real,real,/kaggle/working/genimage_8000_split_v4/val/real/real_00160.jpeg
real_00260.jpeg,val,real,real,/kaggle/working/genimage_8000_split_v4/val/real/real_00260.jpeg
real_00208.jpeg,val,real,real,/kaggle/working/genimage_8000_split_v4/val/real/real_00208.jpeg
real_00262.jpeg,val,real,real,/kaggle/working/genimage_8000_split_v4/val/real/real_00262.jpeg
real_00213.jpeg,val,real,real,/kaggle/working/genimage_8000_split_v4/val/real/real_00213.jpeg
real_00476.jpeg,val,real,real,/kaggle/working/genimage_8000_split_v4/val/real/real_00476.jpeg
real_00092.jpeg,val,real,real,/kaggle/working/genimage_8000_split_v4/val/real/real_00092.jpeg
real_00324.jpeg,val,real,real,/kaggle/working/genimage_8000_split_v4/val/real/real_00324.jpeg
real_00425.jpeg,val,real,real,/kaggle/working/genimage_8000_split_v4/val/real/real_00425.jpeg
real_00559.jpeg,val,real,real,/kaggle/working/genimage_8000_split_v4/val/real/real_00559.jpeg
real_00015.jpeg,val,real,real,/kaggle/working/genimage_8000_split_v4/val/real/real_00015.jpeg
real_00562.jpeg,val,real,real,/kaggle/working/genimage_8000_split_v4/val/real/real_00562.jpeg
real_00514.jpeg,val,real,real,/kaggle/working/genimage_8000_split_v4/val/real/real_00514.jpeg
real_00580.jpeg,val,real,real,/kaggle/working/genimage_8000_split_v4/val/real/real_00580.jpeg
real_00202.jpeg,val,real,real,/kaggle/working/genimage_8000_split_v4/val/real/real_00202.jpeg
real_00402.jpeg,val,real,real,/kaggle/working/genimage_8000_split_v4/val/real/real_00402.jpeg
real_00057.jpeg,val,real,real,/kaggle/working/genimage_8000_split_v4/val/real/real_00057.jpeg
real_00007.jpeg,val,real,real,/kaggle/working/genimage_8000_split_v4/val/real/real_00007.jpeg
real_00388.jpeg,val,real,real,/kaggle/working/genimage_8000_split_v4/val/real/real_00388.jpeg
real_00016.jpeg,val,real,real,/kaggle/working/genimage_8000_split_v4/val/real/real_00016.jpeg
real_00506.jpeg,val,real,real,/kaggle/working/genimage_8000_split_v4/val/real/real_00506.jpeg
real_00028.jpeg,val,real,real,/kaggle/working/genimage_8000_split_v4/val/real/real_00028.jpeg
real_00572.jpeg,val,real,real,/kaggle/working/genimage_8000_split_v4/val/real/real_00572.jpeg
real_00381.jpeg,val,real,real,/kaggle/working/genimage_8000_split_v4/val/real/real_00381.jpeg
real_00268.jpeg,val,real,real,/kaggle/working/genimage_8000_split_v4/val/real/real_00268.jpeg
real_00512.jpeg,val,real,real,/kaggle/working/genimage_8000_split_v4/val/real/real_00512.jpeg
real_00006.jpeg,val,real,real,/kaggle/working/genimage_8000_split_v4/val/real/real_00006.jpeg
real_00289.jpeg,val,real,real,/kaggle/working/genimage_8000_split_v4/val/real/real_00289.jpeg
real_00519.jpeg,val,real,real,/kaggle/working/genimage_8000_split_v4/val/real/real_00519.jpeg
real_00252.jpeg,val,real,real,/kaggle/working/genimage_8000_split_v4/val/real/real_00252.jpeg
real_00211.jpeg,val,real,real,/kaggle/working/genimage_8000_split_v4/val/real/real_00211.jpeg
real_00147.jpeg,val,real,real,/kaggle/working/genimage_8000_split_v4/val/real/real_00147.jpeg
real_00181.jpeg,val,real,real,/kaggle/working/genimage_8000_split_v4/val/real/real_00181.jpeg
real_00458.jpeg,val,real,real,/kaggle/working/genimage_8000_split_v4/val/real/real_00458.jpeg
real_00329.jpeg,val,real,real,/kaggle/working/genimage_8000_split_v4/val/real/real_00329.jpeg
real_00545.jpeg,val,real,real,/kaggle/working/genimage_8000_split_v4/val/real/real_00545.jpeg
real_00568.jpeg,val,real,real,/kaggle/working/genimage_8000_split_v4/val/real/real_00568.jpeg
real_00031.jpeg,val,real,real,/kaggle/working/genimage_8000_split_v4/val/real/real_00031.jpeg
real_00171.jpeg,val,real,real,/kaggle/working/genimage_8000_split_v4/val/real/real_00171.jpeg
real_00320.jpeg,val,real,real,/kaggle/working/genimage_8000_split_v4/val/real/real_00320.jpeg
real_00083.jpeg,val,real,real,/kaggle/working/genimage_8000_split_v4/val/real/real_00083.jpeg
real_00012.jpeg,val,real,real,/kaggle/working/genimage_8000_split_v4/val/real/real_00012.jpeg
real_00357.jpeg,val,real,real,/kaggle/working/genimage_8000_split_v4/val/real/real_00357.jpeg
real_00346.jpeg,val,real,real,/kaggle/working/genimage_8000_split_v4/val/real/real_00346.jpeg
real_00450.jpeg,val,real,real,/kaggle/working/genimage_8000_split_v4/val/real/real_00450.jpeg
real_00356.jpeg,val,real,real,/kaggle/working/genimage_8000_split_v4/val/real/real_00356.jpeg
real_00594.jpeg,val,real,real,/kaggle/working/genimage_8000_split_v4/val/real/real_00594.jpeg
real_00048.jpeg,val,real,real,/kaggle/working/genimage_8000_split_v4/val/real/real_00048.jpeg
real_00158.jpeg,val,real,real,/kaggle/working/genimage_8000_split_v4/val/real/real_00158.jpeg
real_00521.jpeg,val,real,real,/kaggle/working/genimage_8000_split_v4/val/real/real_00521.jpeg
real_00285.jpeg,val,real,real,/kaggle/working/genimage_8000_split_v4/val/real/real_00285.jpeg
real_00270.jpeg,val,real,real,/kaggle/working/genimage_8000_split_v4/val/real/real_00270.jpeg
real_00533.jpeg,val,real,real,/kaggle/working/genimage_8000_split_v4/val/real/real_00533.jpeg
real_00494.jpeg,val,real,real,/kaggle/working/genimage_8000_split_v4/val/real/real_00494.jpeg
real_00317.jpeg,val,real,real,/kaggle/working/genimage_8000_split_v4/val/real/real_00317.jpeg
real_00296.jpeg,val,real,real,/kaggle/working/genimage_8000_split_v4/val/real/real_00296.jpeg
real_00237.jpeg,val,real,real,/kaggle/working/genimage_8000_split_v4/val/real/real_00237.jpeg
real_00242.jpeg,val,real,real,/kaggle/working/genimage_8000_split_v4/val/real/real_00242.jpeg
real_00584.jpeg,val,real,real,/kaggle/working/genimage_8000_split_v4/val/real/real_00584.jpeg
real_00570.jpeg,val,real,real,/kaggle/working/genimage_8000_split_v4/val/real/real_00570.jpeg
real_00133.jpeg,val,real,real,/kaggle/working/genimage_8000_split_v4/val/real/real_00133.jpeg
real_00047.jpeg,val,real,real,/kaggle/working/genimage_8000_split_v4/val/real/real_00047.jpeg
real_00480.jpeg,val,real,real,/kaggle/working/genimage_8000_split_v4/val/real/real_00480.jpeg
real_00210.jpeg,val,real,real,/kaggle/working/genimage_8000_split_v4/val/real/real_00210.jpeg
real_00301.jpeg,val,real,real,/kaggle/working/genimage_8000_split_v4/val/real/real_00301.jpeg
real_00574.jpeg,val,real,real,/kaggle/working/genimage_8000_split_v4/val/real/real_00574.jpeg
real_00134.jpeg,val,real,real,/kaggle/working/genimage_8000_split_v4/val/real/real_00134.jpeg
real_00597.jpeg,val,real,real,/kaggle/working/genimage_8000_split_v4/val/real/real_00597.jpeg
real_00281.jpeg,val,real,real,/kaggle/working/genimage_8000_split_v4/val/real/real_00281.jpeg
real_00332.jpeg,val,real,real,/kaggle/working/genimage_8000_split_v4/val/real/real_00332.jpeg
real_00415.jpeg,val,real,real,/kaggle/working/genimage_8000_split_v4/val/real/real_00415.jpeg
real_00093.jpeg,val,real,real,/kaggle/working/genimage_8000_split_v4/val/real/real_00093.jpeg
real_00526.jpeg,val,real,real,/kaggle/working/genimage_8000_split_v4/val/real/real_00526.jpeg
real_00259.jpeg,val,real,real,/kaggle/working/genimage_8000_split_v4/val/real/real_00259.jpeg
real_00128.jpeg,val,real,real,/kaggle/working/genimage_8000_split_v4/val/real/real_00128.jpeg
real_00173.jpeg,val,real,real,/kaggle/working/genimage_8000_split_v4/val/real/real_00173.jpeg
real_00005.jpeg,val,real,real,/kaggle/working/genimage_8000_split_v4/val/real/real_00005.jpeg
real_00532.jpeg,val,real,real,/kaggle/working/genimage_8000_split_v4/val/real/real_00532.jpeg
real_00061.jpeg,val,real,real,/kaggle/working/genimage_8000_split_v4/val/real/real_00061.jpeg
real_00313.jpeg,val,real,real,/kaggle/working/genimage_8000_split_v4/val/real/real_00313.jpeg
real_00130.jpeg,val,real,real,/kaggle/working/genimage_8000_split_v4/val/real/real_00130.jpeg
real_00454.jpeg,val,real,real,/kaggle/working/genimage_8000_split_v4/val/real/real_00454.jpeg
real_00204.jpeg,val,real,real,/kaggle/working/genimage_8000_split_v4/val/real/real_00204.jpeg
real_00337.jpeg,val,real,real,/kaggle/working/genimage_8000_split_v4/val/real/real_00337.jpeg
real_00195.jpeg,val,real,real,/kaggle/working/genimage_8000_split_v4/val/real/real_00195.jpeg
real_00187.jpeg,val,real,real,/kaggle/working/genimage_8000_split_v4/val/real/real_00187.jpeg
real_00489.jpeg,val,real,real,/kaggle/working/genimage_8000_split_v4/val/real/real_00489.jpeg
real_00385.jpeg,val,real,real,/kaggle/working/genimage_8000_split_v4/val/real/real_00385.jpeg
real_00221.jpeg,val,real,real,/kaggle/working/genimage_8000_split_v4/val/real/real_00221.jpeg
real_00027.jpeg,val,real,real,/kaggle/working/genimage_8000_split_v4/val/real/real_00027.jpeg
real_00022.jpeg,val,real,real,/kaggle/working/genimage_8000_split_v4/val/real/real_00022.jpeg
real_00331.jpeg,val,real,real,/kaggle/working/genimage_8000_split_v4/val/real/real_00331.jpeg
real_00159.jpeg,val,real,real,/kaggle/working/genimage_8000_split_v4/val/real/real_00159.jpeg
real_00068.jpeg,val,real,real,/kaggle/working/genimage_8000_split_v4/val/real/real_00068.jpeg
real_00127.jpeg,val,real,real,/kaggle/working/genimage_8000_split_v4/val/real/real_00127.jpeg
real_00420.jpeg,val,real,real,/kaggle/working/genimage_8000_split_v4/val/real/real_00420.jpeg
real_00510.jpeg,val,real,real,/kaggle/working/genimage_8000_split_v4/val/real/real_00510.jpeg
real_00106.jpeg,val,real,real,/kaggle/working/genimage_8000_split_v4/val/real/real_00106.jpeg
real_00599.jpeg,val,real,real,/kaggle/working/genimage_8000_split_v4/val/real/real_00599.jpeg
real_00419.jpeg,val,real,real,/kaggle/working/genimage_8000_split_v4/val/real/real_00419.jpeg
real_00286.jpeg,val,real,real,/kaggle/working/genimage_8000_split_v4/val/real/real_00286.jpeg
real_00341.jpeg,val,real,real,/kaggle/working/genimage_8000_split_v4/val/real/real_00341.jpeg
real_00263.jpeg,val,real,real,/kaggle/working/genimage_8000_split_v4/val/real/real_00263.jpeg
real_00255.jpeg,val,real,real,/kaggle/working/genimage_8000_split_v4/val/real/real_00255.jpeg
real_00335.jpeg,val,real,real,/kaggle/working/genimage_8000_split_v4/val/real/real_00335.jpeg
real_00174.jpeg,val,real,real,/kaggle/working/genimage_8000_split_v4/val/real/real_00174.jpeg
real_00243.jpeg,val,real,real,/kaggle/working/genimage_8000_split_v4/val/real/real_00243.jpeg
real_00140.jpeg,val,real,real,/kaggle/working/genimage_8000_split_v4/val/real/real_00140.jpeg
real_00582.jpeg,val,real,real,/kaggle/working/genimage_8000_split_v4/val/real/real_00582.jpeg
real_00542.jpeg,val,real,real,/kaggle/working/genimage_8000_split_v4/val/real/real_00542.jpeg
real_00547.jpeg,val,real,real,/kaggle/working/genimage_8000_split_v4/val/real/real_00547.jpeg
real_00287.jpeg,val,real,real,/kaggle/working/genimage_8000_split_v4/val/real/real_00287.jpeg
real_00144.jpeg,val,real,real,/kaggle/working/genimage_8000_split_v4/val/real/real_00144.jpeg
real_00214.jpeg,val,real,real,/kaggle/working/genimage_8000_split_v4/val/real/real_00214.jpeg
real_00234.jpeg,val,real,real,/kaggle/working/genimage_8000_split_v4/val/real/real_00234.jpeg
real_00595.jpeg,val,real,real,/kaggle/working/genimage_8000_split_v4/val/real/real_00595.jpeg
real_00075.jpeg,val,real,real,/kaggle/working/genimage_8000_split_v4/val/real/real_00075.jpeg
real_00295.jpeg,val,real,real,/kaggle/working/genimage_8000_split_v4/val/real/real_00295.jpeg
real_00070.jpeg,val,real,real,/kaggle/working/genimage_8000_split_v4/val/real/real_00070.jpeg
real_00148.jpeg,val,real,real,/kaggle/working/genimage_8000_split_v4/val/real/real_00148.jpeg
real_00491.jpeg,val,real,real,/kaggle/working/genimage_8000_split_v4/val/real/real_00491.jpeg
real_00090.jpeg,val,real,real,/kaggle/working/genimage_8000_split_v4/val/real/real_00090.jpeg
real_00063.jpeg,val,real,real,/kaggle/working/genimage_8000_split_v4/val/real/real_00063.jpeg
real_00334.jpeg,val,real,real,/kaggle/working/genimage_8000_split_v4/val/real/real_00334.jpeg
real_00530.jpeg,val,real,real,/kaggle/working/genimage_8000_split_v4/val/real/real_00530.jpeg
real_00069.jpeg,val,real,real,/kaggle/working/genimage_8000_split_v4/val/real/real_00069.jpeg
real_00109.jpeg,val,real,real,/kaggle/working/genimage_8000_split_v4/val/real/real_00109.jpeg
real_00321.jpeg,val,real,real,/kaggle/working/genimage_8000_split_v4/val/real/real_00321.jpeg
real_00126.jpeg,val,real,real,/kaggle/working/genimage_8000_split_v4/val/real/real_00126.jpeg
real_00358.jpeg,val,real,real,/kaggle/working/genimage_8000_split_v4/val/real/real_00358.jpeg
real_00364.jpeg,val,real,real,/kaggle/working/genimage_8000_split_v4/val/real/real_00364.jpeg
real_00209.jpeg,val,real,real,/kaggle/working/genimage_8000_split_v4/val/real/real_00209.jpeg
real_00292.jpeg,val,real,real,/kaggle/working/genimage_8000_split_v4/val/real/real_00292.jpeg
real_00473.jpeg,val,real,real,/kaggle/working/genimage_8000_split_v4/val/real/real_00473.jpeg
real_00367.jpeg,val,real,real,/kaggle/working/genimage_8000_split_v4/val/real/real_00367.jpeg
real_00228.jpeg,val,real,real,/kaggle/working/genimage_8000_split_v4/val/real/real_00228.jpeg
real_00463.jpeg,val,real,real,/kaggle/working/genimage_8000_split_v4/val/real/real_00463.jpeg
real_00529.jpeg,val,real,real,/kaggle/working/genimage_8000_split_v4/val/real/real_00529.jpeg
real_00376.jpeg,val,real,real,/kaggle/working/genimage_8000_split_v4/val/real/real_00376.jpeg
real_00089.jpeg,val,real,real,/kaggle/working/genimage_8000_split_v4/val/real/real_00089.jpeg
real_00409.jpeg,val,real,real,/kaggle/working/genimage_8000_split_v4/val/real/real_00409.jpeg
real_00456.jpeg,val,real,real,/kaggle/working/genimage_8000_split_v4/val/real/real_00456.jpeg
real_00378.jpeg,val,real,real,/kaggle/working/genimage_8000_split_v4/val/real/real_00378.jpeg
real_00596.jpeg,val,real,real,/kaggle/working/genimage_8000_split_v4/val/real/real_00596.jpeg
real_00477.jpeg,val,real,real,/kaggle/working/genimage_8000_split_v4/val/real/real_00477.jpeg
real_00261.jpeg,val,real,real,/kaggle/working/genimage_8000_split_v4/val/real/real_00261.jpeg
real_00273.jpeg,val,real,real,/kaggle/working/genimage_8000_split_v4/val/real/real_00273.jpeg
real_00100.jpeg,val,real,real,/kaggle/working/genimage_8000_split_v4/val/real/real_00100.jpeg
real_00080.jpeg,val,real,real,/kaggle/working/genimage_8000_split_v4/val/real/real_00080.jpeg
real_00009.jpeg,val,real,real,/kaggle/working/genimage_8000_split_v4/val/real/real_00009.jpeg
real_00167.jpeg,val,real,real,/kaggle/working/genimage_8000_split_v4/val/real/real_00167.jpeg
real_00571.jpeg,val,real,real,/kaggle/working/genimage_8000_split_v4/val/real/real_00571.jpeg
real_00218.jpeg,val,real,real,/kaggle/working/genimage_8000_split_v4/val/real/real_00218.jpeg
real_00355.jpeg,val,real,real,/kaggle/working/genimage_8000_split_v4/val/real/real_00355.jpeg
real_00406.jpeg,val,real,real,/kaggle/working/genimage_8000_split_v4/val/real/real_00406.jpeg
real_00302.jpeg,val,real,real,/kaggle/working/genimage_8000_split_v4/val/real/real_00302.jpeg
real_00010.jpeg,val,real,real,/kaggle/working/genimage_8000_split_v4/val/real/real_00010.jpeg
real_00405.jpeg,val,real,real,/kaggle/working/genimage_8000_split_v4/val/real/real_00405.jpeg
real_00447.jpeg,val,real,real,/kaggle/working/genimage_8000_split_v4/val/real/real_00447.jpeg
real_00379.jpeg,val,real,real,/kaggle/working/genimage_8000_split_v4/val/real/real_00379.jpeg
real_00319.jpeg,val,real,real,/kaggle/working/genimage_8000_split_v4/val/real/real_00319.jpeg
real_00543.jpeg,val,real,real,/kaggle/working/genimage_8000_split_v4/val/real/real_00543.jpeg
real_00539.jpeg,val,real,real,/kaggle/working/genimage_8000_split_v4/val/real/real_00539.jpeg
real_00579.jpeg,val,real,real,/kaggle/working/genimage_8000_split_v4/val/real/real_00579.jpeg
real_00459.jpeg,val,real,real,/kaggle/working/genimage_8000_split_v4/val/real/real_00459.jpeg
real_00587.jpeg,val,real,real,/kaggle/working/genimage_8000_split_v4/val/real/real_00587.jpeg
real_00114.jpeg,val,real,real,/kaggle/working/genimage_8000_split_v4/val/real/real_00114.jpeg
real_00479.jpeg,val,real,real,/kaggle/working/genimage_8000_split_v4/val/real/real_00479.jpeg
real_00488.jpeg,val,real,real,/kaggle/working/genimage_8000_split_v4/val/real/real_00488.jpeg
real_00360.jpeg,val,real,real,/kaggle/working/genimage_8000_split_v4/val/real/real_00360.jpeg
real_00363.jpeg,val,real,real,/kaggle/working/genimage_8000_split_v4/val/real/real_00363.jpeg
real_00350.jpeg,val,real,real,/kaggle/working/genimage_8000_split_v4/val/real/real_00350.jpeg
real_00441.jpeg,val,real,real,/kaggle/working/genimage_8000_split_v4/val/real/real_00441.jpeg
real_00003.jpeg,val,real,real,/kaggle/working/genimage_8000_split_v4/val/real/real_00003.jpeg
real_00217.jpeg,val,real,real,/kaggle/working/genimage_8000_split_v4/val/real/real_00217.jpeg
real_00465.jpeg,val,real,real,/kaggle/working/genimage_8000_split_v4/val/real/real_00465.jpeg
real_00442.jpeg,val,real,real,/kaggle/working/genimage_8000_split_v4/val/real/real_00442.jpeg
real_00233.jpeg,val,real,real,/kaggle/working/genimage_8000_split_v4/val/real/real_00233.jpeg
real_00161.jpeg,val,real,real,/kaggle/working/genimage_8000_split_v4/val/real/real_00161.jpeg
real_00412.jpeg,val,real,real,/kaggle/working/genimage_8000_split_v4/val/real/real_00412.jpeg
real_00468.jpeg,val,real,real,/kaggle/working/genimage_8000_split_v4/val/real/real_00468.jpeg
real_00125.jpeg,val,real,real,/kaggle/working/genimage_8000_split_v4/val/real/real_00125.jpeg
real_00186.jpeg,val,real,real,/kaggle/working/genimage_8000_split_v4/val/real/real_00186.jpeg
real_00172.jpeg,val,real,real,/kaggle/working/genimage_8000_split_v4/val/real/real_00172.jpeg
real_00467.jpeg,val,real,real,/kaggle/working/genimage_8000_split_v4/val/real/real_00467.jpeg
real_00323.jpeg,val,real,real,/kaggle/working/genimage_8000_split_v4/val/real/real_00323.jpeg
real_00203.jpeg,val,real,real,/kaggle/working/genimage_8000_split_v4/val/real/real_00203.jpeg
real_00552.jpeg,val,real,real,/kaggle/working/genimage_8000_split_v4/val/real/real_00552.jpeg
real_00034.jpeg,val,real,real,/kaggle/working/genimage_8000_split_v4/val/real/real_00034.jpeg
real_00142.jpeg,val,real,real,/kaggle/working/genimage_8000_split_v4/val/real/real_00142.jpeg
real_00059.jpeg,val,real,real,/kaggle/working/genimage_8000_split_v4/val/real/real_00059.jpeg
real_00021.jpeg,val,real,real,/kaggle/working/genimage_8000_split_v4/val/real/real_00021.jpeg
real_00525.jpeg,val,real,real,/kaggle/working/genimage_8000_split_v4/val/real/real_00525.jpeg
real_00275.jpeg,val,real,real,/kaggle/working/genimage_8000_split_v4/val/real/real_00275.jpeg
real_00430.jpeg,val,real,real,/kaggle/working/genimage_8000_split_v4/val/real/real_00430.jpeg
real_00349.jpeg,val,real,real,/kaggle/working/genimage_8000_split_v4/val/real/real_00349.jpeg
real_00373.jpeg,val,real,real,/kaggle/working/genimage_8000_split_v4/val/real/real_00373.jpeg
real_00078.jpeg,val,real,real,/kaggle/working/genimage_8000_split_v4/val/real/real_00078.jpeg
real_00437.jpeg,val,real,real,/kaggle/working/genimage_8000_split_v4/val/real/real_00437.jpeg
real_00520.jpeg,val,real,real,/kaggle/working/genimage_8000_split_v4/val/real/real_00520.jpeg
real_00564.jpeg,val,real,real,/kaggle/working/genimage_8000_split_v4/val/real/real_00564.jpeg
real_00578.jpeg,val,real,real,/kaggle/working/genimage_8000_split_v4/val/real/real_00578.jpeg
real_00225.jpeg,val,real,real,/kaggle/working/genimage_8000_split_v4/val/real/real_00225.jpeg
real_00232.jpeg,val,real,real,/kaggle/working/genimage_8000_split_v4/val/real/real_00232.jpeg
real_00194.jpeg,val,real,real,/kaggle/working/genimage_8000_split_v4/val/real/real_00194.jpeg
real_00278.jpeg,val,real,real,/kaggle/working/genimage_8000_split_v4/val/real/real_00278.jpeg
real_00168.jpeg,val,real,real,/kaggle/working/genimage_8000_split_v4/val/real/real_00168.jpeg
real_00145.jpeg,val,real,real,/kaggle/working/genimage_8000_split_v4/val/real/real_00145.jpeg
real_00495.jpeg,val,real,real,/kaggle/working/genimage_8000_split_v4/val/real/real_00495.jpeg
real_00236.jpeg,val,real,real,/kaggle/working/genimage_8000_split_v4/val/real/real_00236.jpeg
real_00121.jpeg,val,real,real,/kaggle/working/genimage_8000_split_v4/val/real/real_00121.jpeg
real_00455.jpeg,val,real,real,/kaggle/working/genimage_8000_split_v4/val/real/real_00455.jpeg
real_00177.jpeg,val,real,real,/kaggle/working/genimage_8000_split_v4/val/real/real_00177.jpeg
real_00485.jpeg,val,real,real,/kaggle/working/genimage_8000_split_v4/val/real/real_00485.jpeg
real_00136.jpeg,val,real,real,/kaggle/working/genimage_8000_split_v4/val/real/real_00136.jpeg
real_00054.jpeg,val,real,real,/kaggle/working/genimage_8000_split_v4/val/real/real_00054.jpeg
real_00470.jpeg,val,real,real,/kaggle/working/genimage_8000_split_v4/val/real/real_00470.jpeg
real_00118.jpeg,val,real,real,/kaggle/working/genimage_8000_split_v4/val/real/real_00118.jpeg
real_00153.jpeg,val,real,real,/kaggle/working/genimage_8000_split_v4/val/real/real_00153.jpeg
real_00384.jpeg,val,real,real,/kaggle/working/genimage_8000_split_v4/val/real/real_00384.jpeg
real_00115.jpeg,val,real,real,/kaggle/working/genimage_8000_split_v4/val/real/real_00115.jpeg
real_00101.jpeg,val,real,real,/kaggle/working/genimage_8000_split_v4/val/real/real_00101.jpeg
real_00327.jpeg,val,real,real,/kaggle/working/genimage_8000_split_v4/val/real/real_00327.jpeg
real_00164.jpeg,val,real,real,/kaggle/working/genimage_8000_split_v4/val/real/real_00164.jpeg
real_00538.jpeg,val,real,real,/kaggle/working/genimage_8000_split_v4/val/real/real_00538.jpeg
real_00049.jpeg,val,real,real,/kaggle/working/genimage_8000_split_v4/val/real/real_00049.jpeg
real_00544.jpeg,val,real,real,/kaggle/working/genimage_8000_split_v4/val/real/real_00544.jpeg
real_00154.jpeg,val,real,real,/kaggle/working/genimage_8000_split_v4/val/real/real_00154.jpeg
real_00215.jpeg,val,real,real,/kaggle/working/genimage_8000_split_v4/val/real/real_00215.jpeg
real_00124.jpeg,val,real,real,/kaggle/working/genimage_8000_split_v4/val/real/real_00124.jpeg
real_00223.jpeg,val,real,real,/kaggle/working/genimage_8000_split_v4/val/real/real_00223.jpeg
real_00065.jpeg,val,real,real,/kaggle/working/genimage_8000_split_v4/val/real/real_00065.jpeg
real_00282.jpeg,val,real,real,/kaggle/working/genimage_8000_split_v4/val/real/real_00282.jpeg
real_00267.jpeg,val,real,real,/kaggle/working/genimage_8000_split_v4/val/real/real_00267.jpeg
real_00343.jpeg,val,real,real,/kaggle/working/genimage_8000_split_v4/val/real/real_00343.jpeg
real_00421.jpeg,val,real,real,/kaggle/working/genimage_8000_split_v4/val/real/real_00421.jpeg
real_00531.jpeg,val,real,real,/kaggle/working/genimage_8000_split_v4/val/real/real_00531.jpeg
real_00575.jpeg,val,real,real,/kaggle/working/genimage_8000_split_v4/val/real/real_00575.jpeg
real_00290.jpeg,val,real,real,/kaggle/working/genimage_8000_split_v4/val/real/real_00290.jpeg
real_00336.jpeg,val,real,real,/kaggle/working/genimage_8000_split_v4/val/real/real_00336.jpeg
real_00306.jpeg,val,real,real,/kaggle/working/genimage_8000_split_v4/val/real/real_00306.jpeg
real_00231.jpeg,val,real,real,/kaggle/working/genimage_8000_split_v4/val/real/real_00231.jpeg
real_00002.jpeg,val,real,real,/kaggle/working/genimage_8000_split_v4/val/real/real_00002.jpeg
real_00504.jpeg,val,real,real,/kaggle/working/genimage_8000_split_v4/val/real/real_00504.jpeg
real_00536.jpeg,val,real,real,/kaggle/working/genimage_8000_split_v4/val/real/real_00536.jpeg
real_00362.jpeg,val,real,real,/kaggle/working/genimage_8000_split_v4/val/real/real_00362.jpeg
real_00199.jpeg,val,real,real,/kaggle/working/genimage_8000_split_v4/val/real/real_00199.jpeg
real_00023.jpeg,val,real,real,/kaggle/working/genimage_8000_split_v4/val/real/real_00023.jpeg
real_00433.jpeg,val,real,real,/kaggle/working/genimage_8000_split_v4/val/real/real_00433.jpeg
real_00484.jpeg,val,real,real,/kaggle/working/genimage_8000_split_v4/val/real/real_00484.jpeg
real_00110.jpeg,val,real,real,/kaggle/working/genimage_8000_split_v4/val/real/real_00110.jpeg
real_00305.jpeg,val,real,real,/kaggle/working/genimage_8000_split_v4/val/real/real_00305.jpeg
real_00352.jpeg,val,real,real,/kaggle/working/genimage_8000_split_v4/val/real/real_00352.jpeg
real_00256.jpeg,val,real,real,/kaggle/working/genimage_8000_split_v4/val/real/real_00256.jpeg
real_00404.jpeg,val,real,real,/kaggle/working/genimage_8000_split_v4/val/real/real_00404.jpeg
real_00523.jpeg,val,real,real,/kaggle/working/genimage_8000_split_v4/val/real/real_00523.jpeg
real_00513.jpeg,val,real,real,/kaggle/working/genimage_8000_split_v4/val/real/real_00513.jpeg
real_00108.jpeg,val,real,real,/kaggle/working/genimage_8000_split_v4/val/real/real_00108.jpeg
real_00119.jpeg,val,real,real,/kaggle/working/genimage_8000_split_v4/val/real/real_00119.jpeg
real_00511.jpeg,val,real,real,/kaggle/working/genimage_8000_split_v4/val/real/real_00511.jpeg
real_00073.jpeg,val,real,real,/kaggle/working/genimage_8000_split_v4/val/real/real_00073.jpeg
real_00469.jpeg,val,real,real,/kaggle/working/genimage_8000_split_v4/val/real/real_00469.jpeg
real_00035.jpeg,val,real,real,/kaggle/working/genimage_8000_split_v4/val/real/real_00035.jpeg
real_00427.jpeg,val,real,real,/kaggle/working/genimage_8000_split_v4/val/real/real_00427.jpeg
real_00000.jpeg,val,real,real,/kaggle/working/genimage_8000_split_v4/val/real/real_00000.jpeg
real_00066.jpeg,val,real,real,/kaggle/working/genimage_8000_split_v4/val/real/real_00066.jpeg
real_00052.jpeg,val,real,real,/kaggle/working/genimage_8000_split_v4/val/real/real_00052.jpeg
real_00483.jpeg,val,real,real,/kaggle/working/genimage_8000_split_v4/val/real/real_00483.jpeg
real_00020.jpeg,val,real,real,/kaggle/working/genimage_8000_split_v4/val/real/real_00020.jpeg
real_00540.jpeg,val,real,real,/kaggle/working/genimage_8000_split_v4/val/real/real_00540.jpeg
real_00383.jpeg,val,real,real,/kaggle/working/genimage_8000_split_v4/val/real/real_00383.jpeg
real_00129.jpeg,val,real,real,/kaggle/working/genimage_8000_split_v4/val/real/real_00129.jpeg
real_00505.jpeg,val,real,real,/kaggle/working/genimage_8000_split_v4/val/real/real_00505.jpeg
real_00517.jpeg,val,real,real,/kaggle/working/genimage_8000_split_v4/val/real/real_00517.jpeg
real_00291.jpeg,val,real,real,/kaggle/working/genimage_8000_split_v4/val/real/real_00291.jpeg
real_00328.jpeg,val,real,real,/kaggle/working/genimage_8000_split_v4/val/real/real_00328.jpeg
real_00082.jpeg,val,real,real,/kaggle/working/genimage_8000_split_v4/val/real/real_00082.jpeg
real_00413.jpeg,val,real,real,/kaggle/working/genimage_8000_split_v4/val/real/real_00413.jpeg
real_00201.jpeg,val,real,real,/kaggle/working/genimage_8000_split_v4/val/real/real_00201.jpeg
real_00422.jpeg,val,real,real,/kaggle/working/genimage_8000_split_v4/val/real/real_00422.jpeg
real_00481.jpeg,val,real,real,/kaggle/working/genimage_8000_split_v4/val/real/real_00481.jpeg
real_00249.jpeg,val,real,real,/kaggle/working/genimage_8000_split_v4/val/real/real_00249.jpeg
real_00591.jpeg,val,real,real,/kaggle/working/genimage_8000_split_v4/val/real/real_00591.jpeg
real_00103.jpeg,val,real,real,/kaggle/working/genimage_8000_split_v4/val/real/real_00103.jpeg
real_00058.jpeg,val,real,real,/kaggle/working/genimage_8000_split_v4/val/real/real_00058.jpeg
real_00029.jpeg,val,real,real,/kaggle/working/genimage_8000_split_v4/val/real/real_00029.jpeg
real_00551.jpeg,val,real,real,/kaggle/working/genimage_8000_split_v4/val/real/real_00551.jpeg
real_00453.jpeg,val,real,real,/kaggle/working/genimage_8000_split_v4/val/real/real_00453.jpeg
real_00041.jpeg,val,real,real,/kaggle/working/genimage_8000_split_v4/val/real/real_00041.jpeg
real_00316.jpeg,val,real,real,/kaggle/working/genimage_8000_split_v4/val/real/real_00316.jpeg
real_00449.jpeg,val,real,real,/kaggle/working/genimage_8000_split_v4/val/real/real_00449.jpeg
real_00198.jpeg,val,real,real,/kaggle/working/genimage_8000_split_v4/val/real/real_00198.jpeg
real_00310.jpeg,val,real,real,/kaggle/working/genimage_8000_split_v4/val/real/real_00310.jpeg
real_00205.jpeg,val,real,real,/kaggle/working/genimage_8000_split_v4/val/real/real_00205.jpeg
real_00011.jpeg,val,real,real,/kaggle/working/genimage_8000_split_v4/val/real/real_00011.jpeg
real_00556.jpeg,val,real,real,/kaggle/working/genimage_8000_split_v4/val/real/real_00556.jpeg
real_00294.jpeg,val,real,real,/kaggle/working/genimage_8000_split_v4/val/real/real_00294.jpeg
real_00112.jpeg,val,real,real,/kaggle/working/genimage_8000_split_v4/val/real/real_00112.jpeg
real_00170.jpeg,val,real,real,/kaggle/working/genimage_8000_split_v4/val/real/real_00170.jpeg
real_00569.jpeg,val,real,real,/kaggle/working/genimage_8000_split_v4/val/real/real_00569.jpeg
real_00318.jpeg,val,real,real,/kaggle/working/genimage_8000_split_v4/val/real/real_00318.jpeg
real_00397.jpeg,val,real,real,/kaggle/working/genimage_8000_split_v4/val/real/real_00397.jpeg
real_00014.jpeg,val,real,real,/kaggle/working/genimage_8000_split_v4/val/real/real_00014.jpeg
real_00196.jpeg,val,real,real,/kaggle/working/genimage_8000_split_v4/val/real/real_00196.jpeg
real_00191.jpeg,val,real,real,/kaggle/working/genimage_8000_split_v4/val/real/real_00191.jpeg
real_00192.jpeg,val,real,real,/kaggle/working/genimage_8000_split_v4/val/real/real_00192.jpeg
real_00353.jpeg,val,real,real,/kaggle/working/genimage_8000_split_v4/val/real/real_00353.jpeg
real_00254.jpeg,val,real,real,/kaggle/working/genimage_8000_split_v4/val/real/real_00254.jpeg
real_00169.jpeg,val,real,real,/kaggle/working/genimage_8000_split_v4/val/real/real_00169.jpeg
real_00370.jpeg,val,real,real,/kaggle/working/genimage_8000_split_v4/val/real/real_00370.jpeg
real_00004.jpeg,val,real,real,/kaggle/working/genimage_8000_split_v4/val/real/real_00004.jpeg
real_00368.jpeg,val,real,real,/kaggle/working/genimage_8000_split_v4/val/real/real_00368.jpeg
real_00417.jpeg,val,real,real,/kaggle/working/genimage_8000_split_v4/val/real/real_00417.jpeg
real_00333.jpeg,val,real,real,/kaggle/working/genimage_8000_split_v4/val/real/real_00333.jpeg
real_00123.jpeg,val,real,real,/kaggle/working/genimage_8000_split_v4/val/real/real_00123.jpeg
real_00380.jpeg,val,real,real,/kaggle/working/genimage_8000_split_v4/val/real/real_00380.jpeg
real_00179.jpeg,val,real,real,/kaggle/working/genimage_8000_split_v4/val/real/real_00179.jpeg
real_00400.jpeg,val,real,real,/kaggle/working/genimage_8000_split_v4/val/real/real_00400.jpeg
real_00369.jpeg,val,real,real,/kaggle/working/genimage_8000_split_v4/val/real/real_00369.jpeg
real_00051.jpeg,val,real,real,/kaggle/working/genimage_8000_split_v4/val/real/real_00051.jpeg
real_00097.jpeg,val,real,real,/kaggle/working/genimage_8000_split_v4/val/real/real_00097.jpeg
real_00515.jpeg,val,real,real,/kaggle/working/genimage_8000_split_v4/val/real/real_00515.jpeg
real_00446.jpeg,val,real,real,/kaggle/working/genimage_8000_split_v4/val/real/real_00446.jpeg
real_00155.jpeg,val,real,real,/kaggle/working/genimage_8000_split_v4/val/real/real_00155.jpeg
real_00277.jpeg,val,real,real,/kaggle/working/genimage_8000_split_v4/val/real/real_00277.jpeg
real_00098.jpeg,val,real,real,/kaggle/working/genimage_8000_split_v4/val/real/real_00098.jpeg
real_00107.jpeg,val,real,real,/kaggle/working/genimage_8000_split_v4/val/real/real_00107.jpeg
real_00087.jpeg,val,real,real,/kaggle/working/genimage_8000_split_v4/val/real/real_00087.jpeg
real_00565.jpeg,val,real,real,/kaggle/working/genimage_8000_split_v4/val/real/real_00565.jpeg
real_00280.jpeg,val,real,real,/kaggle/working/genimage_8000_split_v4/val/real/real_00280.jpeg
real_00507.jpeg,val,real,real,/kaggle/working/genimage_8000_split_v4/val/real/real_00507.jpeg
real_00326.jpeg,val,real,real,/kaggle/working/genimage_8000_split_v4/val/real/real_00326.jpeg
real_00244.jpeg,val,real,real,/kaggle/working/genimage_8000_split_v4/val/real/real_00244.jpeg
real_00033.jpeg,val,real,real,/kaggle/working/genimage_8000_split_v4/val/real/real_00033.jpeg
real_00064.jpeg,val,real,real,/kaggle/working/genimage_8000_split_v4/val/real/real_00064.jpeg
real_00013.jpeg,val,real,real,/kaggle/working/genimage_8000_split_v4/val/real/real_00013.jpeg
real_00183.jpeg,val,real,real,/kaggle/working/genimage_8000_split_v4/val/real/real_00183.jpeg
real_00030.jpeg,val,real,real,/kaggle/working/genimage_8000_split_v4/val/real/real_00030.jpeg
real_00474.jpeg,val,real,real,/kaggle/working/genimage_8000_split_v4/val/real/real_00474.jpeg
real_00558.jpeg,val,real,real,/kaggle/working/genimage_8000_split_v4/val/real/real_00558.jpeg
real_00088.jpeg,val,real,real,/kaggle/working/genimage_8000_split_v4/val/real/real_00088.jpeg
real_00436.jpeg,val,real,real,/kaggle/working/genimage_8000_split_v4/val/real/real_00436.jpeg
real_00518.jpeg,val,real,real,/kaggle/working/genimage_8000_split_v4/val/real/real_00518.jpeg
real_00111.jpeg,val,real,real,/kaggle/working/genimage_8000_split_v4/val/real/real_00111.jpeg
real_00122.jpeg,val,real,real,/kaggle/working/genimage_8000_split_v4/val/real/real_00122.jpeg
real_00461.jpeg,val,real,real,/kaggle/working/genimage_8000_split_v4/val/real/real_00461.jpeg
real_00239.jpeg,val,real,real,/kaggle/working/genimage_8000_split_v4/val/real/real_00239.jpeg
real_00408.jpeg,val,real,real,/kaggle/working/genimage_8000_split_v4/val/real/real_00408.jpeg
real_00460.jpeg,val,real,real,/kaggle/working/genimage_8000_split_v4/val/real/real_00460.jpeg
real_00138.jpeg,val,real,real,/kaggle/working/genimage_8000_split_v4/val/real/real_00138.jpeg
real_00429.jpeg,val,real,real,/kaggle/working/genimage_8000_split_v4/val/real/real_00429.jpeg
real_00462.jpeg,val,real,real,/kaggle/working/genimage_8000_split_v4/val/real/real_00462.jpeg
real_00113.jpeg,val,real,real,/kaggle/working/genimage_8000_split_v4/val/real/real_00113.jpeg
real_00391.jpeg,val,real,real,/kaggle/working/genimage_8000_split_v4/val/real/real_00391.jpeg
real_00303.jpeg,val,real,real,/kaggle/working/genimage_8000_split_v4/val/real/real_00303.jpeg
real_00592.jpeg,val,real,real,/kaggle/working/genimage_8000_split_v4/val/real/real_00592.jpeg
real_00157.jpeg,val,real,real,/kaggle/working/genimage_8000_split_v4/val/real/real_00157.jpeg
real_00475.jpeg,val,real,real,/kaggle/working/genimage_8000_split_v4/val/real/real_00475.jpeg
real_00071.jpeg,val,real,real,/kaggle/working/genimage_8000_split_v4/val/real/real_00071.jpeg
real_00235.jpeg,val,real,real,/kaggle/working/genimage_8000_split_v4/val/real/real_00235.jpeg
real_00067.jpeg,val,real,real,/kaggle/working/genimage_8000_split_v4/val/real/real_00067.jpeg
real_00502.jpeg,val,real,real,/kaggle/working/genimage_8000_split_v4/val/real/real_00502.jpeg
real_00099.jpeg,val,real,real,/kaggle/working/genimage_8000_split_v4/val/real/real_00099.jpeg
real_00508.jpeg,val,real,real,/kaggle/working/genimage_8000_split_v4/val/real/real_00508.jpeg
real_00036.jpeg,val,real,real,/kaggle/working/genimage_8000_split_v4/val/real/real_00036.jpeg
real_00149.jpeg,val,real,real,/kaggle/working/genimage_8000_split_v4/val/real/real_00149.jpeg
real_00220.jpeg,val,real,real,/kaggle/working/genimage_8000_split_v4/val/real/real_00220.jpeg
real_00418.jpeg,val,real,real,/kaggle/working/genimage_8000_split_v4/val/real/real_00418.jpeg
real_00466.jpeg,val,real,real,/kaggle/working/genimage_8000_split_v4/val/real/real_00466.jpeg
real_00120.jpeg,val,real,real,/kaggle/working/genimage_8000_split_v4/val/real/real_00120.jpeg
real_00139.jpeg,val,real,real,/kaggle/working/genimage_8000_split_v4/val/real/real_00139.jpeg
real_00589.jpeg,val,real,real,/kaggle/working/genimage_8000_split_v4/val/real/real_00589.jpeg
real_00276.jpeg,val,real,real,/kaggle/working/genimage_8000_split_v4/val/real/real_00276.jpeg
real_00377.jpeg,val,real,real,/kaggle/working/genimage_8000_split_v4/val/real/real_00377.jpeg
real_00175.jpeg,val,real,real,/kaggle/working/genimage_8000_split_v4/val/real/real_00175.jpeg
real_00001.jpeg,val,real,real,/kaggle/working/genimage_8000_split_v4/val/real/real_00001.jpeg
real_00424.jpeg,val,real,real,/kaggle/working/genimage_8000_split_v4/val/real/real_00424.jpeg
real_00197.jpeg,val,real,real,/kaggle/working/genimage_8000_split_v4/val/real/real_00197.jpeg
real_00246.jpeg,val,real,real,/kaggle/working/genimage_8000_split_v4/val/real/real_00246.jpeg
real_00325.jpeg,val,real,real,/kaggle/working/genimage_8000_split_v4/val/real/real_00325.jpeg
real_00150.jpeg,val,real,real,/kaggle/working/genimage_8000_split_v4/val/real/real_00150.jpeg
real_00501.jpeg,val,real,real,/kaggle/working/genimage_8000_split_v4/val/real/real_00501.jpeg
real_00428.jpeg,val,real,real,/kaggle/working/genimage_8000_split_v4/val/real/real_00428.jpeg
real_00222.jpeg,val,real,real,/kaggle/working/genimage_8000_split_v4/val/real/real_00222.jpeg
real_00045.jpeg,val,real,real,/kaggle/working/genimage_8000_split_v4/val/real/real_00045.jpeg
real_00338.jpeg,val,real,real,/kaggle/working/genimage_8000_split_v4/val/real/real_00338.jpeg
real_00390.jpeg,val,real,real,/kaggle/working/genimage_8000_split_v4/val/real/real_00390.jpeg
real_00062.jpeg,val,real,real,/kaggle/working/genimage_8000_split_v4/val/real/real_00062.jpeg
real_00426.jpeg,val,real,real,/kaggle/working/genimage_8000_split_v4/val/real/real_00426.jpeg
real_00247.jpeg,val,real,real,/kaggle/working/genimage_8000_split_v4/val/real/real_00247.jpeg
real_00152.jpeg,val,real,real,/kaggle/working/genimage_8000_split_v4/val/real/real_00152.jpeg
real_00156.jpeg,val,real,real,/kaggle/working/genimage_8000_split_v4/val/real/real_00156.jpeg
real_00084.jpeg,val,real,real,/kaggle/working/genimage_8000_split_v4/val/real/real_00084.jpeg
real_00212.jpeg,val,real,real,/kaggle/working/genimage_8000_split_v4/val/real/real_00212.jpeg
real_00184.jpeg,val,real,real,/kaggle/working/genimage_8000_split_v4/val/real/real_00184.jpeg
real_00309.jpeg,val,real,real,/kaggle/working/genimage_8000_split_v4/val/real/real_00309.jpeg
real_00423.jpeg,val,real,real,/kaggle/working/genimage_8000_split_v4/val/real/real_00423.jpeg
real_00095.jpeg,val,real,real,/kaggle/working/genimage_8000_split_v4/val/real/real_00095.jpeg
real_00264.jpeg,val,real,real,/kaggle/working/genimage_8000_split_v4/val/real/real_00264.jpeg
real_00105.jpeg,val,real,real,/kaggle/working/genimage_8000_split_v4/val/real/real_00105.jpeg
real_00024.jpeg,val,real,real,/kaggle/working/genimage_8000_split_v4/val/real/real_00024.jpeg
real_00293.jpeg,val,real,real,/kaggle/working/genimage_8000_split_v4/val/real/real_00293.jpeg
real_00311.jpeg,val,real,real,/kaggle/working/genimage_8000_split_v4/val/real/real_00311.jpeg
real_00032.jpeg,val,real,real,/kaggle/working/genimage_8000_split_v4/val/real/real_00032.jpeg
real_00374.jpeg,val,real,real,/kaggle/working/genimage_8000_split_v4/val/real/real_00374.jpeg
real_00492.jpeg,val,real,real,/kaggle/working/genimage_8000_split_v4/val/real/real_00492.jpeg
real_00162.jpeg,val,real,real,/kaggle/working/genimage_8000_split_v4/val/real/real_00162.jpeg
real_00588.jpeg,val,real,real,/kaggle/working/genimage_8000_split_v4/val/real/real_00588.jpeg
real_00411.jpeg,val,real,real,/kaggle/working/genimage_8000_split_v4/val/real/real_00411.jpeg
real_00241.jpeg,val,real,real,/kaggle/working/genimage_8000_split_v4/val/real/real_00241.jpeg
real_00432.jpeg,val,real,real,/kaggle/working/genimage_8000_split_v4/val/real/real_00432.jpeg
real_00025.jpeg,val,real,real,/kaggle/working/genimage_8000_split_v4/val/real/real_00025.jpeg
real_00079.jpeg,val,real,real,/kaggle/working/genimage_8000_split_v4/val/real/real_00079.jpeg
real_00351.jpeg,val,real,real,/kaggle/working/genimage_8000_split_v4/val/real/real_00351.jpeg
real_00590.jpeg,val,real,real,/kaggle/working/genimage_8000_split_v4/val/real/real_00590.jpeg
real_00240.jpeg,val,real,real,/kaggle/working/genimage_8000_split_v4/val/real/real_00240.jpeg
real_00583.jpeg,val,real,real,/kaggle/working/genimage_8000_split_v4/val/real/real_00583.jpeg
real_00116.jpeg,val,real,real,/kaggle/working/genimage_8000_split_v4/val/real/real_00116.jpeg
real_00081.jpeg,val,real,real,/kaggle/working/genimage_8000_split_v4/val/real/real_00081.jpeg
real_00224.jpeg,val,real,real,/kaggle/working/genimage_8000_split_v4/val/real/real_00224.jpeg
real_00372.jpeg,val,real,real,/kaggle/working/genimage_8000_split_v4/val/real/real_00372.jpeg
real_00074.jpeg,val,real,real,/kaggle/working/genimage_8000_split_v4/val/real/real_00074.jpeg
real_00555.jpeg,val,real,real,/kaggle/working/genimage_8000_split_v4/val/real/real_00555.jpeg
real_00399.jpeg,val,real,real,/kaggle/working/genimage_8000_split_v4/val/real/real_00399.jpeg
real_00308.jpeg,val,real,real,/kaggle/working/genimage_8000_split_v4/val/real/real_00308.jpeg
real_00132.jpeg,val,real,real,/kaggle/working/genimage_8000_split_v4/val/real/real_00132.jpeg
real_00478.jpeg,val,real,real,/kaggle/working/genimage_8000_split_v4/val/real/real_00478.jpeg
real_00435.jpeg,val,real,real,/kaggle/working/genimage_8000_split_v4/val/real/real_00435.jpeg
real_00072.jpeg,val,real,real,/kaggle/working/genimage_8000_split_v4/val/real/real_00072.jpeg
real_00037.jpeg,val,real,real,/kaggle/working/genimage_8000_split_v4/val/real/real_00037.jpeg
real_00272.jpeg,val,real,real,/kaggle/working/genimage_8000_split_v4/val/real/real_00272.jpeg
real_00102.jpeg,val,real,real,/kaggle/working/genimage_8000_split_v4/val/real/real_00102.jpeg
real_00044.jpeg,val,real,real,/kaggle/working/genimage_8000_split_v4/val/real/real_00044.jpeg
real_00546.jpeg,val,real,real,/kaggle/working/genimage_8000_split_v4/val/real/real_00546.jpeg
real_00146.jpeg,val,real,real,/kaggle/working/genimage_8000_split_v4/val/real/real_00146.jpeg
real_00361.jpeg,val,real,real,/kaggle/working/genimage_8000_split_v4/val/real/real_00361.jpeg
real_00498.jpeg,val,real,real,/kaggle/working/genimage_8000_split_v4/val/real/real_00498.jpeg
real_00567.jpeg,val,real,real,/kaggle/working/genimage_8000_split_v4/val/real/real_00567.jpeg
real_00229.jpeg,val,real,real,/kaggle/working/genimage_8000_split_v4/val/real/real_00229.jpeg
real_00573.jpeg,val,real,real,/kaggle/working/genimage_8000_split_v4/val/real/real_00573.jpeg
real_00452.jpeg,val,real,real,/kaggle/working/genimage_8000_split_v4/val/real/real_00452.jpeg
real_00258.jpeg,val,real,real,/kaggle/working/genimage_8000_split_v4/val/real/real_00258.jpeg
real_00581.jpeg,val,real,real,/kaggle/working/genimage_8000_split_v4/val/real/real_00581.jpeg
real_00340.jpeg,val,real,real,/kaggle/working/genimage_8000_split_v4/val/real/real_00340.jpeg
real_00516.jpeg,val,real,real,/kaggle/working/genimage_8000_split_v4/val/real/real_00516.jpeg
real_00524.jpeg,val,real,real,/kaggle/working/genimage_8000_split_v4/val/real/real_00524.jpeg
real_00554.jpeg,val,real,real,/kaggle/working/genimage_8000_split_v4/val/real/real_00554.jpeg
real_00299.jpeg,val,real,real,/kaggle/working/genimage_8000_split_v4/val/real/real_00299.jpeg
real_00439.jpeg,val,real,real,/kaggle/working/genimage_8000_split_v4/val/real/real_00439.jpeg
real_00166.jpeg,val,real,real,/kaggle/working/genimage_8000_split_v4/val/real/real_00166.jpeg
real_00392.jpeg,val,real,real,/kaggle/working/genimage_8000_split_v4/val/real/real_00392.jpeg
real_00086.jpeg,val,real,real,/kaggle/working/genimage_8000_split_v4/val/real/real_00086.jpeg
real_00537.jpeg,val,real,real,/kaggle/working/genimage_8000_split_v4/val/real/real_00537.jpeg
real_00431.jpeg,val,real,real,/kaggle/working/genimage_8000_split_v4/val/real/real_00431.jpeg
real_00389.jpeg,val,real,real,/kaggle/working/genimage_8000_split_v4/val/real/real_00389.jpeg
real_00534.jpeg,val,real,real,/kaggle/working/genimage_8000_split_v4/val/real/real_00534.jpeg
real_00541.jpeg,val,real,real,/kaggle/working/genimage_8000_split_v4/val/real/real_00541.jpeg
real_00094.jpeg,val,real,real,/kaggle/working/genimage_8000_split_v4/val/real/real_00094.jpeg
real_00226.jpeg,val,real,real,/kaggle/working/genimage_8000_split_v4/val/real/real_00226.jpeg
real_00200.jpeg,val,real,real,/kaggle/working/genimage_8000_split_v4/val/real/real_00200.jpeg
real_00330.jpeg,val,real,real,/kaggle/working/genimage_8000_split_v4/val/real/real_00330.jpeg
real_00091.jpeg,val,real,real,/kaggle/working/genimage_8000_split_v4/val/real/real_00091.jpeg
real_00472.jpeg,val,real,real,/kaggle/working/genimage_8000_split_v4/val/real/real_00472.jpeg
real_00493.jpeg,val,real,real,/kaggle/working/genimage_8000_split_v4/val/real/real_00493.jpeg
real_00053.jpeg,val,real,real,/kaggle/working/genimage_8000_split_v4/val/real/real_00053.jpeg
real_00298.jpeg,val,real,real,/kaggle/working/genimage_8000_split_v4/val/real/real_00298.jpeg
real_00366.jpeg,val,real,real,/kaggle/working/genimage_8000_split_v4/val/real/real_00366.jpeg
real_00182.jpeg,val,real,real,/kaggle/working/genimage_8000_split_v4/val/real/real_00182.jpeg
real_00490.jpeg,val,real,real,/kaggle/working/genimage_8000_split_v4/val/real/real_00490.jpeg
real_00593.jpeg,val,real,real,/kaggle/working/genimage_8000_split_v4/val/real/real_00593.jpeg
real_00137.jpeg,val,real,real,/kaggle/working/genimage_8000_split_v4/val/real/real_00137.jpeg
real_00314.jpeg,val,real,real,/kaggle/working/genimage_8000_split_v4/val/real/real_00314.jpeg
real_00471.jpeg,val,real,real,/kaggle/working/genimage_8000_split_v4/val/real/real_00471.jpeg
real_00365.jpeg,val,real,real,/kaggle/working/genimage_8000_split_v4/val/real/real_00365.jpeg
real_00042.jpeg,val,real,real,/kaggle/working/genimage_8000_split_v4/val/real/real_00042.jpeg
real_00448.jpeg,val,real,real,/kaggle/working/genimage_8000_split_v4/val/real/real_00448.jpeg
real_00188.jpeg,val,real,real,/kaggle/working/genimage_8000_split_v4/val/real/real_00188.jpeg
real_00245.jpeg,val,real,real,/kaggle/working/genimage_8000_split_v4/val/real/real_00245.jpeg
real_00509.jpeg,val,real,real,/kaggle/working/genimage_8000_split_v4/val/real/real_00509.jpeg
real_00265.jpeg,val,real,real,/kaggle/working/genimage_8000_split_v4/val/real/real_00265.jpeg
real_00443.jpeg,val,real,real,/kaggle/working/genimage_8000_split_v4/val/real/real_00443.jpeg
real_00284.jpeg,val,real,real,/kaggle/working/genimage_8000_split_v4/val/real/real_00284.jpeg
real_00386.jpeg,val,real,real,/kaggle/working/genimage_8000_split_v4/val/real/real_00386.jpeg
real_00548.jpeg,val,real,real,/kaggle/working/genimage_8000_split_v4/val/real/real_00548.jpeg
real_00487.jpeg,val,real,real,/kaggle/working/genimage_8000_split_v4/val/real/real_00487.jpeg
real_00549.jpeg,val,real,real,/kaggle/working/genimage_8000_split_v4/val/real/real_00549.jpeg
real_00315.jpeg,val,real,real,/kaggle/working/genimage_8000_split_v4/val/real/real_00315.jpeg
real_00464.jpeg,val,real,real,/kaggle/working/genimage_8000_split_v4/val/real/real_00464.jpeg
wukong_00029.png,val,ai,wukong,/kaggle/working/genimage_8000_split_v4/val/ai/wukong_00029.png
midjourney_00031.png,val,ai,midjourney,/kaggle/working/genimage_8000_split_v4/val/ai/midjourney_00031.png
glide_00016.png,val,ai,glide,/kaggle/working/genimage_8000_split_v4/val/ai/glide_00016.png
glide_00044.png,val,ai,glide,/kaggle/working/genimage_8000_split_v4/val/ai/glide_00044.png
wukong_00070.png,val,ai,wukong,/kaggle/working/genimage_8000_split_v4/val/ai/wukong_00070.png
wukong_00021.png,val,ai,wukong,/kaggle/working/genimage_8000_split_v4/val/ai/wukong_00021.png
midjourney_00060.png,val,ai,midjourney,/kaggle/working/genimage_8000_split_v4/val/ai/midjourney_00060.png
biggan_00016.png,val,ai,biggan,/kaggle/working/genimage_8000_split_v4/val/ai/biggan_00016.png
adm_00025.png,val,ai,adm,/kaggle/working/genimage_8000_split_v4/val/ai/adm_00025.png
sdv5_00019.png,val,ai,sdv5,/kaggle/working/genimage_8000_split_v4/val/ai/sdv5_00019.png
sdv5_00048.png,val,ai,sdv5,/kaggle/working/genimage_8000_split_v4/val/ai/sdv5_00048.png
wukong_00036.png,val,ai,wukong,/kaggle/working/genimage_8000_split_v4/val/ai/wukong_00036.png
adm_00051.png,val,ai,adm,/kaggle/working/genimage_8000_split_v4/val/ai/adm_00051.png
wukong_00041.png,val,ai,wukong,/kaggle/working/genimage_8000_split_v4/val/ai/wukong_00041.png
midjourney_00068.png,val,ai,midjourney,/kaggle/working/genimage_8000_split_v4/val/ai/midjourney_00068.png
vqdm_00062.png,val,ai,vqdm,/kaggle/working/genimage_8000_split_v4/val/ai/vqdm_00062.png
adm_00019.png,val,ai,adm,/kaggle/working/genimage_8000_split_v4/val/ai/adm_00019.png
midjourney_00077.png,val,ai,midjourney,/kaggle/working/genimage_8000_split_v4/val/ai/midjourney_00077.png
adm_00074.png,val,ai,adm,/kaggle/working/genimage_8000_split_v4/val/ai/adm_00074.png
wukong_00038.png,val,ai,wukong,/kaggle/working/genimage_8000_split_v4/val/ai/wukong_00038.png
biggan_00049.png,val,ai,biggan,/kaggle/working/genimage_8000_split_v4/val/ai/biggan_00049.png
midjourney_00036.png,val,ai,midjourney,/kaggle/working/genimage_8000_split_v4/val/ai/midjourney_00036.png
glide_00074.png,val,ai,glide,/kaggle/working/genimage_8000_split_v4/val/ai/glide_00074.png
sdv5_00043.png,val,ai,sdv5,/kaggle/working/genimage_8000_split_v4/val/ai/sdv5_00043.png
wukong_00067.png,val,ai,wukong,/kaggle/working/genimage_8000_split_v4/val/ai/wukong_00067.png
vqdm_00041.png,val,ai,vqdm,/kaggle/working/genimage_8000_split_v4/val/ai/vqdm_00041.png
wukong_00066.png,val,ai,wukong,/kaggle/working/genimage_8000_split_v4/val/ai/wukong_00066.png
vqdm_00061.png,val,ai,vqdm,/kaggle/working/genimage_8000_split_v4/val/ai/vqdm_00061.png
biggan_00010.png,val,ai,biggan,/kaggle/working/genimage_8000_split_v4/val/ai/biggan_00010.png
midjourney_00011.png,val,ai,midjourney,/kaggle/working/genimage_8000_split_v4/val/ai/midjourney_00011.png
adm_00067.png,val,ai,adm,/kaggle/working/genimage_8000_split_v4/val/ai/adm_00067.png
adm_00063.png,val,ai,adm,/kaggle/working/genimage_8000_split_v4/val/ai/adm_00063.png
wukong_00015.png,val,ai,wukong,/kaggle/working/genimage_8000_split_v4/val/ai/wukong_00015.png
vqdm_00004.png,val,ai,vqdm,/kaggle/working/genimage_8000_split_v4/val/ai/vqdm_00004.png
midjourney_00005.png,val,ai,midjourney,/kaggle/working/genimage_8000_split_v4/val/ai/midjourney_00005.png
adm_00014.png,val,ai,adm,/kaggle/working/genimage_8000_split_v4/val/ai/adm_00014.png
glide_00069.png,val,ai,glide,/kaggle/working/genimage_8000_split_v4/val/ai/glide_00069.png
vqdm_00010.png,val,ai,vqdm,/kaggle/working/genimage_8000_split_v4/val/ai/vqdm_00010.png
sdv5_00046.png,val,ai,sdv5,/kaggle/working/genimage_8000_split_v4/val/ai/sdv5_00046.png
wukong_00023.png,val,ai,wukong,/kaggle/working/genimage_8000_split_v4/val/ai/wukong_00023.png
midjourney_00074.png,val,ai,midjourney,/kaggle/working/genimage_8000_split_v4/val/ai/midjourney_00074.png
midjourney_00039.png,val,ai,midjourney,/kaggle/working/genimage_8000_split_v4/val/ai/midjourney_00039.png
vqdm_00024.png,val,ai,vqdm,/kaggle/working/genimage_8000_split_v4/val/ai/vqdm_00024.png
wukong_00075.png,val,ai,wukong,/kaggle/working/genimage_8000_split_v4/val/ai/wukong_00075.png
biggan_00050.png,val,ai,biggan,/kaggle/working/genimage_8000_split_v4/val/ai/biggan_00050.png
midjourney_00059.png,val,ai,midjourney,/kaggle/working/genimage_8000_split_v4/val/ai/midjourney_00059.png
biggan_00029.png,val,ai,biggan,/kaggle/working/genimage_8000_split_v4/val/ai/biggan_00029.png
sdv5_00039.png,val,ai,sdv5,/kaggle/working/genimage_8000_split_v4/val/ai/sdv5_00039.png
glide_00061.png,val,ai,glide,/kaggle/working/genimage_8000_split_v4/val/ai/glide_00061.png
biggan_00012.png,val,ai,biggan,/kaggle/working/genimage_8000_split_v4/val/ai/biggan_00012.png
biggan_00080.png,val,ai,biggan,/kaggle/working/genimage_8000_split_v4/val/ai/biggan_00080.png
glide_00053.png,val,ai,glide,/kaggle/working/genimage_8000_split_v4/val/ai/glide_00053.png
vqdm_00006.png,val,ai,vqdm,/kaggle/working/genimage_8000_split_v4/val/ai/vqdm_00006.png
adm_00023.png,val,ai,adm,/kaggle/working/genimage_8000_split_v4/val/ai/adm_00023.png
sdv5_00054.png,val,ai,sdv5,/kaggle/working/genimage_8000_split_v4/val/ai/sdv5_00054.png
midjourney_00021.png,val,ai,midjourney,/kaggle/working/genimage_8000_split_v4/val/ai/midjourney_00021.png
vqdm_00065.png,val,ai,vqdm,/kaggle/working/genimage_8000_split_v4/val/ai/vqdm_00065.png
biggan_00055.png,val,ai,biggan,/kaggle/working/genimage_8000_split_v4/val/ai/biggan_00055.png
wukong_00003.png,val,ai,wukong,/kaggle/working/genimage_8000_split_v4/val/ai/wukong_00003.png
biggan_00022.png,val,ai,biggan,/kaggle/working/genimage_8000_split_v4/val/ai/biggan_00022.png
biggan_00081.png,val,ai,biggan,/kaggle/working/genimage_8000_split_v4/val/ai/biggan_00081.png
vqdm_00049.png,val,ai,vqdm,/kaggle/working/genimage_8000_split_v4/val/ai/vqdm_00049.png
sdv5_00076.png,val,ai,sdv5,/kaggle/working/genimage_8000_split_v4/val/ai/sdv5_00076.png
vqdm_00011.png,val,ai,vqdm,/kaggle/working/genimage_8000_split_v4/val/ai/vqdm_00011.png
adm_00039.png,val,ai,adm,/kaggle/working/genimage_8000_split_v4/val/ai/adm_00039.png
glide_00023.png,val,ai,glide,/kaggle/working/genimage_8000_split_v4/val/ai/glide_00023.png
sdv5_00063.png,val,ai,sdv5,/kaggle/working/genimage_8000_split_v4/val/ai/sdv5_00063.png
biggan_00059.png,val,ai,biggan,/kaggle/working/genimage_8000_split_v4/val/ai/biggan_00059.png
glide_00015.png,val,ai,glide,/kaggle/working/genimage_8000_split_v4/val/ai/glide_00015.png
wukong_00047.png,val,ai,wukong,/kaggle/working/genimage_8000_split_v4/val/ai/wukong_00047.png
vqdm_00037.png,val,ai,vqdm,/kaggle/working/genimage_8000_split_v4/val/ai/vqdm_00037.png
wukong_00080.png,val,ai,wukong,/kaggle/working/genimage_8000_split_v4/val/ai/wukong_00080.png
midjourney_00076.png,val,ai,midjourney,/kaggle/working/genimage_8000_split_v4/val/ai/midjourney_00076.png
sdv5_00061.png,val,ai,sdv5,/kaggle/working/genimage_8000_split_v4/val/ai/sdv5_00061.png
adm_00029.png,val,ai,adm,/kaggle/working/genimage_8000_split_v4/val/ai/adm_00029.png
glide_00039.png,val,ai,glide,/kaggle/working/genimage_8000_split_v4/val/ai/glide_00039.png
adm_00072.png,val,ai,adm,/kaggle/working/genimage_8000_split_v4/val/ai/adm_00072.png
sdv5_00051.png,val,ai,sdv5,/kaggle/working/genimage_8000_split_v4/val/ai/sdv5_00051.png
sdv5_00066.png,val,ai,sdv5,/kaggle/working/genimage_8000_split_v4/val/ai/sdv5_00066.png
midjourney_00078.png,val,ai,midjourney,/kaggle/working/genimage_8000_split_v4/val/ai/midjourney_00078.png
vqdm_00017.png,val,ai,vqdm,/kaggle/working/genimage_8000_split_v4/val/ai/vqdm_00017.png
sdv5_00073.png,val,ai,sdv5,/kaggle/working/genimage_8000_split_v4/val/ai/sdv5_00073.png
midjourney_00045.png,val,ai,midjourney,/kaggle/working/genimage_8000_split_v4/val/ai/midjourney_00045.png
vqdm_00073.png,val,ai,vqdm,/kaggle/working/genimage_8000_split_v4/val/ai/vqdm_00073.png
sdv5_00008.png,val,ai,sdv5,/kaggle/working/genimage_8000_split_v4/val/ai/sdv5_00008.png
midjourney_00061.png,val,ai,midjourney,/kaggle/working/genimage_8000_split_v4/val/ai/midjourney_00061.png
adm_00015.png,val,ai,adm,/kaggle/working/genimage_8000_split_v4/val/ai/adm_00015.png
vqdm_00068.png,val,ai,vqdm,/kaggle/working/genimage_8000_split_v4/val/ai/vqdm_00068.png
midjourney_00053.png,val,ai,midjourney,/kaggle/working/genimage_8000_split_v4/val/ai/midjourney_00053.png
sdv5_00050.png,val,ai,sdv5,/kaggle/working/genimage_8000_split_v4/val/ai/sdv5_00050.png
glide_00050.png,val,ai,glide,/kaggle/working/genimage_8000_split_v4/val/ai/glide_00050.png
midjourney_00069.png,val,ai,midjourney,/kaggle/working/genimage_8000_split_v4/val/ai/midjourney_00069.png
glide_00038.png,val,ai,glide,/kaggle/working/genimage_8000_split_v4/val/ai/glide_00038.png
biggan_00011.png,val,ai,biggan,/kaggle/working/genimage_8000_split_v4/val/ai/biggan_00011.png
biggan_00082.png,val,ai,biggan,/kaggle/working/genimage_8000_split_v4/val/ai/biggan_00082.png
wukong_00005.png,val,ai,wukong,/kaggle/working/genimage_8000_split_v4/val/ai/wukong_00005.png
wukong_00014.png,val,ai,wukong,/kaggle/working/genimage_8000_split_v4/val/ai/wukong_00014.png
midjourney_00071.png,val,ai,midjourney,/kaggle/working/genimage_8000_split_v4/val/ai/midjourney_00071.png
midjourney_00009.png,val,ai,midjourney,/kaggle/working/genimage_8000_split_v4/val/ai/midjourney_00009.png
midjourney_00044.png,val,ai,midjourney,/kaggle/working/genimage_8000_split_v4/val/ai/midjourney_00044.png
biggan_00017.png,val,ai,biggan,/kaggle/working/genimage_8000_split_v4/val/ai/biggan_00017.png
glide_00082.png,val,ai,glide,/kaggle/working/genimage_8000_split_v4/val/ai/glide_00082.png
glide_00037.png,val,ai,glide,/kaggle/working/genimage_8000_split_v4/val/ai/glide_00037.png
adm_00027.png,val,ai,adm,/kaggle/working/genimage_8000_split_v4/val/ai/adm_00027.png
midjourney_00024.png,val,ai,midjourney,/kaggle/working/genimage_8000_split_v4/val/ai/midjourney_00024.png
glide_00033.png,val,ai,glide,/kaggle/working/genimage_8000_split_v4/val/ai/glide_00033.png
midjourney_00007.png,val,ai,midjourney,/kaggle/working/genimage_8000_split_v4/val/ai/midjourney_00007.png
sdv5_00072.png,val,ai,sdv5,/kaggle/working/genimage_8000_split_v4/val/ai/sdv5_00072.png
wukong_00022.png,val,ai,wukong,/kaggle/working/genimage_8000_split_v4/val/ai/wukong_00022.png
vqdm_00032.png,val,ai,vqdm,/kaggle/working/genimage_8000_split_v4/val/ai/vqdm_00032.png
glide_00009.png,val,ai,glide,/kaggle/working/genimage_8000_split_v4/val/ai/glide_00009.png
biggan_00030.png,val,ai,biggan,/kaggle/working/genimage_8000_split_v4/val/ai/biggan_00030.png
wukong_00057.png,val,ai,wukong,/kaggle/working/genimage_8000_split_v4/val/ai/wukong_00057.png
adm_00079.png,val,ai,adm,/kaggle/working/genimage_8000_split_v4/val/ai/adm_00079.png
vqdm_00031.png,val,ai,vqdm,/kaggle/working/genimage_8000_split_v4/val/ai/vqdm_00031.png
glide_00010.png,val,ai,glide,/kaggle/working/genimage_8000_split_v4/val/ai/glide_00010.png
wukong_00009.png,val,ai,wukong,/kaggle/working/genimage_8000_split_v4/val/ai/wukong_00009.png
glide_00013.png,val,ai,glide,/kaggle/working/genimage_8000_split_v4/val/ai/glide_00013.png
vqdm_00023.png,val,ai,vqdm,/kaggle/working/genimage_8000_split_v4/val/ai/vqdm_00023.png
sdv5_00011.png,val,ai,sdv5,/kaggle/working/genimage_8000_split_v4/val/ai/sdv5_00011.png
sdv5_00047.png,val,ai,sdv5,/kaggle/working/genimage_8000_split_v4/val/ai/sdv5_00047.png
sdv5_00009.png,val,ai,sdv5,/kaggle/working/genimage_8000_split_v4/val/ai/sdv5_00009.png
sdv5_00010.png,val,ai,sdv5,/kaggle/working/genimage_8000_split_v4/val/ai/sdv5_00010.png
glide_00076.png,val,ai,glide,/kaggle/working/genimage_8000_split_v4/val/ai/glide_00076.png
adm_00081.png,val,ai,adm,/kaggle/working/genimage_8000_split_v4/val/ai/adm_00081.png
sdv5_00023.png,val,ai,sdv5,/kaggle/working/genimage_8000_split_v4/val/ai/sdv5_00023.png
biggan_00003.png,val,ai,biggan,/kaggle/working/genimage_8000_split_v4/val/ai/biggan_00003.png
wukong_00061.png,val,ai,wukong,/kaggle/working/genimage_8000_split_v4/val/ai/wukong_00061.png
midjourney_00014.png,val,ai,midjourney,/kaggle/working/genimage_8000_split_v4/val/ai/midjourney_00014.png
vqdm_00042.png,val,ai,vqdm,/kaggle/working/genimage_8000_split_v4/val/ai/vqdm_00042.png
wukong_00076.png,val,ai,wukong,/kaggle/working/genimage_8000_split_v4/val/ai/wukong_00076.png
vqdm_00035.png,val,ai,vqdm,/kaggle/working/genimage_8000_split_v4/val/ai/vqdm_00035.png
sdv5_00037.png,val,ai,sdv5,/kaggle/working/genimage_8000_split_v4/val/ai/sdv5_00037.png
biggan_00000.png,val,ai,biggan,/kaggle/working/genimage_8000_split_v4/val/ai/biggan_00000.png
sdv5_00053.png,val,ai,sdv5,/kaggle/working/genimage_8000_split_v4/val/ai/sdv5_00053.png
midjourney_00034.png,val,ai,midjourney,/kaggle/working/genimage_8000_split_v4/val/ai/midjourney_00034.png
wukong_00033.png,val,ai,wukong,/kaggle/working/genimage_8000_split_v4/val/ai/wukong_00033.png
glide_00011.png,val,ai,glide,/kaggle/working/genimage_8000_split_v4/val/ai/glide_00011.png
glide_00008.png,val,ai,glide,/kaggle/working/genimage_8000_split_v4/val/ai/glide_00008.png
adm_00044.png,val,ai,adm,/kaggle/working/genimage_8000_split_v4/val/ai/adm_00044.png
sdv5_00029.png,val,ai,sdv5,/kaggle/working/genimage_8000_split_v4/val/ai/sdv5_00029.png
sdv5_00081.png,val,ai,sdv5,/kaggle/working/genimage_8000_split_v4/val/ai/sdv5_00081.png
sdv5_00040.png,val,ai,sdv5,/kaggle/working/genimage_8000_split_v4/val/ai/sdv5_00040.png
adm_00042.png,val,ai,adm,/kaggle/working/genimage_8000_split_v4/val/ai/adm_00042.png
sdv5_00059.png,val,ai,sdv5,/kaggle/working/genimage_8000_split_v4/val/ai/sdv5_00059.png
wukong_00017.png,val,ai,wukong,/kaggle/working/genimage_8000_split_v4/val/ai/wukong_00017.png
wukong_00058.png,val,ai,wukong,/kaggle/working/genimage_8000_split_v4/val/ai/wukong_00058.png
midjourney_00049.png,val,ai,midjourney,/kaggle/working/genimage_8000_split_v4/val/ai/midjourney_00049.png
midjourney_00065.png,val,ai,midjourney,/kaggle/working/genimage_8000_split_v4/val/ai/midjourney_00065.png
midjourney_00006.png,val,ai,midjourney,/kaggle/working/genimage_8000_split_v4/val/ai/midjourney_00006.png
wukong_00079.png,val,ai,wukong,/kaggle/working/genimage_8000_split_v4/val/ai/wukong_00079.png
sdv5_00085.png,val,ai,sdv5,/kaggle/working/genimage_8000_split_v4/val/ai/sdv5_00085.png
sdv5_00065.png,val,ai,sdv5,/kaggle/working/genimage_8000_split_v4/val/ai/sdv5_00065.png
wukong_00037.png,val,ai,wukong,/kaggle/working/genimage_8000_split_v4/val/ai/wukong_00037.png
biggan_00032.png,val,ai,biggan,/kaggle/working/genimage_8000_split_v4/val/ai/biggan_00032.png
wukong_00011.png,val,ai,wukong,/kaggle/working/genimage_8000_split_v4/val/ai/wukong_00011.png
biggan_00053.png,val,ai,biggan,/kaggle/working/genimage_8000_split_v4/val/ai/biggan_00053.png
sdv5_00005.png,val,ai,sdv5,/kaggle/working/genimage_8000_split_v4/val/ai/sdv5_00005.png
adm_00057.png,val,ai,adm,/kaggle/working/genimage_8000_split_v4/val/ai/adm_00057.png
wukong_00024.png,val,ai,wukong,/kaggle/working/genimage_8000_split_v4/val/ai/wukong_00024.png
glide_00056.png,val,ai,glide,/kaggle/working/genimage_8000_split_v4/val/ai/glide_00056.png
adm_00004.png,val,ai,adm,/kaggle/working/genimage_8000_split_v4/val/ai/adm_00004.png
midjourney_00081.png,val,ai,midjourney,/kaggle/working/genimage_8000_split_v4/val/ai/midjourney_00081.png
sdv5_00083.png,val,ai,sdv5,/kaggle/working/genimage_8000_split_v4/val/ai/sdv5_00083.png
glide_00042.png,val,ai,glide,/kaggle/working/genimage_8000_split_v4/val/ai/glide_00042.png
glide_00029.png,val,ai,glide,/kaggle/working/genimage_8000_split_v4/val/ai/glide_00029.png
vqdm_00022.png,val,ai,vqdm,/kaggle/working/genimage_8000_split_v4/val/ai/vqdm_00022.png
adm_00007.png,val,ai,adm,/kaggle/working/genimage_8000_split_v4/val/ai/adm_00007.png
vqdm_00082.png,val,ai,vqdm,/kaggle/working/genimage_8000_split_v4/val/ai/vqdm_00082.png
glide_00052.png,val,ai,glide,/kaggle/working/genimage_8000_split_v4/val/ai/glide_00052.png
adm_00066.png,val,ai,adm,/kaggle/working/genimage_8000_split_v4/val/ai/adm_00066.png
sdv5_00026.png,val,ai,sdv5,/kaggle/working/genimage_8000_split_v4/val/ai/sdv5_00026.png
wukong_00004.png,val,ai,wukong,/kaggle/working/genimage_8000_split_v4/val/ai/wukong_00004.png
wukong_00034.png,val,ai,wukong,/kaggle/working/genimage_8000_split_v4/val/ai/wukong_00034.png
adm_00073.png,val,ai,adm,/kaggle/working/genimage_8000_split_v4/val/ai/adm_00073.png
sdv5_00056.png,val,ai,sdv5,/kaggle/working/genimage_8000_split_v4/val/ai/sdv5_00056.png
adm_00050.png,val,ai,adm,/kaggle/working/genimage_8000_split_v4/val/ai/adm_00050.png
biggan_00004.png,val,ai,biggan,/kaggle/working/genimage_8000_split_v4/val/ai/biggan_00004.png
midjourney_00063.png,val,ai,midjourney,/kaggle/working/genimage_8000_split_v4/val/ai/midjourney_00063.png
glide_00007.png,val,ai,glide,/kaggle/working/genimage_8000_split_v4/val/ai/glide_00007.png
vqdm_00059.png,val,ai,vqdm,/kaggle/working/genimage_8000_split_v4/val/ai/vqdm_00059.png
midjourney_00051.png,val,ai,midjourney,/kaggle/working/genimage_8000_split_v4/val/ai/midjourney_00051.png
adm_00040.png,val,ai,adm,/kaggle/working/genimage_8000_split_v4/val/ai/adm_00040.png
vqdm_00046.png,val,ai,vqdm,/kaggle/working/genimage_8000_split_v4/val/ai/vqdm_00046.png
glide_00071.png,val,ai,glide,/kaggle/working/genimage_8000_split_v4/val/ai/glide_00071.png
midjourney_00040.png,val,ai,midjourney,/kaggle/working/genimage_8000_split_v4/val/ai/midjourney_00040.png
biggan_00056.png,val,ai,biggan,/kaggle/working/genimage_8000_split_v4/val/ai/biggan_00056.png
biggan_00085.png,val,ai,biggan,/kaggle/working/genimage_8000_split_v4/val/ai/biggan_00085.png
glide_00085.png,val,ai,glide,/kaggle/working/genimage_8000_split_v4/val/ai/glide_00085.png
wukong_00030.png,val,ai,wukong,/kaggle/working/genimage_8000_split_v4/val/ai/wukong_00030.png
adm_00045.png,val,ai,adm,/kaggle/working/genimage_8000_split_v4/val/ai/adm_00045.png
vqdm_00069.png,val,ai,vqdm,/kaggle/working/genimage_8000_split_v4/val/ai/vqdm_00069.png
sdv5_00013.png,val,ai,sdv5,/kaggle/working/genimage_8000_split_v4/val/ai/sdv5_00013.png
adm_00058.png,val,ai,adm,/kaggle/working/genimage_8000_split_v4/val/ai/adm_00058.png
biggan_00037.png,val,ai,biggan,/kaggle/working/genimage_8000_split_v4/val/ai/biggan_00037.png
vqdm_00039.png,val,ai,vqdm,/kaggle/working/genimage_8000_split_v4/val/ai/vqdm_00039.png
sdv5_00034.png,val,ai,sdv5,/kaggle/working/genimage_8000_split_v4/val/ai/sdv5_00034.png
glide_00047.png,val,ai,glide,/kaggle/working/genimage_8000_split_v4/val/ai/glide_00047.png
biggan_00063.png,val,ai,biggan,/kaggle/working/genimage_8000_split_v4/val/ai/biggan_00063.png
glide_00045.png,val,ai,glide,/kaggle/working/genimage_8000_split_v4/val/ai/glide_00045.png
wukong_00027.png,val,ai,wukong,/kaggle/working/genimage_8000_split_v4/val/ai/wukong_00027.png
vqdm_00027.png,val,ai,vqdm,/kaggle/working/genimage_8000_split_v4/val/ai/vqdm_00027.png
glide_00024.png,val,ai,glide,/kaggle/working/genimage_8000_split_v4/val/ai/glide_00024.png
wukong_00085.png,val,ai,wukong,/kaggle/working/genimage_8000_split_v4/val/ai/wukong_00085.png
glide_00043.png,val,ai,glide,/kaggle/working/genimage_8000_split_v4/val/ai/glide_00043.png
vqdm_00055.png,val,ai,vqdm,/kaggle/working/genimage_8000_split_v4/val/ai/vqdm_00055.png
midjourney_00057.png,val,ai,midjourney,/kaggle/working/genimage_8000_split_v4/val/ai/midjourney_00057.png
wukong_00062.png,val,ai,wukong,/kaggle/working/genimage_8000_split_v4/val/ai/wukong_00062.png
sdv5_00007.png,val,ai,sdv5,/kaggle/working/genimage_8000_split_v4/val/ai/sdv5_00007.png
biggan_00043.png,val,ai,biggan,/kaggle/working/genimage_8000_split_v4/val/ai/biggan_00043.png
adm_00083.png,val,ai,adm,/kaggle/working/genimage_8000_split_v4/val/ai/adm_00083.png
adm_00052.png,val,ai,adm,/kaggle/working/genimage_8000_split_v4/val/ai/adm_00052.png
wukong_00032.png,val,ai,wukong,/kaggle/working/genimage_8000_split_v4/val/ai/wukong_00032.png
midjourney_00047.png,val,ai,midjourney,/kaggle/working/genimage_8000_split_v4/val/ai/midjourney_00047.png
midjourney_00072.png,val,ai,midjourney,/kaggle/working/genimage_8000_split_v4/val/ai/midjourney_00072.png
wukong_00010.png,val,ai,wukong,/kaggle/working/genimage_8000_split_v4/val/ai/wukong_00010.png
sdv5_00021.png,val,ai,sdv5,/kaggle/working/genimage_8000_split_v4/val/ai/sdv5_00021.png
biggan_00009.png,val,ai,biggan,/kaggle/working/genimage_8000_split_v4/val/ai/biggan_00009.png
wukong_00043.png,val,ai,wukong,/kaggle/working/genimage_8000_split_v4/val/ai/wukong_00043.png
vqdm_00034.png,val,ai,vqdm,/kaggle/working/genimage_8000_split_v4/val/ai/vqdm_00034.png
biggan_00023.png,val,ai,biggan,/kaggle/working/genimage_8000_split_v4/val/ai/biggan_00023.png
glide_00080.png,val,ai,glide,/kaggle/working/genimage_8000_split_v4/val/ai/glide_00080.png
midjourney_00008.png,val,ai,midjourney,/kaggle/working/genimage_8000_split_v4/val/ai/midjourney_00008.png
biggan_00024.png,val,ai,biggan,/kaggle/working/genimage_8000_split_v4/val/ai/biggan_00024.png
midjourney_00002.png,val,ai,midjourney,/kaggle/working/genimage_8000_split_v4/val/ai/midjourney_00002.png
midjourney_00000.png,val,ai,midjourney,/kaggle/working/genimage_8000_split_v4/val/ai/midjourney_00000.png
biggan_00042.png,val,ai,biggan,/kaggle/working/genimage_8000_split_v4/val/ai/biggan_00042.png
wukong_00018.png,val,ai,wukong,/kaggle/working/genimage_8000_split_v4/val/ai/wukong_00018.png
vqdm_00021.png,val,ai,vqdm,/kaggle/working/genimage_8000_split_v4/val/ai/vqdm_00021.png
sdv5_00057.png,val,ai,sdv5,/kaggle/working/genimage_8000_split_v4/val/ai/sdv5_00057.png
midjourney_00029.png,val,ai,midjourney,/kaggle/working/genimage_8000_split_v4/val/ai/midjourney_00029.png
sdv5_00004.png,val,ai,sdv5,/kaggle/working/genimage_8000_split_v4/val/ai/sdv5_00004.png
wukong_00063.png,val,ai,wukong,/kaggle/working/genimage_8000_split_v4/val/ai/wukong_00063.png
glide_00057.png,val,ai,glide,/kaggle/working/genimage_8000_split_v4/val/ai/glide_00057.png
wukong_00074.png,val,ai,wukong,/kaggle/working/genimage_8000_split_v4/val/ai/wukong_00074.png
adm_00070.png,val,ai,adm,/kaggle/working/genimage_8000_split_v4/val/ai/adm_00070.png
midjourney_00018.png,val,ai,midjourney,/kaggle/working/genimage_8000_split_v4/val/ai/midjourney_00018.png
vqdm_00081.png,val,ai,vqdm,/kaggle/working/genimage_8000_split_v4/val/ai/vqdm_00081.png
vqdm_00075.png,val,ai,vqdm,/kaggle/working/genimage_8000_split_v4/val/ai/vqdm_00075.png
glide_00059.png,val,ai,glide,/kaggle/working/genimage_8000_split_v4/val/ai/glide_00059.png
vqdm_00002.png,val,ai,vqdm,/kaggle/working/genimage_8000_split_v4/val/ai/vqdm_00002.png
biggan_00045.png,val,ai,biggan,/kaggle/working/genimage_8000_split_v4/val/ai/biggan_00045.png
sdv5_00075.png,val,ai,sdv5,/kaggle/working/genimage_8000_split_v4/val/ai/sdv5_00075.png
sdv5_00055.png,val,ai,sdv5,/kaggle/working/genimage_8000_split_v4/val/ai/sdv5_00055.png
wukong_00013.png,val,ai,wukong,/kaggle/working/genimage_8000_split_v4/val/ai/wukong_00013.png
adm_00068.png,val,ai,adm,/kaggle/working/genimage_8000_split_v4/val/ai/adm_00068.png
midjourney_00010.png,val,ai,midjourney,/kaggle/working/genimage_8000_split_v4/val/ai/midjourney_00010.png
midjourney_00030.png,val,ai,midjourney,/kaggle/working/genimage_8000_split_v4/val/ai/midjourney_00030.png
sdv5_00074.png,val,ai,sdv5,/kaggle/working/genimage_8000_split_v4/val/ai/sdv5_00074.png
vqdm_00072.png,val,ai,vqdm,/kaggle/working/genimage_8000_split_v4/val/ai/vqdm_00072.png
wukong_00031.png,val,ai,wukong,/kaggle/working/genimage_8000_split_v4/val/ai/wukong_00031.png
vqdm_00080.png,val,ai,vqdm,/kaggle/working/genimage_8000_split_v4/val/ai/vqdm_00080.png
midjourney_00043.png,val,ai,midjourney,/kaggle/working/genimage_8000_split_v4/val/ai/midjourney_00043.png
vqdm_00001.png,val,ai,vqdm,/kaggle/working/genimage_8000_split_v4/val/ai/vqdm_00001.png
glide_00021.png,val,ai,glide,/kaggle/working/genimage_8000_split_v4/val/ai/glide_00021.png
midjourney_00037.png,val,ai,midjourney,/kaggle/working/genimage_8000_split_v4/val/ai/midjourney_00037.png
biggan_00031.png,val,ai,biggan,/kaggle/working/genimage_8000_split_v4/val/ai/biggan_00031.png
wukong_00072.png,val,ai,wukong,/kaggle/working/genimage_8000_split_v4/val/ai/wukong_00072.png
midjourney_00055.png,val,ai,midjourney,/kaggle/working/genimage_8000_split_v4/val/ai/midjourney_00055.png
glide_00070.png,val,ai,glide,/kaggle/working/genimage_8000_split_v4/val/ai/glide_00070.png
biggan_00057.png,val,ai,biggan,/kaggle/working/genimage_8000_split_v4/val/ai/biggan_00057.png
midjourney_00075.png,val,ai,midjourney,/kaggle/working/genimage_8000_split_v4/val/ai/midjourney_00075.png
vqdm_00048.png,val,ai,vqdm,/kaggle/working/genimage_8000_split_v4/val/ai/vqdm_00048.png
glide_00034.png,val,ai,glide,/kaggle/working/genimage_8000_split_v4/val/ai/glide_00034.png
sdv5_00078.png,val,ai,sdv5,/kaggle/working/genimage_8000_split_v4/val/ai/sdv5_00078.png
midjourney_00062.png,val,ai,midjourney,/kaggle/working/genimage_8000_split_v4/val/ai/midjourney_00062.png
adm_00031.png,val,ai,adm,/kaggle/working/genimage_8000_split_v4/val/ai/adm_00031.png
midjourney_00026.png,val,ai,midjourney,/kaggle/working/genimage_8000_split_v4/val/ai/midjourney_00026.png
vqdm_00000.png,val,ai,vqdm,/kaggle/working/genimage_8000_split_v4/val/ai/vqdm_00000.png
adm_00020.png,val,ai,adm,/kaggle/working/genimage_8000_split_v4/val/ai/adm_00020.png
adm_00012.png,val,ai,adm,/kaggle/working/genimage_8000_split_v4/val/ai/adm_00012.png
adm_00030.png,val,ai,adm,/kaggle/working/genimage_8000_split_v4/val/ai/adm_00030.png
midjourney_00070.png,val,ai,midjourney,/kaggle/working/genimage_8000_split_v4/val/ai/midjourney_00070.png
adm_00041.png,val,ai,adm,/kaggle/working/genimage_8000_split_v4/val/ai/adm_00041.png
adm_00078.png,val,ai,adm,/kaggle/working/genimage_8000_split_v4/val/ai/adm_00078.png
wukong_00068.png,val,ai,wukong,/kaggle/working/genimage_8000_split_v4/val/ai/wukong_00068.png
biggan_00008.png,val,ai,biggan,/kaggle/working/genimage_8000_split_v4/val/ai/biggan_00008.png
adm_00069.png,val,ai,adm,/kaggle/working/genimage_8000_split_v4/val/ai/adm_00069.png
vqdm_00056.png,val,ai,vqdm,/kaggle/working/genimage_8000_split_v4/val/ai/vqdm_00056.png
sdv5_00036.png,val,ai,sdv5,/kaggle/working/genimage_8000_split_v4/val/ai/sdv5_00036.png
vqdm_00079.png,val,ai,vqdm,/kaggle/working/genimage_8000_split_v4/val/ai/vqdm_00079.png
midjourney_00017.png,val,ai,midjourney,/kaggle/working/genimage_8000_split_v4/val/ai/midjourney_00017.png
biggan_00033.png,val,ai,biggan,/kaggle/working/genimage_8000_split_v4/val/ai/biggan_00033.png
biggan_00018.png,val,ai,biggan,/kaggle/working/genimage_8000_split_v4/val/ai/biggan_00018.png
sdv5_00001.png,val,ai,sdv5,/kaggle/working/genimage_8000_split_v4/val/ai/sdv5_00001.png
sdv5_00020.png,val,ai,sdv5,/kaggle/working/genimage_8000_split_v4/val/ai/sdv5_00020.png
biggan_00048.png,val,ai,biggan,/kaggle/working/genimage_8000_split_v4/val/ai/biggan_00048.png
biggan_00058.png,val,ai,biggan,/kaggle/working/genimage_8000_split_v4/val/ai/biggan_00058.png
midjourney_00066.png,val,ai,midjourney,/kaggle/working/genimage_8000_split_v4/val/ai/midjourney_00066.png
midjourney_00080.png,val,ai,midjourney,/kaggle/working/genimage_8000_split_v4/val/ai/midjourney_00080.png
adm_00005.png,val,ai,adm,/kaggle/working/genimage_8000_split_v4/val/ai/adm_00005.png
adm_00003.png,val,ai,adm,/kaggle/working/genimage_8000_split_v4/val/ai/adm_00003.png
adm_00024.png,val,ai,adm,/kaggle/working/genimage_8000_split_v4/val/ai/adm_00024.png
sdv5_00000.png,val,ai,sdv5,/kaggle/working/genimage_8000_split_v4/val/ai/sdv5_00000.png
biggan_00001.png,val,ai,biggan,/kaggle/working/genimage_8000_split_v4/val/ai/biggan_00001.png
vqdm_00014.png,val,ai,vqdm,/kaggle/working/genimage_8000_split_v4/val/ai/vqdm_00014.png
biggan_00028.png,val,ai,biggan,/kaggle/working/genimage_8000_split_v4/val/ai/biggan_00028.png
midjourney_00028.png,val,ai,midjourney,/kaggle/working/genimage_8000_split_v4/val/ai/midjourney_00028.png
biggan_00027.png,val,ai,biggan,/kaggle/working/genimage_8000_split_v4/val/ai/biggan_00027.png
sdv5_00049.png,val,ai,sdv5,/kaggle/working/genimage_8000_split_v4/val/ai/sdv5_00049.png
vqdm_00029.png,val,ai,vqdm,/kaggle/working/genimage_8000_split_v4/val/ai/vqdm_00029.png
adm_00035.png,val,ai,adm,/kaggle/working/genimage_8000_split_v4/val/ai/adm_00035.png
adm_00011.png,val,ai,adm,/kaggle/working/genimage_8000_split_v4/val/ai/adm_00011.png
biggan_00078.png,val,ai,biggan,/kaggle/working/genimage_8000_split_v4/val/ai/biggan_00078.png
midjourney_00013.png,val,ai,midjourney,/kaggle/working/genimage_8000_split_v4/val/ai/midjourney_00013.png
sdv5_00067.png,val,ai,sdv5,/kaggle/working/genimage_8000_split_v4/val/ai/sdv5_00067.png
biggan_00006.png,val,ai,biggan,/kaggle/working/genimage_8000_split_v4/val/ai/biggan_00006.png
vqdm_00078.png,val,ai,vqdm,/kaggle/working/genimage_8000_split_v4/val/ai/vqdm_00078.png
glide_00049.png,val,ai,glide,/kaggle/working/genimage_8000_split_v4/val/ai/glide_00049.png
midjourney_00050.png,val,ai,midjourney,/kaggle/working/genimage_8000_split_v4/val/ai/midjourney_00050.png
glide_00017.png,val,ai,glide,/kaggle/working/genimage_8000_split_v4/val/ai/glide_00017.png
wukong_00008.png,val,ai,wukong,/kaggle/working/genimage_8000_split_v4/val/ai/wukong_00008.png
sdv5_00014.png,val,ai,sdv5,/kaggle/working/genimage_8000_split_v4/val/ai/sdv5_00014.png
biggan_00052.png,val,ai,biggan,/kaggle/working/genimage_8000_split_v4/val/ai/biggan_00052.png
wukong_00059.png,val,ai,wukong,/kaggle/working/genimage_8000_split_v4/val/ai/wukong_00059.png
glide_00078.png,val,ai,glide,/kaggle/working/genimage_8000_split_v4/val/ai/glide_00078.png
adm_00034.png,val,ai,adm,/kaggle/working/genimage_8000_split_v4/val/ai/adm_00034.png
wukong_00006.png,val,ai,wukong,/kaggle/working/genimage_8000_split_v4/val/ai/wukong_00006.png
biggan_00046.png,val,ai,biggan,/kaggle/working/genimage_8000_split_v4/val/ai/biggan_00046.png
wukong_00073.png,val,ai,wukong,/kaggle/working/genimage_8000_split_v4/val/ai/wukong_00073.png
midjourney_00046.png,val,ai,midjourney,/kaggle/working/genimage_8000_split_v4/val/ai/midjourney_00046.png
glide_00068.png,val,ai,glide,/kaggle/working/genimage_8000_split_v4/val/ai/glide_00068.png
midjourney_00058.png,val,ai,midjourney,/kaggle/working/genimage_8000_split_v4/val/ai/midjourney_00058.png
glide_00001.png,val,ai,glide,/kaggle/working/genimage_8000_split_v4/val/ai/glide_00001.png
glide_00041.png,val,ai,glide,/kaggle/working/genimage_8000_split_v4/val/ai/glide_00041.png
glide_00014.png,val,ai,glide,/kaggle/working/genimage_8000_split_v4/val/ai/glide_00014.png
adm_00013.png,val,ai,adm,/kaggle/working/genimage_8000_split_v4/val/ai/adm_00013.png
glide_00063.png,val,ai,glide,/kaggle/working/genimage_8000_split_v4/val/ai/glide_00063.png
wukong_00045.png,val,ai,wukong,/kaggle/working/genimage_8000_split_v4/val/ai/wukong_00045.png
biggan_00079.png,val,ai,biggan,/kaggle/working/genimage_8000_split_v4/val/ai/biggan_00079.png
adm_00002.png,val,ai,adm,/kaggle/working/genimage_8000_split_v4/val/ai/adm_00002.png
midjourney_00041.png,val,ai,midjourney,/kaggle/working/genimage_8000_split_v4/val/ai/midjourney_00041.png
vqdm_00044.png,val,ai,vqdm,/kaggle/working/genimage_8000_split_v4/val/ai/vqdm_00044.png
adm_00043.png,val,ai,adm,/kaggle/working/genimage_8000_split_v4/val/ai/adm_00043.png
sdv5_00017.png,val,ai,sdv5,/kaggle/working/genimage_8000_split_v4/val/ai/sdv5_00017.png
vqdm_00052.png,val,ai,vqdm,/kaggle/working/genimage_8000_split_v4/val/ai/vqdm_00052.png
adm_00036.png,val,ai,adm,/kaggle/working/genimage_8000_split_v4/val/ai/adm_00036.png
biggan_00083.png,val,ai,biggan,/kaggle/working/genimage_8000_split_v4/val/ai/biggan_00083.png
glide_00020.png,val,ai,glide,/kaggle/working/genimage_8000_split_v4/val/ai/glide_00020.png
midjourney_00054.png,val,ai,midjourney,/kaggle/working/genimage_8000_split_v4/val/ai/midjourney_00054.png
adm_00032.png,val,ai,adm,/kaggle/working/genimage_8000_split_v4/val/ai/adm_00032.png
glide_00058.png,val,ai,glide,/kaggle/working/genimage_8000_split_v4/val/ai/glide_00058.png
vqdm_00008.png,val,ai,vqdm,/kaggle/working/genimage_8000_split_v4/val/ai/vqdm_00008.png
adm_00026.png,val,ai,adm,/kaggle/working/genimage_8000_split_v4/val/ai/adm_00026.png
midjourney_00082.png,val,ai,midjourney,/kaggle/working/genimage_8000_split_v4/val/ai/midjourney_00082.png
wukong_00012.png,val,ai,wukong,/kaggle/working/genimage_8000_split_v4/val/ai/wukong_00012.png
glide_00048.png,val,ai,glide,/kaggle/working/genimage_8000_split_v4/val/ai/glide_00048.png
midjourney_00033.png,val,ai,midjourney,/kaggle/working/genimage_8000_split_v4/val/ai/midjourney_00033.png
vqdm_00060.png,val,ai,vqdm,/kaggle/working/genimage_8000_split_v4/val/ai/vqdm_00060.png
wukong_00052.png,val,ai,wukong,/kaggle/working/genimage_8000_split_v4/val/ai/wukong_00052.png
adm_00021.png,val,ai,adm,/kaggle/working/genimage_8000_split_v4/val/ai/adm_00021.png
wukong_00042.png,val,ai,wukong,/kaggle/working/genimage_8000_split_v4/val/ai/wukong_00042.png
vqdm_00071.png,val,ai,vqdm,/kaggle/working/genimage_8000_split_v4/val/ai/vqdm_00071.png
glide_00026.png,val,ai,glide,/kaggle/working/genimage_8000_split_v4/val/ai/glide_00026.png
biggan_00019.png,val,ai,biggan,/kaggle/working/genimage_8000_split_v4/val/ai/biggan_00019.png
glide_00051.png,val,ai,glide,/kaggle/working/genimage_8000_split_v4/val/ai/glide_00051.png
adm_00056.png,val,ai,adm,/kaggle/working/genimage_8000_split_v4/val/ai/adm_00056.png
glide_00012.png,val,ai,glide,/kaggle/working/genimage_8000_split_v4/val/ai/glide_00012.png
adm_00017.png,val,ai,adm,/kaggle/working/genimage_8000_split_v4/val/ai/adm_00017.png
wukong_00020.png,val,ai,wukong,/kaggle/working/genimage_8000_split_v4/val/ai/wukong_00020.png
sdv5_00069.png,val,ai,sdv5,/kaggle/working/genimage_8000_split_v4/val/ai/sdv5_00069.png
vqdm_00064.png,val,ai,vqdm,/kaggle/working/genimage_8000_split_v4/val/ai/vqdm_00064.png
wukong_00050.png,val,ai,wukong,/kaggle/working/genimage_8000_split_v4/val/ai/wukong_00050.png
glide_00032.png,val,ai,glide,/kaggle/working/genimage_8000_split_v4/val/ai/glide_00032.png
glide_00040.png,val,ai,glide,/kaggle/working/genimage_8000_split_v4/val/ai/glide_00040.png
glide_00064.png,val,ai,glide,/kaggle/working/genimage_8000_split_v4/val/ai/glide_00064.png
adm_00016.png,val,ai,adm,/kaggle/working/genimage_8000_split_v4/val/ai/adm_00016.png
biggan_00066.png,val,ai,biggan,/kaggle/working/genimage_8000_split_v4/val/ai/biggan_00066.png
vqdm_00013.png,val,ai,vqdm,/kaggle/working/genimage_8000_split_v4/val/ai/vqdm_00013.png
sdv5_00024.png,val,ai,sdv5,/kaggle/working/genimage_8000_split_v4/val/ai/sdv5_00024.png
sdv5_00030.png,val,ai,sdv5,/kaggle/working/genimage_8000_split_v4/val/ai/sdv5_00030.png
wukong_00051.png,val,ai,wukong,/kaggle/working/genimage_8000_split_v4/val/ai/wukong_00051.png
sdv5_00077.png,val,ai,sdv5,/kaggle/working/genimage_8000_split_v4/val/ai/sdv5_00077.png
biggan_00013.png,val,ai,biggan,/kaggle/working/genimage_8000_split_v4/val/ai/biggan_00013.png
wukong_00064.png,val,ai,wukong,/kaggle/working/genimage_8000_split_v4/val/ai/wukong_00064.png
vqdm_00025.png,val,ai,vqdm,/kaggle/working/genimage_8000_split_v4/val/ai/vqdm_00025.png
glide_00002.png,val,ai,glide,/kaggle/working/genimage_8000_split_v4/val/ai/glide_00002.png
midjourney_00079.png,val,ai,midjourney,/kaggle/working/genimage_8000_split_v4/val/ai/midjourney_00079.png
wukong_00039.png,val,ai,wukong,/kaggle/working/genimage_8000_split_v4/val/ai/wukong_00039.png
vqdm_00020.png,val,ai,vqdm,/kaggle/working/genimage_8000_split_v4/val/ai/vqdm_00020.png
sdv5_00032.png,val,ai,sdv5,/kaggle/working/genimage_8000_split_v4/val/ai/sdv5_00032.png
sdv5_00003.png,val,ai,sdv5,/kaggle/working/genimage_8000_split_v4/val/ai/sdv5_00003.png
wukong_00078.png,val,ai,wukong,/kaggle/working/genimage_8000_split_v4/val/ai/wukong_00078.png
wukong_00065.png,val,ai,wukong,/kaggle/working/genimage_8000_split_v4/val/ai/wukong_00065.png
biggan_00014.png,val,ai,biggan,/kaggle/working/genimage_8000_split_v4/val/ai/biggan_00014.png
adm_00006.png,val,ai,adm,/kaggle/working/genimage_8000_split_v4/val/ai/adm_00006.png
wukong_00056.png,val,ai,wukong,/kaggle/working/genimage_8000_split_v4/val/ai/wukong_00056.png
biggan_00005.png,val,ai,biggan,/kaggle/working/genimage_8000_split_v4/val/ai/biggan_00005.png
wukong_00002.png,val,ai,wukong,/kaggle/working/genimage_8000_split_v4/val/ai/wukong_00002.png
wukong_00055.png,val,ai,wukong,/kaggle/working/genimage_8000_split_v4/val/ai/wukong_00055.png
sdv5_00016.png,val,ai,sdv5,/kaggle/working/genimage_8000_split_v4/val/ai/sdv5_00016.png
biggan_00065.png,val,ai,biggan,/kaggle/working/genimage_8000_split_v4/val/ai/biggan_00065.png
vqdm_00019.png,val,ai,vqdm,/kaggle/working/genimage_8000_split_v4/val/ai/vqdm_00019.png
adm_00038.png,val,ai,adm,/kaggle/working/genimage_8000_split_v4/val/ai/adm_00038.png
sdv5_00044.png,val,ai,sdv5,/kaggle/working/genimage_8000_split_v4/val/ai/sdv5_00044.png
midjourney_00084.png,val,ai,midjourney,/kaggle/working/genimage_8000_split_v4/val/ai/midjourney_00084.png
midjourney_00025.png,val,ai,midjourney,/kaggle/working/genimage_8000_split_v4/val/ai/midjourney_00025.png
biggan_00061.png,val,ai,biggan,/kaggle/working/genimage_8000_split_v4/val/ai/biggan_00061.png
sdv5_00071.png,val,ai,sdv5,/kaggle/working/genimage_8000_split_v4/val/ai/sdv5_00071.png
biggan_00074.png,val,ai,biggan,/kaggle/working/genimage_8000_split_v4/val/ai/biggan_00074.png
vqdm_00077.png,val,ai,vqdm,/kaggle/working/genimage_8000_split_v4/val/ai/vqdm_00077.png
midjourney_00001.png,val,ai,midjourney,/kaggle/working/genimage_8000_split_v4/val/ai/midjourney_00001.png
biggan_00069.png,val,ai,biggan,/kaggle/working/genimage_8000_split_v4/val/ai/biggan_00069.png
glide_00005.png,val,ai,glide,/kaggle/working/genimage_8000_split_v4/val/ai/glide_00005.png
sdv5_00015.png,val,ai,sdv5,/kaggle/working/genimage_8000_split_v4/val/ai/sdv5_00015.png
vqdm_00012.png,val,ai,vqdm,/kaggle/working/genimage_8000_split_v4/val/ai/vqdm_00012.png
wukong_00077.png,val,ai,wukong,/kaggle/working/genimage_8000_split_v4/val/ai/wukong_00077.png
midjourney_00023.png,val,ai,midjourney,/kaggle/working/genimage_8000_split_v4/val/ai/midjourney_00023.png
sdv5_00045.png,val,ai,sdv5,/kaggle/working/genimage_8000_split_v4/val/ai/sdv5_00045.png
adm_00033.png,val,ai,adm,/kaggle/working/genimage_8000_split_v4/val/ai/adm_00033.png
wukong_00083.png,val,ai,wukong,/kaggle/working/genimage_8000_split_v4/val/ai/wukong_00083.png
biggan_00034.png,val,ai,biggan,/kaggle/working/genimage_8000_split_v4/val/ai/biggan_00034.png
biggan_00070.png,val,ai,biggan,/kaggle/working/genimage_8000_split_v4/val/ai/biggan_00070.png
biggan_00076.png,val,ai,biggan,/kaggle/working/genimage_8000_split_v4/val/ai/biggan_00076.png
midjourney_00067.png,val,ai,midjourney,/kaggle/working/genimage_8000_split_v4/val/ai/midjourney_00067.png
biggan_00062.png,val,ai,biggan,/kaggle/working/genimage_8000_split_v4/val/ai/biggan_00062.png
midjourney_00027.png,val,ai,midjourney,/kaggle/working/genimage_8000_split_v4/val/ai/midjourney_00027.png
biggan_00077.png,val,ai,biggan,/kaggle/working/genimage_8000_split_v4/val/ai/biggan_00077.png
wukong_00053.png,val,ai,wukong,/kaggle/working/genimage_8000_split_v4/val/ai/wukong_00053.png
sdv5_00080.png,val,ai,sdv5,/kaggle/working/genimage_8000_split_v4/val/ai/sdv5_00080.png
glide_00035.png,val,ai,glide,/kaggle/working/genimage_8000_split_v4/val/ai/glide_00035.png
adm_00022.png,val,ai,adm,/kaggle/working/genimage_8000_split_v4/val/ai/adm_00022.png
vqdm_00070.png,val,ai,vqdm,/kaggle/working/genimage_8000_split_v4/val/ai/vqdm_00070.png
wukong_00019.png,val,ai,wukong,/kaggle/working/genimage_8000_split_v4/val/ai/wukong_00019.png
glide_00036.png,val,ai,glide,/kaggle/working/genimage_8000_split_v4/val/ai/glide_00036.png
adm_00054.png,val,ai,adm,/kaggle/working/genimage_8000_split_v4/val/ai/adm_00054.png
glide_00060.png,val,ai,glide,/kaggle/working/genimage_8000_split_v4/val/ai/glide_00060.png
adm_00061.png,val,ai,adm,/kaggle/working/genimage_8000_split_v4/val/ai/adm_00061.png
vqdm_00028.png,val,ai,vqdm,/kaggle/working/genimage_8000_split_v4/val/ai/vqdm_00028.png
vqdm_00026.png,val,ai,vqdm,/kaggle/working/genimage_8000_split_v4/val/ai/vqdm_00026.png
vqdm_00054.png,val,ai,vqdm,/kaggle/working/genimage_8000_split_v4/val/ai/vqdm_00054.png
biggan_00021.png,val,ai,biggan,/kaggle/working/genimage_8000_split_v4/val/ai/biggan_00021.png
vqdm_00005.png,val,ai,vqdm,/kaggle/working/genimage_8000_split_v4/val/ai/vqdm_00005.png
glide_00055.png,val,ai,glide,/kaggle/working/genimage_8000_split_v4/val/ai/glide_00055.png
biggan_00075.png,val,ai,biggan,/kaggle/working/genimage_8000_split_v4/val/ai/biggan_00075.png
wukong_00046.png,val,ai,wukong,/kaggle/working/genimage_8000_split_v4/val/ai/wukong_00046.png
wukong_00084.png,val,ai,wukong,/kaggle/working/genimage_8000_split_v4/val/ai/wukong_00084.png
wukong_00025.png,val,ai,wukong,/kaggle/working/genimage_8000_split_v4/val/ai/wukong_00025.png
vqdm_00009.png,val,ai,vqdm,/kaggle/working/genimage_8000_split_v4/val/ai/vqdm_00009.png
glide_00019.png,val,ai,glide,/kaggle/working/genimage_8000_split_v4/val/ai/glide_00019.png
biggan_00040.png,val,ai,biggan,/kaggle/working/genimage_8000_split_v4/val/ai/biggan_00040.png
vqdm_00007.png,val,ai,vqdm,/kaggle/working/genimage_8000_split_v4/val/ai/vqdm_00007.png
vqdm_00076.png,val,ai,vqdm,/kaggle/working/genimage_8000_split_v4/val/ai/vqdm_00076.png
glide_00066.png,val,ai,glide,/kaggle/working/genimage_8000_split_v4/val/ai/glide_00066.png
biggan_00073.png,val,ai,biggan,/kaggle/working/genimage_8000_split_v4/val/ai/biggan_00073.png
glide_00072.png,val,ai,glide,/kaggle/working/genimage_8000_split_v4/val/ai/glide_00072.png
midjourney_00038.png,val,ai,midjourney,/kaggle/working/genimage_8000_split_v4/val/ai/midjourney_00038.png
vqdm_00016.png,val,ai,vqdm,/kaggle/working/genimage_8000_split_v4/val/ai/vqdm_00016.png
glide_00006.png,val,ai,glide,/kaggle/working/genimage_8000_split_v4/val/ai/glide_00006.png
glide_00065.png,val,ai,glide,/kaggle/working/genimage_8000_split_v4/val/ai/glide_00065.png
adm_00055.png,val,ai,adm,/kaggle/working/genimage_8000_split_v4/val/ai/adm_00055.png
midjourney_00073.png,val,ai,midjourney,/kaggle/working/genimage_8000_split_v4/val/ai/midjourney_00073.png
midjourney_00020.png,val,ai,midjourney,/kaggle/working/genimage_8000_split_v4/val/ai/midjourney_00020.png
sdv5_00012.png,val,ai,sdv5,/kaggle/working/genimage_8000_split_v4/val/ai/sdv5_00012.png
wukong_00028.png,val,ai,wukong,/kaggle/working/genimage_8000_split_v4/val/ai/wukong_00028.png
midjourney_00056.png,val,ai,midjourney,/kaggle/working/genimage_8000_split_v4/val/ai/midjourney_00056.png
vqdm_00067.png,val,ai,vqdm,/kaggle/working/genimage_8000_split_v4/val/ai/vqdm_00067.png
adm_00037.png,val,ai,adm,/kaggle/working/genimage_8000_split_v4/val/ai/adm_00037.png
adm_00064.png,val,ai,adm,/kaggle/working/genimage_8000_split_v4/val/ai/adm_00064.png
vqdm_00084.png,val,ai,vqdm,/kaggle/working/genimage_8000_split_v4/val/ai/vqdm_00084.png
sdv5_00052.png,val,ai,sdv5,/kaggle/working/genimage_8000_split_v4/val/ai/sdv5_00052.png
biggan_00035.png,val,ai,biggan,/kaggle/working/genimage_8000_split_v4/val/ai/biggan_00035.png
vqdm_00043.png,val,ai,vqdm,/kaggle/working/genimage_8000_split_v4/val/ai/vqdm_00043.png
adm_00028.png,val,ai,adm,/kaggle/working/genimage_8000_split_v4/val/ai/adm_00028.png
glide_00027.png,val,ai,glide,/kaggle/working/genimage_8000_split_v4/val/ai/glide_00027.png
sdv5_00042.png,val,ai,sdv5,/kaggle/working/genimage_8000_split_v4/val/ai/sdv5_00042.png
glide_00084.png,val,ai,glide,/kaggle/working/genimage_8000_split_v4/val/ai/glide_00084.png
sdv5_00025.png,val,ai,sdv5,/kaggle/working/genimage_8000_split_v4/val/ai/sdv5_00025.png
adm_00009.png,val,ai,adm,/kaggle/working/genimage_8000_split_v4/val/ai/adm_00009.png
sdv5_00031.png,val,ai,sdv5,/kaggle/working/genimage_8000_split_v4/val/ai/sdv5_00031.png
wukong_00000.png,val,ai,wukong,/kaggle/working/genimage_8000_split_v4/val/ai/wukong_00000.png
wukong_00069.png,val,ai,wukong,/kaggle/working/genimage_8000_split_v4/val/ai/wukong_00069.png
biggan_00015.png,val,ai,biggan,/kaggle/working/genimage_8000_split_v4/val/ai/biggan_00015.png
glide_00062.png,val,ai,glide,/kaggle/working/genimage_8000_split_v4/val/ai/glide_00062.png
adm_00076.png,val,ai,adm,/kaggle/working/genimage_8000_split_v4/val/ai/adm_00076.png
vqdm_00015.png,val,ai,vqdm,/kaggle/working/genimage_8000_split_v4/val/ai/vqdm_00015.png
sdv5_00079.png,val,ai,sdv5,/kaggle/working/genimage_8000_split_v4/val/ai/sdv5_00079.png
glide_00083.png,val,ai,glide,/kaggle/working/genimage_8000_split_v4/val/ai/glide_00083.png
biggan_00039.png,val,ai,biggan,/kaggle/working/genimage_8000_split_v4/val/ai/biggan_00039.png
adm_00080.png,val,ai,adm,/kaggle/working/genimage_8000_split_v4/val/ai/adm_00080.png
midjourney_00064.png,val,ai,midjourney,/kaggle/working/genimage_8000_split_v4/val/ai/midjourney_00064.png
sdv5_00070.png,val,ai,sdv5,/kaggle/working/genimage_8000_split_v4/val/ai/sdv5_00070.png
glide_00073.png,val,ai,glide,/kaggle/working/genimage_8000_split_v4/val/ai/glide_00073.png
vqdm_00018.png,val,ai,vqdm,/kaggle/working/genimage_8000_split_v4/val/ai/vqdm_00018.png
adm_00053.png,val,ai,adm,/kaggle/working/genimage_8000_split_v4/val/ai/adm_00053.png
biggan_00084.png,val,ai,biggan,/kaggle/working/genimage_8000_split_v4/val/ai/biggan_00084.png
adm_00018.png,val,ai,adm,/kaggle/working/genimage_8000_split_v4/val/ai/adm_00018.png
sdv5_00018.png,val,ai,sdv5,/kaggle/working/genimage_8000_split_v4/val/ai/sdv5_00018.png
biggan_00020.png,val,ai,biggan,/kaggle/working/genimage_8000_split_v4/val/ai/biggan_00020.png
vqdm_00066.png,val,ai,vqdm,/kaggle/working/genimage_8000_split_v4/val/ai/vqdm_00066.png
adm_00048.png,val,ai,adm,/kaggle/working/genimage_8000_split_v4/val/ai/adm_00048.png
glide_00077.png,val,ai,glide,/kaggle/working/genimage_8000_split_v4/val/ai/glide_00077.png
glide_00000.png,val,ai,glide,/kaggle/working/genimage_8000_split_v4/val/ai/glide_00000.png
vqdm_00033.png,val,ai,vqdm,/kaggle/working/genimage_8000_split_v4/val/ai/vqdm_00033.png
glide_00081.png,val,ai,glide,/kaggle/working/genimage_8000_split_v4/val/ai/glide_00081.png
adm_00075.png,val,ai,adm,/kaggle/working/genimage_8000_split_v4/val/ai/adm_00075.png
midjourney_00012.png,val,ai,midjourney,/kaggle/working/genimage_8000_split_v4/val/ai/midjourney_00012.png
glide_00028.png,val,ai,glide,/kaggle/working/genimage_8000_split_v4/val/ai/glide_00028.png
vqdm_00057.png,val,ai,vqdm,/kaggle/working/genimage_8000_split_v4/val/ai/vqdm_00057.png
sdv5_00068.png,val,ai,sdv5,/kaggle/working/genimage_8000_split_v4/val/ai/sdv5_00068.png
vqdm_00036.png,val,ai,vqdm,/kaggle/working/genimage_8000_split_v4/val/ai/vqdm_00036.png
adm_00001.png,val,ai,adm,/kaggle/working/genimage_8000_split_v4/val/ai/adm_00001.png
biggan_00054.png,val,ai,biggan,/kaggle/working/genimage_8000_split_v4/val/ai/biggan_00054.png
vqdm_00058.png,val,ai,vqdm,/kaggle/working/genimage_8000_split_v4/val/ai/vqdm_00058.png
sdv5_00035.png,val,ai,sdv5,/kaggle/working/genimage_8000_split_v4/val/ai/sdv5_00035.png
glide_00018.png,val,ai,glide,/kaggle/working/genimage_8000_split_v4/val/ai/glide_00018.png
adm_00008.png,val,ai,adm,/kaggle/working/genimage_8000_split_v4/val/ai/adm_00008.png
biggan_00067.png,val,ai,biggan,/kaggle/working/genimage_8000_split_v4/val/ai/biggan_00067.png
glide_00004.png,val,ai,glide,/kaggle/working/genimage_8000_split_v4/val/ai/glide_00004.png
midjourney_00083.png,val,ai,midjourney,/kaggle/working/genimage_8000_split_v4/val/ai/midjourney_00083.png
wukong_00026.png,val,ai,wukong,/kaggle/working/genimage_8000_split_v4/val/ai/wukong_00026.png
sdv5_00028.png,val,ai,sdv5,/kaggle/working/genimage_8000_split_v4/val/ai/sdv5_00028.png
midjourney_00042.png,val,ai,midjourney,/kaggle/working/genimage_8000_split_v4/val/ai/midjourney_00042.png
adm_00060.png,val,ai,adm,/kaggle/working/genimage_8000_split_v4/val/ai/adm_00060.png
glide_00003.png,val,ai,glide,/kaggle/working/genimage_8000_split_v4/val/ai/glide_00003.png
glide_00025.png,val,ai,glide,/kaggle/working/genimage_8000_split_v4/val/ai/glide_00025.png
biggan_00026.png,val,ai,biggan,/kaggle/working/genimage_8000_split_v4/val/ai/biggan_00026.png
adm_00077.png,val,ai,adm,/kaggle/working/genimage_8000_split_v4/val/ai/adm_00077.png
adm_00047.png,val,ai,adm,/kaggle/working/genimage_8000_split_v4/val/ai/adm_00047.png
sdv5_00033.png,val,ai,sdv5,/kaggle/working/genimage_8000_split_v4/val/ai/sdv5_00033.png
midjourney_00032.png,val,ai,midjourney,/kaggle/working/genimage_8000_split_v4/val/ai/midjourney_00032.png
biggan_00064.png,val,ai,biggan,/kaggle/working/genimage_8000_split_v4/val/ai/biggan_00064.png
vqdm_00074.png,val,ai,vqdm,/kaggle/working/genimage_8000_split_v4/val/ai/vqdm_00074.png
biggan_00038.png,val,ai,biggan,/kaggle/working/genimage_8000_split_v4/val/ai/biggan_00038.png
adm_00082.png,val,ai,adm,/kaggle/working/genimage_8000_split_v4/val/ai/adm_00082.png
wukong_00007.png,val,ai,wukong,/kaggle/working/genimage_8000_split_v4/val/ai/wukong_00007.png
wukong_00060.png,val,ai,wukong,/kaggle/working/genimage_8000_split_v4/val/ai/wukong_00060.png
sdv5_00041.png,val,ai,sdv5,/kaggle/working/genimage_8000_split_v4/val/ai/sdv5_00041.png
vqdm_00038.png,val,ai,vqdm,/kaggle/working/genimage_8000_split_v4/val/ai/vqdm_00038.png
wukong_00001.png,val,ai,wukong,/kaggle/working/genimage_8000_split_v4/val/ai/wukong_00001.png
midjourney_00015.png,val,ai,midjourney,/kaggle/working/genimage_8000_split_v4/val/ai/midjourney_00015.png
biggan_00047.png,val,ai,biggan,/kaggle/working/genimage_8000_split_v4/val/ai/biggan_00047.png
glide_00030.png,val,ai,glide,/kaggle/working/genimage_8000_split_v4/val/ai/glide_00030.png
vqdm_00047.png,val,ai,vqdm,/kaggle/working/genimage_8000_split_v4/val/ai/vqdm_00047.png
sdv5_00084.png,val,ai,sdv5,/kaggle/working/genimage_8000_split_v4/val/ai/sdv5_00084.png
vqdm_00083.png,val,ai,vqdm,/kaggle/working/genimage_8000_split_v4/val/ai/vqdm_00083.png
biggan_00068.png,val,ai,biggan,/kaggle/working/genimage_8000_split_v4/val/ai/biggan_00068.png
sdv5_00058.png,val,ai,sdv5,/kaggle/working/genimage_8000_split_v4/val/ai/sdv5_00058.png
sdv5_00006.png,val,ai,sdv5,/kaggle/working/genimage_8000_split_v4/val/ai/sdv5_00006.png
biggan_00044.png,val,ai,biggan,/kaggle/working/genimage_8000_split_v4/val/ai/biggan_00044.png
midjourney_00003.png,val,ai,midjourney,/kaggle/working/genimage_8000_split_v4/val/ai/midjourney_00003.png
sdv5_00027.png,val,ai,sdv5,/kaggle/working/genimage_8000_split_v4/val/ai/sdv5_00027.png
biggan_00072.png,val,ai,biggan,/kaggle/working/genimage_8000_split_v4/val/ai/biggan_00072.png
vqdm_00030.png,val,ai,vqdm,/kaggle/working/genimage_8000_split_v4/val/ai/vqdm_00030.png
vqdm_00085.png,val,ai,vqdm,/kaggle/working/genimage_8000_split_v4/val/ai/vqdm_00085.png
wukong_00071.png,val,ai,wukong,/kaggle/working/genimage_8000_split_v4/val/ai/wukong_00071.png
adm_00062.png,val,ai,adm,/kaggle/working/genimage_8000_split_v4/val/ai/adm_00062.png
adm_00000.png,val,ai,adm,/kaggle/working/genimage_8000_split_v4/val/ai/adm_00000.png
wukong_00044.png,val,ai,wukong,/kaggle/working/genimage_8000_split_v4/val/ai/wukong_00044.png
glide_00075.png,val,ai,glide,/kaggle/working/genimage_8000_split_v4/val/ai/glide_00075.png
vqdm_00040.png,val,ai,vqdm,/kaggle/working/genimage_8000_split_v4/val/ai/vqdm_00040.png
wukong_00082.png,val,ai,wukong,/kaggle/working/genimage_8000_split_v4/val/ai/wukong_00082.png
midjourney_00019.png,val,ai,midjourney,/kaggle/working/genimage_8000_split_v4/val/ai/midjourney_00019.png
adm_00065.png,val,ai,adm,/kaggle/working/genimage_8000_split_v4/val/ai/adm_00065.png
midjourney_00022.png,val,ai,midjourney,/kaggle/working/genimage_8000_split_v4/val/ai/midjourney_00022.png
midjourney_00052.png,val,ai,midjourney,/kaggle/working/genimage_8000_split_v4/val/ai/midjourney_00052.png
adm_00046.png,val,ai,adm,/kaggle/working/genimage_8000_split_v4/val/ai/adm_00046.png
wukong_00048.png,val,ai,wukong,/kaggle/working/genimage_8000_split_v4/val/ai/wukong_00048.png
vqdm_00045.png,val,ai,vqdm,/kaggle/working/genimage_8000_split_v4/val/ai/vqdm_00045.png
biggan_00036.png,val,ai,biggan,/kaggle/working/genimage_8000_split_v4/val/ai/biggan_00036.png
sdv5_00038.png,val,ai,sdv5,/kaggle/working/genimage_8000_split_v4/val/ai/sdv5_00038.png
vqdm_00050.png,val,ai,vqdm,/kaggle/working/genimage_8000_split_v4/val/ai/vqdm_00050.png
biggan_00041.png,val,ai,biggan,/kaggle/working/genimage_8000_split_v4/val/ai/biggan_00041.png
vqdm_00051.png,val,ai,vqdm,/kaggle/working/genimage_8000_split_v4/val/ai/vqdm_00051.png
glide_00054.png,val,ai,glide,/kaggle/working/genimage_8000_split_v4/val/ai/glide_00054.png
sdv5_00062.png,val,ai,sdv5,/kaggle/working/genimage_8000_split_v4/val/ai/sdv5_00062.png
sdv5_00060.png,val,ai,sdv5,/kaggle/working/genimage_8000_split_v4/val/ai/sdv5_00060.png
glide_00079.png,val,ai,glide,/kaggle/working/genimage_8000_split_v4/val/ai/glide_00079.png
midjourney_00004.png,val,ai,midjourney,/kaggle/working/genimage_8000_split_v4/val/ai/midjourney_00004.png
wukong_00040.png,val,ai,wukong,/kaggle/working/genimage_8000_split_v4/val/ai/wukong_00040.png
biggan_00060.png,val,ai,biggan,/kaggle/working/genimage_8000_split_v4/val/ai/biggan_00060.png
wukong_00049.png,val,ai,wukong,/kaggle/working/genimage_8000_split_v4/val/ai/wukong_00049.png
wukong_00035.png,val,ai,wukong,/kaggle/working/genimage_8000_split_v4/val/ai/wukong_00035.png
adm_00010.png,val,ai,adm,/kaggle/working/genimage_8000_split_v4/val/ai/adm_00010.png
sdv5_00064.png,val,ai,sdv5,/kaggle/working/genimage_8000_split_v4/val/ai/sdv5_00064.png
adm_00059.png,val,ai,adm,/kaggle/working/genimage_8000_split_v4/val/ai/adm_00059.png
midjourney_00048.png,val,ai,midjourney,/kaggle/working/genimage_8000_split_v4/val/ai/midjourney_00048.png
midjourney_00016.png,val,ai,midjourney,/kaggle/working/genimage_8000_split_v4/val/ai/midjourney_00016.png
biggan_00007.png,val,ai,biggan,/kaggle/working/genimage_8000_split_v4/val/ai/biggan_00007.png
glide_00067.png,val,ai,glide,/kaggle/working/genimage_8000_split_v4/val/ai/glide_00067.png
glide_00046.png,val,ai,glide,/kaggle/working/genimage_8000_split_v4/val/ai/glide_00046.png
vqdm_00053.png,val,ai,vqdm,/kaggle/working/genimage_8000_split_v4/val/ai/vqdm_00053.png
adm_00071.png,val,ai,adm,/kaggle/working/genimage_8000_split_v4/val/ai/adm_00071.png
glide_00022.png,val,ai,glide,/kaggle/working/genimage_8000_split_v4/val/ai/glide_00022.png
sdv5_00082.png,val,ai,sdv5,/kaggle/working/genimage_8000_split_v4/val/ai/sdv5_00082.png
vqdm_00003.png,val,ai,vqdm,/kaggle/working/genimage_8000_split_v4/val/ai/vqdm_00003.png
midjourney_00035.png,val,ai,midjourney,/kaggle/working/genimage_8000_split_v4/val/ai/midjourney_00035.png
glide_00031.png,val,ai,glide,/kaggle/working/genimage_8000_split_v4/val/ai/glide_00031.png
vqdm_00063.png,val,ai,vqdm,/kaggle/working/genimage_8000_split_v4/val/ai/vqdm_00063.png
wukong_00016.png,val,ai,wukong,/kaggle/working/genimage_8000_split_v4/val/ai/wukong_00016.png
wukong_00054.png,val,ai,wukong,/kaggle/working/genimage_8000_split_v4/val/ai/wukong_00054.png
biggan_00002.png,val,ai,biggan,/kaggle/working/genimage_8000_split_v4/val/ai/biggan_00002.png
adm_00049.png,val,ai,adm,/kaggle/working/genimage_8000_split_v4/val/ai/adm_00049.png
sdv5_00002.png,val,ai,sdv5,/kaggle/working/genimage_8000_split_v4/val/ai/sdv5_00002.png
biggan_00025.png,val,ai,biggan,/kaggle/working/genimage_8000_split_v4/val/ai/biggan_00025.png
biggan_00071.png,val,ai,biggan,/kaggle/working/genimage_8000_split_v4/val/ai/biggan_00071.png
biggan_00051.png,val,ai,biggan,/kaggle/working/genimage_8000_split_v4/val/ai/biggan_00051.png
wukong_00081.png,val,ai,wukong,/kaggle/working/genimage_8000_split_v4/val/ai/wukong_00081.png
sdv5_00022.png,val,ai,sdv5,/kaggle/working/genimage_8000_split_v4/val/ai/sdv5_00022.png
midjourney_00085.png,val,ai,midjourney,/kaggle/working/genimage_8000_split_v4/val/ai/midjourney_00085.png
real_00486.jpeg,test,real,real,/kaggle/working/genimage_8000_split_v4/test/real/real_00486.jpeg
real_00382.jpeg,test,real,real,/kaggle/working/genimage_8000_split_v4/test/real/real_00382.jpeg
real_00117.jpeg,test,real,real,/kaggle/working/genimage_8000_split_v4/test/real/real_00117.jpeg
real_00354.jpeg,test,real,real,/kaggle/working/genimage_8000_split_v4/test/real/real_00354.jpeg
real_00076.jpeg,test,real,real,/kaggle/working/genimage_8000_split_v4/test/real/real_00076.jpeg
real_00395.jpeg,test,real,real,/kaggle/working/genimage_8000_split_v4/test/real/real_00395.jpeg
real_00348.jpeg,test,real,real,/kaggle/working/genimage_8000_split_v4/test/real/real_00348.jpeg
real_00307.jpeg,test,real,real,/kaggle/working/genimage_8000_split_v4/test/real/real_00307.jpeg
real_00438.jpeg,test,real,real,/kaggle/working/genimage_8000_split_v4/test/real/real_00438.jpeg
real_00393.jpeg,test,real,real,/kaggle/working/genimage_8000_split_v4/test/real/real_00393.jpeg
real_00566.jpeg,test,real,real,/kaggle/working/genimage_8000_split_v4/test/real/real_00566.jpeg
real_00055.jpeg,test,real,real,/kaggle/working/genimage_8000_split_v4/test/real/real_00055.jpeg
real_00416.jpeg,test,real,real,/kaggle/working/genimage_8000_split_v4/test/real/real_00416.jpeg
real_00304.jpeg,test,real,real,/kaggle/working/genimage_8000_split_v4/test/real/real_00304.jpeg
real_00135.jpeg,test,real,real,/kaggle/working/genimage_8000_split_v4/test/real/real_00135.jpeg
real_00387.jpeg,test,real,real,/kaggle/working/genimage_8000_split_v4/test/real/real_00387.jpeg
real_00040.jpeg,test,real,real,/kaggle/working/genimage_8000_split_v4/test/real/real_00040.jpeg
real_00563.jpeg,test,real,real,/kaggle/working/genimage_8000_split_v4/test/real/real_00563.jpeg
real_00457.jpeg,test,real,real,/kaggle/working/genimage_8000_split_v4/test/real/real_00457.jpeg
real_00561.jpeg,test,real,real,/kaggle/working/genimage_8000_split_v4/test/real/real_00561.jpeg
real_00288.jpeg,test,real,real,/kaggle/working/genimage_8000_split_v4/test/real/real_00288.jpeg
real_00271.jpeg,test,real,real,/kaggle/working/genimage_8000_split_v4/test/real/real_00271.jpeg
real_00185.jpeg,test,real,real,/kaggle/working/genimage_8000_split_v4/test/real/real_00185.jpeg
real_00216.jpeg,test,real,real,/kaggle/working/genimage_8000_split_v4/test/real/real_00216.jpeg
real_00180.jpeg,test,real,real,/kaggle/working/genimage_8000_split_v4/test/real/real_00180.jpeg
real_00189.jpeg,test,real,real,/kaggle/working/genimage_8000_split_v4/test/real/real_00189.jpeg
real_00396.jpeg,test,real,real,/kaggle/working/genimage_8000_split_v4/test/real/real_00396.jpeg
real_00131.jpeg,test,real,real,/kaggle/working/genimage_8000_split_v4/test/real/real_00131.jpeg
real_00557.jpeg,test,real,real,/kaggle/working/genimage_8000_split_v4/test/real/real_00557.jpeg
real_00266.jpeg,test,real,real,/kaggle/working/genimage_8000_split_v4/test/real/real_00266.jpeg
real_00207.jpeg,test,real,real,/kaggle/working/genimage_8000_split_v4/test/real/real_00207.jpeg
real_00141.jpeg,test,real,real,/kaggle/working/genimage_8000_split_v4/test/real/real_00141.jpeg
real_00407.jpeg,test,real,real,/kaggle/working/genimage_8000_split_v4/test/real/real_00407.jpeg
real_00026.jpeg,test,real,real,/kaggle/working/genimage_8000_split_v4/test/real/real_00026.jpeg
real_00046.jpeg,test,real,real,/kaggle/working/genimage_8000_split_v4/test/real/real_00046.jpeg
real_00585.jpeg,test,real,real,/kaggle/working/genimage_8000_split_v4/test/real/real_00585.jpeg
real_00206.jpeg,test,real,real,/kaggle/working/genimage_8000_split_v4/test/real/real_00206.jpeg
real_00297.jpeg,test,real,real,/kaggle/working/genimage_8000_split_v4/test/real/real_00297.jpeg
real_00401.jpeg,test,real,real,/kaggle/working/genimage_8000_split_v4/test/real/real_00401.jpeg
real_00339.jpeg,test,real,real,/kaggle/working/genimage_8000_split_v4/test/real/real_00339.jpeg
real_00403.jpeg,test,real,real,/kaggle/working/genimage_8000_split_v4/test/real/real_00403.jpeg
real_00344.jpeg,test,real,real,/kaggle/working/genimage_8000_split_v4/test/real/real_00344.jpeg
real_00560.jpeg,test,real,real,/kaggle/working/genimage_8000_split_v4/test/real/real_00560.jpeg
real_00553.jpeg,test,real,real,/kaggle/working/genimage_8000_split_v4/test/real/real_00553.jpeg
real_00598.jpeg,test,real,real,/kaggle/working/genimage_8000_split_v4/test/real/real_00598.jpeg
real_00497.jpeg,test,real,real,/kaggle/working/genimage_8000_split_v4/test/real/real_00497.jpeg
real_00253.jpeg,test,real,real,/kaggle/working/genimage_8000_split_v4/test/real/real_00253.jpeg
real_00577.jpeg,test,real,real,/kaggle/working/genimage_8000_split_v4/test/real/real_00577.jpeg
real_00394.jpeg,test,real,real,/kaggle/working/genimage_8000_split_v4/test/real/real_00394.jpeg
real_00445.jpeg,test,real,real,/kaggle/working/genimage_8000_split_v4/test/real/real_00445.jpeg
real_00050.jpeg,test,real,real,/kaggle/working/genimage_8000_split_v4/test/real/real_00050.jpeg
real_00269.jpeg,test,real,real,/kaggle/working/genimage_8000_split_v4/test/real/real_00269.jpeg
real_00151.jpeg,test,real,real,/kaggle/working/genimage_8000_split_v4/test/real/real_00151.jpeg
real_00190.jpeg,test,real,real,/kaggle/working/genimage_8000_split_v4/test/real/real_00190.jpeg
real_00250.jpeg,test,real,real,/kaggle/working/genimage_8000_split_v4/test/real/real_00250.jpeg
real_00257.jpeg,test,real,real,/kaggle/working/genimage_8000_split_v4/test/real/real_00257.jpeg
real_00008.jpeg,test,real,real,/kaggle/working/genimage_8000_split_v4/test/real/real_00008.jpeg
real_00398.jpeg,test,real,real,/kaggle/working/genimage_8000_split_v4/test/real/real_00398.jpeg
real_00322.jpeg,test,real,real,/kaggle/working/genimage_8000_split_v4/test/real/real_00322.jpeg
real_00230.jpeg,test,real,real,/kaggle/working/genimage_8000_split_v4/test/real/real_00230.jpeg
real_00219.jpeg,test,real,real,/kaggle/working/genimage_8000_split_v4/test/real/real_00219.jpeg
real_00550.jpeg,test,real,real,/kaggle/working/genimage_8000_split_v4/test/real/real_00550.jpeg
real_00528.jpeg,test,real,real,/kaggle/working/genimage_8000_split_v4/test/real/real_00528.jpeg
real_00039.jpeg,test,real,real,/kaggle/working/genimage_8000_split_v4/test/real/real_00039.jpeg
real_00274.jpeg,test,real,real,/kaggle/working/genimage_8000_split_v4/test/real/real_00274.jpeg
real_00414.jpeg,test,real,real,/kaggle/working/genimage_8000_split_v4/test/real/real_00414.jpeg
real_00038.jpeg,test,real,real,/kaggle/working/genimage_8000_split_v4/test/real/real_00038.jpeg
real_00434.jpeg,test,real,real,/kaggle/working/genimage_8000_split_v4/test/real/real_00434.jpeg
real_00279.jpeg,test,real,real,/kaggle/working/genimage_8000_split_v4/test/real/real_00279.jpeg
real_00077.jpeg,test,real,real,/kaggle/working/genimage_8000_split_v4/test/real/real_00077.jpeg
real_00312.jpeg,test,real,real,/kaggle/working/genimage_8000_split_v4/test/real/real_00312.jpeg
real_00482.jpeg,test,real,real,/kaggle/working/genimage_8000_split_v4/test/real/real_00482.jpeg
real_00178.jpeg,test,real,real,/kaggle/working/genimage_8000_split_v4/test/real/real_00178.jpeg
real_00535.jpeg,test,real,real,/kaggle/working/genimage_8000_split_v4/test/real/real_00535.jpeg
real_00345.jpeg,test,real,real,/kaggle/working/genimage_8000_split_v4/test/real/real_00345.jpeg
real_00019.jpeg,test,real,real,/kaggle/working/genimage_8000_split_v4/test/real/real_00019.jpeg
real_00143.jpeg,test,real,real,/kaggle/working/genimage_8000_split_v4/test/real/real_00143.jpeg
real_00496.jpeg,test,real,real,/kaggle/working/genimage_8000_split_v4/test/real/real_00496.jpeg
real_00522.jpeg,test,real,real,/kaggle/working/genimage_8000_split_v4/test/real/real_00522.jpeg
real_00451.jpeg,test,real,real,/kaggle/working/genimage_8000_split_v4/test/real/real_00451.jpeg
real_00371.jpeg,test,real,real,/kaggle/working/genimage_8000_split_v4/test/real/real_00371.jpeg
real_00060.jpeg,test,real,real,/kaggle/working/genimage_8000_split_v4/test/real/real_00060.jpeg
real_00410.jpeg,test,real,real,/kaggle/working/genimage_8000_split_v4/test/real/real_00410.jpeg
real_00248.jpeg,test,real,real,/kaggle/working/genimage_8000_split_v4/test/real/real_00248.jpeg
real_00043.jpeg,test,real,real,/kaggle/working/genimage_8000_split_v4/test/real/real_00043.jpeg
real_00104.jpeg,test,real,real,/kaggle/working/genimage_8000_split_v4/test/real/real_00104.jpeg
real_00238.jpeg,test,real,real,/kaggle/working/genimage_8000_split_v4/test/real/real_00238.jpeg
real_00251.jpeg,test,real,real,/kaggle/working/genimage_8000_split_v4/test/real/real_00251.jpeg
real_00017.jpeg,test,real,real,/kaggle/working/genimage_8000_split_v4/test/real/real_00017.jpeg
real_00500.jpeg,test,real,real,/kaggle/working/genimage_8000_split_v4/test/real/real_00500.jpeg
real_00056.jpeg,test,real,real,/kaggle/working/genimage_8000_split_v4/test/real/real_00056.jpeg
real_00227.jpeg,test,real,real,/kaggle/working/genimage_8000_split_v4/test/real/real_00227.jpeg
real_00347.jpeg,test,real,real,/kaggle/working/genimage_8000_split_v4/test/real/real_00347.jpeg
real_00176.jpeg,test,real,real,/kaggle/working/genimage_8000_split_v4/test/real/real_00176.jpeg
real_00085.jpeg,test,real,real,/kaggle/working/genimage_8000_split_v4/test/real/real_00085.jpeg
real_00586.jpeg,test,real,real,/kaggle/working/genimage_8000_split_v4/test/real/real_00586.jpeg
real_00193.jpeg,test,real,real,/kaggle/working/genimage_8000_split_v4/test/real/real_00193.jpeg
real_00018.jpeg,test,real,real,/kaggle/working/genimage_8000_split_v4/test/real/real_00018.jpeg
real_00342.jpeg,test,real,real,/kaggle/working/genimage_8000_split_v4/test/real/real_00342.jpeg
real_00359.jpeg,test,real,real,/kaggle/working/genimage_8000_split_v4/test/real/real_00359.jpeg
real_00163.jpeg,test,real,real,/kaggle/working/genimage_8000_split_v4/test/real/real_00163.jpeg
real_00527.jpeg,test,real,real,/kaggle/working/genimage_8000_split_v4/test/real/real_00527.jpeg
real_00444.jpeg,test,real,real,/kaggle/working/genimage_8000_split_v4/test/real/real_00444.jpeg
real_00440.jpeg,test,real,real,/kaggle/working/genimage_8000_split_v4/test/real/real_00440.jpeg
real_00096.jpeg,test,real,real,/kaggle/working/genimage_8000_split_v4/test/real/real_00096.jpeg
real_00165.jpeg,test,real,real,/kaggle/working/genimage_8000_split_v4/test/real/real_00165.jpeg
real_00576.jpeg,test,real,real,/kaggle/working/genimage_8000_split_v4/test/real/real_00576.jpeg
real_00375.jpeg,test,real,real,/kaggle/working/genimage_8000_split_v4/test/real/real_00375.jpeg
real_00300.jpeg,test,real,real,/kaggle/working/genimage_8000_split_v4/test/real/real_00300.jpeg
real_00503.jpeg,test,real,real,/kaggle/working/genimage_8000_split_v4/test/real/real_00503.jpeg
real_00499.jpeg,test,real,real,/kaggle/working/genimage_8000_split_v4/test/real/real_00499.jpeg
real_00283.jpeg,test,real,real,/kaggle/working/genimage_8000_split_v4/test/real/real_00283.jpeg
real_00160.jpeg,test,real,real,/kaggle/working/genimage_8000_split_v4/test/real/real_00160.jpeg
real_00260.jpeg,test,real,real,/kaggle/working/genimage_8000_split_v4/test/real/real_00260.jpeg
real_00208.jpeg,test,real,real,/kaggle/working/genimage_8000_split_v4/test/real/real_00208.jpeg
real_00262.jpeg,test,real,real,/kaggle/working/genimage_8000_split_v4/test/real/real_00262.jpeg
real_00213.jpeg,test,real,real,/kaggle/working/genimage_8000_split_v4/test/real/real_00213.jpeg
real_00476.jpeg,test,real,real,/kaggle/working/genimage_8000_split_v4/test/real/real_00476.jpeg
real_00092.jpeg,test,real,real,/kaggle/working/genimage_8000_split_v4/test/real/real_00092.jpeg
real_00324.jpeg,test,real,real,/kaggle/working/genimage_8000_split_v4/test/real/real_00324.jpeg
real_00425.jpeg,test,real,real,/kaggle/working/genimage_8000_split_v4/test/real/real_00425.jpeg
real_00559.jpeg,test,real,real,/kaggle/working/genimage_8000_split_v4/test/real/real_00559.jpeg
real_00015.jpeg,test,real,real,/kaggle/working/genimage_8000_split_v4/test/real/real_00015.jpeg
real_00562.jpeg,test,real,real,/kaggle/working/genimage_8000_split_v4/test/real/real_00562.jpeg
real_00514.jpeg,test,real,real,/kaggle/working/genimage_8000_split_v4/test/real/real_00514.jpeg
real_00580.jpeg,test,real,real,/kaggle/working/genimage_8000_split_v4/test/real/real_00580.jpeg
real_00202.jpeg,test,real,real,/kaggle/working/genimage_8000_split_v4/test/real/real_00202.jpeg
real_00402.jpeg,test,real,real,/kaggle/working/genimage_8000_split_v4/test/real/real_00402.jpeg
real_00057.jpeg,test,real,real,/kaggle/working/genimage_8000_split_v4/test/real/real_00057.jpeg
real_00007.jpeg,test,real,real,/kaggle/working/genimage_8000_split_v4/test/real/real_00007.jpeg
real_00388.jpeg,test,real,real,/kaggle/working/genimage_8000_split_v4/test/real/real_00388.jpeg
real_00016.jpeg,test,real,real,/kaggle/working/genimage_8000_split_v4/test/real/real_00016.jpeg
real_00506.jpeg,test,real,real,/kaggle/working/genimage_8000_split_v4/test/real/real_00506.jpeg
real_00028.jpeg,test,real,real,/kaggle/working/genimage_8000_split_v4/test/real/real_00028.jpeg
real_00572.jpeg,test,real,real,/kaggle/working/genimage_8000_split_v4/test/real/real_00572.jpeg
real_00381.jpeg,test,real,real,/kaggle/working/genimage_8000_split_v4/test/real/real_00381.jpeg
real_00268.jpeg,test,real,real,/kaggle/working/genimage_8000_split_v4/test/real/real_00268.jpeg
real_00512.jpeg,test,real,real,/kaggle/working/genimage_8000_split_v4/test/real/real_00512.jpeg
real_00006.jpeg,test,real,real,/kaggle/working/genimage_8000_split_v4/test/real/real_00006.jpeg
real_00289.jpeg,test,real,real,/kaggle/working/genimage_8000_split_v4/test/real/real_00289.jpeg
real_00519.jpeg,test,real,real,/kaggle/working/genimage_8000_split_v4/test/real/real_00519.jpeg
real_00252.jpeg,test,real,real,/kaggle/working/genimage_8000_split_v4/test/real/real_00252.jpeg
real_00211.jpeg,test,real,real,/kaggle/working/genimage_8000_split_v4/test/real/real_00211.jpeg
real_00147.jpeg,test,real,real,/kaggle/working/genimage_8000_split_v4/test/real/real_00147.jpeg
real_00181.jpeg,test,real,real,/kaggle/working/genimage_8000_split_v4/test/real/real_00181.jpeg
real_00458.jpeg,test,real,real,/kaggle/working/genimage_8000_split_v4/test/real/real_00458.jpeg
real_00329.jpeg,test,real,real,/kaggle/working/genimage_8000_split_v4/test/real/real_00329.jpeg
real_00545.jpeg,test,real,real,/kaggle/working/genimage_8000_split_v4/test/real/real_00545.jpeg
real_00568.jpeg,test,real,real,/kaggle/working/genimage_8000_split_v4/test/real/real_00568.jpeg
real_00031.jpeg,test,real,real,/kaggle/working/genimage_8000_split_v4/test/real/real_00031.jpeg
real_00171.jpeg,test,real,real,/kaggle/working/genimage_8000_split_v4/test/real/real_00171.jpeg
real_00320.jpeg,test,real,real,/kaggle/working/genimage_8000_split_v4/test/real/real_00320.jpeg
real_00083.jpeg,test,real,real,/kaggle/working/genimage_8000_split_v4/test/real/real_00083.jpeg
real_00012.jpeg,test,real,real,/kaggle/working/genimage_8000_split_v4/test/real/real_00012.jpeg
real_00357.jpeg,test,real,real,/kaggle/working/genimage_8000_split_v4/test/real/real_00357.jpeg
real_00346.jpeg,test,real,real,/kaggle/working/genimage_8000_split_v4/test/real/real_00346.jpeg
real_00450.jpeg,test,real,real,/kaggle/working/genimage_8000_split_v4/test/real/real_00450.jpeg
real_00356.jpeg,test,real,real,/kaggle/working/genimage_8000_split_v4/test/real/real_00356.jpeg
real_00594.jpeg,test,real,real,/kaggle/working/genimage_8000_split_v4/test/real/real_00594.jpeg
real_00048.jpeg,test,real,real,/kaggle/working/genimage_8000_split_v4/test/real/real_00048.jpeg
real_00158.jpeg,test,real,real,/kaggle/working/genimage_8000_split_v4/test/real/real_00158.jpeg
real_00521.jpeg,test,real,real,/kaggle/working/genimage_8000_split_v4/test/real/real_00521.jpeg
real_00285.jpeg,test,real,real,/kaggle/working/genimage_8000_split_v4/test/real/real_00285.jpeg
real_00270.jpeg,test,real,real,/kaggle/working/genimage_8000_split_v4/test/real/real_00270.jpeg
real_00533.jpeg,test,real,real,/kaggle/working/genimage_8000_split_v4/test/real/real_00533.jpeg
real_00494.jpeg,test,real,real,/kaggle/working/genimage_8000_split_v4/test/real/real_00494.jpeg
real_00317.jpeg,test,real,real,/kaggle/working/genimage_8000_split_v4/test/real/real_00317.jpeg
real_00296.jpeg,test,real,real,/kaggle/working/genimage_8000_split_v4/test/real/real_00296.jpeg
real_00237.jpeg,test,real,real,/kaggle/working/genimage_8000_split_v4/test/real/real_00237.jpeg
real_00242.jpeg,test,real,real,/kaggle/working/genimage_8000_split_v4/test/real/real_00242.jpeg
real_00584.jpeg,test,real,real,/kaggle/working/genimage_8000_split_v4/test/real/real_00584.jpeg
real_00570.jpeg,test,real,real,/kaggle/working/genimage_8000_split_v4/test/real/real_00570.jpeg
real_00133.jpeg,test,real,real,/kaggle/working/genimage_8000_split_v4/test/real/real_00133.jpeg
real_00047.jpeg,test,real,real,/kaggle/working/genimage_8000_split_v4/test/real/real_00047.jpeg
real_00480.jpeg,test,real,real,/kaggle/working/genimage_8000_split_v4/test/real/real_00480.jpeg
real_00210.jpeg,test,real,real,/kaggle/working/genimage_8000_split_v4/test/real/real_00210.jpeg
real_00301.jpeg,test,real,real,/kaggle/working/genimage_8000_split_v4/test/real/real_00301.jpeg
real_00574.jpeg,test,real,real,/kaggle/working/genimage_8000_split_v4/test/real/real_00574.jpeg
real_00134.jpeg,test,real,real,/kaggle/working/genimage_8000_split_v4/test/real/real_00134.jpeg
real_00597.jpeg,test,real,real,/kaggle/working/genimage_8000_split_v4/test/real/real_00597.jpeg
real_00281.jpeg,test,real,real,/kaggle/working/genimage_8000_split_v4/test/real/real_00281.jpeg
real_00332.jpeg,test,real,real,/kaggle/working/genimage_8000_split_v4/test/real/real_00332.jpeg
real_00415.jpeg,test,real,real,/kaggle/working/genimage_8000_split_v4/test/real/real_00415.jpeg
real_00093.jpeg,test,real,real,/kaggle/working/genimage_8000_split_v4/test/real/real_00093.jpeg
real_00526.jpeg,test,real,real,/kaggle/working/genimage_8000_split_v4/test/real/real_00526.jpeg
real_00259.jpeg,test,real,real,/kaggle/working/genimage_8000_split_v4/test/real/real_00259.jpeg
real_00128.jpeg,test,real,real,/kaggle/working/genimage_8000_split_v4/test/real/real_00128.jpeg
real_00173.jpeg,test,real,real,/kaggle/working/genimage_8000_split_v4/test/real/real_00173.jpeg
real_00005.jpeg,test,real,real,/kaggle/working/genimage_8000_split_v4/test/real/real_00005.jpeg
real_00532.jpeg,test,real,real,/kaggle/working/genimage_8000_split_v4/test/real/real_00532.jpeg
real_00061.jpeg,test,real,real,/kaggle/working/genimage_8000_split_v4/test/real/real_00061.jpeg
real_00313.jpeg,test,real,real,/kaggle/working/genimage_8000_split_v4/test/real/real_00313.jpeg
real_00130.jpeg,test,real,real,/kaggle/working/genimage_8000_split_v4/test/real/real_00130.jpeg
real_00454.jpeg,test,real,real,/kaggle/working/genimage_8000_split_v4/test/real/real_00454.jpeg
real_00204.jpeg,test,real,real,/kaggle/working/genimage_8000_split_v4/test/real/real_00204.jpeg
real_00337.jpeg,test,real,real,/kaggle/working/genimage_8000_split_v4/test/real/real_00337.jpeg
real_00195.jpeg,test,real,real,/kaggle/working/genimage_8000_split_v4/test/real/real_00195.jpeg
real_00187.jpeg,test,real,real,/kaggle/working/genimage_8000_split_v4/test/real/real_00187.jpeg
real_00489.jpeg,test,real,real,/kaggle/working/genimage_8000_split_v4/test/real/real_00489.jpeg
real_00385.jpeg,test,real,real,/kaggle/working/genimage_8000_split_v4/test/real/real_00385.jpeg
real_00221.jpeg,test,real,real,/kaggle/working/genimage_8000_split_v4/test/real/real_00221.jpeg
real_00027.jpeg,test,real,real,/kaggle/working/genimage_8000_split_v4/test/real/real_00027.jpeg
real_00022.jpeg,test,real,real,/kaggle/working/genimage_8000_split_v4/test/real/real_00022.jpeg
real_00331.jpeg,test,real,real,/kaggle/working/genimage_8000_split_v4/test/real/real_00331.jpeg
real_00159.jpeg,test,real,real,/kaggle/working/genimage_8000_split_v4/test/real/real_00159.jpeg
real_00068.jpeg,test,real,real,/kaggle/working/genimage_8000_split_v4/test/real/real_00068.jpeg
real_00127.jpeg,test,real,real,/kaggle/working/genimage_8000_split_v4/test/real/real_00127.jpeg
real_00420.jpeg,test,real,real,/kaggle/working/genimage_8000_split_v4/test/real/real_00420.jpeg
real_00510.jpeg,test,real,real,/kaggle/working/genimage_8000_split_v4/test/real/real_00510.jpeg
real_00106.jpeg,test,real,real,/kaggle/working/genimage_8000_split_v4/test/real/real_00106.jpeg
real_00599.jpeg,test,real,real,/kaggle/working/genimage_8000_split_v4/test/real/real_00599.jpeg
real_00419.jpeg,test,real,real,/kaggle/working/genimage_8000_split_v4/test/real/real_00419.jpeg
real_00286.jpeg,test,real,real,/kaggle/working/genimage_8000_split_v4/test/real/real_00286.jpeg
real_00341.jpeg,test,real,real,/kaggle/working/genimage_8000_split_v4/test/real/real_00341.jpeg
real_00263.jpeg,test,real,real,/kaggle/working/genimage_8000_split_v4/test/real/real_00263.jpeg
real_00255.jpeg,test,real,real,/kaggle/working/genimage_8000_split_v4/test/real/real_00255.jpeg
real_00335.jpeg,test,real,real,/kaggle/working/genimage_8000_split_v4/test/real/real_00335.jpeg
real_00174.jpeg,test,real,real,/kaggle/working/genimage_8000_split_v4/test/real/real_00174.jpeg
real_00243.jpeg,test,real,real,/kaggle/working/genimage_8000_split_v4/test/real/real_00243.jpeg
real_00140.jpeg,test,real,real,/kaggle/working/genimage_8000_split_v4/test/real/real_00140.jpeg
real_00582.jpeg,test,real,real,/kaggle/working/genimage_8000_split_v4/test/real/real_00582.jpeg
real_00542.jpeg,test,real,real,/kaggle/working/genimage_8000_split_v4/test/real/real_00542.jpeg
real_00547.jpeg,test,real,real,/kaggle/working/genimage_8000_split_v4/test/real/real_00547.jpeg
real_00287.jpeg,test,real,real,/kaggle/working/genimage_8000_split_v4/test/real/real_00287.jpeg
real_00144.jpeg,test,real,real,/kaggle/working/genimage_8000_split_v4/test/real/real_00144.jpeg
real_00214.jpeg,test,real,real,/kaggle/working/genimage_8000_split_v4/test/real/real_00214.jpeg
real_00234.jpeg,test,real,real,/kaggle/working/genimage_8000_split_v4/test/real/real_00234.jpeg
real_00595.jpeg,test,real,real,/kaggle/working/genimage_8000_split_v4/test/real/real_00595.jpeg
real_00075.jpeg,test,real,real,/kaggle/working/genimage_8000_split_v4/test/real/real_00075.jpeg
real_00295.jpeg,test,real,real,/kaggle/working/genimage_8000_split_v4/test/real/real_00295.jpeg
real_00070.jpeg,test,real,real,/kaggle/working/genimage_8000_split_v4/test/real/real_00070.jpeg
real_00148.jpeg,test,real,real,/kaggle/working/genimage_8000_split_v4/test/real/real_00148.jpeg
real_00491.jpeg,test,real,real,/kaggle/working/genimage_8000_split_v4/test/real/real_00491.jpeg
real_00090.jpeg,test,real,real,/kaggle/working/genimage_8000_split_v4/test/real/real_00090.jpeg
real_00063.jpeg,test,real,real,/kaggle/working/genimage_8000_split_v4/test/real/real_00063.jpeg
real_00334.jpeg,test,real,real,/kaggle/working/genimage_8000_split_v4/test/real/real_00334.jpeg
real_00530.jpeg,test,real,real,/kaggle/working/genimage_8000_split_v4/test/real/real_00530.jpeg
real_00069.jpeg,test,real,real,/kaggle/working/genimage_8000_split_v4/test/real/real_00069.jpeg
real_00109.jpeg,test,real,real,/kaggle/working/genimage_8000_split_v4/test/real/real_00109.jpeg
real_00321.jpeg,test,real,real,/kaggle/working/genimage_8000_split_v4/test/real/real_00321.jpeg
real_00126.jpeg,test,real,real,/kaggle/working/genimage_8000_split_v4/test/real/real_00126.jpeg
real_00358.jpeg,test,real,real,/kaggle/working/genimage_8000_split_v4/test/real/real_00358.jpeg
real_00364.jpeg,test,real,real,/kaggle/working/genimage_8000_split_v4/test/real/real_00364.jpeg
real_00209.jpeg,test,real,real,/kaggle/working/genimage_8000_split_v4/test/real/real_00209.jpeg
real_00292.jpeg,test,real,real,/kaggle/working/genimage_8000_split_v4/test/real/real_00292.jpeg
real_00473.jpeg,test,real,real,/kaggle/working/genimage_8000_split_v4/test/real/real_00473.jpeg
real_00367.jpeg,test,real,real,/kaggle/working/genimage_8000_split_v4/test/real/real_00367.jpeg
real_00228.jpeg,test,real,real,/kaggle/working/genimage_8000_split_v4/test/real/real_00228.jpeg
real_00463.jpeg,test,real,real,/kaggle/working/genimage_8000_split_v4/test/real/real_00463.jpeg
real_00529.jpeg,test,real,real,/kaggle/working/genimage_8000_split_v4/test/real/real_00529.jpeg
real_00376.jpeg,test,real,real,/kaggle/working/genimage_8000_split_v4/test/real/real_00376.jpeg
real_00089.jpeg,test,real,real,/kaggle/working/genimage_8000_split_v4/test/real/real_00089.jpeg
real_00409.jpeg,test,real,real,/kaggle/working/genimage_8000_split_v4/test/real/real_00409.jpeg
real_00456.jpeg,test,real,real,/kaggle/working/genimage_8000_split_v4/test/real/real_00456.jpeg
real_00378.jpeg,test,real,real,/kaggle/working/genimage_8000_split_v4/test/real/real_00378.jpeg
real_00596.jpeg,test,real,real,/kaggle/working/genimage_8000_split_v4/test/real/real_00596.jpeg
real_00477.jpeg,test,real,real,/kaggle/working/genimage_8000_split_v4/test/real/real_00477.jpeg
real_00261.jpeg,test,real,real,/kaggle/working/genimage_8000_split_v4/test/real/real_00261.jpeg
real_00273.jpeg,test,real,real,/kaggle/working/genimage_8000_split_v4/test/real/real_00273.jpeg
real_00100.jpeg,test,real,real,/kaggle/working/genimage_8000_split_v4/test/real/real_00100.jpeg
real_00080.jpeg,test,real,real,/kaggle/working/genimage_8000_split_v4/test/real/real_00080.jpeg
real_00009.jpeg,test,real,real,/kaggle/working/genimage_8000_split_v4/test/real/real_00009.jpeg
real_00167.jpeg,test,real,real,/kaggle/working/genimage_8000_split_v4/test/real/real_00167.jpeg
real_00571.jpeg,test,real,real,/kaggle/working/genimage_8000_split_v4/test/real/real_00571.jpeg
real_00218.jpeg,test,real,real,/kaggle/working/genimage_8000_split_v4/test/real/real_00218.jpeg
real_00355.jpeg,test,real,real,/kaggle/working/genimage_8000_split_v4/test/real/real_00355.jpeg
real_00406.jpeg,test,real,real,/kaggle/working/genimage_8000_split_v4/test/real/real_00406.jpeg
real_00302.jpeg,test,real,real,/kaggle/working/genimage_8000_split_v4/test/real/real_00302.jpeg
real_00010.jpeg,test,real,real,/kaggle/working/genimage_8000_split_v4/test/real/real_00010.jpeg
real_00405.jpeg,test,real,real,/kaggle/working/genimage_8000_split_v4/test/real/real_00405.jpeg
real_00447.jpeg,test,real,real,/kaggle/working/genimage_8000_split_v4/test/real/real_00447.jpeg
real_00379.jpeg,test,real,real,/kaggle/working/genimage_8000_split_v4/test/real/real_00379.jpeg
real_00319.jpeg,test,real,real,/kaggle/working/genimage_8000_split_v4/test/real/real_00319.jpeg
real_00543.jpeg,test,real,real,/kaggle/working/genimage_8000_split_v4/test/real/real_00543.jpeg
real_00539.jpeg,test,real,real,/kaggle/working/genimage_8000_split_v4/test/real/real_00539.jpeg
real_00579.jpeg,test,real,real,/kaggle/working/genimage_8000_split_v4/test/real/real_00579.jpeg
real_00459.jpeg,test,real,real,/kaggle/working/genimage_8000_split_v4/test/real/real_00459.jpeg
real_00587.jpeg,test,real,real,/kaggle/working/genimage_8000_split_v4/test/real/real_00587.jpeg
real_00114.jpeg,test,real,real,/kaggle/working/genimage_8000_split_v4/test/real/real_00114.jpeg
real_00479.jpeg,test,real,real,/kaggle/working/genimage_8000_split_v4/test/real/real_00479.jpeg
real_00488.jpeg,test,real,real,/kaggle/working/genimage_8000_split_v4/test/real/real_00488.jpeg
real_00360.jpeg,test,real,real,/kaggle/working/genimage_8000_split_v4/test/real/real_00360.jpeg
real_00363.jpeg,test,real,real,/kaggle/working/genimage_8000_split_v4/test/real/real_00363.jpeg
real_00350.jpeg,test,real,real,/kaggle/working/genimage_8000_split_v4/test/real/real_00350.jpeg
real_00441.jpeg,test,real,real,/kaggle/working/genimage_8000_split_v4/test/real/real_00441.jpeg
real_00003.jpeg,test,real,real,/kaggle/working/genimage_8000_split_v4/test/real/real_00003.jpeg
real_00217.jpeg,test,real,real,/kaggle/working/genimage_8000_split_v4/test/real/real_00217.jpeg
real_00465.jpeg,test,real,real,/kaggle/working/genimage_8000_split_v4/test/real/real_00465.jpeg
real_00442.jpeg,test,real,real,/kaggle/working/genimage_8000_split_v4/test/real/real_00442.jpeg
real_00233.jpeg,test,real,real,/kaggle/working/genimage_8000_split_v4/test/real/real_00233.jpeg
real_00161.jpeg,test,real,real,/kaggle/working/genimage_8000_split_v4/test/real/real_00161.jpeg
real_00412.jpeg,test,real,real,/kaggle/working/genimage_8000_split_v4/test/real/real_00412.jpeg
real_00468.jpeg,test,real,real,/kaggle/working/genimage_8000_split_v4/test/real/real_00468.jpeg
real_00125.jpeg,test,real,real,/kaggle/working/genimage_8000_split_v4/test/real/real_00125.jpeg
real_00186.jpeg,test,real,real,/kaggle/working/genimage_8000_split_v4/test/real/real_00186.jpeg
real_00172.jpeg,test,real,real,/kaggle/working/genimage_8000_split_v4/test/real/real_00172.jpeg
real_00467.jpeg,test,real,real,/kaggle/working/genimage_8000_split_v4/test/real/real_00467.jpeg
real_00323.jpeg,test,real,real,/kaggle/working/genimage_8000_split_v4/test/real/real_00323.jpeg
real_00203.jpeg,test,real,real,/kaggle/working/genimage_8000_split_v4/test/real/real_00203.jpeg
real_00552.jpeg,test,real,real,/kaggle/working/genimage_8000_split_v4/test/real/real_00552.jpeg
real_00034.jpeg,test,real,real,/kaggle/working/genimage_8000_split_v4/test/real/real_00034.jpeg
real_00142.jpeg,test,real,real,/kaggle/working/genimage_8000_split_v4/test/real/real_00142.jpeg
real_00059.jpeg,test,real,real,/kaggle/working/genimage_8000_split_v4/test/real/real_00059.jpeg
real_00021.jpeg,test,real,real,/kaggle/working/genimage_8000_split_v4/test/real/real_00021.jpeg
real_00525.jpeg,test,real,real,/kaggle/working/genimage_8000_split_v4/test/real/real_00525.jpeg
real_00275.jpeg,test,real,real,/kaggle/working/genimage_8000_split_v4/test/real/real_00275.jpeg
real_00430.jpeg,test,real,real,/kaggle/working/genimage_8000_split_v4/test/real/real_00430.jpeg
real_00349.jpeg,test,real,real,/kaggle/working/genimage_8000_split_v4/test/real/real_00349.jpeg
real_00373.jpeg,test,real,real,/kaggle/working/genimage_8000_split_v4/test/real/real_00373.jpeg
real_00078.jpeg,test,real,real,/kaggle/working/genimage_8000_split_v4/test/real/real_00078.jpeg
real_00437.jpeg,test,real,real,/kaggle/working/genimage_8000_split_v4/test/real/real_00437.jpeg
real_00520.jpeg,test,real,real,/kaggle/working/genimage_8000_split_v4/test/real/real_00520.jpeg
real_00564.jpeg,test,real,real,/kaggle/working/genimage_8000_split_v4/test/real/real_00564.jpeg
real_00578.jpeg,test,real,real,/kaggle/working/genimage_8000_split_v4/test/real/real_00578.jpeg
real_00225.jpeg,test,real,real,/kaggle/working/genimage_8000_split_v4/test/real/real_00225.jpeg
real_00232.jpeg,test,real,real,/kaggle/working/genimage_8000_split_v4/test/real/real_00232.jpeg
real_00194.jpeg,test,real,real,/kaggle/working/genimage_8000_split_v4/test/real/real_00194.jpeg
real_00278.jpeg,test,real,real,/kaggle/working/genimage_8000_split_v4/test/real/real_00278.jpeg
real_00168.jpeg,test,real,real,/kaggle/working/genimage_8000_split_v4/test/real/real_00168.jpeg
real_00145.jpeg,test,real,real,/kaggle/working/genimage_8000_split_v4/test/real/real_00145.jpeg
real_00495.jpeg,test,real,real,/kaggle/working/genimage_8000_split_v4/test/real/real_00495.jpeg
real_00236.jpeg,test,real,real,/kaggle/working/genimage_8000_split_v4/test/real/real_00236.jpeg
real_00121.jpeg,test,real,real,/kaggle/working/genimage_8000_split_v4/test/real/real_00121.jpeg
real_00455.jpeg,test,real,real,/kaggle/working/genimage_8000_split_v4/test/real/real_00455.jpeg
real_00177.jpeg,test,real,real,/kaggle/working/genimage_8000_split_v4/test/real/real_00177.jpeg
real_00485.jpeg,test,real,real,/kaggle/working/genimage_8000_split_v4/test/real/real_00485.jpeg
real_00136.jpeg,test,real,real,/kaggle/working/genimage_8000_split_v4/test/real/real_00136.jpeg
real_00054.jpeg,test,real,real,/kaggle/working/genimage_8000_split_v4/test/real/real_00054.jpeg
real_00470.jpeg,test,real,real,/kaggle/working/genimage_8000_split_v4/test/real/real_00470.jpeg
real_00118.jpeg,test,real,real,/kaggle/working/genimage_8000_split_v4/test/real/real_00118.jpeg
real_00153.jpeg,test,real,real,/kaggle/working/genimage_8000_split_v4/test/real/real_00153.jpeg
real_00384.jpeg,test,real,real,/kaggle/working/genimage_8000_split_v4/test/real/real_00384.jpeg
real_00115.jpeg,test,real,real,/kaggle/working/genimage_8000_split_v4/test/real/real_00115.jpeg
real_00101.jpeg,test,real,real,/kaggle/working/genimage_8000_split_v4/test/real/real_00101.jpeg
real_00327.jpeg,test,real,real,/kaggle/working/genimage_8000_split_v4/test/real/real_00327.jpeg
real_00164.jpeg,test,real,real,/kaggle/working/genimage_8000_split_v4/test/real/real_00164.jpeg
real_00538.jpeg,test,real,real,/kaggle/working/genimage_8000_split_v4/test/real/real_00538.jpeg
real_00049.jpeg,test,real,real,/kaggle/working/genimage_8000_split_v4/test/real/real_00049.jpeg
real_00544.jpeg,test,real,real,/kaggle/working/genimage_8000_split_v4/test/real/real_00544.jpeg
real_00154.jpeg,test,real,real,/kaggle/working/genimage_8000_split_v4/test/real/real_00154.jpeg
real_00215.jpeg,test,real,real,/kaggle/working/genimage_8000_split_v4/test/real/real_00215.jpeg
real_00124.jpeg,test,real,real,/kaggle/working/genimage_8000_split_v4/test/real/real_00124.jpeg
real_00223.jpeg,test,real,real,/kaggle/working/genimage_8000_split_v4/test/real/real_00223.jpeg
real_00065.jpeg,test,real,real,/kaggle/working/genimage_8000_split_v4/test/real/real_00065.jpeg
real_00282.jpeg,test,real,real,/kaggle/working/genimage_8000_split_v4/test/real/real_00282.jpeg
real_00267.jpeg,test,real,real,/kaggle/working/genimage_8000_split_v4/test/real/real_00267.jpeg
real_00343.jpeg,test,real,real,/kaggle/working/genimage_8000_split_v4/test/real/real_00343.jpeg
real_00421.jpeg,test,real,real,/kaggle/working/genimage_8000_split_v4/test/real/real_00421.jpeg
real_00531.jpeg,test,real,real,/kaggle/working/genimage_8000_split_v4/test/real/real_00531.jpeg
real_00575.jpeg,test,real,real,/kaggle/working/genimage_8000_split_v4/test/real/real_00575.jpeg
real_00290.jpeg,test,real,real,/kaggle/working/genimage_8000_split_v4/test/real/real_00290.jpeg
real_00336.jpeg,test,real,real,/kaggle/working/genimage_8000_split_v4/test/real/real_00336.jpeg
real_00306.jpeg,test,real,real,/kaggle/working/genimage_8000_split_v4/test/real/real_00306.jpeg
real_00231.jpeg,test,real,real,/kaggle/working/genimage_8000_split_v4/test/real/real_00231.jpeg
real_00002.jpeg,test,real,real,/kaggle/working/genimage_8000_split_v4/test/real/real_00002.jpeg
real_00504.jpeg,test,real,real,/kaggle/working/genimage_8000_split_v4/test/real/real_00504.jpeg
real_00536.jpeg,test,real,real,/kaggle/working/genimage_8000_split_v4/test/real/real_00536.jpeg
real_00362.jpeg,test,real,real,/kaggle/working/genimage_8000_split_v4/test/real/real_00362.jpeg
real_00199.jpeg,test,real,real,/kaggle/working/genimage_8000_split_v4/test/real/real_00199.jpeg
real_00023.jpeg,test,real,real,/kaggle/working/genimage_8000_split_v4/test/real/real_00023.jpeg
real_00433.jpeg,test,real,real,/kaggle/working/genimage_8000_split_v4/test/real/real_00433.jpeg
real_00484.jpeg,test,real,real,/kaggle/working/genimage_8000_split_v4/test/real/real_00484.jpeg
real_00110.jpeg,test,real,real,/kaggle/working/genimage_8000_split_v4/test/real/real_00110.jpeg
real_00305.jpeg,test,real,real,/kaggle/working/genimage_8000_split_v4/test/real/real_00305.jpeg
real_00352.jpeg,test,real,real,/kaggle/working/genimage_8000_split_v4/test/real/real_00352.jpeg
real_00256.jpeg,test,real,real,/kaggle/working/genimage_8000_split_v4/test/real/real_00256.jpeg
real_00404.jpeg,test,real,real,/kaggle/working/genimage_8000_split_v4/test/real/real_00404.jpeg
real_00523.jpeg,test,real,real,/kaggle/working/genimage_8000_split_v4/test/real/real_00523.jpeg
real_00513.jpeg,test,real,real,/kaggle/working/genimage_8000_split_v4/test/real/real_00513.jpeg
real_00108.jpeg,test,real,real,/kaggle/working/genimage_8000_split_v4/test/real/real_00108.jpeg
real_00119.jpeg,test,real,real,/kaggle/working/genimage_8000_split_v4/test/real/real_00119.jpeg
real_00511.jpeg,test,real,real,/kaggle/working/genimage_8000_split_v4/test/real/real_00511.jpeg
real_00073.jpeg,test,real,real,/kaggle/working/genimage_8000_split_v4/test/real/real_00073.jpeg
real_00469.jpeg,test,real,real,/kaggle/working/genimage_8000_split_v4/test/real/real_00469.jpeg
real_00035.jpeg,test,real,real,/kaggle/working/genimage_8000_split_v4/test/real/real_00035.jpeg
real_00427.jpeg,test,real,real,/kaggle/working/genimage_8000_split_v4/test/real/real_00427.jpeg
real_00000.jpeg,test,real,real,/kaggle/working/genimage_8000_split_v4/test/real/real_00000.jpeg
real_00066.jpeg,test,real,real,/kaggle/working/genimage_8000_split_v4/test/real/real_00066.jpeg
real_00052.jpeg,test,real,real,/kaggle/working/genimage_8000_split_v4/test/real/real_00052.jpeg
real_00483.jpeg,test,real,real,/kaggle/working/genimage_8000_split_v4/test/real/real_00483.jpeg
real_00020.jpeg,test,real,real,/kaggle/working/genimage_8000_split_v4/test/real/real_00020.jpeg
real_00540.jpeg,test,real,real,/kaggle/working/genimage_8000_split_v4/test/real/real_00540.jpeg
real_00383.jpeg,test,real,real,/kaggle/working/genimage_8000_split_v4/test/real/real_00383.jpeg
real_00129.jpeg,test,real,real,/kaggle/working/genimage_8000_split_v4/test/real/real_00129.jpeg
real_00505.jpeg,test,real,real,/kaggle/working/genimage_8000_split_v4/test/real/real_00505.jpeg
real_00517.jpeg,test,real,real,/kaggle/working/genimage_8000_split_v4/test/real/real_00517.jpeg
real_00291.jpeg,test,real,real,/kaggle/working/genimage_8000_split_v4/test/real/real_00291.jpeg
real_00328.jpeg,test,real,real,/kaggle/working/genimage_8000_split_v4/test/real/real_00328.jpeg
real_00082.jpeg,test,real,real,/kaggle/working/genimage_8000_split_v4/test/real/real_00082.jpeg
real_00413.jpeg,test,real,real,/kaggle/working/genimage_8000_split_v4/test/real/real_00413.jpeg
real_00201.jpeg,test,real,real,/kaggle/working/genimage_8000_split_v4/test/real/real_00201.jpeg
real_00422.jpeg,test,real,real,/kaggle/working/genimage_8000_split_v4/test/real/real_00422.jpeg
real_00481.jpeg,test,real,real,/kaggle/working/genimage_8000_split_v4/test/real/real_00481.jpeg
real_00249.jpeg,test,real,real,/kaggle/working/genimage_8000_split_v4/test/real/real_00249.jpeg
real_00591.jpeg,test,real,real,/kaggle/working/genimage_8000_split_v4/test/real/real_00591.jpeg
real_00103.jpeg,test,real,real,/kaggle/working/genimage_8000_split_v4/test/real/real_00103.jpeg
real_00058.jpeg,test,real,real,/kaggle/working/genimage_8000_split_v4/test/real/real_00058.jpeg
real_00029.jpeg,test,real,real,/kaggle/working/genimage_8000_split_v4/test/real/real_00029.jpeg
real_00551.jpeg,test,real,real,/kaggle/working/genimage_8000_split_v4/test/real/real_00551.jpeg
real_00453.jpeg,test,real,real,/kaggle/working/genimage_8000_split_v4/test/real/real_00453.jpeg
real_00041.jpeg,test,real,real,/kaggle/working/genimage_8000_split_v4/test/real/real_00041.jpeg
real_00316.jpeg,test,real,real,/kaggle/working/genimage_8000_split_v4/test/real/real_00316.jpeg
real_00449.jpeg,test,real,real,/kaggle/working/genimage_8000_split_v4/test/real/real_00449.jpeg
real_00198.jpeg,test,real,real,/kaggle/working/genimage_8000_split_v4/test/real/real_00198.jpeg
real_00310.jpeg,test,real,real,/kaggle/working/genimage_8000_split_v4/test/real/real_00310.jpeg
real_00205.jpeg,test,real,real,/kaggle/working/genimage_8000_split_v4/test/real/real_00205.jpeg
real_00011.jpeg,test,real,real,/kaggle/working/genimage_8000_split_v4/test/real/real_00011.jpeg
real_00556.jpeg,test,real,real,/kaggle/working/genimage_8000_split_v4/test/real/real_00556.jpeg
real_00294.jpeg,test,real,real,/kaggle/working/genimage_8000_split_v4/test/real/real_00294.jpeg
real_00112.jpeg,test,real,real,/kaggle/working/genimage_8000_split_v4/test/real/real_00112.jpeg
real_00170.jpeg,test,real,real,/kaggle/working/genimage_8000_split_v4/test/real/real_00170.jpeg
real_00569.jpeg,test,real,real,/kaggle/working/genimage_8000_split_v4/test/real/real_00569.jpeg
real_00318.jpeg,test,real,real,/kaggle/working/genimage_8000_split_v4/test/real/real_00318.jpeg
real_00397.jpeg,test,real,real,/kaggle/working/genimage_8000_split_v4/test/real/real_00397.jpeg
real_00014.jpeg,test,real,real,/kaggle/working/genimage_8000_split_v4/test/real/real_00014.jpeg
real_00196.jpeg,test,real,real,/kaggle/working/genimage_8000_split_v4/test/real/real_00196.jpeg
real_00191.jpeg,test,real,real,/kaggle/working/genimage_8000_split_v4/test/real/real_00191.jpeg
real_00192.jpeg,test,real,real,/kaggle/working/genimage_8000_split_v4/test/real/real_00192.jpeg
real_00353.jpeg,test,real,real,/kaggle/working/genimage_8000_split_v4/test/real/real_00353.jpeg
real_00254.jpeg,test,real,real,/kaggle/working/genimage_8000_split_v4/test/real/real_00254.jpeg
real_00169.jpeg,test,real,real,/kaggle/working/genimage_8000_split_v4/test/real/real_00169.jpeg
real_00370.jpeg,test,real,real,/kaggle/working/genimage_8000_split_v4/test/real/real_00370.jpeg
real_00004.jpeg,test,real,real,/kaggle/working/genimage_8000_split_v4/test/real/real_00004.jpeg
real_00368.jpeg,test,real,real,/kaggle/working/genimage_8000_split_v4/test/real/real_00368.jpeg
real_00417.jpeg,test,real,real,/kaggle/working/genimage_8000_split_v4/test/real/real_00417.jpeg
real_00333.jpeg,test,real,real,/kaggle/working/genimage_8000_split_v4/test/real/real_00333.jpeg
real_00123.jpeg,test,real,real,/kaggle/working/genimage_8000_split_v4/test/real/real_00123.jpeg
real_00380.jpeg,test,real,real,/kaggle/working/genimage_8000_split_v4/test/real/real_00380.jpeg
real_00179.jpeg,test,real,real,/kaggle/working/genimage_8000_split_v4/test/real/real_00179.jpeg
real_00400.jpeg,test,real,real,/kaggle/working/genimage_8000_split_v4/test/real/real_00400.jpeg
real_00369.jpeg,test,real,real,/kaggle/working/genimage_8000_split_v4/test/real/real_00369.jpeg
real_00051.jpeg,test,real,real,/kaggle/working/genimage_8000_split_v4/test/real/real_00051.jpeg
real_00097.jpeg,test,real,real,/kaggle/working/genimage_8000_split_v4/test/real/real_00097.jpeg
real_00515.jpeg,test,real,real,/kaggle/working/genimage_8000_split_v4/test/real/real_00515.jpeg
real_00446.jpeg,test,real,real,/kaggle/working/genimage_8000_split_v4/test/real/real_00446.jpeg
real_00155.jpeg,test,real,real,/kaggle/working/genimage_8000_split_v4/test/real/real_00155.jpeg
real_00277.jpeg,test,real,real,/kaggle/working/genimage_8000_split_v4/test/real/real_00277.jpeg
real_00098.jpeg,test,real,real,/kaggle/working/genimage_8000_split_v4/test/real/real_00098.jpeg
real_00107.jpeg,test,real,real,/kaggle/working/genimage_8000_split_v4/test/real/real_00107.jpeg
real_00087.jpeg,test,real,real,/kaggle/working/genimage_8000_split_v4/test/real/real_00087.jpeg
real_00565.jpeg,test,real,real,/kaggle/working/genimage_8000_split_v4/test/real/real_00565.jpeg
real_00280.jpeg,test,real,real,/kaggle/working/genimage_8000_split_v4/test/real/real_00280.jpeg
real_00507.jpeg,test,real,real,/kaggle/working/genimage_8000_split_v4/test/real/real_00507.jpeg
real_00326.jpeg,test,real,real,/kaggle/working/genimage_8000_split_v4/test/real/real_00326.jpeg
real_00244.jpeg,test,real,real,/kaggle/working/genimage_8000_split_v4/test/real/real_00244.jpeg
real_00033.jpeg,test,real,real,/kaggle/working/genimage_8000_split_v4/test/real/real_00033.jpeg
real_00064.jpeg,test,real,real,/kaggle/working/genimage_8000_split_v4/test/real/real_00064.jpeg
real_00013.jpeg,test,real,real,/kaggle/working/genimage_8000_split_v4/test/real/real_00013.jpeg
real_00183.jpeg,test,real,real,/kaggle/working/genimage_8000_split_v4/test/real/real_00183.jpeg
real_00030.jpeg,test,real,real,/kaggle/working/genimage_8000_split_v4/test/real/real_00030.jpeg
real_00474.jpeg,test,real,real,/kaggle/working/genimage_8000_split_v4/test/real/real_00474.jpeg
real_00558.jpeg,test,real,real,/kaggle/working/genimage_8000_split_v4/test/real/real_00558.jpeg
real_00088.jpeg,test,real,real,/kaggle/working/genimage_8000_split_v4/test/real/real_00088.jpeg
real_00436.jpeg,test,real,real,/kaggle/working/genimage_8000_split_v4/test/real/real_00436.jpeg
real_00518.jpeg,test,real,real,/kaggle/working/genimage_8000_split_v4/test/real/real_00518.jpeg
real_00111.jpeg,test,real,real,/kaggle/working/genimage_8000_split_v4/test/real/real_00111.jpeg
real_00122.jpeg,test,real,real,/kaggle/working/genimage_8000_split_v4/test/real/real_00122.jpeg
real_00461.jpeg,test,real,real,/kaggle/working/genimage_8000_split_v4/test/real/real_00461.jpeg
real_00239.jpeg,test,real,real,/kaggle/working/genimage_8000_split_v4/test/real/real_00239.jpeg
real_00408.jpeg,test,real,real,/kaggle/working/genimage_8000_split_v4/test/real/real_00408.jpeg
real_00460.jpeg,test,real,real,/kaggle/working/genimage_8000_split_v4/test/real/real_00460.jpeg
real_00138.jpeg,test,real,real,/kaggle/working/genimage_8000_split_v4/test/real/real_00138.jpeg
real_00429.jpeg,test,real,real,/kaggle/working/genimage_8000_split_v4/test/real/real_00429.jpeg
real_00462.jpeg,test,real,real,/kaggle/working/genimage_8000_split_v4/test/real/real_00462.jpeg
real_00113.jpeg,test,real,real,/kaggle/working/genimage_8000_split_v4/test/real/real_00113.jpeg
real_00391.jpeg,test,real,real,/kaggle/working/genimage_8000_split_v4/test/real/real_00391.jpeg
real_00303.jpeg,test,real,real,/kaggle/working/genimage_8000_split_v4/test/real/real_00303.jpeg
real_00592.jpeg,test,real,real,/kaggle/working/genimage_8000_split_v4/test/real/real_00592.jpeg
real_00157.jpeg,test,real,real,/kaggle/working/genimage_8000_split_v4/test/real/real_00157.jpeg
real_00475.jpeg,test,real,real,/kaggle/working/genimage_8000_split_v4/test/real/real_00475.jpeg
real_00071.jpeg,test,real,real,/kaggle/working/genimage_8000_split_v4/test/real/real_00071.jpeg
real_00235.jpeg,test,real,real,/kaggle/working/genimage_8000_split_v4/test/real/real_00235.jpeg
real_00067.jpeg,test,real,real,/kaggle/working/genimage_8000_split_v4/test/real/real_00067.jpeg
real_00502.jpeg,test,real,real,/kaggle/working/genimage_8000_split_v4/test/real/real_00502.jpeg
real_00099.jpeg,test,real,real,/kaggle/working/genimage_8000_split_v4/test/real/real_00099.jpeg
real_00508.jpeg,test,real,real,/kaggle/working/genimage_8000_split_v4/test/real/real_00508.jpeg
real_00036.jpeg,test,real,real,/kaggle/working/genimage_8000_split_v4/test/real/real_00036.jpeg
real_00149.jpeg,test,real,real,/kaggle/working/genimage_8000_split_v4/test/real/real_00149.jpeg
real_00220.jpeg,test,real,real,/kaggle/working/genimage_8000_split_v4/test/real/real_00220.jpeg
real_00418.jpeg,test,real,real,/kaggle/working/genimage_8000_split_v4/test/real/real_00418.jpeg
real_00466.jpeg,test,real,real,/kaggle/working/genimage_8000_split_v4/test/real/real_00466.jpeg
real_00120.jpeg,test,real,real,/kaggle/working/genimage_8000_split_v4/test/real/real_00120.jpeg
real_00139.jpeg,test,real,real,/kaggle/working/genimage_8000_split_v4/test/real/real_00139.jpeg
real_00589.jpeg,test,real,real,/kaggle/working/genimage_8000_split_v4/test/real/real_00589.jpeg
real_00276.jpeg,test,real,real,/kaggle/working/genimage_8000_split_v4/test/real/real_00276.jpeg
real_00377.jpeg,test,real,real,/kaggle/working/genimage_8000_split_v4/test/real/real_00377.jpeg
real_00175.jpeg,test,real,real,/kaggle/working/genimage_8000_split_v4/test/real/real_00175.jpeg
real_00001.jpeg,test,real,real,/kaggle/working/genimage_8000_split_v4/test/real/real_00001.jpeg
real_00424.jpeg,test,real,real,/kaggle/working/genimage_8000_split_v4/test/real/real_00424.jpeg
real_00197.jpeg,test,real,real,/kaggle/working/genimage_8000_split_v4/test/real/real_00197.jpeg
real_00246.jpeg,test,real,real,/kaggle/working/genimage_8000_split_v4/test/real/real_00246.jpeg
real_00325.jpeg,test,real,real,/kaggle/working/genimage_8000_split_v4/test/real/real_00325.jpeg
real_00150.jpeg,test,real,real,/kaggle/working/genimage_8000_split_v4/test/real/real_00150.jpeg
real_00501.jpeg,test,real,real,/kaggle/working/genimage_8000_split_v4/test/real/real_00501.jpeg
real_00428.jpeg,test,real,real,/kaggle/working/genimage_8000_split_v4/test/real/real_00428.jpeg
real_00222.jpeg,test,real,real,/kaggle/working/genimage_8000_split_v4/test/real/real_00222.jpeg
real_00045.jpeg,test,real,real,/kaggle/working/genimage_8000_split_v4/test/real/real_00045.jpeg
real_00338.jpeg,test,real,real,/kaggle/working/genimage_8000_split_v4/test/real/real_00338.jpeg
real_00390.jpeg,test,real,real,/kaggle/working/genimage_8000_split_v4/test/real/real_00390.jpeg
real_00062.jpeg,test,real,real,/kaggle/working/genimage_8000_split_v4/test/real/real_00062.jpeg
real_00426.jpeg,test,real,real,/kaggle/working/genimage_8000_split_v4/test/real/real_00426.jpeg
real_00247.jpeg,test,real,real,/kaggle/working/genimage_8000_split_v4/test/real/real_00247.jpeg
real_00152.jpeg,test,real,real,/kaggle/working/genimage_8000_split_v4/test/real/real_00152.jpeg
real_00156.jpeg,test,real,real,/kaggle/working/genimage_8000_split_v4/test/real/real_00156.jpeg
real_00084.jpeg,test,real,real,/kaggle/working/genimage_8000_split_v4/test/real/real_00084.jpeg
real_00212.jpeg,test,real,real,/kaggle/working/genimage_8000_split_v4/test/real/real_00212.jpeg
real_00184.jpeg,test,real,real,/kaggle/working/genimage_8000_split_v4/test/real/real_00184.jpeg
real_00309.jpeg,test,real,real,/kaggle/working/genimage_8000_split_v4/test/real/real_00309.jpeg
real_00423.jpeg,test,real,real,/kaggle/working/genimage_8000_split_v4/test/real/real_00423.jpeg
real_00095.jpeg,test,real,real,/kaggle/working/genimage_8000_split_v4/test/real/real_00095.jpeg
real_00264.jpeg,test,real,real,/kaggle/working/genimage_8000_split_v4/test/real/real_00264.jpeg
real_00105.jpeg,test,real,real,/kaggle/working/genimage_8000_split_v4/test/real/real_00105.jpeg
real_00024.jpeg,test,real,real,/kaggle/working/genimage_8000_split_v4/test/real/real_00024.jpeg
real_00293.jpeg,test,real,real,/kaggle/working/genimage_8000_split_v4/test/real/real_00293.jpeg
real_00311.jpeg,test,real,real,/kaggle/working/genimage_8000_split_v4/test/real/real_00311.jpeg
real_00032.jpeg,test,real,real,/kaggle/working/genimage_8000_split_v4/test/real/real_00032.jpeg
real_00374.jpeg,test,real,real,/kaggle/working/genimage_8000_split_v4/test/real/real_00374.jpeg
real_00492.jpeg,test,real,real,/kaggle/working/genimage_8000_split_v4/test/real/real_00492.jpeg
real_00162.jpeg,test,real,real,/kaggle/working/genimage_8000_split_v4/test/real/real_00162.jpeg
real_00588.jpeg,test,real,real,/kaggle/working/genimage_8000_split_v4/test/real/real_00588.jpeg
real_00411.jpeg,test,real,real,/kaggle/working/genimage_8000_split_v4/test/real/real_00411.jpeg
real_00241.jpeg,test,real,real,/kaggle/working/genimage_8000_split_v4/test/real/real_00241.jpeg
real_00432.jpeg,test,real,real,/kaggle/working/genimage_8000_split_v4/test/real/real_00432.jpeg
real_00025.jpeg,test,real,real,/kaggle/working/genimage_8000_split_v4/test/real/real_00025.jpeg
real_00079.jpeg,test,real,real,/kaggle/working/genimage_8000_split_v4/test/real/real_00079.jpeg
real_00351.jpeg,test,real,real,/kaggle/working/genimage_8000_split_v4/test/real/real_00351.jpeg
real_00590.jpeg,test,real,real,/kaggle/working/genimage_8000_split_v4/test/real/real_00590.jpeg
real_00240.jpeg,test,real,real,/kaggle/working/genimage_8000_split_v4/test/real/real_00240.jpeg
real_00583.jpeg,test,real,real,/kaggle/working/genimage_8000_split_v4/test/real/real_00583.jpeg
real_00116.jpeg,test,real,real,/kaggle/working/genimage_8000_split_v4/test/real/real_00116.jpeg
real_00081.jpeg,test,real,real,/kaggle/working/genimage_8000_split_v4/test/real/real_00081.jpeg
real_00224.jpeg,test,real,real,/kaggle/working/genimage_8000_split_v4/test/real/real_00224.jpeg
real_00372.jpeg,test,real,real,/kaggle/working/genimage_8000_split_v4/test/real/real_00372.jpeg
real_00074.jpeg,test,real,real,/kaggle/working/genimage_8000_split_v4/test/real/real_00074.jpeg
real_00555.jpeg,test,real,real,/kaggle/working/genimage_8000_split_v4/test/real/real_00555.jpeg
real_00399.jpeg,test,real,real,/kaggle/working/genimage_8000_split_v4/test/real/real_00399.jpeg
real_00308.jpeg,test,real,real,/kaggle/working/genimage_8000_split_v4/test/real/real_00308.jpeg
real_00132.jpeg,test,real,real,/kaggle/working/genimage_8000_split_v4/test/real/real_00132.jpeg
real_00478.jpeg,test,real,real,/kaggle/working/genimage_8000_split_v4/test/real/real_00478.jpeg
real_00435.jpeg,test,real,real,/kaggle/working/genimage_8000_split_v4/test/real/real_00435.jpeg
real_00072.jpeg,test,real,real,/kaggle/working/genimage_8000_split_v4/test/real/real_00072.jpeg
real_00037.jpeg,test,real,real,/kaggle/working/genimage_8000_split_v4/test/real/real_00037.jpeg
real_00272.jpeg,test,real,real,/kaggle/working/genimage_8000_split_v4/test/real/real_00272.jpeg
real_00102.jpeg,test,real,real,/kaggle/working/genimage_8000_split_v4/test/real/real_00102.jpeg
real_00044.jpeg,test,real,real,/kaggle/working/genimage_8000_split_v4/test/real/real_00044.jpeg
real_00546.jpeg,test,real,real,/kaggle/working/genimage_8000_split_v4/test/real/real_00546.jpeg
real_00146.jpeg,test,real,real,/kaggle/working/genimage_8000_split_v4/test/real/real_00146.jpeg
real_00361.jpeg,test,real,real,/kaggle/working/genimage_8000_split_v4/test/real/real_00361.jpeg
real_00498.jpeg,test,real,real,/kaggle/working/genimage_8000_split_v4/test/real/real_00498.jpeg
real_00567.jpeg,test,real,real,/kaggle/working/genimage_8000_split_v4/test/real/real_00567.jpeg
real_00229.jpeg,test,real,real,/kaggle/working/genimage_8000_split_v4/test/real/real_00229.jpeg
real_00573.jpeg,test,real,real,/kaggle/working/genimage_8000_split_v4/test/real/real_00573.jpeg
real_00452.jpeg,test,real,real,/kaggle/working/genimage_8000_split_v4/test/real/real_00452.jpeg
real_00258.jpeg,test,real,real,/kaggle/working/genimage_8000_split_v4/test/real/real_00258.jpeg
real_00581.jpeg,test,real,real,/kaggle/working/genimage_8000_split_v4/test/real/real_00581.jpeg
real_00340.jpeg,test,real,real,/kaggle/working/genimage_8000_split_v4/test/real/real_00340.jpeg
real_00516.jpeg,test,real,real,/kaggle/working/genimage_8000_split_v4/test/real/real_00516.jpeg
real_00524.jpeg,test,real,real,/kaggle/working/genimage_8000_split_v4/test/real/real_00524.jpeg
real_00554.jpeg,test,real,real,/kaggle/working/genimage_8000_split_v4/test/real/real_00554.jpeg
real_00299.jpeg,test,real,real,/kaggle/working/genimage_8000_split_v4/test/real/real_00299.jpeg
real_00439.jpeg,test,real,real,/kaggle/working/genimage_8000_split_v4/test/real/real_00439.jpeg
real_00166.jpeg,test,real,real,/kaggle/working/genimage_8000_split_v4/test/real/real_00166.jpeg
real_00392.jpeg,test,real,real,/kaggle/working/genimage_8000_split_v4/test/real/real_00392.jpeg
real_00086.jpeg,test,real,real,/kaggle/working/genimage_8000_split_v4/test/real/real_00086.jpeg
real_00537.jpeg,test,real,real,/kaggle/working/genimage_8000_split_v4/test/real/real_00537.jpeg
real_00431.jpeg,test,real,real,/kaggle/working/genimage_8000_split_v4/test/real/real_00431.jpeg
real_00389.jpeg,test,real,real,/kaggle/working/genimage_8000_split_v4/test/real/real_00389.jpeg
real_00534.jpeg,test,real,real,/kaggle/working/genimage_8000_split_v4/test/real/real_00534.jpeg
real_00541.jpeg,test,real,real,/kaggle/working/genimage_8000_split_v4/test/real/real_00541.jpeg
real_00094.jpeg,test,real,real,/kaggle/working/genimage_8000_split_v4/test/real/real_00094.jpeg
real_00226.jpeg,test,real,real,/kaggle/working/genimage_8000_split_v4/test/real/real_00226.jpeg
real_00200.jpeg,test,real,real,/kaggle/working/genimage_8000_split_v4/test/real/real_00200.jpeg
real_00330.jpeg,test,real,real,/kaggle/working/genimage_8000_split_v4/test/real/real_00330.jpeg
real_00091.jpeg,test,real,real,/kaggle/working/genimage_8000_split_v4/test/real/real_00091.jpeg
real_00472.jpeg,test,real,real,/kaggle/working/genimage_8000_split_v4/test/real/real_00472.jpeg
real_00493.jpeg,test,real,real,/kaggle/working/genimage_8000_split_v4/test/real/real_00493.jpeg
real_00053.jpeg,test,real,real,/kaggle/working/genimage_8000_split_v4/test/real/real_00053.jpeg
real_00298.jpeg,test,real,real,/kaggle/working/genimage_8000_split_v4/test/real/real_00298.jpeg
real_00366.jpeg,test,real,real,/kaggle/working/genimage_8000_split_v4/test/real/real_00366.jpeg
real_00182.jpeg,test,real,real,/kaggle/working/genimage_8000_split_v4/test/real/real_00182.jpeg
real_00490.jpeg,test,real,real,/kaggle/working/genimage_8000_split_v4/test/real/real_00490.jpeg
real_00593.jpeg,test,real,real,/kaggle/working/genimage_8000_split_v4/test/real/real_00593.jpeg
real_00137.jpeg,test,real,real,/kaggle/working/genimage_8000_split_v4/test/real/real_00137.jpeg
real_00314.jpeg,test,real,real,/kaggle/working/genimage_8000_split_v4/test/real/real_00314.jpeg
real_00471.jpeg,test,real,real,/kaggle/working/genimage_8000_split_v4/test/real/real_00471.jpeg
real_00365.jpeg,test,real,real,/kaggle/working/genimage_8000_split_v4/test/real/real_00365.jpeg
real_00042.jpeg,test,real,real,/kaggle/working/genimage_8000_split_v4/test/real/real_00042.jpeg
real_00448.jpeg,test,real,real,/kaggle/working/genimage_8000_split_v4/test/real/real_00448.jpeg
real_00188.jpeg,test,real,real,/kaggle/working/genimage_8000_split_v4/test/real/real_00188.jpeg
real_00245.jpeg,test,real,real,/kaggle/working/genimage_8000_split_v4/test/real/real_00245.jpeg
real_00509.jpeg,test,real,real,/kaggle/working/genimage_8000_split_v4/test/real/real_00509.jpeg
real_00265.jpeg,test,real,real,/kaggle/working/genimage_8000_split_v4/test/real/real_00265.jpeg
real_00443.jpeg,test,real,real,/kaggle/working/genimage_8000_split_v4/test/real/real_00443.jpeg
real_00284.jpeg,test,real,real,/kaggle/working/genimage_8000_split_v4/test/real/real_00284.jpeg
real_00386.jpeg,test,real,real,/kaggle/working/genimage_8000_split_v4/test/real/real_00386.jpeg
real_00548.jpeg,test,real,real,/kaggle/working/genimage_8000_split_v4/test/real/real_00548.jpeg
real_00487.jpeg,test,real,real,/kaggle/working/genimage_8000_split_v4/test/real/real_00487.jpeg
real_00549.jpeg,test,real,real,/kaggle/working/genimage_8000_split_v4/test/real/real_00549.jpeg
real_00315.jpeg,test,real,real,/kaggle/working/genimage_8000_split_v4/test/real/real_00315.jpeg
real_00464.jpeg,test,real,real,/kaggle/working/genimage_8000_split_v4/test/real/real_00464.jpeg
midjourney_00068.png,test,ai,midjourney,/kaggle/working/genimage_8000_split_v4/test/ai/midjourney_00068.png
vqdm_00062.png,test,ai,vqdm,/kaggle/working/genimage_8000_split_v4/test/ai/vqdm_00062.png
adm_00019.png,test,ai,adm,/kaggle/working/genimage_8000_split_v4/test/ai/adm_00019.png
midjourney_00077.png,test,ai,midjourney,/kaggle/working/genimage_8000_split_v4/test/ai/midjourney_00077.png
adm_00074.png,test,ai,adm,/kaggle/working/genimage_8000_split_v4/test/ai/adm_00074.png
wukong_00038.png,test,ai,wukong,/kaggle/working/genimage_8000_split_v4/test/ai/wukong_00038.png
biggan_00049.png,test,ai,biggan,/kaggle/working/genimage_8000_split_v4/test/ai/biggan_00049.png
midjourney_00036.png,test,ai,midjourney,/kaggle/working/genimage_8000_split_v4/test/ai/midjourney_00036.png
glide_00074.png,test,ai,glide,/kaggle/working/genimage_8000_split_v4/test/ai/glide_00074.png
sdv5_00043.png,test,ai,sdv5,/kaggle/working/genimage_8000_split_v4/test/ai/sdv5_00043.png
wukong_00067.png,test,ai,wukong,/kaggle/working/genimage_8000_split_v4/test/ai/wukong_00067.png
vqdm_00041.png,test,ai,vqdm,/kaggle/working/genimage_8000_split_v4/test/ai/vqdm_00041.png
wukong_00066.png,test,ai,wukong,/kaggle/working/genimage_8000_split_v4/test/ai/wukong_00066.png
vqdm_00061.png,test,ai,vqdm,/kaggle/working/genimage_8000_split_v4/test/ai/vqdm_00061.png
biggan_00010.png,test,ai,biggan,/kaggle/working/genimage_8000_split_v4/test/ai/biggan_00010.png
midjourney_00011.png,test,ai,midjourney,/kaggle/working/genimage_8000_split_v4/test/ai/midjourney_00011.png
adm_00067.png,test,ai,adm,/kaggle/working/genimage_8000_split_v4/test/ai/adm_00067.png
adm_00063.png,test,ai,adm,/kaggle/working/genimage_8000_split_v4/test/ai/adm_00063.png
wukong_00015.png,test,ai,wukong,/kaggle/working/genimage_8000_split_v4/test/ai/wukong_00015.png
vqdm_00004.png,test,ai,vqdm,/kaggle/working/genimage_8000_split_v4/test/ai/vqdm_00004.png
midjourney_00005.png,test,ai,midjourney,/kaggle/working/genimage_8000_split_v4/test/ai/midjourney_00005.png
adm_00014.png,test,ai,adm,/kaggle/working/genimage_8000_split_v4/test/ai/adm_00014.png
glide_00069.png,test,ai,glide,/kaggle/working/genimage_8000_split_v4/test/ai/glide_00069.png
vqdm_00010.png,test,ai,vqdm,/kaggle/working/genimage_8000_split_v4/test/ai/vqdm_00010.png
sdv5_00046.png,test,ai,sdv5,/kaggle/working/genimage_8000_split_v4/test/ai/sdv5_00046.png
wukong_00023.png,test,ai,wukong,/kaggle/working/genimage_8000_split_v4/test/ai/wukong_00023.png
midjourney_00074.png,test,ai,midjourney,/kaggle/working/genimage_8000_split_v4/test/ai/midjourney_00074.png
midjourney_00039.png,test,ai,midjourney,/kaggle/working/genimage_8000_split_v4/test/ai/midjourney_00039.png
vqdm_00024.png,test,ai,vqdm,/kaggle/working/genimage_8000_split_v4/test/ai/vqdm_00024.png
wukong_00075.png,test,ai,wukong,/kaggle/working/genimage_8000_split_v4/test/ai/wukong_00075.png
biggan_00050.png,test,ai,biggan,/kaggle/working/genimage_8000_split_v4/test/ai/biggan_00050.png
midjourney_00059.png,test,ai,midjourney,/kaggle/working/genimage_8000_split_v4/test/ai/midjourney_00059.png
biggan_00029.png,test,ai,biggan,/kaggle/working/genimage_8000_split_v4/test/ai/biggan_00029.png
sdv5_00039.png,test,ai,sdv5,/kaggle/working/genimage_8000_split_v4/test/ai/sdv5_00039.png
glide_00061.png,test,ai,glide,/kaggle/working/genimage_8000_split_v4/test/ai/glide_00061.png
biggan_00012.png,test,ai,biggan,/kaggle/working/genimage_8000_split_v4/test/ai/biggan_00012.png
biggan_00080.png,test,ai,biggan,/kaggle/working/genimage_8000_split_v4/test/ai/biggan_00080.png
glide_00053.png,test,ai,glide,/kaggle/working/genimage_8000_split_v4/test/ai/glide_00053.png
vqdm_00006.png,test,ai,vqdm,/kaggle/working/genimage_8000_split_v4/test/ai/vqdm_00006.png
adm_00023.png,test,ai,adm,/kaggle/working/genimage_8000_split_v4/test/ai/adm_00023.png
sdv5_00054.png,test,ai,sdv5,/kaggle/working/genimage_8000_split_v4/test/ai/sdv5_00054.png
midjourney_00021.png,test,ai,midjourney,/kaggle/working/genimage_8000_split_v4/test/ai/midjourney_00021.png
vqdm_00065.png,test,ai,vqdm,/kaggle/working/genimage_8000_split_v4/test/ai/vqdm_00065.png
biggan_00055.png,test,ai,biggan,/kaggle/working/genimage_8000_split_v4/test/ai/biggan_00055.png
wukong_00003.png,test,ai,wukong,/kaggle/working/genimage_8000_split_v4/test/ai/wukong_00003.png
biggan_00022.png,test,ai,biggan,/kaggle/working/genimage_8000_split_v4/test/ai/biggan_00022.png
biggan_00081.png,test,ai,biggan,/kaggle/working/genimage_8000_split_v4/test/ai/biggan_00081.png
vqdm_00049.png,test,ai,vqdm,/kaggle/working/genimage_8000_split_v4/test/ai/vqdm_00049.png
sdv5_00076.png,test,ai,sdv5,/kaggle/working/genimage_8000_split_v4/test/ai/sdv5_00076.png
vqdm_00011.png,test,ai,vqdm,/kaggle/working/genimage_8000_split_v4/test/ai/vqdm_00011.png
adm_00039.png,test,ai,adm,/kaggle/working/genimage_8000_split_v4/test/ai/adm_00039.png
glide_00023.png,test,ai,glide,/kaggle/working/genimage_8000_split_v4/test/ai/glide_00023.png
sdv5_00063.png,test,ai,sdv5,/kaggle/working/genimage_8000_split_v4/test/ai/sdv5_00063.png
biggan_00059.png,test,ai,biggan,/kaggle/working/genimage_8000_split_v4/test/ai/biggan_00059.png
glide_00015.png,test,ai,glide,/kaggle/working/genimage_8000_split_v4/test/ai/glide_00015.png
wukong_00047.png,test,ai,wukong,/kaggle/working/genimage_8000_split_v4/test/ai/wukong_00047.png
vqdm_00037.png,test,ai,vqdm,/kaggle/working/genimage_8000_split_v4/test/ai/vqdm_00037.png
wukong_00080.png,test,ai,wukong,/kaggle/working/genimage_8000_split_v4/test/ai/wukong_00080.png
midjourney_00076.png,test,ai,midjourney,/kaggle/working/genimage_8000_split_v4/test/ai/midjourney_00076.png
sdv5_00061.png,test,ai,sdv5,/kaggle/working/genimage_8000_split_v4/test/ai/sdv5_00061.png
adm_00029.png,test,ai,adm,/kaggle/working/genimage_8000_split_v4/test/ai/adm_00029.png
glide_00039.png,test,ai,glide,/kaggle/working/genimage_8000_split_v4/test/ai/glide_00039.png
adm_00072.png,test,ai,adm,/kaggle/working/genimage_8000_split_v4/test/ai/adm_00072.png
sdv5_00051.png,test,ai,sdv5,/kaggle/working/genimage_8000_split_v4/test/ai/sdv5_00051.png
sdv5_00066.png,test,ai,sdv5,/kaggle/working/genimage_8000_split_v4/test/ai/sdv5_00066.png
midjourney_00078.png,test,ai,midjourney,/kaggle/working/genimage_8000_split_v4/test/ai/midjourney_00078.png
vqdm_00017.png,test,ai,vqdm,/kaggle/working/genimage_8000_split_v4/test/ai/vqdm_00017.png
sdv5_00073.png,test,ai,sdv5,/kaggle/working/genimage_8000_split_v4/test/ai/sdv5_00073.png
midjourney_00045.png,test,ai,midjourney,/kaggle/working/genimage_8000_split_v4/test/ai/midjourney_00045.png
vqdm_00073.png,test,ai,vqdm,/kaggle/working/genimage_8000_split_v4/test/ai/vqdm_00073.png
sdv5_00008.png,test,ai,sdv5,/kaggle/working/genimage_8000_split_v4/test/ai/sdv5_00008.png
midjourney_00061.png,test,ai,midjourney,/kaggle/working/genimage_8000_split_v4/test/ai/midjourney_00061.png
adm_00015.png,test,ai,adm,/kaggle/working/genimage_8000_split_v4/test/ai/adm_00015.png
vqdm_00068.png,test,ai,vqdm,/kaggle/working/genimage_8000_split_v4/test/ai/vqdm_00068.png
midjourney_00053.png,test,ai,midjourney,/kaggle/working/genimage_8000_split_v4/test/ai/midjourney_00053.png
sdv5_00050.png,test,ai,sdv5,/kaggle/working/genimage_8000_split_v4/test/ai/sdv5_00050.png
glide_00050.png,test,ai,glide,/kaggle/working/genimage_8000_split_v4/test/ai/glide_00050.png
midjourney_00069.png,test,ai,midjourney,/kaggle/working/genimage_8000_split_v4/test/ai/midjourney_00069.png
glide_00038.png,test,ai,glide,/kaggle/working/genimage_8000_split_v4/test/ai/glide_00038.png
biggan_00011.png,test,ai,biggan,/kaggle/working/genimage_8000_split_v4/test/ai/biggan_00011.png
biggan_00082.png,test,ai,biggan,/kaggle/working/genimage_8000_split_v4/test/ai/biggan_00082.png
wukong_00005.png,test,ai,wukong,/kaggle/working/genimage_8000_split_v4/test/ai/wukong_00005.png
wukong_00014.png,test,ai,wukong,/kaggle/working/genimage_8000_split_v4/test/ai/wukong_00014.png
midjourney_00071.png,test,ai,midjourney,/kaggle/working/genimage_8000_split_v4/test/ai/midjourney_00071.png
midjourney_00009.png,test,ai,midjourney,/kaggle/working/genimage_8000_split_v4/test/ai/midjourney_00009.png
midjourney_00044.png,test,ai,midjourney,/kaggle/working/genimage_8000_split_v4/test/ai/midjourney_00044.png
biggan_00017.png,test,ai,biggan,/kaggle/working/genimage_8000_split_v4/test/ai/biggan_00017.png
glide_00082.png,test,ai,glide,/kaggle/working/genimage_8000_split_v4/test/ai/glide_00082.png
glide_00037.png,test,ai,glide,/kaggle/working/genimage_8000_split_v4/test/ai/glide_00037.png
adm_00027.png,test,ai,adm,/kaggle/working/genimage_8000_split_v4/test/ai/adm_00027.png
midjourney_00024.png,test,ai,midjourney,/kaggle/working/genimage_8000_split_v4/test/ai/midjourney_00024.png
glide_00033.png,test,ai,glide,/kaggle/working/genimage_8000_split_v4/test/ai/glide_00033.png
midjourney_00007.png,test,ai,midjourney,/kaggle/working/genimage_8000_split_v4/test/ai/midjourney_00007.png
sdv5_00072.png,test,ai,sdv5,/kaggle/working/genimage_8000_split_v4/test/ai/sdv5_00072.png
wukong_00022.png,test,ai,wukong,/kaggle/working/genimage_8000_split_v4/test/ai/wukong_00022.png
vqdm_00032.png,test,ai,vqdm,/kaggle/working/genimage_8000_split_v4/test/ai/vqdm_00032.png
glide_00009.png,test,ai,glide,/kaggle/working/genimage_8000_split_v4/test/ai/glide_00009.png
biggan_00030.png,test,ai,biggan,/kaggle/working/genimage_8000_split_v4/test/ai/biggan_00030.png
wukong_00057.png,test,ai,wukong,/kaggle/working/genimage_8000_split_v4/test/ai/wukong_00057.png
adm_00079.png,test,ai,adm,/kaggle/working/genimage_8000_split_v4/test/ai/adm_00079.png
vqdm_00031.png,test,ai,vqdm,/kaggle/working/genimage_8000_split_v4/test/ai/vqdm_00031.png
glide_00010.png,test,ai,glide,/kaggle/working/genimage_8000_split_v4/test/ai/glide_00010.png
wukong_00009.png,test,ai,wukong,/kaggle/working/genimage_8000_split_v4/test/ai/wukong_00009.png
glide_00013.png,test,ai,glide,/kaggle/working/genimage_8000_split_v4/test/ai/glide_00013.png
vqdm_00023.png,test,ai,vqdm,/kaggle/working/genimage_8000_split_v4/test/ai/vqdm_00023.png
sdv5_00011.png,test,ai,sdv5,/kaggle/working/genimage_8000_split_v4/test/ai/sdv5_00011.png
sdv5_00047.png,test,ai,sdv5,/kaggle/working/genimage_8000_split_v4/test/ai/sdv5_00047.png
sdv5_00009.png,test,ai,sdv5,/kaggle/working/genimage_8000_split_v4/test/ai/sdv5_00009.png
sdv5_00010.png,test,ai,sdv5,/kaggle/working/genimage_8000_split_v4/test/ai/sdv5_00010.png
glide_00076.png,test,ai,glide,/kaggle/working/genimage_8000_split_v4/test/ai/glide_00076.png
adm_00081.png,test,ai,adm,/kaggle/working/genimage_8000_split_v4/test/ai/adm_00081.png
sdv5_00023.png,test,ai,sdv5,/kaggle/working/genimage_8000_split_v4/test/ai/sdv5_00023.png
biggan_00003.png,test,ai,biggan,/kaggle/working/genimage_8000_split_v4/test/ai/biggan_00003.png
wukong_00061.png,test,ai,wukong,/kaggle/working/genimage_8000_split_v4/test/ai/wukong_00061.png
adm_00085.png,test,ai,adm,/kaggle/working/genimage_8000_split_v4/test/ai/adm_00085.png
midjourney_00014.png,test,ai,midjourney,/kaggle/working/genimage_8000_split_v4/test/ai/midjourney_00014.png
vqdm_00042.png,test,ai,vqdm,/kaggle/working/genimage_8000_split_v4/test/ai/vqdm_00042.png
wukong_00076.png,test,ai,wukong,/kaggle/working/genimage_8000_split_v4/test/ai/wukong_00076.png
vqdm_00035.png,test,ai,vqdm,/kaggle/working/genimage_8000_split_v4/test/ai/vqdm_00035.png
sdv5_00037.png,test,ai,sdv5,/kaggle/working/genimage_8000_split_v4/test/ai/sdv5_00037.png
biggan_00000.png,test,ai,biggan,/kaggle/working/genimage_8000_split_v4/test/ai/biggan_00000.png
sdv5_00053.png,test,ai,sdv5,/kaggle/working/genimage_8000_split_v4/test/ai/sdv5_00053.png
midjourney_00034.png,test,ai,midjourney,/kaggle/working/genimage_8000_split_v4/test/ai/midjourney_00034.png
wukong_00033.png,test,ai,wukong,/kaggle/working/genimage_8000_split_v4/test/ai/wukong_00033.png
glide_00011.png,test,ai,glide,/kaggle/working/genimage_8000_split_v4/test/ai/glide_00011.png
glide_00008.png,test,ai,glide,/kaggle/working/genimage_8000_split_v4/test/ai/glide_00008.png
adm_00044.png,test,ai,adm,/kaggle/working/genimage_8000_split_v4/test/ai/adm_00044.png
sdv5_00029.png,test,ai,sdv5,/kaggle/working/genimage_8000_split_v4/test/ai/sdv5_00029.png
sdv5_00081.png,test,ai,sdv5,/kaggle/working/genimage_8000_split_v4/test/ai/sdv5_00081.png
sdv5_00040.png,test,ai,sdv5,/kaggle/working/genimage_8000_split_v4/test/ai/sdv5_00040.png
adm_00042.png,test,ai,adm,/kaggle/working/genimage_8000_split_v4/test/ai/adm_00042.png
sdv5_00059.png,test,ai,sdv5,/kaggle/working/genimage_8000_split_v4/test/ai/sdv5_00059.png
wukong_00017.png,test,ai,wukong,/kaggle/working/genimage_8000_split_v4/test/ai/wukong_00017.png
wukong_00058.png,test,ai,wukong,/kaggle/working/genimage_8000_split_v4/test/ai/wukong_00058.png
adm_00086.png,test,ai,adm,/kaggle/working/genimage_8000_split_v4/test/ai/adm_00086.png
midjourney_00049.png,test,ai,midjourney,/kaggle/working/genimage_8000_split_v4/test/ai/midjourney_00049.png
midjourney_00065.png,test,ai,midjourney,/kaggle/working/genimage_8000_split_v4/test/ai/midjourney_00065.png
midjourney_00006.png,test,ai,midjourney,/kaggle/working/genimage_8000_split_v4/test/ai/midjourney_00006.png
wukong_00079.png,test,ai,wukong,/kaggle/working/genimage_8000_split_v4/test/ai/wukong_00079.png
sdv5_00085.png,test,ai,sdv5,/kaggle/working/genimage_8000_split_v4/test/ai/sdv5_00085.png
sdv5_00065.png,test,ai,sdv5,/kaggle/working/genimage_8000_split_v4/test/ai/sdv5_00065.png
wukong_00037.png,test,ai,wukong,/kaggle/working/genimage_8000_split_v4/test/ai/wukong_00037.png
biggan_00032.png,test,ai,biggan,/kaggle/working/genimage_8000_split_v4/test/ai/biggan_00032.png
wukong_00011.png,test,ai,wukong,/kaggle/working/genimage_8000_split_v4/test/ai/wukong_00011.png
biggan_00053.png,test,ai,biggan,/kaggle/working/genimage_8000_split_v4/test/ai/biggan_00053.png
sdv5_00005.png,test,ai,sdv5,/kaggle/working/genimage_8000_split_v4/test/ai/sdv5_00005.png
adm_00057.png,test,ai,adm,/kaggle/working/genimage_8000_split_v4/test/ai/adm_00057.png
wukong_00024.png,test,ai,wukong,/kaggle/working/genimage_8000_split_v4/test/ai/wukong_00024.png
glide_00056.png,test,ai,glide,/kaggle/working/genimage_8000_split_v4/test/ai/glide_00056.png
adm_00004.png,test,ai,adm,/kaggle/working/genimage_8000_split_v4/test/ai/adm_00004.png
midjourney_00081.png,test,ai,midjourney,/kaggle/working/genimage_8000_split_v4/test/ai/midjourney_00081.png
sdv5_00083.png,test,ai,sdv5,/kaggle/working/genimage_8000_split_v4/test/ai/sdv5_00083.png
glide_00042.png,test,ai,glide,/kaggle/working/genimage_8000_split_v4/test/ai/glide_00042.png
glide_00029.png,test,ai,glide,/kaggle/working/genimage_8000_split_v4/test/ai/glide_00029.png
vqdm_00022.png,test,ai,vqdm,/kaggle/working/genimage_8000_split_v4/test/ai/vqdm_00022.png
adm_00007.png,test,ai,adm,/kaggle/working/genimage_8000_split_v4/test/ai/adm_00007.png
vqdm_00082.png,test,ai,vqdm,/kaggle/working/genimage_8000_split_v4/test/ai/vqdm_00082.png
glide_00052.png,test,ai,glide,/kaggle/working/genimage_8000_split_v4/test/ai/glide_00052.png
adm_00066.png,test,ai,adm,/kaggle/working/genimage_8000_split_v4/test/ai/adm_00066.png
sdv5_00026.png,test,ai,sdv5,/kaggle/working/genimage_8000_split_v4/test/ai/sdv5_00026.png
wukong_00004.png,test,ai,wukong,/kaggle/working/genimage_8000_split_v4/test/ai/wukong_00004.png
wukong_00034.png,test,ai,wukong,/kaggle/working/genimage_8000_split_v4/test/ai/wukong_00034.png
adm_00073.png,test,ai,adm,/kaggle/working/genimage_8000_split_v4/test/ai/adm_00073.png
sdv5_00056.png,test,ai,sdv5,/kaggle/working/genimage_8000_split_v4/test/ai/sdv5_00056.png
adm_00050.png,test,ai,adm,/kaggle/working/genimage_8000_split_v4/test/ai/adm_00050.png
biggan_00004.png,test,ai,biggan,/kaggle/working/genimage_8000_split_v4/test/ai/biggan_00004.png
midjourney_00063.png,test,ai,midjourney,/kaggle/working/genimage_8000_split_v4/test/ai/midjourney_00063.png
glide_00007.png,test,ai,glide,/kaggle/working/genimage_8000_split_v4/test/ai/glide_00007.png
vqdm_00059.png,test,ai,vqdm,/kaggle/working/genimage_8000_split_v4/test/ai/vqdm_00059.png
midjourney_00051.png,test,ai,midjourney,/kaggle/working/genimage_8000_split_v4/test/ai/midjourney_00051.png
adm_00040.png,test,ai,adm,/kaggle/working/genimage_8000_split_v4/test/ai/adm_00040.png
vqdm_00046.png,test,ai,vqdm,/kaggle/working/genimage_8000_split_v4/test/ai/vqdm_00046.png
glide_00071.png,test,ai,glide,/kaggle/working/genimage_8000_split_v4/test/ai/glide_00071.png
midjourney_00040.png,test,ai,midjourney,/kaggle/working/genimage_8000_split_v4/test/ai/midjourney_00040.png
biggan_00056.png,test,ai,biggan,/kaggle/working/genimage_8000_split_v4/test/ai/biggan_00056.png
wukong_00030.png,test,ai,wukong,/kaggle/working/genimage_8000_split_v4/test/ai/wukong_00030.png
adm_00045.png,test,ai,adm,/kaggle/working/genimage_8000_split_v4/test/ai/adm_00045.png
vqdm_00069.png,test,ai,vqdm,/kaggle/working/genimage_8000_split_v4/test/ai/vqdm_00069.png
sdv5_00013.png,test,ai,sdv5,/kaggle/working/genimage_8000_split_v4/test/ai/sdv5_00013.png
adm_00058.png,test,ai,adm,/kaggle/working/genimage_8000_split_v4/test/ai/adm_00058.png
biggan_00037.png,test,ai,biggan,/kaggle/working/genimage_8000_split_v4/test/ai/biggan_00037.png
vqdm_00039.png,test,ai,vqdm,/kaggle/working/genimage_8000_split_v4/test/ai/vqdm_00039.png
sdv5_00034.png,test,ai,sdv5,/kaggle/working/genimage_8000_split_v4/test/ai/sdv5_00034.png
glide_00047.png,test,ai,glide,/kaggle/working/genimage_8000_split_v4/test/ai/glide_00047.png
biggan_00063.png,test,ai,biggan,/kaggle/working/genimage_8000_split_v4/test/ai/biggan_00063.png
glide_00045.png,test,ai,glide,/kaggle/working/genimage_8000_split_v4/test/ai/glide_00045.png
wukong_00027.png,test,ai,wukong,/kaggle/working/genimage_8000_split_v4/test/ai/wukong_00027.png
vqdm_00027.png,test,ai,vqdm,/kaggle/working/genimage_8000_split_v4/test/ai/vqdm_00027.png
glide_00024.png,test,ai,glide,/kaggle/working/genimage_8000_split_v4/test/ai/glide_00024.png
wukong_00085.png,test,ai,wukong,/kaggle/working/genimage_8000_split_v4/test/ai/wukong_00085.png
glide_00043.png,test,ai,glide,/kaggle/working/genimage_8000_split_v4/test/ai/glide_00043.png
vqdm_00055.png,test,ai,vqdm,/kaggle/working/genimage_8000_split_v4/test/ai/vqdm_00055.png
midjourney_00057.png,test,ai,midjourney,/kaggle/working/genimage_8000_split_v4/test/ai/midjourney_00057.png
wukong_00062.png,test,ai,wukong,/kaggle/working/genimage_8000_split_v4/test/ai/wukong_00062.png
sdv5_00007.png,test,ai,sdv5,/kaggle/working/genimage_8000_split_v4/test/ai/sdv5_00007.png
biggan_00043.png,test,ai,biggan,/kaggle/working/genimage_8000_split_v4/test/ai/biggan_00043.png
adm_00083.png,test,ai,adm,/kaggle/working/genimage_8000_split_v4/test/ai/adm_00083.png
adm_00052.png,test,ai,adm,/kaggle/working/genimage_8000_split_v4/test/ai/adm_00052.png
wukong_00032.png,test,ai,wukong,/kaggle/working/genimage_8000_split_v4/test/ai/wukong_00032.png
midjourney_00047.png,test,ai,midjourney,/kaggle/working/genimage_8000_split_v4/test/ai/midjourney_00047.png
midjourney_00072.png,test,ai,midjourney,/kaggle/working/genimage_8000_split_v4/test/ai/midjourney_00072.png
wukong_00010.png,test,ai,wukong,/kaggle/working/genimage_8000_split_v4/test/ai/wukong_00010.png
sdv5_00021.png,test,ai,sdv5,/kaggle/working/genimage_8000_split_v4/test/ai/sdv5_00021.png
biggan_00009.png,test,ai,biggan,/kaggle/working/genimage_8000_split_v4/test/ai/biggan_00009.png
wukong_00043.png,test,ai,wukong,/kaggle/working/genimage_8000_split_v4/test/ai/wukong_00043.png
vqdm_00034.png,test,ai,vqdm,/kaggle/working/genimage_8000_split_v4/test/ai/vqdm_00034.png
biggan_00023.png,test,ai,biggan,/kaggle/working/genimage_8000_split_v4/test/ai/biggan_00023.png
glide_00080.png,test,ai,glide,/kaggle/working/genimage_8000_split_v4/test/ai/glide_00080.png
midjourney_00008.png,test,ai,midjourney,/kaggle/working/genimage_8000_split_v4/test/ai/midjourney_00008.png
biggan_00024.png,test,ai,biggan,/kaggle/working/genimage_8000_split_v4/test/ai/biggan_00024.png
midjourney_00002.png,test,ai,midjourney,/kaggle/working/genimage_8000_split_v4/test/ai/midjourney_00002.png
midjourney_00000.png,test,ai,midjourney,/kaggle/working/genimage_8000_split_v4/test/ai/midjourney_00000.png
adm_00084.png,test,ai,adm,/kaggle/working/genimage_8000_split_v4/test/ai/adm_00084.png
biggan_00042.png,test,ai,biggan,/kaggle/working/genimage_8000_split_v4/test/ai/biggan_00042.png
wukong_00018.png,test,ai,wukong,/kaggle/working/genimage_8000_split_v4/test/ai/wukong_00018.png
vqdm_00021.png,test,ai,vqdm,/kaggle/working/genimage_8000_split_v4/test/ai/vqdm_00021.png
sdv5_00057.png,test,ai,sdv5,/kaggle/working/genimage_8000_split_v4/test/ai/sdv5_00057.png
midjourney_00029.png,test,ai,midjourney,/kaggle/working/genimage_8000_split_v4/test/ai/midjourney_00029.png
sdv5_00004.png,test,ai,sdv5,/kaggle/working/genimage_8000_split_v4/test/ai/sdv5_00004.png
wukong_00063.png,test,ai,wukong,/kaggle/working/genimage_8000_split_v4/test/ai/wukong_00063.png
glide_00057.png,test,ai,glide,/kaggle/working/genimage_8000_split_v4/test/ai/glide_00057.png
wukong_00074.png,test,ai,wukong,/kaggle/working/genimage_8000_split_v4/test/ai/wukong_00074.png
adm_00070.png,test,ai,adm,/kaggle/working/genimage_8000_split_v4/test/ai/adm_00070.png
midjourney_00018.png,test,ai,midjourney,/kaggle/working/genimage_8000_split_v4/test/ai/midjourney_00018.png
vqdm_00081.png,test,ai,vqdm,/kaggle/working/genimage_8000_split_v4/test/ai/vqdm_00081.png
vqdm_00075.png,test,ai,vqdm,/kaggle/working/genimage_8000_split_v4/test/ai/vqdm_00075.png
glide_00059.png,test,ai,glide,/kaggle/working/genimage_8000_split_v4/test/ai/glide_00059.png
vqdm_00002.png,test,ai,vqdm,/kaggle/working/genimage_8000_split_v4/test/ai/vqdm_00002.png
biggan_00045.png,test,ai,biggan,/kaggle/working/genimage_8000_split_v4/test/ai/biggan_00045.png
sdv5_00075.png,test,ai,sdv5,/kaggle/working/genimage_8000_split_v4/test/ai/sdv5_00075.png
sdv5_00055.png,test,ai,sdv5,/kaggle/working/genimage_8000_split_v4/test/ai/sdv5_00055.png
wukong_00013.png,test,ai,wukong,/kaggle/working/genimage_8000_split_v4/test/ai/wukong_00013.png
adm_00068.png,test,ai,adm,/kaggle/working/genimage_8000_split_v4/test/ai/adm_00068.png
midjourney_00010.png,test,ai,midjourney,/kaggle/working/genimage_8000_split_v4/test/ai/midjourney_00010.png
midjourney_00030.png,test,ai,midjourney,/kaggle/working/genimage_8000_split_v4/test/ai/midjourney_00030.png
sdv5_00074.png,test,ai,sdv5,/kaggle/working/genimage_8000_split_v4/test/ai/sdv5_00074.png
vqdm_00072.png,test,ai,vqdm,/kaggle/working/genimage_8000_split_v4/test/ai/vqdm_00072.png
wukong_00031.png,test,ai,wukong,/kaggle/working/genimage_8000_split_v4/test/ai/wukong_00031.png
vqdm_00080.png,test,ai,vqdm,/kaggle/working/genimage_8000_split_v4/test/ai/vqdm_00080.png
midjourney_00043.png,test,ai,midjourney,/kaggle/working/genimage_8000_split_v4/test/ai/midjourney_00043.png
vqdm_00001.png,test,ai,vqdm,/kaggle/working/genimage_8000_split_v4/test/ai/vqdm_00001.png
glide_00021.png,test,ai,glide,/kaggle/working/genimage_8000_split_v4/test/ai/glide_00021.png
midjourney_00037.png,test,ai,midjourney,/kaggle/working/genimage_8000_split_v4/test/ai/midjourney_00037.png
biggan_00031.png,test,ai,biggan,/kaggle/working/genimage_8000_split_v4/test/ai/biggan_00031.png
wukong_00072.png,test,ai,wukong,/kaggle/working/genimage_8000_split_v4/test/ai/wukong_00072.png
midjourney_00055.png,test,ai,midjourney,/kaggle/working/genimage_8000_split_v4/test/ai/midjourney_00055.png
glide_00070.png,test,ai,glide,/kaggle/working/genimage_8000_split_v4/test/ai/glide_00070.png
biggan_00057.png,test,ai,biggan,/kaggle/working/genimage_8000_split_v4/test/ai/biggan_00057.png
midjourney_00075.png,test,ai,midjourney,/kaggle/working/genimage_8000_split_v4/test/ai/midjourney_00075.png
vqdm_00048.png,test,ai,vqdm,/kaggle/working/genimage_8000_split_v4/test/ai/vqdm_00048.png
glide_00034.png,test,ai,glide,/kaggle/working/genimage_8000_split_v4/test/ai/glide_00034.png
sdv5_00078.png,test,ai,sdv5,/kaggle/working/genimage_8000_split_v4/test/ai/sdv5_00078.png
midjourney_00062.png,test,ai,midjourney,/kaggle/working/genimage_8000_split_v4/test/ai/midjourney_00062.png
adm_00031.png,test,ai,adm,/kaggle/working/genimage_8000_split_v4/test/ai/adm_00031.png
midjourney_00026.png,test,ai,midjourney,/kaggle/working/genimage_8000_split_v4/test/ai/midjourney_00026.png
vqdm_00000.png,test,ai,vqdm,/kaggle/working/genimage_8000_split_v4/test/ai/vqdm_00000.png
adm_00020.png,test,ai,adm,/kaggle/working/genimage_8000_split_v4/test/ai/adm_00020.png
adm_00012.png,test,ai,adm,/kaggle/working/genimage_8000_split_v4/test/ai/adm_00012.png
adm_00030.png,test,ai,adm,/kaggle/working/genimage_8000_split_v4/test/ai/adm_00030.png
midjourney_00070.png,test,ai,midjourney,/kaggle/working/genimage_8000_split_v4/test/ai/midjourney_00070.png
adm_00041.png,test,ai,adm,/kaggle/working/genimage_8000_split_v4/test/ai/adm_00041.png
adm_00078.png,test,ai,adm,/kaggle/working/genimage_8000_split_v4/test/ai/adm_00078.png
wukong_00068.png,test,ai,wukong,/kaggle/working/genimage_8000_split_v4/test/ai/wukong_00068.png
biggan_00008.png,test,ai,biggan,/kaggle/working/genimage_8000_split_v4/test/ai/biggan_00008.png
adm_00069.png,test,ai,adm,/kaggle/working/genimage_8000_split_v4/test/ai/adm_00069.png
vqdm_00056.png,test,ai,vqdm,/kaggle/working/genimage_8000_split_v4/test/ai/vqdm_00056.png
sdv5_00036.png,test,ai,sdv5,/kaggle/working/genimage_8000_split_v4/test/ai/sdv5_00036.png
vqdm_00079.png,test,ai,vqdm,/kaggle/working/genimage_8000_split_v4/test/ai/vqdm_00079.png
midjourney_00017.png,test,ai,midjourney,/kaggle/working/genimage_8000_split_v4/test/ai/midjourney_00017.png
biggan_00033.png,test,ai,biggan,/kaggle/working/genimage_8000_split_v4/test/ai/biggan_00033.png
biggan_00018.png,test,ai,biggan,/kaggle/working/genimage_8000_split_v4/test/ai/biggan_00018.png
sdv5_00001.png,test,ai,sdv5,/kaggle/working/genimage_8000_split_v4/test/ai/sdv5_00001.png
sdv5_00020.png,test,ai,sdv5,/kaggle/working/genimage_8000_split_v4/test/ai/sdv5_00020.png
biggan_00048.png,test,ai,biggan,/kaggle/working/genimage_8000_split_v4/test/ai/biggan_00048.png
biggan_00058.png,test,ai,biggan,/kaggle/working/genimage_8000_split_v4/test/ai/biggan_00058.png
midjourney_00066.png,test,ai,midjourney,/kaggle/working/genimage_8000_split_v4/test/ai/midjourney_00066.png
midjourney_00080.png,test,ai,midjourney,/kaggle/working/genimage_8000_split_v4/test/ai/midjourney_00080.png
adm_00005.png,test,ai,adm,/kaggle/working/genimage_8000_split_v4/test/ai/adm_00005.png
adm_00003.png,test,ai,adm,/kaggle/working/genimage_8000_split_v4/test/ai/adm_00003.png
adm_00024.png,test,ai,adm,/kaggle/working/genimage_8000_split_v4/test/ai/adm_00024.png
sdv5_00000.png,test,ai,sdv5,/kaggle/working/genimage_8000_split_v4/test/ai/sdv5_00000.png
biggan_00001.png,test,ai,biggan,/kaggle/working/genimage_8000_split_v4/test/ai/biggan_00001.png
vqdm_00014.png,test,ai,vqdm,/kaggle/working/genimage_8000_split_v4/test/ai/vqdm_00014.png
biggan_00028.png,test,ai,biggan,/kaggle/working/genimage_8000_split_v4/test/ai/biggan_00028.png
midjourney_00028.png,test,ai,midjourney,/kaggle/working/genimage_8000_split_v4/test/ai/midjourney_00028.png
biggan_00027.png,test,ai,biggan,/kaggle/working/genimage_8000_split_v4/test/ai/biggan_00027.png
sdv5_00049.png,test,ai,sdv5,/kaggle/working/genimage_8000_split_v4/test/ai/sdv5_00049.png
vqdm_00029.png,test,ai,vqdm,/kaggle/working/genimage_8000_split_v4/test/ai/vqdm_00029.png
adm_00035.png,test,ai,adm,/kaggle/working/genimage_8000_split_v4/test/ai/adm_00035.png
adm_00011.png,test,ai,adm,/kaggle/working/genimage_8000_split_v4/test/ai/adm_00011.png
biggan_00078.png,test,ai,biggan,/kaggle/working/genimage_8000_split_v4/test/ai/biggan_00078.png
midjourney_00013.png,test,ai,midjourney,/kaggle/working/genimage_8000_split_v4/test/ai/midjourney_00013.png
sdv5_00067.png,test,ai,sdv5,/kaggle/working/genimage_8000_split_v4/test/ai/sdv5_00067.png
biggan_00006.png,test,ai,biggan,/kaggle/working/genimage_8000_split_v4/test/ai/biggan_00006.png
vqdm_00078.png,test,ai,vqdm,/kaggle/working/genimage_8000_split_v4/test/ai/vqdm_00078.png
glide_00049.png,test,ai,glide,/kaggle/working/genimage_8000_split_v4/test/ai/glide_00049.png
midjourney_00050.png,test,ai,midjourney,/kaggle/working/genimage_8000_split_v4/test/ai/midjourney_00050.png
glide_00017.png,test,ai,glide,/kaggle/working/genimage_8000_split_v4/test/ai/glide_00017.png
wukong_00008.png,test,ai,wukong,/kaggle/working/genimage_8000_split_v4/test/ai/wukong_00008.png
sdv5_00014.png,test,ai,sdv5,/kaggle/working/genimage_8000_split_v4/test/ai/sdv5_00014.png
biggan_00052.png,test,ai,biggan,/kaggle/working/genimage_8000_split_v4/test/ai/biggan_00052.png
wukong_00059.png,test,ai,wukong,/kaggle/working/genimage_8000_split_v4/test/ai/wukong_00059.png
glide_00078.png,test,ai,glide,/kaggle/working/genimage_8000_split_v4/test/ai/glide_00078.png
adm_00034.png,test,ai,adm,/kaggle/working/genimage_8000_split_v4/test/ai/adm_00034.png
wukong_00006.png,test,ai,wukong,/kaggle/working/genimage_8000_split_v4/test/ai/wukong_00006.png
biggan_00046.png,test,ai,biggan,/kaggle/working/genimage_8000_split_v4/test/ai/biggan_00046.png
wukong_00073.png,test,ai,wukong,/kaggle/working/genimage_8000_split_v4/test/ai/wukong_00073.png
midjourney_00046.png,test,ai,midjourney,/kaggle/working/genimage_8000_split_v4/test/ai/midjourney_00046.png
glide_00068.png,test,ai,glide,/kaggle/working/genimage_8000_split_v4/test/ai/glide_00068.png
midjourney_00058.png,test,ai,midjourney,/kaggle/working/genimage_8000_split_v4/test/ai/midjourney_00058.png
glide_00001.png,test,ai,glide,/kaggle/working/genimage_8000_split_v4/test/ai/glide_00001.png
glide_00041.png,test,ai,glide,/kaggle/working/genimage_8000_split_v4/test/ai/glide_00041.png
glide_00014.png,test,ai,glide,/kaggle/working/genimage_8000_split_v4/test/ai/glide_00014.png
adm_00013.png,test,ai,adm,/kaggle/working/genimage_8000_split_v4/test/ai/adm_00013.png
glide_00063.png,test,ai,glide,/kaggle/working/genimage_8000_split_v4/test/ai/glide_00063.png
wukong_00045.png,test,ai,wukong,/kaggle/working/genimage_8000_split_v4/test/ai/wukong_00045.png
biggan_00079.png,test,ai,biggan,/kaggle/working/genimage_8000_split_v4/test/ai/biggan_00079.png
adm_00002.png,test,ai,adm,/kaggle/working/genimage_8000_split_v4/test/ai/adm_00002.png
midjourney_00041.png,test,ai,midjourney,/kaggle/working/genimage_8000_split_v4/test/ai/midjourney_00041.png
vqdm_00044.png,test,ai,vqdm,/kaggle/working/genimage_8000_split_v4/test/ai/vqdm_00044.png
adm_00043.png,test,ai,adm,/kaggle/working/genimage_8000_split_v4/test/ai/adm_00043.png
sdv5_00017.png,test,ai,sdv5,/kaggle/working/genimage_8000_split_v4/test/ai/sdv5_00017.png
vqdm_00052.png,test,ai,vqdm,/kaggle/working/genimage_8000_split_v4/test/ai/vqdm_00052.png
adm_00036.png,test,ai,adm,/kaggle/working/genimage_8000_split_v4/test/ai/adm_00036.png
biggan_00083.png,test,ai,biggan,/kaggle/working/genimage_8000_split_v4/test/ai/biggan_00083.png
glide_00020.png,test,ai,glide,/kaggle/working/genimage_8000_split_v4/test/ai/glide_00020.png
midjourney_00054.png,test,ai,midjourney,/kaggle/working/genimage_8000_split_v4/test/ai/midjourney_00054.png
adm_00032.png,test,ai,adm,/kaggle/working/genimage_8000_split_v4/test/ai/adm_00032.png
glide_00058.png,test,ai,glide,/kaggle/working/genimage_8000_split_v4/test/ai/glide_00058.png
vqdm_00008.png,test,ai,vqdm,/kaggle/working/genimage_8000_split_v4/test/ai/vqdm_00008.png
adm_00026.png,test,ai,adm,/kaggle/working/genimage_8000_split_v4/test/ai/adm_00026.png
midjourney_00082.png,test,ai,midjourney,/kaggle/working/genimage_8000_split_v4/test/ai/midjourney_00082.png
wukong_00012.png,test,ai,wukong,/kaggle/working/genimage_8000_split_v4/test/ai/wukong_00012.png
glide_00048.png,test,ai,glide,/kaggle/working/genimage_8000_split_v4/test/ai/glide_00048.png
midjourney_00033.png,test,ai,midjourney,/kaggle/working/genimage_8000_split_v4/test/ai/midjourney_00033.png
vqdm_00060.png,test,ai,vqdm,/kaggle/working/genimage_8000_split_v4/test/ai/vqdm_00060.png
wukong_00052.png,test,ai,wukong,/kaggle/working/genimage_8000_split_v4/test/ai/wukong_00052.png
adm_00021.png,test,ai,adm,/kaggle/working/genimage_8000_split_v4/test/ai/adm_00021.png
wukong_00042.png,test,ai,wukong,/kaggle/working/genimage_8000_split_v4/test/ai/wukong_00042.png
vqdm_00071.png,test,ai,vqdm,/kaggle/working/genimage_8000_split_v4/test/ai/vqdm_00071.png
glide_00026.png,test,ai,glide,/kaggle/working/genimage_8000_split_v4/test/ai/glide_00026.png
biggan_00019.png,test,ai,biggan,/kaggle/working/genimage_8000_split_v4/test/ai/biggan_00019.png
glide_00051.png,test,ai,glide,/kaggle/working/genimage_8000_split_v4/test/ai/glide_00051.png
adm_00056.png,test,ai,adm,/kaggle/working/genimage_8000_split_v4/test/ai/adm_00056.png
glide_00012.png,test,ai,glide,/kaggle/working/genimage_8000_split_v4/test/ai/glide_00012.png
adm_00017.png,test,ai,adm,/kaggle/working/genimage_8000_split_v4/test/ai/adm_00017.png
wukong_00020.png,test,ai,wukong,/kaggle/working/genimage_8000_split_v4/test/ai/wukong_00020.png
sdv5_00069.png,test,ai,sdv5,/kaggle/working/genimage_8000_split_v4/test/ai/sdv5_00069.png
vqdm_00064.png,test,ai,vqdm,/kaggle/working/genimage_8000_split_v4/test/ai/vqdm_00064.png
wukong_00050.png,test,ai,wukong,/kaggle/working/genimage_8000_split_v4/test/ai/wukong_00050.png
glide_00032.png,test,ai,glide,/kaggle/working/genimage_8000_split_v4/test/ai/glide_00032.png
glide_00040.png,test,ai,glide,/kaggle/working/genimage_8000_split_v4/test/ai/glide_00040.png
glide_00064.png,test,ai,glide,/kaggle/working/genimage_8000_split_v4/test/ai/glide_00064.png
adm_00016.png,test,ai,adm,/kaggle/working/genimage_8000_split_v4/test/ai/adm_00016.png
biggan_00066.png,test,ai,biggan,/kaggle/working/genimage_8000_split_v4/test/ai/biggan_00066.png
vqdm_00013.png,test,ai,vqdm,/kaggle/working/genimage_8000_split_v4/test/ai/vqdm_00013.png
sdv5_00024.png,test,ai,sdv5,/kaggle/working/genimage_8000_split_v4/test/ai/sdv5_00024.png
sdv5_00030.png,test,ai,sdv5,/kaggle/working/genimage_8000_split_v4/test/ai/sdv5_00030.png
wukong_00051.png,test,ai,wukong,/kaggle/working/genimage_8000_split_v4/test/ai/wukong_00051.png
sdv5_00077.png,test,ai,sdv5,/kaggle/working/genimage_8000_split_v4/test/ai/sdv5_00077.png
biggan_00013.png,test,ai,biggan,/kaggle/working/genimage_8000_split_v4/test/ai/biggan_00013.png
wukong_00064.png,test,ai,wukong,/kaggle/working/genimage_8000_split_v4/test/ai/wukong_00064.png
vqdm_00025.png,test,ai,vqdm,/kaggle/working/genimage_8000_split_v4/test/ai/vqdm_00025.png
glide_00002.png,test,ai,glide,/kaggle/working/genimage_8000_split_v4/test/ai/glide_00002.png
midjourney_00079.png,test,ai,midjourney,/kaggle/working/genimage_8000_split_v4/test/ai/midjourney_00079.png
wukong_00039.png,test,ai,wukong,/kaggle/working/genimage_8000_split_v4/test/ai/wukong_00039.png
vqdm_00020.png,test,ai,vqdm,/kaggle/working/genimage_8000_split_v4/test/ai/vqdm_00020.png
sdv5_00032.png,test,ai,sdv5,/kaggle/working/genimage_8000_split_v4/test/ai/sdv5_00032.png
sdv5_00003.png,test,ai,sdv5,/kaggle/working/genimage_8000_split_v4/test/ai/sdv5_00003.png
wukong_00078.png,test,ai,wukong,/kaggle/working/genimage_8000_split_v4/test/ai/wukong_00078.png
wukong_00065.png,test,ai,wukong,/kaggle/working/genimage_8000_split_v4/test/ai/wukong_00065.png
biggan_00014.png,test,ai,biggan,/kaggle/working/genimage_8000_split_v4/test/ai/biggan_00014.png
adm_00006.png,test,ai,adm,/kaggle/working/genimage_8000_split_v4/test/ai/adm_00006.png
wukong_00056.png,test,ai,wukong,/kaggle/working/genimage_8000_split_v4/test/ai/wukong_00056.png
biggan_00005.png,test,ai,biggan,/kaggle/working/genimage_8000_split_v4/test/ai/biggan_00005.png
wukong_00002.png,test,ai,wukong,/kaggle/working/genimage_8000_split_v4/test/ai/wukong_00002.png
wukong_00055.png,test,ai,wukong,/kaggle/working/genimage_8000_split_v4/test/ai/wukong_00055.png
sdv5_00016.png,test,ai,sdv5,/kaggle/working/genimage_8000_split_v4/test/ai/sdv5_00016.png
biggan_00065.png,test,ai,biggan,/kaggle/working/genimage_8000_split_v4/test/ai/biggan_00065.png
vqdm_00019.png,test,ai,vqdm,/kaggle/working/genimage_8000_split_v4/test/ai/vqdm_00019.png
adm_00038.png,test,ai,adm,/kaggle/working/genimage_8000_split_v4/test/ai/adm_00038.png
sdv5_00044.png,test,ai,sdv5,/kaggle/working/genimage_8000_split_v4/test/ai/sdv5_00044.png
midjourney_00084.png,test,ai,midjourney,/kaggle/working/genimage_8000_split_v4/test/ai/midjourney_00084.png
midjourney_00025.png,test,ai,midjourney,/kaggle/working/genimage_8000_split_v4/test/ai/midjourney_00025.png
biggan_00061.png,test,ai,biggan,/kaggle/working/genimage_8000_split_v4/test/ai/biggan_00061.png
sdv5_00071.png,test,ai,sdv5,/kaggle/working/genimage_8000_split_v4/test/ai/sdv5_00071.png
biggan_00074.png,test,ai,biggan,/kaggle/working/genimage_8000_split_v4/test/ai/biggan_00074.png
vqdm_00077.png,test,ai,vqdm,/kaggle/working/genimage_8000_split_v4/test/ai/vqdm_00077.png
midjourney_00001.png,test,ai,midjourney,/kaggle/working/genimage_8000_split_v4/test/ai/midjourney_00001.png
biggan_00069.png,test,ai,biggan,/kaggle/working/genimage_8000_split_v4/test/ai/biggan_00069.png
glide_00005.png,test,ai,glide,/kaggle/working/genimage_8000_split_v4/test/ai/glide_00005.png
sdv5_00015.png,test,ai,sdv5,/kaggle/working/genimage_8000_split_v4/test/ai/sdv5_00015.png
vqdm_00012.png,test,ai,vqdm,/kaggle/working/genimage_8000_split_v4/test/ai/vqdm_00012.png
wukong_00077.png,test,ai,wukong,/kaggle/working/genimage_8000_split_v4/test/ai/wukong_00077.png
midjourney_00023.png,test,ai,midjourney,/kaggle/working/genimage_8000_split_v4/test/ai/midjourney_00023.png
sdv5_00045.png,test,ai,sdv5,/kaggle/working/genimage_8000_split_v4/test/ai/sdv5_00045.png
adm_00033.png,test,ai,adm,/kaggle/working/genimage_8000_split_v4/test/ai/adm_00033.png
wukong_00083.png,test,ai,wukong,/kaggle/working/genimage_8000_split_v4/test/ai/wukong_00083.png
biggan_00034.png,test,ai,biggan,/kaggle/working/genimage_8000_split_v4/test/ai/biggan_00034.png
biggan_00070.png,test,ai,biggan,/kaggle/working/genimage_8000_split_v4/test/ai/biggan_00070.png
biggan_00076.png,test,ai,biggan,/kaggle/working/genimage_8000_split_v4/test/ai/biggan_00076.png
midjourney_00067.png,test,ai,midjourney,/kaggle/working/genimage_8000_split_v4/test/ai/midjourney_00067.png
biggan_00062.png,test,ai,biggan,/kaggle/working/genimage_8000_split_v4/test/ai/biggan_00062.png
midjourney_00027.png,test,ai,midjourney,/kaggle/working/genimage_8000_split_v4/test/ai/midjourney_00027.png
biggan_00077.png,test,ai,biggan,/kaggle/working/genimage_8000_split_v4/test/ai/biggan_00077.png
wukong_00053.png,test,ai,wukong,/kaggle/working/genimage_8000_split_v4/test/ai/wukong_00053.png
sdv5_00080.png,test,ai,sdv5,/kaggle/working/genimage_8000_split_v4/test/ai/sdv5_00080.png
glide_00035.png,test,ai,glide,/kaggle/working/genimage_8000_split_v4/test/ai/glide_00035.png
adm_00022.png,test,ai,adm,/kaggle/working/genimage_8000_split_v4/test/ai/adm_00022.png
vqdm_00070.png,test,ai,vqdm,/kaggle/working/genimage_8000_split_v4/test/ai/vqdm_00070.png
wukong_00019.png,test,ai,wukong,/kaggle/working/genimage_8000_split_v4/test/ai/wukong_00019.png
glide_00036.png,test,ai,glide,/kaggle/working/genimage_8000_split_v4/test/ai/glide_00036.png
adm_00054.png,test,ai,adm,/kaggle/working/genimage_8000_split_v4/test/ai/adm_00054.png
glide_00060.png,test,ai,glide,/kaggle/working/genimage_8000_split_v4/test/ai/glide_00060.png
adm_00061.png,test,ai,adm,/kaggle/working/genimage_8000_split_v4/test/ai/adm_00061.png
vqdm_00028.png,test,ai,vqdm,/kaggle/working/genimage_8000_split_v4/test/ai/vqdm_00028.png
vqdm_00026.png,test,ai,vqdm,/kaggle/working/genimage_8000_split_v4/test/ai/vqdm_00026.png
vqdm_00054.png,test,ai,vqdm,/kaggle/working/genimage_8000_split_v4/test/ai/vqdm_00054.png
biggan_00021.png,test,ai,biggan,/kaggle/working/genimage_8000_split_v4/test/ai/biggan_00021.png
vqdm_00005.png,test,ai,vqdm,/kaggle/working/genimage_8000_split_v4/test/ai/vqdm_00005.png
glide_00055.png,test,ai,glide,/kaggle/working/genimage_8000_split_v4/test/ai/glide_00055.png
biggan_00075.png,test,ai,biggan,/kaggle/working/genimage_8000_split_v4/test/ai/biggan_00075.png
wukong_00046.png,test,ai,wukong,/kaggle/working/genimage_8000_split_v4/test/ai/wukong_00046.png
wukong_00084.png,test,ai,wukong,/kaggle/working/genimage_8000_split_v4/test/ai/wukong_00084.png
wukong_00025.png,test,ai,wukong,/kaggle/working/genimage_8000_split_v4/test/ai/wukong_00025.png
vqdm_00009.png,test,ai,vqdm,/kaggle/working/genimage_8000_split_v4/test/ai/vqdm_00009.png
glide_00019.png,test,ai,glide,/kaggle/working/genimage_8000_split_v4/test/ai/glide_00019.png
biggan_00040.png,test,ai,biggan,/kaggle/working/genimage_8000_split_v4/test/ai/biggan_00040.png
vqdm_00007.png,test,ai,vqdm,/kaggle/working/genimage_8000_split_v4/test/ai/vqdm_00007.png
vqdm_00076.png,test,ai,vqdm,/kaggle/working/genimage_8000_split_v4/test/ai/vqdm_00076.png
glide_00066.png,test,ai,glide,/kaggle/working/genimage_8000_split_v4/test/ai/glide_00066.png
biggan_00073.png,test,ai,biggan,/kaggle/working/genimage_8000_split_v4/test/ai/biggan_00073.png
glide_00072.png,test,ai,glide,/kaggle/working/genimage_8000_split_v4/test/ai/glide_00072.png
midjourney_00038.png,test,ai,midjourney,/kaggle/working/genimage_8000_split_v4/test/ai/midjourney_00038.png
vqdm_00016.png,test,ai,vqdm,/kaggle/working/genimage_8000_split_v4/test/ai/vqdm_00016.png
glide_00006.png,test,ai,glide,/kaggle/working/genimage_8000_split_v4/test/ai/glide_00006.png
glide_00065.png,test,ai,glide,/kaggle/working/genimage_8000_split_v4/test/ai/glide_00065.png
adm_00055.png,test,ai,adm,/kaggle/working/genimage_8000_split_v4/test/ai/adm_00055.png
midjourney_00073.png,test,ai,midjourney,/kaggle/working/genimage_8000_split_v4/test/ai/midjourney_00073.png
midjourney_00020.png,test,ai,midjourney,/kaggle/working/genimage_8000_split_v4/test/ai/midjourney_00020.png
sdv5_00012.png,test,ai,sdv5,/kaggle/working/genimage_8000_split_v4/test/ai/sdv5_00012.png
wukong_00028.png,test,ai,wukong,/kaggle/working/genimage_8000_split_v4/test/ai/wukong_00028.png
midjourney_00056.png,test,ai,midjourney,/kaggle/working/genimage_8000_split_v4/test/ai/midjourney_00056.png
vqdm_00067.png,test,ai,vqdm,/kaggle/working/genimage_8000_split_v4/test/ai/vqdm_00067.png
adm_00037.png,test,ai,adm,/kaggle/working/genimage_8000_split_v4/test/ai/adm_00037.png
adm_00064.png,test,ai,adm,/kaggle/working/genimage_8000_split_v4/test/ai/adm_00064.png
vqdm_00084.png,test,ai,vqdm,/kaggle/working/genimage_8000_split_v4/test/ai/vqdm_00084.png
sdv5_00052.png,test,ai,sdv5,/kaggle/working/genimage_8000_split_v4/test/ai/sdv5_00052.png
biggan_00035.png,test,ai,biggan,/kaggle/working/genimage_8000_split_v4/test/ai/biggan_00035.png
vqdm_00043.png,test,ai,vqdm,/kaggle/working/genimage_8000_split_v4/test/ai/vqdm_00043.png
adm_00028.png,test,ai,adm,/kaggle/working/genimage_8000_split_v4/test/ai/adm_00028.png
glide_00027.png,test,ai,glide,/kaggle/working/genimage_8000_split_v4/test/ai/glide_00027.png
sdv5_00042.png,test,ai,sdv5,/kaggle/working/genimage_8000_split_v4/test/ai/sdv5_00042.png
glide_00084.png,test,ai,glide,/kaggle/working/genimage_8000_split_v4/test/ai/glide_00084.png
sdv5_00025.png,test,ai,sdv5,/kaggle/working/genimage_8000_split_v4/test/ai/sdv5_00025.png
adm_00009.png,test,ai,adm,/kaggle/working/genimage_8000_split_v4/test/ai/adm_00009.png
sdv5_00031.png,test,ai,sdv5,/kaggle/working/genimage_8000_split_v4/test/ai/sdv5_00031.png
wukong_00000.png,test,ai,wukong,/kaggle/working/genimage_8000_split_v4/test/ai/wukong_00000.png
wukong_00069.png,test,ai,wukong,/kaggle/working/genimage_8000_split_v4/test/ai/wukong_00069.png
biggan_00015.png,test,ai,biggan,/kaggle/working/genimage_8000_split_v4/test/ai/biggan_00015.png
glide_00062.png,test,ai,glide,/kaggle/working/genimage_8000_split_v4/test/ai/glide_00062.png
adm_00076.png,test,ai,adm,/kaggle/working/genimage_8000_split_v4/test/ai/adm_00076.png
vqdm_00015.png,test,ai,vqdm,/kaggle/working/genimage_8000_split_v4/test/ai/vqdm_00015.png
sdv5_00079.png,test,ai,sdv5,/kaggle/working/genimage_8000_split_v4/test/ai/sdv5_00079.png
glide_00083.png,test,ai,glide,/kaggle/working/genimage_8000_split_v4/test/ai/glide_00083.png
biggan_00039.png,test,ai,biggan,/kaggle/working/genimage_8000_split_v4/test/ai/biggan_00039.png
adm_00080.png,test,ai,adm,/kaggle/working/genimage_8000_split_v4/test/ai/adm_00080.png
midjourney_00064.png,test,ai,midjourney,/kaggle/working/genimage_8000_split_v4/test/ai/midjourney_00064.png
sdv5_00070.png,test,ai,sdv5,/kaggle/working/genimage_8000_split_v4/test/ai/sdv5_00070.png
glide_00073.png,test,ai,glide,/kaggle/working/genimage_8000_split_v4/test/ai/glide_00073.png
vqdm_00018.png,test,ai,vqdm,/kaggle/working/genimage_8000_split_v4/test/ai/vqdm_00018.png
adm_00053.png,test,ai,adm,/kaggle/working/genimage_8000_split_v4/test/ai/adm_00053.png
biggan_00084.png,test,ai,biggan,/kaggle/working/genimage_8000_split_v4/test/ai/biggan_00084.png
adm_00018.png,test,ai,adm,/kaggle/working/genimage_8000_split_v4/test/ai/adm_00018.png
sdv5_00018.png,test,ai,sdv5,/kaggle/working/genimage_8000_split_v4/test/ai/sdv5_00018.png
biggan_00020.png,test,ai,biggan,/kaggle/working/genimage_8000_split_v4/test/ai/biggan_00020.png
vqdm_00066.png,test,ai,vqdm,/kaggle/working/genimage_8000_split_v4/test/ai/vqdm_00066.png
adm_00048.png,test,ai,adm,/kaggle/working/genimage_8000_split_v4/test/ai/adm_00048.png
glide_00077.png,test,ai,glide,/kaggle/working/genimage_8000_split_v4/test/ai/glide_00077.png
glide_00000.png,test,ai,glide,/kaggle/working/genimage_8000_split_v4/test/ai/glide_00000.png
vqdm_00033.png,test,ai,vqdm,/kaggle/working/genimage_8000_split_v4/test/ai/vqdm_00033.png
glide_00081.png,test,ai,glide,/kaggle/working/genimage_8000_split_v4/test/ai/glide_00081.png
adm_00075.png,test,ai,adm,/kaggle/working/genimage_8000_split_v4/test/ai/adm_00075.png
midjourney_00012.png,test,ai,midjourney,/kaggle/working/genimage_8000_split_v4/test/ai/midjourney_00012.png
glide_00028.png,test,ai,glide,/kaggle/working/genimage_8000_split_v4/test/ai/glide_00028.png
vqdm_00057.png,test,ai,vqdm,/kaggle/working/genimage_8000_split_v4/test/ai/vqdm_00057.png
sdv5_00068.png,test,ai,sdv5,/kaggle/working/genimage_8000_split_v4/test/ai/sdv5_00068.png
vqdm_00036.png,test,ai,vqdm,/kaggle/working/genimage_8000_split_v4/test/ai/vqdm_00036.png
adm_00001.png,test,ai,adm,/kaggle/working/genimage_8000_split_v4/test/ai/adm_00001.png
biggan_00054.png,test,ai,biggan,/kaggle/working/genimage_8000_split_v4/test/ai/biggan_00054.png
vqdm_00058.png,test,ai,vqdm,/kaggle/working/genimage_8000_split_v4/test/ai/vqdm_00058.png
sdv5_00035.png,test,ai,sdv5,/kaggle/working/genimage_8000_split_v4/test/ai/sdv5_00035.png
glide_00018.png,test,ai,glide,/kaggle/working/genimage_8000_split_v4/test/ai/glide_00018.png
adm_00008.png,test,ai,adm,/kaggle/working/genimage_8000_split_v4/test/ai/adm_00008.png
biggan_00067.png,test,ai,biggan,/kaggle/working/genimage_8000_split_v4/test/ai/biggan_00067.png
glide_00004.png,test,ai,glide,/kaggle/working/genimage_8000_split_v4/test/ai/glide_00004.png
midjourney_00083.png,test,ai,midjourney,/kaggle/working/genimage_8000_split_v4/test/ai/midjourney_00083.png
wukong_00026.png,test,ai,wukong,/kaggle/working/genimage_8000_split_v4/test/ai/wukong_00026.png
sdv5_00028.png,test,ai,sdv5,/kaggle/working/genimage_8000_split_v4/test/ai/sdv5_00028.png
midjourney_00042.png,test,ai,midjourney,/kaggle/working/genimage_8000_split_v4/test/ai/midjourney_00042.png
adm_00060.png,test,ai,adm,/kaggle/working/genimage_8000_split_v4/test/ai/adm_00060.png
glide_00003.png,test,ai,glide,/kaggle/working/genimage_8000_split_v4/test/ai/glide_00003.png
glide_00025.png,test,ai,glide,/kaggle/working/genimage_8000_split_v4/test/ai/glide_00025.png
biggan_00026.png,test,ai,biggan,/kaggle/working/genimage_8000_split_v4/test/ai/biggan_00026.png
adm_00077.png,test,ai,adm,/kaggle/working/genimage_8000_split_v4/test/ai/adm_00077.png
adm_00047.png,test,ai,adm,/kaggle/working/genimage_8000_split_v4/test/ai/adm_00047.png
sdv5_00033.png,test,ai,sdv5,/kaggle/working/genimage_8000_split_v4/test/ai/sdv5_00033.png
midjourney_00032.png,test,ai,midjourney,/kaggle/working/genimage_8000_split_v4/test/ai/midjourney_00032.png
biggan_00064.png,test,ai,biggan,/kaggle/working/genimage_8000_split_v4/test/ai/biggan_00064.png
vqdm_00074.png,test,ai,vqdm,/kaggle/working/genimage_8000_split_v4/test/ai/vqdm_00074.png
biggan_00038.png,test,ai,biggan,/kaggle/working/genimage_8000_split_v4/test/ai/biggan_00038.png
adm_00082.png,test,ai,adm,/kaggle/working/genimage_8000_split_v4/test/ai/adm_00082.png
wukong_00007.png,test,ai,wukong,/kaggle/working/genimage_8000_split_v4/test/ai/wukong_00007.png
wukong_00060.png,test,ai,wukong,/kaggle/working/genimage_8000_split_v4/test/ai/wukong_00060.png
sdv5_00041.png,test,ai,sdv5,/kaggle/working/genimage_8000_split_v4/test/ai/sdv5_00041.png
vqdm_00038.png,test,ai,vqdm,/kaggle/working/genimage_8000_split_v4/test/ai/vqdm_00038.png
wukong_00001.png,test,ai,wukong,/kaggle/working/genimage_8000_split_v4/test/ai/wukong_00001.png
midjourney_00015.png,test,ai,midjourney,/kaggle/working/genimage_8000_split_v4/test/ai/midjourney_00015.png
biggan_00047.png,test,ai,biggan,/kaggle/working/genimage_8000_split_v4/test/ai/biggan_00047.png
glide_00030.png,test,ai,glide,/kaggle/working/genimage_8000_split_v4/test/ai/glide_00030.png
vqdm_00047.png,test,ai,vqdm,/kaggle/working/genimage_8000_split_v4/test/ai/vqdm_00047.png
sdv5_00084.png,test,ai,sdv5,/kaggle/working/genimage_8000_split_v4/test/ai/sdv5_00084.png
vqdm_00083.png,test,ai,vqdm,/kaggle/working/genimage_8000_split_v4/test/ai/vqdm_00083.png
biggan_00068.png,test,ai,biggan,/kaggle/working/genimage_8000_split_v4/test/ai/biggan_00068.png
sdv5_00058.png,test,ai,sdv5,/kaggle/working/genimage_8000_split_v4/test/ai/sdv5_00058.png
sdv5_00006.png,test,ai,sdv5,/kaggle/working/genimage_8000_split_v4/test/ai/sdv5_00006.png
biggan_00044.png,test,ai,biggan,/kaggle/working/genimage_8000_split_v4/test/ai/biggan_00044.png
midjourney_00003.png,test,ai,midjourney,/kaggle/working/genimage_8000_split_v4/test/ai/midjourney_00003.png
sdv5_00027.png,test,ai,sdv5,/kaggle/working/genimage_8000_split_v4/test/ai/sdv5_00027.png
biggan_00072.png,test,ai,biggan,/kaggle/working/genimage_8000_split_v4/test/ai/biggan_00072.png
vqdm_00030.png,test,ai,vqdm,/kaggle/working/genimage_8000_split_v4/test/ai/vqdm_00030.png
vqdm_00085.png,test,ai,vqdm,/kaggle/working/genimage_8000_split_v4/test/ai/vqdm_00085.png
wukong_00071.png,test,ai,wukong,/kaggle/working/genimage_8000_split_v4/test/ai/wukong_00071.png
adm_00062.png,test,ai,adm,/kaggle/working/genimage_8000_split_v4/test/ai/adm_00062.png
adm_00000.png,test,ai,adm,/kaggle/working/genimage_8000_split_v4/test/ai/adm_00000.png
wukong_00044.png,test,ai,wukong,/kaggle/working/genimage_8000_split_v4/test/ai/wukong_00044.png
glide_00075.png,test,ai,glide,/kaggle/working/genimage_8000_split_v4/test/ai/glide_00075.png
vqdm_00040.png,test,ai,vqdm,/kaggle/working/genimage_8000_split_v4/test/ai/vqdm_00040.png
wukong_00082.png,test,ai,wukong,/kaggle/working/genimage_8000_split_v4/test/ai/wukong_00082.png
midjourney_00019.png,test,ai,midjourney,/kaggle/working/genimage_8000_split_v4/test/ai/midjourney_00019.png
adm_00065.png,test,ai,adm,/kaggle/working/genimage_8000_split_v4/test/ai/adm_00065.png
midjourney_00022.png,test,ai,midjourney,/kaggle/working/genimage_8000_split_v4/test/ai/midjourney_00022.png
midjourney_00052.png,test,ai,midjourney,/kaggle/working/genimage_8000_split_v4/test/ai/midjourney_00052.png
adm_00046.png,test,ai,adm,/kaggle/working/genimage_8000_split_v4/test/ai/adm_00046.png
wukong_00048.png,test,ai,wukong,/kaggle/working/genimage_8000_split_v4/test/ai/wukong_00048.png
vqdm_00045.png,test,ai,vqdm,/kaggle/working/genimage_8000_split_v4/test/ai/vqdm_00045.png
biggan_00036.png,test,ai,biggan,/kaggle/working/genimage_8000_split_v4/test/ai/biggan_00036.png
sdv5_00038.png,test,ai,sdv5,/kaggle/working/genimage_8000_split_v4/test/ai/sdv5_00038.png
vqdm_00050.png,test,ai,vqdm,/kaggle/working/genimage_8000_split_v4/test/ai/vqdm_00050.png
biggan_00041.png,test,ai,biggan,/kaggle/working/genimage_8000_split_v4/test/ai/biggan_00041.png
vqdm_00051.png,test,ai,vqdm,/kaggle/working/genimage_8000_split_v4/test/ai/vqdm_00051.png
glide_00054.png,test,ai,glide,/kaggle/working/genimage_8000_split_v4/test/ai/glide_00054.png
sdv5_00062.png,test,ai,sdv5,/kaggle/working/genimage_8000_split_v4/test/ai/sdv5_00062.png
sdv5_00060.png,test,ai,sdv5,/kaggle/working/genimage_8000_split_v4/test/ai/sdv5_00060.png
glide_00079.png,test,ai,glide,/kaggle/working/genimage_8000_split_v4/test/ai/glide_00079.png
midjourney_00004.png,test,ai,midjourney,/kaggle/working/genimage_8000_split_v4/test/ai/midjourney_00004.png
wukong_00040.png,test,ai,wukong,/kaggle/working/genimage_8000_split_v4/test/ai/wukong_00040.png
biggan_00060.png,test,ai,biggan,/kaggle/working/genimage_8000_split_v4/test/ai/biggan_00060.png
wukong_00049.png,test,ai,wukong,/kaggle/working/genimage_8000_split_v4/test/ai/wukong_00049.png
wukong_00035.png,test,ai,wukong,/kaggle/working/genimage_8000_split_v4/test/ai/wukong_00035.png
adm_00010.png,test,ai,adm,/kaggle/working/genimage_8000_split_v4/test/ai/adm_00010.png
sdv5_00064.png,test,ai,sdv5,/kaggle/working/genimage_8000_split_v4/test/ai/sdv5_00064.png
adm_00059.png,test,ai,adm,/kaggle/working/genimage_8000_split_v4/test/ai/adm_00059.png
midjourney_00048.png,test,ai,midjourney,/kaggle/working/genimage_8000_split_v4/test/ai/midjourney_00048.png
midjourney_00016.png,test,ai,midjourney,/kaggle/working/genimage_8000_split_v4/test/ai/midjourney_00016.png
biggan_00007.png,test,ai,biggan,/kaggle/working/genimage_8000_split_v4/test/ai/biggan_00007.png
glide_00067.png,test,ai,glide,/kaggle/working/genimage_8000_split_v4/test/ai/glide_00067.png
glide_00046.png,test,ai,glide,/kaggle/working/genimage_8000_split_v4/test/ai/glide_00046.png
vqdm_00053.png,test,ai,vqdm,/kaggle/working/genimage_8000_split_v4/test/ai/vqdm_00053.png
adm_00071.png,test,ai,adm,/kaggle/working/genimage_8000_split_v4/test/ai/adm_00071.png
glide_00022.png,test,ai,glide,/kaggle/working/genimage_8000_split_v4/test/ai/glide_00022.png
sdv5_00082.png,test,ai,sdv5,/kaggle/working/genimage_8000_split_v4/test/ai/sdv5_00082.png
vqdm_00003.png,test,ai,vqdm,/kaggle/working/genimage_8000_split_v4/test/ai/vqdm_00003.png
midjourney_00035.png,test,ai,midjourney,/kaggle/working/genimage_8000_split_v4/test/ai/midjourney_00035.png
glide_00031.png,test,ai,glide,/kaggle/working/genimage_8000_split_v4/test/ai/glide_00031.png
vqdm_00063.png,test,ai,vqdm,/kaggle/working/genimage_8000_split_v4/test/ai/vqdm_00063.png
wukong_00016.png,test,ai,wukong,/kaggle/working/genimage_8000_split_v4/test/ai/wukong_00016.png
wukong_00054.png,test,ai,wukong,/kaggle/working/genimage_8000_split_v4/test/ai/wukong_00054.png
biggan_00002.png,test,ai,biggan,/kaggle/working/genimage_8000_split_v4/test/ai/biggan_00002.png
adm_00049.png,test,ai,adm,/kaggle/working/genimage_8000_split_v4/test/ai/adm_00049.png
sdv5_00002.png,test,ai,sdv5,/kaggle/working/genimage_8000_split_v4/test/ai/sdv5_00002.png
biggan_00025.png,test,ai,biggan,/kaggle/working/genimage_8000_split_v4/test/ai/biggan_00025.png
biggan_00071.png,test,ai,biggan,/kaggle/working/genimage_8000_split_v4/test/ai/biggan_00071.png
biggan_00051.png,test,ai,biggan,/kaggle/working/genimage_8000_split_v4/test/ai/biggan_00051.png
wukong_00081.png,test,ai,wukong,/kaggle/working/genimage_8000_split_v4/test/ai/wukong_00081.png
sdv5_00022.png,test,ai,sdv5,/kaggle/working/genimage_8000_split_v4/test/ai/sdv5_00022.png
