filename,split,generator,true_label,pred_label,ai_prob,condition,pipeline,resize_scale,jpeg_quality,jpeg_passes
real_00486.jpeg,test,real,0,0,4.8520287236897275e-06,clean,none,,,0
real_00382.jpeg,test,real,0,0,2.2681410882796627e-06,clean,none,,,0
real_00117.jpeg,test,real,0,0,0.01613054797053337,clean,none,,,0
real_00354.jpeg,test,real,0,0,2.897909098464879e-06,clean,none,,,0
real_00076.jpeg,test,real,0,0,0.0032622527796775103,clean,none,,,0
real_00395.jpeg,test,real,0,0,1.0483491678314749e-05,clean,none,,,0
real_00348.jpeg,test,real,0,0,0.40026527643203735,clean,none,,,0
real_00307.jpeg,test,real,0,0,0.00011307554814266041,clean,none,,,0
real_00438.jpeg,test,real,0,0,3.29099481000128e-09,clean,none,,,0
real_00393.jpeg,test,real,0,0,0.0010418527526780963,clean,none,,,0
real_00566.jpeg,test,real,0,0,0.000142701028380543,clean,none,,,0
real_00055.jpeg,test,real,0,0,0.11507343500852585,clean,none,,,0
real_00416.jpeg,test,real,0,0,0.0009264262625947595,clean,none,,,0
real_00304.jpeg,test,real,0,0,1.1957493883940629e-09,clean,none,,,0
real_00135.jpeg,test,real,0,0,0.28308138251304626,clean,none,,,0
real_00387.jpeg,test,real,0,0,2.6960973453782344e-09,clean,none,,,0
real_00040.jpeg,test,real,0,0,2.1362688130466267e-05,clean,none,,,0
real_00563.jpeg,test,real,0,0,0.0021208026446402073,clean,none,,,0
real_00457.jpeg,test,real,0,0,0.27199462056159973,clean,none,,,0
real_00561.jpeg,test,real,0,0,1.0695091077650432e-05,clean,none,,,0
real_00288.jpeg,test,real,0,0,0.24048905074596405,clean,none,,,0
real_00271.jpeg,test,real,0,0,0.010981664061546326,clean,none,,,0
real_00185.jpeg,test,real,0,0,0.09169576317071915,clean,none,,,0
real_00216.jpeg,test,real,0,0,0.00102913414593786,clean,none,,,0
real_00180.jpeg,test,real,0,1,0.7446795105934143,clean,none,,,0
real_00189.jpeg,test,real,0,0,0.07495918869972229,clean,none,,,0
real_00396.jpeg,test,real,0,0,0.008015390485525131,clean,none,,,0
real_00131.jpeg,test,real,0,0,0.00032014932367019355,clean,none,,,0
real_00557.jpeg,test,real,0,0,0.0028484531212598085,clean,none,,,0
real_00266.jpeg,test,real,0,0,9.913799914329502e-08,clean,none,,,0
real_00207.jpeg,test,real,0,0,3.0364109989022836e-05,clean,none,,,0
real_00141.jpeg,test,real,0,1,0.9617990255355835,clean,none,,,0
real_00407.jpeg,test,real,0,1,0.9998760223388672,clean,none,,,0
real_00026.jpeg,test,real,0,0,0.19499234855175018,clean,none,,,0
real_00046.jpeg,test,real,0,0,0.0017167478799819946,clean,none,,,0
real_00585.jpeg,test,real,0,0,0.0005882573896087706,clean,none,,,0
real_00206.jpeg,test,real,0,1,0.977711021900177,clean,none,,,0
real_00297.jpeg,test,real,0,0,0.0012491584056988358,clean,none,,,0
real_00401.jpeg,test,real,0,0,3.18562779284548e-05,clean,none,,,0
real_00339.jpeg,test,real,0,0,0.00426094327121973,clean,none,,,0
real_00403.jpeg,test,real,0,1,0.8010417222976685,clean,none,,,0
real_00344.jpeg,test,real,0,0,0.0012767501175403595,clean,none,,,0
real_00560.jpeg,test,real,0,0,0.03302033990621567,clean,none,,,0
real_00553.jpeg,test,real,0,0,0.01314416155219078,clean,none,,,0
real_00598.jpeg,test,real,0,0,0.00034340962884016335,clean,none,,,0
real_00497.jpeg,test,real,0,0,0.0644509345293045,clean,none,,,0
real_00253.jpeg,test,real,0,0,2.502291180251498e-13,clean,none,,,0
real_00577.jpeg,test,real,0,0,1.339647042186698e-07,clean,none,,,0
real_00394.jpeg,test,real,0,0,0.0034135491587221622,clean,none,,,0
real_00445.jpeg,test,real,0,0,0.24803735315799713,clean,none,,,0
real_00050.jpeg,test,real,0,0,0.06384836882352829,clean,none,,,0
real_00269.jpeg,test,real,0,0,4.898290353594348e-05,clean,none,,,0
real_00151.jpeg,test,real,0,1,0.9067183136940002,clean,none,,,0
real_00190.jpeg,test,real,0,0,1.5522907403919817e-07,clean,none,,,0
real_00250.jpeg,test,real,0,0,0.006123346742242575,clean,none,,,0
real_00257.jpeg,test,real,0,0,0.01912732608616352,clean,none,,,0
real_00008.jpeg,test,real,0,0,7.843605089874472e-06,clean,none,,,0
real_00398.jpeg,test,real,0,0,0.14975866675376892,clean,none,,,0
real_00322.jpeg,test,real,0,0,0.0017663638573139906,clean,none,,,0
real_00230.jpeg,test,real,0,0,0.34259840846061707,clean,none,,,0
real_00219.jpeg,test,real,0,0,0.007566995918750763,clean,none,,,0
real_00550.jpeg,test,real,0,0,0.00828379113227129,clean,none,,,0
real_00528.jpeg,test,real,0,0,0.0002799215435516089,clean,none,,,0
real_00039.jpeg,test,real,0,0,0.013438759371638298,clean,none,,,0
real_00274.jpeg,test,real,0,1,0.5651842951774597,clean,none,,,0
real_00414.jpeg,test,real,0,0,0.19399197399616241,clean,none,,,0
real_00038.jpeg,test,real,0,0,0.025880543515086174,clean,none,,,0
real_00434.jpeg,test,real,0,0,0.028431104496121407,clean,none,,,0
real_00279.jpeg,test,real,0,0,0.0028967889957129955,clean,none,,,0
real_00077.jpeg,test,real,0,0,0.09160711616277695,clean,none,,,0
real_00312.jpeg,test,real,0,0,0.19390563666820526,clean,none,,,0
real_00482.jpeg,test,real,0,0,0.003594251349568367,clean,none,,,0
real_00178.jpeg,test,real,0,0,0.39102301001548767,clean,none,,,0
real_00535.jpeg,test,real,0,0,0.09985512495040894,clean,none,,,0
real_00345.jpeg,test,real,0,0,0.0019260342232882977,clean,none,,,0
real_00019.jpeg,test,real,0,0,0.0005098758265376091,clean,none,,,0
real_00143.jpeg,test,real,0,0,0.00028924967045895755,clean,none,,,0
real_00496.jpeg,test,real,0,0,0.02350708097219467,clean,none,,,0
real_00522.jpeg,test,real,0,0,5.245300179444745e-13,clean,none,,,0
real_00451.jpeg,test,real,0,0,4.9232789933739696e-06,clean,none,,,0
real_00371.jpeg,test,real,0,0,1.0495617061678786e-05,clean,none,,,0
real_00060.jpeg,test,real,0,1,0.577775239944458,clean,none,,,0
real_00410.jpeg,test,real,0,0,0.24620573222637177,clean,none,,,0
real_00248.jpeg,test,real,0,1,0.6184008121490479,clean,none,,,0
real_00043.jpeg,test,real,0,1,0.898965060710907,clean,none,,,0
real_00104.jpeg,test,real,0,0,0.0001023784134304151,clean,none,,,0
real_00238.jpeg,test,real,0,0,0.00022808961512055248,clean,none,,,0
real_00251.jpeg,test,real,0,0,0.00047648046165704727,clean,none,,,0
real_00017.jpeg,test,real,0,0,5.172091914573684e-05,clean,none,,,0
real_00500.jpeg,test,real,0,0,0.0047601694241166115,clean,none,,,0
real_00056.jpeg,test,real,0,0,0.0038507990539073944,clean,none,,,0
real_00227.jpeg,test,real,0,0,0.0009589141700416803,clean,none,,,0
real_00347.jpeg,test,real,0,0,3.29693449430124e-07,clean,none,,,0
real_00176.jpeg,test,real,0,1,0.5747901201248169,clean,none,,,0
real_00085.jpeg,test,real,0,0,4.191965126665309e-05,clean,none,,,0
real_00586.jpeg,test,real,0,0,4.578585048875539e-06,clean,none,,,0
real_00193.jpeg,test,real,0,0,6.74770271871239e-05,clean,none,,,0
real_00018.jpeg,test,real,0,1,0.9847474694252014,clean,none,,,0
real_00342.jpeg,test,real,0,0,0.03321094810962677,clean,none,,,0
real_00359.jpeg,test,real,0,1,0.977895200252533,clean,none,,,0
real_00163.jpeg,test,real,0,0,0.45718100666999817,clean,none,,,0
real_00527.jpeg,test,real,0,0,0.00010531963926041499,clean,none,,,0
real_00444.jpeg,test,real,0,0,0.0005800933577120304,clean,none,,,0
real_00440.jpeg,test,real,0,0,0.014482944272458553,clean,none,,,0
real_00096.jpeg,test,real,0,0,0.27352187037467957,clean,none,,,0
real_00165.jpeg,test,real,0,0,0.0843668282032013,clean,none,,,0
real_00576.jpeg,test,real,0,1,0.9787413477897644,clean,none,,,0
real_00375.jpeg,test,real,0,0,0.0025277931708842516,clean,none,,,0
real_00300.jpeg,test,real,0,0,0.0001536438358016312,clean,none,,,0
real_00503.jpeg,test,real,0,0,0.35134008526802063,clean,none,,,0
real_00499.jpeg,test,real,0,0,0.008066832087934017,clean,none,,,0
real_00283.jpeg,test,real,0,0,9.516174372947717e-07,clean,none,,,0
real_00160.jpeg,test,real,0,1,0.6864017844200134,clean,none,,,0
real_00260.jpeg,test,real,0,0,0.017883427441120148,clean,none,,,0
real_00208.jpeg,test,real,0,0,2.6008217801631872e-08,clean,none,,,0
real_00262.jpeg,test,real,0,0,0.013524206355214119,clean,none,,,0
real_00213.jpeg,test,real,0,0,0.17966772615909576,clean,none,,,0
real_00476.jpeg,test,real,0,0,2.0143233996350318e-05,clean,none,,,0
real_00092.jpeg,test,real,0,1,0.6847933530807495,clean,none,,,0
real_00324.jpeg,test,real,0,1,0.7781888246536255,clean,none,,,0
real_00425.jpeg,test,real,0,1,0.7108865976333618,clean,none,,,0
real_00559.jpeg,test,real,0,0,5.746326223743381e-06,clean,none,,,0
real_00015.jpeg,test,real,0,0,7.08577658770082e-08,clean,none,,,0
real_00562.jpeg,test,real,0,0,0.011805658228695393,clean,none,,,0
real_00514.jpeg,test,real,0,0,2.2015062570244354e-13,clean,none,,,0
real_00580.jpeg,test,real,0,0,6.986563676036894e-05,clean,none,,,0
real_00202.jpeg,test,real,0,0,0.009506138041615486,clean,none,,,0
real_00402.jpeg,test,real,0,0,9.570648273893312e-08,clean,none,,,0
real_00057.jpeg,test,real,0,0,9.335202776128426e-06,clean,none,,,0
real_00007.jpeg,test,real,0,0,0.12425186485052109,clean,none,,,0
real_00388.jpeg,test,real,0,0,0.37695154547691345,clean,none,,,0
real_00016.jpeg,test,real,0,0,4.4202561610973135e-09,clean,none,,,0
real_00506.jpeg,test,real,0,0,0.11494755744934082,clean,none,,,0
real_00028.jpeg,test,real,0,0,0.002463857876136899,clean,none,,,0
real_00572.jpeg,test,real,0,1,0.5448701977729797,clean,none,,,0
real_00381.jpeg,test,real,0,0,0.029633747413754463,clean,none,,,0
real_00268.jpeg,test,real,0,0,0.030888352543115616,clean,none,,,0
real_00512.jpeg,test,real,0,0,0.058889538049697876,clean,none,,,0
real_00006.jpeg,test,real,0,1,0.9834011197090149,clean,none,,,0
real_00289.jpeg,test,real,0,0,0.034994617104530334,clean,none,,,0
real_00519.jpeg,test,real,0,0,0.00029004772659391165,clean,none,,,0
real_00252.jpeg,test,real,0,0,2.6581735710351495e-06,clean,none,,,0
real_00211.jpeg,test,real,0,0,2.3765676814946346e-05,clean,none,,,0
real_00147.jpeg,test,real,0,0,0.026762990280985832,clean,none,,,0
real_00181.jpeg,test,real,0,1,0.9869791269302368,clean,none,,,0
real_00458.jpeg,test,real,0,0,0.0003525672946125269,clean,none,,,0
real_00329.jpeg,test,real,0,0,3.092091219514259e-06,clean,none,,,0
real_00545.jpeg,test,real,0,0,0.0162335317581892,clean,none,,,0
real_00568.jpeg,test,real,0,0,0.014904193580150604,clean,none,,,0
real_00031.jpeg,test,real,0,0,0.002875558566302061,clean,none,,,0
real_00171.jpeg,test,real,0,0,8.255109605670441e-06,clean,none,,,0
real_00320.jpeg,test,real,0,0,8.939493272919208e-05,clean,none,,,0
real_00083.jpeg,test,real,0,0,0.0017966852756217122,clean,none,,,0
real_00012.jpeg,test,real,0,1,0.7418694496154785,clean,none,,,0
real_00357.jpeg,test,real,0,0,0.010954058729112148,clean,none,,,0
real_00346.jpeg,test,real,0,0,0.0041647981852293015,clean,none,,,0
real_00450.jpeg,test,real,0,0,0.47520166635513306,clean,none,,,0
real_00356.jpeg,test,real,0,0,0.0680345669388771,clean,none,,,0
real_00594.jpeg,test,real,0,0,0.003830945584923029,clean,none,,,0
real_00048.jpeg,test,real,0,0,0.1908537745475769,clean,none,,,0
real_00158.jpeg,test,real,0,0,2.090466114168521e-05,clean,none,,,0
real_00521.jpeg,test,real,0,0,0.07206971943378448,clean,none,,,0
real_00285.jpeg,test,real,0,0,0.18917064368724823,clean,none,,,0
real_00270.jpeg,test,real,0,0,6.0205100453458726e-05,clean,none,,,0
real_00533.jpeg,test,real,0,0,0.1150217279791832,clean,none,,,0
real_00494.jpeg,test,real,0,0,0.001354868640191853,clean,none,,,0
real_00317.jpeg,test,real,0,0,0.25548484921455383,clean,none,,,0
real_00296.jpeg,test,real,0,0,1.7433609173167497e-05,clean,none,,,0
real_00237.jpeg,test,real,0,0,2.267373247377691e-06,clean,none,,,0
real_00242.jpeg,test,real,0,0,0.12524278461933136,clean,none,,,0
real_00584.jpeg,test,real,0,1,0.9799115061759949,clean,none,,,0
real_00570.jpeg,test,real,0,0,0.03161042556166649,clean,none,,,0
real_00133.jpeg,test,real,0,0,0.0035225965548306704,clean,none,,,0
real_00047.jpeg,test,real,0,0,0.00028844745247624815,clean,none,,,0
real_00480.jpeg,test,real,0,0,0.0009204193484038115,clean,none,,,0
real_00210.jpeg,test,real,0,0,0.00048500968841835856,clean,none,,,0
real_00301.jpeg,test,real,0,0,0.08777250349521637,clean,none,,,0
real_00574.jpeg,test,real,0,0,0.18337370455265045,clean,none,,,0
real_00134.jpeg,test,real,0,0,0.20300158858299255,clean,none,,,0
real_00597.jpeg,test,real,0,1,0.9099763631820679,clean,none,,,0
real_00281.jpeg,test,real,0,1,0.6958840489387512,clean,none,,,0
real_00332.jpeg,test,real,0,0,0.05118441954255104,clean,none,,,0
real_00415.jpeg,test,real,0,0,1.78032205440104e-05,clean,none,,,0
real_00093.jpeg,test,real,0,0,0.022314652800559998,clean,none,,,0
real_00526.jpeg,test,real,0,0,3.2205977618104953e-07,clean,none,,,0
real_00259.jpeg,test,real,0,0,3.384504816494882e-05,clean,none,,,0
real_00128.jpeg,test,real,0,0,0.23507775366306305,clean,none,,,0
real_00173.jpeg,test,real,0,0,0.006009523291140795,clean,none,,,0
real_00005.jpeg,test,real,0,0,1.739681454449027e-10,clean,none,,,0
real_00532.jpeg,test,real,0,1,0.7602807879447937,clean,none,,,0
real_00061.jpeg,test,real,0,0,2.1558901153184706e-07,clean,none,,,0
real_00313.jpeg,test,real,0,0,4.18914423789829e-05,clean,none,,,0
real_00130.jpeg,test,real,0,0,0.0004335739940870553,clean,none,,,0
real_00454.jpeg,test,real,0,0,1.9323324522702023e-05,clean,none,,,0
real_00204.jpeg,test,real,0,0,0.0008583017042838037,clean,none,,,0
real_00337.jpeg,test,real,0,0,0.023313259705901146,clean,none,,,0
real_00195.jpeg,test,real,0,0,0.00045074764057062566,clean,none,,,0
real_00187.jpeg,test,real,0,0,6.173444262458361e-07,clean,none,,,0
real_00489.jpeg,test,real,0,0,1.1030971336367656e-07,clean,none,,,0
real_00385.jpeg,test,real,0,0,0.026598505675792694,clean,none,,,0
real_00221.jpeg,test,real,0,0,5.2850631618639454e-05,clean,none,,,0
real_00027.jpeg,test,real,0,1,0.690143346786499,clean,none,,,0
real_00022.jpeg,test,real,0,0,5.4164225730346516e-05,clean,none,,,0
real_00331.jpeg,test,real,0,0,0.2812685966491699,clean,none,,,0
real_00159.jpeg,test,real,0,0,2.3326663267653203e-06,clean,none,,,0
real_00068.jpeg,test,real,0,0,0.09793122112751007,clean,none,,,0
real_00127.jpeg,test,real,0,0,8.881892767931276e-07,clean,none,,,0
real_00420.jpeg,test,real,0,0,0.15634958446025848,clean,none,,,0
real_00510.jpeg,test,real,0,0,1.5286928828572854e-05,clean,none,,,0
real_00106.jpeg,test,real,0,0,0.029621923342347145,clean,none,,,0
real_00599.jpeg,test,real,0,0,3.1602892704540864e-05,clean,none,,,0
real_00419.jpeg,test,real,0,0,0.0002284273796249181,clean,none,,,0
real_00286.jpeg,test,real,0,0,0.24400866031646729,clean,none,,,0
real_00341.jpeg,test,real,0,0,0.004601545166224241,clean,none,,,0
real_00263.jpeg,test,real,0,0,0.0015050740912556648,clean,none,,,0
real_00255.jpeg,test,real,0,1,0.6581994295120239,clean,none,,,0
real_00335.jpeg,test,real,0,0,0.0014486904256045818,clean,none,,,0
real_00174.jpeg,test,real,0,0,0.0007152133621275425,clean,none,,,0
real_00243.jpeg,test,real,0,0,0.21733678877353668,clean,none,,,0
real_00140.jpeg,test,real,0,0,0.36333200335502625,clean,none,,,0
real_00582.jpeg,test,real,0,0,0.00012156193406553939,clean,none,,,0
real_00542.jpeg,test,real,0,1,0.512963593006134,clean,none,,,0
real_00547.jpeg,test,real,0,0,7.318837447201076e-08,clean,none,,,0
real_00287.jpeg,test,real,0,1,0.7438385486602783,clean,none,,,0
real_00144.jpeg,test,real,0,0,0.004179798066616058,clean,none,,,0
real_00214.jpeg,test,real,0,0,0.00017784125520847738,clean,none,,,0
real_00234.jpeg,test,real,0,1,0.6454870700836182,clean,none,,,0
real_00595.jpeg,test,real,0,0,0.0002130869688699022,clean,none,,,0
real_00075.jpeg,test,real,0,0,9.538669853981219e-11,clean,none,,,0
real_00295.jpeg,test,real,0,0,0.02362668141722679,clean,none,,,0
real_00070.jpeg,test,real,0,0,0.005713666323572397,clean,none,,,0
real_00148.jpeg,test,real,0,0,2.9009623858655686e-07,clean,none,,,0
real_00491.jpeg,test,real,0,0,0.19402603805065155,clean,none,,,0
real_00090.jpeg,test,real,0,0,0.001982427202165127,clean,none,,,0
real_00063.jpeg,test,real,0,0,0.13050124049186707,clean,none,,,0
real_00334.jpeg,test,real,0,0,0.003867171471938491,clean,none,,,0
real_00530.jpeg,test,real,0,0,0.0015444123419001698,clean,none,,,0
real_00069.jpeg,test,real,0,0,0.010226492770016193,clean,none,,,0
real_00109.jpeg,test,real,0,0,1.399919801770011e-05,clean,none,,,0
real_00321.jpeg,test,real,0,0,0.41165849566459656,clean,none,,,0
real_00126.jpeg,test,real,0,0,0.2387944757938385,clean,none,,,0
real_00358.jpeg,test,real,0,0,0.205881729722023,clean,none,,,0
real_00364.jpeg,test,real,0,0,0.0010426284279674292,clean,none,,,0
real_00209.jpeg,test,real,0,0,0.028630198910832405,clean,none,,,0
real_00292.jpeg,test,real,0,0,0.11507083475589752,clean,none,,,0
real_00473.jpeg,test,real,0,0,0.0040817707777023315,clean,none,,,0
real_00367.jpeg,test,real,0,0,0.00010105936962645501,clean,none,,,0
real_00228.jpeg,test,real,0,0,0.004430525470525026,clean,none,,,0
real_00463.jpeg,test,real,0,0,1.7751295899870456e-06,clean,none,,,0
real_00529.jpeg,test,real,0,1,0.9756244421005249,clean,none,,,0
real_00376.jpeg,test,real,0,0,1.5228606571326964e-06,clean,none,,,0
real_00089.jpeg,test,real,0,0,0.031421661376953125,clean,none,,,0
real_00409.jpeg,test,real,0,0,7.335712143685669e-05,clean,none,,,0
real_00456.jpeg,test,real,0,0,0.0005220887251198292,clean,none,,,0
real_00378.jpeg,test,real,0,0,0.015499085187911987,clean,none,,,0
real_00596.jpeg,test,real,0,0,0.019353797659277916,clean,none,,,0
real_00477.jpeg,test,real,0,0,0.041184842586517334,clean,none,,,0
real_00261.jpeg,test,real,0,0,2.1842392925464083e-06,clean,none,,,0
real_00273.jpeg,test,real,0,0,0.17322362959384918,clean,none,,,0
real_00100.jpeg,test,real,0,0,6.339705843627641e-11,clean,none,,,0
real_00080.jpeg,test,real,0,0,9.153090445579437e-07,clean,none,,,0
real_00009.jpeg,test,real,0,1,0.9067477583885193,clean,none,,,0
real_00167.jpeg,test,real,0,0,4.805485454006941e-10,clean,none,,,0
real_00571.jpeg,test,real,0,1,0.9657089710235596,clean,none,,,0
real_00218.jpeg,test,real,0,0,1.0815331734193023e-05,clean,none,,,0
real_00355.jpeg,test,real,0,0,0.023517552763223648,clean,none,,,0
real_00406.jpeg,test,real,0,0,0.1293024718761444,clean,none,,,0
real_00302.jpeg,test,real,0,0,0.24899053573608398,clean,none,,,0
real_00010.jpeg,test,real,0,1,0.8660140037536621,clean,none,,,0
real_00405.jpeg,test,real,0,0,4.248590630595572e-05,clean,none,,,0
real_00447.jpeg,test,real,0,0,0.0004463687655515969,clean,none,,,0
real_00379.jpeg,test,real,0,0,0.0059226020239293575,clean,none,,,0
real_00319.jpeg,test,real,0,0,0.36390483379364014,clean,none,,,0
real_00543.jpeg,test,real,0,0,0.35795268416404724,clean,none,,,0
real_00539.jpeg,test,real,0,0,0.09924427419900894,clean,none,,,0
real_00579.jpeg,test,real,0,0,0.05810173228383064,clean,none,,,0
real_00459.jpeg,test,real,0,1,0.554283082485199,clean,none,,,0
real_00587.jpeg,test,real,0,0,5.159441318625113e-09,clean,none,,,0
real_00114.jpeg,test,real,0,0,0.00043660341179929674,clean,none,,,0
real_00479.jpeg,test,real,0,0,1.0650958756741602e-05,clean,none,,,0
real_00488.jpeg,test,real,0,0,0.04876350983977318,clean,none,,,0
real_00360.jpeg,test,real,0,0,3.637147892732173e-05,clean,none,,,0
real_00363.jpeg,test,real,0,0,0.10198050737380981,clean,none,,,0
real_00350.jpeg,test,real,0,0,2.7427441295913013e-07,clean,none,,,0
real_00441.jpeg,test,real,0,1,0.8260117173194885,clean,none,,,0
real_00003.jpeg,test,real,0,0,0.49141886830329895,clean,none,,,0
real_00217.jpeg,test,real,0,0,1.7036078361343243e-06,clean,none,,,0
real_00465.jpeg,test,real,0,1,0.9944783449172974,clean,none,,,0
real_00442.jpeg,test,real,0,0,0.0014830685686320066,clean,none,,,0
real_00233.jpeg,test,real,0,0,0.00012019675341434777,clean,none,,,0
real_00161.jpeg,test,real,0,0,0.000163733318913728,clean,none,,,0
real_00412.jpeg,test,real,0,0,0.016581976786255836,clean,none,,,0
real_00468.jpeg,test,real,0,0,0.002380126854404807,clean,none,,,0
real_00125.jpeg,test,real,0,0,0.29726681113243103,clean,none,,,0
real_00186.jpeg,test,real,0,0,7.891526365710888e-07,clean,none,,,0
real_00172.jpeg,test,real,0,0,2.951977648990578e-06,clean,none,,,0
real_00467.jpeg,test,real,0,0,0.0020353400614112616,clean,none,,,0
real_00323.jpeg,test,real,0,0,2.4425191440968774e-05,clean,none,,,0
real_00203.jpeg,test,real,0,0,0.008948211558163166,clean,none,,,0
real_00552.jpeg,test,real,0,0,0.03257593512535095,clean,none,,,0
real_00034.jpeg,test,real,0,0,0.002003948437049985,clean,none,,,0
real_00142.jpeg,test,real,0,0,0.06976132839918137,clean,none,,,0
real_00059.jpeg,test,real,0,0,4.3117818648852335e-08,clean,none,,,0
real_00021.jpeg,test,real,0,0,0.08044003695249557,clean,none,,,0
real_00525.jpeg,test,real,0,0,0.00010480200580786914,clean,none,,,0
real_00275.jpeg,test,real,0,0,0.33335521817207336,clean,none,,,0
real_00430.jpeg,test,real,0,0,0.00011755667946999893,clean,none,,,0
real_00349.jpeg,test,real,0,0,8.937068862735487e-09,clean,none,,,0
real_00373.jpeg,test,real,0,1,0.8937119245529175,clean,none,,,0
real_00078.jpeg,test,real,0,0,0.012231755070388317,clean,none,,,0
real_00437.jpeg,test,real,0,0,1.6961655546765542e-07,clean,none,,,0
real_00520.jpeg,test,real,0,0,6.906251655891538e-06,clean,none,,,0
real_00564.jpeg,test,real,0,0,0.023267962038517,clean,none,,,0
real_00578.jpeg,test,real,0,0,0.044086672365665436,clean,none,,,0
real_00225.jpeg,test,real,0,0,0.000984378857538104,clean,none,,,0
real_00232.jpeg,test,real,0,0,1.9393752154428512e-05,clean,none,,,0
real_00194.jpeg,test,real,0,0,3.4190972275638387e-10,clean,none,,,0
real_00278.jpeg,test,real,0,0,2.001177563215606e-06,clean,none,,,0
real_00168.jpeg,test,real,0,0,5.983181472402066e-05,clean,none,,,0
real_00145.jpeg,test,real,0,1,0.7164462208747864,clean,none,,,0
real_00495.jpeg,test,real,0,0,1.5182249626377597e-05,clean,none,,,0
real_00236.jpeg,test,real,0,0,0.0006106182700023055,clean,none,,,0
real_00121.jpeg,test,real,0,0,0.009897432290017605,clean,none,,,0
real_00455.jpeg,test,real,0,0,0.34459590911865234,clean,none,,,0
real_00177.jpeg,test,real,0,1,0.5275627970695496,clean,none,,,0
real_00485.jpeg,test,real,0,0,0.0014232777757570148,clean,none,,,0
real_00136.jpeg,test,real,0,0,0.18620625138282776,clean,none,,,0
real_00054.jpeg,test,real,0,0,0.00010007889795815572,clean,none,,,0
real_00470.jpeg,test,real,0,0,5.9513013184187e-06,clean,none,,,0
real_00118.jpeg,test,real,0,0,3.9550378971853206e-08,clean,none,,,0
real_00153.jpeg,test,real,0,0,0.002069159410893917,clean,none,,,0
real_00384.jpeg,test,real,0,0,0.00031455373391509056,clean,none,,,0
real_00115.jpeg,test,real,0,0,0.005569457542151213,clean,none,,,0
real_00101.jpeg,test,real,0,0,0.12209931761026382,clean,none,,,0
real_00327.jpeg,test,real,0,0,0.12037744373083115,clean,none,,,0
real_00164.jpeg,test,real,0,0,0.00550053408369422,clean,none,,,0
real_00538.jpeg,test,real,0,0,0.00012429419439285994,clean,none,,,0
real_00049.jpeg,test,real,0,0,0.23537632822990417,clean,none,,,0
real_00544.jpeg,test,real,0,0,0.001562280929647386,clean,none,,,0
real_00154.jpeg,test,real,0,0,6.436017429223284e-06,clean,none,,,0
real_00215.jpeg,test,real,0,0,0.24242261052131653,clean,none,,,0
real_00124.jpeg,test,real,0,0,4.1376409853910445e-07,clean,none,,,0
real_00223.jpeg,test,real,0,0,0.01797613874077797,clean,none,,,0
real_00065.jpeg,test,real,0,1,0.8905003070831299,clean,none,,,0
real_00282.jpeg,test,real,0,0,8.189665095414966e-06,clean,none,,,0
real_00267.jpeg,test,real,0,0,0.001320978975854814,clean,none,,,0
real_00343.jpeg,test,real,0,0,0.02422899380326271,clean,none,,,0
real_00421.jpeg,test,real,0,0,1.7193701323803268e-11,clean,none,,,0
real_00531.jpeg,test,real,0,0,0.001016144291497767,clean,none,,,0
real_00575.jpeg,test,real,0,0,0.002149671083316207,clean,none,,,0
real_00290.jpeg,test,real,0,0,8.104665903374553e-05,clean,none,,,0
real_00336.jpeg,test,real,0,0,1.9868277856271988e-10,clean,none,,,0
real_00306.jpeg,test,real,0,0,0.1555052548646927,clean,none,,,0
real_00231.jpeg,test,real,0,0,0.0009371110936626792,clean,none,,,0
real_00002.jpeg,test,real,0,0,0.11460796743631363,clean,none,,,0
real_00504.jpeg,test,real,0,0,0.004814806394279003,clean,none,,,0
real_00536.jpeg,test,real,0,0,0.0001739622966852039,clean,none,,,0
real_00362.jpeg,test,real,0,0,0.002813371131196618,clean,none,,,0
real_00199.jpeg,test,real,0,0,0.009336543269455433,clean,none,,,0
real_00023.jpeg,test,real,0,0,5.583895472227596e-06,clean,none,,,0
real_00433.jpeg,test,real,0,0,0.20845822989940643,clean,none,,,0
real_00484.jpeg,test,real,0,0,0.4429207146167755,clean,none,,,0
real_00110.jpeg,test,real,0,0,6.013613165123388e-05,clean,none,,,0
real_00305.jpeg,test,real,0,0,0.334876149892807,clean,none,,,0
real_00352.jpeg,test,real,0,0,0.10970661044120789,clean,none,,,0
real_00256.jpeg,test,real,0,0,0.007460594177246094,clean,none,,,0
real_00404.jpeg,test,real,0,0,0.059639666229486465,clean,none,,,0
real_00523.jpeg,test,real,0,0,0.054447777569293976,clean,none,,,0
real_00513.jpeg,test,real,0,0,0.25618329644203186,clean,none,,,0
real_00108.jpeg,test,real,0,0,0.010856111533939838,clean,none,,,0
real_00119.jpeg,test,real,0,0,0.2541455030441284,clean,none,,,0
real_00511.jpeg,test,real,0,0,0.05532384291291237,clean,none,,,0
real_00073.jpeg,test,real,0,0,1.231592938744086e-09,clean,none,,,0
real_00469.jpeg,test,real,0,0,0.00924073625355959,clean,none,,,0
real_00035.jpeg,test,real,0,0,1.211968651659845e-06,clean,none,,,0
real_00427.jpeg,test,real,0,0,6.071012194297509e-06,clean,none,,,0
real_00000.jpeg,test,real,0,0,0.0005514634540304542,clean,none,,,0
real_00066.jpeg,test,real,0,0,0.0005167708150111139,clean,none,,,0
real_00052.jpeg,test,real,0,0,1.0929123163805343e-05,clean,none,,,0
real_00483.jpeg,test,real,0,0,3.741417685887427e-06,clean,none,,,0
real_00020.jpeg,test,real,0,1,0.6997111439704895,clean,none,,,0
real_00540.jpeg,test,real,0,0,0.0007543165702372789,clean,none,,,0
real_00383.jpeg,test,real,0,0,6.359353574225679e-05,clean,none,,,0
real_00129.jpeg,test,real,0,0,2.2785033593208937e-07,clean,none,,,0
real_00505.jpeg,test,real,0,0,1.1253752270345974e-11,clean,none,,,0
real_00517.jpeg,test,real,0,0,0.001468170084990561,clean,none,,,0
real_00291.jpeg,test,real,0,0,6.1338946579780895e-06,clean,none,,,0
real_00328.jpeg,test,real,0,0,0.38905829191207886,clean,none,,,0
real_00082.jpeg,test,real,0,0,1.2037821406352123e-08,clean,none,,,0
real_00413.jpeg,test,real,0,0,0.01049098651856184,clean,none,,,0
real_00201.jpeg,test,real,0,0,0.03058597445487976,clean,none,,,0
real_00422.jpeg,test,real,0,0,0.414060115814209,clean,none,,,0
real_00481.jpeg,test,real,0,1,0.9700323343276978,clean,none,,,0
real_00249.jpeg,test,real,0,0,8.551384780730586e-06,clean,none,,,0
real_00591.jpeg,test,real,0,1,0.5740042924880981,clean,none,,,0
real_00103.jpeg,test,real,0,0,0.209745392203331,clean,none,,,0
real_00058.jpeg,test,real,0,0,1.079516209756548e-08,clean,none,,,0
real_00029.jpeg,test,real,0,1,0.5320468544960022,clean,none,,,0
real_00551.jpeg,test,real,0,0,3.3420525141991675e-05,clean,none,,,0
real_00453.jpeg,test,real,0,1,1.0,clean,none,,,0
real_00041.jpeg,test,real,0,0,0.000706236925907433,clean,none,,,0
real_00316.jpeg,test,real,0,0,0.00026470638113096356,clean,none,,,0
real_00449.jpeg,test,real,0,0,0.0024007908068597317,clean,none,,,0
real_00198.jpeg,test,real,0,0,0.004307609982788563,clean,none,,,0
real_00310.jpeg,test,real,0,0,0.01751231588423252,clean,none,,,0
real_00205.jpeg,test,real,0,0,0.00019059587793890387,clean,none,,,0
real_00011.jpeg,test,real,0,0,0.0844002217054367,clean,none,,,0
real_00556.jpeg,test,real,0,0,0.0005055560613982379,clean,none,,,0
real_00294.jpeg,test,real,0,0,5.819168291054666e-05,clean,none,,,0
real_00112.jpeg,test,real,0,1,0.8475586771965027,clean,none,,,0
real_00170.jpeg,test,real,0,0,3.7009747757110745e-05,clean,none,,,0
real_00569.jpeg,test,real,0,0,2.2162264201597281e-07,clean,none,,,0
real_00318.jpeg,test,real,0,0,0.0010367447976022959,clean,none,,,0
real_00397.jpeg,test,real,0,0,0.0001379392488161102,clean,none,,,0
real_00014.jpeg,test,real,0,0,0.014074355363845825,clean,none,,,0
real_00196.jpeg,test,real,0,0,7.907871802297566e-17,clean,none,,,0
real_00191.jpeg,test,real,0,1,0.6210742592811584,clean,none,,,0
real_00192.jpeg,test,real,0,0,4.689694410586753e-09,clean,none,,,0
real_00353.jpeg,test,real,0,1,0.6829676628112793,clean,none,,,0
real_00254.jpeg,test,real,0,0,2.1632376956404187e-06,clean,none,,,0
real_00169.jpeg,test,real,0,0,4.7352404664025016e-08,clean,none,,,0
real_00370.jpeg,test,real,0,0,5.151510121259584e-11,clean,none,,,0
real_00004.jpeg,test,real,0,0,0.020236071199178696,clean,none,,,0
real_00368.jpeg,test,real,0,0,0.15581485629081726,clean,none,,,0
real_00417.jpeg,test,real,0,0,0.4964846074581146,clean,none,,,0
real_00333.jpeg,test,real,0,0,0.01893191784620285,clean,none,,,0
real_00123.jpeg,test,real,0,0,0.00486570643261075,clean,none,,,0
real_00380.jpeg,test,real,0,0,0.047970306128263474,clean,none,,,0
real_00179.jpeg,test,real,0,0,9.488702744420152e-06,clean,none,,,0
real_00400.jpeg,test,real,0,0,0.00010451586422277614,clean,none,,,0
real_00369.jpeg,test,real,0,0,0.20223507285118103,clean,none,,,0
real_00051.jpeg,test,real,0,0,0.374126136302948,clean,none,,,0
real_00097.jpeg,test,real,0,0,7.372511277026206e-07,clean,none,,,0
real_00515.jpeg,test,real,0,0,0.0010095075704157352,clean,none,,,0
real_00446.jpeg,test,real,0,0,0.008514586836099625,clean,none,,,0
real_00155.jpeg,test,real,0,0,0.007720038760453463,clean,none,,,0
real_00277.jpeg,test,real,0,0,0.00017045375716406852,clean,none,,,0
real_00098.jpeg,test,real,0,0,3.942460898542777e-05,clean,none,,,0
real_00107.jpeg,test,real,0,0,0.13555926084518433,clean,none,,,0
real_00087.jpeg,test,real,0,0,1.0565809134277515e-06,clean,none,,,0
real_00565.jpeg,test,real,0,0,0.004830028861761093,clean,none,,,0
real_00280.jpeg,test,real,0,0,1.845663462063385e-07,clean,none,,,0
real_00507.jpeg,test,real,0,0,1.0959078089456398e-08,clean,none,,,0
real_00326.jpeg,test,real,0,0,0.175434410572052,clean,none,,,0
real_00244.jpeg,test,real,0,0,2.3513196276229173e-15,clean,none,,,0
real_00033.jpeg,test,real,0,0,0.008380668237805367,clean,none,,,0
real_00064.jpeg,test,real,0,0,3.6231800437484807e-14,clean,none,,,0
real_00013.jpeg,test,real,0,0,1.2651987901790562e-08,clean,none,,,0
real_00183.jpeg,test,real,0,0,0.18584755063056946,clean,none,,,0
real_00030.jpeg,test,real,0,0,0.0007271073991432786,clean,none,,,0
real_00474.jpeg,test,real,0,0,0.002864609006792307,clean,none,,,0
real_00558.jpeg,test,real,0,0,0.012726100161671638,clean,none,,,0
real_00088.jpeg,test,real,0,0,0.033715661615133286,clean,none,,,0
real_00436.jpeg,test,real,0,1,0.6867978572845459,clean,none,,,0
real_00518.jpeg,test,real,0,0,2.437595321680419e-05,clean,none,,,0
real_00111.jpeg,test,real,0,0,3.9513062802143395e-05,clean,none,,,0
real_00122.jpeg,test,real,0,0,0.43992558121681213,clean,none,,,0
real_00461.jpeg,test,real,0,0,0.022727731615304947,clean,none,,,0
real_00239.jpeg,test,real,0,0,0.00040302061825059354,clean,none,,,0
real_00408.jpeg,test,real,0,0,3.2508496587979607e-06,clean,none,,,0
real_00460.jpeg,test,real,0,0,0.0031235283240675926,clean,none,,,0
real_00138.jpeg,test,real,0,0,0.010329424403607845,clean,none,,,0
real_00429.jpeg,test,real,0,0,7.424115028697997e-05,clean,none,,,0
real_00462.jpeg,test,real,0,0,7.014370096043721e-13,clean,none,,,0
real_00113.jpeg,test,real,0,0,0.3299183249473572,clean,none,,,0
real_00391.jpeg,test,real,0,0,3.0135150154819712e-05,clean,none,,,0
real_00303.jpeg,test,real,0,0,2.6684524527809117e-06,clean,none,,,0
real_00592.jpeg,test,real,0,0,2.639634664281749e-18,clean,none,,,0
real_00157.jpeg,test,real,0,0,0.01668841950595379,clean,none,,,0
real_00475.jpeg,test,real,0,0,1.5087177416717168e-05,clean,none,,,0
real_00071.jpeg,test,real,0,0,0.24682694673538208,clean,none,,,0
real_00235.jpeg,test,real,0,0,8.565558528061956e-05,clean,none,,,0
real_00067.jpeg,test,real,0,0,0.00022914067085366696,clean,none,,,0
real_00502.jpeg,test,real,0,0,0.0038639414124190807,clean,none,,,0
real_00099.jpeg,test,real,0,0,0.10457941889762878,clean,none,,,0
real_00508.jpeg,test,real,0,0,0.00021826953161507845,clean,none,,,0
real_00036.jpeg,test,real,0,0,0.0002245537907583639,clean,none,,,0
real_00149.jpeg,test,real,0,0,5.667061611647206e-11,clean,none,,,0
real_00220.jpeg,test,real,0,0,0.0004562409012578428,clean,none,,,0
real_00418.jpeg,test,real,0,0,0.0004557725042104721,clean,none,,,0
real_00466.jpeg,test,real,0,0,0.37017399072647095,clean,none,,,0
real_00120.jpeg,test,real,0,0,0.005165216512978077,clean,none,,,0
real_00139.jpeg,test,real,0,0,0.21002288162708282,clean,none,,,0
real_00589.jpeg,test,real,0,1,0.9929554462432861,clean,none,,,0
real_00276.jpeg,test,real,0,0,0.012459964491426945,clean,none,,,0
real_00377.jpeg,test,real,0,0,0.10919810831546783,clean,none,,,0
real_00175.jpeg,test,real,0,0,0.10845907032489777,clean,none,,,0
real_00001.jpeg,test,real,0,0,0.48066797852516174,clean,none,,,0
real_00424.jpeg,test,real,0,0,7.572762115160003e-06,clean,none,,,0
real_00197.jpeg,test,real,0,0,0.00018531865498516709,clean,none,,,0
real_00246.jpeg,test,real,0,0,0.0018830030458047986,clean,none,,,0
real_00325.jpeg,test,real,0,0,0.005464224610477686,clean,none,,,0
real_00150.jpeg,test,real,0,0,3.676185755807637e-08,clean,none,,,0
real_00501.jpeg,test,real,0,0,5.942128336755559e-05,clean,none,,,0
real_00428.jpeg,test,real,0,0,0.02894766256213188,clean,none,,,0
real_00222.jpeg,test,real,0,0,0.2022400051355362,clean,none,,,0
real_00045.jpeg,test,real,0,0,0.013759134337306023,clean,none,,,0
real_00338.jpeg,test,real,0,0,0.0006691858870908618,clean,none,,,0
real_00390.jpeg,test,real,0,0,0.00024972204118967056,clean,none,,,0
real_00062.jpeg,test,real,0,0,0.2789677381515503,clean,none,,,0
real_00426.jpeg,test,real,0,0,0.0005557842087000608,clean,none,,,0
real_00247.jpeg,test,real,0,0,0.0973891094326973,clean,none,,,0
real_00152.jpeg,test,real,0,0,0.005952415056526661,clean,none,,,0
real_00156.jpeg,test,real,0,0,0.0006159901386126876,clean,none,,,0
real_00084.jpeg,test,real,0,0,0.013983651995658875,clean,none,,,0
real_00212.jpeg,test,real,0,0,0.07016132771968842,clean,none,,,0
real_00184.jpeg,test,real,0,0,0.017554236575961113,clean,none,,,0
real_00309.jpeg,test,real,0,0,0.0010146023705601692,clean,none,,,0
real_00423.jpeg,test,real,0,0,0.26035863161087036,clean,none,,,0
real_00095.jpeg,test,real,0,0,0.0007880890625528991,clean,none,,,0
real_00264.jpeg,test,real,0,0,0.0050575570203363895,clean,none,,,0
real_00105.jpeg,test,real,0,0,0.0370674692094326,clean,none,,,0
real_00024.jpeg,test,real,0,0,1.5927673402416076e-08,clean,none,,,0
real_00293.jpeg,test,real,0,0,8.58706869166781e-07,clean,none,,,0
real_00311.jpeg,test,real,0,0,0.009996209293603897,clean,none,,,0
real_00032.jpeg,test,real,0,0,0.18577761948108673,clean,none,,,0
real_00374.jpeg,test,real,0,0,3.504941560095176e-05,clean,none,,,0
real_00492.jpeg,test,real,0,0,6.890577060403302e-05,clean,none,,,0
real_00162.jpeg,test,real,0,0,0.01921735517680645,clean,none,,,0
real_00588.jpeg,test,real,0,0,0.0005709174438379705,clean,none,,,0
real_00411.jpeg,test,real,0,0,0.0004380715254228562,clean,none,,,0
real_00241.jpeg,test,real,0,0,0.10682664066553116,clean,none,,,0
real_00432.jpeg,test,real,0,0,0.41888687014579773,clean,none,,,0
real_00025.jpeg,test,real,0,0,0.0004743170866277069,clean,none,,,0
real_00079.jpeg,test,real,0,1,0.5753284096717834,clean,none,,,0
real_00351.jpeg,test,real,0,0,0.10850236564874649,clean,none,,,0
real_00590.jpeg,test,real,0,0,8.519389638195207e-09,clean,none,,,0
real_00240.jpeg,test,real,0,0,0.0003077964938711375,clean,none,,,0
real_00583.jpeg,test,real,0,0,5.835661431774497e-05,clean,none,,,0
real_00116.jpeg,test,real,0,0,0.11297972500324249,clean,none,,,0
real_00081.jpeg,test,real,0,0,0.0010228661121800542,clean,none,,,0
real_00224.jpeg,test,real,0,0,0.07381366193294525,clean,none,,,0
real_00372.jpeg,test,real,0,0,0.001994336722418666,clean,none,,,0
real_00074.jpeg,test,real,0,0,0.00039314079913310707,clean,none,,,0
real_00555.jpeg,test,real,0,0,6.279437911871355e-06,clean,none,,,0
real_00399.jpeg,test,real,0,0,1.0357701285101939e-05,clean,none,,,0
real_00308.jpeg,test,real,0,0,0.04377100244164467,clean,none,,,0
real_00132.jpeg,test,real,0,0,0.11308538168668747,clean,none,,,0
real_00478.jpeg,test,real,0,0,0.0123081523925066,clean,none,,,0
real_00435.jpeg,test,real,0,0,5.345084719010629e-05,clean,none,,,0
real_00072.jpeg,test,real,0,0,0.002832959173247218,clean,none,,,0
real_00037.jpeg,test,real,0,0,0.49243655800819397,clean,none,,,0
real_00272.jpeg,test,real,0,1,0.973100483417511,clean,none,,,0
real_00102.jpeg,test,real,0,0,0.04124689847230911,clean,none,,,0
real_00044.jpeg,test,real,0,0,0.05690177530050278,clean,none,,,0
real_00546.jpeg,test,real,0,0,0.01065805647522211,clean,none,,,0
real_00146.jpeg,test,real,0,0,4.247950346325524e-05,clean,none,,,0
real_00361.jpeg,test,real,0,0,0.002781862858682871,clean,none,,,0
real_00498.jpeg,test,real,0,1,0.6176325678825378,clean,none,,,0
real_00567.jpeg,test,real,0,0,1.198838077698383e-07,clean,none,,,0
real_00229.jpeg,test,real,0,0,0.0008916962542571127,clean,none,,,0
real_00573.jpeg,test,real,0,0,6.612752258661203e-06,clean,none,,,0
real_00452.jpeg,test,real,0,0,0.13261860609054565,clean,none,,,0
real_00258.jpeg,test,real,0,0,0.08797513693571091,clean,none,,,0
real_00581.jpeg,test,real,0,0,0.01230369508266449,clean,none,,,0
real_00340.jpeg,test,real,0,0,0.12246736139059067,clean,none,,,0
real_00516.jpeg,test,real,0,0,0.0014521131524816155,clean,none,,,0
real_00524.jpeg,test,real,0,0,0.0008374238386750221,clean,none,,,0
real_00554.jpeg,test,real,0,0,0.0019298071274533868,clean,none,,,0
real_00299.jpeg,test,real,0,0,1.3819738242659696e-08,clean,none,,,0
real_00439.jpeg,test,real,0,0,0.001557924086228013,clean,none,,,0
real_00166.jpeg,test,real,0,0,9.015603836814989e-07,clean,none,,,0
real_00392.jpeg,test,real,0,0,0.03580290079116821,clean,none,,,0
real_00086.jpeg,test,real,0,0,8.680946848471649e-06,clean,none,,,0
real_00537.jpeg,test,real,0,0,0.2629873752593994,clean,none,,,0
real_00431.jpeg,test,real,0,0,4.9712121835909784e-05,clean,none,,,0
real_00389.jpeg,test,real,0,0,4.71121438749833e-06,clean,none,,,0
real_00534.jpeg,test,real,0,0,1.1788960364356171e-05,clean,none,,,0
real_00541.jpeg,test,real,0,0,1.7572649113617445e-08,clean,none,,,0
real_00094.jpeg,test,real,0,1,0.9842897057533264,clean,none,,,0
real_00226.jpeg,test,real,0,0,0.0006760695832781494,clean,none,,,0
real_00200.jpeg,test,real,0,0,0.005591738037765026,clean,none,,,0
real_00330.jpeg,test,real,0,0,0.0057097687385976315,clean,none,,,0
real_00091.jpeg,test,real,0,0,0.29710644483566284,clean,none,,,0
real_00472.jpeg,test,real,0,0,3.332637985020703e-11,clean,none,,,0
real_00493.jpeg,test,real,0,0,1.9984806840511737e-06,clean,none,,,0
real_00053.jpeg,test,real,0,0,1.2866881604622904e-07,clean,none,,,0
real_00298.jpeg,test,real,0,0,0.021896347403526306,clean,none,,,0
real_00366.jpeg,test,real,0,0,0.0016277225222438574,clean,none,,,0
real_00182.jpeg,test,real,0,0,2.0043205950059928e-05,clean,none,,,0
real_00490.jpeg,test,real,0,0,0.007143194321542978,clean,none,,,0
real_00593.jpeg,test,real,0,0,0.25834569334983826,clean,none,,,0
real_00137.jpeg,test,real,0,0,0.02331690862774849,clean,none,,,0
real_00314.jpeg,test,real,0,0,0.06628374010324478,clean,none,,,0
real_00471.jpeg,test,real,0,0,0.011898191645741463,clean,none,,,0
real_00365.jpeg,test,real,0,0,0.0007300575380213559,clean,none,,,0
real_00042.jpeg,test,real,0,0,1.9132784245812218e-09,clean,none,,,0
real_00448.jpeg,test,real,0,0,0.31307747960090637,clean,none,,,0
real_00188.jpeg,test,real,0,0,1.3208518794272095e-06,clean,none,,,0
real_00245.jpeg,test,real,0,0,0.19869869947433472,clean,none,,,0
real_00509.jpeg,test,real,0,0,5.187544957152568e-06,clean,none,,,0
real_00265.jpeg,test,real,0,0,0.000570976291783154,clean,none,,,0
real_00443.jpeg,test,real,0,0,0.00014565589663106948,clean,none,,,0
real_00284.jpeg,test,real,0,0,0.00271301600150764,clean,none,,,0
real_00386.jpeg,test,real,0,0,7.732348421995994e-06,clean,none,,,0
real_00548.jpeg,test,real,0,0,1.3649822676597978e-06,clean,none,,,0
real_00487.jpeg,test,real,0,0,0.00019720193813554943,clean,none,,,0
real_00549.jpeg,test,real,0,1,0.7486872673034668,clean,none,,,0
real_00315.jpeg,test,real,0,0,3.9133861719165e-05,clean,none,,,0
real_00464.jpeg,test,real,0,0,0.0008533810614608228,clean,none,,,0
midjourney_00068.png,test,midjourney,1,0,0.01764982007443905,clean,none,,,0
vqdm_00062.png,test,vqdm,1,0,0.21103893220424652,clean,none,,,0
adm_00019.png,test,adm,1,1,0.9993763566017151,clean,none,,,0
midjourney_00077.png,test,midjourney,1,0,0.0006826963508501649,clean,none,,,0
adm_00074.png,test,adm,1,1,0.9999986886978149,clean,none,,,0
wukong_00038.png,test,wukong,1,1,0.9999681711196899,clean,none,,,0
biggan_00049.png,test,biggan,1,1,0.9986304044723511,clean,none,,,0
midjourney_00036.png,test,midjourney,1,1,0.5640317797660828,clean,none,,,0
glide_00074.png,test,glide,1,1,0.9997509121894836,clean,none,,,0
sdv5_00043.png,test,sdv5,1,0,0.25008177757263184,clean,none,,,0
wukong_00067.png,test,wukong,1,1,0.9916142225265503,clean,none,,,0
vqdm_00041.png,test,vqdm,1,1,0.9551100134849548,clean,none,,,0
wukong_00066.png,test,wukong,1,0,0.12809999287128448,clean,none,,,0
vqdm_00061.png,test,vqdm,1,1,1.0,clean,none,,,0
biggan_00010.png,test,biggan,1,1,1.0,clean,none,,,0
midjourney_00011.png,test,midjourney,1,1,0.9997932314872742,clean,none,,,0
adm_00067.png,test,adm,1,1,0.9999587535858154,clean,none,,,0
adm_00063.png,test,adm,1,1,0.9997383952140808,clean,none,,,0
wukong_00015.png,test,wukong,1,1,0.9637126922607422,clean,none,,,0
vqdm_00004.png,test,vqdm,1,1,0.9690579175949097,clean,none,,,0
midjourney_00005.png,test,midjourney,1,1,0.5040595531463623,clean,none,,,0
adm_00014.png,test,adm,1,1,1.0,clean,none,,,0
glide_00069.png,test,glide,1,1,0.9999985694885254,clean,none,,,0
vqdm_00010.png,test,vqdm,1,1,1.0,clean,none,,,0
sdv5_00046.png,test,sdv5,1,1,0.9993287324905396,clean,none,,,0
wukong_00023.png,test,wukong,1,1,0.902436375617981,clean,none,,,0
midjourney_00074.png,test,midjourney,1,1,0.8814974427223206,clean,none,,,0
midjourney_00039.png,test,midjourney,1,1,0.932361900806427,clean,none,,,0
vqdm_00024.png,test,vqdm,1,1,0.9999978542327881,clean,none,,,0
wukong_00075.png,test,wukong,1,1,0.8963252902030945,clean,none,,,0
biggan_00050.png,test,biggan,1,1,1.0,clean,none,,,0
midjourney_00059.png,test,midjourney,1,1,0.7453251481056213,clean,none,,,0
biggan_00029.png,test,biggan,1,1,0.9999998807907104,clean,none,,,0
sdv5_00039.png,test,sdv5,1,1,0.9947152733802795,clean,none,,,0
glide_00061.png,test,glide,1,0,0.12906190752983093,clean,none,,,0
biggan_00012.png,test,biggan,1,1,0.9999901056289673,clean,none,,,0
biggan_00080.png,test,biggan,1,1,1.0,clean,none,,,0
glide_00053.png,test,glide,1,1,0.9964936375617981,clean,none,,,0
vqdm_00006.png,test,vqdm,1,1,0.8679614663124084,clean,none,,,0
adm_00023.png,test,adm,1,1,1.0,clean,none,,,0
sdv5_00054.png,test,sdv5,1,1,0.9988884329795837,clean,none,,,0
midjourney_00021.png,test,midjourney,1,1,0.9956240057945251,clean,none,,,0
vqdm_00065.png,test,vqdm,1,0,0.10036002844572067,clean,none,,,0
biggan_00055.png,test,biggan,1,1,0.9999744892120361,clean,none,,,0
wukong_00003.png,test,wukong,1,1,0.9993945360183716,clean,none,,,0
biggan_00022.png,test,biggan,1,1,0.9720577001571655,clean,none,,,0
biggan_00081.png,test,biggan,1,1,0.7348662614822388,clean,none,,,0
vqdm_00049.png,test,vqdm,1,1,0.963546097278595,clean,none,,,0
sdv5_00076.png,test,sdv5,1,1,0.9999337196350098,clean,none,,,0
vqdm_00011.png,test,vqdm,1,1,0.996867835521698,clean,none,,,0
adm_00039.png,test,adm,1,1,1.0,clean,none,,,0
glide_00023.png,test,glide,1,1,0.9986395239830017,clean,none,,,0
sdv5_00063.png,test,sdv5,1,1,0.9976133108139038,clean,none,,,0
biggan_00059.png,test,biggan,1,1,0.9999996423721313,clean,none,,,0
glide_00015.png,test,glide,1,1,0.9999996423721313,clean,none,,,0
wukong_00047.png,test,wukong,1,1,0.9318459630012512,clean,none,,,0
vqdm_00037.png,test,vqdm,1,1,0.99153733253479,clean,none,,,0
wukong_00080.png,test,wukong,1,1,0.9999887943267822,clean,none,,,0
midjourney_00076.png,test,midjourney,1,1,0.9986183643341064,clean,none,,,0
sdv5_00061.png,test,sdv5,1,1,0.9999998807907104,clean,none,,,0
adm_00029.png,test,adm,1,1,0.9999949932098389,clean,none,,,0
glide_00039.png,test,glide,1,1,0.9999997615814209,clean,none,,,0
adm_00072.png,test,adm,1,1,0.9975996613502502,clean,none,,,0
sdv5_00051.png,test,sdv5,1,1,1.0,clean,none,,,0
sdv5_00066.png,test,sdv5,1,1,0.8486893177032471,clean,none,,,0
midjourney_00078.png,test,midjourney,1,1,0.9999891519546509,clean,none,,,0
vqdm_00017.png,test,vqdm,1,0,0.012247452512383461,clean,none,,,0
sdv5_00073.png,test,sdv5,1,1,0.9980292916297913,clean,none,,,0
midjourney_00045.png,test,midjourney,1,1,0.9306157827377319,clean,none,,,0
vqdm_00073.png,test,vqdm,1,1,0.6919798254966736,clean,none,,,0
sdv5_00008.png,test,sdv5,1,1,0.9999840259552002,clean,none,,,0
midjourney_00061.png,test,midjourney,1,0,0.049863576889038086,clean,none,,,0
adm_00015.png,test,adm,1,1,0.9999998807907104,clean,none,,,0
vqdm_00068.png,test,vqdm,1,1,0.9833974242210388,clean,none,,,0
midjourney_00053.png,test,midjourney,1,1,0.9999982118606567,clean,none,,,0
sdv5_00050.png,test,sdv5,1,1,0.999581515789032,clean,none,,,0
glide_00050.png,test,glide,1,1,0.9999998807907104,clean,none,,,0
midjourney_00069.png,test,midjourney,1,1,0.6049802899360657,clean,none,,,0
glide_00038.png,test,glide,1,1,0.9997575879096985,clean,none,,,0
biggan_00011.png,test,biggan,1,1,0.9813119769096375,clean,none,,,0
biggan_00082.png,test,biggan,1,1,0.9999754428863525,clean,none,,,0
wukong_00005.png,test,wukong,1,1,0.999893069267273,clean,none,,,0
wukong_00014.png,test,wukong,1,1,0.999941349029541,clean,none,,,0
midjourney_00071.png,test,midjourney,1,0,0.006289463955909014,clean,none,,,0
midjourney_00009.png,test,midjourney,1,1,0.6986677050590515,clean,none,,,0
midjourney_00044.png,test,midjourney,1,1,0.9753853678703308,clean,none,,,0
biggan_00017.png,test,biggan,1,1,0.9999397993087769,clean,none,,,0
glide_00082.png,test,glide,1,1,0.9988476037979126,clean,none,,,0
glide_00037.png,test,glide,1,0,0.3789370357990265,clean,none,,,0
adm_00027.png,test,adm,1,1,0.9999276399612427,clean,none,,,0
midjourney_00024.png,test,midjourney,1,1,0.999998927116394,clean,none,,,0
glide_00033.png,test,glide,1,1,0.9999980926513672,clean,none,,,0
midjourney_00007.png,test,midjourney,1,1,0.9855965971946716,clean,none,,,0
sdv5_00072.png,test,sdv5,1,1,0.6935890913009644,clean,none,,,0
wukong_00022.png,test,wukong,1,1,0.9985824823379517,clean,none,,,0
vqdm_00032.png,test,vqdm,1,0,0.0009836176177486777,clean,none,,,0
glide_00009.png,test,glide,1,1,1.0,clean,none,,,0
biggan_00030.png,test,biggan,1,1,0.982954204082489,clean,none,,,0
wukong_00057.png,test,wukong,1,1,0.9589765667915344,clean,none,,,0
adm_00079.png,test,adm,1,1,1.0,clean,none,,,0
vqdm_00031.png,test,vqdm,1,1,0.9879751801490784,clean,none,,,0
glide_00010.png,test,glide,1,1,1.0,clean,none,,,0
wukong_00009.png,test,wukong,1,1,0.9984757304191589,clean,none,,,0
glide_00013.png,test,glide,1,1,0.9995630383491516,clean,none,,,0
vqdm_00023.png,test,vqdm,1,1,0.5619804263114929,clean,none,,,0
sdv5_00011.png,test,sdv5,1,1,0.9888867735862732,clean,none,,,0
sdv5_00047.png,test,sdv5,1,1,0.999991774559021,clean,none,,,0
sdv5_00009.png,test,sdv5,1,1,0.9700915813446045,clean,none,,,0
sdv5_00010.png,test,sdv5,1,1,0.9339901208877563,clean,none,,,0
glide_00076.png,test,glide,1,1,1.0,clean,none,,,0
adm_00081.png,test,adm,1,1,0.999998927116394,clean,none,,,0
sdv5_00023.png,test,sdv5,1,1,0.9999780654907227,clean,none,,,0
biggan_00003.png,test,biggan,1,1,0.9998847246170044,clean,none,,,0
wukong_00061.png,test,wukong,1,1,0.6361591815948486,clean,none,,,0
adm_00085.png,test,adm,1,1,0.9870033860206604,clean,none,,,0
midjourney_00014.png,test,midjourney,1,1,0.9556778073310852,clean,none,,,0
vqdm_00042.png,test,vqdm,1,1,0.9991068243980408,clean,none,,,0
wukong_00076.png,test,wukong,1,1,0.9993108510971069,clean,none,,,0
vqdm_00035.png,test,vqdm,1,1,0.6531538963317871,clean,none,,,0
sdv5_00037.png,test,sdv5,1,1,0.6762850284576416,clean,none,,,0
biggan_00000.png,test,biggan,1,1,0.9999964237213135,clean,none,,,0
sdv5_00053.png,test,sdv5,1,1,0.9999991655349731,clean,none,,,0
midjourney_00034.png,test,midjourney,1,1,0.9968716502189636,clean,none,,,0
wukong_00033.png,test,wukong,1,1,0.9432145953178406,clean,none,,,0
glide_00011.png,test,glide,1,1,0.9996238946914673,clean,none,,,0
glide_00008.png,test,glide,1,1,0.9999998807907104,clean,none,,,0
adm_00044.png,test,adm,1,1,0.9836861491203308,clean,none,,,0
sdv5_00029.png,test,sdv5,1,1,0.9999747276306152,clean,none,,,0
sdv5_00081.png,test,sdv5,1,1,0.9999904632568359,clean,none,,,0
sdv5_00040.png,test,sdv5,1,1,0.5059831142425537,clean,none,,,0
adm_00042.png,test,adm,1,1,0.9999736547470093,clean,none,,,0
sdv5_00059.png,test,sdv5,1,1,0.9613252878189087,clean,none,,,0
wukong_00017.png,test,wukong,1,1,0.9999291896820068,clean,none,,,0
wukong_00058.png,test,wukong,1,1,0.9999986886978149,clean,none,,,0
adm_00086.png,test,adm,1,1,0.9999998807907104,clean,none,,,0
midjourney_00049.png,test,midjourney,1,1,0.979606568813324,clean,none,,,0
midjourney_00065.png,test,midjourney,1,1,0.9999998807907104,clean,none,,,0
midjourney_00006.png,test,midjourney,1,1,0.9836236238479614,clean,none,,,0
wukong_00079.png,test,wukong,1,1,0.9995296001434326,clean,none,,,0
sdv5_00085.png,test,sdv5,1,1,1.0,clean,none,,,0
sdv5_00065.png,test,sdv5,1,1,0.9650469422340393,clean,none,,,0
wukong_00037.png,test,wukong,1,1,0.9772694110870361,clean,none,,,0
biggan_00032.png,test,biggan,1,1,0.9998036026954651,clean,none,,,0
wukong_00011.png,test,wukong,1,1,0.999976634979248,clean,none,,,0
biggan_00053.png,test,biggan,1,1,1.0,clean,none,,,0
sdv5_00005.png,test,sdv5,1,1,0.9783217310905457,clean,none,,,0
adm_00057.png,test,adm,1,1,0.9751171469688416,clean,none,,,0
wukong_00024.png,test,wukong,1,1,0.9949972629547119,clean,none,,,0
glide_00056.png,test,glide,1,1,1.0,clean,none,,,0
adm_00004.png,test,adm,1,1,1.0,clean,none,,,0
midjourney_00081.png,test,midjourney,1,0,0.00037848108331672847,clean,none,,,0
sdv5_00083.png,test,sdv5,1,0,0.047517940402030945,clean,none,,,0
glide_00042.png,test,glide,1,1,0.9999750852584839,clean,none,,,0
glide_00029.png,test,glide,1,1,0.8319520354270935,clean,none,,,0
vqdm_00022.png,test,vqdm,1,1,0.99928218126297,clean,none,,,0
adm_00007.png,test,adm,1,1,0.9999793767929077,clean,none,,,0
vqdm_00082.png,test,vqdm,1,0,0.34297454357147217,clean,none,,,0
glide_00052.png,test,glide,1,1,1.0,clean,none,,,0
adm_00066.png,test,adm,1,1,0.9740176200866699,clean,none,,,0
sdv5_00026.png,test,sdv5,1,1,0.5156049132347107,clean,none,,,0
wukong_00004.png,test,wukong,1,1,0.9999963045120239,clean,none,,,0
wukong_00034.png,test,wukong,1,1,0.9997310042381287,clean,none,,,0
adm_00073.png,test,adm,1,1,0.9999997615814209,clean,none,,,0
sdv5_00056.png,test,sdv5,1,1,0.9011369347572327,clean,none,,,0
adm_00050.png,test,adm,1,1,0.9915334582328796,clean,none,,,0
biggan_00004.png,test,biggan,1,1,0.999955415725708,clean,none,,,0
midjourney_00063.png,test,midjourney,1,1,0.9130178689956665,clean,none,,,0
glide_00007.png,test,glide,1,1,0.9451491832733154,clean,none,,,0
vqdm_00059.png,test,vqdm,1,0,0.4742571711540222,clean,none,,,0
midjourney_00051.png,test,midjourney,1,0,0.14375440776348114,clean,none,,,0
adm_00040.png,test,adm,1,1,0.9851318001747131,clean,none,,,0
vqdm_00046.png,test,vqdm,1,0,0.4824335277080536,clean,none,,,0
glide_00071.png,test,glide,1,1,0.9999982118606567,clean,none,,,0
midjourney_00040.png,test,midjourney,1,1,0.8187536597251892,clean,none,,,0
biggan_00056.png,test,biggan,1,1,0.9962605834007263,clean,none,,,0
wukong_00030.png,test,wukong,1,1,0.9338828921318054,clean,none,,,0
adm_00045.png,test,adm,1,1,0.9999988079071045,clean,none,,,0
vqdm_00069.png,test,vqdm,1,1,0.9569701552391052,clean,none,,,0
sdv5_00013.png,test,sdv5,1,1,0.9788993000984192,clean,none,,,0
adm_00058.png,test,adm,1,1,0.9873502850532532,clean,none,,,0
biggan_00037.png,test,biggan,1,1,1.0,clean,none,,,0
vqdm_00039.png,test,vqdm,1,1,0.9994785189628601,clean,none,,,0
sdv5_00034.png,test,sdv5,1,1,0.9999386072158813,clean,none,,,0
glide_00047.png,test,glide,1,1,0.9988143444061279,clean,none,,,0
biggan_00063.png,test,biggan,1,1,0.9999997615814209,clean,none,,,0
glide_00045.png,test,glide,1,1,0.9133939146995544,clean,none,,,0
wukong_00027.png,test,wukong,1,1,0.9930025935173035,clean,none,,,0
vqdm_00027.png,test,vqdm,1,0,0.1826290637254715,clean,none,,,0
glide_00024.png,test,glide,1,1,0.9999994039535522,clean,none,,,0
wukong_00085.png,test,wukong,1,1,0.9996442794799805,clean,none,,,0
glide_00043.png,test,glide,1,1,0.9999994039535522,clean,none,,,0
vqdm_00055.png,test,vqdm,1,1,0.996565043926239,clean,none,,,0
midjourney_00057.png,test,midjourney,1,1,0.999911904335022,clean,none,,,0
wukong_00062.png,test,wukong,1,1,0.9475825428962708,clean,none,,,0
sdv5_00007.png,test,sdv5,1,1,0.9979739785194397,clean,none,,,0
biggan_00043.png,test,biggan,1,1,0.618696928024292,clean,none,,,0
adm_00083.png,test,adm,1,1,0.9999357461929321,clean,none,,,0
adm_00052.png,test,adm,1,1,0.9999967813491821,clean,none,,,0
wukong_00032.png,test,wukong,1,1,0.998788058757782,clean,none,,,0
midjourney_00047.png,test,midjourney,1,1,0.9999744892120361,clean,none,,,0
midjourney_00072.png,test,midjourney,1,1,0.9996138215065002,clean,none,,,0
wukong_00010.png,test,wukong,1,1,0.9975706934928894,clean,none,,,0
sdv5_00021.png,test,sdv5,1,1,0.9954169988632202,clean,none,,,0
biggan_00009.png,test,biggan,1,1,0.9841815233230591,clean,none,,,0
wukong_00043.png,test,wukong,1,1,0.9998202919960022,clean,none,,,0
vqdm_00034.png,test,vqdm,1,1,0.9720146656036377,clean,none,,,0
biggan_00023.png,test,biggan,1,1,0.9998406171798706,clean,none,,,0
glide_00080.png,test,glide,1,1,0.9999995231628418,clean,none,,,0
midjourney_00008.png,test,midjourney,1,1,0.68944251537323,clean,none,,,0
biggan_00024.png,test,biggan,1,1,0.9999995231628418,clean,none,,,0
midjourney_00002.png,test,midjourney,1,1,0.9381617307662964,clean,none,,,0
midjourney_00000.png,test,midjourney,1,1,0.8480472564697266,clean,none,,,0
adm_00084.png,test,adm,1,1,1.0,clean,none,,,0
biggan_00042.png,test,biggan,1,1,0.9999927282333374,clean,none,,,0
wukong_00018.png,test,wukong,1,1,0.999997615814209,clean,none,,,0
vqdm_00021.png,test,vqdm,1,1,0.9781734347343445,clean,none,,,0
sdv5_00057.png,test,sdv5,1,1,0.9739461541175842,clean,none,,,0
midjourney_00029.png,test,midjourney,1,1,0.7259048223495483,clean,none,,,0
sdv5_00004.png,test,sdv5,1,0,0.4889998733997345,clean,none,,,0
wukong_00063.png,test,wukong,1,0,0.2683502435684204,clean,none,,,0
glide_00057.png,test,glide,1,1,0.9996480941772461,clean,none,,,0
wukong_00074.png,test,wukong,1,0,0.28376251459121704,clean,none,,,0
adm_00070.png,test,adm,1,1,0.9985709190368652,clean,none,,,0
midjourney_00018.png,test,midjourney,1,1,0.9994018077850342,clean,none,,,0
vqdm_00081.png,test,vqdm,1,1,0.8349535465240479,clean,none,,,0
vqdm_00075.png,test,vqdm,1,1,0.9216299057006836,clean,none,,,0
glide_00059.png,test,glide,1,1,0.9951489567756653,clean,none,,,0
vqdm_00002.png,test,vqdm,1,0,0.20819932222366333,clean,none,,,0
biggan_00045.png,test,biggan,1,1,1.0,clean,none,,,0
sdv5_00075.png,test,sdv5,1,1,0.9779677391052246,clean,none,,,0
sdv5_00055.png,test,sdv5,1,0,0.07499999552965164,clean,none,,,0
wukong_00013.png,test,wukong,1,1,0.9999818801879883,clean,none,,,0
adm_00068.png,test,adm,1,1,0.9999058246612549,clean,none,,,0
midjourney_00010.png,test,midjourney,1,0,0.2182358354330063,clean,none,,,0
midjourney_00030.png,test,midjourney,1,1,0.9934472441673279,clean,none,,,0
sdv5_00074.png,test,sdv5,1,1,0.9999929666519165,clean,none,,,0
vqdm_00072.png,test,vqdm,1,1,0.9922811388969421,clean,none,,,0
wukong_00031.png,test,wukong,1,1,0.999993085861206,clean,none,,,0
vqdm_00080.png,test,vqdm,1,1,0.9988623857498169,clean,none,,,0
midjourney_00043.png,test,midjourney,1,0,0.035898659378290176,clean,none,,,0
vqdm_00001.png,test,vqdm,1,1,0.7955998778343201,clean,none,,,0
glide_00021.png,test,glide,1,1,0.9999926090240479,clean,none,,,0
midjourney_00037.png,test,midjourney,1,0,0.009502663277089596,clean,none,,,0
biggan_00031.png,test,biggan,1,1,0.9999998807907104,clean,none,,,0
wukong_00072.png,test,wukong,1,1,0.9798754453659058,clean,none,,,0
midjourney_00055.png,test,midjourney,1,1,0.9987518787384033,clean,none,,,0
glide_00070.png,test,glide,1,1,1.0,clean,none,,,0
biggan_00057.png,test,biggan,1,1,0.9976480603218079,clean,none,,,0
midjourney_00075.png,test,midjourney,1,1,0.9983431100845337,clean,none,,,0
vqdm_00048.png,test,vqdm,1,1,0.9464726448059082,clean,none,,,0
glide_00034.png,test,glide,1,1,1.0,clean,none,,,0
sdv5_00078.png,test,sdv5,1,1,0.913715660572052,clean,none,,,0
midjourney_00062.png,test,midjourney,1,1,0.6705304384231567,clean,none,,,0
adm_00031.png,test,adm,1,0,0.4414544403553009,clean,none,,,0
midjourney_00026.png,test,midjourney,1,1,0.7845082879066467,clean,none,,,0
vqdm_00000.png,test,vqdm,1,1,0.8843103647232056,clean,none,,,0
adm_00020.png,test,adm,1,1,0.9983745813369751,clean,none,,,0
adm_00012.png,test,adm,1,1,0.9999897480010986,clean,none,,,0
adm_00030.png,test,adm,1,1,0.9999973773956299,clean,none,,,0
midjourney_00070.png,test,midjourney,1,1,0.8656415939331055,clean,none,,,0
adm_00041.png,test,adm,1,1,0.9998890161514282,clean,none,,,0
adm_00078.png,test,adm,1,1,0.9999974966049194,clean,none,,,0
wukong_00068.png,test,wukong,1,1,0.9098594784736633,clean,none,,,0
biggan_00008.png,test,biggan,1,1,0.9908089637756348,clean,none,,,0
adm_00069.png,test,adm,1,1,1.0,clean,none,,,0
vqdm_00056.png,test,vqdm,1,1,0.9999727010726929,clean,none,,,0
sdv5_00036.png,test,sdv5,1,1,0.9983623623847961,clean,none,,,0
vqdm_00079.png,test,vqdm,1,1,0.9695209264755249,clean,none,,,0
midjourney_00017.png,test,midjourney,1,1,0.5933518409729004,clean,none,,,0
biggan_00033.png,test,biggan,1,1,0.999995231628418,clean,none,,,0
biggan_00018.png,test,biggan,1,1,0.9999934434890747,clean,none,,,0
sdv5_00001.png,test,sdv5,1,1,0.7154070734977722,clean,none,,,0
sdv5_00020.png,test,sdv5,1,1,0.981507420539856,clean,none,,,0
biggan_00048.png,test,biggan,1,1,0.9995843768119812,clean,none,,,0
biggan_00058.png,test,biggan,1,1,1.0,clean,none,,,0
midjourney_00066.png,test,midjourney,1,0,0.38411465287208557,clean,none,,,0
midjourney_00080.png,test,midjourney,1,0,0.31877321004867554,clean,none,,,0
adm_00005.png,test,adm,1,1,0.9999984502792358,clean,none,,,0
adm_00003.png,test,adm,1,1,0.9999984502792358,clean,none,,,0
adm_00024.png,test,adm,1,1,0.9998373985290527,clean,none,,,0
sdv5_00000.png,test,sdv5,1,1,0.9999219179153442,clean,none,,,0
biggan_00001.png,test,biggan,1,1,0.999790608882904,clean,none,,,0
vqdm_00014.png,test,vqdm,1,1,0.9994550347328186,clean,none,,,0
biggan_00028.png,test,biggan,1,1,1.0,clean,none,,,0
midjourney_00028.png,test,midjourney,1,0,0.07081451267004013,clean,none,,,0
biggan_00027.png,test,biggan,1,1,0.9998329877853394,clean,none,,,0
sdv5_00049.png,test,sdv5,1,1,0.9999220371246338,clean,none,,,0
vqdm_00029.png,test,vqdm,1,1,0.9955850839614868,clean,none,,,0
adm_00035.png,test,adm,1,1,0.9999769926071167,clean,none,,,0
adm_00011.png,test,adm,1,1,1.0,clean,none,,,0
biggan_00078.png,test,biggan,1,1,0.9999853372573853,clean,none,,,0
midjourney_00013.png,test,midjourney,1,1,0.9913950562477112,clean,none,,,0
sdv5_00067.png,test,sdv5,1,1,0.9748479127883911,clean,none,,,0
biggan_00006.png,test,biggan,1,1,0.9994418025016785,clean,none,,,0
vqdm_00078.png,test,vqdm,1,1,0.5178540945053101,clean,none,,,0
glide_00049.png,test,glide,1,1,0.9981321692466736,clean,none,,,0
midjourney_00050.png,test,midjourney,1,1,0.9999392032623291,clean,none,,,0
glide_00017.png,test,glide,1,1,1.0,clean,none,,,0
wukong_00008.png,test,wukong,1,1,0.9998974800109863,clean,none,,,0
sdv5_00014.png,test,sdv5,1,1,0.9746047258377075,clean,none,,,0
biggan_00052.png,test,biggan,1,1,0.9109281301498413,clean,none,,,0
wukong_00059.png,test,wukong,1,1,0.9834898710250854,clean,none,,,0
glide_00078.png,test,glide,1,1,1.0,clean,none,,,0
adm_00034.png,test,adm,1,1,1.0,clean,none,,,0
wukong_00006.png,test,wukong,1,1,0.930930495262146,clean,none,,,0
biggan_00046.png,test,biggan,1,1,1.0,clean,none,,,0
wukong_00073.png,test,wukong,1,1,0.5572040677070618,clean,none,,,0
midjourney_00046.png,test,midjourney,1,1,0.9997859597206116,clean,none,,,0
glide_00068.png,test,glide,1,1,0.9999990463256836,clean,none,,,0
midjourney_00058.png,test,midjourney,1,1,0.6275762915611267,clean,none,,,0
glide_00001.png,test,glide,1,1,0.9999972581863403,clean,none,,,0
glide_00041.png,test,glide,1,1,1.0,clean,none,,,0
glide_00014.png,test,glide,1,1,0.978548526763916,clean,none,,,0
adm_00013.png,test,adm,1,1,0.9959719777107239,clean,none,,,0
glide_00063.png,test,glide,1,1,0.999998927116394,clean,none,,,0
wukong_00045.png,test,wukong,1,1,0.9907580614089966,clean,none,,,0
biggan_00079.png,test,biggan,1,1,0.9999963045120239,clean,none,,,0
adm_00002.png,test,adm,1,1,1.0,clean,none,,,0
midjourney_00041.png,test,midjourney,1,1,0.9995884299278259,clean,none,,,0
vqdm_00044.png,test,vqdm,1,1,0.9997956156730652,clean,none,,,0
adm_00043.png,test,adm,1,1,0.9484956860542297,clean,none,,,0
sdv5_00017.png,test,sdv5,1,1,0.9997431635856628,clean,none,,,0
vqdm_00052.png,test,vqdm,1,1,0.7138418555259705,clean,none,,,0
adm_00036.png,test,adm,1,1,0.9997391104698181,clean,none,,,0
biggan_00083.png,test,biggan,1,1,0.98751300573349,clean,none,,,0
glide_00020.png,test,glide,1,1,1.0,clean,none,,,0
midjourney_00054.png,test,midjourney,1,0,0.208768829703331,clean,none,,,0
adm_00032.png,test,adm,1,1,0.9999781847000122,clean,none,,,0
glide_00058.png,test,glide,1,1,0.9999529123306274,clean,none,,,0
vqdm_00008.png,test,vqdm,1,1,0.9988364577293396,clean,none,,,0
adm_00026.png,test,adm,1,1,0.9999994039535522,clean,none,,,0
midjourney_00082.png,test,midjourney,1,1,0.9911921620368958,clean,none,,,0
wukong_00012.png,test,wukong,1,1,0.9973069429397583,clean,none,,,0
glide_00048.png,test,glide,1,1,0.9093680381774902,clean,none,,,0
midjourney_00033.png,test,midjourney,1,1,0.9999665021896362,clean,none,,,0
vqdm_00060.png,test,vqdm,1,1,0.9952711462974548,clean,none,,,0
wukong_00052.png,test,wukong,1,1,0.9999998807907104,clean,none,,,0
adm_00021.png,test,adm,1,1,0.9960830211639404,clean,none,,,0
wukong_00042.png,test,wukong,1,1,0.8714285492897034,clean,none,,,0
vqdm_00071.png,test,vqdm,1,1,0.9999074935913086,clean,none,,,0
glide_00026.png,test,glide,1,1,1.0,clean,none,,,0
biggan_00019.png,test,biggan,1,1,0.9999969005584717,clean,none,,,0
glide_00051.png,test,glide,1,1,0.9993785619735718,clean,none,,,0
adm_00056.png,test,adm,1,1,0.9995998740196228,clean,none,,,0
glide_00012.png,test,glide,1,1,1.0,clean,none,,,0
adm_00017.png,test,adm,1,1,0.8892115354537964,clean,none,,,0
wukong_00020.png,test,wukong,1,1,0.9982372522354126,clean,none,,,0
sdv5_00069.png,test,sdv5,1,1,0.9642571210861206,clean,none,,,0
vqdm_00064.png,test,vqdm,1,1,0.8311523795127869,clean,none,,,0
wukong_00050.png,test,wukong,1,1,0.9976332187652588,clean,none,,,0
glide_00032.png,test,glide,1,1,0.9999947547912598,clean,none,,,0
glide_00040.png,test,glide,1,1,0.9999881982803345,clean,none,,,0
glide_00064.png,test,glide,1,1,0.8921522498130798,clean,none,,,0
adm_00016.png,test,adm,1,1,0.9894165396690369,clean,none,,,0
biggan_00066.png,test,biggan,1,1,1.0,clean,none,,,0
vqdm_00013.png,test,vqdm,1,0,0.025979379191994667,clean,none,,,0
sdv5_00024.png,test,sdv5,1,1,0.9189407825469971,clean,none,,,0
sdv5_00030.png,test,sdv5,1,1,0.9968686699867249,clean,none,,,0
wukong_00051.png,test,wukong,1,1,0.9979569911956787,clean,none,,,0
sdv5_00077.png,test,sdv5,1,1,0.9999997615814209,clean,none,,,0
biggan_00013.png,test,biggan,1,1,0.9998581409454346,clean,none,,,0
wukong_00064.png,test,wukong,1,1,0.999984622001648,clean,none,,,0
vqdm_00025.png,test,vqdm,1,1,0.9703331589698792,clean,none,,,0
glide_00002.png,test,glide,1,1,1.0,clean,none,,,0
midjourney_00079.png,test,midjourney,1,1,0.7129371762275696,clean,none,,,0
wukong_00039.png,test,wukong,1,1,0.7993617653846741,clean,none,,,0
vqdm_00020.png,test,vqdm,1,1,0.9977782368659973,clean,none,,,0
sdv5_00032.png,test,sdv5,1,1,0.9942508935928345,clean,none,,,0
sdv5_00003.png,test,sdv5,1,0,0.11231021583080292,clean,none,,,0
wukong_00078.png,test,wukong,1,1,0.9968814849853516,clean,none,,,0
wukong_00065.png,test,wukong,1,1,0.9999226331710815,clean,none,,,0
biggan_00014.png,test,biggan,1,1,0.9998993873596191,clean,none,,,0
adm_00006.png,test,adm,1,1,1.0,clean,none,,,0
wukong_00056.png,test,wukong,1,1,0.9999905824661255,clean,none,,,0
biggan_00005.png,test,biggan,1,1,1.0,clean,none,,,0
wukong_00002.png,test,wukong,1,1,0.7415708303451538,clean,none,,,0
wukong_00055.png,test,wukong,1,0,0.10313917696475983,clean,none,,,0
sdv5_00016.png,test,sdv5,1,1,0.8296056985855103,clean,none,,,0
biggan_00065.png,test,biggan,1,0,0.37837889790534973,clean,none,,,0
vqdm_00019.png,test,vqdm,1,1,0.5213478803634644,clean,none,,,0
adm_00038.png,test,adm,1,1,0.9999979734420776,clean,none,,,0
sdv5_00044.png,test,sdv5,1,1,0.875619649887085,clean,none,,,0
midjourney_00084.png,test,midjourney,1,1,0.9998655319213867,clean,none,,,0
midjourney_00025.png,test,midjourney,1,0,0.09480325132608414,clean,none,,,0
biggan_00061.png,test,biggan,1,1,0.9990606904029846,clean,none,,,0
sdv5_00071.png,test,sdv5,1,1,0.9999990463256836,clean,none,,,0
biggan_00074.png,test,biggan,1,1,1.0,clean,none,,,0
vqdm_00077.png,test,vqdm,1,0,0.20925761759281158,clean,none,,,0
midjourney_00001.png,test,midjourney,1,1,0.9996823072433472,clean,none,,,0
biggan_00069.png,test,biggan,1,1,0.9934192299842834,clean,none,,,0
glide_00005.png,test,glide,1,1,0.9999996423721313,clean,none,,,0
sdv5_00015.png,test,sdv5,1,1,0.8042109608650208,clean,none,,,0
vqdm_00012.png,test,vqdm,1,1,0.856987476348877,clean,none,,,0
wukong_00077.png,test,wukong,1,0,0.37056949734687805,clean,none,,,0
midjourney_00023.png,test,midjourney,1,0,0.23189273476600647,clean,none,,,0
sdv5_00045.png,test,sdv5,1,1,0.9026293158531189,clean,none,,,0
adm_00033.png,test,adm,1,1,0.999835729598999,clean,none,,,0
wukong_00083.png,test,wukong,1,1,0.9883954524993896,clean,none,,,0
biggan_00034.png,test,biggan,1,1,1.0,clean,none,,,0
biggan_00070.png,test,biggan,1,1,0.999480664730072,clean,none,,,0
biggan_00076.png,test,biggan,1,1,0.871271550655365,clean,none,,,0
midjourney_00067.png,test,midjourney,1,1,0.6887333393096924,clean,none,,,0
biggan_00062.png,test,biggan,1,1,0.9995180368423462,clean,none,,,0
midjourney_00027.png,test,midjourney,1,1,0.961310088634491,clean,none,,,0
biggan_00077.png,test,biggan,1,1,0.9999933242797852,clean,none,,,0
wukong_00053.png,test,wukong,1,1,0.9999998807907104,clean,none,,,0
sdv5_00080.png,test,sdv5,1,1,1.0,clean,none,,,0
glide_00035.png,test,glide,1,0,0.26957324147224426,clean,none,,,0
adm_00022.png,test,adm,1,1,0.9999997615814209,clean,none,,,0
vqdm_00070.png,test,vqdm,1,0,0.36552929878234863,clean,none,,,0
wukong_00019.png,test,wukong,1,1,0.9224219918251038,clean,none,,,0
glide_00036.png,test,glide,1,1,0.9969139099121094,clean,none,,,0
adm_00054.png,test,adm,1,1,0.9999982118606567,clean,none,,,0
glide_00060.png,test,glide,1,1,0.9999985694885254,clean,none,,,0
adm_00061.png,test,adm,1,1,0.9999994039535522,clean,none,,,0
vqdm_00028.png,test,vqdm,1,1,0.9478273987770081,clean,none,,,0
vqdm_00026.png,test,vqdm,1,1,0.797950267791748,clean,none,,,0
vqdm_00054.png,test,vqdm,1,0,0.006496970541775227,clean,none,,,0
biggan_00021.png,test,biggan,1,1,0.862599790096283,clean,none,,,0
vqdm_00005.png,test,vqdm,1,1,0.9994367957115173,clean,none,,,0
glide_00055.png,test,glide,1,1,0.9995788931846619,clean,none,,,0
biggan_00075.png,test,biggan,1,0,0.40768536925315857,clean,none,,,0
wukong_00046.png,test,wukong,1,1,1.0,clean,none,,,0
wukong_00084.png,test,wukong,1,1,0.8862252831459045,clean,none,,,0
wukong_00025.png,test,wukong,1,1,0.9938856959342957,clean,none,,,0
vqdm_00009.png,test,vqdm,1,1,0.9964042901992798,clean,none,,,0
glide_00019.png,test,glide,1,1,1.0,clean,none,,,0
biggan_00040.png,test,biggan,1,1,1.0,clean,none,,,0
vqdm_00007.png,test,vqdm,1,1,0.9912742972373962,clean,none,,,0
vqdm_00076.png,test,vqdm,1,1,0.5260531902313232,clean,none,,,0
glide_00066.png,test,glide,1,1,0.8009770512580872,clean,none,,,0
biggan_00073.png,test,biggan,1,1,0.9999933242797852,clean,none,,,0
glide_00072.png,test,glide,1,1,0.9999998807907104,clean,none,,,0
midjourney_00038.png,test,midjourney,1,1,0.6220917105674744,clean,none,,,0
vqdm_00016.png,test,vqdm,1,0,0.0019044872606173158,clean,none,,,0
glide_00006.png,test,glide,1,1,0.999301552772522,clean,none,,,0
glide_00065.png,test,glide,1,1,0.9999924898147583,clean,none,,,0
adm_00055.png,test,adm,1,1,0.9999918937683105,clean,none,,,0
midjourney_00073.png,test,midjourney,1,1,0.8931626081466675,clean,none,,,0
midjourney_00020.png,test,midjourney,1,1,0.880580484867096,clean,none,,,0
sdv5_00012.png,test,sdv5,1,1,0.9998587369918823,clean,none,,,0
wukong_00028.png,test,wukong,1,1,0.9634316563606262,clean,none,,,0
midjourney_00056.png,test,midjourney,1,1,0.8985916376113892,clean,none,,,0
vqdm_00067.png,test,vqdm,1,0,0.037710316479206085,clean,none,,,0
adm_00037.png,test,adm,1,1,1.0,clean,none,,,0
adm_00064.png,test,adm,1,1,0.9996826648712158,clean,none,,,0
vqdm_00084.png,test,vqdm,1,1,0.999998927116394,clean,none,,,0
sdv5_00052.png,test,sdv5,1,1,0.9996849298477173,clean,none,,,0
biggan_00035.png,test,biggan,1,1,0.9999991655349731,clean,none,,,0
vqdm_00043.png,test,vqdm,1,1,0.9495148062705994,clean,none,,,0
adm_00028.png,test,adm,1,1,0.9993892908096313,clean,none,,,0
glide_00027.png,test,glide,1,1,0.9701340198516846,clean,none,,,0
sdv5_00042.png,test,sdv5,1,1,0.994110643863678,clean,none,,,0
glide_00084.png,test,glide,1,1,0.9999920129776001,clean,none,,,0
sdv5_00025.png,test,sdv5,1,1,0.9809513092041016,clean,none,,,0
adm_00009.png,test,adm,1,1,0.8011277914047241,clean,none,,,0
sdv5_00031.png,test,sdv5,1,1,1.0,clean,none,,,0
wukong_00000.png,test,wukong,1,1,0.9914366602897644,clean,none,,,0
wukong_00069.png,test,wukong,1,1,0.7514649629592896,clean,none,,,0
biggan_00015.png,test,biggan,1,1,0.9999117851257324,clean,none,,,0
glide_00062.png,test,glide,1,1,0.9999923706054688,clean,none,,,0
adm_00076.png,test,adm,1,1,1.0,clean,none,,,0
vqdm_00015.png,test,vqdm,1,1,0.9947762489318848,clean,none,,,0
sdv5_00079.png,test,sdv5,1,1,0.9999983310699463,clean,none,,,0
glide_00083.png,test,glide,1,1,0.9999979734420776,clean,none,,,0
biggan_00039.png,test,biggan,1,1,0.994491696357727,clean,none,,,0
adm_00080.png,test,adm,1,1,1.0,clean,none,,,0
midjourney_00064.png,test,midjourney,1,1,0.9999336004257202,clean,none,,,0
sdv5_00070.png,test,sdv5,1,1,0.9850192070007324,clean,none,,,0
glide_00073.png,test,glide,1,1,0.9999754428863525,clean,none,,,0
vqdm_00018.png,test,vqdm,1,1,0.9999979734420776,clean,none,,,0
adm_00053.png,test,adm,1,1,0.9952607750892639,clean,none,,,0
biggan_00084.png,test,biggan,1,1,0.9970801472663879,clean,none,,,0
adm_00018.png,test,adm,1,1,0.9991174340248108,clean,none,,,0
sdv5_00018.png,test,sdv5,1,1,0.9867017865180969,clean,none,,,0
biggan_00020.png,test,biggan,1,1,1.0,clean,none,,,0
vqdm_00066.png,test,vqdm,1,1,0.9989393353462219,clean,none,,,0
adm_00048.png,test,adm,1,1,0.9985442161560059,clean,none,,,0
glide_00077.png,test,glide,1,1,0.859941303730011,clean,none,,,0
glide_00000.png,test,glide,1,1,0.9999927282333374,clean,none,,,0
vqdm_00033.png,test,vqdm,1,1,0.8333741426467896,clean,none,,,0
glide_00081.png,test,glide,1,1,1.0,clean,none,,,0
adm_00075.png,test,adm,1,1,0.999765932559967,clean,none,,,0
midjourney_00012.png,test,midjourney,1,1,0.9999568462371826,clean,none,,,0
glide_00028.png,test,glide,1,1,1.0,clean,none,,,0
vqdm_00057.png,test,vqdm,1,1,0.9999997615814209,clean,none,,,0
sdv5_00068.png,test,sdv5,1,1,0.8740246295928955,clean,none,,,0
vqdm_00036.png,test,vqdm,1,0,0.07427099347114563,clean,none,,,0
adm_00001.png,test,adm,1,1,0.9999955892562866,clean,none,,,0
biggan_00054.png,test,biggan,1,1,0.9993798732757568,clean,none,,,0
vqdm_00058.png,test,vqdm,1,1,0.9936936497688293,clean,none,,,0
sdv5_00035.png,test,sdv5,1,1,0.9936538934707642,clean,none,,,0
glide_00018.png,test,glide,1,0,0.01954532228410244,clean,none,,,0
adm_00008.png,test,adm,1,1,0.9999997615814209,clean,none,,,0
biggan_00067.png,test,biggan,1,1,0.9999899864196777,clean,none,,,0
glide_00004.png,test,glide,1,1,0.9999886751174927,clean,none,,,0
midjourney_00083.png,test,midjourney,1,1,0.9511720538139343,clean,none,,,0
wukong_00026.png,test,wukong,1,1,0.9998651742935181,clean,none,,,0
sdv5_00028.png,test,sdv5,1,1,0.6546558141708374,clean,none,,,0
midjourney_00042.png,test,midjourney,1,1,0.9999767541885376,clean,none,,,0
adm_00060.png,test,adm,1,1,0.9489518404006958,clean,none,,,0
glide_00003.png,test,glide,1,1,0.9999990463256836,clean,none,,,0
glide_00025.png,test,glide,1,1,0.9999655485153198,clean,none,,,0
biggan_00026.png,test,biggan,1,1,0.9526981115341187,clean,none,,,0
adm_00077.png,test,adm,1,1,1.0,clean,none,,,0
adm_00047.png,test,adm,1,1,0.9999923706054688,clean,none,,,0
sdv5_00033.png,test,sdv5,1,1,0.9994454979896545,clean,none,,,0
midjourney_00032.png,test,midjourney,1,1,0.9818131923675537,clean,none,,,0
biggan_00064.png,test,biggan,1,1,0.99788898229599,clean,none,,,0
vqdm_00074.png,test,vqdm,1,1,0.999997615814209,clean,none,,,0
biggan_00038.png,test,biggan,1,1,0.9993714690208435,clean,none,,,0
adm_00082.png,test,adm,1,1,1.0,clean,none,,,0
wukong_00007.png,test,wukong,1,1,0.9103839993476868,clean,none,,,0
wukong_00060.png,test,wukong,1,1,1.0,clean,none,,,0
sdv5_00041.png,test,sdv5,1,1,0.9969570636749268,clean,none,,,0
vqdm_00038.png,test,vqdm,1,1,0.9990806579589844,clean,none,,,0
wukong_00001.png,test,wukong,1,1,0.9999994039535522,clean,none,,,0
midjourney_00015.png,test,midjourney,1,1,0.9999741315841675,clean,none,,,0
biggan_00047.png,test,biggan,1,1,0.9999994039535522,clean,none,,,0
glide_00030.png,test,glide,1,1,0.9995100498199463,clean,none,,,0
vqdm_00047.png,test,vqdm,1,1,0.9653161764144897,clean,none,,,0
sdv5_00084.png,test,sdv5,1,1,0.9793627262115479,clean,none,,,0
vqdm_00083.png,test,vqdm,1,1,0.9943998456001282,clean,none,,,0
biggan_00068.png,test,biggan,1,1,0.9999878406524658,clean,none,,,0
sdv5_00058.png,test,sdv5,1,1,0.9548256397247314,clean,none,,,0
sdv5_00006.png,test,sdv5,1,1,0.9999860525131226,clean,none,,,0
biggan_00044.png,test,biggan,1,1,0.9994275569915771,clean,none,,,0
midjourney_00003.png,test,midjourney,1,1,0.9998171925544739,clean,none,,,0
sdv5_00027.png,test,sdv5,1,1,0.9986507296562195,clean,none,,,0
biggan_00072.png,test,biggan,1,1,0.9996200799942017,clean,none,,,0
vqdm_00030.png,test,vqdm,1,1,0.811121940612793,clean,none,,,0
vqdm_00085.png,test,vqdm,1,1,0.8277490139007568,clean,none,,,0
wukong_00071.png,test,wukong,1,1,0.9687915444374084,clean,none,,,0
adm_00062.png,test,adm,1,1,0.9931932091712952,clean,none,,,0
adm_00000.png,test,adm,1,1,0.9997467398643494,clean,none,,,0
wukong_00044.png,test,wukong,1,1,0.9999995231628418,clean,none,,,0
glide_00075.png,test,glide,1,1,0.9976848363876343,clean,none,,,0
vqdm_00040.png,test,vqdm,1,1,0.9963932633399963,clean,none,,,0
wukong_00082.png,test,wukong,1,1,1.0,clean,none,,,0
midjourney_00019.png,test,midjourney,1,1,0.9944697618484497,clean,none,,,0
adm_00065.png,test,adm,1,1,0.9999725818634033,clean,none,,,0
midjourney_00022.png,test,midjourney,1,1,0.8933247327804565,clean,none,,,0
midjourney_00052.png,test,midjourney,1,0,0.0003313682973384857,clean,none,,,0
adm_00046.png,test,adm,1,1,1.0,clean,none,,,0
wukong_00048.png,test,wukong,1,1,0.960232138633728,clean,none,,,0
vqdm_00045.png,test,vqdm,1,1,0.9999916553497314,clean,none,,,0
biggan_00036.png,test,biggan,1,1,0.9999091625213623,clean,none,,,0
sdv5_00038.png,test,sdv5,1,1,0.9755621552467346,clean,none,,,0
vqdm_00050.png,test,vqdm,1,0,0.15303051471710205,clean,none,,,0
biggan_00041.png,test,biggan,1,1,0.9999998807907104,clean,none,,,0
vqdm_00051.png,test,vqdm,1,1,0.774127185344696,clean,none,,,0
glide_00054.png,test,glide,1,1,0.9999397993087769,clean,none,,,0
sdv5_00062.png,test,sdv5,1,1,0.9999997615814209,clean,none,,,0
sdv5_00060.png,test,sdv5,1,1,0.9974167346954346,clean,none,,,0
glide_00079.png,test,glide,1,1,0.9928319454193115,clean,none,,,0
midjourney_00004.png,test,midjourney,1,1,0.9973286390304565,clean,none,,,0
wukong_00040.png,test,wukong,1,1,0.9452286958694458,clean,none,,,0
biggan_00060.png,test,biggan,1,1,0.9899040460586548,clean,none,,,0
wukong_00049.png,test,wukong,1,1,0.961048424243927,clean,none,,,0
wukong_00035.png,test,wukong,1,1,0.9798765778541565,clean,none,,,0
adm_00010.png,test,adm,1,1,0.9991306662559509,clean,none,,,0
sdv5_00064.png,test,sdv5,1,1,0.7218536734580994,clean,none,,,0
adm_00059.png,test,adm,1,1,0.9999912977218628,clean,none,,,0
midjourney_00048.png,test,midjourney,1,0,0.43760889768600464,clean,none,,,0
midjourney_00016.png,test,midjourney,1,0,0.40306556224823,clean,none,,,0
biggan_00007.png,test,biggan,1,1,0.5989991426467896,clean,none,,,0
glide_00067.png,test,glide,1,1,1.0,clean,none,,,0
glide_00046.png,test,glide,1,1,0.9998409748077393,clean,none,,,0
vqdm_00053.png,test,vqdm,1,1,0.9999995231628418,clean,none,,,0
adm_00071.png,test,adm,1,1,0.999990701675415,clean,none,,,0
glide_00022.png,test,glide,1,1,1.0,clean,none,,,0
sdv5_00082.png,test,sdv5,1,1,0.999580442905426,clean,none,,,0
vqdm_00003.png,test,vqdm,1,1,0.6727665662765503,clean,none,,,0
midjourney_00035.png,test,midjourney,1,1,0.9965080618858337,clean,none,,,0
glide_00031.png,test,glide,1,1,1.0,clean,none,,,0
vqdm_00063.png,test,vqdm,1,1,0.6084316968917847,clean,none,,,0
wukong_00016.png,test,wukong,1,1,0.9983768463134766,clean,none,,,0
wukong_00054.png,test,wukong,1,1,0.999923825263977,clean,none,,,0
biggan_00002.png,test,biggan,1,1,0.9999992847442627,clean,none,,,0
adm_00049.png,test,adm,1,1,1.0,clean,none,,,0
sdv5_00002.png,test,sdv5,1,1,0.9998416900634766,clean,none,,,0
biggan_00025.png,test,biggan,1,1,0.9995991587638855,clean,none,,,0
biggan_00071.png,test,biggan,1,1,1.0,clean,none,,,0
biggan_00051.png,test,biggan,1,0,0.19560495018959045,clean,none,,,0
wukong_00081.png,test,wukong,1,1,0.9291216135025024,clean,none,,,0
sdv5_00022.png,test,sdv5,1,1,0.9949182868003845,clean,none,,,0
real_00486.jpeg,test,real,0,0,0.0003324708086438477,c1_resize_jpeg,resize(0.50)->jpeg(Q50),0.5,50,1
real_00382.jpeg,test,real,0,0,2.807276722194274e-08,c1_resize_jpeg,resize(0.50)->jpeg(Q50),0.5,50,1
real_00117.jpeg,test,real,0,0,0.027462119236588478,c1_resize_jpeg,resize(0.50)->jpeg(Q50),0.5,50,1
real_00354.jpeg,test,real,0,0,1.6042861261666985e-08,c1_resize_jpeg,resize(0.50)->jpeg(Q50),0.5,50,1
real_00076.jpeg,test,real,0,0,0.0004900411004200578,c1_resize_jpeg,resize(0.50)->jpeg(Q50),0.5,50,1
real_00395.jpeg,test,real,0,0,0.00041760067688301206,c1_resize_jpeg,resize(0.50)->jpeg(Q50),0.5,50,1
real_00348.jpeg,test,real,0,0,0.07281696051359177,c1_resize_jpeg,resize(0.50)->jpeg(Q50),0.5,50,1
real_00307.jpeg,test,real,0,0,9.160533664953618e-08,c1_resize_jpeg,resize(0.50)->jpeg(Q50),0.5,50,1
real_00438.jpeg,test,real,0,0,3.649453901743982e-06,c1_resize_jpeg,resize(0.50)->jpeg(Q50),0.5,50,1
real_00393.jpeg,test,real,0,0,0.003953735344111919,c1_resize_jpeg,resize(0.50)->jpeg(Q50),0.5,50,1
real_00566.jpeg,test,real,0,0,0.0017639824654906988,c1_resize_jpeg,resize(0.50)->jpeg(Q50),0.5,50,1
real_00055.jpeg,test,real,0,1,0.7715312242507935,c1_resize_jpeg,resize(0.50)->jpeg(Q50),0.5,50,1
real_00416.jpeg,test,real,0,0,0.1543215960264206,c1_resize_jpeg,resize(0.50)->jpeg(Q50),0.5,50,1
real_00304.jpeg,test,real,0,0,5.640851341581765e-09,c1_resize_jpeg,resize(0.50)->jpeg(Q50),0.5,50,1
real_00135.jpeg,test,real,0,0,0.46522414684295654,c1_resize_jpeg,resize(0.50)->jpeg(Q50),0.5,50,1
real_00387.jpeg,test,real,0,0,1.7737027519615367e-05,c1_resize_jpeg,resize(0.50)->jpeg(Q50),0.5,50,1
real_00040.jpeg,test,real,0,0,0.0009208022383973002,c1_resize_jpeg,resize(0.50)->jpeg(Q50),0.5,50,1
real_00563.jpeg,test,real,0,0,0.001312009058892727,c1_resize_jpeg,resize(0.50)->jpeg(Q50),0.5,50,1
real_00457.jpeg,test,real,0,0,0.2626315653324127,c1_resize_jpeg,resize(0.50)->jpeg(Q50),0.5,50,1
real_00561.jpeg,test,real,0,0,1.816586291170097e-06,c1_resize_jpeg,resize(0.50)->jpeg(Q50),0.5,50,1
real_00288.jpeg,test,real,0,1,0.9847604632377625,c1_resize_jpeg,resize(0.50)->jpeg(Q50),0.5,50,1
real_00271.jpeg,test,real,0,0,7.252964860526845e-05,c1_resize_jpeg,resize(0.50)->jpeg(Q50),0.5,50,1
real_00185.jpeg,test,real,0,0,0.09607288986444473,c1_resize_jpeg,resize(0.50)->jpeg(Q50),0.5,50,1
real_00216.jpeg,test,real,0,0,0.002855325350537896,c1_resize_jpeg,resize(0.50)->jpeg(Q50),0.5,50,1
real_00180.jpeg,test,real,0,0,0.22656282782554626,c1_resize_jpeg,resize(0.50)->jpeg(Q50),0.5,50,1
real_00189.jpeg,test,real,0,0,0.015302338637411594,c1_resize_jpeg,resize(0.50)->jpeg(Q50),0.5,50,1
real_00396.jpeg,test,real,0,0,0.09592760354280472,c1_resize_jpeg,resize(0.50)->jpeg(Q50),0.5,50,1
real_00131.jpeg,test,real,0,0,0.14887785911560059,c1_resize_jpeg,resize(0.50)->jpeg(Q50),0.5,50,1
real_00557.jpeg,test,real,0,0,0.006998772267252207,c1_resize_jpeg,resize(0.50)->jpeg(Q50),0.5,50,1
real_00266.jpeg,test,real,0,0,1.0533661225053947e-05,c1_resize_jpeg,resize(0.50)->jpeg(Q50),0.5,50,1
real_00207.jpeg,test,real,0,0,7.30775500414893e-05,c1_resize_jpeg,resize(0.50)->jpeg(Q50),0.5,50,1
real_00141.jpeg,test,real,0,1,0.5849428176879883,c1_resize_jpeg,resize(0.50)->jpeg(Q50),0.5,50,1
real_00407.jpeg,test,real,0,0,0.003435286693274975,c1_resize_jpeg,resize(0.50)->jpeg(Q50),0.5,50,1
real_00026.jpeg,test,real,0,1,0.9219896793365479,c1_resize_jpeg,resize(0.50)->jpeg(Q50),0.5,50,1
real_00046.jpeg,test,real,0,0,4.704161256086081e-06,c1_resize_jpeg,resize(0.50)->jpeg(Q50),0.5,50,1
real_00585.jpeg,test,real,0,0,8.204183359339368e-07,c1_resize_jpeg,resize(0.50)->jpeg(Q50),0.5,50,1
real_00206.jpeg,test,real,0,1,0.7085452675819397,c1_resize_jpeg,resize(0.50)->jpeg(Q50),0.5,50,1
real_00297.jpeg,test,real,0,0,0.008315707556903362,c1_resize_jpeg,resize(0.50)->jpeg(Q50),0.5,50,1
real_00401.jpeg,test,real,0,0,6.169494008645415e-05,c1_resize_jpeg,resize(0.50)->jpeg(Q50),0.5,50,1
real_00339.jpeg,test,real,0,0,0.002524015726521611,c1_resize_jpeg,resize(0.50)->jpeg(Q50),0.5,50,1
real_00403.jpeg,test,real,0,0,0.004334616474807262,c1_resize_jpeg,resize(0.50)->jpeg(Q50),0.5,50,1
real_00344.jpeg,test,real,0,0,1.1101316310657694e-08,c1_resize_jpeg,resize(0.50)->jpeg(Q50),0.5,50,1
real_00560.jpeg,test,real,0,0,0.14871221780776978,c1_resize_jpeg,resize(0.50)->jpeg(Q50),0.5,50,1
real_00553.jpeg,test,real,0,0,0.4022699296474457,c1_resize_jpeg,resize(0.50)->jpeg(Q50),0.5,50,1
real_00598.jpeg,test,real,0,1,0.7171967029571533,c1_resize_jpeg,resize(0.50)->jpeg(Q50),0.5,50,1
real_00497.jpeg,test,real,0,0,0.11346523463726044,c1_resize_jpeg,resize(0.50)->jpeg(Q50),0.5,50,1
real_00253.jpeg,test,real,0,0,1.5449072576778633e-10,c1_resize_jpeg,resize(0.50)->jpeg(Q50),0.5,50,1
real_00577.jpeg,test,real,0,0,4.8804329708218575e-05,c1_resize_jpeg,resize(0.50)->jpeg(Q50),0.5,50,1
real_00394.jpeg,test,real,0,0,0.00014176765398588032,c1_resize_jpeg,resize(0.50)->jpeg(Q50),0.5,50,1
real_00445.jpeg,test,real,0,0,0.055413417518138885,c1_resize_jpeg,resize(0.50)->jpeg(Q50),0.5,50,1
real_00050.jpeg,test,real,0,1,0.8168206810951233,c1_resize_jpeg,resize(0.50)->jpeg(Q50),0.5,50,1
real_00269.jpeg,test,real,0,0,0.02192908525466919,c1_resize_jpeg,resize(0.50)->jpeg(Q50),0.5,50,1
real_00151.jpeg,test,real,0,1,0.7324641346931458,c1_resize_jpeg,resize(0.50)->jpeg(Q50),0.5,50,1
real_00190.jpeg,test,real,0,0,8.576470236221212e-07,c1_resize_jpeg,resize(0.50)->jpeg(Q50),0.5,50,1
real_00250.jpeg,test,real,0,0,0.0013563294196501374,c1_resize_jpeg,resize(0.50)->jpeg(Q50),0.5,50,1
real_00257.jpeg,test,real,0,1,0.6735400557518005,c1_resize_jpeg,resize(0.50)->jpeg(Q50),0.5,50,1
real_00008.jpeg,test,real,0,0,0.00012519943993538618,c1_resize_jpeg,resize(0.50)->jpeg(Q50),0.5,50,1
real_00398.jpeg,test,real,0,0,0.007502495776861906,c1_resize_jpeg,resize(0.50)->jpeg(Q50),0.5,50,1
real_00322.jpeg,test,real,0,0,5.424132723419461e-06,c1_resize_jpeg,resize(0.50)->jpeg(Q50),0.5,50,1
real_00230.jpeg,test,real,0,0,0.11330373585224152,c1_resize_jpeg,resize(0.50)->jpeg(Q50),0.5,50,1
real_00219.jpeg,test,real,0,0,0.10538218915462494,c1_resize_jpeg,resize(0.50)->jpeg(Q50),0.5,50,1
real_00550.jpeg,test,real,0,0,0.0237804614007473,c1_resize_jpeg,resize(0.50)->jpeg(Q50),0.5,50,1
real_00528.jpeg,test,real,0,0,0.0002472244086675346,c1_resize_jpeg,resize(0.50)->jpeg(Q50),0.5,50,1
real_00039.jpeg,test,real,0,0,0.16274134814739227,c1_resize_jpeg,resize(0.50)->jpeg(Q50),0.5,50,1
real_00274.jpeg,test,real,0,0,0.2421153336763382,c1_resize_jpeg,resize(0.50)->jpeg(Q50),0.5,50,1
real_00414.jpeg,test,real,0,1,0.8356966972351074,c1_resize_jpeg,resize(0.50)->jpeg(Q50),0.5,50,1
real_00038.jpeg,test,real,0,0,2.316106838406995e-05,c1_resize_jpeg,resize(0.50)->jpeg(Q50),0.5,50,1
real_00434.jpeg,test,real,0,0,0.0965084657073021,c1_resize_jpeg,resize(0.50)->jpeg(Q50),0.5,50,1
real_00279.jpeg,test,real,0,0,0.0007819452439434826,c1_resize_jpeg,resize(0.50)->jpeg(Q50),0.5,50,1
real_00077.jpeg,test,real,0,0,0.008924609050154686,c1_resize_jpeg,resize(0.50)->jpeg(Q50),0.5,50,1
real_00312.jpeg,test,real,0,0,0.007422091905027628,c1_resize_jpeg,resize(0.50)->jpeg(Q50),0.5,50,1
real_00482.jpeg,test,real,0,1,0.8998991847038269,c1_resize_jpeg,resize(0.50)->jpeg(Q50),0.5,50,1
real_00178.jpeg,test,real,0,0,0.4271545708179474,c1_resize_jpeg,resize(0.50)->jpeg(Q50),0.5,50,1
real_00535.jpeg,test,real,0,0,0.2670046091079712,c1_resize_jpeg,resize(0.50)->jpeg(Q50),0.5,50,1
real_00345.jpeg,test,real,0,0,0.009926076047122478,c1_resize_jpeg,resize(0.50)->jpeg(Q50),0.5,50,1
real_00019.jpeg,test,real,0,0,0.00036012419150210917,c1_resize_jpeg,resize(0.50)->jpeg(Q50),0.5,50,1
real_00143.jpeg,test,real,0,0,0.0821627825498581,c1_resize_jpeg,resize(0.50)->jpeg(Q50),0.5,50,1
real_00496.jpeg,test,real,0,0,0.07710134983062744,c1_resize_jpeg,resize(0.50)->jpeg(Q50),0.5,50,1
real_00522.jpeg,test,real,0,0,5.008815627885466e-13,c1_resize_jpeg,resize(0.50)->jpeg(Q50),0.5,50,1
real_00451.jpeg,test,real,0,0,0.0006611861754208803,c1_resize_jpeg,resize(0.50)->jpeg(Q50),0.5,50,1
real_00371.jpeg,test,real,0,0,0.0005312032881192863,c1_resize_jpeg,resize(0.50)->jpeg(Q50),0.5,50,1
real_00060.jpeg,test,real,0,0,0.0005258171004243195,c1_resize_jpeg,resize(0.50)->jpeg(Q50),0.5,50,1
real_00410.jpeg,test,real,0,0,0.1305571049451828,c1_resize_jpeg,resize(0.50)->jpeg(Q50),0.5,50,1
real_00248.jpeg,test,real,0,0,0.20214463770389557,c1_resize_jpeg,resize(0.50)->jpeg(Q50),0.5,50,1
real_00043.jpeg,test,real,0,1,0.7140592336654663,c1_resize_jpeg,resize(0.50)->jpeg(Q50),0.5,50,1
real_00104.jpeg,test,real,0,0,0.00016387421055696905,c1_resize_jpeg,resize(0.50)->jpeg(Q50),0.5,50,1
real_00238.jpeg,test,real,0,0,0.0013363002799451351,c1_resize_jpeg,resize(0.50)->jpeg(Q50),0.5,50,1
real_00251.jpeg,test,real,0,0,0.000184895601705648,c1_resize_jpeg,resize(0.50)->jpeg(Q50),0.5,50,1
real_00017.jpeg,test,real,0,0,0.0005594876711256802,c1_resize_jpeg,resize(0.50)->jpeg(Q50),0.5,50,1
real_00500.jpeg,test,real,0,0,0.0007615170325152576,c1_resize_jpeg,resize(0.50)->jpeg(Q50),0.5,50,1
real_00056.jpeg,test,real,0,0,0.022547421976923943,c1_resize_jpeg,resize(0.50)->jpeg(Q50),0.5,50,1
real_00227.jpeg,test,real,0,0,3.628376725828275e-05,c1_resize_jpeg,resize(0.50)->jpeg(Q50),0.5,50,1
real_00347.jpeg,test,real,0,0,0.02599240094423294,c1_resize_jpeg,resize(0.50)->jpeg(Q50),0.5,50,1
real_00176.jpeg,test,real,0,1,0.7963389158248901,c1_resize_jpeg,resize(0.50)->jpeg(Q50),0.5,50,1
real_00085.jpeg,test,real,0,0,0.002439596224576235,c1_resize_jpeg,resize(0.50)->jpeg(Q50),0.5,50,1
real_00586.jpeg,test,real,0,0,0.007602292578667402,c1_resize_jpeg,resize(0.50)->jpeg(Q50),0.5,50,1
real_00193.jpeg,test,real,0,0,0.0003558975295163691,c1_resize_jpeg,resize(0.50)->jpeg(Q50),0.5,50,1
real_00018.jpeg,test,real,0,1,0.9677137136459351,c1_resize_jpeg,resize(0.50)->jpeg(Q50),0.5,50,1
real_00342.jpeg,test,real,0,0,0.02831973321735859,c1_resize_jpeg,resize(0.50)->jpeg(Q50),0.5,50,1
real_00359.jpeg,test,real,0,1,0.9416082501411438,c1_resize_jpeg,resize(0.50)->jpeg(Q50),0.5,50,1
real_00163.jpeg,test,real,0,1,0.5013055205345154,c1_resize_jpeg,resize(0.50)->jpeg(Q50),0.5,50,1
real_00527.jpeg,test,real,0,0,0.002715517533943057,c1_resize_jpeg,resize(0.50)->jpeg(Q50),0.5,50,1
real_00444.jpeg,test,real,0,0,6.945616769371554e-05,c1_resize_jpeg,resize(0.50)->jpeg(Q50),0.5,50,1
real_00440.jpeg,test,real,0,0,0.014625687152147293,c1_resize_jpeg,resize(0.50)->jpeg(Q50),0.5,50,1
real_00096.jpeg,test,real,0,0,0.005342804826796055,c1_resize_jpeg,resize(0.50)->jpeg(Q50),0.5,50,1
real_00165.jpeg,test,real,0,0,0.01014180388301611,c1_resize_jpeg,resize(0.50)->jpeg(Q50),0.5,50,1
real_00576.jpeg,test,real,0,0,0.1359865516424179,c1_resize_jpeg,resize(0.50)->jpeg(Q50),0.5,50,1
real_00375.jpeg,test,real,0,0,0.009900386445224285,c1_resize_jpeg,resize(0.50)->jpeg(Q50),0.5,50,1
real_00300.jpeg,test,real,0,0,6.186343671288341e-05,c1_resize_jpeg,resize(0.50)->jpeg(Q50),0.5,50,1
real_00503.jpeg,test,real,0,0,0.02202562801539898,c1_resize_jpeg,resize(0.50)->jpeg(Q50),0.5,50,1
real_00499.jpeg,test,real,0,0,0.00020066714205313474,c1_resize_jpeg,resize(0.50)->jpeg(Q50),0.5,50,1
real_00283.jpeg,test,real,0,0,0.02405327372252941,c1_resize_jpeg,resize(0.50)->jpeg(Q50),0.5,50,1
real_00160.jpeg,test,real,0,1,0.8538872599601746,c1_resize_jpeg,resize(0.50)->jpeg(Q50),0.5,50,1
real_00260.jpeg,test,real,0,0,0.3479635417461395,c1_resize_jpeg,resize(0.50)->jpeg(Q50),0.5,50,1
real_00208.jpeg,test,real,0,0,4.466232712729834e-05,c1_resize_jpeg,resize(0.50)->jpeg(Q50),0.5,50,1
real_00262.jpeg,test,real,0,0,0.01686992309987545,c1_resize_jpeg,resize(0.50)->jpeg(Q50),0.5,50,1
real_00213.jpeg,test,real,0,0,0.24006958305835724,c1_resize_jpeg,resize(0.50)->jpeg(Q50),0.5,50,1
real_00476.jpeg,test,real,0,0,0.006833974272012711,c1_resize_jpeg,resize(0.50)->jpeg(Q50),0.5,50,1
real_00092.jpeg,test,real,0,0,0.010747646912932396,c1_resize_jpeg,resize(0.50)->jpeg(Q50),0.5,50,1
real_00324.jpeg,test,real,0,0,0.18280525505542755,c1_resize_jpeg,resize(0.50)->jpeg(Q50),0.5,50,1
real_00425.jpeg,test,real,0,1,0.5337137579917908,c1_resize_jpeg,resize(0.50)->jpeg(Q50),0.5,50,1
real_00559.jpeg,test,real,0,0,7.86237433203496e-06,c1_resize_jpeg,resize(0.50)->jpeg(Q50),0.5,50,1
real_00015.jpeg,test,real,0,0,1.1185615989006692e-07,c1_resize_jpeg,resize(0.50)->jpeg(Q50),0.5,50,1
real_00562.jpeg,test,real,0,0,0.005683977156877518,c1_resize_jpeg,resize(0.50)->jpeg(Q50),0.5,50,1
real_00514.jpeg,test,real,0,0,2.6533587060839636e-07,c1_resize_jpeg,resize(0.50)->jpeg(Q50),0.5,50,1
real_00580.jpeg,test,real,0,0,1.4657710380561184e-05,c1_resize_jpeg,resize(0.50)->jpeg(Q50),0.5,50,1
real_00202.jpeg,test,real,0,0,0.006255945656448603,c1_resize_jpeg,resize(0.50)->jpeg(Q50),0.5,50,1
real_00402.jpeg,test,real,0,0,7.634551366209053e-06,c1_resize_jpeg,resize(0.50)->jpeg(Q50),0.5,50,1
real_00057.jpeg,test,real,0,0,0.1045406237244606,c1_resize_jpeg,resize(0.50)->jpeg(Q50),0.5,50,1
real_00007.jpeg,test,real,0,0,0.011957425624132156,c1_resize_jpeg,resize(0.50)->jpeg(Q50),0.5,50,1
real_00388.jpeg,test,real,0,1,0.533740758895874,c1_resize_jpeg,resize(0.50)->jpeg(Q50),0.5,50,1
real_00016.jpeg,test,real,0,0,0.0003975163563154638,c1_resize_jpeg,resize(0.50)->jpeg(Q50),0.5,50,1
real_00506.jpeg,test,real,0,0,0.012434654869139194,c1_resize_jpeg,resize(0.50)->jpeg(Q50),0.5,50,1
real_00028.jpeg,test,real,0,0,0.0018451737705618143,c1_resize_jpeg,resize(0.50)->jpeg(Q50),0.5,50,1
real_00572.jpeg,test,real,0,1,0.5016377568244934,c1_resize_jpeg,resize(0.50)->jpeg(Q50),0.5,50,1
real_00381.jpeg,test,real,0,0,0.08704356104135513,c1_resize_jpeg,resize(0.50)->jpeg(Q50),0.5,50,1
real_00268.jpeg,test,real,0,0,0.0006911959499120712,c1_resize_jpeg,resize(0.50)->jpeg(Q50),0.5,50,1
real_00512.jpeg,test,real,0,0,0.012215806171298027,c1_resize_jpeg,resize(0.50)->jpeg(Q50),0.5,50,1
real_00006.jpeg,test,real,0,1,0.9288652539253235,c1_resize_jpeg,resize(0.50)->jpeg(Q50),0.5,50,1
real_00289.jpeg,test,real,0,0,8.063485438469797e-05,c1_resize_jpeg,resize(0.50)->jpeg(Q50),0.5,50,1
real_00519.jpeg,test,real,0,0,0.0009472538367845118,c1_resize_jpeg,resize(0.50)->jpeg(Q50),0.5,50,1
real_00252.jpeg,test,real,0,0,0.0014640974113717675,c1_resize_jpeg,resize(0.50)->jpeg(Q50),0.5,50,1
real_00211.jpeg,test,real,0,0,0.002505148993805051,c1_resize_jpeg,resize(0.50)->jpeg(Q50),0.5,50,1
real_00147.jpeg,test,real,0,0,4.135022879658834e-11,c1_resize_jpeg,resize(0.50)->jpeg(Q50),0.5,50,1
real_00181.jpeg,test,real,0,1,0.5611644983291626,c1_resize_jpeg,resize(0.50)->jpeg(Q50),0.5,50,1
real_00458.jpeg,test,real,0,0,7.391007238766178e-05,c1_resize_jpeg,resize(0.50)->jpeg(Q50),0.5,50,1
real_00329.jpeg,test,real,0,0,1.9053786672884598e-06,c1_resize_jpeg,resize(0.50)->jpeg(Q50),0.5,50,1
real_00545.jpeg,test,real,0,0,0.004486829973757267,c1_resize_jpeg,resize(0.50)->jpeg(Q50),0.5,50,1
real_00568.jpeg,test,real,0,0,0.0445556677877903,c1_resize_jpeg,resize(0.50)->jpeg(Q50),0.5,50,1
real_00031.jpeg,test,real,0,0,6.7297937675903086e-06,c1_resize_jpeg,resize(0.50)->jpeg(Q50),0.5,50,1
real_00171.jpeg,test,real,0,0,5.848088946436292e-08,c1_resize_jpeg,resize(0.50)->jpeg(Q50),0.5,50,1
real_00320.jpeg,test,real,0,0,8.294307190226391e-05,c1_resize_jpeg,resize(0.50)->jpeg(Q50),0.5,50,1
real_00083.jpeg,test,real,0,0,0.006031327415257692,c1_resize_jpeg,resize(0.50)->jpeg(Q50),0.5,50,1
real_00012.jpeg,test,real,0,1,0.5021790862083435,c1_resize_jpeg,resize(0.50)->jpeg(Q50),0.5,50,1
real_00357.jpeg,test,real,0,0,0.028675943613052368,c1_resize_jpeg,resize(0.50)->jpeg(Q50),0.5,50,1
real_00346.jpeg,test,real,0,0,0.0001706030307104811,c1_resize_jpeg,resize(0.50)->jpeg(Q50),0.5,50,1
real_00450.jpeg,test,real,0,1,0.5628243088722229,c1_resize_jpeg,resize(0.50)->jpeg(Q50),0.5,50,1
real_00356.jpeg,test,real,0,0,0.45548149943351746,c1_resize_jpeg,resize(0.50)->jpeg(Q50),0.5,50,1
real_00594.jpeg,test,real,0,0,0.008042186498641968,c1_resize_jpeg,resize(0.50)->jpeg(Q50),0.5,50,1
real_00048.jpeg,test,real,0,0,0.06706712394952774,c1_resize_jpeg,resize(0.50)->jpeg(Q50),0.5,50,1
real_00158.jpeg,test,real,0,0,5.680857384504634e-07,c1_resize_jpeg,resize(0.50)->jpeg(Q50),0.5,50,1
real_00521.jpeg,test,real,0,0,0.03573841601610184,c1_resize_jpeg,resize(0.50)->jpeg(Q50),0.5,50,1
real_00285.jpeg,test,real,0,0,0.20362810790538788,c1_resize_jpeg,resize(0.50)->jpeg(Q50),0.5,50,1
real_00270.jpeg,test,real,0,0,6.408407352864742e-05,c1_resize_jpeg,resize(0.50)->jpeg(Q50),0.5,50,1
real_00533.jpeg,test,real,0,0,0.07613208144903183,c1_resize_jpeg,resize(0.50)->jpeg(Q50),0.5,50,1
real_00494.jpeg,test,real,0,0,0.028875594958662987,c1_resize_jpeg,resize(0.50)->jpeg(Q50),0.5,50,1
real_00317.jpeg,test,real,0,0,0.00030371866887435317,c1_resize_jpeg,resize(0.50)->jpeg(Q50),0.5,50,1
real_00296.jpeg,test,real,0,0,6.19299783011229e-07,c1_resize_jpeg,resize(0.50)->jpeg(Q50),0.5,50,1
real_00237.jpeg,test,real,0,0,5.282976189846522e-07,c1_resize_jpeg,resize(0.50)->jpeg(Q50),0.5,50,1
real_00242.jpeg,test,real,0,0,0.002432251116260886,c1_resize_jpeg,resize(0.50)->jpeg(Q50),0.5,50,1
real_00584.jpeg,test,real,0,0,0.26431867480278015,c1_resize_jpeg,resize(0.50)->jpeg(Q50),0.5,50,1
real_00570.jpeg,test,real,0,0,0.0024339871015399694,c1_resize_jpeg,resize(0.50)->jpeg(Q50),0.5,50,1
real_00133.jpeg,test,real,0,0,0.01078129094094038,c1_resize_jpeg,resize(0.50)->jpeg(Q50),0.5,50,1
real_00047.jpeg,test,real,0,0,2.396717172814533e-05,c1_resize_jpeg,resize(0.50)->jpeg(Q50),0.5,50,1
real_00480.jpeg,test,real,0,0,0.00010468084656167775,c1_resize_jpeg,resize(0.50)->jpeg(Q50),0.5,50,1
real_00210.jpeg,test,real,0,0,3.055306706301053e-06,c1_resize_jpeg,resize(0.50)->jpeg(Q50),0.5,50,1
real_00301.jpeg,test,real,0,0,0.2014463245868683,c1_resize_jpeg,resize(0.50)->jpeg(Q50),0.5,50,1
real_00574.jpeg,test,real,0,1,0.9473218321800232,c1_resize_jpeg,resize(0.50)->jpeg(Q50),0.5,50,1
real_00134.jpeg,test,real,0,0,0.19939693808555603,c1_resize_jpeg,resize(0.50)->jpeg(Q50),0.5,50,1
real_00597.jpeg,test,real,0,0,0.1698838174343109,c1_resize_jpeg,resize(0.50)->jpeg(Q50),0.5,50,1
real_00281.jpeg,test,real,0,1,0.758486807346344,c1_resize_jpeg,resize(0.50)->jpeg(Q50),0.5,50,1
real_00332.jpeg,test,real,0,0,0.056804802268743515,c1_resize_jpeg,resize(0.50)->jpeg(Q50),0.5,50,1
real_00415.jpeg,test,real,0,0,0.00025497263413853943,c1_resize_jpeg,resize(0.50)->jpeg(Q50),0.5,50,1
real_00093.jpeg,test,real,0,0,2.2821250240667723e-05,c1_resize_jpeg,resize(0.50)->jpeg(Q50),0.5,50,1
real_00526.jpeg,test,real,0,0,0.008359967730939388,c1_resize_jpeg,resize(0.50)->jpeg(Q50),0.5,50,1
real_00259.jpeg,test,real,0,1,0.6005489230155945,c1_resize_jpeg,resize(0.50)->jpeg(Q50),0.5,50,1
real_00128.jpeg,test,real,0,0,0.24831192195415497,c1_resize_jpeg,resize(0.50)->jpeg(Q50),0.5,50,1
real_00173.jpeg,test,real,0,0,7.40707889690384e-07,c1_resize_jpeg,resize(0.50)->jpeg(Q50),0.5,50,1
real_00005.jpeg,test,real,0,0,1.9071148216198708e-08,c1_resize_jpeg,resize(0.50)->jpeg(Q50),0.5,50,1
real_00532.jpeg,test,real,0,1,0.6487031579017639,c1_resize_jpeg,resize(0.50)->jpeg(Q50),0.5,50,1
real_00061.jpeg,test,real,0,0,1.5695639376644976e-05,c1_resize_jpeg,resize(0.50)->jpeg(Q50),0.5,50,1
real_00313.jpeg,test,real,0,0,4.250088295520982e-06,c1_resize_jpeg,resize(0.50)->jpeg(Q50),0.5,50,1
real_00130.jpeg,test,real,0,0,4.063056451286684e-07,c1_resize_jpeg,resize(0.50)->jpeg(Q50),0.5,50,1
real_00454.jpeg,test,real,0,0,1.7448477365178405e-06,c1_resize_jpeg,resize(0.50)->jpeg(Q50),0.5,50,1
real_00204.jpeg,test,real,0,0,0.00020298908930271864,c1_resize_jpeg,resize(0.50)->jpeg(Q50),0.5,50,1
real_00337.jpeg,test,real,0,0,0.0008071751217357814,c1_resize_jpeg,resize(0.50)->jpeg(Q50),0.5,50,1
real_00195.jpeg,test,real,0,0,4.3302389940436115e-07,c1_resize_jpeg,resize(0.50)->jpeg(Q50),0.5,50,1
real_00187.jpeg,test,real,0,0,0.0014660897431895137,c1_resize_jpeg,resize(0.50)->jpeg(Q50),0.5,50,1
real_00489.jpeg,test,real,0,0,2.2007072857377352e-06,c1_resize_jpeg,resize(0.50)->jpeg(Q50),0.5,50,1
real_00385.jpeg,test,real,0,0,0.0003015757247339934,c1_resize_jpeg,resize(0.50)->jpeg(Q50),0.5,50,1
real_00221.jpeg,test,real,0,0,0.00035308380029164255,c1_resize_jpeg,resize(0.50)->jpeg(Q50),0.5,50,1
real_00027.jpeg,test,real,0,1,0.996563732624054,c1_resize_jpeg,resize(0.50)->jpeg(Q50),0.5,50,1
real_00022.jpeg,test,real,0,0,4.337542236498848e-07,c1_resize_jpeg,resize(0.50)->jpeg(Q50),0.5,50,1
real_00331.jpeg,test,real,0,0,0.34241804480552673,c1_resize_jpeg,resize(0.50)->jpeg(Q50),0.5,50,1
real_00159.jpeg,test,real,0,0,5.1031882321694866e-05,c1_resize_jpeg,resize(0.50)->jpeg(Q50),0.5,50,1
real_00068.jpeg,test,real,0,0,0.00024146174837369472,c1_resize_jpeg,resize(0.50)->jpeg(Q50),0.5,50,1
real_00127.jpeg,test,real,0,0,3.417013431317173e-05,c1_resize_jpeg,resize(0.50)->jpeg(Q50),0.5,50,1
real_00420.jpeg,test,real,0,0,0.34036412835121155,c1_resize_jpeg,resize(0.50)->jpeg(Q50),0.5,50,1
real_00510.jpeg,test,real,0,0,0.00018248922424390912,c1_resize_jpeg,resize(0.50)->jpeg(Q50),0.5,50,1
real_00106.jpeg,test,real,0,0,0.04011429101228714,c1_resize_jpeg,resize(0.50)->jpeg(Q50),0.5,50,1
real_00599.jpeg,test,real,0,0,0.0002597195270936936,c1_resize_jpeg,resize(0.50)->jpeg(Q50),0.5,50,1
real_00419.jpeg,test,real,0,0,9.840493930823868e-07,c1_resize_jpeg,resize(0.50)->jpeg(Q50),0.5,50,1
real_00286.jpeg,test,real,0,0,0.08351042121648788,c1_resize_jpeg,resize(0.50)->jpeg(Q50),0.5,50,1
real_00341.jpeg,test,real,0,0,0.002454080618917942,c1_resize_jpeg,resize(0.50)->jpeg(Q50),0.5,50,1
real_00263.jpeg,test,real,0,0,0.005418307147920132,c1_resize_jpeg,resize(0.50)->jpeg(Q50),0.5,50,1
real_00255.jpeg,test,real,0,1,0.5007440447807312,c1_resize_jpeg,resize(0.50)->jpeg(Q50),0.5,50,1
real_00335.jpeg,test,real,0,0,0.011004189029335976,c1_resize_jpeg,resize(0.50)->jpeg(Q50),0.5,50,1
real_00174.jpeg,test,real,0,0,0.00031030591344460845,c1_resize_jpeg,resize(0.50)->jpeg(Q50),0.5,50,1
real_00243.jpeg,test,real,0,0,0.4825754761695862,c1_resize_jpeg,resize(0.50)->jpeg(Q50),0.5,50,1
real_00140.jpeg,test,real,0,0,0.22680263221263885,c1_resize_jpeg,resize(0.50)->jpeg(Q50),0.5,50,1
real_00582.jpeg,test,real,0,0,0.000941493664868176,c1_resize_jpeg,resize(0.50)->jpeg(Q50),0.5,50,1
real_00542.jpeg,test,real,0,0,0.0030298454221338034,c1_resize_jpeg,resize(0.50)->jpeg(Q50),0.5,50,1
real_00547.jpeg,test,real,0,0,0.00021827411546837538,c1_resize_jpeg,resize(0.50)->jpeg(Q50),0.5,50,1
real_00287.jpeg,test,real,0,0,0.3573824465274811,c1_resize_jpeg,resize(0.50)->jpeg(Q50),0.5,50,1
real_00144.jpeg,test,real,0,0,2.4495266188750975e-05,c1_resize_jpeg,resize(0.50)->jpeg(Q50),0.5,50,1
real_00214.jpeg,test,real,0,0,0.027124760672450066,c1_resize_jpeg,resize(0.50)->jpeg(Q50),0.5,50,1
real_00234.jpeg,test,real,0,0,0.02989198826253414,c1_resize_jpeg,resize(0.50)->jpeg(Q50),0.5,50,1
real_00595.jpeg,test,real,0,0,2.6303854610887356e-05,c1_resize_jpeg,resize(0.50)->jpeg(Q50),0.5,50,1
real_00075.jpeg,test,real,0,0,1.722838351270184e-05,c1_resize_jpeg,resize(0.50)->jpeg(Q50),0.5,50,1
real_00295.jpeg,test,real,0,0,0.0005874287453480065,c1_resize_jpeg,resize(0.50)->jpeg(Q50),0.5,50,1
real_00070.jpeg,test,real,0,0,0.0011963334400206804,c1_resize_jpeg,resize(0.50)->jpeg(Q50),0.5,50,1
real_00148.jpeg,test,real,0,0,1.0623421076161321e-06,c1_resize_jpeg,resize(0.50)->jpeg(Q50),0.5,50,1
real_00491.jpeg,test,real,0,0,0.2112315148115158,c1_resize_jpeg,resize(0.50)->jpeg(Q50),0.5,50,1
real_00090.jpeg,test,real,0,0,1.0815712812473066e-05,c1_resize_jpeg,resize(0.50)->jpeg(Q50),0.5,50,1
real_00063.jpeg,test,real,0,0,0.2652495801448822,c1_resize_jpeg,resize(0.50)->jpeg(Q50),0.5,50,1
real_00334.jpeg,test,real,0,0,0.09354105591773987,c1_resize_jpeg,resize(0.50)->jpeg(Q50),0.5,50,1
real_00530.jpeg,test,real,0,0,0.0006112019764259458,c1_resize_jpeg,resize(0.50)->jpeg(Q50),0.5,50,1
real_00069.jpeg,test,real,0,0,0.007739759515970945,c1_resize_jpeg,resize(0.50)->jpeg(Q50),0.5,50,1
real_00109.jpeg,test,real,0,0,1.0815444511536043e-05,c1_resize_jpeg,resize(0.50)->jpeg(Q50),0.5,50,1
real_00321.jpeg,test,real,0,0,6.583532376680523e-05,c1_resize_jpeg,resize(0.50)->jpeg(Q50),0.5,50,1
real_00126.jpeg,test,real,0,0,0.01794307865202427,c1_resize_jpeg,resize(0.50)->jpeg(Q50),0.5,50,1
real_00358.jpeg,test,real,0,0,0.0003896657144650817,c1_resize_jpeg,resize(0.50)->jpeg(Q50),0.5,50,1
real_00364.jpeg,test,real,0,0,0.0013054687296971679,c1_resize_jpeg,resize(0.50)->jpeg(Q50),0.5,50,1
real_00209.jpeg,test,real,0,0,0.00032184223528020084,c1_resize_jpeg,resize(0.50)->jpeg(Q50),0.5,50,1
real_00292.jpeg,test,real,0,0,0.0003079931775573641,c1_resize_jpeg,resize(0.50)->jpeg(Q50),0.5,50,1
real_00473.jpeg,test,real,0,0,0.0018508012872189283,c1_resize_jpeg,resize(0.50)->jpeg(Q50),0.5,50,1
real_00367.jpeg,test,real,0,0,0.0016305566532537341,c1_resize_jpeg,resize(0.50)->jpeg(Q50),0.5,50,1
real_00228.jpeg,test,real,0,0,0.00013388351362664253,c1_resize_jpeg,resize(0.50)->jpeg(Q50),0.5,50,1
real_00463.jpeg,test,real,0,0,3.8585887523368e-05,c1_resize_jpeg,resize(0.50)->jpeg(Q50),0.5,50,1
real_00529.jpeg,test,real,0,1,0.962691068649292,c1_resize_jpeg,resize(0.50)->jpeg(Q50),0.5,50,1
real_00376.jpeg,test,real,0,0,0.00018333808111492544,c1_resize_jpeg,resize(0.50)->jpeg(Q50),0.5,50,1
real_00089.jpeg,test,real,0,0,0.03893536701798439,c1_resize_jpeg,resize(0.50)->jpeg(Q50),0.5,50,1
real_00409.jpeg,test,real,0,0,3.879187261190964e-06,c1_resize_jpeg,resize(0.50)->jpeg(Q50),0.5,50,1
real_00456.jpeg,test,real,0,0,0.0032532382756471634,c1_resize_jpeg,resize(0.50)->jpeg(Q50),0.5,50,1
real_00378.jpeg,test,real,0,0,0.07301937788724899,c1_resize_jpeg,resize(0.50)->jpeg(Q50),0.5,50,1
real_00596.jpeg,test,real,0,0,0.004675885196775198,c1_resize_jpeg,resize(0.50)->jpeg(Q50),0.5,50,1
real_00477.jpeg,test,real,0,0,7.845826985430904e-06,c1_resize_jpeg,resize(0.50)->jpeg(Q50),0.5,50,1
real_00261.jpeg,test,real,0,0,0.0001399103639414534,c1_resize_jpeg,resize(0.50)->jpeg(Q50),0.5,50,1
real_00273.jpeg,test,real,0,0,0.01096077635884285,c1_resize_jpeg,resize(0.50)->jpeg(Q50),0.5,50,1
real_00100.jpeg,test,real,0,0,6.674511610071931e-08,c1_resize_jpeg,resize(0.50)->jpeg(Q50),0.5,50,1
real_00080.jpeg,test,real,0,0,1.1113539585494436e-05,c1_resize_jpeg,resize(0.50)->jpeg(Q50),0.5,50,1
real_00009.jpeg,test,real,0,1,0.9200505614280701,c1_resize_jpeg,resize(0.50)->jpeg(Q50),0.5,50,1
real_00167.jpeg,test,real,0,0,2.0446952930797124e-06,c1_resize_jpeg,resize(0.50)->jpeg(Q50),0.5,50,1
real_00571.jpeg,test,real,0,1,0.6735842227935791,c1_resize_jpeg,resize(0.50)->jpeg(Q50),0.5,50,1
real_00218.jpeg,test,real,0,0,0.0002576136030256748,c1_resize_jpeg,resize(0.50)->jpeg(Q50),0.5,50,1
real_00355.jpeg,test,real,0,0,0.031162237748503685,c1_resize_jpeg,resize(0.50)->jpeg(Q50),0.5,50,1
real_00406.jpeg,test,real,0,0,0.00856719259172678,c1_resize_jpeg,resize(0.50)->jpeg(Q50),0.5,50,1
real_00302.jpeg,test,real,0,0,0.026564018800854683,c1_resize_jpeg,resize(0.50)->jpeg(Q50),0.5,50,1
real_00010.jpeg,test,real,0,1,0.8794609308242798,c1_resize_jpeg,resize(0.50)->jpeg(Q50),0.5,50,1
real_00405.jpeg,test,real,0,0,0.0346868559718132,c1_resize_jpeg,resize(0.50)->jpeg(Q50),0.5,50,1
real_00447.jpeg,test,real,0,0,0.0008091551135294139,c1_resize_jpeg,resize(0.50)->jpeg(Q50),0.5,50,1
real_00379.jpeg,test,real,0,0,5.436535502667539e-06,c1_resize_jpeg,resize(0.50)->jpeg(Q50),0.5,50,1
real_00319.jpeg,test,real,0,1,0.7906606197357178,c1_resize_jpeg,resize(0.50)->jpeg(Q50),0.5,50,1
real_00543.jpeg,test,real,0,0,0.000249999575316906,c1_resize_jpeg,resize(0.50)->jpeg(Q50),0.5,50,1
real_00539.jpeg,test,real,0,0,0.4597019553184509,c1_resize_jpeg,resize(0.50)->jpeg(Q50),0.5,50,1
real_00579.jpeg,test,real,0,0,0.012854674831032753,c1_resize_jpeg,resize(0.50)->jpeg(Q50),0.5,50,1
real_00459.jpeg,test,real,0,1,0.612623929977417,c1_resize_jpeg,resize(0.50)->jpeg(Q50),0.5,50,1
real_00587.jpeg,test,real,0,0,2.902692530781792e-09,c1_resize_jpeg,resize(0.50)->jpeg(Q50),0.5,50,1
real_00114.jpeg,test,real,0,0,2.0082397895748727e-06,c1_resize_jpeg,resize(0.50)->jpeg(Q50),0.5,50,1
real_00479.jpeg,test,real,0,0,4.278274718672037e-05,c1_resize_jpeg,resize(0.50)->jpeg(Q50),0.5,50,1
real_00488.jpeg,test,real,0,1,0.9246100783348083,c1_resize_jpeg,resize(0.50)->jpeg(Q50),0.5,50,1
real_00360.jpeg,test,real,0,0,0.00039659166941419244,c1_resize_jpeg,resize(0.50)->jpeg(Q50),0.5,50,1
real_00363.jpeg,test,real,0,0,0.011330866254866123,c1_resize_jpeg,resize(0.50)->jpeg(Q50),0.5,50,1
real_00350.jpeg,test,real,0,0,0.00041550068999640644,c1_resize_jpeg,resize(0.50)->jpeg(Q50),0.5,50,1
real_00441.jpeg,test,real,0,0,9.6746145572979e-05,c1_resize_jpeg,resize(0.50)->jpeg(Q50),0.5,50,1
real_00003.jpeg,test,real,0,0,0.008583699353039265,c1_resize_jpeg,resize(0.50)->jpeg(Q50),0.5,50,1
real_00217.jpeg,test,real,0,0,0.003472054610028863,c1_resize_jpeg,resize(0.50)->jpeg(Q50),0.5,50,1
real_00465.jpeg,test,real,0,1,0.509965181350708,c1_resize_jpeg,resize(0.50)->jpeg(Q50),0.5,50,1
real_00442.jpeg,test,real,0,0,1.6285315723507665e-05,c1_resize_jpeg,resize(0.50)->jpeg(Q50),0.5,50,1
real_00233.jpeg,test,real,0,0,0.0008695045835338533,c1_resize_jpeg,resize(0.50)->jpeg(Q50),0.5,50,1
real_00161.jpeg,test,real,0,0,0.0019432554254308343,c1_resize_jpeg,resize(0.50)->jpeg(Q50),0.5,50,1
real_00412.jpeg,test,real,0,0,0.3673273026943207,c1_resize_jpeg,resize(0.50)->jpeg(Q50),0.5,50,1
real_00468.jpeg,test,real,0,0,0.01613807864487171,c1_resize_jpeg,resize(0.50)->jpeg(Q50),0.5,50,1
real_00125.jpeg,test,real,0,0,0.20400622487068176,c1_resize_jpeg,resize(0.50)->jpeg(Q50),0.5,50,1
real_00186.jpeg,test,real,0,0,6.981031788200198e-07,c1_resize_jpeg,resize(0.50)->jpeg(Q50),0.5,50,1
real_00172.jpeg,test,real,0,0,7.873592267060303e-08,c1_resize_jpeg,resize(0.50)->jpeg(Q50),0.5,50,1
real_00467.jpeg,test,real,0,0,0.00026191046345047653,c1_resize_jpeg,resize(0.50)->jpeg(Q50),0.5,50,1
real_00323.jpeg,test,real,0,0,0.00014560186536982656,c1_resize_jpeg,resize(0.50)->jpeg(Q50),0.5,50,1
real_00203.jpeg,test,real,0,0,0.015179594978690147,c1_resize_jpeg,resize(0.50)->jpeg(Q50),0.5,50,1
real_00552.jpeg,test,real,0,0,0.26489922404289246,c1_resize_jpeg,resize(0.50)->jpeg(Q50),0.5,50,1
real_00034.jpeg,test,real,0,0,0.006461275741457939,c1_resize_jpeg,resize(0.50)->jpeg(Q50),0.5,50,1
real_00142.jpeg,test,real,0,0,0.014918580651283264,c1_resize_jpeg,resize(0.50)->jpeg(Q50),0.5,50,1
real_00059.jpeg,test,real,0,0,0.0005719487089663744,c1_resize_jpeg,resize(0.50)->jpeg(Q50),0.5,50,1
real_00021.jpeg,test,real,0,1,0.533769428730011,c1_resize_jpeg,resize(0.50)->jpeg(Q50),0.5,50,1
real_00525.jpeg,test,real,0,0,0.1429290920495987,c1_resize_jpeg,resize(0.50)->jpeg(Q50),0.5,50,1
real_00275.jpeg,test,real,0,0,0.24238646030426025,c1_resize_jpeg,resize(0.50)->jpeg(Q50),0.5,50,1
real_00430.jpeg,test,real,0,0,0.0007948171114549041,c1_resize_jpeg,resize(0.50)->jpeg(Q50),0.5,50,1
real_00349.jpeg,test,real,0,0,7.459473749804602e-08,c1_resize_jpeg,resize(0.50)->jpeg(Q50),0.5,50,1
real_00373.jpeg,test,real,0,0,0.0006724047707393765,c1_resize_jpeg,resize(0.50)->jpeg(Q50),0.5,50,1
real_00078.jpeg,test,real,0,0,0.0039025263395160437,c1_resize_jpeg,resize(0.50)->jpeg(Q50),0.5,50,1
real_00437.jpeg,test,real,0,0,5.629428869724507e-07,c1_resize_jpeg,resize(0.50)->jpeg(Q50),0.5,50,1
real_00520.jpeg,test,real,0,0,0.00039727124385535717,c1_resize_jpeg,resize(0.50)->jpeg(Q50),0.5,50,1
real_00564.jpeg,test,real,0,0,0.02053091861307621,c1_resize_jpeg,resize(0.50)->jpeg(Q50),0.5,50,1
real_00578.jpeg,test,real,0,0,0.006515612825751305,c1_resize_jpeg,resize(0.50)->jpeg(Q50),0.5,50,1
real_00225.jpeg,test,real,0,0,0.0009346198057755828,c1_resize_jpeg,resize(0.50)->jpeg(Q50),0.5,50,1
real_00232.jpeg,test,real,0,0,1.4659141243100748e-06,c1_resize_jpeg,resize(0.50)->jpeg(Q50),0.5,50,1
real_00194.jpeg,test,real,0,0,1.8615209373962216e-10,c1_resize_jpeg,resize(0.50)->jpeg(Q50),0.5,50,1
real_00278.jpeg,test,real,0,0,0.0001121563182095997,c1_resize_jpeg,resize(0.50)->jpeg(Q50),0.5,50,1
real_00168.jpeg,test,real,0,0,0.002806503791362047,c1_resize_jpeg,resize(0.50)->jpeg(Q50),0.5,50,1
real_00145.jpeg,test,real,0,1,0.6501071453094482,c1_resize_jpeg,resize(0.50)->jpeg(Q50),0.5,50,1
real_00495.jpeg,test,real,0,0,2.085820415231865e-05,c1_resize_jpeg,resize(0.50)->jpeg(Q50),0.5,50,1
real_00236.jpeg,test,real,0,0,1.0208135563516407e-06,c1_resize_jpeg,resize(0.50)->jpeg(Q50),0.5,50,1
real_00121.jpeg,test,real,0,0,0.0008474995847791433,c1_resize_jpeg,resize(0.50)->jpeg(Q50),0.5,50,1
real_00455.jpeg,test,real,0,0,0.054769277572631836,c1_resize_jpeg,resize(0.50)->jpeg(Q50),0.5,50,1
real_00177.jpeg,test,real,0,0,0.1067248210310936,c1_resize_jpeg,resize(0.50)->jpeg(Q50),0.5,50,1
real_00485.jpeg,test,real,0,0,0.03848535194993019,c1_resize_jpeg,resize(0.50)->jpeg(Q50),0.5,50,1
real_00136.jpeg,test,real,0,0,0.023326141759753227,c1_resize_jpeg,resize(0.50)->jpeg(Q50),0.5,50,1
real_00054.jpeg,test,real,0,0,1.1667945045701344e-06,c1_resize_jpeg,resize(0.50)->jpeg(Q50),0.5,50,1
real_00470.jpeg,test,real,0,0,0.013616045005619526,c1_resize_jpeg,resize(0.50)->jpeg(Q50),0.5,50,1
real_00118.jpeg,test,real,0,0,3.344115611980669e-06,c1_resize_jpeg,resize(0.50)->jpeg(Q50),0.5,50,1
real_00153.jpeg,test,real,0,0,0.0752207413315773,c1_resize_jpeg,resize(0.50)->jpeg(Q50),0.5,50,1
real_00384.jpeg,test,real,0,0,0.006311646196991205,c1_resize_jpeg,resize(0.50)->jpeg(Q50),0.5,50,1
real_00115.jpeg,test,real,0,0,0.010844176635146141,c1_resize_jpeg,resize(0.50)->jpeg(Q50),0.5,50,1
real_00101.jpeg,test,real,0,0,0.0705045759677887,c1_resize_jpeg,resize(0.50)->jpeg(Q50),0.5,50,1
real_00327.jpeg,test,real,0,0,0.053496234118938446,c1_resize_jpeg,resize(0.50)->jpeg(Q50),0.5,50,1
real_00164.jpeg,test,real,0,0,0.00450619962066412,c1_resize_jpeg,resize(0.50)->jpeg(Q50),0.5,50,1
real_00538.jpeg,test,real,0,0,0.005051270127296448,c1_resize_jpeg,resize(0.50)->jpeg(Q50),0.5,50,1
real_00049.jpeg,test,real,0,0,0.26804855465888977,c1_resize_jpeg,resize(0.50)->jpeg(Q50),0.5,50,1
real_00544.jpeg,test,real,0,0,0.025234119966626167,c1_resize_jpeg,resize(0.50)->jpeg(Q50),0.5,50,1
real_00154.jpeg,test,real,0,0,1.9594008335843682e-05,c1_resize_jpeg,resize(0.50)->jpeg(Q50),0.5,50,1
real_00215.jpeg,test,real,0,0,0.09460838884115219,c1_resize_jpeg,resize(0.50)->jpeg(Q50),0.5,50,1
real_00124.jpeg,test,real,0,0,3.2125963116413914e-06,c1_resize_jpeg,resize(0.50)->jpeg(Q50),0.5,50,1
real_00223.jpeg,test,real,0,1,0.6929177641868591,c1_resize_jpeg,resize(0.50)->jpeg(Q50),0.5,50,1
real_00065.jpeg,test,real,0,0,0.45183950662612915,c1_resize_jpeg,resize(0.50)->jpeg(Q50),0.5,50,1
real_00282.jpeg,test,real,0,0,2.6408701072309915e-13,c1_resize_jpeg,resize(0.50)->jpeg(Q50),0.5,50,1
real_00267.jpeg,test,real,0,0,0.001386828487738967,c1_resize_jpeg,resize(0.50)->jpeg(Q50),0.5,50,1
real_00343.jpeg,test,real,0,0,0.015383482910692692,c1_resize_jpeg,resize(0.50)->jpeg(Q50),0.5,50,1
real_00421.jpeg,test,real,0,0,3.075800898699743e-12,c1_resize_jpeg,resize(0.50)->jpeg(Q50),0.5,50,1
real_00531.jpeg,test,real,0,0,0.00027058878913521767,c1_resize_jpeg,resize(0.50)->jpeg(Q50),0.5,50,1
real_00575.jpeg,test,real,0,0,0.0003349210601300001,c1_resize_jpeg,resize(0.50)->jpeg(Q50),0.5,50,1
real_00290.jpeg,test,real,0,0,4.452303983271122e-06,c1_resize_jpeg,resize(0.50)->jpeg(Q50),0.5,50,1
real_00336.jpeg,test,real,0,0,5.146830961422211e-09,c1_resize_jpeg,resize(0.50)->jpeg(Q50),0.5,50,1
real_00306.jpeg,test,real,0,0,0.09170175343751907,c1_resize_jpeg,resize(0.50)->jpeg(Q50),0.5,50,1
real_00231.jpeg,test,real,0,0,0.05391997471451759,c1_resize_jpeg,resize(0.50)->jpeg(Q50),0.5,50,1
real_00002.jpeg,test,real,0,0,0.4231721758842468,c1_resize_jpeg,resize(0.50)->jpeg(Q50),0.5,50,1
real_00504.jpeg,test,real,0,0,0.08056633174419403,c1_resize_jpeg,resize(0.50)->jpeg(Q50),0.5,50,1
real_00536.jpeg,test,real,0,0,3.548666791175492e-05,c1_resize_jpeg,resize(0.50)->jpeg(Q50),0.5,50,1
real_00362.jpeg,test,real,0,0,0.0015963718760758638,c1_resize_jpeg,resize(0.50)->jpeg(Q50),0.5,50,1
real_00199.jpeg,test,real,0,0,0.007230319082736969,c1_resize_jpeg,resize(0.50)->jpeg(Q50),0.5,50,1
real_00023.jpeg,test,real,0,0,1.5433088265126571e-06,c1_resize_jpeg,resize(0.50)->jpeg(Q50),0.5,50,1
real_00433.jpeg,test,real,0,0,0.1134524792432785,c1_resize_jpeg,resize(0.50)->jpeg(Q50),0.5,50,1
real_00484.jpeg,test,real,0,0,0.09149119257926941,c1_resize_jpeg,resize(0.50)->jpeg(Q50),0.5,50,1
real_00110.jpeg,test,real,0,0,0.03470836952328682,c1_resize_jpeg,resize(0.50)->jpeg(Q50),0.5,50,1
real_00305.jpeg,test,real,0,0,0.39700204133987427,c1_resize_jpeg,resize(0.50)->jpeg(Q50),0.5,50,1
real_00352.jpeg,test,real,0,0,0.019725196063518524,c1_resize_jpeg,resize(0.50)->jpeg(Q50),0.5,50,1
real_00256.jpeg,test,real,0,0,0.04322641342878342,c1_resize_jpeg,resize(0.50)->jpeg(Q50),0.5,50,1
real_00404.jpeg,test,real,0,0,5.404428975452902e-06,c1_resize_jpeg,resize(0.50)->jpeg(Q50),0.5,50,1
real_00523.jpeg,test,real,0,0,0.00120978441555053,c1_resize_jpeg,resize(0.50)->jpeg(Q50),0.5,50,1
real_00513.jpeg,test,real,0,0,0.36221981048583984,c1_resize_jpeg,resize(0.50)->jpeg(Q50),0.5,50,1
real_00108.jpeg,test,real,0,0,0.0484323650598526,c1_resize_jpeg,resize(0.50)->jpeg(Q50),0.5,50,1
real_00119.jpeg,test,real,0,0,0.09811733663082123,c1_resize_jpeg,resize(0.50)->jpeg(Q50),0.5,50,1
real_00511.jpeg,test,real,0,0,0.28115907311439514,c1_resize_jpeg,resize(0.50)->jpeg(Q50),0.5,50,1
real_00073.jpeg,test,real,0,0,2.9731054382864386e-06,c1_resize_jpeg,resize(0.50)->jpeg(Q50),0.5,50,1
real_00469.jpeg,test,real,0,0,0.22038127481937408,c1_resize_jpeg,resize(0.50)->jpeg(Q50),0.5,50,1
real_00035.jpeg,test,real,0,0,3.858007403323427e-06,c1_resize_jpeg,resize(0.50)->jpeg(Q50),0.5,50,1
real_00427.jpeg,test,real,0,0,0.00011627869389485568,c1_resize_jpeg,resize(0.50)->jpeg(Q50),0.5,50,1
real_00000.jpeg,test,real,0,0,1.64860666700406e-05,c1_resize_jpeg,resize(0.50)->jpeg(Q50),0.5,50,1
real_00066.jpeg,test,real,0,0,0.00015886887558735907,c1_resize_jpeg,resize(0.50)->jpeg(Q50),0.5,50,1
real_00052.jpeg,test,real,0,0,0.000298136641504243,c1_resize_jpeg,resize(0.50)->jpeg(Q50),0.5,50,1
real_00483.jpeg,test,real,0,0,1.134196554630762e-05,c1_resize_jpeg,resize(0.50)->jpeg(Q50),0.5,50,1
real_00020.jpeg,test,real,0,0,0.17377817630767822,c1_resize_jpeg,resize(0.50)->jpeg(Q50),0.5,50,1
real_00540.jpeg,test,real,0,0,0.02106573060154915,c1_resize_jpeg,resize(0.50)->jpeg(Q50),0.5,50,1
real_00383.jpeg,test,real,0,0,0.0002192927204305306,c1_resize_jpeg,resize(0.50)->jpeg(Q50),0.5,50,1
real_00129.jpeg,test,real,0,0,0.012220939621329308,c1_resize_jpeg,resize(0.50)->jpeg(Q50),0.5,50,1
real_00505.jpeg,test,real,0,0,3.5126411328245677e-12,c1_resize_jpeg,resize(0.50)->jpeg(Q50),0.5,50,1
real_00517.jpeg,test,real,0,0,0.011253438889980316,c1_resize_jpeg,resize(0.50)->jpeg(Q50),0.5,50,1
real_00291.jpeg,test,real,0,0,7.3019735282287e-05,c1_resize_jpeg,resize(0.50)->jpeg(Q50),0.5,50,1
real_00328.jpeg,test,real,0,1,0.6003231406211853,c1_resize_jpeg,resize(0.50)->jpeg(Q50),0.5,50,1
real_00082.jpeg,test,real,0,0,1.48509016639764e-07,c1_resize_jpeg,resize(0.50)->jpeg(Q50),0.5,50,1
real_00413.jpeg,test,real,0,0,0.0007820350583642721,c1_resize_jpeg,resize(0.50)->jpeg(Q50),0.5,50,1
real_00201.jpeg,test,real,0,0,8.693221025168896e-05,c1_resize_jpeg,resize(0.50)->jpeg(Q50),0.5,50,1
real_00422.jpeg,test,real,0,0,0.00035424495581537485,c1_resize_jpeg,resize(0.50)->jpeg(Q50),0.5,50,1
real_00481.jpeg,test,real,0,1,0.9346232414245605,c1_resize_jpeg,resize(0.50)->jpeg(Q50),0.5,50,1
real_00249.jpeg,test,real,0,0,0.02641882188618183,c1_resize_jpeg,resize(0.50)->jpeg(Q50),0.5,50,1
real_00591.jpeg,test,real,0,1,0.8744882345199585,c1_resize_jpeg,resize(0.50)->jpeg(Q50),0.5,50,1
real_00103.jpeg,test,real,0,0,0.00011814261233666912,c1_resize_jpeg,resize(0.50)->jpeg(Q50),0.5,50,1
real_00058.jpeg,test,real,0,0,2.875204017982469e-06,c1_resize_jpeg,resize(0.50)->jpeg(Q50),0.5,50,1
real_00029.jpeg,test,real,0,1,0.5813700556755066,c1_resize_jpeg,resize(0.50)->jpeg(Q50),0.5,50,1
real_00551.jpeg,test,real,0,0,5.5345683591667694e-08,c1_resize_jpeg,resize(0.50)->jpeg(Q50),0.5,50,1
real_00453.jpeg,test,real,0,1,0.9999998807907104,c1_resize_jpeg,resize(0.50)->jpeg(Q50),0.5,50,1
real_00041.jpeg,test,real,0,0,0.0022017748560756445,c1_resize_jpeg,resize(0.50)->jpeg(Q50),0.5,50,1
real_00316.jpeg,test,real,0,0,0.011109218932688236,c1_resize_jpeg,resize(0.50)->jpeg(Q50),0.5,50,1
real_00449.jpeg,test,real,0,0,0.00016011133266147226,c1_resize_jpeg,resize(0.50)->jpeg(Q50),0.5,50,1
real_00198.jpeg,test,real,0,0,0.002814261009916663,c1_resize_jpeg,resize(0.50)->jpeg(Q50),0.5,50,1
real_00310.jpeg,test,real,0,0,0.0020024441182613373,c1_resize_jpeg,resize(0.50)->jpeg(Q50),0.5,50,1
real_00205.jpeg,test,real,0,0,8.180869031093607e-07,c1_resize_jpeg,resize(0.50)->jpeg(Q50),0.5,50,1
real_00011.jpeg,test,real,0,0,0.009806978516280651,c1_resize_jpeg,resize(0.50)->jpeg(Q50),0.5,50,1
real_00556.jpeg,test,real,0,0,0.018562419340014458,c1_resize_jpeg,resize(0.50)->jpeg(Q50),0.5,50,1
real_00294.jpeg,test,real,0,0,1.3999579273615836e-09,c1_resize_jpeg,resize(0.50)->jpeg(Q50),0.5,50,1
real_00112.jpeg,test,real,0,0,0.3703220784664154,c1_resize_jpeg,resize(0.50)->jpeg(Q50),0.5,50,1
real_00170.jpeg,test,real,0,0,1.4689734371131635e-06,c1_resize_jpeg,resize(0.50)->jpeg(Q50),0.5,50,1
real_00569.jpeg,test,real,0,0,2.214555388491135e-05,c1_resize_jpeg,resize(0.50)->jpeg(Q50),0.5,50,1
real_00318.jpeg,test,real,0,0,0.01681002788245678,c1_resize_jpeg,resize(0.50)->jpeg(Q50),0.5,50,1
real_00397.jpeg,test,real,0,0,0.00011022118997061625,c1_resize_jpeg,resize(0.50)->jpeg(Q50),0.5,50,1
real_00014.jpeg,test,real,0,0,0.3589848577976227,c1_resize_jpeg,resize(0.50)->jpeg(Q50),0.5,50,1
real_00196.jpeg,test,real,0,0,6.200434063348458e-15,c1_resize_jpeg,resize(0.50)->jpeg(Q50),0.5,50,1
real_00191.jpeg,test,real,0,1,0.5173951387405396,c1_resize_jpeg,resize(0.50)->jpeg(Q50),0.5,50,1
real_00192.jpeg,test,real,0,0,9.468168471471472e-09,c1_resize_jpeg,resize(0.50)->jpeg(Q50),0.5,50,1
real_00353.jpeg,test,real,0,0,0.4191414713859558,c1_resize_jpeg,resize(0.50)->jpeg(Q50),0.5,50,1
real_00254.jpeg,test,real,0,0,4.801679551746929e-06,c1_resize_jpeg,resize(0.50)->jpeg(Q50),0.5,50,1
real_00169.jpeg,test,real,0,0,2.5412722948203736e-07,c1_resize_jpeg,resize(0.50)->jpeg(Q50),0.5,50,1
real_00370.jpeg,test,real,0,0,1.6964241922323708e-06,c1_resize_jpeg,resize(0.50)->jpeg(Q50),0.5,50,1
real_00004.jpeg,test,real,0,0,0.1594541370868683,c1_resize_jpeg,resize(0.50)->jpeg(Q50),0.5,50,1
real_00368.jpeg,test,real,0,1,0.8621020317077637,c1_resize_jpeg,resize(0.50)->jpeg(Q50),0.5,50,1
real_00417.jpeg,test,real,0,0,0.12434811145067215,c1_resize_jpeg,resize(0.50)->jpeg(Q50),0.5,50,1
real_00333.jpeg,test,real,0,0,0.004876820370554924,c1_resize_jpeg,resize(0.50)->jpeg(Q50),0.5,50,1
real_00123.jpeg,test,real,0,0,0.0020333456341177225,c1_resize_jpeg,resize(0.50)->jpeg(Q50),0.5,50,1
real_00380.jpeg,test,real,0,0,0.0002770484716165811,c1_resize_jpeg,resize(0.50)->jpeg(Q50),0.5,50,1
real_00179.jpeg,test,real,0,0,0.0020067053847014904,c1_resize_jpeg,resize(0.50)->jpeg(Q50),0.5,50,1
real_00400.jpeg,test,real,0,0,0.13965556025505066,c1_resize_jpeg,resize(0.50)->jpeg(Q50),0.5,50,1
real_00369.jpeg,test,real,0,0,0.015114025212824345,c1_resize_jpeg,resize(0.50)->jpeg(Q50),0.5,50,1
real_00051.jpeg,test,real,0,0,0.19251783192157745,c1_resize_jpeg,resize(0.50)->jpeg(Q50),0.5,50,1
real_00097.jpeg,test,real,0,0,2.742832805324724e-07,c1_resize_jpeg,resize(0.50)->jpeg(Q50),0.5,50,1
real_00515.jpeg,test,real,0,0,0.00799622107297182,c1_resize_jpeg,resize(0.50)->jpeg(Q50),0.5,50,1
real_00446.jpeg,test,real,0,0,3.505245695123449e-05,c1_resize_jpeg,resize(0.50)->jpeg(Q50),0.5,50,1
real_00155.jpeg,test,real,0,0,0.0009087512153200805,c1_resize_jpeg,resize(0.50)->jpeg(Q50),0.5,50,1
real_00277.jpeg,test,real,0,0,0.010914387181401253,c1_resize_jpeg,resize(0.50)->jpeg(Q50),0.5,50,1
real_00098.jpeg,test,real,0,0,5.279743345454335e-05,c1_resize_jpeg,resize(0.50)->jpeg(Q50),0.5,50,1
real_00107.jpeg,test,real,0,0,0.014360317029058933,c1_resize_jpeg,resize(0.50)->jpeg(Q50),0.5,50,1
real_00087.jpeg,test,real,0,0,3.043357537535485e-06,c1_resize_jpeg,resize(0.50)->jpeg(Q50),0.5,50,1
real_00565.jpeg,test,real,0,0,0.004015156999230385,c1_resize_jpeg,resize(0.50)->jpeg(Q50),0.5,50,1
real_00280.jpeg,test,real,0,0,0.00016136783233378083,c1_resize_jpeg,resize(0.50)->jpeg(Q50),0.5,50,1
real_00507.jpeg,test,real,0,0,2.2104900381236803e-06,c1_resize_jpeg,resize(0.50)->jpeg(Q50),0.5,50,1
real_00326.jpeg,test,real,0,1,0.6066874861717224,c1_resize_jpeg,resize(0.50)->jpeg(Q50),0.5,50,1
real_00244.jpeg,test,real,0,0,1.1053354675993887e-08,c1_resize_jpeg,resize(0.50)->jpeg(Q50),0.5,50,1
real_00033.jpeg,test,real,0,0,0.0029512192122638226,c1_resize_jpeg,resize(0.50)->jpeg(Q50),0.5,50,1
real_00064.jpeg,test,real,0,0,7.810231750227103e-07,c1_resize_jpeg,resize(0.50)->jpeg(Q50),0.5,50,1
real_00013.jpeg,test,real,0,0,3.4935574149130844e-06,c1_resize_jpeg,resize(0.50)->jpeg(Q50),0.5,50,1
real_00183.jpeg,test,real,0,0,0.03396403416991234,c1_resize_jpeg,resize(0.50)->jpeg(Q50),0.5,50,1
real_00030.jpeg,test,real,0,0,1.4785275936901598e-07,c1_resize_jpeg,resize(0.50)->jpeg(Q50),0.5,50,1
real_00474.jpeg,test,real,0,0,9.841722203418612e-05,c1_resize_jpeg,resize(0.50)->jpeg(Q50),0.5,50,1
real_00558.jpeg,test,real,0,0,0.0002930516202468425,c1_resize_jpeg,resize(0.50)->jpeg(Q50),0.5,50,1
real_00088.jpeg,test,real,0,0,4.302079759099797e-08,c1_resize_jpeg,resize(0.50)->jpeg(Q50),0.5,50,1
real_00436.jpeg,test,real,0,1,0.8924487829208374,c1_resize_jpeg,resize(0.50)->jpeg(Q50),0.5,50,1
real_00518.jpeg,test,real,0,0,4.3959809659099847e-07,c1_resize_jpeg,resize(0.50)->jpeg(Q50),0.5,50,1
real_00111.jpeg,test,real,0,0,0.00030850741313770413,c1_resize_jpeg,resize(0.50)->jpeg(Q50),0.5,50,1
real_00122.jpeg,test,real,0,0,0.1317800134420395,c1_resize_jpeg,resize(0.50)->jpeg(Q50),0.5,50,1
real_00461.jpeg,test,real,0,0,0.0004471008141990751,c1_resize_jpeg,resize(0.50)->jpeg(Q50),0.5,50,1
real_00239.jpeg,test,real,0,0,0.003954580519348383,c1_resize_jpeg,resize(0.50)->jpeg(Q50),0.5,50,1
real_00408.jpeg,test,real,0,0,0.001458754064515233,c1_resize_jpeg,resize(0.50)->jpeg(Q50),0.5,50,1
real_00460.jpeg,test,real,0,0,0.08421437442302704,c1_resize_jpeg,resize(0.50)->jpeg(Q50),0.5,50,1
real_00138.jpeg,test,real,0,0,0.00107818644028157,c1_resize_jpeg,resize(0.50)->jpeg(Q50),0.5,50,1
real_00429.jpeg,test,real,0,0,2.1609059331240132e-05,c1_resize_jpeg,resize(0.50)->jpeg(Q50),0.5,50,1
real_00462.jpeg,test,real,0,0,8.145193963748909e-10,c1_resize_jpeg,resize(0.50)->jpeg(Q50),0.5,50,1
real_00113.jpeg,test,real,0,0,0.38963499665260315,c1_resize_jpeg,resize(0.50)->jpeg(Q50),0.5,50,1
real_00391.jpeg,test,real,0,0,9.307572327088565e-06,c1_resize_jpeg,resize(0.50)->jpeg(Q50),0.5,50,1
real_00303.jpeg,test,real,0,0,0.0003189638664480299,c1_resize_jpeg,resize(0.50)->jpeg(Q50),0.5,50,1
real_00592.jpeg,test,real,0,0,7.877035829162438e-11,c1_resize_jpeg,resize(0.50)->jpeg(Q50),0.5,50,1
real_00157.jpeg,test,real,0,0,0.00036217275192029774,c1_resize_jpeg,resize(0.50)->jpeg(Q50),0.5,50,1
real_00475.jpeg,test,real,0,0,0.07790667563676834,c1_resize_jpeg,resize(0.50)->jpeg(Q50),0.5,50,1
real_00071.jpeg,test,real,0,0,0.010470953769981861,c1_resize_jpeg,resize(0.50)->jpeg(Q50),0.5,50,1
real_00235.jpeg,test,real,0,0,2.9905032761234907e-07,c1_resize_jpeg,resize(0.50)->jpeg(Q50),0.5,50,1
real_00067.jpeg,test,real,0,0,4.209917733533075e-06,c1_resize_jpeg,resize(0.50)->jpeg(Q50),0.5,50,1
real_00502.jpeg,test,real,0,0,0.3706723749637604,c1_resize_jpeg,resize(0.50)->jpeg(Q50),0.5,50,1
real_00099.jpeg,test,real,0,0,0.03728647157549858,c1_resize_jpeg,resize(0.50)->jpeg(Q50),0.5,50,1
real_00508.jpeg,test,real,0,0,5.091998173156753e-05,c1_resize_jpeg,resize(0.50)->jpeg(Q50),0.5,50,1
real_00036.jpeg,test,real,0,0,6.788150494685397e-05,c1_resize_jpeg,resize(0.50)->jpeg(Q50),0.5,50,1
real_00149.jpeg,test,real,0,0,1.5796580044025177e-08,c1_resize_jpeg,resize(0.50)->jpeg(Q50),0.5,50,1
real_00220.jpeg,test,real,0,0,0.00432850094512105,c1_resize_jpeg,resize(0.50)->jpeg(Q50),0.5,50,1
real_00418.jpeg,test,real,0,0,0.00045183883048594,c1_resize_jpeg,resize(0.50)->jpeg(Q50),0.5,50,1
real_00466.jpeg,test,real,0,0,0.011336402967572212,c1_resize_jpeg,resize(0.50)->jpeg(Q50),0.5,50,1
real_00120.jpeg,test,real,0,0,0.0008399715879932046,c1_resize_jpeg,resize(0.50)->jpeg(Q50),0.5,50,1
real_00139.jpeg,test,real,0,0,0.004349682480096817,c1_resize_jpeg,resize(0.50)->jpeg(Q50),0.5,50,1
real_00589.jpeg,test,real,0,1,0.998146653175354,c1_resize_jpeg,resize(0.50)->jpeg(Q50),0.5,50,1
real_00276.jpeg,test,real,0,0,4.90698657813482e-05,c1_resize_jpeg,resize(0.50)->jpeg(Q50),0.5,50,1
real_00377.jpeg,test,real,0,0,0.1199973002076149,c1_resize_jpeg,resize(0.50)->jpeg(Q50),0.5,50,1
real_00175.jpeg,test,real,0,0,0.028643839061260223,c1_resize_jpeg,resize(0.50)->jpeg(Q50),0.5,50,1
real_00001.jpeg,test,real,0,0,0.001809463370591402,c1_resize_jpeg,resize(0.50)->jpeg(Q50),0.5,50,1
real_00424.jpeg,test,real,0,0,1.5882607840467244e-05,c1_resize_jpeg,resize(0.50)->jpeg(Q50),0.5,50,1
real_00197.jpeg,test,real,0,0,0.00019688575412146747,c1_resize_jpeg,resize(0.50)->jpeg(Q50),0.5,50,1
real_00246.jpeg,test,real,0,0,0.0020209478680044413,c1_resize_jpeg,resize(0.50)->jpeg(Q50),0.5,50,1
real_00325.jpeg,test,real,0,0,0.07283951342105865,c1_resize_jpeg,resize(0.50)->jpeg(Q50),0.5,50,1
real_00150.jpeg,test,real,0,0,0.0031052373815327883,c1_resize_jpeg,resize(0.50)->jpeg(Q50),0.5,50,1
real_00501.jpeg,test,real,0,0,0.0007623737910762429,c1_resize_jpeg,resize(0.50)->jpeg(Q50),0.5,50,1
real_00428.jpeg,test,real,0,0,0.0009708298603072762,c1_resize_jpeg,resize(0.50)->jpeg(Q50),0.5,50,1
real_00222.jpeg,test,real,0,0,0.023278966546058655,c1_resize_jpeg,resize(0.50)->jpeg(Q50),0.5,50,1
real_00045.jpeg,test,real,0,0,0.00020721460168715566,c1_resize_jpeg,resize(0.50)->jpeg(Q50),0.5,50,1
real_00338.jpeg,test,real,0,0,7.54532584323897e-06,c1_resize_jpeg,resize(0.50)->jpeg(Q50),0.5,50,1
real_00390.jpeg,test,real,0,0,0.05377347022294998,c1_resize_jpeg,resize(0.50)->jpeg(Q50),0.5,50,1
real_00062.jpeg,test,real,0,0,0.3753699064254761,c1_resize_jpeg,resize(0.50)->jpeg(Q50),0.5,50,1
real_00426.jpeg,test,real,0,0,9.093029801343633e-11,c1_resize_jpeg,resize(0.50)->jpeg(Q50),0.5,50,1
real_00247.jpeg,test,real,0,0,0.0168291125446558,c1_resize_jpeg,resize(0.50)->jpeg(Q50),0.5,50,1
real_00152.jpeg,test,real,0,0,0.02068295329809189,c1_resize_jpeg,resize(0.50)->jpeg(Q50),0.5,50,1
real_00156.jpeg,test,real,0,0,0.0004593459889292717,c1_resize_jpeg,resize(0.50)->jpeg(Q50),0.5,50,1
real_00084.jpeg,test,real,0,1,0.65205317735672,c1_resize_jpeg,resize(0.50)->jpeg(Q50),0.5,50,1
real_00212.jpeg,test,real,0,0,0.05413290485739708,c1_resize_jpeg,resize(0.50)->jpeg(Q50),0.5,50,1
real_00184.jpeg,test,real,0,0,0.0004270340141374618,c1_resize_jpeg,resize(0.50)->jpeg(Q50),0.5,50,1
real_00309.jpeg,test,real,0,0,0.03652368485927582,c1_resize_jpeg,resize(0.50)->jpeg(Q50),0.5,50,1
real_00423.jpeg,test,real,0,0,0.15754693746566772,c1_resize_jpeg,resize(0.50)->jpeg(Q50),0.5,50,1
real_00095.jpeg,test,real,0,0,0.004625203087925911,c1_resize_jpeg,resize(0.50)->jpeg(Q50),0.5,50,1
real_00264.jpeg,test,real,0,0,0.0005464659770950675,c1_resize_jpeg,resize(0.50)->jpeg(Q50),0.5,50,1
real_00105.jpeg,test,real,0,0,0.06405288726091385,c1_resize_jpeg,resize(0.50)->jpeg(Q50),0.5,50,1
real_00024.jpeg,test,real,0,0,1.2778487601394772e-08,c1_resize_jpeg,resize(0.50)->jpeg(Q50),0.5,50,1
real_00293.jpeg,test,real,0,0,2.3333881472353823e-05,c1_resize_jpeg,resize(0.50)->jpeg(Q50),0.5,50,1
real_00311.jpeg,test,real,0,0,0.005647593177855015,c1_resize_jpeg,resize(0.50)->jpeg(Q50),0.5,50,1
real_00032.jpeg,test,real,0,0,0.44097670912742615,c1_resize_jpeg,resize(0.50)->jpeg(Q50),0.5,50,1
real_00374.jpeg,test,real,0,0,1.8846587408916093e-05,c1_resize_jpeg,resize(0.50)->jpeg(Q50),0.5,50,1
real_00492.jpeg,test,real,0,0,0.001810078276321292,c1_resize_jpeg,resize(0.50)->jpeg(Q50),0.5,50,1
real_00162.jpeg,test,real,0,0,6.822103023296222e-05,c1_resize_jpeg,resize(0.50)->jpeg(Q50),0.5,50,1
real_00588.jpeg,test,real,0,0,0.0037338787224143744,c1_resize_jpeg,resize(0.50)->jpeg(Q50),0.5,50,1
real_00411.jpeg,test,real,0,0,0.0006223366945050657,c1_resize_jpeg,resize(0.50)->jpeg(Q50),0.5,50,1
real_00241.jpeg,test,real,0,0,0.025121336802840233,c1_resize_jpeg,resize(0.50)->jpeg(Q50),0.5,50,1
real_00432.jpeg,test,real,0,1,0.5150167942047119,c1_resize_jpeg,resize(0.50)->jpeg(Q50),0.5,50,1
real_00025.jpeg,test,real,0,0,6.020885479074423e-08,c1_resize_jpeg,resize(0.50)->jpeg(Q50),0.5,50,1
real_00079.jpeg,test,real,0,0,0.3333491086959839,c1_resize_jpeg,resize(0.50)->jpeg(Q50),0.5,50,1
real_00351.jpeg,test,real,0,0,0.001883327611722052,c1_resize_jpeg,resize(0.50)->jpeg(Q50),0.5,50,1
real_00590.jpeg,test,real,0,0,0.002780299633741379,c1_resize_jpeg,resize(0.50)->jpeg(Q50),0.5,50,1
real_00240.jpeg,test,real,0,0,0.011530573479831219,c1_resize_jpeg,resize(0.50)->jpeg(Q50),0.5,50,1
real_00583.jpeg,test,real,0,0,0.037397973239421844,c1_resize_jpeg,resize(0.50)->jpeg(Q50),0.5,50,1
real_00116.jpeg,test,real,0,0,0.08433745801448822,c1_resize_jpeg,resize(0.50)->jpeg(Q50),0.5,50,1
real_00081.jpeg,test,real,0,0,0.004922651220113039,c1_resize_jpeg,resize(0.50)->jpeg(Q50),0.5,50,1
real_00224.jpeg,test,real,0,0,0.0002390913723502308,c1_resize_jpeg,resize(0.50)->jpeg(Q50),0.5,50,1
real_00372.jpeg,test,real,0,0,0.057887859642505646,c1_resize_jpeg,resize(0.50)->jpeg(Q50),0.5,50,1
real_00074.jpeg,test,real,0,0,0.03655393794178963,c1_resize_jpeg,resize(0.50)->jpeg(Q50),0.5,50,1
real_00555.jpeg,test,real,0,0,4.708358392235823e-05,c1_resize_jpeg,resize(0.50)->jpeg(Q50),0.5,50,1
real_00399.jpeg,test,real,0,0,0.007082291413098574,c1_resize_jpeg,resize(0.50)->jpeg(Q50),0.5,50,1
real_00308.jpeg,test,real,0,0,0.19528105854988098,c1_resize_jpeg,resize(0.50)->jpeg(Q50),0.5,50,1
real_00132.jpeg,test,real,0,0,0.0031357703264802694,c1_resize_jpeg,resize(0.50)->jpeg(Q50),0.5,50,1
real_00478.jpeg,test,real,0,0,0.0005245618522167206,c1_resize_jpeg,resize(0.50)->jpeg(Q50),0.5,50,1
real_00435.jpeg,test,real,0,0,0.0015249019488692284,c1_resize_jpeg,resize(0.50)->jpeg(Q50),0.5,50,1
real_00072.jpeg,test,real,0,0,0.018855392932891846,c1_resize_jpeg,resize(0.50)->jpeg(Q50),0.5,50,1
real_00037.jpeg,test,real,0,0,0.05014355108141899,c1_resize_jpeg,resize(0.50)->jpeg(Q50),0.5,50,1
real_00272.jpeg,test,real,0,0,0.1322714239358902,c1_resize_jpeg,resize(0.50)->jpeg(Q50),0.5,50,1
real_00102.jpeg,test,real,0,0,0.08894193172454834,c1_resize_jpeg,resize(0.50)->jpeg(Q50),0.5,50,1
real_00044.jpeg,test,real,0,0,0.04063919559121132,c1_resize_jpeg,resize(0.50)->jpeg(Q50),0.5,50,1
real_00546.jpeg,test,real,0,0,0.4219208359718323,c1_resize_jpeg,resize(0.50)->jpeg(Q50),0.5,50,1
real_00146.jpeg,test,real,0,0,0.004846716299653053,c1_resize_jpeg,resize(0.50)->jpeg(Q50),0.5,50,1
real_00361.jpeg,test,real,0,0,0.00046235122135840356,c1_resize_jpeg,resize(0.50)->jpeg(Q50),0.5,50,1
real_00498.jpeg,test,real,0,0,0.008589926175773144,c1_resize_jpeg,resize(0.50)->jpeg(Q50),0.5,50,1
real_00567.jpeg,test,real,0,0,5.460159400172415e-07,c1_resize_jpeg,resize(0.50)->jpeg(Q50),0.5,50,1
real_00229.jpeg,test,real,0,0,0.24020881950855255,c1_resize_jpeg,resize(0.50)->jpeg(Q50),0.5,50,1
real_00573.jpeg,test,real,0,0,0.00027765799313783646,c1_resize_jpeg,resize(0.50)->jpeg(Q50),0.5,50,1
real_00452.jpeg,test,real,0,0,0.006972641684114933,c1_resize_jpeg,resize(0.50)->jpeg(Q50),0.5,50,1
real_00258.jpeg,test,real,0,0,0.21189016103744507,c1_resize_jpeg,resize(0.50)->jpeg(Q50),0.5,50,1
real_00581.jpeg,test,real,0,0,0.014207357540726662,c1_resize_jpeg,resize(0.50)->jpeg(Q50),0.5,50,1
real_00340.jpeg,test,real,0,0,0.018461667001247406,c1_resize_jpeg,resize(0.50)->jpeg(Q50),0.5,50,1
real_00516.jpeg,test,real,0,0,2.005379974434618e-05,c1_resize_jpeg,resize(0.50)->jpeg(Q50),0.5,50,1
real_00524.jpeg,test,real,0,0,0.025457054376602173,c1_resize_jpeg,resize(0.50)->jpeg(Q50),0.5,50,1
real_00554.jpeg,test,real,0,0,0.0007992385071702302,c1_resize_jpeg,resize(0.50)->jpeg(Q50),0.5,50,1
real_00299.jpeg,test,real,0,0,1.2463256382488908e-07,c1_resize_jpeg,resize(0.50)->jpeg(Q50),0.5,50,1
real_00439.jpeg,test,real,0,0,0.210927814245224,c1_resize_jpeg,resize(0.50)->jpeg(Q50),0.5,50,1
real_00166.jpeg,test,real,0,0,0.004891775548458099,c1_resize_jpeg,resize(0.50)->jpeg(Q50),0.5,50,1
real_00392.jpeg,test,real,0,0,7.2848798104985235e-09,c1_resize_jpeg,resize(0.50)->jpeg(Q50),0.5,50,1
real_00086.jpeg,test,real,0,0,0.00029623659793287516,c1_resize_jpeg,resize(0.50)->jpeg(Q50),0.5,50,1
real_00537.jpeg,test,real,0,1,0.8279874324798584,c1_resize_jpeg,resize(0.50)->jpeg(Q50),0.5,50,1
real_00431.jpeg,test,real,0,0,4.427183284860803e-06,c1_resize_jpeg,resize(0.50)->jpeg(Q50),0.5,50,1
real_00389.jpeg,test,real,0,0,0.17838433384895325,c1_resize_jpeg,resize(0.50)->jpeg(Q50),0.5,50,1
real_00534.jpeg,test,real,0,0,1.3498528517175146e-07,c1_resize_jpeg,resize(0.50)->jpeg(Q50),0.5,50,1
real_00541.jpeg,test,real,0,0,7.997823736616283e-09,c1_resize_jpeg,resize(0.50)->jpeg(Q50),0.5,50,1
real_00094.jpeg,test,real,0,1,0.889716625213623,c1_resize_jpeg,resize(0.50)->jpeg(Q50),0.5,50,1
real_00226.jpeg,test,real,0,0,0.004648733418434858,c1_resize_jpeg,resize(0.50)->jpeg(Q50),0.5,50,1
real_00200.jpeg,test,real,0,0,0.03548089787364006,c1_resize_jpeg,resize(0.50)->jpeg(Q50),0.5,50,1
real_00330.jpeg,test,real,0,0,0.009370065294206142,c1_resize_jpeg,resize(0.50)->jpeg(Q50),0.5,50,1
real_00091.jpeg,test,real,0,1,0.9845939874649048,c1_resize_jpeg,resize(0.50)->jpeg(Q50),0.5,50,1
real_00472.jpeg,test,real,0,0,0.0014045735588297248,c1_resize_jpeg,resize(0.50)->jpeg(Q50),0.5,50,1
real_00493.jpeg,test,real,0,0,0.0002388947323197499,c1_resize_jpeg,resize(0.50)->jpeg(Q50),0.5,50,1
real_00053.jpeg,test,real,0,0,1.5672771041863598e-05,c1_resize_jpeg,resize(0.50)->jpeg(Q50),0.5,50,1
real_00298.jpeg,test,real,0,0,0.1421513706445694,c1_resize_jpeg,resize(0.50)->jpeg(Q50),0.5,50,1
real_00366.jpeg,test,real,0,0,0.002444998361170292,c1_resize_jpeg,resize(0.50)->jpeg(Q50),0.5,50,1
real_00182.jpeg,test,real,0,0,0.00015591781993862242,c1_resize_jpeg,resize(0.50)->jpeg(Q50),0.5,50,1
real_00490.jpeg,test,real,0,0,0.031691983342170715,c1_resize_jpeg,resize(0.50)->jpeg(Q50),0.5,50,1
real_00593.jpeg,test,real,0,0,0.2356889843940735,c1_resize_jpeg,resize(0.50)->jpeg(Q50),0.5,50,1
real_00137.jpeg,test,real,0,0,0.002073486102744937,c1_resize_jpeg,resize(0.50)->jpeg(Q50),0.5,50,1
real_00314.jpeg,test,real,0,0,0.05687098205089569,c1_resize_jpeg,resize(0.50)->jpeg(Q50),0.5,50,1
real_00471.jpeg,test,real,0,0,0.00434942776337266,c1_resize_jpeg,resize(0.50)->jpeg(Q50),0.5,50,1
real_00365.jpeg,test,real,0,0,0.0007486840477213264,c1_resize_jpeg,resize(0.50)->jpeg(Q50),0.5,50,1
real_00042.jpeg,test,real,0,0,7.883452918244771e-11,c1_resize_jpeg,resize(0.50)->jpeg(Q50),0.5,50,1
real_00448.jpeg,test,real,0,0,0.1925254613161087,c1_resize_jpeg,resize(0.50)->jpeg(Q50),0.5,50,1
real_00188.jpeg,test,real,0,0,0.001211293856613338,c1_resize_jpeg,resize(0.50)->jpeg(Q50),0.5,50,1
real_00245.jpeg,test,real,0,0,0.008337811566889286,c1_resize_jpeg,resize(0.50)->jpeg(Q50),0.5,50,1
real_00509.jpeg,test,real,0,0,0.00010797858703881502,c1_resize_jpeg,resize(0.50)->jpeg(Q50),0.5,50,1
real_00265.jpeg,test,real,0,0,0.00011015162453986704,c1_resize_jpeg,resize(0.50)->jpeg(Q50),0.5,50,1
real_00443.jpeg,test,real,0,0,1.4119798663614347e-07,c1_resize_jpeg,resize(0.50)->jpeg(Q50),0.5,50,1
real_00284.jpeg,test,real,0,0,0.0001446149399271235,c1_resize_jpeg,resize(0.50)->jpeg(Q50),0.5,50,1
real_00386.jpeg,test,real,0,0,5.520321337826317e-06,c1_resize_jpeg,resize(0.50)->jpeg(Q50),0.5,50,1
real_00548.jpeg,test,real,0,0,8.463945960102137e-06,c1_resize_jpeg,resize(0.50)->jpeg(Q50),0.5,50,1
real_00487.jpeg,test,real,0,0,0.045341938734054565,c1_resize_jpeg,resize(0.50)->jpeg(Q50),0.5,50,1
real_00549.jpeg,test,real,0,1,0.7428027987480164,c1_resize_jpeg,resize(0.50)->jpeg(Q50),0.5,50,1
real_00315.jpeg,test,real,0,0,0.02303779125213623,c1_resize_jpeg,resize(0.50)->jpeg(Q50),0.5,50,1
real_00464.jpeg,test,real,0,0,0.008075516670942307,c1_resize_jpeg,resize(0.50)->jpeg(Q50),0.5,50,1
midjourney_00068.png,test,midjourney,1,0,0.00931741762906313,c1_resize_jpeg,resize(0.50)->jpeg(Q50),0.5,50,1
vqdm_00062.png,test,vqdm,1,1,0.7904182076454163,c1_resize_jpeg,resize(0.50)->jpeg(Q50),0.5,50,1
adm_00019.png,test,adm,1,0,0.24225535988807678,c1_resize_jpeg,resize(0.50)->jpeg(Q50),0.5,50,1
midjourney_00077.png,test,midjourney,1,0,0.007991630584001541,c1_resize_jpeg,resize(0.50)->jpeg(Q50),0.5,50,1
adm_00074.png,test,adm,1,1,0.8960680365562439,c1_resize_jpeg,resize(0.50)->jpeg(Q50),0.5,50,1
wukong_00038.png,test,wukong,1,1,0.9957654476165771,c1_resize_jpeg,resize(0.50)->jpeg(Q50),0.5,50,1
biggan_00049.png,test,biggan,1,0,0.3281486928462982,c1_resize_jpeg,resize(0.50)->jpeg(Q50),0.5,50,1
midjourney_00036.png,test,midjourney,1,0,0.1530950963497162,c1_resize_jpeg,resize(0.50)->jpeg(Q50),0.5,50,1
glide_00074.png,test,glide,1,0,0.07923547923564911,c1_resize_jpeg,resize(0.50)->jpeg(Q50),0.5,50,1
sdv5_00043.png,test,sdv5,1,0,0.008922828361392021,c1_resize_jpeg,resize(0.50)->jpeg(Q50),0.5,50,1
wukong_00067.png,test,wukong,1,1,0.9934574961662292,c1_resize_jpeg,resize(0.50)->jpeg(Q50),0.5,50,1
vqdm_00041.png,test,vqdm,1,1,0.983514666557312,c1_resize_jpeg,resize(0.50)->jpeg(Q50),0.5,50,1
wukong_00066.png,test,wukong,1,0,0.18918384611606598,c1_resize_jpeg,resize(0.50)->jpeg(Q50),0.5,50,1
vqdm_00061.png,test,vqdm,1,1,0.9700340628623962,c1_resize_jpeg,resize(0.50)->jpeg(Q50),0.5,50,1
biggan_00010.png,test,biggan,1,0,0.171102374792099,c1_resize_jpeg,resize(0.50)->jpeg(Q50),0.5,50,1
midjourney_00011.png,test,midjourney,1,1,0.9975244402885437,c1_resize_jpeg,resize(0.50)->jpeg(Q50),0.5,50,1
adm_00067.png,test,adm,1,0,0.265678733587265,c1_resize_jpeg,resize(0.50)->jpeg(Q50),0.5,50,1
adm_00063.png,test,adm,1,0,0.10847079008817673,c1_resize_jpeg,resize(0.50)->jpeg(Q50),0.5,50,1
wukong_00015.png,test,wukong,1,1,0.9562779664993286,c1_resize_jpeg,resize(0.50)->jpeg(Q50),0.5,50,1
vqdm_00004.png,test,vqdm,1,0,0.05914207920432091,c1_resize_jpeg,resize(0.50)->jpeg(Q50),0.5,50,1
midjourney_00005.png,test,midjourney,1,1,0.9093059301376343,c1_resize_jpeg,resize(0.50)->jpeg(Q50),0.5,50,1
adm_00014.png,test,adm,1,1,0.866889238357544,c1_resize_jpeg,resize(0.50)->jpeg(Q50),0.5,50,1
glide_00069.png,test,glide,1,0,0.21099050343036652,c1_resize_jpeg,resize(0.50)->jpeg(Q50),0.5,50,1
vqdm_00010.png,test,vqdm,1,1,0.9342422485351562,c1_resize_jpeg,resize(0.50)->jpeg(Q50),0.5,50,1
sdv5_00046.png,test,sdv5,1,1,0.8364210724830627,c1_resize_jpeg,resize(0.50)->jpeg(Q50),0.5,50,1
wukong_00023.png,test,wukong,1,0,0.019269466400146484,c1_resize_jpeg,resize(0.50)->jpeg(Q50),0.5,50,1
midjourney_00074.png,test,midjourney,1,1,0.804009199142456,c1_resize_jpeg,resize(0.50)->jpeg(Q50),0.5,50,1
midjourney_00039.png,test,midjourney,1,1,0.8767005801200867,c1_resize_jpeg,resize(0.50)->jpeg(Q50),0.5,50,1
vqdm_00024.png,test,vqdm,1,1,0.9102221131324768,c1_resize_jpeg,resize(0.50)->jpeg(Q50),0.5,50,1
wukong_00075.png,test,wukong,1,0,0.46270692348480225,c1_resize_jpeg,resize(0.50)->jpeg(Q50),0.5,50,1
biggan_00050.png,test,biggan,1,1,0.9905813932418823,c1_resize_jpeg,resize(0.50)->jpeg(Q50),0.5,50,1
midjourney_00059.png,test,midjourney,1,1,0.9870196580886841,c1_resize_jpeg,resize(0.50)->jpeg(Q50),0.5,50,1
biggan_00029.png,test,biggan,1,0,0.36341559886932373,c1_resize_jpeg,resize(0.50)->jpeg(Q50),0.5,50,1
sdv5_00039.png,test,sdv5,1,0,0.009999238885939121,c1_resize_jpeg,resize(0.50)->jpeg(Q50),0.5,50,1
glide_00061.png,test,glide,1,0,0.07383649051189423,c1_resize_jpeg,resize(0.50)->jpeg(Q50),0.5,50,1
biggan_00012.png,test,biggan,1,1,0.6054656505584717,c1_resize_jpeg,resize(0.50)->jpeg(Q50),0.5,50,1
biggan_00080.png,test,biggan,1,1,0.9995560050010681,c1_resize_jpeg,resize(0.50)->jpeg(Q50),0.5,50,1
glide_00053.png,test,glide,1,0,0.09091760218143463,c1_resize_jpeg,resize(0.50)->jpeg(Q50),0.5,50,1
vqdm_00006.png,test,vqdm,1,1,0.7802431583404541,c1_resize_jpeg,resize(0.50)->jpeg(Q50),0.5,50,1
adm_00023.png,test,adm,1,1,0.8887342810630798,c1_resize_jpeg,resize(0.50)->jpeg(Q50),0.5,50,1
sdv5_00054.png,test,sdv5,1,1,0.940350353717804,c1_resize_jpeg,resize(0.50)->jpeg(Q50),0.5,50,1
midjourney_00021.png,test,midjourney,1,1,0.9876543879508972,c1_resize_jpeg,resize(0.50)->jpeg(Q50),0.5,50,1
vqdm_00065.png,test,vqdm,1,0,0.02117813378572464,c1_resize_jpeg,resize(0.50)->jpeg(Q50),0.5,50,1
biggan_00055.png,test,biggan,1,0,0.02774442732334137,c1_resize_jpeg,resize(0.50)->jpeg(Q50),0.5,50,1
wukong_00003.png,test,wukong,1,1,0.8487493991851807,c1_resize_jpeg,resize(0.50)->jpeg(Q50),0.5,50,1
biggan_00022.png,test,biggan,1,0,0.026874268427491188,c1_resize_jpeg,resize(0.50)->jpeg(Q50),0.5,50,1
biggan_00081.png,test,biggan,1,0,0.0353214330971241,c1_resize_jpeg,resize(0.50)->jpeg(Q50),0.5,50,1
vqdm_00049.png,test,vqdm,1,1,0.8612871766090393,c1_resize_jpeg,resize(0.50)->jpeg(Q50),0.5,50,1
sdv5_00076.png,test,sdv5,1,1,0.9965369701385498,c1_resize_jpeg,resize(0.50)->jpeg(Q50),0.5,50,1
vqdm_00011.png,test,vqdm,1,1,0.7831594944000244,c1_resize_jpeg,resize(0.50)->jpeg(Q50),0.5,50,1
adm_00039.png,test,adm,1,1,0.9155481457710266,c1_resize_jpeg,resize(0.50)->jpeg(Q50),0.5,50,1
glide_00023.png,test,glide,1,0,0.006852452643215656,c1_resize_jpeg,resize(0.50)->jpeg(Q50),0.5,50,1
sdv5_00063.png,test,sdv5,1,1,0.9992049336433411,c1_resize_jpeg,resize(0.50)->jpeg(Q50),0.5,50,1
biggan_00059.png,test,biggan,1,0,0.41792622208595276,c1_resize_jpeg,resize(0.50)->jpeg(Q50),0.5,50,1
glide_00015.png,test,glide,1,0,0.20228052139282227,c1_resize_jpeg,resize(0.50)->jpeg(Q50),0.5,50,1
wukong_00047.png,test,wukong,1,0,0.05228926241397858,c1_resize_jpeg,resize(0.50)->jpeg(Q50),0.5,50,1
vqdm_00037.png,test,vqdm,1,0,0.42152178287506104,c1_resize_jpeg,resize(0.50)->jpeg(Q50),0.5,50,1
wukong_00080.png,test,wukong,1,1,0.9998028874397278,c1_resize_jpeg,resize(0.50)->jpeg(Q50),0.5,50,1
midjourney_00076.png,test,midjourney,1,1,0.9942936301231384,c1_resize_jpeg,resize(0.50)->jpeg(Q50),0.5,50,1
sdv5_00061.png,test,sdv5,1,1,0.9939925074577332,c1_resize_jpeg,resize(0.50)->jpeg(Q50),0.5,50,1
adm_00029.png,test,adm,1,0,0.07393340021371841,c1_resize_jpeg,resize(0.50)->jpeg(Q50),0.5,50,1
glide_00039.png,test,glide,1,0,0.07105037569999695,c1_resize_jpeg,resize(0.50)->jpeg(Q50),0.5,50,1
adm_00072.png,test,adm,1,0,0.0037970806006342173,c1_resize_jpeg,resize(0.50)->jpeg(Q50),0.5,50,1
sdv5_00051.png,test,sdv5,1,1,0.9365657567977905,c1_resize_jpeg,resize(0.50)->jpeg(Q50),0.5,50,1
sdv5_00066.png,test,sdv5,1,1,0.9636627435684204,c1_resize_jpeg,resize(0.50)->jpeg(Q50),0.5,50,1
midjourney_00078.png,test,midjourney,1,1,0.999991774559021,c1_resize_jpeg,resize(0.50)->jpeg(Q50),0.5,50,1
vqdm_00017.png,test,vqdm,1,0,0.029838455840945244,c1_resize_jpeg,resize(0.50)->jpeg(Q50),0.5,50,1
sdv5_00073.png,test,sdv5,1,1,0.8514230251312256,c1_resize_jpeg,resize(0.50)->jpeg(Q50),0.5,50,1
midjourney_00045.png,test,midjourney,1,1,0.8636620044708252,c1_resize_jpeg,resize(0.50)->jpeg(Q50),0.5,50,1
vqdm_00073.png,test,vqdm,1,0,0.27104347944259644,c1_resize_jpeg,resize(0.50)->jpeg(Q50),0.5,50,1
sdv5_00008.png,test,sdv5,1,1,0.9947497248649597,c1_resize_jpeg,resize(0.50)->jpeg(Q50),0.5,50,1
midjourney_00061.png,test,midjourney,1,0,0.041887059807777405,c1_resize_jpeg,resize(0.50)->jpeg(Q50),0.5,50,1
adm_00015.png,test,adm,1,1,1.0,c1_resize_jpeg,resize(0.50)->jpeg(Q50),0.5,50,1
vqdm_00068.png,test,vqdm,1,0,0.010488121770322323,c1_resize_jpeg,resize(0.50)->jpeg(Q50),0.5,50,1
midjourney_00053.png,test,midjourney,1,1,0.9999103546142578,c1_resize_jpeg,resize(0.50)->jpeg(Q50),0.5,50,1
sdv5_00050.png,test,sdv5,1,1,0.9852880835533142,c1_resize_jpeg,resize(0.50)->jpeg(Q50),0.5,50,1
glide_00050.png,test,glide,1,0,0.48803016543388367,c1_resize_jpeg,resize(0.50)->jpeg(Q50),0.5,50,1
midjourney_00069.png,test,midjourney,1,1,0.7202209234237671,c1_resize_jpeg,resize(0.50)->jpeg(Q50),0.5,50,1
glide_00038.png,test,glide,1,1,0.7912862300872803,c1_resize_jpeg,resize(0.50)->jpeg(Q50),0.5,50,1
biggan_00011.png,test,biggan,1,0,0.009020424447953701,c1_resize_jpeg,resize(0.50)->jpeg(Q50),0.5,50,1
biggan_00082.png,test,biggan,1,1,0.9997923970222473,c1_resize_jpeg,resize(0.50)->jpeg(Q50),0.5,50,1
wukong_00005.png,test,wukong,1,1,0.9996739625930786,c1_resize_jpeg,resize(0.50)->jpeg(Q50),0.5,50,1
wukong_00014.png,test,wukong,1,1,0.986616849899292,c1_resize_jpeg,resize(0.50)->jpeg(Q50),0.5,50,1
midjourney_00071.png,test,midjourney,1,0,0.00219498248770833,c1_resize_jpeg,resize(0.50)->jpeg(Q50),0.5,50,1
midjourney_00009.png,test,midjourney,1,1,0.8492849469184875,c1_resize_jpeg,resize(0.50)->jpeg(Q50),0.5,50,1
midjourney_00044.png,test,midjourney,1,1,0.9531936049461365,c1_resize_jpeg,resize(0.50)->jpeg(Q50),0.5,50,1
biggan_00017.png,test,biggan,1,1,0.790120005607605,c1_resize_jpeg,resize(0.50)->jpeg(Q50),0.5,50,1
glide_00082.png,test,glide,1,0,0.025515809655189514,c1_resize_jpeg,resize(0.50)->jpeg(Q50),0.5,50,1
glide_00037.png,test,glide,1,0,0.06555580347776413,c1_resize_jpeg,resize(0.50)->jpeg(Q50),0.5,50,1
adm_00027.png,test,adm,1,1,0.7372342348098755,c1_resize_jpeg,resize(0.50)->jpeg(Q50),0.5,50,1
midjourney_00024.png,test,midjourney,1,1,0.9993903636932373,c1_resize_jpeg,resize(0.50)->jpeg(Q50),0.5,50,1
glide_00033.png,test,glide,1,0,0.11974242329597473,c1_resize_jpeg,resize(0.50)->jpeg(Q50),0.5,50,1
midjourney_00007.png,test,midjourney,1,1,0.9785350561141968,c1_resize_jpeg,resize(0.50)->jpeg(Q50),0.5,50,1
sdv5_00072.png,test,sdv5,1,1,0.5843480229377747,c1_resize_jpeg,resize(0.50)->jpeg(Q50),0.5,50,1
wukong_00022.png,test,wukong,1,1,0.944223940372467,c1_resize_jpeg,resize(0.50)->jpeg(Q50),0.5,50,1
vqdm_00032.png,test,vqdm,1,0,0.0007408380624838173,c1_resize_jpeg,resize(0.50)->jpeg(Q50),0.5,50,1
glide_00009.png,test,glide,1,1,0.9863201975822449,c1_resize_jpeg,resize(0.50)->jpeg(Q50),0.5,50,1
biggan_00030.png,test,biggan,1,0,0.03359419107437134,c1_resize_jpeg,resize(0.50)->jpeg(Q50),0.5,50,1
wukong_00057.png,test,wukong,1,1,0.9381088614463806,c1_resize_jpeg,resize(0.50)->jpeg(Q50),0.5,50,1
adm_00079.png,test,adm,1,1,0.9999682903289795,c1_resize_jpeg,resize(0.50)->jpeg(Q50),0.5,50,1
vqdm_00031.png,test,vqdm,1,1,0.8513424396514893,c1_resize_jpeg,resize(0.50)->jpeg(Q50),0.5,50,1
glide_00010.png,test,glide,1,1,0.9999995231628418,c1_resize_jpeg,resize(0.50)->jpeg(Q50),0.5,50,1
wukong_00009.png,test,wukong,1,0,0.04231943190097809,c1_resize_jpeg,resize(0.50)->jpeg(Q50),0.5,50,1
glide_00013.png,test,glide,1,0,5.7526111049810424e-05,c1_resize_jpeg,resize(0.50)->jpeg(Q50),0.5,50,1
vqdm_00023.png,test,vqdm,1,0,0.013644753023982048,c1_resize_jpeg,resize(0.50)->jpeg(Q50),0.5,50,1
sdv5_00011.png,test,sdv5,1,0,0.007707159034907818,c1_resize_jpeg,resize(0.50)->jpeg(Q50),0.5,50,1
sdv5_00047.png,test,sdv5,1,1,0.9659516215324402,c1_resize_jpeg,resize(0.50)->jpeg(Q50),0.5,50,1
sdv5_00009.png,test,sdv5,1,1,0.9834624528884888,c1_resize_jpeg,resize(0.50)->jpeg(Q50),0.5,50,1
sdv5_00010.png,test,sdv5,1,1,0.940925657749176,c1_resize_jpeg,resize(0.50)->jpeg(Q50),0.5,50,1
glide_00076.png,test,glide,1,0,0.05698142573237419,c1_resize_jpeg,resize(0.50)->jpeg(Q50),0.5,50,1
adm_00081.png,test,adm,1,1,0.5354024171829224,c1_resize_jpeg,resize(0.50)->jpeg(Q50),0.5,50,1
sdv5_00023.png,test,sdv5,1,0,0.2803269922733307,c1_resize_jpeg,resize(0.50)->jpeg(Q50),0.5,50,1
biggan_00003.png,test,biggan,1,0,0.015686986967921257,c1_resize_jpeg,resize(0.50)->jpeg(Q50),0.5,50,1
wukong_00061.png,test,wukong,1,1,0.8306264877319336,c1_resize_jpeg,resize(0.50)->jpeg(Q50),0.5,50,1
adm_00085.png,test,adm,1,0,0.040106941014528275,c1_resize_jpeg,resize(0.50)->jpeg(Q50),0.5,50,1
midjourney_00014.png,test,midjourney,1,1,0.7303898334503174,c1_resize_jpeg,resize(0.50)->jpeg(Q50),0.5,50,1
vqdm_00042.png,test,vqdm,1,0,0.037235669791698456,c1_resize_jpeg,resize(0.50)->jpeg(Q50),0.5,50,1
wukong_00076.png,test,wukong,1,1,0.9917693138122559,c1_resize_jpeg,resize(0.50)->jpeg(Q50),0.5,50,1
vqdm_00035.png,test,vqdm,1,0,0.00035883631790056825,c1_resize_jpeg,resize(0.50)->jpeg(Q50),0.5,50,1
sdv5_00037.png,test,sdv5,1,0,0.4976744055747986,c1_resize_jpeg,resize(0.50)->jpeg(Q50),0.5,50,1
biggan_00000.png,test,biggan,1,0,0.04091676324605942,c1_resize_jpeg,resize(0.50)->jpeg(Q50),0.5,50,1
sdv5_00053.png,test,sdv5,1,1,0.999642014503479,c1_resize_jpeg,resize(0.50)->jpeg(Q50),0.5,50,1
midjourney_00034.png,test,midjourney,1,1,0.9983834028244019,c1_resize_jpeg,resize(0.50)->jpeg(Q50),0.5,50,1
wukong_00033.png,test,wukong,1,1,0.8216603398323059,c1_resize_jpeg,resize(0.50)->jpeg(Q50),0.5,50,1
glide_00011.png,test,glide,1,0,0.008894311264157295,c1_resize_jpeg,resize(0.50)->jpeg(Q50),0.5,50,1
glide_00008.png,test,glide,1,1,0.8071327209472656,c1_resize_jpeg,resize(0.50)->jpeg(Q50),0.5,50,1
adm_00044.png,test,adm,1,1,0.974763810634613,c1_resize_jpeg,resize(0.50)->jpeg(Q50),0.5,50,1
sdv5_00029.png,test,sdv5,1,1,0.9996199607849121,c1_resize_jpeg,resize(0.50)->jpeg(Q50),0.5,50,1
sdv5_00081.png,test,sdv5,1,1,0.9856411814689636,c1_resize_jpeg,resize(0.50)->jpeg(Q50),0.5,50,1
sdv5_00040.png,test,sdv5,1,0,0.12022925913333893,c1_resize_jpeg,resize(0.50)->jpeg(Q50),0.5,50,1
adm_00042.png,test,adm,1,0,0.2519233524799347,c1_resize_jpeg,resize(0.50)->jpeg(Q50),0.5,50,1
sdv5_00059.png,test,sdv5,1,1,0.6230683922767639,c1_resize_jpeg,resize(0.50)->jpeg(Q50),0.5,50,1
wukong_00017.png,test,wukong,1,1,0.8756957054138184,c1_resize_jpeg,resize(0.50)->jpeg(Q50),0.5,50,1
wukong_00058.png,test,wukong,1,1,0.9905214309692383,c1_resize_jpeg,resize(0.50)->jpeg(Q50),0.5,50,1
adm_00086.png,test,adm,1,1,0.9414359927177429,c1_resize_jpeg,resize(0.50)->jpeg(Q50),0.5,50,1
midjourney_00049.png,test,midjourney,1,1,0.9377058744430542,c1_resize_jpeg,resize(0.50)->jpeg(Q50),0.5,50,1
midjourney_00065.png,test,midjourney,1,1,0.9999995231628418,c1_resize_jpeg,resize(0.50)->jpeg(Q50),0.5,50,1
midjourney_00006.png,test,midjourney,1,1,0.9917486906051636,c1_resize_jpeg,resize(0.50)->jpeg(Q50),0.5,50,1
wukong_00079.png,test,wukong,1,1,0.9721745252609253,c1_resize_jpeg,resize(0.50)->jpeg(Q50),0.5,50,1
sdv5_00085.png,test,sdv5,1,1,0.6451894044876099,c1_resize_jpeg,resize(0.50)->jpeg(Q50),0.5,50,1
sdv5_00065.png,test,sdv5,1,1,0.9378052353858948,c1_resize_jpeg,resize(0.50)->jpeg(Q50),0.5,50,1
wukong_00037.png,test,wukong,1,1,0.8174855709075928,c1_resize_jpeg,resize(0.50)->jpeg(Q50),0.5,50,1
biggan_00032.png,test,biggan,1,0,0.006520213559269905,c1_resize_jpeg,resize(0.50)->jpeg(Q50),0.5,50,1
wukong_00011.png,test,wukong,1,1,0.9949796795845032,c1_resize_jpeg,resize(0.50)->jpeg(Q50),0.5,50,1
biggan_00053.png,test,biggan,1,1,0.9999992847442627,c1_resize_jpeg,resize(0.50)->jpeg(Q50),0.5,50,1
sdv5_00005.png,test,sdv5,1,1,0.7794594168663025,c1_resize_jpeg,resize(0.50)->jpeg(Q50),0.5,50,1
adm_00057.png,test,adm,1,0,0.0037346500903367996,c1_resize_jpeg,resize(0.50)->jpeg(Q50),0.5,50,1
wukong_00024.png,test,wukong,1,1,0.9170058369636536,c1_resize_jpeg,resize(0.50)->jpeg(Q50),0.5,50,1
glide_00056.png,test,glide,1,1,0.8173846006393433,c1_resize_jpeg,resize(0.50)->jpeg(Q50),0.5,50,1
adm_00004.png,test,adm,1,1,0.9182727336883545,c1_resize_jpeg,resize(0.50)->jpeg(Q50),0.5,50,1
midjourney_00081.png,test,midjourney,1,0,0.004178615752607584,c1_resize_jpeg,resize(0.50)->jpeg(Q50),0.5,50,1
sdv5_00083.png,test,sdv5,1,0,0.003513205563649535,c1_resize_jpeg,resize(0.50)->jpeg(Q50),0.5,50,1
glide_00042.png,test,glide,1,0,0.3656383156776428,c1_resize_jpeg,resize(0.50)->jpeg(Q50),0.5,50,1
glide_00029.png,test,glide,1,0,0.01843305490911007,c1_resize_jpeg,resize(0.50)->jpeg(Q50),0.5,50,1
vqdm_00022.png,test,vqdm,1,0,0.3042508363723755,c1_resize_jpeg,resize(0.50)->jpeg(Q50),0.5,50,1
adm_00007.png,test,adm,1,1,0.8579851388931274,c1_resize_jpeg,resize(0.50)->jpeg(Q50),0.5,50,1
vqdm_00082.png,test,vqdm,1,0,0.10315269231796265,c1_resize_jpeg,resize(0.50)->jpeg(Q50),0.5,50,1
glide_00052.png,test,glide,1,1,0.7409622073173523,c1_resize_jpeg,resize(0.50)->jpeg(Q50),0.5,50,1
adm_00066.png,test,adm,1,0,0.47469690442085266,c1_resize_jpeg,resize(0.50)->jpeg(Q50),0.5,50,1
sdv5_00026.png,test,sdv5,1,0,0.14108292758464813,c1_resize_jpeg,resize(0.50)->jpeg(Q50),0.5,50,1
wukong_00004.png,test,wukong,1,1,0.9995757937431335,c1_resize_jpeg,resize(0.50)->jpeg(Q50),0.5,50,1
wukong_00034.png,test,wukong,1,1,0.8393204212188721,c1_resize_jpeg,resize(0.50)->jpeg(Q50),0.5,50,1
adm_00073.png,test,adm,1,1,0.7959274649620056,c1_resize_jpeg,resize(0.50)->jpeg(Q50),0.5,50,1
sdv5_00056.png,test,sdv5,1,1,0.8142545223236084,c1_resize_jpeg,resize(0.50)->jpeg(Q50),0.5,50,1
adm_00050.png,test,adm,1,0,0.017556581646203995,c1_resize_jpeg,resize(0.50)->jpeg(Q50),0.5,50,1
biggan_00004.png,test,biggan,1,0,0.32848024368286133,c1_resize_jpeg,resize(0.50)->jpeg(Q50),0.5,50,1
midjourney_00063.png,test,midjourney,1,1,0.9455702900886536,c1_resize_jpeg,resize(0.50)->jpeg(Q50),0.5,50,1
glide_00007.png,test,glide,1,0,0.015385591425001621,c1_resize_jpeg,resize(0.50)->jpeg(Q50),0.5,50,1
vqdm_00059.png,test,vqdm,1,0,0.014960641041398048,c1_resize_jpeg,resize(0.50)->jpeg(Q50),0.5,50,1
midjourney_00051.png,test,midjourney,1,0,0.05574192851781845,c1_resize_jpeg,resize(0.50)->jpeg(Q50),0.5,50,1
adm_00040.png,test,adm,1,0,0.33351632952690125,c1_resize_jpeg,resize(0.50)->jpeg(Q50),0.5,50,1
vqdm_00046.png,test,vqdm,1,0,0.011881627142429352,c1_resize_jpeg,resize(0.50)->jpeg(Q50),0.5,50,1
glide_00071.png,test,glide,1,0,0.33647212386131287,c1_resize_jpeg,resize(0.50)->jpeg(Q50),0.5,50,1
midjourney_00040.png,test,midjourney,1,1,0.5410926342010498,c1_resize_jpeg,resize(0.50)->jpeg(Q50),0.5,50,1
biggan_00056.png,test,biggan,1,0,0.34133651852607727,c1_resize_jpeg,resize(0.50)->jpeg(Q50),0.5,50,1
wukong_00030.png,test,wukong,1,1,0.6302875876426697,c1_resize_jpeg,resize(0.50)->jpeg(Q50),0.5,50,1
adm_00045.png,test,adm,1,0,0.0011879666708409786,c1_resize_jpeg,resize(0.50)->jpeg(Q50),0.5,50,1
vqdm_00069.png,test,vqdm,1,0,0.3887888193130493,c1_resize_jpeg,resize(0.50)->jpeg(Q50),0.5,50,1
sdv5_00013.png,test,sdv5,1,0,0.48566359281539917,c1_resize_jpeg,resize(0.50)->jpeg(Q50),0.5,50,1
adm_00058.png,test,adm,1,1,0.6897103786468506,c1_resize_jpeg,resize(0.50)->jpeg(Q50),0.5,50,1
biggan_00037.png,test,biggan,1,1,0.9998422861099243,c1_resize_jpeg,resize(0.50)->jpeg(Q50),0.5,50,1
vqdm_00039.png,test,vqdm,1,0,0.37010103464126587,c1_resize_jpeg,resize(0.50)->jpeg(Q50),0.5,50,1
sdv5_00034.png,test,sdv5,1,1,0.952031672000885,c1_resize_jpeg,resize(0.50)->jpeg(Q50),0.5,50,1
glide_00047.png,test,glide,1,0,0.33981335163116455,c1_resize_jpeg,resize(0.50)->jpeg(Q50),0.5,50,1
biggan_00063.png,test,biggan,1,0,0.3919387459754944,c1_resize_jpeg,resize(0.50)->jpeg(Q50),0.5,50,1
glide_00045.png,test,glide,1,1,0.9999781847000122,c1_resize_jpeg,resize(0.50)->jpeg(Q50),0.5,50,1
wukong_00027.png,test,wukong,1,1,0.7578105926513672,c1_resize_jpeg,resize(0.50)->jpeg(Q50),0.5,50,1
vqdm_00027.png,test,vqdm,1,0,0.3229227066040039,c1_resize_jpeg,resize(0.50)->jpeg(Q50),0.5,50,1
glide_00024.png,test,glide,1,1,0.9809429049491882,c1_resize_jpeg,resize(0.50)->jpeg(Q50),0.5,50,1
wukong_00085.png,test,wukong,1,1,0.8705053925514221,c1_resize_jpeg,resize(0.50)->jpeg(Q50),0.5,50,1
glide_00043.png,test,glide,1,0,0.3309808373451233,c1_resize_jpeg,resize(0.50)->jpeg(Q50),0.5,50,1
vqdm_00055.png,test,vqdm,1,0,0.10780904442071915,c1_resize_jpeg,resize(0.50)->jpeg(Q50),0.5,50,1
midjourney_00057.png,test,midjourney,1,1,0.9998842477798462,c1_resize_jpeg,resize(0.50)->jpeg(Q50),0.5,50,1
wukong_00062.png,test,wukong,1,0,0.05573343485593796,c1_resize_jpeg,resize(0.50)->jpeg(Q50),0.5,50,1
sdv5_00007.png,test,sdv5,1,1,0.9669467210769653,c1_resize_jpeg,resize(0.50)->jpeg(Q50),0.5,50,1
biggan_00043.png,test,biggan,1,0,3.5073691833531484e-05,c1_resize_jpeg,resize(0.50)->jpeg(Q50),0.5,50,1
adm_00083.png,test,adm,1,1,0.6654337048530579,c1_resize_jpeg,resize(0.50)->jpeg(Q50),0.5,50,1
adm_00052.png,test,adm,1,1,0.7233151793479919,c1_resize_jpeg,resize(0.50)->jpeg(Q50),0.5,50,1
wukong_00032.png,test,wukong,1,0,0.4893992841243744,c1_resize_jpeg,resize(0.50)->jpeg(Q50),0.5,50,1
midjourney_00047.png,test,midjourney,1,1,0.9997498393058777,c1_resize_jpeg,resize(0.50)->jpeg(Q50),0.5,50,1
midjourney_00072.png,test,midjourney,1,1,0.9991514682769775,c1_resize_jpeg,resize(0.50)->jpeg(Q50),0.5,50,1
wukong_00010.png,test,wukong,1,0,0.3297390043735504,c1_resize_jpeg,resize(0.50)->jpeg(Q50),0.5,50,1
sdv5_00021.png,test,sdv5,1,0,0.2820993661880493,c1_resize_jpeg,resize(0.50)->jpeg(Q50),0.5,50,1
biggan_00009.png,test,biggan,1,1,0.9993062019348145,c1_resize_jpeg,resize(0.50)->jpeg(Q50),0.5,50,1
wukong_00043.png,test,wukong,1,1,0.9567074775695801,c1_resize_jpeg,resize(0.50)->jpeg(Q50),0.5,50,1
vqdm_00034.png,test,vqdm,1,0,0.10437774658203125,c1_resize_jpeg,resize(0.50)->jpeg(Q50),0.5,50,1
biggan_00023.png,test,biggan,1,1,0.9576358199119568,c1_resize_jpeg,resize(0.50)->jpeg(Q50),0.5,50,1
glide_00080.png,test,glide,1,1,0.9126242995262146,c1_resize_jpeg,resize(0.50)->jpeg(Q50),0.5,50,1
midjourney_00008.png,test,midjourney,1,0,0.36404693126678467,c1_resize_jpeg,resize(0.50)->jpeg(Q50),0.5,50,1
biggan_00024.png,test,biggan,1,1,0.9020451903343201,c1_resize_jpeg,resize(0.50)->jpeg(Q50),0.5,50,1
midjourney_00002.png,test,midjourney,1,1,0.7143171429634094,c1_resize_jpeg,resize(0.50)->jpeg(Q50),0.5,50,1
midjourney_00000.png,test,midjourney,1,1,0.5263127088546753,c1_resize_jpeg,resize(0.50)->jpeg(Q50),0.5,50,1
adm_00084.png,test,adm,1,1,0.9660769104957581,c1_resize_jpeg,resize(0.50)->jpeg(Q50),0.5,50,1
biggan_00042.png,test,biggan,1,1,0.5583980679512024,c1_resize_jpeg,resize(0.50)->jpeg(Q50),0.5,50,1
wukong_00018.png,test,wukong,1,1,0.8542081117630005,c1_resize_jpeg,resize(0.50)->jpeg(Q50),0.5,50,1
vqdm_00021.png,test,vqdm,1,1,0.9999665021896362,c1_resize_jpeg,resize(0.50)->jpeg(Q50),0.5,50,1
sdv5_00057.png,test,sdv5,1,0,0.017701203003525734,c1_resize_jpeg,resize(0.50)->jpeg(Q50),0.5,50,1
midjourney_00029.png,test,midjourney,1,1,0.8573437333106995,c1_resize_jpeg,resize(0.50)->jpeg(Q50),0.5,50,1
sdv5_00004.png,test,sdv5,1,0,0.0032769842073321342,c1_resize_jpeg,resize(0.50)->jpeg(Q50),0.5,50,1
wukong_00063.png,test,wukong,1,0,0.002821007976308465,c1_resize_jpeg,resize(0.50)->jpeg(Q50),0.5,50,1
glide_00057.png,test,glide,1,1,0.8019273281097412,c1_resize_jpeg,resize(0.50)->jpeg(Q50),0.5,50,1
wukong_00074.png,test,wukong,1,0,0.08854907006025314,c1_resize_jpeg,resize(0.50)->jpeg(Q50),0.5,50,1
adm_00070.png,test,adm,1,0,0.20602554082870483,c1_resize_jpeg,resize(0.50)->jpeg(Q50),0.5,50,1
midjourney_00018.png,test,midjourney,1,1,0.9964184761047363,c1_resize_jpeg,resize(0.50)->jpeg(Q50),0.5,50,1
vqdm_00081.png,test,vqdm,1,0,0.4405251145362854,c1_resize_jpeg,resize(0.50)->jpeg(Q50),0.5,50,1
vqdm_00075.png,test,vqdm,1,1,0.9506394863128662,c1_resize_jpeg,resize(0.50)->jpeg(Q50),0.5,50,1
glide_00059.png,test,glide,1,0,0.0006795720546506345,c1_resize_jpeg,resize(0.50)->jpeg(Q50),0.5,50,1
vqdm_00002.png,test,vqdm,1,0,0.1860746592283249,c1_resize_jpeg,resize(0.50)->jpeg(Q50),0.5,50,1
biggan_00045.png,test,biggan,1,1,0.9103789925575256,c1_resize_jpeg,resize(0.50)->jpeg(Q50),0.5,50,1
sdv5_00075.png,test,sdv5,1,1,0.9911637306213379,c1_resize_jpeg,resize(0.50)->jpeg(Q50),0.5,50,1
sdv5_00055.png,test,sdv5,1,1,0.5898947715759277,c1_resize_jpeg,resize(0.50)->jpeg(Q50),0.5,50,1
wukong_00013.png,test,wukong,1,1,0.8557537794113159,c1_resize_jpeg,resize(0.50)->jpeg(Q50),0.5,50,1
adm_00068.png,test,adm,1,1,0.838735818862915,c1_resize_jpeg,resize(0.50)->jpeg(Q50),0.5,50,1
midjourney_00010.png,test,midjourney,1,0,0.0776979923248291,c1_resize_jpeg,resize(0.50)->jpeg(Q50),0.5,50,1
midjourney_00030.png,test,midjourney,1,1,0.9952060580253601,c1_resize_jpeg,resize(0.50)->jpeg(Q50),0.5,50,1
sdv5_00074.png,test,sdv5,1,1,0.9901403784751892,c1_resize_jpeg,resize(0.50)->jpeg(Q50),0.5,50,1
vqdm_00072.png,test,vqdm,1,1,0.9975556135177612,c1_resize_jpeg,resize(0.50)->jpeg(Q50),0.5,50,1
wukong_00031.png,test,wukong,1,1,0.6932228803634644,c1_resize_jpeg,resize(0.50)->jpeg(Q50),0.5,50,1
vqdm_00080.png,test,vqdm,1,1,0.934282124042511,c1_resize_jpeg,resize(0.50)->jpeg(Q50),0.5,50,1
midjourney_00043.png,test,midjourney,1,0,0.05126762017607689,c1_resize_jpeg,resize(0.50)->jpeg(Q50),0.5,50,1
vqdm_00001.png,test,vqdm,1,1,0.5561720728874207,c1_resize_jpeg,resize(0.50)->jpeg(Q50),0.5,50,1
glide_00021.png,test,glide,1,1,0.989769458770752,c1_resize_jpeg,resize(0.50)->jpeg(Q50),0.5,50,1
midjourney_00037.png,test,midjourney,1,0,0.01157041173428297,c1_resize_jpeg,resize(0.50)->jpeg(Q50),0.5,50,1
biggan_00031.png,test,biggan,1,1,0.8678270578384399,c1_resize_jpeg,resize(0.50)->jpeg(Q50),0.5,50,1
wukong_00072.png,test,wukong,1,1,0.7051074504852295,c1_resize_jpeg,resize(0.50)->jpeg(Q50),0.5,50,1
midjourney_00055.png,test,midjourney,1,1,0.9988760352134705,c1_resize_jpeg,resize(0.50)->jpeg(Q50),0.5,50,1
glide_00070.png,test,glide,1,1,0.7404981851577759,c1_resize_jpeg,resize(0.50)->jpeg(Q50),0.5,50,1
biggan_00057.png,test,biggan,1,0,0.3651594817638397,c1_resize_jpeg,resize(0.50)->jpeg(Q50),0.5,50,1
midjourney_00075.png,test,midjourney,1,1,0.9991394281387329,c1_resize_jpeg,resize(0.50)->jpeg(Q50),0.5,50,1
vqdm_00048.png,test,vqdm,1,1,0.9414670467376709,c1_resize_jpeg,resize(0.50)->jpeg(Q50),0.5,50,1
glide_00034.png,test,glide,1,1,0.9447606205940247,c1_resize_jpeg,resize(0.50)->jpeg(Q50),0.5,50,1
sdv5_00078.png,test,sdv5,1,1,0.5951206684112549,c1_resize_jpeg,resize(0.50)->jpeg(Q50),0.5,50,1
midjourney_00062.png,test,midjourney,1,0,0.42095261812210083,c1_resize_jpeg,resize(0.50)->jpeg(Q50),0.5,50,1
adm_00031.png,test,adm,1,1,0.5379903316497803,c1_resize_jpeg,resize(0.50)->jpeg(Q50),0.5,50,1
midjourney_00026.png,test,midjourney,1,0,0.40468719601631165,c1_resize_jpeg,resize(0.50)->jpeg(Q50),0.5,50,1
vqdm_00000.png,test,vqdm,1,1,0.9148045778274536,c1_resize_jpeg,resize(0.50)->jpeg(Q50),0.5,50,1
adm_00020.png,test,adm,1,0,0.05865861475467682,c1_resize_jpeg,resize(0.50)->jpeg(Q50),0.5,50,1
adm_00012.png,test,adm,1,0,0.1324361264705658,c1_resize_jpeg,resize(0.50)->jpeg(Q50),0.5,50,1
adm_00030.png,test,adm,1,1,0.6581099629402161,c1_resize_jpeg,resize(0.50)->jpeg(Q50),0.5,50,1
midjourney_00070.png,test,midjourney,1,1,0.5933559536933899,c1_resize_jpeg,resize(0.50)->jpeg(Q50),0.5,50,1
adm_00041.png,test,adm,1,1,0.7501475214958191,c1_resize_jpeg,resize(0.50)->jpeg(Q50),0.5,50,1
adm_00078.png,test,adm,1,0,0.24299150705337524,c1_resize_jpeg,resize(0.50)->jpeg(Q50),0.5,50,1
wukong_00068.png,test,wukong,1,0,0.031158719211816788,c1_resize_jpeg,resize(0.50)->jpeg(Q50),0.5,50,1
biggan_00008.png,test,biggan,1,0,0.10016568750143051,c1_resize_jpeg,resize(0.50)->jpeg(Q50),0.5,50,1
adm_00069.png,test,adm,1,1,0.6453478336334229,c1_resize_jpeg,resize(0.50)->jpeg(Q50),0.5,50,1
vqdm_00056.png,test,vqdm,1,1,0.9955388903617859,c1_resize_jpeg,resize(0.50)->jpeg(Q50),0.5,50,1
sdv5_00036.png,test,sdv5,1,1,0.8534532189369202,c1_resize_jpeg,resize(0.50)->jpeg(Q50),0.5,50,1
vqdm_00079.png,test,vqdm,1,0,0.09291821718215942,c1_resize_jpeg,resize(0.50)->jpeg(Q50),0.5,50,1
midjourney_00017.png,test,midjourney,1,1,0.9271177649497986,c1_resize_jpeg,resize(0.50)->jpeg(Q50),0.5,50,1
biggan_00033.png,test,biggan,1,0,0.015144262462854385,c1_resize_jpeg,resize(0.50)->jpeg(Q50),0.5,50,1
biggan_00018.png,test,biggan,1,1,0.8338830471038818,c1_resize_jpeg,resize(0.50)->jpeg(Q50),0.5,50,1
sdv5_00001.png,test,sdv5,1,0,0.01121534500271082,c1_resize_jpeg,resize(0.50)->jpeg(Q50),0.5,50,1
sdv5_00020.png,test,sdv5,1,1,0.9980654120445251,c1_resize_jpeg,resize(0.50)->jpeg(Q50),0.5,50,1
biggan_00048.png,test,biggan,1,1,0.993087112903595,c1_resize_jpeg,resize(0.50)->jpeg(Q50),0.5,50,1
biggan_00058.png,test,biggan,1,1,0.999984622001648,c1_resize_jpeg,resize(0.50)->jpeg(Q50),0.5,50,1
midjourney_00066.png,test,midjourney,1,0,0.29869505763053894,c1_resize_jpeg,resize(0.50)->jpeg(Q50),0.5,50,1
midjourney_00080.png,test,midjourney,1,0,0.028045475482940674,c1_resize_jpeg,resize(0.50)->jpeg(Q50),0.5,50,1
adm_00005.png,test,adm,1,0,0.2984393835067749,c1_resize_jpeg,resize(0.50)->jpeg(Q50),0.5,50,1
adm_00003.png,test,adm,1,0,0.27812090516090393,c1_resize_jpeg,resize(0.50)->jpeg(Q50),0.5,50,1
adm_00024.png,test,adm,1,0,0.16977204382419586,c1_resize_jpeg,resize(0.50)->jpeg(Q50),0.5,50,1
sdv5_00000.png,test,sdv5,1,1,0.9925130605697632,c1_resize_jpeg,resize(0.50)->jpeg(Q50),0.5,50,1
biggan_00001.png,test,biggan,1,0,0.030991286039352417,c1_resize_jpeg,resize(0.50)->jpeg(Q50),0.5,50,1
vqdm_00014.png,test,vqdm,1,1,0.9999890327453613,c1_resize_jpeg,resize(0.50)->jpeg(Q50),0.5,50,1
biggan_00028.png,test,biggan,1,1,0.9825128316879272,c1_resize_jpeg,resize(0.50)->jpeg(Q50),0.5,50,1
midjourney_00028.png,test,midjourney,1,0,0.020116493105888367,c1_resize_jpeg,resize(0.50)->jpeg(Q50),0.5,50,1
biggan_00027.png,test,biggan,1,1,0.9091658592224121,c1_resize_jpeg,resize(0.50)->jpeg(Q50),0.5,50,1
sdv5_00049.png,test,sdv5,1,1,0.7737483978271484,c1_resize_jpeg,resize(0.50)->jpeg(Q50),0.5,50,1
vqdm_00029.png,test,vqdm,1,1,0.9871366024017334,c1_resize_jpeg,resize(0.50)->jpeg(Q50),0.5,50,1
adm_00035.png,test,adm,1,1,0.5740978717803955,c1_resize_jpeg,resize(0.50)->jpeg(Q50),0.5,50,1
adm_00011.png,test,adm,1,0,0.18113689124584198,c1_resize_jpeg,resize(0.50)->jpeg(Q50),0.5,50,1
biggan_00078.png,test,biggan,1,1,0.827313244342804,c1_resize_jpeg,resize(0.50)->jpeg(Q50),0.5,50,1
midjourney_00013.png,test,midjourney,1,1,0.9893147945404053,c1_resize_jpeg,resize(0.50)->jpeg(Q50),0.5,50,1
sdv5_00067.png,test,sdv5,1,1,0.6077707409858704,c1_resize_jpeg,resize(0.50)->jpeg(Q50),0.5,50,1
biggan_00006.png,test,biggan,1,0,0.0676218718290329,c1_resize_jpeg,resize(0.50)->jpeg(Q50),0.5,50,1
vqdm_00078.png,test,vqdm,1,0,0.18748174607753754,c1_resize_jpeg,resize(0.50)->jpeg(Q50),0.5,50,1
glide_00049.png,test,glide,1,0,0.004744157660752535,c1_resize_jpeg,resize(0.50)->jpeg(Q50),0.5,50,1
midjourney_00050.png,test,midjourney,1,1,0.9997528195381165,c1_resize_jpeg,resize(0.50)->jpeg(Q50),0.5,50,1
glide_00017.png,test,glide,1,0,0.19808641076087952,c1_resize_jpeg,resize(0.50)->jpeg(Q50),0.5,50,1
wukong_00008.png,test,wukong,1,1,0.998846173286438,c1_resize_jpeg,resize(0.50)->jpeg(Q50),0.5,50,1
sdv5_00014.png,test,sdv5,1,0,0.23987993597984314,c1_resize_jpeg,resize(0.50)->jpeg(Q50),0.5,50,1
biggan_00052.png,test,biggan,1,0,0.03759591653943062,c1_resize_jpeg,resize(0.50)->jpeg(Q50),0.5,50,1
wukong_00059.png,test,wukong,1,1,0.9576245546340942,c1_resize_jpeg,resize(0.50)->jpeg(Q50),0.5,50,1
glide_00078.png,test,glide,1,0,0.1743319034576416,c1_resize_jpeg,resize(0.50)->jpeg(Q50),0.5,50,1
adm_00034.png,test,adm,1,1,0.7273315191268921,c1_resize_jpeg,resize(0.50)->jpeg(Q50),0.5,50,1
wukong_00006.png,test,wukong,1,0,0.3517770767211914,c1_resize_jpeg,resize(0.50)->jpeg(Q50),0.5,50,1
biggan_00046.png,test,biggan,1,1,0.9959781169891357,c1_resize_jpeg,resize(0.50)->jpeg(Q50),0.5,50,1
wukong_00073.png,test,wukong,1,1,0.5700273513793945,c1_resize_jpeg,resize(0.50)->jpeg(Q50),0.5,50,1
midjourney_00046.png,test,midjourney,1,1,0.9097034335136414,c1_resize_jpeg,resize(0.50)->jpeg(Q50),0.5,50,1
glide_00068.png,test,glide,1,0,0.01584152691066265,c1_resize_jpeg,resize(0.50)->jpeg(Q50),0.5,50,1
midjourney_00058.png,test,midjourney,1,1,0.582852840423584,c1_resize_jpeg,resize(0.50)->jpeg(Q50),0.5,50,1
glide_00001.png,test,glide,1,0,0.07978405058383942,c1_resize_jpeg,resize(0.50)->jpeg(Q50),0.5,50,1
glide_00041.png,test,glide,1,1,1.0,c1_resize_jpeg,resize(0.50)->jpeg(Q50),0.5,50,1
glide_00014.png,test,glide,1,0,0.015448060818016529,c1_resize_jpeg,resize(0.50)->jpeg(Q50),0.5,50,1
adm_00013.png,test,adm,1,0,0.004961713682860136,c1_resize_jpeg,resize(0.50)->jpeg(Q50),0.5,50,1
glide_00063.png,test,glide,1,0,0.13112251460552216,c1_resize_jpeg,resize(0.50)->jpeg(Q50),0.5,50,1
wukong_00045.png,test,wukong,1,1,0.9072347283363342,c1_resize_jpeg,resize(0.50)->jpeg(Q50),0.5,50,1
biggan_00079.png,test,biggan,1,1,0.9518977999687195,c1_resize_jpeg,resize(0.50)->jpeg(Q50),0.5,50,1
adm_00002.png,test,adm,1,1,0.9902521371841431,c1_resize_jpeg,resize(0.50)->jpeg(Q50),0.5,50,1
midjourney_00041.png,test,midjourney,1,1,0.9531217217445374,c1_resize_jpeg,resize(0.50)->jpeg(Q50),0.5,50,1
vqdm_00044.png,test,vqdm,1,0,0.04226485267281532,c1_resize_jpeg,resize(0.50)->jpeg(Q50),0.5,50,1
adm_00043.png,test,adm,1,0,0.015196389518678188,c1_resize_jpeg,resize(0.50)->jpeg(Q50),0.5,50,1
sdv5_00017.png,test,sdv5,1,1,0.9873318076133728,c1_resize_jpeg,resize(0.50)->jpeg(Q50),0.5,50,1
vqdm_00052.png,test,vqdm,1,0,0.1432807594537735,c1_resize_jpeg,resize(0.50)->jpeg(Q50),0.5,50,1
adm_00036.png,test,adm,1,1,0.9575995206832886,c1_resize_jpeg,resize(0.50)->jpeg(Q50),0.5,50,1
biggan_00083.png,test,biggan,1,1,0.8518521189689636,c1_resize_jpeg,resize(0.50)->jpeg(Q50),0.5,50,1
glide_00020.png,test,glide,1,1,0.9999788999557495,c1_resize_jpeg,resize(0.50)->jpeg(Q50),0.5,50,1
midjourney_00054.png,test,midjourney,1,0,0.06332243978977203,c1_resize_jpeg,resize(0.50)->jpeg(Q50),0.5,50,1
adm_00032.png,test,adm,1,0,0.0598028190433979,c1_resize_jpeg,resize(0.50)->jpeg(Q50),0.5,50,1
glide_00058.png,test,glide,1,1,0.5882852673530579,c1_resize_jpeg,resize(0.50)->jpeg(Q50),0.5,50,1
vqdm_00008.png,test,vqdm,1,1,0.6609861254692078,c1_resize_jpeg,resize(0.50)->jpeg(Q50),0.5,50,1
adm_00026.png,test,adm,1,1,0.9241552352905273,c1_resize_jpeg,resize(0.50)->jpeg(Q50),0.5,50,1
midjourney_00082.png,test,midjourney,1,1,0.508976399898529,c1_resize_jpeg,resize(0.50)->jpeg(Q50),0.5,50,1
wukong_00012.png,test,wukong,1,0,0.13710859417915344,c1_resize_jpeg,resize(0.50)->jpeg(Q50),0.5,50,1
glide_00048.png,test,glide,1,0,0.008904480375349522,c1_resize_jpeg,resize(0.50)->jpeg(Q50),0.5,50,1
midjourney_00033.png,test,midjourney,1,1,0.9988848567008972,c1_resize_jpeg,resize(0.50)->jpeg(Q50),0.5,50,1
vqdm_00060.png,test,vqdm,1,1,0.6340208053588867,c1_resize_jpeg,resize(0.50)->jpeg(Q50),0.5,50,1
wukong_00052.png,test,wukong,1,1,0.9999738931655884,c1_resize_jpeg,resize(0.50)->jpeg(Q50),0.5,50,1
adm_00021.png,test,adm,1,0,0.05971865355968475,c1_resize_jpeg,resize(0.50)->jpeg(Q50),0.5,50,1
wukong_00042.png,test,wukong,1,0,0.21234294772148132,c1_resize_jpeg,resize(0.50)->jpeg(Q50),0.5,50,1
vqdm_00071.png,test,vqdm,1,1,0.9217103719711304,c1_resize_jpeg,resize(0.50)->jpeg(Q50),0.5,50,1
glide_00026.png,test,glide,1,1,0.6781015992164612,c1_resize_jpeg,resize(0.50)->jpeg(Q50),0.5,50,1
biggan_00019.png,test,biggan,1,1,0.7903597354888916,c1_resize_jpeg,resize(0.50)->jpeg(Q50),0.5,50,1
glide_00051.png,test,glide,1,0,0.05226441100239754,c1_resize_jpeg,resize(0.50)->jpeg(Q50),0.5,50,1
adm_00056.png,test,adm,1,0,0.10417763143777847,c1_resize_jpeg,resize(0.50)->jpeg(Q50),0.5,50,1
glide_00012.png,test,glide,1,1,0.7885621786117554,c1_resize_jpeg,resize(0.50)->jpeg(Q50),0.5,50,1
adm_00017.png,test,adm,1,0,0.016422007232904434,c1_resize_jpeg,resize(0.50)->jpeg(Q50),0.5,50,1
wukong_00020.png,test,wukong,1,1,0.865937352180481,c1_resize_jpeg,resize(0.50)->jpeg(Q50),0.5,50,1
sdv5_00069.png,test,sdv5,1,1,0.6218774318695068,c1_resize_jpeg,resize(0.50)->jpeg(Q50),0.5,50,1
vqdm_00064.png,test,vqdm,1,0,0.009607351385056973,c1_resize_jpeg,resize(0.50)->jpeg(Q50),0.5,50,1
wukong_00050.png,test,wukong,1,1,0.5476650595664978,c1_resize_jpeg,resize(0.50)->jpeg(Q50),0.5,50,1
glide_00032.png,test,glide,1,1,0.5376650094985962,c1_resize_jpeg,resize(0.50)->jpeg(Q50),0.5,50,1
glide_00040.png,test,glide,1,1,0.878828227519989,c1_resize_jpeg,resize(0.50)->jpeg(Q50),0.5,50,1
glide_00064.png,test,glide,1,0,0.0025263892021030188,c1_resize_jpeg,resize(0.50)->jpeg(Q50),0.5,50,1
adm_00016.png,test,adm,1,1,0.8852025866508484,c1_resize_jpeg,resize(0.50)->jpeg(Q50),0.5,50,1
biggan_00066.png,test,biggan,1,1,0.905745804309845,c1_resize_jpeg,resize(0.50)->jpeg(Q50),0.5,50,1
vqdm_00013.png,test,vqdm,1,0,0.005803351756185293,c1_resize_jpeg,resize(0.50)->jpeg(Q50),0.5,50,1
sdv5_00024.png,test,sdv5,1,1,0.9049196839332581,c1_resize_jpeg,resize(0.50)->jpeg(Q50),0.5,50,1
sdv5_00030.png,test,sdv5,1,1,0.8458943963050842,c1_resize_jpeg,resize(0.50)->jpeg(Q50),0.5,50,1
wukong_00051.png,test,wukong,1,1,0.8956810235977173,c1_resize_jpeg,resize(0.50)->jpeg(Q50),0.5,50,1
sdv5_00077.png,test,sdv5,1,1,0.5961114168167114,c1_resize_jpeg,resize(0.50)->jpeg(Q50),0.5,50,1
biggan_00013.png,test,biggan,1,1,0.5579773187637329,c1_resize_jpeg,resize(0.50)->jpeg(Q50),0.5,50,1
wukong_00064.png,test,wukong,1,1,0.9997684359550476,c1_resize_jpeg,resize(0.50)->jpeg(Q50),0.5,50,1
vqdm_00025.png,test,vqdm,1,0,0.07409992069005966,c1_resize_jpeg,resize(0.50)->jpeg(Q50),0.5,50,1
glide_00002.png,test,glide,1,1,0.5818195939064026,c1_resize_jpeg,resize(0.50)->jpeg(Q50),0.5,50,1
midjourney_00079.png,test,midjourney,1,1,0.5507335066795349,c1_resize_jpeg,resize(0.50)->jpeg(Q50),0.5,50,1
wukong_00039.png,test,wukong,1,0,0.38221660256385803,c1_resize_jpeg,resize(0.50)->jpeg(Q50),0.5,50,1
vqdm_00020.png,test,vqdm,1,1,0.8265418410301208,c1_resize_jpeg,resize(0.50)->jpeg(Q50),0.5,50,1
sdv5_00032.png,test,sdv5,1,1,0.8641647696495056,c1_resize_jpeg,resize(0.50)->jpeg(Q50),0.5,50,1
sdv5_00003.png,test,sdv5,1,0,0.004427493084222078,c1_resize_jpeg,resize(0.50)->jpeg(Q50),0.5,50,1
wukong_00078.png,test,wukong,1,1,0.5457582473754883,c1_resize_jpeg,resize(0.50)->jpeg(Q50),0.5,50,1
wukong_00065.png,test,wukong,1,1,0.9602470993995667,c1_resize_jpeg,resize(0.50)->jpeg(Q50),0.5,50,1
biggan_00014.png,test,biggan,1,0,0.02587510459125042,c1_resize_jpeg,resize(0.50)->jpeg(Q50),0.5,50,1
adm_00006.png,test,adm,1,1,0.8939951658248901,c1_resize_jpeg,resize(0.50)->jpeg(Q50),0.5,50,1
wukong_00056.png,test,wukong,1,1,0.9919449687004089,c1_resize_jpeg,resize(0.50)->jpeg(Q50),0.5,50,1
biggan_00005.png,test,biggan,1,1,0.9728350639343262,c1_resize_jpeg,resize(0.50)->jpeg(Q50),0.5,50,1
wukong_00002.png,test,wukong,1,0,0.4980688691139221,c1_resize_jpeg,resize(0.50)->jpeg(Q50),0.5,50,1
wukong_00055.png,test,wukong,1,0,0.03944934904575348,c1_resize_jpeg,resize(0.50)->jpeg(Q50),0.5,50,1
sdv5_00016.png,test,sdv5,1,0,0.02846277691423893,c1_resize_jpeg,resize(0.50)->jpeg(Q50),0.5,50,1
biggan_00065.png,test,biggan,1,0,0.013339398428797722,c1_resize_jpeg,resize(0.50)->jpeg(Q50),0.5,50,1
vqdm_00019.png,test,vqdm,1,1,0.532468318939209,c1_resize_jpeg,resize(0.50)->jpeg(Q50),0.5,50,1
adm_00038.png,test,adm,1,0,0.3902508318424225,c1_resize_jpeg,resize(0.50)->jpeg(Q50),0.5,50,1
sdv5_00044.png,test,sdv5,1,0,0.18262192606925964,c1_resize_jpeg,resize(0.50)->jpeg(Q50),0.5,50,1
midjourney_00084.png,test,midjourney,1,1,0.9999290704727173,c1_resize_jpeg,resize(0.50)->jpeg(Q50),0.5,50,1
midjourney_00025.png,test,midjourney,1,0,0.10368495434522629,c1_resize_jpeg,resize(0.50)->jpeg(Q50),0.5,50,1
biggan_00061.png,test,biggan,1,0,0.0796484723687172,c1_resize_jpeg,resize(0.50)->jpeg(Q50),0.5,50,1
sdv5_00071.png,test,sdv5,1,1,0.9986086487770081,c1_resize_jpeg,resize(0.50)->jpeg(Q50),0.5,50,1
biggan_00074.png,test,biggan,1,0,0.29477253556251526,c1_resize_jpeg,resize(0.50)->jpeg(Q50),0.5,50,1
vqdm_00077.png,test,vqdm,1,0,0.4416719973087311,c1_resize_jpeg,resize(0.50)->jpeg(Q50),0.5,50,1
midjourney_00001.png,test,midjourney,1,1,0.9946510195732117,c1_resize_jpeg,resize(0.50)->jpeg(Q50),0.5,50,1
biggan_00069.png,test,biggan,1,0,0.005106876138597727,c1_resize_jpeg,resize(0.50)->jpeg(Q50),0.5,50,1
glide_00005.png,test,glide,1,1,0.9965223073959351,c1_resize_jpeg,resize(0.50)->jpeg(Q50),0.5,50,1
sdv5_00015.png,test,sdv5,1,0,0.2806938886642456,c1_resize_jpeg,resize(0.50)->jpeg(Q50),0.5,50,1
vqdm_00012.png,test,vqdm,1,1,0.5119146108627319,c1_resize_jpeg,resize(0.50)->jpeg(Q50),0.5,50,1
wukong_00077.png,test,wukong,1,0,0.22816480696201324,c1_resize_jpeg,resize(0.50)->jpeg(Q50),0.5,50,1
midjourney_00023.png,test,midjourney,1,0,0.032839588820934296,c1_resize_jpeg,resize(0.50)->jpeg(Q50),0.5,50,1
sdv5_00045.png,test,sdv5,1,0,0.1396702229976654,c1_resize_jpeg,resize(0.50)->jpeg(Q50),0.5,50,1
adm_00033.png,test,adm,1,0,0.38640785217285156,c1_resize_jpeg,resize(0.50)->jpeg(Q50),0.5,50,1
wukong_00083.png,test,wukong,1,0,0.2903763949871063,c1_resize_jpeg,resize(0.50)->jpeg(Q50),0.5,50,1
biggan_00034.png,test,biggan,1,0,0.007115133572369814,c1_resize_jpeg,resize(0.50)->jpeg(Q50),0.5,50,1
biggan_00070.png,test,biggan,1,0,0.05471786484122276,c1_resize_jpeg,resize(0.50)->jpeg(Q50),0.5,50,1
biggan_00076.png,test,biggan,1,0,0.25894695520401,c1_resize_jpeg,resize(0.50)->jpeg(Q50),0.5,50,1
midjourney_00067.png,test,midjourney,1,1,0.6397579908370972,c1_resize_jpeg,resize(0.50)->jpeg(Q50),0.5,50,1
biggan_00062.png,test,biggan,1,1,0.9379248023033142,c1_resize_jpeg,resize(0.50)->jpeg(Q50),0.5,50,1
midjourney_00027.png,test,midjourney,1,1,0.963524580001831,c1_resize_jpeg,resize(0.50)->jpeg(Q50),0.5,50,1
biggan_00077.png,test,biggan,1,0,0.02781878411769867,c1_resize_jpeg,resize(0.50)->jpeg(Q50),0.5,50,1
wukong_00053.png,test,wukong,1,1,0.9999947547912598,c1_resize_jpeg,resize(0.50)->jpeg(Q50),0.5,50,1
sdv5_00080.png,test,sdv5,1,1,1.0,c1_resize_jpeg,resize(0.50)->jpeg(Q50),0.5,50,1
glide_00035.png,test,glide,1,0,1.26854376958363e-06,c1_resize_jpeg,resize(0.50)->jpeg(Q50),0.5,50,1
adm_00022.png,test,adm,1,1,0.953917920589447,c1_resize_jpeg,resize(0.50)->jpeg(Q50),0.5,50,1
vqdm_00070.png,test,vqdm,1,0,0.0014806675026193261,c1_resize_jpeg,resize(0.50)->jpeg(Q50),0.5,50,1
wukong_00019.png,test,wukong,1,0,0.1607564389705658,c1_resize_jpeg,resize(0.50)->jpeg(Q50),0.5,50,1
glide_00036.png,test,glide,1,0,0.0034699731040745974,c1_resize_jpeg,resize(0.50)->jpeg(Q50),0.5,50,1
adm_00054.png,test,adm,1,1,0.9930446743965149,c1_resize_jpeg,resize(0.50)->jpeg(Q50),0.5,50,1
glide_00060.png,test,glide,1,0,0.08184166997671127,c1_resize_jpeg,resize(0.50)->jpeg(Q50),0.5,50,1
adm_00061.png,test,adm,1,0,0.0003436806728132069,c1_resize_jpeg,resize(0.50)->jpeg(Q50),0.5,50,1
vqdm_00028.png,test,vqdm,1,0,0.19757398962974548,c1_resize_jpeg,resize(0.50)->jpeg(Q50),0.5,50,1
vqdm_00026.png,test,vqdm,1,0,0.15182903409004211,c1_resize_jpeg,resize(0.50)->jpeg(Q50),0.5,50,1
vqdm_00054.png,test,vqdm,1,0,0.004350443836301565,c1_resize_jpeg,resize(0.50)->jpeg(Q50),0.5,50,1
biggan_00021.png,test,biggan,1,0,0.34060415625572205,c1_resize_jpeg,resize(0.50)->jpeg(Q50),0.5,50,1
vqdm_00005.png,test,vqdm,1,1,0.8189927935600281,c1_resize_jpeg,resize(0.50)->jpeg(Q50),0.5,50,1
glide_00055.png,test,glide,1,0,0.10138137638568878,c1_resize_jpeg,resize(0.50)->jpeg(Q50),0.5,50,1
biggan_00075.png,test,biggan,1,0,0.04960973560810089,c1_resize_jpeg,resize(0.50)->jpeg(Q50),0.5,50,1
wukong_00046.png,test,wukong,1,1,1.0,c1_resize_jpeg,resize(0.50)->jpeg(Q50),0.5,50,1
wukong_00084.png,test,wukong,1,1,0.6262385845184326,c1_resize_jpeg,resize(0.50)->jpeg(Q50),0.5,50,1
wukong_00025.png,test,wukong,1,1,0.9169571995735168,c1_resize_jpeg,resize(0.50)->jpeg(Q50),0.5,50,1
vqdm_00009.png,test,vqdm,1,1,0.9578031897544861,c1_resize_jpeg,resize(0.50)->jpeg(Q50),0.5,50,1
glide_00019.png,test,glide,1,1,0.8421945571899414,c1_resize_jpeg,resize(0.50)->jpeg(Q50),0.5,50,1
biggan_00040.png,test,biggan,1,1,0.7587164640426636,c1_resize_jpeg,resize(0.50)->jpeg(Q50),0.5,50,1
vqdm_00007.png,test,vqdm,1,0,0.010369135066866875,c1_resize_jpeg,resize(0.50)->jpeg(Q50),0.5,50,1
vqdm_00076.png,test,vqdm,1,0,0.3392336368560791,c1_resize_jpeg,resize(0.50)->jpeg(Q50),0.5,50,1
glide_00066.png,test,glide,1,0,0.0003003473684657365,c1_resize_jpeg,resize(0.50)->jpeg(Q50),0.5,50,1
biggan_00073.png,test,biggan,1,0,0.2008095532655716,c1_resize_jpeg,resize(0.50)->jpeg(Q50),0.5,50,1
glide_00072.png,test,glide,1,1,0.8823210000991821,c1_resize_jpeg,resize(0.50)->jpeg(Q50),0.5,50,1
midjourney_00038.png,test,midjourney,1,0,0.467181533575058,c1_resize_jpeg,resize(0.50)->jpeg(Q50),0.5,50,1
vqdm_00016.png,test,vqdm,1,0,0.0010389724047854543,c1_resize_jpeg,resize(0.50)->jpeg(Q50),0.5,50,1
glide_00006.png,test,glide,1,1,0.7739710807800293,c1_resize_jpeg,resize(0.50)->jpeg(Q50),0.5,50,1
glide_00065.png,test,glide,1,0,0.41090139746665955,c1_resize_jpeg,resize(0.50)->jpeg(Q50),0.5,50,1
adm_00055.png,test,adm,1,0,0.16556379199028015,c1_resize_jpeg,resize(0.50)->jpeg(Q50),0.5,50,1
midjourney_00073.png,test,midjourney,1,0,0.44961294531822205,c1_resize_jpeg,resize(0.50)->jpeg(Q50),0.5,50,1
midjourney_00020.png,test,midjourney,1,1,0.9181680083274841,c1_resize_jpeg,resize(0.50)->jpeg(Q50),0.5,50,1
sdv5_00012.png,test,sdv5,1,1,0.9919524788856506,c1_resize_jpeg,resize(0.50)->jpeg(Q50),0.5,50,1
wukong_00028.png,test,wukong,1,0,0.24704121053218842,c1_resize_jpeg,resize(0.50)->jpeg(Q50),0.5,50,1
midjourney_00056.png,test,midjourney,1,1,0.7980788946151733,c1_resize_jpeg,resize(0.50)->jpeg(Q50),0.5,50,1
vqdm_00067.png,test,vqdm,1,0,0.00646822527050972,c1_resize_jpeg,resize(0.50)->jpeg(Q50),0.5,50,1
adm_00037.png,test,adm,1,1,0.9744476675987244,c1_resize_jpeg,resize(0.50)->jpeg(Q50),0.5,50,1
adm_00064.png,test,adm,1,0,0.2835440933704376,c1_resize_jpeg,resize(0.50)->jpeg(Q50),0.5,50,1
vqdm_00084.png,test,vqdm,1,1,0.6620830297470093,c1_resize_jpeg,resize(0.50)->jpeg(Q50),0.5,50,1
sdv5_00052.png,test,sdv5,1,1,0.9327876567840576,c1_resize_jpeg,resize(0.50)->jpeg(Q50),0.5,50,1
biggan_00035.png,test,biggan,1,1,0.9283886551856995,c1_resize_jpeg,resize(0.50)->jpeg(Q50),0.5,50,1
vqdm_00043.png,test,vqdm,1,0,0.022448021918535233,c1_resize_jpeg,resize(0.50)->jpeg(Q50),0.5,50,1
adm_00028.png,test,adm,1,1,0.6582421660423279,c1_resize_jpeg,resize(0.50)->jpeg(Q50),0.5,50,1
glide_00027.png,test,glide,1,0,0.42270511388778687,c1_resize_jpeg,resize(0.50)->jpeg(Q50),0.5,50,1
sdv5_00042.png,test,sdv5,1,1,0.9991220831871033,c1_resize_jpeg,resize(0.50)->jpeg(Q50),0.5,50,1
glide_00084.png,test,glide,1,1,0.6211392879486084,c1_resize_jpeg,resize(0.50)->jpeg(Q50),0.5,50,1
sdv5_00025.png,test,sdv5,1,0,0.4103071689605713,c1_resize_jpeg,resize(0.50)->jpeg(Q50),0.5,50,1
adm_00009.png,test,adm,1,0,0.022708510980010033,c1_resize_jpeg,resize(0.50)->jpeg(Q50),0.5,50,1
sdv5_00031.png,test,sdv5,1,1,0.9696195125579834,c1_resize_jpeg,resize(0.50)->jpeg(Q50),0.5,50,1
wukong_00000.png,test,wukong,1,1,0.696152925491333,c1_resize_jpeg,resize(0.50)->jpeg(Q50),0.5,50,1
wukong_00069.png,test,wukong,1,0,0.38972753286361694,c1_resize_jpeg,resize(0.50)->jpeg(Q50),0.5,50,1
biggan_00015.png,test,biggan,1,0,0.0036738389171659946,c1_resize_jpeg,resize(0.50)->jpeg(Q50),0.5,50,1
glide_00062.png,test,glide,1,1,0.9858006834983826,c1_resize_jpeg,resize(0.50)->jpeg(Q50),0.5,50,1
adm_00076.png,test,adm,1,0,0.1888229250907898,c1_resize_jpeg,resize(0.50)->jpeg(Q50),0.5,50,1
vqdm_00015.png,test,vqdm,1,0,0.08933226764202118,c1_resize_jpeg,resize(0.50)->jpeg(Q50),0.5,50,1
sdv5_00079.png,test,sdv5,1,1,0.987942636013031,c1_resize_jpeg,resize(0.50)->jpeg(Q50),0.5,50,1
glide_00083.png,test,glide,1,1,0.9963120818138123,c1_resize_jpeg,resize(0.50)->jpeg(Q50),0.5,50,1
biggan_00039.png,test,biggan,1,1,0.9941346049308777,c1_resize_jpeg,resize(0.50)->jpeg(Q50),0.5,50,1
adm_00080.png,test,adm,1,1,0.9999744892120361,c1_resize_jpeg,resize(0.50)->jpeg(Q50),0.5,50,1
midjourney_00064.png,test,midjourney,1,1,0.999229907989502,c1_resize_jpeg,resize(0.50)->jpeg(Q50),0.5,50,1
sdv5_00070.png,test,sdv5,1,1,0.7799719572067261,c1_resize_jpeg,resize(0.50)->jpeg(Q50),0.5,50,1
glide_00073.png,test,glide,1,0,0.2674376964569092,c1_resize_jpeg,resize(0.50)->jpeg(Q50),0.5,50,1
vqdm_00018.png,test,vqdm,1,1,0.9716363549232483,c1_resize_jpeg,resize(0.50)->jpeg(Q50),0.5,50,1
adm_00053.png,test,adm,1,1,0.6625297665596008,c1_resize_jpeg,resize(0.50)->jpeg(Q50),0.5,50,1
biggan_00084.png,test,biggan,1,0,0.3075575828552246,c1_resize_jpeg,resize(0.50)->jpeg(Q50),0.5,50,1
adm_00018.png,test,adm,1,0,0.023901496082544327,c1_resize_jpeg,resize(0.50)->jpeg(Q50),0.5,50,1
sdv5_00018.png,test,sdv5,1,1,0.7898337841033936,c1_resize_jpeg,resize(0.50)->jpeg(Q50),0.5,50,1
biggan_00020.png,test,biggan,1,0,0.03902807459235191,c1_resize_jpeg,resize(0.50)->jpeg(Q50),0.5,50,1
vqdm_00066.png,test,vqdm,1,0,0.195328488945961,c1_resize_jpeg,resize(0.50)->jpeg(Q50),0.5,50,1
adm_00048.png,test,adm,1,0,0.24161657691001892,c1_resize_jpeg,resize(0.50)->jpeg(Q50),0.5,50,1
glide_00077.png,test,glide,1,0,0.03876407444477081,c1_resize_jpeg,resize(0.50)->jpeg(Q50),0.5,50,1
glide_00000.png,test,glide,1,0,0.018848979845643044,c1_resize_jpeg,resize(0.50)->jpeg(Q50),0.5,50,1
vqdm_00033.png,test,vqdm,1,0,8.801671356195584e-06,c1_resize_jpeg,resize(0.50)->jpeg(Q50),0.5,50,1
glide_00081.png,test,glide,1,1,0.7089418768882751,c1_resize_jpeg,resize(0.50)->jpeg(Q50),0.5,50,1
adm_00075.png,test,adm,1,1,0.8566651344299316,c1_resize_jpeg,resize(0.50)->jpeg(Q50),0.5,50,1
midjourney_00012.png,test,midjourney,1,1,0.9993497729301453,c1_resize_jpeg,resize(0.50)->jpeg(Q50),0.5,50,1
glide_00028.png,test,glide,1,0,0.027902280911803246,c1_resize_jpeg,resize(0.50)->jpeg(Q50),0.5,50,1
vqdm_00057.png,test,vqdm,1,1,0.9999998807907104,c1_resize_jpeg,resize(0.50)->jpeg(Q50),0.5,50,1
sdv5_00068.png,test,sdv5,1,1,0.6774867177009583,c1_resize_jpeg,resize(0.50)->jpeg(Q50),0.5,50,1
vqdm_00036.png,test,vqdm,1,0,0.0009691100567579269,c1_resize_jpeg,resize(0.50)->jpeg(Q50),0.5,50,1
adm_00001.png,test,adm,1,1,0.9390918612480164,c1_resize_jpeg,resize(0.50)->jpeg(Q50),0.5,50,1
biggan_00054.png,test,biggan,1,1,0.5596483945846558,c1_resize_jpeg,resize(0.50)->jpeg(Q50),0.5,50,1
vqdm_00058.png,test,vqdm,1,1,0.964250922203064,c1_resize_jpeg,resize(0.50)->jpeg(Q50),0.5,50,1
sdv5_00035.png,test,sdv5,1,1,0.9445518255233765,c1_resize_jpeg,resize(0.50)->jpeg(Q50),0.5,50,1
glide_00018.png,test,glide,1,0,0.0013758281711488962,c1_resize_jpeg,resize(0.50)->jpeg(Q50),0.5,50,1
adm_00008.png,test,adm,1,0,0.4512469172477722,c1_resize_jpeg,resize(0.50)->jpeg(Q50),0.5,50,1
biggan_00067.png,test,biggan,1,1,0.6851866245269775,c1_resize_jpeg,resize(0.50)->jpeg(Q50),0.5,50,1
glide_00004.png,test,glide,1,0,0.21214793622493744,c1_resize_jpeg,resize(0.50)->jpeg(Q50),0.5,50,1
midjourney_00083.png,test,midjourney,1,1,0.9416276812553406,c1_resize_jpeg,resize(0.50)->jpeg(Q50),0.5,50,1
wukong_00026.png,test,wukong,1,1,0.9995278120040894,c1_resize_jpeg,resize(0.50)->jpeg(Q50),0.5,50,1
sdv5_00028.png,test,sdv5,1,0,0.46486857533454895,c1_resize_jpeg,resize(0.50)->jpeg(Q50),0.5,50,1
midjourney_00042.png,test,midjourney,1,1,0.9989351630210876,c1_resize_jpeg,resize(0.50)->jpeg(Q50),0.5,50,1
adm_00060.png,test,adm,1,0,0.06886903941631317,c1_resize_jpeg,resize(0.50)->jpeg(Q50),0.5,50,1
glide_00003.png,test,glide,1,0,0.03420165926218033,c1_resize_jpeg,resize(0.50)->jpeg(Q50),0.5,50,1
glide_00025.png,test,glide,1,0,0.16314341127872467,c1_resize_jpeg,resize(0.50)->jpeg(Q50),0.5,50,1
biggan_00026.png,test,biggan,1,1,0.8782414197921753,c1_resize_jpeg,resize(0.50)->jpeg(Q50),0.5,50,1
adm_00077.png,test,adm,1,1,0.8731529116630554,c1_resize_jpeg,resize(0.50)->jpeg(Q50),0.5,50,1
adm_00047.png,test,adm,1,0,0.2320786565542221,c1_resize_jpeg,resize(0.50)->jpeg(Q50),0.5,50,1
sdv5_00033.png,test,sdv5,1,1,0.995274007320404,c1_resize_jpeg,resize(0.50)->jpeg(Q50),0.5,50,1
midjourney_00032.png,test,midjourney,1,1,0.986024796962738,c1_resize_jpeg,resize(0.50)->jpeg(Q50),0.5,50,1
biggan_00064.png,test,biggan,1,0,0.00857381708920002,c1_resize_jpeg,resize(0.50)->jpeg(Q50),0.5,50,1
vqdm_00074.png,test,vqdm,1,1,0.9994213581085205,c1_resize_jpeg,resize(0.50)->jpeg(Q50),0.5,50,1
biggan_00038.png,test,biggan,1,1,0.9766910672187805,c1_resize_jpeg,resize(0.50)->jpeg(Q50),0.5,50,1
adm_00082.png,test,adm,1,1,0.9198399186134338,c1_resize_jpeg,resize(0.50)->jpeg(Q50),0.5,50,1
wukong_00007.png,test,wukong,1,0,0.12601515650749207,c1_resize_jpeg,resize(0.50)->jpeg(Q50),0.5,50,1
wukong_00060.png,test,wukong,1,1,0.9987321496009827,c1_resize_jpeg,resize(0.50)->jpeg(Q50),0.5,50,1
sdv5_00041.png,test,sdv5,1,1,0.5678467750549316,c1_resize_jpeg,resize(0.50)->jpeg(Q50),0.5,50,1
vqdm_00038.png,test,vqdm,1,1,0.9994338154792786,c1_resize_jpeg,resize(0.50)->jpeg(Q50),0.5,50,1
wukong_00001.png,test,wukong,1,1,0.9982621073722839,c1_resize_jpeg,resize(0.50)->jpeg(Q50),0.5,50,1
midjourney_00015.png,test,midjourney,1,1,0.9996763467788696,c1_resize_jpeg,resize(0.50)->jpeg(Q50),0.5,50,1
biggan_00047.png,test,biggan,1,1,0.7917180061340332,c1_resize_jpeg,resize(0.50)->jpeg(Q50),0.5,50,1
glide_00030.png,test,glide,1,0,0.0017071416368708014,c1_resize_jpeg,resize(0.50)->jpeg(Q50),0.5,50,1
vqdm_00047.png,test,vqdm,1,0,0.1669965386390686,c1_resize_jpeg,resize(0.50)->jpeg(Q50),0.5,50,1
sdv5_00084.png,test,sdv5,1,1,0.9982436895370483,c1_resize_jpeg,resize(0.50)->jpeg(Q50),0.5,50,1
vqdm_00083.png,test,vqdm,1,0,0.18856923282146454,c1_resize_jpeg,resize(0.50)->jpeg(Q50),0.5,50,1
biggan_00068.png,test,biggan,1,0,0.013673024252057076,c1_resize_jpeg,resize(0.50)->jpeg(Q50),0.5,50,1
sdv5_00058.png,test,sdv5,1,1,0.9898039102554321,c1_resize_jpeg,resize(0.50)->jpeg(Q50),0.5,50,1
sdv5_00006.png,test,sdv5,1,1,0.9980112314224243,c1_resize_jpeg,resize(0.50)->jpeg(Q50),0.5,50,1
biggan_00044.png,test,biggan,1,0,0.03415760025382042,c1_resize_jpeg,resize(0.50)->jpeg(Q50),0.5,50,1
midjourney_00003.png,test,midjourney,1,1,0.997144877910614,c1_resize_jpeg,resize(0.50)->jpeg(Q50),0.5,50,1
sdv5_00027.png,test,sdv5,1,1,0.9507209062576294,c1_resize_jpeg,resize(0.50)->jpeg(Q50),0.5,50,1
biggan_00072.png,test,biggan,1,1,0.7029425501823425,c1_resize_jpeg,resize(0.50)->jpeg(Q50),0.5,50,1
vqdm_00030.png,test,vqdm,1,0,0.014085164293646812,c1_resize_jpeg,resize(0.50)->jpeg(Q50),0.5,50,1
vqdm_00085.png,test,vqdm,1,0,0.21670816838741302,c1_resize_jpeg,resize(0.50)->jpeg(Q50),0.5,50,1
wukong_00071.png,test,wukong,1,0,0.48908454179763794,c1_resize_jpeg,resize(0.50)->jpeg(Q50),0.5,50,1
adm_00062.png,test,adm,1,1,0.5048531293869019,c1_resize_jpeg,resize(0.50)->jpeg(Q50),0.5,50,1
adm_00000.png,test,adm,1,1,0.5599179863929749,c1_resize_jpeg,resize(0.50)->jpeg(Q50),0.5,50,1
wukong_00044.png,test,wukong,1,1,0.9888802766799927,c1_resize_jpeg,resize(0.50)->jpeg(Q50),0.5,50,1
glide_00075.png,test,glide,1,0,0.018370777368545532,c1_resize_jpeg,resize(0.50)->jpeg(Q50),0.5,50,1
vqdm_00040.png,test,vqdm,1,0,0.1749807447195053,c1_resize_jpeg,resize(0.50)->jpeg(Q50),0.5,50,1
wukong_00082.png,test,wukong,1,1,1.0,c1_resize_jpeg,resize(0.50)->jpeg(Q50),0.5,50,1
midjourney_00019.png,test,midjourney,1,1,0.9970253109931946,c1_resize_jpeg,resize(0.50)->jpeg(Q50),0.5,50,1
adm_00065.png,test,adm,1,0,0.2611101269721985,c1_resize_jpeg,resize(0.50)->jpeg(Q50),0.5,50,1
midjourney_00022.png,test,midjourney,1,1,0.7031872868537903,c1_resize_jpeg,resize(0.50)->jpeg(Q50),0.5,50,1
midjourney_00052.png,test,midjourney,1,0,0.001583504257723689,c1_resize_jpeg,resize(0.50)->jpeg(Q50),0.5,50,1
adm_00046.png,test,adm,1,1,0.9604947566986084,c1_resize_jpeg,resize(0.50)->jpeg(Q50),0.5,50,1
wukong_00048.png,test,wukong,1,1,0.8119996786117554,c1_resize_jpeg,resize(0.50)->jpeg(Q50),0.5,50,1
vqdm_00045.png,test,vqdm,1,1,0.8546149134635925,c1_resize_jpeg,resize(0.50)->jpeg(Q50),0.5,50,1
biggan_00036.png,test,biggan,1,0,8.684391104907263e-06,c1_resize_jpeg,resize(0.50)->jpeg(Q50),0.5,50,1
sdv5_00038.png,test,sdv5,1,1,0.8003227114677429,c1_resize_jpeg,resize(0.50)->jpeg(Q50),0.5,50,1
vqdm_00050.png,test,vqdm,1,0,0.009748708456754684,c1_resize_jpeg,resize(0.50)->jpeg(Q50),0.5,50,1
biggan_00041.png,test,biggan,1,0,0.4590403437614441,c1_resize_jpeg,resize(0.50)->jpeg(Q50),0.5,50,1
vqdm_00051.png,test,vqdm,1,0,0.047254204750061035,c1_resize_jpeg,resize(0.50)->jpeg(Q50),0.5,50,1
glide_00054.png,test,glide,1,0,0.08888476341962814,c1_resize_jpeg,resize(0.50)->jpeg(Q50),0.5,50,1
sdv5_00062.png,test,sdv5,1,1,0.5682939291000366,c1_resize_jpeg,resize(0.50)->jpeg(Q50),0.5,50,1
sdv5_00060.png,test,sdv5,1,1,0.9838737845420837,c1_resize_jpeg,resize(0.50)->jpeg(Q50),0.5,50,1
glide_00079.png,test,glide,1,0,0.379336416721344,c1_resize_jpeg,resize(0.50)->jpeg(Q50),0.5,50,1
midjourney_00004.png,test,midjourney,1,1,0.7349473237991333,c1_resize_jpeg,resize(0.50)->jpeg(Q50),0.5,50,1
wukong_00040.png,test,wukong,1,1,0.5152065753936768,c1_resize_jpeg,resize(0.50)->jpeg(Q50),0.5,50,1
biggan_00060.png,test,biggan,1,1,0.6932840347290039,c1_resize_jpeg,resize(0.50)->jpeg(Q50),0.5,50,1
wukong_00049.png,test,wukong,1,1,0.7384828329086304,c1_resize_jpeg,resize(0.50)->jpeg(Q50),0.5,50,1
wukong_00035.png,test,wukong,1,1,0.9657865166664124,c1_resize_jpeg,resize(0.50)->jpeg(Q50),0.5,50,1
adm_00010.png,test,adm,1,1,0.8949432373046875,c1_resize_jpeg,resize(0.50)->jpeg(Q50),0.5,50,1
sdv5_00064.png,test,sdv5,1,0,0.3353210687637329,c1_resize_jpeg,resize(0.50)->jpeg(Q50),0.5,50,1
adm_00059.png,test,adm,1,1,0.980330765247345,c1_resize_jpeg,resize(0.50)->jpeg(Q50),0.5,50,1
midjourney_00048.png,test,midjourney,1,0,0.11347547173500061,c1_resize_jpeg,resize(0.50)->jpeg(Q50),0.5,50,1
midjourney_00016.png,test,midjourney,1,1,0.7722638249397278,c1_resize_jpeg,resize(0.50)->jpeg(Q50),0.5,50,1
biggan_00007.png,test,biggan,1,0,0.19082042574882507,c1_resize_jpeg,resize(0.50)->jpeg(Q50),0.5,50,1
glide_00067.png,test,glide,1,0,0.34858566522598267,c1_resize_jpeg,resize(0.50)->jpeg(Q50),0.5,50,1
glide_00046.png,test,glide,1,1,0.7725334167480469,c1_resize_jpeg,resize(0.50)->jpeg(Q50),0.5,50,1
vqdm_00053.png,test,vqdm,1,0,0.060382578521966934,c1_resize_jpeg,resize(0.50)->jpeg(Q50),0.5,50,1
adm_00071.png,test,adm,1,1,0.9967705011367798,c1_resize_jpeg,resize(0.50)->jpeg(Q50),0.5,50,1
glide_00022.png,test,glide,1,1,0.7593916058540344,c1_resize_jpeg,resize(0.50)->jpeg(Q50),0.5,50,1
sdv5_00082.png,test,sdv5,1,1,0.9722817540168762,c1_resize_jpeg,resize(0.50)->jpeg(Q50),0.5,50,1
vqdm_00003.png,test,vqdm,1,0,0.3269909918308258,c1_resize_jpeg,resize(0.50)->jpeg(Q50),0.5,50,1
midjourney_00035.png,test,midjourney,1,1,0.5293101072311401,c1_resize_jpeg,resize(0.50)->jpeg(Q50),0.5,50,1
glide_00031.png,test,glide,1,1,0.9998206496238708,c1_resize_jpeg,resize(0.50)->jpeg(Q50),0.5,50,1
vqdm_00063.png,test,vqdm,1,0,0.3359769880771637,c1_resize_jpeg,resize(0.50)->jpeg(Q50),0.5,50,1
wukong_00016.png,test,wukong,1,0,0.08679550141096115,c1_resize_jpeg,resize(0.50)->jpeg(Q50),0.5,50,1
wukong_00054.png,test,wukong,1,1,0.9463150501251221,c1_resize_jpeg,resize(0.50)->jpeg(Q50),0.5,50,1
biggan_00002.png,test,biggan,1,1,0.8543071746826172,c1_resize_jpeg,resize(0.50)->jpeg(Q50),0.5,50,1
adm_00049.png,test,adm,1,1,0.951655387878418,c1_resize_jpeg,resize(0.50)->jpeg(Q50),0.5,50,1
sdv5_00002.png,test,sdv5,1,1,0.977222740650177,c1_resize_jpeg,resize(0.50)->jpeg(Q50),0.5,50,1
biggan_00025.png,test,biggan,1,0,0.12732316553592682,c1_resize_jpeg,resize(0.50)->jpeg(Q50),0.5,50,1
biggan_00071.png,test,biggan,1,0,0.2656029760837555,c1_resize_jpeg,resize(0.50)->jpeg(Q50),0.5,50,1
biggan_00051.png,test,biggan,1,0,0.2034049928188324,c1_resize_jpeg,resize(0.50)->jpeg(Q50),0.5,50,1
wukong_00081.png,test,wukong,1,1,0.7230849862098694,c1_resize_jpeg,resize(0.50)->jpeg(Q50),0.5,50,1
sdv5_00022.png,test,sdv5,1,0,0.17703880369663239,c1_resize_jpeg,resize(0.50)->jpeg(Q50),0.5,50,1
real_00486.jpeg,test,real,0,0,0.0011357285548001528,c2_jpeg_resize,jpeg(Q50)->resize(0.50),0.5,50,1
real_00382.jpeg,test,real,0,0,0.00016569100262131542,c2_jpeg_resize,jpeg(Q50)->resize(0.50),0.5,50,1
real_00117.jpeg,test,real,0,0,0.35516461730003357,c2_jpeg_resize,jpeg(Q50)->resize(0.50),0.5,50,1
real_00354.jpeg,test,real,0,1,0.5970755219459534,c2_jpeg_resize,jpeg(Q50)->resize(0.50),0.5,50,1
real_00076.jpeg,test,real,0,0,0.05517652630805969,c2_jpeg_resize,jpeg(Q50)->resize(0.50),0.5,50,1
real_00395.jpeg,test,real,0,0,0.004912827163934708,c2_jpeg_resize,jpeg(Q50)->resize(0.50),0.5,50,1
real_00348.jpeg,test,real,0,1,0.8058822154998779,c2_jpeg_resize,jpeg(Q50)->resize(0.50),0.5,50,1
real_00307.jpeg,test,real,0,0,0.004917939193546772,c2_jpeg_resize,jpeg(Q50)->resize(0.50),0.5,50,1
real_00438.jpeg,test,real,0,0,4.1223131120204926e-05,c2_jpeg_resize,jpeg(Q50)->resize(0.50),0.5,50,1
real_00393.jpeg,test,real,0,0,0.011342988349497318,c2_jpeg_resize,jpeg(Q50)->resize(0.50),0.5,50,1
real_00566.jpeg,test,real,0,0,0.09849639236927032,c2_jpeg_resize,jpeg(Q50)->resize(0.50),0.5,50,1
real_00055.jpeg,test,real,0,1,0.8985499739646912,c2_jpeg_resize,jpeg(Q50)->resize(0.50),0.5,50,1
real_00416.jpeg,test,real,0,1,0.9533475637435913,c2_jpeg_resize,jpeg(Q50)->resize(0.50),0.5,50,1
real_00304.jpeg,test,real,0,0,0.00012607300595846027,c2_jpeg_resize,jpeg(Q50)->resize(0.50),0.5,50,1
real_00135.jpeg,test,real,0,1,0.6765904426574707,c2_jpeg_resize,jpeg(Q50)->resize(0.50),0.5,50,1
real_00387.jpeg,test,real,0,0,0.0003473115502856672,c2_jpeg_resize,jpeg(Q50)->resize(0.50),0.5,50,1
real_00040.jpeg,test,real,0,0,0.03104396164417267,c2_jpeg_resize,jpeg(Q50)->resize(0.50),0.5,50,1
real_00563.jpeg,test,real,0,1,0.9084015488624573,c2_jpeg_resize,jpeg(Q50)->resize(0.50),0.5,50,1
real_00457.jpeg,test,real,0,1,0.8999065160751343,c2_jpeg_resize,jpeg(Q50)->resize(0.50),0.5,50,1
real_00561.jpeg,test,real,0,0,0.026389367878437042,c2_jpeg_resize,jpeg(Q50)->resize(0.50),0.5,50,1
real_00288.jpeg,test,real,0,1,0.9981281161308289,c2_jpeg_resize,jpeg(Q50)->resize(0.50),0.5,50,1
real_00271.jpeg,test,real,0,0,0.3911152780056,c2_jpeg_resize,jpeg(Q50)->resize(0.50),0.5,50,1
real_00185.jpeg,test,real,0,0,0.10255670547485352,c2_jpeg_resize,jpeg(Q50)->resize(0.50),0.5,50,1
real_00216.jpeg,test,real,0,0,0.003718361724168062,c2_jpeg_resize,jpeg(Q50)->resize(0.50),0.5,50,1
real_00180.jpeg,test,real,0,1,0.7816935777664185,c2_jpeg_resize,jpeg(Q50)->resize(0.50),0.5,50,1
real_00189.jpeg,test,real,0,0,0.19556309282779694,c2_jpeg_resize,jpeg(Q50)->resize(0.50),0.5,50,1
real_00396.jpeg,test,real,0,1,0.7381762266159058,c2_jpeg_resize,jpeg(Q50)->resize(0.50),0.5,50,1
real_00131.jpeg,test,real,0,1,0.8405312895774841,c2_jpeg_resize,jpeg(Q50)->resize(0.50),0.5,50,1
real_00557.jpeg,test,real,0,0,0.0684887245297432,c2_jpeg_resize,jpeg(Q50)->resize(0.50),0.5,50,1
real_00266.jpeg,test,real,0,0,1.9887116650352255e-05,c2_jpeg_resize,jpeg(Q50)->resize(0.50),0.5,50,1
real_00207.jpeg,test,real,0,0,0.0009923181496560574,c2_jpeg_resize,jpeg(Q50)->resize(0.50),0.5,50,1
real_00141.jpeg,test,real,0,1,0.991068959236145,c2_jpeg_resize,jpeg(Q50)->resize(0.50),0.5,50,1
real_00407.jpeg,test,real,0,1,0.999998927116394,c2_jpeg_resize,jpeg(Q50)->resize(0.50),0.5,50,1
real_00026.jpeg,test,real,0,1,0.9320861101150513,c2_jpeg_resize,jpeg(Q50)->resize(0.50),0.5,50,1
real_00046.jpeg,test,real,0,0,0.07011036574840546,c2_jpeg_resize,jpeg(Q50)->resize(0.50),0.5,50,1
real_00585.jpeg,test,real,0,0,0.04776746779680252,c2_jpeg_resize,jpeg(Q50)->resize(0.50),0.5,50,1
real_00206.jpeg,test,real,0,1,0.9982714653015137,c2_jpeg_resize,jpeg(Q50)->resize(0.50),0.5,50,1
real_00297.jpeg,test,real,0,0,0.1716611683368683,c2_jpeg_resize,jpeg(Q50)->resize(0.50),0.5,50,1
real_00401.jpeg,test,real,0,0,0.044203706085681915,c2_jpeg_resize,jpeg(Q50)->resize(0.50),0.5,50,1
real_00339.jpeg,test,real,0,0,0.007081271149218082,c2_jpeg_resize,jpeg(Q50)->resize(0.50),0.5,50,1
real_00403.jpeg,test,real,0,1,0.9479199647903442,c2_jpeg_resize,jpeg(Q50)->resize(0.50),0.5,50,1
real_00344.jpeg,test,real,0,0,0.0013142809038981795,c2_jpeg_resize,jpeg(Q50)->resize(0.50),0.5,50,1
real_00560.jpeg,test,real,0,1,0.7378939390182495,c2_jpeg_resize,jpeg(Q50)->resize(0.50),0.5,50,1
real_00553.jpeg,test,real,0,1,0.9346750974655151,c2_jpeg_resize,jpeg(Q50)->resize(0.50),0.5,50,1
real_00598.jpeg,test,real,0,1,0.9376250505447388,c2_jpeg_resize,jpeg(Q50)->resize(0.50),0.5,50,1
real_00497.jpeg,test,real,0,1,0.9058462381362915,c2_jpeg_resize,jpeg(Q50)->resize(0.50),0.5,50,1
real_00253.jpeg,test,real,0,0,2.557167590566678e-06,c2_jpeg_resize,jpeg(Q50)->resize(0.50),0.5,50,1
real_00577.jpeg,test,real,0,0,9.58490782068111e-05,c2_jpeg_resize,jpeg(Q50)->resize(0.50),0.5,50,1
real_00394.jpeg,test,real,0,0,0.43608295917510986,c2_jpeg_resize,jpeg(Q50)->resize(0.50),0.5,50,1
real_00445.jpeg,test,real,0,1,0.8523122668266296,c2_jpeg_resize,jpeg(Q50)->resize(0.50),0.5,50,1
real_00050.jpeg,test,real,0,1,0.9856646060943604,c2_jpeg_resize,jpeg(Q50)->resize(0.50),0.5,50,1
real_00269.jpeg,test,real,0,0,0.008119553327560425,c2_jpeg_resize,jpeg(Q50)->resize(0.50),0.5,50,1
real_00151.jpeg,test,real,0,1,0.9804657697677612,c2_jpeg_resize,jpeg(Q50)->resize(0.50),0.5,50,1
real_00190.jpeg,test,real,0,0,0.09534069895744324,c2_jpeg_resize,jpeg(Q50)->resize(0.50),0.5,50,1
real_00250.jpeg,test,real,0,0,0.00681873457506299,c2_jpeg_resize,jpeg(Q50)->resize(0.50),0.5,50,1
real_00257.jpeg,test,real,0,1,0.8556923270225525,c2_jpeg_resize,jpeg(Q50)->resize(0.50),0.5,50,1
real_00008.jpeg,test,real,0,1,0.809908926486969,c2_jpeg_resize,jpeg(Q50)->resize(0.50),0.5,50,1
real_00398.jpeg,test,real,0,1,0.9693408608436584,c2_jpeg_resize,jpeg(Q50)->resize(0.50),0.5,50,1
real_00322.jpeg,test,real,0,0,0.04868485406041145,c2_jpeg_resize,jpeg(Q50)->resize(0.50),0.5,50,1
real_00230.jpeg,test,real,0,1,0.5053856372833252,c2_jpeg_resize,jpeg(Q50)->resize(0.50),0.5,50,1
real_00219.jpeg,test,real,0,1,0.9894558787345886,c2_jpeg_resize,jpeg(Q50)->resize(0.50),0.5,50,1
real_00550.jpeg,test,real,0,0,0.2909890115261078,c2_jpeg_resize,jpeg(Q50)->resize(0.50),0.5,50,1
real_00528.jpeg,test,real,0,0,0.023419618606567383,c2_jpeg_resize,jpeg(Q50)->resize(0.50),0.5,50,1
real_00039.jpeg,test,real,0,1,0.6061628460884094,c2_jpeg_resize,jpeg(Q50)->resize(0.50),0.5,50,1
real_00274.jpeg,test,real,0,0,0.4123023748397827,c2_jpeg_resize,jpeg(Q50)->resize(0.50),0.5,50,1
real_00414.jpeg,test,real,0,1,0.974536120891571,c2_jpeg_resize,jpeg(Q50)->resize(0.50),0.5,50,1
real_00038.jpeg,test,real,0,0,0.00380800012499094,c2_jpeg_resize,jpeg(Q50)->resize(0.50),0.5,50,1
real_00434.jpeg,test,real,0,1,0.6525743007659912,c2_jpeg_resize,jpeg(Q50)->resize(0.50),0.5,50,1
real_00279.jpeg,test,real,0,0,0.3063882887363434,c2_jpeg_resize,jpeg(Q50)->resize(0.50),0.5,50,1
real_00077.jpeg,test,real,0,0,0.3134833872318268,c2_jpeg_resize,jpeg(Q50)->resize(0.50),0.5,50,1
real_00312.jpeg,test,real,0,1,0.954616904258728,c2_jpeg_resize,jpeg(Q50)->resize(0.50),0.5,50,1
real_00482.jpeg,test,real,0,1,0.9431638717651367,c2_jpeg_resize,jpeg(Q50)->resize(0.50),0.5,50,1
real_00178.jpeg,test,real,0,0,0.3675265908241272,c2_jpeg_resize,jpeg(Q50)->resize(0.50),0.5,50,1
real_00535.jpeg,test,real,0,1,0.7014113664627075,c2_jpeg_resize,jpeg(Q50)->resize(0.50),0.5,50,1
real_00345.jpeg,test,real,0,1,0.6392016410827637,c2_jpeg_resize,jpeg(Q50)->resize(0.50),0.5,50,1
real_00019.jpeg,test,real,0,0,0.056540217250585556,c2_jpeg_resize,jpeg(Q50)->resize(0.50),0.5,50,1
real_00143.jpeg,test,real,0,0,0.24796167016029358,c2_jpeg_resize,jpeg(Q50)->resize(0.50),0.5,50,1
real_00496.jpeg,test,real,0,0,0.27793243527412415,c2_jpeg_resize,jpeg(Q50)->resize(0.50),0.5,50,1
real_00522.jpeg,test,real,0,0,2.1847634812388605e-11,c2_jpeg_resize,jpeg(Q50)->resize(0.50),0.5,50,1
real_00451.jpeg,test,real,0,0,0.0016131812008097768,c2_jpeg_resize,jpeg(Q50)->resize(0.50),0.5,50,1
real_00371.jpeg,test,real,0,0,0.1553773730993271,c2_jpeg_resize,jpeg(Q50)->resize(0.50),0.5,50,1
real_00060.jpeg,test,real,0,1,0.9419299960136414,c2_jpeg_resize,jpeg(Q50)->resize(0.50),0.5,50,1
real_00410.jpeg,test,real,0,1,0.5110486149787903,c2_jpeg_resize,jpeg(Q50)->resize(0.50),0.5,50,1
real_00248.jpeg,test,real,0,1,0.9456118941307068,c2_jpeg_resize,jpeg(Q50)->resize(0.50),0.5,50,1
real_00043.jpeg,test,real,0,1,0.9838846325874329,c2_jpeg_resize,jpeg(Q50)->resize(0.50),0.5,50,1
real_00104.jpeg,test,real,0,0,0.06991272419691086,c2_jpeg_resize,jpeg(Q50)->resize(0.50),0.5,50,1
real_00238.jpeg,test,real,0,0,0.10467743873596191,c2_jpeg_resize,jpeg(Q50)->resize(0.50),0.5,50,1
real_00251.jpeg,test,real,0,0,0.10779736936092377,c2_jpeg_resize,jpeg(Q50)->resize(0.50),0.5,50,1
real_00017.jpeg,test,real,0,0,0.0041160606779158115,c2_jpeg_resize,jpeg(Q50)->resize(0.50),0.5,50,1
real_00500.jpeg,test,real,0,0,0.2337920069694519,c2_jpeg_resize,jpeg(Q50)->resize(0.50),0.5,50,1
real_00056.jpeg,test,real,0,1,0.8394657969474792,c2_jpeg_resize,jpeg(Q50)->resize(0.50),0.5,50,1
real_00227.jpeg,test,real,0,0,0.005830442067235708,c2_jpeg_resize,jpeg(Q50)->resize(0.50),0.5,50,1
real_00347.jpeg,test,real,0,0,0.026345113292336464,c2_jpeg_resize,jpeg(Q50)->resize(0.50),0.5,50,1
real_00176.jpeg,test,real,0,1,0.9995062351226807,c2_jpeg_resize,jpeg(Q50)->resize(0.50),0.5,50,1
real_00085.jpeg,test,real,0,0,0.1078341081738472,c2_jpeg_resize,jpeg(Q50)->resize(0.50),0.5,50,1
real_00586.jpeg,test,real,0,0,0.05135677382349968,c2_jpeg_resize,jpeg(Q50)->resize(0.50),0.5,50,1
real_00193.jpeg,test,real,0,0,0.0003584684163797647,c2_jpeg_resize,jpeg(Q50)->resize(0.50),0.5,50,1
real_00018.jpeg,test,real,0,1,0.9997565150260925,c2_jpeg_resize,jpeg(Q50)->resize(0.50),0.5,50,1
real_00342.jpeg,test,real,0,0,0.0120024299249053,c2_jpeg_resize,jpeg(Q50)->resize(0.50),0.5,50,1
real_00359.jpeg,test,real,0,1,0.999919056892395,c2_jpeg_resize,jpeg(Q50)->resize(0.50),0.5,50,1
real_00163.jpeg,test,real,0,1,0.9976927042007446,c2_jpeg_resize,jpeg(Q50)->resize(0.50),0.5,50,1
real_00527.jpeg,test,real,0,1,0.5416584014892578,c2_jpeg_resize,jpeg(Q50)->resize(0.50),0.5,50,1
real_00444.jpeg,test,real,0,0,0.01966928318142891,c2_jpeg_resize,jpeg(Q50)->resize(0.50),0.5,50,1
real_00440.jpeg,test,real,0,0,0.11745896935462952,c2_jpeg_resize,jpeg(Q50)->resize(0.50),0.5,50,1
real_00096.jpeg,test,real,0,0,0.21472449600696564,c2_jpeg_resize,jpeg(Q50)->resize(0.50),0.5,50,1
real_00165.jpeg,test,real,0,0,0.39542287588119507,c2_jpeg_resize,jpeg(Q50)->resize(0.50),0.5,50,1
real_00576.jpeg,test,real,0,1,0.8708616495132446,c2_jpeg_resize,jpeg(Q50)->resize(0.50),0.5,50,1
real_00375.jpeg,test,real,0,0,0.3103710114955902,c2_jpeg_resize,jpeg(Q50)->resize(0.50),0.5,50,1
real_00300.jpeg,test,real,0,0,0.015622545033693314,c2_jpeg_resize,jpeg(Q50)->resize(0.50),0.5,50,1
real_00503.jpeg,test,real,0,1,0.8893951773643494,c2_jpeg_resize,jpeg(Q50)->resize(0.50),0.5,50,1
real_00499.jpeg,test,real,0,0,0.37102240324020386,c2_jpeg_resize,jpeg(Q50)->resize(0.50),0.5,50,1
real_00283.jpeg,test,real,0,0,0.05745991691946983,c2_jpeg_resize,jpeg(Q50)->resize(0.50),0.5,50,1
real_00160.jpeg,test,real,0,1,0.8998588919639587,c2_jpeg_resize,jpeg(Q50)->resize(0.50),0.5,50,1
real_00260.jpeg,test,real,0,1,0.6329848170280457,c2_jpeg_resize,jpeg(Q50)->resize(0.50),0.5,50,1
real_00208.jpeg,test,real,0,0,0.0019116455223411322,c2_jpeg_resize,jpeg(Q50)->resize(0.50),0.5,50,1
real_00262.jpeg,test,real,0,0,0.30600884556770325,c2_jpeg_resize,jpeg(Q50)->resize(0.50),0.5,50,1
real_00213.jpeg,test,real,0,1,0.9914474487304688,c2_jpeg_resize,jpeg(Q50)->resize(0.50),0.5,50,1
real_00476.jpeg,test,real,0,0,0.37155458331108093,c2_jpeg_resize,jpeg(Q50)->resize(0.50),0.5,50,1
real_00092.jpeg,test,real,0,1,0.587615966796875,c2_jpeg_resize,jpeg(Q50)->resize(0.50),0.5,50,1
real_00324.jpeg,test,real,0,1,0.9674760103225708,c2_jpeg_resize,jpeg(Q50)->resize(0.50),0.5,50,1
real_00425.jpeg,test,real,0,1,0.9684227705001831,c2_jpeg_resize,jpeg(Q50)->resize(0.50),0.5,50,1
real_00559.jpeg,test,real,0,0,0.003941276576370001,c2_jpeg_resize,jpeg(Q50)->resize(0.50),0.5,50,1
real_00015.jpeg,test,real,0,0,0.0014977754326537251,c2_jpeg_resize,jpeg(Q50)->resize(0.50),0.5,50,1
real_00562.jpeg,test,real,0,0,0.4963685870170593,c2_jpeg_resize,jpeg(Q50)->resize(0.50),0.5,50,1
real_00514.jpeg,test,real,0,0,1.5040202924865298e-05,c2_jpeg_resize,jpeg(Q50)->resize(0.50),0.5,50,1
real_00580.jpeg,test,real,0,0,0.0005214123521000147,c2_jpeg_resize,jpeg(Q50)->resize(0.50),0.5,50,1
real_00202.jpeg,test,real,0,1,0.622474730014801,c2_jpeg_resize,jpeg(Q50)->resize(0.50),0.5,50,1
real_00402.jpeg,test,real,0,0,0.003721715649589896,c2_jpeg_resize,jpeg(Q50)->resize(0.50),0.5,50,1
real_00057.jpeg,test,real,0,1,0.7393032908439636,c2_jpeg_resize,jpeg(Q50)->resize(0.50),0.5,50,1
real_00007.jpeg,test,real,0,1,0.7130903601646423,c2_jpeg_resize,jpeg(Q50)->resize(0.50),0.5,50,1
real_00388.jpeg,test,real,0,1,0.57135009765625,c2_jpeg_resize,jpeg(Q50)->resize(0.50),0.5,50,1
real_00016.jpeg,test,real,0,0,0.17866326868534088,c2_jpeg_resize,jpeg(Q50)->resize(0.50),0.5,50,1
real_00506.jpeg,test,real,0,1,0.8408788442611694,c2_jpeg_resize,jpeg(Q50)->resize(0.50),0.5,50,1
real_00028.jpeg,test,real,0,0,0.13952109217643738,c2_jpeg_resize,jpeg(Q50)->resize(0.50),0.5,50,1
real_00572.jpeg,test,real,0,1,0.9422726035118103,c2_jpeg_resize,jpeg(Q50)->resize(0.50),0.5,50,1
real_00381.jpeg,test,real,0,1,0.9888547658920288,c2_jpeg_resize,jpeg(Q50)->resize(0.50),0.5,50,1
real_00268.jpeg,test,real,0,0,0.13161690533161163,c2_jpeg_resize,jpeg(Q50)->resize(0.50),0.5,50,1
real_00512.jpeg,test,real,0,1,0.5027763843536377,c2_jpeg_resize,jpeg(Q50)->resize(0.50),0.5,50,1
real_00006.jpeg,test,real,0,1,0.9889723658561707,c2_jpeg_resize,jpeg(Q50)->resize(0.50),0.5,50,1
real_00289.jpeg,test,real,0,0,0.07596462219953537,c2_jpeg_resize,jpeg(Q50)->resize(0.50),0.5,50,1
real_00519.jpeg,test,real,0,0,0.061323340982198715,c2_jpeg_resize,jpeg(Q50)->resize(0.50),0.5,50,1
real_00252.jpeg,test,real,0,1,0.860916256904602,c2_jpeg_resize,jpeg(Q50)->resize(0.50),0.5,50,1
real_00211.jpeg,test,real,0,0,0.003865261562168598,c2_jpeg_resize,jpeg(Q50)->resize(0.50),0.5,50,1
real_00147.jpeg,test,real,0,0,3.825223393505439e-05,c2_jpeg_resize,jpeg(Q50)->resize(0.50),0.5,50,1
real_00181.jpeg,test,real,0,1,0.9997386336326599,c2_jpeg_resize,jpeg(Q50)->resize(0.50),0.5,50,1
real_00458.jpeg,test,real,0,0,0.003412204561755061,c2_jpeg_resize,jpeg(Q50)->resize(0.50),0.5,50,1
real_00329.jpeg,test,real,0,0,8.250991231761873e-05,c2_jpeg_resize,jpeg(Q50)->resize(0.50),0.5,50,1
real_00545.jpeg,test,real,0,0,0.1207561045885086,c2_jpeg_resize,jpeg(Q50)->resize(0.50),0.5,50,1
real_00568.jpeg,test,real,0,1,0.6217476725578308,c2_jpeg_resize,jpeg(Q50)->resize(0.50),0.5,50,1
real_00031.jpeg,test,real,0,0,0.11002486944198608,c2_jpeg_resize,jpeg(Q50)->resize(0.50),0.5,50,1
real_00171.jpeg,test,real,0,0,3.0564369808416814e-05,c2_jpeg_resize,jpeg(Q50)->resize(0.50),0.5,50,1
real_00320.jpeg,test,real,0,0,0.11629309505224228,c2_jpeg_resize,jpeg(Q50)->resize(0.50),0.5,50,1
real_00083.jpeg,test,real,0,0,0.006596280261874199,c2_jpeg_resize,jpeg(Q50)->resize(0.50),0.5,50,1
real_00012.jpeg,test,real,0,1,0.8928945064544678,c2_jpeg_resize,jpeg(Q50)->resize(0.50),0.5,50,1
real_00357.jpeg,test,real,0,1,0.8959431052207947,c2_jpeg_resize,jpeg(Q50)->resize(0.50),0.5,50,1
real_00346.jpeg,test,real,0,0,0.16380293667316437,c2_jpeg_resize,jpeg(Q50)->resize(0.50),0.5,50,1
real_00450.jpeg,test,real,0,1,0.9753040671348572,c2_jpeg_resize,jpeg(Q50)->resize(0.50),0.5,50,1
real_00356.jpeg,test,real,0,0,0.4540499150753021,c2_jpeg_resize,jpeg(Q50)->resize(0.50),0.5,50,1
real_00594.jpeg,test,real,0,1,0.6056511998176575,c2_jpeg_resize,jpeg(Q50)->resize(0.50),0.5,50,1
real_00048.jpeg,test,real,0,1,0.654442548751831,c2_jpeg_resize,jpeg(Q50)->resize(0.50),0.5,50,1
real_00158.jpeg,test,real,0,0,0.24638959765434265,c2_jpeg_resize,jpeg(Q50)->resize(0.50),0.5,50,1
real_00521.jpeg,test,real,0,1,0.6825489401817322,c2_jpeg_resize,jpeg(Q50)->resize(0.50),0.5,50,1
real_00285.jpeg,test,real,0,0,0.28206804394721985,c2_jpeg_resize,jpeg(Q50)->resize(0.50),0.5,50,1
real_00270.jpeg,test,real,0,0,0.007551717571914196,c2_jpeg_resize,jpeg(Q50)->resize(0.50),0.5,50,1
real_00533.jpeg,test,real,0,0,0.24948956072330475,c2_jpeg_resize,jpeg(Q50)->resize(0.50),0.5,50,1
real_00494.jpeg,test,real,0,1,0.8992450833320618,c2_jpeg_resize,jpeg(Q50)->resize(0.50),0.5,50,1
real_00317.jpeg,test,real,0,1,0.6920077800750732,c2_jpeg_resize,jpeg(Q50)->resize(0.50),0.5,50,1
real_00296.jpeg,test,real,0,0,0.0001352366671198979,c2_jpeg_resize,jpeg(Q50)->resize(0.50),0.5,50,1
real_00237.jpeg,test,real,0,0,0.00491550425067544,c2_jpeg_resize,jpeg(Q50)->resize(0.50),0.5,50,1
real_00242.jpeg,test,real,0,0,0.23492887616157532,c2_jpeg_resize,jpeg(Q50)->resize(0.50),0.5,50,1
real_00584.jpeg,test,real,0,1,0.9972796440124512,c2_jpeg_resize,jpeg(Q50)->resize(0.50),0.5,50,1
real_00570.jpeg,test,real,0,1,0.6759722828865051,c2_jpeg_resize,jpeg(Q50)->resize(0.50),0.5,50,1
real_00133.jpeg,test,real,0,1,0.6047440767288208,c2_jpeg_resize,jpeg(Q50)->resize(0.50),0.5,50,1
real_00047.jpeg,test,real,0,0,0.0017873410833999515,c2_jpeg_resize,jpeg(Q50)->resize(0.50),0.5,50,1
real_00480.jpeg,test,real,0,0,0.3795348107814789,c2_jpeg_resize,jpeg(Q50)->resize(0.50),0.5,50,1
real_00210.jpeg,test,real,0,0,0.0009033074602484703,c2_jpeg_resize,jpeg(Q50)->resize(0.50),0.5,50,1
real_00301.jpeg,test,real,0,1,0.8808193206787109,c2_jpeg_resize,jpeg(Q50)->resize(0.50),0.5,50,1
real_00574.jpeg,test,real,0,1,0.9898712038993835,c2_jpeg_resize,jpeg(Q50)->resize(0.50),0.5,50,1
real_00134.jpeg,test,real,0,1,0.9704585671424866,c2_jpeg_resize,jpeg(Q50)->resize(0.50),0.5,50,1
real_00597.jpeg,test,real,0,1,0.9995172023773193,c2_jpeg_resize,jpeg(Q50)->resize(0.50),0.5,50,1
real_00281.jpeg,test,real,0,1,0.9937447905540466,c2_jpeg_resize,jpeg(Q50)->resize(0.50),0.5,50,1
real_00332.jpeg,test,real,0,1,0.8311851620674133,c2_jpeg_resize,jpeg(Q50)->resize(0.50),0.5,50,1
real_00415.jpeg,test,real,0,0,0.015670280903577805,c2_jpeg_resize,jpeg(Q50)->resize(0.50),0.5,50,1
real_00093.jpeg,test,real,0,0,0.01395257469266653,c2_jpeg_resize,jpeg(Q50)->resize(0.50),0.5,50,1
real_00526.jpeg,test,real,0,0,0.2315230369567871,c2_jpeg_resize,jpeg(Q50)->resize(0.50),0.5,50,1
real_00259.jpeg,test,real,0,1,0.9695290923118591,c2_jpeg_resize,jpeg(Q50)->resize(0.50),0.5,50,1
real_00128.jpeg,test,real,0,1,0.8106234669685364,c2_jpeg_resize,jpeg(Q50)->resize(0.50),0.5,50,1
real_00173.jpeg,test,real,0,0,0.00012949136726092547,c2_jpeg_resize,jpeg(Q50)->resize(0.50),0.5,50,1
real_00005.jpeg,test,real,0,0,2.4599259518254257e-07,c2_jpeg_resize,jpeg(Q50)->resize(0.50),0.5,50,1
real_00532.jpeg,test,real,0,1,0.9984464049339294,c2_jpeg_resize,jpeg(Q50)->resize(0.50),0.5,50,1
real_00061.jpeg,test,real,0,0,0.20616962015628815,c2_jpeg_resize,jpeg(Q50)->resize(0.50),0.5,50,1
real_00313.jpeg,test,real,0,0,0.0064599779434502125,c2_jpeg_resize,jpeg(Q50)->resize(0.50),0.5,50,1
real_00130.jpeg,test,real,0,0,0.0005127815529704094,c2_jpeg_resize,jpeg(Q50)->resize(0.50),0.5,50,1
real_00454.jpeg,test,real,0,0,0.01200635451823473,c2_jpeg_resize,jpeg(Q50)->resize(0.50),0.5,50,1
real_00204.jpeg,test,real,0,1,0.7182047963142395,c2_jpeg_resize,jpeg(Q50)->resize(0.50),0.5,50,1
real_00337.jpeg,test,real,0,1,0.6522011160850525,c2_jpeg_resize,jpeg(Q50)->resize(0.50),0.5,50,1
real_00195.jpeg,test,real,0,0,0.05974935367703438,c2_jpeg_resize,jpeg(Q50)->resize(0.50),0.5,50,1
real_00187.jpeg,test,real,0,0,0.11568009108304977,c2_jpeg_resize,jpeg(Q50)->resize(0.50),0.5,50,1
real_00489.jpeg,test,real,0,0,0.00011738495959434658,c2_jpeg_resize,jpeg(Q50)->resize(0.50),0.5,50,1
real_00385.jpeg,test,real,0,0,0.22763890027999878,c2_jpeg_resize,jpeg(Q50)->resize(0.50),0.5,50,1
real_00221.jpeg,test,real,0,0,0.0010584642877802253,c2_jpeg_resize,jpeg(Q50)->resize(0.50),0.5,50,1
real_00027.jpeg,test,real,0,1,0.9958683252334595,c2_jpeg_resize,jpeg(Q50)->resize(0.50),0.5,50,1
real_00022.jpeg,test,real,0,0,0.0015889941714704037,c2_jpeg_resize,jpeg(Q50)->resize(0.50),0.5,50,1
real_00331.jpeg,test,real,0,1,0.9430563449859619,c2_jpeg_resize,jpeg(Q50)->resize(0.50),0.5,50,1
real_00159.jpeg,test,real,0,0,3.7402153338916833e-06,c2_jpeg_resize,jpeg(Q50)->resize(0.50),0.5,50,1
real_00068.jpeg,test,real,0,1,0.6954622268676758,c2_jpeg_resize,jpeg(Q50)->resize(0.50),0.5,50,1
real_00127.jpeg,test,real,0,0,2.531096470193006e-05,c2_jpeg_resize,jpeg(Q50)->resize(0.50),0.5,50,1
real_00420.jpeg,test,real,0,1,0.9648780226707458,c2_jpeg_resize,jpeg(Q50)->resize(0.50),0.5,50,1
real_00510.jpeg,test,real,0,0,0.2635621428489685,c2_jpeg_resize,jpeg(Q50)->resize(0.50),0.5,50,1
real_00106.jpeg,test,real,0,1,0.5667708516120911,c2_jpeg_resize,jpeg(Q50)->resize(0.50),0.5,50,1
real_00599.jpeg,test,real,0,0,0.15239731967449188,c2_jpeg_resize,jpeg(Q50)->resize(0.50),0.5,50,1
real_00419.jpeg,test,real,0,0,0.011186815798282623,c2_jpeg_resize,jpeg(Q50)->resize(0.50),0.5,50,1
real_00286.jpeg,test,real,0,1,0.9586172103881836,c2_jpeg_resize,jpeg(Q50)->resize(0.50),0.5,50,1
real_00341.jpeg,test,real,0,0,0.07094096392393112,c2_jpeg_resize,jpeg(Q50)->resize(0.50),0.5,50,1
real_00263.jpeg,test,real,0,0,0.09715767949819565,c2_jpeg_resize,jpeg(Q50)->resize(0.50),0.5,50,1
real_00255.jpeg,test,real,0,1,0.9844743013381958,c2_jpeg_resize,jpeg(Q50)->resize(0.50),0.5,50,1
real_00335.jpeg,test,real,0,0,0.3879925310611725,c2_jpeg_resize,jpeg(Q50)->resize(0.50),0.5,50,1
real_00174.jpeg,test,real,0,0,0.08733383566141129,c2_jpeg_resize,jpeg(Q50)->resize(0.50),0.5,50,1
real_00243.jpeg,test,real,0,1,0.6977338194847107,c2_jpeg_resize,jpeg(Q50)->resize(0.50),0.5,50,1
real_00140.jpeg,test,real,0,1,0.8739733695983887,c2_jpeg_resize,jpeg(Q50)->resize(0.50),0.5,50,1
real_00582.jpeg,test,real,0,0,0.27123215794563293,c2_jpeg_resize,jpeg(Q50)->resize(0.50),0.5,50,1
real_00542.jpeg,test,real,0,1,0.9983100891113281,c2_jpeg_resize,jpeg(Q50)->resize(0.50),0.5,50,1
real_00547.jpeg,test,real,0,0,0.01141274906694889,c2_jpeg_resize,jpeg(Q50)->resize(0.50),0.5,50,1
real_00287.jpeg,test,real,0,1,0.9953820109367371,c2_jpeg_resize,jpeg(Q50)->resize(0.50),0.5,50,1
real_00144.jpeg,test,real,0,1,0.5208492875099182,c2_jpeg_resize,jpeg(Q50)->resize(0.50),0.5,50,1
real_00214.jpeg,test,real,0,0,0.052783139050006866,c2_jpeg_resize,jpeg(Q50)->resize(0.50),0.5,50,1
real_00234.jpeg,test,real,0,1,0.8151035308837891,c2_jpeg_resize,jpeg(Q50)->resize(0.50),0.5,50,1
real_00595.jpeg,test,real,0,0,0.01930820196866989,c2_jpeg_resize,jpeg(Q50)->resize(0.50),0.5,50,1
real_00075.jpeg,test,real,0,0,8.658407750772312e-06,c2_jpeg_resize,jpeg(Q50)->resize(0.50),0.5,50,1
real_00295.jpeg,test,real,0,0,0.49549415707588196,c2_jpeg_resize,jpeg(Q50)->resize(0.50),0.5,50,1
real_00070.jpeg,test,real,0,0,0.10624349862337112,c2_jpeg_resize,jpeg(Q50)->resize(0.50),0.5,50,1
real_00148.jpeg,test,real,0,0,0.0004858387110289186,c2_jpeg_resize,jpeg(Q50)->resize(0.50),0.5,50,1
real_00491.jpeg,test,real,0,1,0.9966957569122314,c2_jpeg_resize,jpeg(Q50)->resize(0.50),0.5,50,1
real_00090.jpeg,test,real,0,0,0.005035415757447481,c2_jpeg_resize,jpeg(Q50)->resize(0.50),0.5,50,1
real_00063.jpeg,test,real,0,0,0.3988160789012909,c2_jpeg_resize,jpeg(Q50)->resize(0.50),0.5,50,1
real_00334.jpeg,test,real,0,0,0.12926538288593292,c2_jpeg_resize,jpeg(Q50)->resize(0.50),0.5,50,1
real_00530.jpeg,test,real,0,0,0.189700186252594,c2_jpeg_resize,jpeg(Q50)->resize(0.50),0.5,50,1
real_00069.jpeg,test,real,0,0,0.12735207378864288,c2_jpeg_resize,jpeg(Q50)->resize(0.50),0.5,50,1
real_00109.jpeg,test,real,0,0,0.022468551993370056,c2_jpeg_resize,jpeg(Q50)->resize(0.50),0.5,50,1
real_00321.jpeg,test,real,0,1,0.6289281249046326,c2_jpeg_resize,jpeg(Q50)->resize(0.50),0.5,50,1
real_00126.jpeg,test,real,0,1,0.8108352422714233,c2_jpeg_resize,jpeg(Q50)->resize(0.50),0.5,50,1
real_00358.jpeg,test,real,0,1,0.9835953712463379,c2_jpeg_resize,jpeg(Q50)->resize(0.50),0.5,50,1
real_00364.jpeg,test,real,0,0,0.001080643036402762,c2_jpeg_resize,jpeg(Q50)->resize(0.50),0.5,50,1
real_00209.jpeg,test,real,0,0,0.15340833365917206,c2_jpeg_resize,jpeg(Q50)->resize(0.50),0.5,50,1
real_00292.jpeg,test,real,0,1,0.6175990104675293,c2_jpeg_resize,jpeg(Q50)->resize(0.50),0.5,50,1
real_00473.jpeg,test,real,0,0,0.37401077151298523,c2_jpeg_resize,jpeg(Q50)->resize(0.50),0.5,50,1
real_00367.jpeg,test,real,0,0,0.010898210108280182,c2_jpeg_resize,jpeg(Q50)->resize(0.50),0.5,50,1
real_00228.jpeg,test,real,0,0,0.17318260669708252,c2_jpeg_resize,jpeg(Q50)->resize(0.50),0.5,50,1
real_00463.jpeg,test,real,0,0,0.027393026277422905,c2_jpeg_resize,jpeg(Q50)->resize(0.50),0.5,50,1
real_00529.jpeg,test,real,0,1,0.9981769323348999,c2_jpeg_resize,jpeg(Q50)->resize(0.50),0.5,50,1
real_00376.jpeg,test,real,0,0,0.008476057089865208,c2_jpeg_resize,jpeg(Q50)->resize(0.50),0.5,50,1
real_00089.jpeg,test,real,0,1,0.7270405292510986,c2_jpeg_resize,jpeg(Q50)->resize(0.50),0.5,50,1
real_00409.jpeg,test,real,0,0,0.0002689632528927177,c2_jpeg_resize,jpeg(Q50)->resize(0.50),0.5,50,1
real_00456.jpeg,test,real,0,0,0.20736463367938995,c2_jpeg_resize,jpeg(Q50)->resize(0.50),0.5,50,1
real_00378.jpeg,test,real,0,1,0.7080841064453125,c2_jpeg_resize,jpeg(Q50)->resize(0.50),0.5,50,1
real_00596.jpeg,test,real,0,1,0.5202724933624268,c2_jpeg_resize,jpeg(Q50)->resize(0.50),0.5,50,1
real_00477.jpeg,test,real,0,0,0.3151263892650604,c2_jpeg_resize,jpeg(Q50)->resize(0.50),0.5,50,1
real_00261.jpeg,test,real,0,0,0.2884499728679657,c2_jpeg_resize,jpeg(Q50)->resize(0.50),0.5,50,1
real_00273.jpeg,test,real,0,0,0.09684435278177261,c2_jpeg_resize,jpeg(Q50)->resize(0.50),0.5,50,1
real_00100.jpeg,test,real,0,0,0.00011226716742385179,c2_jpeg_resize,jpeg(Q50)->resize(0.50),0.5,50,1
real_00080.jpeg,test,real,0,0,0.014326765201985836,c2_jpeg_resize,jpeg(Q50)->resize(0.50),0.5,50,1
real_00009.jpeg,test,real,0,1,0.9749879240989685,c2_jpeg_resize,jpeg(Q50)->resize(0.50),0.5,50,1
real_00167.jpeg,test,real,0,0,9.165912160824519e-06,c2_jpeg_resize,jpeg(Q50)->resize(0.50),0.5,50,1
real_00571.jpeg,test,real,0,1,0.9658104181289673,c2_jpeg_resize,jpeg(Q50)->resize(0.50),0.5,50,1
real_00218.jpeg,test,real,0,0,0.008671524934470654,c2_jpeg_resize,jpeg(Q50)->resize(0.50),0.5,50,1
real_00355.jpeg,test,real,0,0,0.45104077458381653,c2_jpeg_resize,jpeg(Q50)->resize(0.50),0.5,50,1
real_00406.jpeg,test,real,0,1,0.6871027946472168,c2_jpeg_resize,jpeg(Q50)->resize(0.50),0.5,50,1
real_00302.jpeg,test,real,0,0,0.373954713344574,c2_jpeg_resize,jpeg(Q50)->resize(0.50),0.5,50,1
real_00010.jpeg,test,real,0,1,0.85833740234375,c2_jpeg_resize,jpeg(Q50)->resize(0.50),0.5,50,1
real_00405.jpeg,test,real,0,0,0.31472980976104736,c2_jpeg_resize,jpeg(Q50)->resize(0.50),0.5,50,1
real_00447.jpeg,test,real,0,0,0.38698282837867737,c2_jpeg_resize,jpeg(Q50)->resize(0.50),0.5,50,1
real_00379.jpeg,test,real,0,0,0.00011541629646671936,c2_jpeg_resize,jpeg(Q50)->resize(0.50),0.5,50,1
real_00319.jpeg,test,real,0,1,0.9636996984481812,c2_jpeg_resize,jpeg(Q50)->resize(0.50),0.5,50,1
real_00543.jpeg,test,real,0,1,0.9905795454978943,c2_jpeg_resize,jpeg(Q50)->resize(0.50),0.5,50,1
real_00539.jpeg,test,real,0,0,0.48929712176322937,c2_jpeg_resize,jpeg(Q50)->resize(0.50),0.5,50,1
real_00579.jpeg,test,real,0,1,0.721284806728363,c2_jpeg_resize,jpeg(Q50)->resize(0.50),0.5,50,1
real_00459.jpeg,test,real,0,1,0.9950706958770752,c2_jpeg_resize,jpeg(Q50)->resize(0.50),0.5,50,1
real_00587.jpeg,test,real,0,0,0.03809765353798866,c2_jpeg_resize,jpeg(Q50)->resize(0.50),0.5,50,1
real_00114.jpeg,test,real,0,0,0.07504543662071228,c2_jpeg_resize,jpeg(Q50)->resize(0.50),0.5,50,1
real_00479.jpeg,test,real,0,0,0.08448375761508942,c2_jpeg_resize,jpeg(Q50)->resize(0.50),0.5,50,1
real_00488.jpeg,test,real,0,1,0.9355674386024475,c2_jpeg_resize,jpeg(Q50)->resize(0.50),0.5,50,1
real_00360.jpeg,test,real,0,0,0.05164552852511406,c2_jpeg_resize,jpeg(Q50)->resize(0.50),0.5,50,1
real_00363.jpeg,test,real,0,0,0.49931204319000244,c2_jpeg_resize,jpeg(Q50)->resize(0.50),0.5,50,1
real_00350.jpeg,test,real,0,0,0.002280629938468337,c2_jpeg_resize,jpeg(Q50)->resize(0.50),0.5,50,1
real_00441.jpeg,test,real,0,1,0.8390260934829712,c2_jpeg_resize,jpeg(Q50)->resize(0.50),0.5,50,1
real_00003.jpeg,test,real,0,1,0.7059749960899353,c2_jpeg_resize,jpeg(Q50)->resize(0.50),0.5,50,1
real_00217.jpeg,test,real,0,0,0.15074555575847626,c2_jpeg_resize,jpeg(Q50)->resize(0.50),0.5,50,1
real_00465.jpeg,test,real,0,1,0.9796868562698364,c2_jpeg_resize,jpeg(Q50)->resize(0.50),0.5,50,1
real_00442.jpeg,test,real,0,1,0.6491501927375793,c2_jpeg_resize,jpeg(Q50)->resize(0.50),0.5,50,1
real_00233.jpeg,test,real,0,0,0.10779805481433868,c2_jpeg_resize,jpeg(Q50)->resize(0.50),0.5,50,1
real_00161.jpeg,test,real,0,1,0.8529423475265503,c2_jpeg_resize,jpeg(Q50)->resize(0.50),0.5,50,1
real_00412.jpeg,test,real,0,1,0.9997367262840271,c2_jpeg_resize,jpeg(Q50)->resize(0.50),0.5,50,1
real_00468.jpeg,test,real,0,1,0.9552559852600098,c2_jpeg_resize,jpeg(Q50)->resize(0.50),0.5,50,1
real_00125.jpeg,test,real,0,1,0.5672230124473572,c2_jpeg_resize,jpeg(Q50)->resize(0.50),0.5,50,1
real_00186.jpeg,test,real,0,0,0.0047212569043040276,c2_jpeg_resize,jpeg(Q50)->resize(0.50),0.5,50,1
real_00172.jpeg,test,real,0,0,0.06907536089420319,c2_jpeg_resize,jpeg(Q50)->resize(0.50),0.5,50,1
real_00467.jpeg,test,real,0,0,0.43920838832855225,c2_jpeg_resize,jpeg(Q50)->resize(0.50),0.5,50,1
real_00323.jpeg,test,real,0,0,0.011990370228886604,c2_jpeg_resize,jpeg(Q50)->resize(0.50),0.5,50,1
real_00203.jpeg,test,real,0,0,0.010167104192078114,c2_jpeg_resize,jpeg(Q50)->resize(0.50),0.5,50,1
real_00552.jpeg,test,real,0,0,0.3023809492588043,c2_jpeg_resize,jpeg(Q50)->resize(0.50),0.5,50,1
real_00034.jpeg,test,real,0,0,0.2650153934955597,c2_jpeg_resize,jpeg(Q50)->resize(0.50),0.5,50,1
real_00142.jpeg,test,real,0,1,0.8499167561531067,c2_jpeg_resize,jpeg(Q50)->resize(0.50),0.5,50,1
real_00059.jpeg,test,real,0,0,0.2503308653831482,c2_jpeg_resize,jpeg(Q50)->resize(0.50),0.5,50,1
real_00021.jpeg,test,real,0,0,0.41564518213272095,c2_jpeg_resize,jpeg(Q50)->resize(0.50),0.5,50,1
real_00525.jpeg,test,real,0,1,0.8177796602249146,c2_jpeg_resize,jpeg(Q50)->resize(0.50),0.5,50,1
real_00275.jpeg,test,real,0,1,0.6626798510551453,c2_jpeg_resize,jpeg(Q50)->resize(0.50),0.5,50,1
real_00430.jpeg,test,real,0,0,0.004980497062206268,c2_jpeg_resize,jpeg(Q50)->resize(0.50),0.5,50,1
real_00349.jpeg,test,real,0,0,0.029467452317476273,c2_jpeg_resize,jpeg(Q50)->resize(0.50),0.5,50,1
real_00373.jpeg,test,real,0,1,0.9944071769714355,c2_jpeg_resize,jpeg(Q50)->resize(0.50),0.5,50,1
real_00078.jpeg,test,real,0,0,0.1152280643582344,c2_jpeg_resize,jpeg(Q50)->resize(0.50),0.5,50,1
real_00437.jpeg,test,real,0,0,0.0009149016696028411,c2_jpeg_resize,jpeg(Q50)->resize(0.50),0.5,50,1
real_00520.jpeg,test,real,0,0,0.07575695216655731,c2_jpeg_resize,jpeg(Q50)->resize(0.50),0.5,50,1
real_00564.jpeg,test,real,0,1,0.5474861264228821,c2_jpeg_resize,jpeg(Q50)->resize(0.50),0.5,50,1
real_00578.jpeg,test,real,0,0,0.1919260025024414,c2_jpeg_resize,jpeg(Q50)->resize(0.50),0.5,50,1
real_00225.jpeg,test,real,0,0,0.03006257489323616,c2_jpeg_resize,jpeg(Q50)->resize(0.50),0.5,50,1
real_00232.jpeg,test,real,0,1,0.6036171317100525,c2_jpeg_resize,jpeg(Q50)->resize(0.50),0.5,50,1
real_00194.jpeg,test,real,0,0,5.311048880685121e-06,c2_jpeg_resize,jpeg(Q50)->resize(0.50),0.5,50,1
real_00278.jpeg,test,real,0,0,0.059334006160497665,c2_jpeg_resize,jpeg(Q50)->resize(0.50),0.5,50,1
real_00168.jpeg,test,real,0,0,0.0013746885815635324,c2_jpeg_resize,jpeg(Q50)->resize(0.50),0.5,50,1
real_00145.jpeg,test,real,0,1,0.9982628226280212,c2_jpeg_resize,jpeg(Q50)->resize(0.50),0.5,50,1
real_00495.jpeg,test,real,0,0,0.0012112314580008388,c2_jpeg_resize,jpeg(Q50)->resize(0.50),0.5,50,1
real_00236.jpeg,test,real,0,1,0.5427790284156799,c2_jpeg_resize,jpeg(Q50)->resize(0.50),0.5,50,1
real_00121.jpeg,test,real,0,0,0.025916339829564095,c2_jpeg_resize,jpeg(Q50)->resize(0.50),0.5,50,1
real_00455.jpeg,test,real,0,1,0.6755285859107971,c2_jpeg_resize,jpeg(Q50)->resize(0.50),0.5,50,1
real_00177.jpeg,test,real,0,1,0.7966527342796326,c2_jpeg_resize,jpeg(Q50)->resize(0.50),0.5,50,1
real_00485.jpeg,test,real,0,0,0.06534399837255478,c2_jpeg_resize,jpeg(Q50)->resize(0.50),0.5,50,1
real_00136.jpeg,test,real,0,0,0.27474382519721985,c2_jpeg_resize,jpeg(Q50)->resize(0.50),0.5,50,1
real_00054.jpeg,test,real,0,0,0.02898646704852581,c2_jpeg_resize,jpeg(Q50)->resize(0.50),0.5,50,1
real_00470.jpeg,test,real,0,0,0.07845369726419449,c2_jpeg_resize,jpeg(Q50)->resize(0.50),0.5,50,1
real_00118.jpeg,test,real,0,0,0.0006357496604323387,c2_jpeg_resize,jpeg(Q50)->resize(0.50),0.5,50,1
real_00153.jpeg,test,real,0,0,0.03764589875936508,c2_jpeg_resize,jpeg(Q50)->resize(0.50),0.5,50,1
real_00384.jpeg,test,real,0,0,0.21068963408470154,c2_jpeg_resize,jpeg(Q50)->resize(0.50),0.5,50,1
real_00115.jpeg,test,real,0,0,0.05620044097304344,c2_jpeg_resize,jpeg(Q50)->resize(0.50),0.5,50,1
real_00101.jpeg,test,real,0,0,0.04793152958154678,c2_jpeg_resize,jpeg(Q50)->resize(0.50),0.5,50,1
real_00327.jpeg,test,real,0,1,0.8045588135719299,c2_jpeg_resize,jpeg(Q50)->resize(0.50),0.5,50,1
real_00164.jpeg,test,real,0,0,0.01028625201433897,c2_jpeg_resize,jpeg(Q50)->resize(0.50),0.5,50,1
real_00538.jpeg,test,real,0,0,0.04434387385845184,c2_jpeg_resize,jpeg(Q50)->resize(0.50),0.5,50,1
real_00049.jpeg,test,real,0,1,0.6826611161231995,c2_jpeg_resize,jpeg(Q50)->resize(0.50),0.5,50,1
real_00544.jpeg,test,real,0,0,0.14413315057754517,c2_jpeg_resize,jpeg(Q50)->resize(0.50),0.5,50,1
real_00154.jpeg,test,real,0,0,1.0319938155589625e-05,c2_jpeg_resize,jpeg(Q50)->resize(0.50),0.5,50,1
real_00215.jpeg,test,real,0,1,0.6727325320243835,c2_jpeg_resize,jpeg(Q50)->resize(0.50),0.5,50,1
real_00124.jpeg,test,real,0,0,0.1739819049835205,c2_jpeg_resize,jpeg(Q50)->resize(0.50),0.5,50,1
real_00223.jpeg,test,real,0,1,0.8707776665687561,c2_jpeg_resize,jpeg(Q50)->resize(0.50),0.5,50,1
real_00065.jpeg,test,real,0,1,0.7952746748924255,c2_jpeg_resize,jpeg(Q50)->resize(0.50),0.5,50,1
real_00282.jpeg,test,real,0,0,0.0007772694225423038,c2_jpeg_resize,jpeg(Q50)->resize(0.50),0.5,50,1
real_00267.jpeg,test,real,0,0,0.16327445209026337,c2_jpeg_resize,jpeg(Q50)->resize(0.50),0.5,50,1
real_00343.jpeg,test,real,0,1,0.510249137878418,c2_jpeg_resize,jpeg(Q50)->resize(0.50),0.5,50,1
real_00421.jpeg,test,real,0,0,7.40215000405442e-07,c2_jpeg_resize,jpeg(Q50)->resize(0.50),0.5,50,1
real_00531.jpeg,test,real,0,0,0.02010451816022396,c2_jpeg_resize,jpeg(Q50)->resize(0.50),0.5,50,1
real_00575.jpeg,test,real,0,0,0.022703956812620163,c2_jpeg_resize,jpeg(Q50)->resize(0.50),0.5,50,1
real_00290.jpeg,test,real,0,0,0.0033705360256135464,c2_jpeg_resize,jpeg(Q50)->resize(0.50),0.5,50,1
real_00336.jpeg,test,real,0,0,0.0043889801017940044,c2_jpeg_resize,jpeg(Q50)->resize(0.50),0.5,50,1
real_00306.jpeg,test,real,0,0,0.20183837413787842,c2_jpeg_resize,jpeg(Q50)->resize(0.50),0.5,50,1
real_00231.jpeg,test,real,0,0,0.00573313795030117,c2_jpeg_resize,jpeg(Q50)->resize(0.50),0.5,50,1
real_00002.jpeg,test,real,0,1,0.5881533622741699,c2_jpeg_resize,jpeg(Q50)->resize(0.50),0.5,50,1
real_00504.jpeg,test,real,0,0,0.18910247087478638,c2_jpeg_resize,jpeg(Q50)->resize(0.50),0.5,50,1
real_00536.jpeg,test,real,0,0,0.04856851324439049,c2_jpeg_resize,jpeg(Q50)->resize(0.50),0.5,50,1
real_00362.jpeg,test,real,0,0,0.0008067907183431089,c2_jpeg_resize,jpeg(Q50)->resize(0.50),0.5,50,1
real_00199.jpeg,test,real,0,0,0.020019279792904854,c2_jpeg_resize,jpeg(Q50)->resize(0.50),0.5,50,1
real_00023.jpeg,test,real,0,0,0.0022561345249414444,c2_jpeg_resize,jpeg(Q50)->resize(0.50),0.5,50,1
real_00433.jpeg,test,real,0,1,0.8735219836235046,c2_jpeg_resize,jpeg(Q50)->resize(0.50),0.5,50,1
real_00484.jpeg,test,real,0,1,0.8231170177459717,c2_jpeg_resize,jpeg(Q50)->resize(0.50),0.5,50,1
real_00110.jpeg,test,real,0,0,0.0030430732294917107,c2_jpeg_resize,jpeg(Q50)->resize(0.50),0.5,50,1
real_00305.jpeg,test,real,0,1,0.9863218069076538,c2_jpeg_resize,jpeg(Q50)->resize(0.50),0.5,50,1
real_00352.jpeg,test,real,0,1,0.9493336081504822,c2_jpeg_resize,jpeg(Q50)->resize(0.50),0.5,50,1
real_00256.jpeg,test,real,0,1,0.9642677903175354,c2_jpeg_resize,jpeg(Q50)->resize(0.50),0.5,50,1
real_00404.jpeg,test,real,0,0,0.2084806114435196,c2_jpeg_resize,jpeg(Q50)->resize(0.50),0.5,50,1
real_00523.jpeg,test,real,0,0,0.44354939460754395,c2_jpeg_resize,jpeg(Q50)->resize(0.50),0.5,50,1
real_00513.jpeg,test,real,0,1,0.5846958756446838,c2_jpeg_resize,jpeg(Q50)->resize(0.50),0.5,50,1
real_00108.jpeg,test,real,0,0,0.12537238001823425,c2_jpeg_resize,jpeg(Q50)->resize(0.50),0.5,50,1
real_00119.jpeg,test,real,0,1,0.7588655352592468,c2_jpeg_resize,jpeg(Q50)->resize(0.50),0.5,50,1
real_00511.jpeg,test,real,0,0,0.38406193256378174,c2_jpeg_resize,jpeg(Q50)->resize(0.50),0.5,50,1
real_00073.jpeg,test,real,0,0,3.295463102404028e-05,c2_jpeg_resize,jpeg(Q50)->resize(0.50),0.5,50,1
real_00469.jpeg,test,real,0,0,0.0018899721326306462,c2_jpeg_resize,jpeg(Q50)->resize(0.50),0.5,50,1
real_00035.jpeg,test,real,0,0,1.9739979961741483e-06,c2_jpeg_resize,jpeg(Q50)->resize(0.50),0.5,50,1
real_00427.jpeg,test,real,0,0,0.0016154098557308316,c2_jpeg_resize,jpeg(Q50)->resize(0.50),0.5,50,1
real_00000.jpeg,test,real,0,0,0.012149843387305737,c2_jpeg_resize,jpeg(Q50)->resize(0.50),0.5,50,1
real_00066.jpeg,test,real,0,0,0.016214529052376747,c2_jpeg_resize,jpeg(Q50)->resize(0.50),0.5,50,1
real_00052.jpeg,test,real,0,0,0.005648428108543158,c2_jpeg_resize,jpeg(Q50)->resize(0.50),0.5,50,1
real_00483.jpeg,test,real,0,0,0.00011178870045114309,c2_jpeg_resize,jpeg(Q50)->resize(0.50),0.5,50,1
real_00020.jpeg,test,real,0,1,0.993537962436676,c2_jpeg_resize,jpeg(Q50)->resize(0.50),0.5,50,1
real_00540.jpeg,test,real,0,0,0.11766272038221359,c2_jpeg_resize,jpeg(Q50)->resize(0.50),0.5,50,1
real_00383.jpeg,test,real,0,0,0.04551541805267334,c2_jpeg_resize,jpeg(Q50)->resize(0.50),0.5,50,1
real_00129.jpeg,test,real,0,0,0.08638298511505127,c2_jpeg_resize,jpeg(Q50)->resize(0.50),0.5,50,1
real_00505.jpeg,test,real,0,0,4.533262654149439e-07,c2_jpeg_resize,jpeg(Q50)->resize(0.50),0.5,50,1
real_00517.jpeg,test,real,0,0,0.03667699545621872,c2_jpeg_resize,jpeg(Q50)->resize(0.50),0.5,50,1
real_00291.jpeg,test,real,0,0,0.04462046921253204,c2_jpeg_resize,jpeg(Q50)->resize(0.50),0.5,50,1
real_00328.jpeg,test,real,0,1,0.9941169023513794,c2_jpeg_resize,jpeg(Q50)->resize(0.50),0.5,50,1
real_00082.jpeg,test,real,0,0,0.004850203637033701,c2_jpeg_resize,jpeg(Q50)->resize(0.50),0.5,50,1
real_00413.jpeg,test,real,0,0,0.37467703223228455,c2_jpeg_resize,jpeg(Q50)->resize(0.50),0.5,50,1
real_00201.jpeg,test,real,0,0,0.08165521174669266,c2_jpeg_resize,jpeg(Q50)->resize(0.50),0.5,50,1
real_00422.jpeg,test,real,0,1,0.9274885654449463,c2_jpeg_resize,jpeg(Q50)->resize(0.50),0.5,50,1
real_00481.jpeg,test,real,0,1,0.9988625049591064,c2_jpeg_resize,jpeg(Q50)->resize(0.50),0.5,50,1
real_00249.jpeg,test,real,0,0,0.05923567712306976,c2_jpeg_resize,jpeg(Q50)->resize(0.50),0.5,50,1
real_00591.jpeg,test,real,0,1,0.9993739724159241,c2_jpeg_resize,jpeg(Q50)->resize(0.50),0.5,50,1
real_00103.jpeg,test,real,0,0,0.2132752388715744,c2_jpeg_resize,jpeg(Q50)->resize(0.50),0.5,50,1
real_00058.jpeg,test,real,0,0,0.027959303930401802,c2_jpeg_resize,jpeg(Q50)->resize(0.50),0.5,50,1
real_00029.jpeg,test,real,0,1,0.9811264872550964,c2_jpeg_resize,jpeg(Q50)->resize(0.50),0.5,50,1
real_00551.jpeg,test,real,0,0,0.4441942572593689,c2_jpeg_resize,jpeg(Q50)->resize(0.50),0.5,50,1
real_00453.jpeg,test,real,0,1,1.0,c2_jpeg_resize,jpeg(Q50)->resize(0.50),0.5,50,1
real_00041.jpeg,test,real,0,0,0.013085206039249897,c2_jpeg_resize,jpeg(Q50)->resize(0.50),0.5,50,1
real_00316.jpeg,test,real,0,0,0.1260727494955063,c2_jpeg_resize,jpeg(Q50)->resize(0.50),0.5,50,1
real_00449.jpeg,test,real,0,0,0.03189169988036156,c2_jpeg_resize,jpeg(Q50)->resize(0.50),0.5,50,1
real_00198.jpeg,test,real,0,0,0.17899374663829803,c2_jpeg_resize,jpeg(Q50)->resize(0.50),0.5,50,1
real_00310.jpeg,test,real,0,0,0.29125818610191345,c2_jpeg_resize,jpeg(Q50)->resize(0.50),0.5,50,1
real_00205.jpeg,test,real,0,0,0.002504677977412939,c2_jpeg_resize,jpeg(Q50)->resize(0.50),0.5,50,1
real_00011.jpeg,test,real,0,0,0.157626673579216,c2_jpeg_resize,jpeg(Q50)->resize(0.50),0.5,50,1
real_00556.jpeg,test,real,0,1,0.678196370601654,c2_jpeg_resize,jpeg(Q50)->resize(0.50),0.5,50,1
real_00294.jpeg,test,real,0,0,0.0006500918534584343,c2_jpeg_resize,jpeg(Q50)->resize(0.50),0.5,50,1
real_00112.jpeg,test,real,0,1,0.9848810434341431,c2_jpeg_resize,jpeg(Q50)->resize(0.50),0.5,50,1
real_00170.jpeg,test,real,0,0,0.00941405724734068,c2_jpeg_resize,jpeg(Q50)->resize(0.50),0.5,50,1
real_00569.jpeg,test,real,0,0,0.008931055665016174,c2_jpeg_resize,jpeg(Q50)->resize(0.50),0.5,50,1
real_00318.jpeg,test,real,0,0,0.009774530306458473,c2_jpeg_resize,jpeg(Q50)->resize(0.50),0.5,50,1
real_00397.jpeg,test,real,0,0,0.009934288449585438,c2_jpeg_resize,jpeg(Q50)->resize(0.50),0.5,50,1
real_00014.jpeg,test,real,0,0,0.2349734902381897,c2_jpeg_resize,jpeg(Q50)->resize(0.50),0.5,50,1
real_00196.jpeg,test,real,0,0,4.0763229597340356e-11,c2_jpeg_resize,jpeg(Q50)->resize(0.50),0.5,50,1
real_00191.jpeg,test,real,0,1,0.9103212952613831,c2_jpeg_resize,jpeg(Q50)->resize(0.50),0.5,50,1
real_00192.jpeg,test,real,0,0,0.019087139517068863,c2_jpeg_resize,jpeg(Q50)->resize(0.50),0.5,50,1
real_00353.jpeg,test,real,0,1,0.9460968971252441,c2_jpeg_resize,jpeg(Q50)->resize(0.50),0.5,50,1
real_00254.jpeg,test,real,0,0,0.010562662035226822,c2_jpeg_resize,jpeg(Q50)->resize(0.50),0.5,50,1
real_00169.jpeg,test,real,0,0,0.043514858931303024,c2_jpeg_resize,jpeg(Q50)->resize(0.50),0.5,50,1
real_00370.jpeg,test,real,0,0,1.6985310139716603e-05,c2_jpeg_resize,jpeg(Q50)->resize(0.50),0.5,50,1
real_00004.jpeg,test,real,0,1,0.8245046138763428,c2_jpeg_resize,jpeg(Q50)->resize(0.50),0.5,50,1
real_00368.jpeg,test,real,0,1,0.7254664897918701,c2_jpeg_resize,jpeg(Q50)->resize(0.50),0.5,50,1
real_00417.jpeg,test,real,0,1,0.7376295328140259,c2_jpeg_resize,jpeg(Q50)->resize(0.50),0.5,50,1
real_00333.jpeg,test,real,0,0,0.1342826932668686,c2_jpeg_resize,jpeg(Q50)->resize(0.50),0.5,50,1
real_00123.jpeg,test,real,0,0,0.051054421812295914,c2_jpeg_resize,jpeg(Q50)->resize(0.50),0.5,50,1
real_00380.jpeg,test,real,0,0,0.09337472915649414,c2_jpeg_resize,jpeg(Q50)->resize(0.50),0.5,50,1
real_00179.jpeg,test,real,0,0,0.49922245740890503,c2_jpeg_resize,jpeg(Q50)->resize(0.50),0.5,50,1
real_00400.jpeg,test,real,0,1,0.9155964851379395,c2_jpeg_resize,jpeg(Q50)->resize(0.50),0.5,50,1
real_00369.jpeg,test,real,0,1,0.9366831183433533,c2_jpeg_resize,jpeg(Q50)->resize(0.50),0.5,50,1
real_00051.jpeg,test,real,0,1,0.7392566204071045,c2_jpeg_resize,jpeg(Q50)->resize(0.50),0.5,50,1
real_00097.jpeg,test,real,0,0,3.771506089833565e-05,c2_jpeg_resize,jpeg(Q50)->resize(0.50),0.5,50,1
real_00515.jpeg,test,real,0,1,0.7021248936653137,c2_jpeg_resize,jpeg(Q50)->resize(0.50),0.5,50,1
real_00446.jpeg,test,real,0,0,0.01456223614513874,c2_jpeg_resize,jpeg(Q50)->resize(0.50),0.5,50,1
real_00155.jpeg,test,real,0,0,0.054732710123062134,c2_jpeg_resize,jpeg(Q50)->resize(0.50),0.5,50,1
real_00277.jpeg,test,real,0,0,0.04201958328485489,c2_jpeg_resize,jpeg(Q50)->resize(0.50),0.5,50,1
real_00098.jpeg,test,real,0,0,0.0010938727064058185,c2_jpeg_resize,jpeg(Q50)->resize(0.50),0.5,50,1
real_00107.jpeg,test,real,0,1,0.8828496932983398,c2_jpeg_resize,jpeg(Q50)->resize(0.50),0.5,50,1
real_00087.jpeg,test,real,0,0,0.0019636913202703,c2_jpeg_resize,jpeg(Q50)->resize(0.50),0.5,50,1
real_00565.jpeg,test,real,0,0,0.4939230978488922,c2_jpeg_resize,jpeg(Q50)->resize(0.50),0.5,50,1
real_00280.jpeg,test,real,0,0,0.003901510965079069,c2_jpeg_resize,jpeg(Q50)->resize(0.50),0.5,50,1
real_00507.jpeg,test,real,0,0,0.000390435045119375,c2_jpeg_resize,jpeg(Q50)->resize(0.50),0.5,50,1
real_00326.jpeg,test,real,0,0,0.20996162295341492,c2_jpeg_resize,jpeg(Q50)->resize(0.50),0.5,50,1
real_00244.jpeg,test,real,0,0,0.020814158022403717,c2_jpeg_resize,jpeg(Q50)->resize(0.50),0.5,50,1
real_00033.jpeg,test,real,0,0,0.11070522665977478,c2_jpeg_resize,jpeg(Q50)->resize(0.50),0.5,50,1
real_00064.jpeg,test,real,0,0,0.014781435951590538,c2_jpeg_resize,jpeg(Q50)->resize(0.50),0.5,50,1
real_00013.jpeg,test,real,0,0,5.857024916622322e-06,c2_jpeg_resize,jpeg(Q50)->resize(0.50),0.5,50,1
real_00183.jpeg,test,real,0,1,0.8146070837974548,c2_jpeg_resize,jpeg(Q50)->resize(0.50),0.5,50,1
real_00030.jpeg,test,real,0,0,0.1941022276878357,c2_jpeg_resize,jpeg(Q50)->resize(0.50),0.5,50,1
real_00474.jpeg,test,real,0,0,0.004207622725516558,c2_jpeg_resize,jpeg(Q50)->resize(0.50),0.5,50,1
real_00558.jpeg,test,real,0,1,0.5940057039260864,c2_jpeg_resize,jpeg(Q50)->resize(0.50),0.5,50,1
real_00088.jpeg,test,real,0,0,0.015327672474086285,c2_jpeg_resize,jpeg(Q50)->resize(0.50),0.5,50,1
real_00436.jpeg,test,real,0,1,0.7398108243942261,c2_jpeg_resize,jpeg(Q50)->resize(0.50),0.5,50,1
real_00518.jpeg,test,real,0,0,0.003990928642451763,c2_jpeg_resize,jpeg(Q50)->resize(0.50),0.5,50,1
real_00111.jpeg,test,real,0,0,0.004072610754519701,c2_jpeg_resize,jpeg(Q50)->resize(0.50),0.5,50,1
real_00122.jpeg,test,real,0,1,0.9818752408027649,c2_jpeg_resize,jpeg(Q50)->resize(0.50),0.5,50,1
real_00461.jpeg,test,real,0,0,0.2464861422777176,c2_jpeg_resize,jpeg(Q50)->resize(0.50),0.5,50,1
real_00239.jpeg,test,real,0,0,0.008843601681292057,c2_jpeg_resize,jpeg(Q50)->resize(0.50),0.5,50,1
real_00408.jpeg,test,real,0,0,0.13567398488521576,c2_jpeg_resize,jpeg(Q50)->resize(0.50),0.5,50,1
real_00460.jpeg,test,real,0,0,0.30159345269203186,c2_jpeg_resize,jpeg(Q50)->resize(0.50),0.5,50,1
real_00138.jpeg,test,real,0,0,0.0321931429207325,c2_jpeg_resize,jpeg(Q50)->resize(0.50),0.5,50,1
real_00429.jpeg,test,real,0,0,0.010756355710327625,c2_jpeg_resize,jpeg(Q50)->resize(0.50),0.5,50,1
real_00462.jpeg,test,real,0,0,4.109941528440686e-06,c2_jpeg_resize,jpeg(Q50)->resize(0.50),0.5,50,1
real_00113.jpeg,test,real,0,1,0.8795492649078369,c2_jpeg_resize,jpeg(Q50)->resize(0.50),0.5,50,1
real_00391.jpeg,test,real,0,0,0.006354393437504768,c2_jpeg_resize,jpeg(Q50)->resize(0.50),0.5,50,1
real_00303.jpeg,test,real,0,0,0.00015295068442355841,c2_jpeg_resize,jpeg(Q50)->resize(0.50),0.5,50,1
real_00592.jpeg,test,real,0,0,1.2468017303035595e-06,c2_jpeg_resize,jpeg(Q50)->resize(0.50),0.5,50,1
real_00157.jpeg,test,real,0,0,0.20576900243759155,c2_jpeg_resize,jpeg(Q50)->resize(0.50),0.5,50,1
real_00475.jpeg,test,real,0,0,0.04644603282213211,c2_jpeg_resize,jpeg(Q50)->resize(0.50),0.5,50,1
real_00071.jpeg,test,real,0,1,0.9541051387786865,c2_jpeg_resize,jpeg(Q50)->resize(0.50),0.5,50,1
real_00235.jpeg,test,real,0,0,0.028726188465952873,c2_jpeg_resize,jpeg(Q50)->resize(0.50),0.5,50,1
real_00067.jpeg,test,real,0,0,0.02292027696967125,c2_jpeg_resize,jpeg(Q50)->resize(0.50),0.5,50,1
real_00502.jpeg,test,real,0,0,0.16048862040042877,c2_jpeg_resize,jpeg(Q50)->resize(0.50),0.5,50,1
real_00099.jpeg,test,real,0,0,0.006679936312139034,c2_jpeg_resize,jpeg(Q50)->resize(0.50),0.5,50,1
real_00508.jpeg,test,real,0,0,0.1545809954404831,c2_jpeg_resize,jpeg(Q50)->resize(0.50),0.5,50,1
real_00036.jpeg,test,real,0,0,0.35600218176841736,c2_jpeg_resize,jpeg(Q50)->resize(0.50),0.5,50,1
real_00149.jpeg,test,real,0,0,0.0005542563740164042,c2_jpeg_resize,jpeg(Q50)->resize(0.50),0.5,50,1
real_00220.jpeg,test,real,0,0,0.27949079871177673,c2_jpeg_resize,jpeg(Q50)->resize(0.50),0.5,50,1
real_00418.jpeg,test,real,0,0,0.053116876631975174,c2_jpeg_resize,jpeg(Q50)->resize(0.50),0.5,50,1
real_00466.jpeg,test,real,0,0,0.42074790596961975,c2_jpeg_resize,jpeg(Q50)->resize(0.50),0.5,50,1
real_00120.jpeg,test,real,0,0,0.06794522702693939,c2_jpeg_resize,jpeg(Q50)->resize(0.50),0.5,50,1
real_00139.jpeg,test,real,0,0,0.289320170879364,c2_jpeg_resize,jpeg(Q50)->resize(0.50),0.5,50,1
real_00589.jpeg,test,real,0,1,0.9982740879058838,c2_jpeg_resize,jpeg(Q50)->resize(0.50),0.5,50,1
real_00276.jpeg,test,real,0,0,0.48035892844200134,c2_jpeg_resize,jpeg(Q50)->resize(0.50),0.5,50,1
real_00377.jpeg,test,real,0,1,0.6794246435165405,c2_jpeg_resize,jpeg(Q50)->resize(0.50),0.5,50,1
real_00175.jpeg,test,real,0,1,0.675854504108429,c2_jpeg_resize,jpeg(Q50)->resize(0.50),0.5,50,1
real_00001.jpeg,test,real,0,0,0.30570724606513977,c2_jpeg_resize,jpeg(Q50)->resize(0.50),0.5,50,1
real_00424.jpeg,test,real,0,0,0.00601009838283062,c2_jpeg_resize,jpeg(Q50)->resize(0.50),0.5,50,1
real_00197.jpeg,test,real,0,0,0.003979693166911602,c2_jpeg_resize,jpeg(Q50)->resize(0.50),0.5,50,1
real_00246.jpeg,test,real,0,0,0.32146304845809937,c2_jpeg_resize,jpeg(Q50)->resize(0.50),0.5,50,1
real_00325.jpeg,test,real,0,0,0.39840230345726013,c2_jpeg_resize,jpeg(Q50)->resize(0.50),0.5,50,1
real_00150.jpeg,test,real,0,0,0.00014938661479391158,c2_jpeg_resize,jpeg(Q50)->resize(0.50),0.5,50,1
real_00501.jpeg,test,real,0,0,0.00407454464584589,c2_jpeg_resize,jpeg(Q50)->resize(0.50),0.5,50,1
real_00428.jpeg,test,real,0,0,0.015478965826332569,c2_jpeg_resize,jpeg(Q50)->resize(0.50),0.5,50,1
real_00222.jpeg,test,real,0,1,0.8691185712814331,c2_jpeg_resize,jpeg(Q50)->resize(0.50),0.5,50,1
real_00045.jpeg,test,real,0,0,0.12157773226499557,c2_jpeg_resize,jpeg(Q50)->resize(0.50),0.5,50,1
real_00338.jpeg,test,real,0,0,0.00048760772915557027,c2_jpeg_resize,jpeg(Q50)->resize(0.50),0.5,50,1
real_00390.jpeg,test,real,0,0,0.1019982174038887,c2_jpeg_resize,jpeg(Q50)->resize(0.50),0.5,50,1
real_00062.jpeg,test,real,0,1,0.8953341841697693,c2_jpeg_resize,jpeg(Q50)->resize(0.50),0.5,50,1
real_00426.jpeg,test,real,0,0,0.029718885198235512,c2_jpeg_resize,jpeg(Q50)->resize(0.50),0.5,50,1
real_00247.jpeg,test,real,0,0,0.3087589144706726,c2_jpeg_resize,jpeg(Q50)->resize(0.50),0.5,50,1
real_00152.jpeg,test,real,0,0,0.10900034010410309,c2_jpeg_resize,jpeg(Q50)->resize(0.50),0.5,50,1
real_00156.jpeg,test,real,0,0,0.010319815948605537,c2_jpeg_resize,jpeg(Q50)->resize(0.50),0.5,50,1
real_00084.jpeg,test,real,0,1,0.995070219039917,c2_jpeg_resize,jpeg(Q50)->resize(0.50),0.5,50,1
real_00212.jpeg,test,real,0,0,0.3085973560810089,c2_jpeg_resize,jpeg(Q50)->resize(0.50),0.5,50,1
real_00184.jpeg,test,real,0,0,0.2750522196292877,c2_jpeg_resize,jpeg(Q50)->resize(0.50),0.5,50,1
real_00309.jpeg,test,real,0,0,0.12793803215026855,c2_jpeg_resize,jpeg(Q50)->resize(0.50),0.5,50,1
real_00423.jpeg,test,real,0,1,0.9534816741943359,c2_jpeg_resize,jpeg(Q50)->resize(0.50),0.5,50,1
real_00095.jpeg,test,real,0,0,0.005990511272102594,c2_jpeg_resize,jpeg(Q50)->resize(0.50),0.5,50,1
real_00264.jpeg,test,real,0,0,0.17605814337730408,c2_jpeg_resize,jpeg(Q50)->resize(0.50),0.5,50,1
real_00105.jpeg,test,real,0,0,0.15427003800868988,c2_jpeg_resize,jpeg(Q50)->resize(0.50),0.5,50,1
real_00024.jpeg,test,real,0,0,0.0007673670188523829,c2_jpeg_resize,jpeg(Q50)->resize(0.50),0.5,50,1
real_00293.jpeg,test,real,0,0,0.0020811734721064568,c2_jpeg_resize,jpeg(Q50)->resize(0.50),0.5,50,1
real_00311.jpeg,test,real,0,0,0.19241398572921753,c2_jpeg_resize,jpeg(Q50)->resize(0.50),0.5,50,1
real_00032.jpeg,test,real,0,0,0.3598106801509857,c2_jpeg_resize,jpeg(Q50)->resize(0.50),0.5,50,1
real_00374.jpeg,test,real,0,0,0.05837151035666466,c2_jpeg_resize,jpeg(Q50)->resize(0.50),0.5,50,1
real_00492.jpeg,test,real,0,0,0.16332221031188965,c2_jpeg_resize,jpeg(Q50)->resize(0.50),0.5,50,1
real_00162.jpeg,test,real,0,0,0.11490160971879959,c2_jpeg_resize,jpeg(Q50)->resize(0.50),0.5,50,1
real_00588.jpeg,test,real,0,0,0.03338198736310005,c2_jpeg_resize,jpeg(Q50)->resize(0.50),0.5,50,1
real_00411.jpeg,test,real,0,0,0.3313262462615967,c2_jpeg_resize,jpeg(Q50)->resize(0.50),0.5,50,1
real_00241.jpeg,test,real,0,1,0.5918294191360474,c2_jpeg_resize,jpeg(Q50)->resize(0.50),0.5,50,1
real_00432.jpeg,test,real,0,1,0.8354716897010803,c2_jpeg_resize,jpeg(Q50)->resize(0.50),0.5,50,1
real_00025.jpeg,test,real,0,0,0.2551269233226776,c2_jpeg_resize,jpeg(Q50)->resize(0.50),0.5,50,1
real_00079.jpeg,test,real,0,1,0.9873493313789368,c2_jpeg_resize,jpeg(Q50)->resize(0.50),0.5,50,1
real_00351.jpeg,test,real,0,1,0.5158125162124634,c2_jpeg_resize,jpeg(Q50)->resize(0.50),0.5,50,1
real_00590.jpeg,test,real,0,0,0.2619937062263489,c2_jpeg_resize,jpeg(Q50)->resize(0.50),0.5,50,1
real_00240.jpeg,test,real,0,0,0.1284182220697403,c2_jpeg_resize,jpeg(Q50)->resize(0.50),0.5,50,1
real_00583.jpeg,test,real,0,0,0.04723633453249931,c2_jpeg_resize,jpeg(Q50)->resize(0.50),0.5,50,1
real_00116.jpeg,test,real,0,1,0.7893023490905762,c2_jpeg_resize,jpeg(Q50)->resize(0.50),0.5,50,1
real_00081.jpeg,test,real,0,0,0.1703568994998932,c2_jpeg_resize,jpeg(Q50)->resize(0.50),0.5,50,1
real_00224.jpeg,test,real,0,1,0.7187579274177551,c2_jpeg_resize,jpeg(Q50)->resize(0.50),0.5,50,1
real_00372.jpeg,test,real,0,0,0.13345883786678314,c2_jpeg_resize,jpeg(Q50)->resize(0.50),0.5,50,1
real_00074.jpeg,test,real,0,0,0.015698211267590523,c2_jpeg_resize,jpeg(Q50)->resize(0.50),0.5,50,1
real_00555.jpeg,test,real,0,0,0.0006777598173357546,c2_jpeg_resize,jpeg(Q50)->resize(0.50),0.5,50,1
real_00399.jpeg,test,real,0,0,0.11200940608978271,c2_jpeg_resize,jpeg(Q50)->resize(0.50),0.5,50,1
real_00308.jpeg,test,real,0,0,0.07402702420949936,c2_jpeg_resize,jpeg(Q50)->resize(0.50),0.5,50,1
real_00132.jpeg,test,real,0,0,0.41611170768737793,c2_jpeg_resize,jpeg(Q50)->resize(0.50),0.5,50,1
real_00478.jpeg,test,real,0,0,0.2814449667930603,c2_jpeg_resize,jpeg(Q50)->resize(0.50),0.5,50,1
real_00435.jpeg,test,real,0,0,0.04095166176557541,c2_jpeg_resize,jpeg(Q50)->resize(0.50),0.5,50,1
real_00072.jpeg,test,real,0,0,0.421836793422699,c2_jpeg_resize,jpeg(Q50)->resize(0.50),0.5,50,1
real_00037.jpeg,test,real,0,1,0.9997789263725281,c2_jpeg_resize,jpeg(Q50)->resize(0.50),0.5,50,1
real_00272.jpeg,test,real,0,1,0.9454973936080933,c2_jpeg_resize,jpeg(Q50)->resize(0.50),0.5,50,1
real_00102.jpeg,test,real,0,0,0.3652769923210144,c2_jpeg_resize,jpeg(Q50)->resize(0.50),0.5,50,1
real_00044.jpeg,test,real,0,1,0.6923578977584839,c2_jpeg_resize,jpeg(Q50)->resize(0.50),0.5,50,1
real_00546.jpeg,test,real,0,1,0.7166681289672852,c2_jpeg_resize,jpeg(Q50)->resize(0.50),0.5,50,1
real_00146.jpeg,test,real,0,0,0.21946755051612854,c2_jpeg_resize,jpeg(Q50)->resize(0.50),0.5,50,1
real_00361.jpeg,test,real,0,0,0.21135367453098297,c2_jpeg_resize,jpeg(Q50)->resize(0.50),0.5,50,1
real_00498.jpeg,test,real,0,0,0.4309803247451782,c2_jpeg_resize,jpeg(Q50)->resize(0.50),0.5,50,1
real_00567.jpeg,test,real,0,0,0.0005330934072844684,c2_jpeg_resize,jpeg(Q50)->resize(0.50),0.5,50,1
real_00229.jpeg,test,real,0,1,0.8469188809394836,c2_jpeg_resize,jpeg(Q50)->resize(0.50),0.5,50,1
real_00573.jpeg,test,real,0,0,0.21544796228408813,c2_jpeg_resize,jpeg(Q50)->resize(0.50),0.5,50,1
real_00452.jpeg,test,real,0,1,0.7931230068206787,c2_jpeg_resize,jpeg(Q50)->resize(0.50),0.5,50,1
real_00258.jpeg,test,real,0,0,0.12022369354963303,c2_jpeg_resize,jpeg(Q50)->resize(0.50),0.5,50,1
real_00581.jpeg,test,real,0,0,0.24581056833267212,c2_jpeg_resize,jpeg(Q50)->resize(0.50),0.5,50,1
real_00340.jpeg,test,real,0,0,0.3844367563724518,c2_jpeg_resize,jpeg(Q50)->resize(0.50),0.5,50,1
real_00516.jpeg,test,real,0,1,0.6861582398414612,c2_jpeg_resize,jpeg(Q50)->resize(0.50),0.5,50,1
real_00524.jpeg,test,real,0,0,0.04452472925186157,c2_jpeg_resize,jpeg(Q50)->resize(0.50),0.5,50,1
real_00554.jpeg,test,real,0,0,0.4977817237377167,c2_jpeg_resize,jpeg(Q50)->resize(0.50),0.5,50,1
real_00299.jpeg,test,real,0,0,9.108541235036682e-06,c2_jpeg_resize,jpeg(Q50)->resize(0.50),0.5,50,1
real_00439.jpeg,test,real,0,0,0.011909903027117252,c2_jpeg_resize,jpeg(Q50)->resize(0.50),0.5,50,1
real_00166.jpeg,test,real,0,0,0.08352241665124893,c2_jpeg_resize,jpeg(Q50)->resize(0.50),0.5,50,1
real_00392.jpeg,test,real,0,0,0.028852008283138275,c2_jpeg_resize,jpeg(Q50)->resize(0.50),0.5,50,1
real_00086.jpeg,test,real,0,0,0.0017333892174065113,c2_jpeg_resize,jpeg(Q50)->resize(0.50),0.5,50,1
real_00537.jpeg,test,real,0,1,0.9294129610061646,c2_jpeg_resize,jpeg(Q50)->resize(0.50),0.5,50,1
real_00431.jpeg,test,real,0,0,0.0006161162746138871,c2_jpeg_resize,jpeg(Q50)->resize(0.50),0.5,50,1
real_00389.jpeg,test,real,0,0,0.020344305783510208,c2_jpeg_resize,jpeg(Q50)->resize(0.50),0.5,50,1
real_00534.jpeg,test,real,0,0,0.0006290968740358949,c2_jpeg_resize,jpeg(Q50)->resize(0.50),0.5,50,1
real_00541.jpeg,test,real,0,0,5.835589035996236e-05,c2_jpeg_resize,jpeg(Q50)->resize(0.50),0.5,50,1
real_00094.jpeg,test,real,0,1,0.956737756729126,c2_jpeg_resize,jpeg(Q50)->resize(0.50),0.5,50,1
real_00226.jpeg,test,real,0,0,0.08031297475099564,c2_jpeg_resize,jpeg(Q50)->resize(0.50),0.5,50,1
real_00200.jpeg,test,real,0,0,0.052634239196777344,c2_jpeg_resize,jpeg(Q50)->resize(0.50),0.5,50,1
real_00330.jpeg,test,real,0,0,0.06939907371997833,c2_jpeg_resize,jpeg(Q50)->resize(0.50),0.5,50,1
real_00091.jpeg,test,real,0,1,0.9879651069641113,c2_jpeg_resize,jpeg(Q50)->resize(0.50),0.5,50,1
real_00472.jpeg,test,real,0,0,0.0013847353402525187,c2_jpeg_resize,jpeg(Q50)->resize(0.50),0.5,50,1
real_00493.jpeg,test,real,0,0,0.07612822204828262,c2_jpeg_resize,jpeg(Q50)->resize(0.50),0.5,50,1
real_00053.jpeg,test,real,0,0,0.12920796871185303,c2_jpeg_resize,jpeg(Q50)->resize(0.50),0.5,50,1
real_00298.jpeg,test,real,0,1,0.7105260491371155,c2_jpeg_resize,jpeg(Q50)->resize(0.50),0.5,50,1
real_00366.jpeg,test,real,0,0,0.19228024780750275,c2_jpeg_resize,jpeg(Q50)->resize(0.50),0.5,50,1
real_00182.jpeg,test,real,0,0,0.0107450932264328,c2_jpeg_resize,jpeg(Q50)->resize(0.50),0.5,50,1
real_00490.jpeg,test,real,0,0,0.017105838283896446,c2_jpeg_resize,jpeg(Q50)->resize(0.50),0.5,50,1
real_00593.jpeg,test,real,0,1,0.964766800403595,c2_jpeg_resize,jpeg(Q50)->resize(0.50),0.5,50,1
real_00137.jpeg,test,real,0,0,0.12614861130714417,c2_jpeg_resize,jpeg(Q50)->resize(0.50),0.5,50,1
real_00314.jpeg,test,real,0,0,0.4925377070903778,c2_jpeg_resize,jpeg(Q50)->resize(0.50),0.5,50,1
real_00471.jpeg,test,real,0,0,0.49059996008872986,c2_jpeg_resize,jpeg(Q50)->resize(0.50),0.5,50,1
real_00365.jpeg,test,real,0,0,0.04099195823073387,c2_jpeg_resize,jpeg(Q50)->resize(0.50),0.5,50,1
real_00042.jpeg,test,real,0,0,0.0002035763900494203,c2_jpeg_resize,jpeg(Q50)->resize(0.50),0.5,50,1
real_00448.jpeg,test,real,0,1,0.9091194868087769,c2_jpeg_resize,jpeg(Q50)->resize(0.50),0.5,50,1
real_00188.jpeg,test,real,0,0,0.0907856822013855,c2_jpeg_resize,jpeg(Q50)->resize(0.50),0.5,50,1
real_00245.jpeg,test,real,0,0,0.25810304284095764,c2_jpeg_resize,jpeg(Q50)->resize(0.50),0.5,50,1
real_00509.jpeg,test,real,0,0,4.148795051150955e-05,c2_jpeg_resize,jpeg(Q50)->resize(0.50),0.5,50,1
real_00265.jpeg,test,real,0,0,0.05689999833703041,c2_jpeg_resize,jpeg(Q50)->resize(0.50),0.5,50,1
real_00443.jpeg,test,real,0,0,0.18565808236598969,c2_jpeg_resize,jpeg(Q50)->resize(0.50),0.5,50,1
real_00284.jpeg,test,real,0,0,0.13234154880046844,c2_jpeg_resize,jpeg(Q50)->resize(0.50),0.5,50,1
real_00386.jpeg,test,real,0,0,0.02370980754494667,c2_jpeg_resize,jpeg(Q50)->resize(0.50),0.5,50,1
real_00548.jpeg,test,real,0,0,1.653221079322975e-05,c2_jpeg_resize,jpeg(Q50)->resize(0.50),0.5,50,1
real_00487.jpeg,test,real,0,0,0.1345992386341095,c2_jpeg_resize,jpeg(Q50)->resize(0.50),0.5,50,1
real_00549.jpeg,test,real,0,1,0.9790228009223938,c2_jpeg_resize,jpeg(Q50)->resize(0.50),0.5,50,1
real_00315.jpeg,test,real,0,0,0.06915012001991272,c2_jpeg_resize,jpeg(Q50)->resize(0.50),0.5,50,1
real_00464.jpeg,test,real,0,0,0.27328112721443176,c2_jpeg_resize,jpeg(Q50)->resize(0.50),0.5,50,1
midjourney_00068.png,test,midjourney,1,0,0.00215365388430655,c2_jpeg_resize,jpeg(Q50)->resize(0.50),0.5,50,1
vqdm_00062.png,test,vqdm,1,1,0.9999998807907104,c2_jpeg_resize,jpeg(Q50)->resize(0.50),0.5,50,1
adm_00019.png,test,adm,1,1,0.9999691247940063,c2_jpeg_resize,jpeg(Q50)->resize(0.50),0.5,50,1
midjourney_00077.png,test,midjourney,1,0,0.00340657657943666,c2_jpeg_resize,jpeg(Q50)->resize(0.50),0.5,50,1
adm_00074.png,test,adm,1,1,0.9998261332511902,c2_jpeg_resize,jpeg(Q50)->resize(0.50),0.5,50,1
wukong_00038.png,test,wukong,1,1,0.9999405145645142,c2_jpeg_resize,jpeg(Q50)->resize(0.50),0.5,50,1
biggan_00049.png,test,biggan,1,1,0.8107304573059082,c2_jpeg_resize,jpeg(Q50)->resize(0.50),0.5,50,1
midjourney_00036.png,test,midjourney,1,0,0.32503989338874817,c2_jpeg_resize,jpeg(Q50)->resize(0.50),0.5,50,1
glide_00074.png,test,glide,1,1,0.9995948672294617,c2_jpeg_resize,jpeg(Q50)->resize(0.50),0.5,50,1
sdv5_00043.png,test,sdv5,1,1,0.5640623569488525,c2_jpeg_resize,jpeg(Q50)->resize(0.50),0.5,50,1
wukong_00067.png,test,wukong,1,1,0.9988752007484436,c2_jpeg_resize,jpeg(Q50)->resize(0.50),0.5,50,1
vqdm_00041.png,test,vqdm,1,1,0.9999959468841553,c2_jpeg_resize,jpeg(Q50)->resize(0.50),0.5,50,1
wukong_00066.png,test,wukong,1,1,0.6576848030090332,c2_jpeg_resize,jpeg(Q50)->resize(0.50),0.5,50,1
vqdm_00061.png,test,vqdm,1,1,1.0,c2_jpeg_resize,jpeg(Q50)->resize(0.50),0.5,50,1
biggan_00010.png,test,biggan,1,1,0.8451936841011047,c2_jpeg_resize,jpeg(Q50)->resize(0.50),0.5,50,1
midjourney_00011.png,test,midjourney,1,1,0.9991866946220398,c2_jpeg_resize,jpeg(Q50)->resize(0.50),0.5,50,1
adm_00067.png,test,adm,1,1,0.9997072815895081,c2_jpeg_resize,jpeg(Q50)->resize(0.50),0.5,50,1
adm_00063.png,test,adm,1,1,0.9999593496322632,c2_jpeg_resize,jpeg(Q50)->resize(0.50),0.5,50,1
wukong_00015.png,test,wukong,1,1,0.9962130784988403,c2_jpeg_resize,jpeg(Q50)->resize(0.50),0.5,50,1
vqdm_00004.png,test,vqdm,1,1,0.980573832988739,c2_jpeg_resize,jpeg(Q50)->resize(0.50),0.5,50,1
midjourney_00005.png,test,midjourney,1,1,0.6829602122306824,c2_jpeg_resize,jpeg(Q50)->resize(0.50),0.5,50,1
adm_00014.png,test,adm,1,1,1.0,c2_jpeg_resize,jpeg(Q50)->resize(0.50),0.5,50,1
glide_00069.png,test,glide,1,1,0.9723110795021057,c2_jpeg_resize,jpeg(Q50)->resize(0.50),0.5,50,1
vqdm_00010.png,test,vqdm,1,1,1.0,c2_jpeg_resize,jpeg(Q50)->resize(0.50),0.5,50,1
sdv5_00046.png,test,sdv5,1,1,0.9990598559379578,c2_jpeg_resize,jpeg(Q50)->resize(0.50),0.5,50,1
wukong_00023.png,test,wukong,1,1,0.9791097640991211,c2_jpeg_resize,jpeg(Q50)->resize(0.50),0.5,50,1
midjourney_00074.png,test,midjourney,1,1,0.8467241525650024,c2_jpeg_resize,jpeg(Q50)->resize(0.50),0.5,50,1
midjourney_00039.png,test,midjourney,1,1,0.9437242150306702,c2_jpeg_resize,jpeg(Q50)->resize(0.50),0.5,50,1
vqdm_00024.png,test,vqdm,1,1,0.9999096393585205,c2_jpeg_resize,jpeg(Q50)->resize(0.50),0.5,50,1
wukong_00075.png,test,wukong,1,1,0.9683203101158142,c2_jpeg_resize,jpeg(Q50)->resize(0.50),0.5,50,1
biggan_00050.png,test,biggan,1,1,0.9985426664352417,c2_jpeg_resize,jpeg(Q50)->resize(0.50),0.5,50,1
midjourney_00059.png,test,midjourney,1,1,0.956076443195343,c2_jpeg_resize,jpeg(Q50)->resize(0.50),0.5,50,1
biggan_00029.png,test,biggan,1,0,0.49706965684890747,c2_jpeg_resize,jpeg(Q50)->resize(0.50),0.5,50,1
sdv5_00039.png,test,sdv5,1,1,0.9924746155738831,c2_jpeg_resize,jpeg(Q50)->resize(0.50),0.5,50,1
glide_00061.png,test,glide,1,1,0.8426302075386047,c2_jpeg_resize,jpeg(Q50)->resize(0.50),0.5,50,1
biggan_00012.png,test,biggan,1,1,0.9399817585945129,c2_jpeg_resize,jpeg(Q50)->resize(0.50),0.5,50,1
biggan_00080.png,test,biggan,1,1,1.0,c2_jpeg_resize,jpeg(Q50)->resize(0.50),0.5,50,1
glide_00053.png,test,glide,1,1,0.9917924404144287,c2_jpeg_resize,jpeg(Q50)->resize(0.50),0.5,50,1
vqdm_00006.png,test,vqdm,1,1,0.9914731979370117,c2_jpeg_resize,jpeg(Q50)->resize(0.50),0.5,50,1
adm_00023.png,test,adm,1,1,0.9999994039535522,c2_jpeg_resize,jpeg(Q50)->resize(0.50),0.5,50,1
sdv5_00054.png,test,sdv5,1,1,0.9997231364250183,c2_jpeg_resize,jpeg(Q50)->resize(0.50),0.5,50,1
midjourney_00021.png,test,midjourney,1,1,0.9944742321968079,c2_jpeg_resize,jpeg(Q50)->resize(0.50),0.5,50,1
vqdm_00065.png,test,vqdm,1,1,0.8121263384819031,c2_jpeg_resize,jpeg(Q50)->resize(0.50),0.5,50,1
biggan_00055.png,test,biggan,1,0,0.47628143429756165,c2_jpeg_resize,jpeg(Q50)->resize(0.50),0.5,50,1
wukong_00003.png,test,wukong,1,1,0.9995734095573425,c2_jpeg_resize,jpeg(Q50)->resize(0.50),0.5,50,1
biggan_00022.png,test,biggan,1,0,0.041568733751773834,c2_jpeg_resize,jpeg(Q50)->resize(0.50),0.5,50,1
biggan_00081.png,test,biggan,1,0,0.24477912485599518,c2_jpeg_resize,jpeg(Q50)->resize(0.50),0.5,50,1
vqdm_00049.png,test,vqdm,1,1,0.999975323677063,c2_jpeg_resize,jpeg(Q50)->resize(0.50),0.5,50,1
sdv5_00076.png,test,sdv5,1,1,0.9999980926513672,c2_jpeg_resize,jpeg(Q50)->resize(0.50),0.5,50,1
vqdm_00011.png,test,vqdm,1,1,0.9998977184295654,c2_jpeg_resize,jpeg(Q50)->resize(0.50),0.5,50,1
adm_00039.png,test,adm,1,1,1.0,c2_jpeg_resize,jpeg(Q50)->resize(0.50),0.5,50,1
glide_00023.png,test,glide,1,1,0.9874474406242371,c2_jpeg_resize,jpeg(Q50)->resize(0.50),0.5,50,1
sdv5_00063.png,test,sdv5,1,1,0.9999680519104004,c2_jpeg_resize,jpeg(Q50)->resize(0.50),0.5,50,1
biggan_00059.png,test,biggan,1,0,0.46001383662223816,c2_jpeg_resize,jpeg(Q50)->resize(0.50),0.5,50,1
glide_00015.png,test,glide,1,1,0.999996542930603,c2_jpeg_resize,jpeg(Q50)->resize(0.50),0.5,50,1
wukong_00047.png,test,wukong,1,1,0.9665478467941284,c2_jpeg_resize,jpeg(Q50)->resize(0.50),0.5,50,1
vqdm_00037.png,test,vqdm,1,1,0.999822199344635,c2_jpeg_resize,jpeg(Q50)->resize(0.50),0.5,50,1
wukong_00080.png,test,wukong,1,1,0.9999890327453613,c2_jpeg_resize,jpeg(Q50)->resize(0.50),0.5,50,1
midjourney_00076.png,test,midjourney,1,1,0.9965662956237793,c2_jpeg_resize,jpeg(Q50)->resize(0.50),0.5,50,1
sdv5_00061.png,test,sdv5,1,1,1.0,c2_jpeg_resize,jpeg(Q50)->resize(0.50),0.5,50,1
adm_00029.png,test,adm,1,1,0.9855253100395203,c2_jpeg_resize,jpeg(Q50)->resize(0.50),0.5,50,1
glide_00039.png,test,glide,1,1,0.9999940395355225,c2_jpeg_resize,jpeg(Q50)->resize(0.50),0.5,50,1
adm_00072.png,test,adm,1,1,0.9945058226585388,c2_jpeg_resize,jpeg(Q50)->resize(0.50),0.5,50,1
sdv5_00051.png,test,sdv5,1,1,0.9999997615814209,c2_jpeg_resize,jpeg(Q50)->resize(0.50),0.5,50,1
sdv5_00066.png,test,sdv5,1,1,0.9363585710525513,c2_jpeg_resize,jpeg(Q50)->resize(0.50),0.5,50,1
midjourney_00078.png,test,midjourney,1,1,0.9999915361404419,c2_jpeg_resize,jpeg(Q50)->resize(0.50),0.5,50,1
vqdm_00017.png,test,vqdm,1,1,0.5041201114654541,c2_jpeg_resize,jpeg(Q50)->resize(0.50),0.5,50,1
sdv5_00073.png,test,sdv5,1,1,0.9956933856010437,c2_jpeg_resize,jpeg(Q50)->resize(0.50),0.5,50,1
midjourney_00045.png,test,midjourney,1,1,0.7484388947486877,c2_jpeg_resize,jpeg(Q50)->resize(0.50),0.5,50,1
vqdm_00073.png,test,vqdm,1,1,0.8885107636451721,c2_jpeg_resize,jpeg(Q50)->resize(0.50),0.5,50,1
sdv5_00008.png,test,sdv5,1,1,0.9999780654907227,c2_jpeg_resize,jpeg(Q50)->resize(0.50),0.5,50,1
midjourney_00061.png,test,midjourney,1,0,0.044542282819747925,c2_jpeg_resize,jpeg(Q50)->resize(0.50),0.5,50,1
adm_00015.png,test,adm,1,1,1.0,c2_jpeg_resize,jpeg(Q50)->resize(0.50),0.5,50,1
vqdm_00068.png,test,vqdm,1,1,0.9937730431556702,c2_jpeg_resize,jpeg(Q50)->resize(0.50),0.5,50,1
midjourney_00053.png,test,midjourney,1,1,0.999995231628418,c2_jpeg_resize,jpeg(Q50)->resize(0.50),0.5,50,1
sdv5_00050.png,test,sdv5,1,1,0.9996761083602905,c2_jpeg_resize,jpeg(Q50)->resize(0.50),0.5,50,1
glide_00050.png,test,glide,1,1,0.9994372725486755,c2_jpeg_resize,jpeg(Q50)->resize(0.50),0.5,50,1
midjourney_00069.png,test,midjourney,1,1,0.7152017951011658,c2_jpeg_resize,jpeg(Q50)->resize(0.50),0.5,50,1
glide_00038.png,test,glide,1,1,0.9845794439315796,c2_jpeg_resize,jpeg(Q50)->resize(0.50),0.5,50,1
biggan_00011.png,test,biggan,1,0,0.013235689140856266,c2_jpeg_resize,jpeg(Q50)->resize(0.50),0.5,50,1
biggan_00082.png,test,biggan,1,1,0.9999997615814209,c2_jpeg_resize,jpeg(Q50)->resize(0.50),0.5,50,1
wukong_00005.png,test,wukong,1,1,0.9999998807907104,c2_jpeg_resize,jpeg(Q50)->resize(0.50),0.5,50,1
wukong_00014.png,test,wukong,1,1,0.9999978542327881,c2_jpeg_resize,jpeg(Q50)->resize(0.50),0.5,50,1
midjourney_00071.png,test,midjourney,1,0,0.004791962448507547,c2_jpeg_resize,jpeg(Q50)->resize(0.50),0.5,50,1
midjourney_00009.png,test,midjourney,1,1,0.8866887092590332,c2_jpeg_resize,jpeg(Q50)->resize(0.50),0.5,50,1
midjourney_00044.png,test,midjourney,1,1,0.9743722081184387,c2_jpeg_resize,jpeg(Q50)->resize(0.50),0.5,50,1
biggan_00017.png,test,biggan,1,1,0.9918491840362549,c2_jpeg_resize,jpeg(Q50)->resize(0.50),0.5,50,1
glide_00082.png,test,glide,1,1,0.5491714477539062,c2_jpeg_resize,jpeg(Q50)->resize(0.50),0.5,50,1
glide_00037.png,test,glide,1,0,0.19343364238739014,c2_jpeg_resize,jpeg(Q50)->resize(0.50),0.5,50,1
adm_00027.png,test,adm,1,1,0.9999727010726929,c2_jpeg_resize,jpeg(Q50)->resize(0.50),0.5,50,1
midjourney_00024.png,test,midjourney,1,1,0.9999661445617676,c2_jpeg_resize,jpeg(Q50)->resize(0.50),0.5,50,1
glide_00033.png,test,glide,1,1,0.9934291243553162,c2_jpeg_resize,jpeg(Q50)->resize(0.50),0.5,50,1
midjourney_00007.png,test,midjourney,1,1,0.9865264296531677,c2_jpeg_resize,jpeg(Q50)->resize(0.50),0.5,50,1
sdv5_00072.png,test,sdv5,1,1,0.9432053565979004,c2_jpeg_resize,jpeg(Q50)->resize(0.50),0.5,50,1
wukong_00022.png,test,wukong,1,1,0.9980746507644653,c2_jpeg_resize,jpeg(Q50)->resize(0.50),0.5,50,1
vqdm_00032.png,test,vqdm,1,0,0.004738900810480118,c2_jpeg_resize,jpeg(Q50)->resize(0.50),0.5,50,1
glide_00009.png,test,glide,1,1,1.0,c2_jpeg_resize,jpeg(Q50)->resize(0.50),0.5,50,1
biggan_00030.png,test,biggan,1,0,0.24994131922721863,c2_jpeg_resize,jpeg(Q50)->resize(0.50),0.5,50,1
wukong_00057.png,test,wukong,1,1,0.9979656934738159,c2_jpeg_resize,jpeg(Q50)->resize(0.50),0.5,50,1
adm_00079.png,test,adm,1,1,1.0,c2_jpeg_resize,jpeg(Q50)->resize(0.50),0.5,50,1
vqdm_00031.png,test,vqdm,1,1,0.9999868869781494,c2_jpeg_resize,jpeg(Q50)->resize(0.50),0.5,50,1
glide_00010.png,test,glide,1,1,1.0,c2_jpeg_resize,jpeg(Q50)->resize(0.50),0.5,50,1
wukong_00009.png,test,wukong,1,1,0.9966230392456055,c2_jpeg_resize,jpeg(Q50)->resize(0.50),0.5,50,1
glide_00013.png,test,glide,1,1,0.6735235452651978,c2_jpeg_resize,jpeg(Q50)->resize(0.50),0.5,50,1
vqdm_00023.png,test,vqdm,1,1,0.9939568042755127,c2_jpeg_resize,jpeg(Q50)->resize(0.50),0.5,50,1
sdv5_00011.png,test,sdv5,1,1,0.9963268637657166,c2_jpeg_resize,jpeg(Q50)->resize(0.50),0.5,50,1
sdv5_00047.png,test,sdv5,1,1,0.999997615814209,c2_jpeg_resize,jpeg(Q50)->resize(0.50),0.5,50,1
sdv5_00009.png,test,sdv5,1,1,0.9952384233474731,c2_jpeg_resize,jpeg(Q50)->resize(0.50),0.5,50,1
sdv5_00010.png,test,sdv5,1,1,0.9985507130622864,c2_jpeg_resize,jpeg(Q50)->resize(0.50),0.5,50,1
glide_00076.png,test,glide,1,1,0.999984622001648,c2_jpeg_resize,jpeg(Q50)->resize(0.50),0.5,50,1
adm_00081.png,test,adm,1,1,0.996830403804779,c2_jpeg_resize,jpeg(Q50)->resize(0.50),0.5,50,1
sdv5_00023.png,test,sdv5,1,1,0.9998525381088257,c2_jpeg_resize,jpeg(Q50)->resize(0.50),0.5,50,1
biggan_00003.png,test,biggan,1,1,0.9695680737495422,c2_jpeg_resize,jpeg(Q50)->resize(0.50),0.5,50,1
wukong_00061.png,test,wukong,1,1,0.9956458210945129,c2_jpeg_resize,jpeg(Q50)->resize(0.50),0.5,50,1
adm_00085.png,test,adm,1,1,0.6802771687507629,c2_jpeg_resize,jpeg(Q50)->resize(0.50),0.5,50,1
midjourney_00014.png,test,midjourney,1,1,0.9519968628883362,c2_jpeg_resize,jpeg(Q50)->resize(0.50),0.5,50,1
vqdm_00042.png,test,vqdm,1,1,0.9847550988197327,c2_jpeg_resize,jpeg(Q50)->resize(0.50),0.5,50,1
wukong_00076.png,test,wukong,1,1,0.999919056892395,c2_jpeg_resize,jpeg(Q50)->resize(0.50),0.5,50,1
vqdm_00035.png,test,vqdm,1,0,0.06752345710992813,c2_jpeg_resize,jpeg(Q50)->resize(0.50),0.5,50,1
sdv5_00037.png,test,sdv5,1,1,0.994513988494873,c2_jpeg_resize,jpeg(Q50)->resize(0.50),0.5,50,1
biggan_00000.png,test,biggan,1,1,0.6941803097724915,c2_jpeg_resize,jpeg(Q50)->resize(0.50),0.5,50,1
sdv5_00053.png,test,sdv5,1,1,0.9999939203262329,c2_jpeg_resize,jpeg(Q50)->resize(0.50),0.5,50,1
midjourney_00034.png,test,midjourney,1,1,0.9960410594940186,c2_jpeg_resize,jpeg(Q50)->resize(0.50),0.5,50,1
wukong_00033.png,test,wukong,1,1,0.9996165037155151,c2_jpeg_resize,jpeg(Q50)->resize(0.50),0.5,50,1
glide_00011.png,test,glide,1,1,0.9757218956947327,c2_jpeg_resize,jpeg(Q50)->resize(0.50),0.5,50,1
glide_00008.png,test,glide,1,1,0.9807730913162231,c2_jpeg_resize,jpeg(Q50)->resize(0.50),0.5,50,1
adm_00044.png,test,adm,1,1,0.9999414682388306,c2_jpeg_resize,jpeg(Q50)->resize(0.50),0.5,50,1
sdv5_00029.png,test,sdv5,1,1,0.9999978542327881,c2_jpeg_resize,jpeg(Q50)->resize(0.50),0.5,50,1
sdv5_00081.png,test,sdv5,1,1,0.999997615814209,c2_jpeg_resize,jpeg(Q50)->resize(0.50),0.5,50,1
sdv5_00040.png,test,sdv5,1,1,0.8968109488487244,c2_jpeg_resize,jpeg(Q50)->resize(0.50),0.5,50,1
adm_00042.png,test,adm,1,1,0.9997866749763489,c2_jpeg_resize,jpeg(Q50)->resize(0.50),0.5,50,1
sdv5_00059.png,test,sdv5,1,1,0.9931228756904602,c2_jpeg_resize,jpeg(Q50)->resize(0.50),0.5,50,1
wukong_00017.png,test,wukong,1,1,0.9999518394470215,c2_jpeg_resize,jpeg(Q50)->resize(0.50),0.5,50,1
wukong_00058.png,test,wukong,1,1,0.9999935626983643,c2_jpeg_resize,jpeg(Q50)->resize(0.50),0.5,50,1
adm_00086.png,test,adm,1,1,1.0,c2_jpeg_resize,jpeg(Q50)->resize(0.50),0.5,50,1
midjourney_00049.png,test,midjourney,1,1,0.9657788276672363,c2_jpeg_resize,jpeg(Q50)->resize(0.50),0.5,50,1
midjourney_00065.png,test,midjourney,1,1,0.9999997615814209,c2_jpeg_resize,jpeg(Q50)->resize(0.50),0.5,50,1
midjourney_00006.png,test,midjourney,1,1,0.9911383986473083,c2_jpeg_resize,jpeg(Q50)->resize(0.50),0.5,50,1
wukong_00079.png,test,wukong,1,1,0.9999755620956421,c2_jpeg_resize,jpeg(Q50)->resize(0.50),0.5,50,1
sdv5_00085.png,test,sdv5,1,1,0.9999997615814209,c2_jpeg_resize,jpeg(Q50)->resize(0.50),0.5,50,1
sdv5_00065.png,test,sdv5,1,1,0.9935412406921387,c2_jpeg_resize,jpeg(Q50)->resize(0.50),0.5,50,1
wukong_00037.png,test,wukong,1,1,0.9969469904899597,c2_jpeg_resize,jpeg(Q50)->resize(0.50),0.5,50,1
biggan_00032.png,test,biggan,1,1,0.65880286693573,c2_jpeg_resize,jpeg(Q50)->resize(0.50),0.5,50,1
wukong_00011.png,test,wukong,1,1,0.9999945163726807,c2_jpeg_resize,jpeg(Q50)->resize(0.50),0.5,50,1
biggan_00053.png,test,biggan,1,1,1.0,c2_jpeg_resize,jpeg(Q50)->resize(0.50),0.5,50,1
sdv5_00005.png,test,sdv5,1,1,0.9891641736030579,c2_jpeg_resize,jpeg(Q50)->resize(0.50),0.5,50,1
adm_00057.png,test,adm,1,0,0.026845164597034454,c2_jpeg_resize,jpeg(Q50)->resize(0.50),0.5,50,1
wukong_00024.png,test,wukong,1,1,0.9968184232711792,c2_jpeg_resize,jpeg(Q50)->resize(0.50),0.5,50,1
glide_00056.png,test,glide,1,1,0.9999860525131226,c2_jpeg_resize,jpeg(Q50)->resize(0.50),0.5,50,1
adm_00004.png,test,adm,1,1,1.0,c2_jpeg_resize,jpeg(Q50)->resize(0.50),0.5,50,1
midjourney_00081.png,test,midjourney,1,0,0.0012278202921152115,c2_jpeg_resize,jpeg(Q50)->resize(0.50),0.5,50,1
sdv5_00083.png,test,sdv5,1,1,0.8677268624305725,c2_jpeg_resize,jpeg(Q50)->resize(0.50),0.5,50,1
glide_00042.png,test,glide,1,1,0.9376798868179321,c2_jpeg_resize,jpeg(Q50)->resize(0.50),0.5,50,1
glide_00029.png,test,glide,1,1,0.6463359594345093,c2_jpeg_resize,jpeg(Q50)->resize(0.50),0.5,50,1
vqdm_00022.png,test,vqdm,1,1,0.9970222115516663,c2_jpeg_resize,jpeg(Q50)->resize(0.50),0.5,50,1
adm_00007.png,test,adm,1,1,0.9999271631240845,c2_jpeg_resize,jpeg(Q50)->resize(0.50),0.5,50,1
vqdm_00082.png,test,vqdm,1,1,0.9955447316169739,c2_jpeg_resize,jpeg(Q50)->resize(0.50),0.5,50,1
glide_00052.png,test,glide,1,1,0.9999898672103882,c2_jpeg_resize,jpeg(Q50)->resize(0.50),0.5,50,1
adm_00066.png,test,adm,1,1,0.9995861649513245,c2_jpeg_resize,jpeg(Q50)->resize(0.50),0.5,50,1
sdv5_00026.png,test,sdv5,1,0,0.382590115070343,c2_jpeg_resize,jpeg(Q50)->resize(0.50),0.5,50,1
wukong_00004.png,test,wukong,1,1,0.9999991655349731,c2_jpeg_resize,jpeg(Q50)->resize(0.50),0.5,50,1
wukong_00034.png,test,wukong,1,1,0.9997333884239197,c2_jpeg_resize,jpeg(Q50)->resize(0.50),0.5,50,1
adm_00073.png,test,adm,1,1,0.9978154897689819,c2_jpeg_resize,jpeg(Q50)->resize(0.50),0.5,50,1
sdv5_00056.png,test,sdv5,1,1,0.9925722479820251,c2_jpeg_resize,jpeg(Q50)->resize(0.50),0.5,50,1
adm_00050.png,test,adm,1,1,0.9995402097702026,c2_jpeg_resize,jpeg(Q50)->resize(0.50),0.5,50,1
biggan_00004.png,test,biggan,1,1,0.9803017973899841,c2_jpeg_resize,jpeg(Q50)->resize(0.50),0.5,50,1
midjourney_00063.png,test,midjourney,1,1,0.9263007044792175,c2_jpeg_resize,jpeg(Q50)->resize(0.50),0.5,50,1
glide_00007.png,test,glide,1,0,0.15473031997680664,c2_jpeg_resize,jpeg(Q50)->resize(0.50),0.5,50,1
vqdm_00059.png,test,vqdm,1,1,0.5239405035972595,c2_jpeg_resize,jpeg(Q50)->resize(0.50),0.5,50,1
midjourney_00051.png,test,midjourney,1,0,0.07291148602962494,c2_jpeg_resize,jpeg(Q50)->resize(0.50),0.5,50,1
adm_00040.png,test,adm,1,1,0.9005304574966431,c2_jpeg_resize,jpeg(Q50)->resize(0.50),0.5,50,1
vqdm_00046.png,test,vqdm,1,1,0.9797236919403076,c2_jpeg_resize,jpeg(Q50)->resize(0.50),0.5,50,1
glide_00071.png,test,glide,1,1,0.9995349645614624,c2_jpeg_resize,jpeg(Q50)->resize(0.50),0.5,50,1
midjourney_00040.png,test,midjourney,1,1,0.7664951086044312,c2_jpeg_resize,jpeg(Q50)->resize(0.50),0.5,50,1
biggan_00056.png,test,biggan,1,1,0.8924848437309265,c2_jpeg_resize,jpeg(Q50)->resize(0.50),0.5,50,1
wukong_00030.png,test,wukong,1,1,0.9955549836158752,c2_jpeg_resize,jpeg(Q50)->resize(0.50),0.5,50,1
adm_00045.png,test,adm,1,1,0.9828926920890808,c2_jpeg_resize,jpeg(Q50)->resize(0.50),0.5,50,1
vqdm_00069.png,test,vqdm,1,1,0.9999469518661499,c2_jpeg_resize,jpeg(Q50)->resize(0.50),0.5,50,1
sdv5_00013.png,test,sdv5,1,1,0.9987493753433228,c2_jpeg_resize,jpeg(Q50)->resize(0.50),0.5,50,1
adm_00058.png,test,adm,1,1,0.9999939203262329,c2_jpeg_resize,jpeg(Q50)->resize(0.50),0.5,50,1
biggan_00037.png,test,biggan,1,1,0.9999972581863403,c2_jpeg_resize,jpeg(Q50)->resize(0.50),0.5,50,1
vqdm_00039.png,test,vqdm,1,1,0.9999997615814209,c2_jpeg_resize,jpeg(Q50)->resize(0.50),0.5,50,1
sdv5_00034.png,test,sdv5,1,1,0.9999685287475586,c2_jpeg_resize,jpeg(Q50)->resize(0.50),0.5,50,1
glide_00047.png,test,glide,1,1,0.9945775270462036,c2_jpeg_resize,jpeg(Q50)->resize(0.50),0.5,50,1
biggan_00063.png,test,biggan,1,1,0.8670186400413513,c2_jpeg_resize,jpeg(Q50)->resize(0.50),0.5,50,1
glide_00045.png,test,glide,1,1,1.0,c2_jpeg_resize,jpeg(Q50)->resize(0.50),0.5,50,1
wukong_00027.png,test,wukong,1,1,0.9802574515342712,c2_jpeg_resize,jpeg(Q50)->resize(0.50),0.5,50,1
vqdm_00027.png,test,vqdm,1,1,0.9999958276748657,c2_jpeg_resize,jpeg(Q50)->resize(0.50),0.5,50,1
glide_00024.png,test,glide,1,1,0.999859094619751,c2_jpeg_resize,jpeg(Q50)->resize(0.50),0.5,50,1
wukong_00085.png,test,wukong,1,1,0.999823272228241,c2_jpeg_resize,jpeg(Q50)->resize(0.50),0.5,50,1
glide_00043.png,test,glide,1,1,0.9951716065406799,c2_jpeg_resize,jpeg(Q50)->resize(0.50),0.5,50,1
vqdm_00055.png,test,vqdm,1,1,0.9999256134033203,c2_jpeg_resize,jpeg(Q50)->resize(0.50),0.5,50,1
midjourney_00057.png,test,midjourney,1,1,0.9999891519546509,c2_jpeg_resize,jpeg(Q50)->resize(0.50),0.5,50,1
wukong_00062.png,test,wukong,1,1,0.9444424510002136,c2_jpeg_resize,jpeg(Q50)->resize(0.50),0.5,50,1
sdv5_00007.png,test,sdv5,1,1,0.9993182420730591,c2_jpeg_resize,jpeg(Q50)->resize(0.50),0.5,50,1
biggan_00043.png,test,biggan,1,0,0.05692090466618538,c2_jpeg_resize,jpeg(Q50)->resize(0.50),0.5,50,1
adm_00083.png,test,adm,1,1,0.9999511241912842,c2_jpeg_resize,jpeg(Q50)->resize(0.50),0.5,50,1
adm_00052.png,test,adm,1,1,0.9987986087799072,c2_jpeg_resize,jpeg(Q50)->resize(0.50),0.5,50,1
wukong_00032.png,test,wukong,1,1,0.9998514652252197,c2_jpeg_resize,jpeg(Q50)->resize(0.50),0.5,50,1
midjourney_00047.png,test,midjourney,1,1,0.9998785257339478,c2_jpeg_resize,jpeg(Q50)->resize(0.50),0.5,50,1
midjourney_00072.png,test,midjourney,1,1,0.9995366334915161,c2_jpeg_resize,jpeg(Q50)->resize(0.50),0.5,50,1
wukong_00010.png,test,wukong,1,1,0.9958433508872986,c2_jpeg_resize,jpeg(Q50)->resize(0.50),0.5,50,1
sdv5_00021.png,test,sdv5,1,1,0.9970460534095764,c2_jpeg_resize,jpeg(Q50)->resize(0.50),0.5,50,1
biggan_00009.png,test,biggan,1,1,0.9997193217277527,c2_jpeg_resize,jpeg(Q50)->resize(0.50),0.5,50,1
wukong_00043.png,test,wukong,1,1,0.9999998807907104,c2_jpeg_resize,jpeg(Q50)->resize(0.50),0.5,50,1
vqdm_00034.png,test,vqdm,1,1,0.9999419450759888,c2_jpeg_resize,jpeg(Q50)->resize(0.50),0.5,50,1
biggan_00023.png,test,biggan,1,1,0.9541114568710327,c2_jpeg_resize,jpeg(Q50)->resize(0.50),0.5,50,1
glide_00080.png,test,glide,1,1,0.9999997615814209,c2_jpeg_resize,jpeg(Q50)->resize(0.50),0.5,50,1
midjourney_00008.png,test,midjourney,1,0,0.2795267105102539,c2_jpeg_resize,jpeg(Q50)->resize(0.50),0.5,50,1
biggan_00024.png,test,biggan,1,1,0.9932708144187927,c2_jpeg_resize,jpeg(Q50)->resize(0.50),0.5,50,1
midjourney_00002.png,test,midjourney,1,1,0.7979044914245605,c2_jpeg_resize,jpeg(Q50)->resize(0.50),0.5,50,1
midjourney_00000.png,test,midjourney,1,1,0.6274595260620117,c2_jpeg_resize,jpeg(Q50)->resize(0.50),0.5,50,1
adm_00084.png,test,adm,1,1,1.0,c2_jpeg_resize,jpeg(Q50)->resize(0.50),0.5,50,1
biggan_00042.png,test,biggan,1,1,0.8991725444793701,c2_jpeg_resize,jpeg(Q50)->resize(0.50),0.5,50,1
wukong_00018.png,test,wukong,1,1,0.9999556541442871,c2_jpeg_resize,jpeg(Q50)->resize(0.50),0.5,50,1
vqdm_00021.png,test,vqdm,1,1,1.0,c2_jpeg_resize,jpeg(Q50)->resize(0.50),0.5,50,1
sdv5_00057.png,test,sdv5,1,1,0.8697476983070374,c2_jpeg_resize,jpeg(Q50)->resize(0.50),0.5,50,1
midjourney_00029.png,test,midjourney,1,1,0.8505033254623413,c2_jpeg_resize,jpeg(Q50)->resize(0.50),0.5,50,1
sdv5_00004.png,test,sdv5,1,1,0.6696642637252808,c2_jpeg_resize,jpeg(Q50)->resize(0.50),0.5,50,1
wukong_00063.png,test,wukong,1,0,0.16143502295017242,c2_jpeg_resize,jpeg(Q50)->resize(0.50),0.5,50,1
glide_00057.png,test,glide,1,1,0.9995213747024536,c2_jpeg_resize,jpeg(Q50)->resize(0.50),0.5,50,1
wukong_00074.png,test,wukong,1,1,0.9302456974983215,c2_jpeg_resize,jpeg(Q50)->resize(0.50),0.5,50,1
adm_00070.png,test,adm,1,0,0.14433817565441132,c2_jpeg_resize,jpeg(Q50)->resize(0.50),0.5,50,1
midjourney_00018.png,test,midjourney,1,1,0.9975985884666443,c2_jpeg_resize,jpeg(Q50)->resize(0.50),0.5,50,1
vqdm_00081.png,test,vqdm,1,1,0.9999995231628418,c2_jpeg_resize,jpeg(Q50)->resize(0.50),0.5,50,1
vqdm_00075.png,test,vqdm,1,1,0.9949228167533875,c2_jpeg_resize,jpeg(Q50)->resize(0.50),0.5,50,1
glide_00059.png,test,glide,1,1,0.9892792105674744,c2_jpeg_resize,jpeg(Q50)->resize(0.50),0.5,50,1
vqdm_00002.png,test,vqdm,1,1,0.9999284744262695,c2_jpeg_resize,jpeg(Q50)->resize(0.50),0.5,50,1
biggan_00045.png,test,biggan,1,1,0.9999358654022217,c2_jpeg_resize,jpeg(Q50)->resize(0.50),0.5,50,1
sdv5_00075.png,test,sdv5,1,1,0.9989696741104126,c2_jpeg_resize,jpeg(Q50)->resize(0.50),0.5,50,1
sdv5_00055.png,test,sdv5,1,1,0.7036728858947754,c2_jpeg_resize,jpeg(Q50)->resize(0.50),0.5,50,1
wukong_00013.png,test,wukong,1,1,0.9998124241828918,c2_jpeg_resize,jpeg(Q50)->resize(0.50),0.5,50,1
adm_00068.png,test,adm,1,1,0.9999637603759766,c2_jpeg_resize,jpeg(Q50)->resize(0.50),0.5,50,1
midjourney_00010.png,test,midjourney,1,0,0.10102032124996185,c2_jpeg_resize,jpeg(Q50)->resize(0.50),0.5,50,1
midjourney_00030.png,test,midjourney,1,1,0.9964585900306702,c2_jpeg_resize,jpeg(Q50)->resize(0.50),0.5,50,1
sdv5_00074.png,test,sdv5,1,1,1.0,c2_jpeg_resize,jpeg(Q50)->resize(0.50),0.5,50,1
vqdm_00072.png,test,vqdm,1,1,0.9999690055847168,c2_jpeg_resize,jpeg(Q50)->resize(0.50),0.5,50,1
wukong_00031.png,test,wukong,1,1,0.9999954700469971,c2_jpeg_resize,jpeg(Q50)->resize(0.50),0.5,50,1
vqdm_00080.png,test,vqdm,1,1,0.9999995231628418,c2_jpeg_resize,jpeg(Q50)->resize(0.50),0.5,50,1
midjourney_00043.png,test,midjourney,1,0,0.05782373994588852,c2_jpeg_resize,jpeg(Q50)->resize(0.50),0.5,50,1
vqdm_00001.png,test,vqdm,1,1,0.9991725087165833,c2_jpeg_resize,jpeg(Q50)->resize(0.50),0.5,50,1
glide_00021.png,test,glide,1,1,1.0,c2_jpeg_resize,jpeg(Q50)->resize(0.50),0.5,50,1
midjourney_00037.png,test,midjourney,1,0,0.010665906593203545,c2_jpeg_resize,jpeg(Q50)->resize(0.50),0.5,50,1
biggan_00031.png,test,biggan,1,1,0.9999508857727051,c2_jpeg_resize,jpeg(Q50)->resize(0.50),0.5,50,1
wukong_00072.png,test,wukong,1,1,0.9989058971405029,c2_jpeg_resize,jpeg(Q50)->resize(0.50),0.5,50,1
midjourney_00055.png,test,midjourney,1,1,0.9982568621635437,c2_jpeg_resize,jpeg(Q50)->resize(0.50),0.5,50,1
glide_00070.png,test,glide,1,1,0.999993085861206,c2_jpeg_resize,jpeg(Q50)->resize(0.50),0.5,50,1
biggan_00057.png,test,biggan,1,0,0.4332047700881958,c2_jpeg_resize,jpeg(Q50)->resize(0.50),0.5,50,1
midjourney_00075.png,test,midjourney,1,1,0.9991859793663025,c2_jpeg_resize,jpeg(Q50)->resize(0.50),0.5,50,1
vqdm_00048.png,test,vqdm,1,1,1.0,c2_jpeg_resize,jpeg(Q50)->resize(0.50),0.5,50,1
glide_00034.png,test,glide,1,1,0.9999992847442627,c2_jpeg_resize,jpeg(Q50)->resize(0.50),0.5,50,1
sdv5_00078.png,test,sdv5,1,1,0.9717655777931213,c2_jpeg_resize,jpeg(Q50)->resize(0.50),0.5,50,1
midjourney_00062.png,test,midjourney,1,1,0.6193625330924988,c2_jpeg_resize,jpeg(Q50)->resize(0.50),0.5,50,1
adm_00031.png,test,adm,1,1,0.9996035695075989,c2_jpeg_resize,jpeg(Q50)->resize(0.50),0.5,50,1
midjourney_00026.png,test,midjourney,1,0,0.4849228262901306,c2_jpeg_resize,jpeg(Q50)->resize(0.50),0.5,50,1
vqdm_00000.png,test,vqdm,1,1,0.9998778104782104,c2_jpeg_resize,jpeg(Q50)->resize(0.50),0.5,50,1
adm_00020.png,test,adm,1,1,0.97036212682724,c2_jpeg_resize,jpeg(Q50)->resize(0.50),0.5,50,1
adm_00012.png,test,adm,1,1,0.9790295362472534,c2_jpeg_resize,jpeg(Q50)->resize(0.50),0.5,50,1
adm_00030.png,test,adm,1,1,0.9937469959259033,c2_jpeg_resize,jpeg(Q50)->resize(0.50),0.5,50,1
midjourney_00070.png,test,midjourney,1,1,0.682946503162384,c2_jpeg_resize,jpeg(Q50)->resize(0.50),0.5,50,1
adm_00041.png,test,adm,1,1,0.9999979734420776,c2_jpeg_resize,jpeg(Q50)->resize(0.50),0.5,50,1
adm_00078.png,test,adm,1,1,0.9999918937683105,c2_jpeg_resize,jpeg(Q50)->resize(0.50),0.5,50,1
wukong_00068.png,test,wukong,1,1,0.9999086856842041,c2_jpeg_resize,jpeg(Q50)->resize(0.50),0.5,50,1
biggan_00008.png,test,biggan,1,1,0.7804299592971802,c2_jpeg_resize,jpeg(Q50)->resize(0.50),0.5,50,1
adm_00069.png,test,adm,1,1,1.0,c2_jpeg_resize,jpeg(Q50)->resize(0.50),0.5,50,1
vqdm_00056.png,test,vqdm,1,1,1.0,c2_jpeg_resize,jpeg(Q50)->resize(0.50),0.5,50,1
sdv5_00036.png,test,sdv5,1,1,0.9999629259109497,c2_jpeg_resize,jpeg(Q50)->resize(0.50),0.5,50,1
vqdm_00079.png,test,vqdm,1,0,0.4050652086734772,c2_jpeg_resize,jpeg(Q50)->resize(0.50),0.5,50,1
midjourney_00017.png,test,midjourney,1,1,0.718442976474762,c2_jpeg_resize,jpeg(Q50)->resize(0.50),0.5,50,1
biggan_00033.png,test,biggan,1,0,0.2355221062898636,c2_jpeg_resize,jpeg(Q50)->resize(0.50),0.5,50,1
biggan_00018.png,test,biggan,1,1,0.9821036458015442,c2_jpeg_resize,jpeg(Q50)->resize(0.50),0.5,50,1
sdv5_00001.png,test,sdv5,1,1,0.8609525561332703,c2_jpeg_resize,jpeg(Q50)->resize(0.50),0.5,50,1
sdv5_00020.png,test,sdv5,1,1,0.999984622001648,c2_jpeg_resize,jpeg(Q50)->resize(0.50),0.5,50,1
biggan_00048.png,test,biggan,1,1,0.9999469518661499,c2_jpeg_resize,jpeg(Q50)->resize(0.50),0.5,50,1
biggan_00058.png,test,biggan,1,1,0.9999426603317261,c2_jpeg_resize,jpeg(Q50)->resize(0.50),0.5,50,1
midjourney_00066.png,test,midjourney,1,0,0.32157963514328003,c2_jpeg_resize,jpeg(Q50)->resize(0.50),0.5,50,1
midjourney_00080.png,test,midjourney,1,0,0.05428643897175789,c2_jpeg_resize,jpeg(Q50)->resize(0.50),0.5,50,1
adm_00005.png,test,adm,1,1,0.9999512434005737,c2_jpeg_resize,jpeg(Q50)->resize(0.50),0.5,50,1
adm_00003.png,test,adm,1,1,0.9965699911117554,c2_jpeg_resize,jpeg(Q50)->resize(0.50),0.5,50,1
adm_00024.png,test,adm,1,1,0.9258442521095276,c2_jpeg_resize,jpeg(Q50)->resize(0.50),0.5,50,1
sdv5_00000.png,test,sdv5,1,1,0.9999978542327881,c2_jpeg_resize,jpeg(Q50)->resize(0.50),0.5,50,1
biggan_00001.png,test,biggan,1,1,0.9828134775161743,c2_jpeg_resize,jpeg(Q50)->resize(0.50),0.5,50,1
vqdm_00014.png,test,vqdm,1,1,1.0,c2_jpeg_resize,jpeg(Q50)->resize(0.50),0.5,50,1
biggan_00028.png,test,biggan,1,1,0.999596893787384,c2_jpeg_resize,jpeg(Q50)->resize(0.50),0.5,50,1
midjourney_00028.png,test,midjourney,1,0,0.03548420965671539,c2_jpeg_resize,jpeg(Q50)->resize(0.50),0.5,50,1
biggan_00027.png,test,biggan,1,1,0.9926853179931641,c2_jpeg_resize,jpeg(Q50)->resize(0.50),0.5,50,1
sdv5_00049.png,test,sdv5,1,1,0.9999959468841553,c2_jpeg_resize,jpeg(Q50)->resize(0.50),0.5,50,1
vqdm_00029.png,test,vqdm,1,1,0.9999948740005493,c2_jpeg_resize,jpeg(Q50)->resize(0.50),0.5,50,1
adm_00035.png,test,adm,1,1,0.9999402761459351,c2_jpeg_resize,jpeg(Q50)->resize(0.50),0.5,50,1
adm_00011.png,test,adm,1,1,0.9999910593032837,c2_jpeg_resize,jpeg(Q50)->resize(0.50),0.5,50,1
biggan_00078.png,test,biggan,1,1,0.9780882596969604,c2_jpeg_resize,jpeg(Q50)->resize(0.50),0.5,50,1
midjourney_00013.png,test,midjourney,1,1,0.9906662106513977,c2_jpeg_resize,jpeg(Q50)->resize(0.50),0.5,50,1
sdv5_00067.png,test,sdv5,1,1,0.9912273287773132,c2_jpeg_resize,jpeg(Q50)->resize(0.50),0.5,50,1
biggan_00006.png,test,biggan,1,0,0.03185870870947838,c2_jpeg_resize,jpeg(Q50)->resize(0.50),0.5,50,1
vqdm_00078.png,test,vqdm,1,1,0.9884653091430664,c2_jpeg_resize,jpeg(Q50)->resize(0.50),0.5,50,1
glide_00049.png,test,glide,1,1,0.9841444492340088,c2_jpeg_resize,jpeg(Q50)->resize(0.50),0.5,50,1
midjourney_00050.png,test,midjourney,1,1,0.9999082088470459,c2_jpeg_resize,jpeg(Q50)->resize(0.50),0.5,50,1
glide_00017.png,test,glide,1,1,0.9999663829803467,c2_jpeg_resize,jpeg(Q50)->resize(0.50),0.5,50,1
wukong_00008.png,test,wukong,1,1,1.0,c2_jpeg_resize,jpeg(Q50)->resize(0.50),0.5,50,1
sdv5_00014.png,test,sdv5,1,1,0.9957692623138428,c2_jpeg_resize,jpeg(Q50)->resize(0.50),0.5,50,1
biggan_00052.png,test,biggan,1,0,0.09114307165145874,c2_jpeg_resize,jpeg(Q50)->resize(0.50),0.5,50,1
wukong_00059.png,test,wukong,1,1,0.998678982257843,c2_jpeg_resize,jpeg(Q50)->resize(0.50),0.5,50,1
glide_00078.png,test,glide,1,1,0.9918088316917419,c2_jpeg_resize,jpeg(Q50)->resize(0.50),0.5,50,1
adm_00034.png,test,adm,1,1,0.9999997615814209,c2_jpeg_resize,jpeg(Q50)->resize(0.50),0.5,50,1
wukong_00006.png,test,wukong,1,1,0.9880005717277527,c2_jpeg_resize,jpeg(Q50)->resize(0.50),0.5,50,1
biggan_00046.png,test,biggan,1,1,0.9999700784683228,c2_jpeg_resize,jpeg(Q50)->resize(0.50),0.5,50,1
wukong_00073.png,test,wukong,1,1,0.9753773212432861,c2_jpeg_resize,jpeg(Q50)->resize(0.50),0.5,50,1
midjourney_00046.png,test,midjourney,1,1,0.9909701347351074,c2_jpeg_resize,jpeg(Q50)->resize(0.50),0.5,50,1
glide_00068.png,test,glide,1,1,0.9986923336982727,c2_jpeg_resize,jpeg(Q50)->resize(0.50),0.5,50,1
midjourney_00058.png,test,midjourney,1,1,0.6442974209785461,c2_jpeg_resize,jpeg(Q50)->resize(0.50),0.5,50,1
glide_00001.png,test,glide,1,1,0.985317051410675,c2_jpeg_resize,jpeg(Q50)->resize(0.50),0.5,50,1
glide_00041.png,test,glide,1,1,1.0,c2_jpeg_resize,jpeg(Q50)->resize(0.50),0.5,50,1
glide_00014.png,test,glide,1,1,0.9217013716697693,c2_jpeg_resize,jpeg(Q50)->resize(0.50),0.5,50,1
adm_00013.png,test,adm,1,1,0.9534244537353516,c2_jpeg_resize,jpeg(Q50)->resize(0.50),0.5,50,1
glide_00063.png,test,glide,1,1,0.9999165534973145,c2_jpeg_resize,jpeg(Q50)->resize(0.50),0.5,50,1
wukong_00045.png,test,wukong,1,1,0.9965749382972717,c2_jpeg_resize,jpeg(Q50)->resize(0.50),0.5,50,1
biggan_00079.png,test,biggan,1,1,0.9965595602989197,c2_jpeg_resize,jpeg(Q50)->resize(0.50),0.5,50,1
adm_00002.png,test,adm,1,1,0.9999947547912598,c2_jpeg_resize,jpeg(Q50)->resize(0.50),0.5,50,1
midjourney_00041.png,test,midjourney,1,1,0.8635441660881042,c2_jpeg_resize,jpeg(Q50)->resize(0.50),0.5,50,1
vqdm_00044.png,test,vqdm,1,1,0.9999794960021973,c2_jpeg_resize,jpeg(Q50)->resize(0.50),0.5,50,1
adm_00043.png,test,adm,1,1,0.9752389788627625,c2_jpeg_resize,jpeg(Q50)->resize(0.50),0.5,50,1
sdv5_00017.png,test,sdv5,1,1,0.9998072981834412,c2_jpeg_resize,jpeg(Q50)->resize(0.50),0.5,50,1
vqdm_00052.png,test,vqdm,1,1,0.9583082795143127,c2_jpeg_resize,jpeg(Q50)->resize(0.50),0.5,50,1
adm_00036.png,test,adm,1,1,0.9999303817749023,c2_jpeg_resize,jpeg(Q50)->resize(0.50),0.5,50,1
biggan_00083.png,test,biggan,1,1,0.7670547366142273,c2_jpeg_resize,jpeg(Q50)->resize(0.50),0.5,50,1
glide_00020.png,test,glide,1,1,1.0,c2_jpeg_resize,jpeg(Q50)->resize(0.50),0.5,50,1
midjourney_00054.png,test,midjourney,1,0,0.16387277841567993,c2_jpeg_resize,jpeg(Q50)->resize(0.50),0.5,50,1
adm_00032.png,test,adm,1,1,0.9999799728393555,c2_jpeg_resize,jpeg(Q50)->resize(0.50),0.5,50,1
glide_00058.png,test,glide,1,1,0.9901774525642395,c2_jpeg_resize,jpeg(Q50)->resize(0.50),0.5,50,1
vqdm_00008.png,test,vqdm,1,1,0.9998526573181152,c2_jpeg_resize,jpeg(Q50)->resize(0.50),0.5,50,1
adm_00026.png,test,adm,1,1,0.9999926090240479,c2_jpeg_resize,jpeg(Q50)->resize(0.50),0.5,50,1
midjourney_00082.png,test,midjourney,1,1,0.6699655652046204,c2_jpeg_resize,jpeg(Q50)->resize(0.50),0.5,50,1
wukong_00012.png,test,wukong,1,1,0.9796177744865417,c2_jpeg_resize,jpeg(Q50)->resize(0.50),0.5,50,1
glide_00048.png,test,glide,1,1,0.5696947574615479,c2_jpeg_resize,jpeg(Q50)->resize(0.50),0.5,50,1
midjourney_00033.png,test,midjourney,1,1,0.9999256134033203,c2_jpeg_resize,jpeg(Q50)->resize(0.50),0.5,50,1
vqdm_00060.png,test,vqdm,1,1,0.9997586607933044,c2_jpeg_resize,jpeg(Q50)->resize(0.50),0.5,50,1
wukong_00052.png,test,wukong,1,1,0.9999988079071045,c2_jpeg_resize,jpeg(Q50)->resize(0.50),0.5,50,1
adm_00021.png,test,adm,1,1,0.634756863117218,c2_jpeg_resize,jpeg(Q50)->resize(0.50),0.5,50,1
wukong_00042.png,test,wukong,1,1,0.9972490668296814,c2_jpeg_resize,jpeg(Q50)->resize(0.50),0.5,50,1
vqdm_00071.png,test,vqdm,1,1,1.0,c2_jpeg_resize,jpeg(Q50)->resize(0.50),0.5,50,1
glide_00026.png,test,glide,1,1,1.0,c2_jpeg_resize,jpeg(Q50)->resize(0.50),0.5,50,1
biggan_00019.png,test,biggan,1,1,0.9775124192237854,c2_jpeg_resize,jpeg(Q50)->resize(0.50),0.5,50,1
glide_00051.png,test,glide,1,1,0.9705753326416016,c2_jpeg_resize,jpeg(Q50)->resize(0.50),0.5,50,1
adm_00056.png,test,adm,1,1,0.9570090174674988,c2_jpeg_resize,jpeg(Q50)->resize(0.50),0.5,50,1
glide_00012.png,test,glide,1,1,0.9999995231628418,c2_jpeg_resize,jpeg(Q50)->resize(0.50),0.5,50,1
adm_00017.png,test,adm,1,1,0.9950286746025085,c2_jpeg_resize,jpeg(Q50)->resize(0.50),0.5,50,1
wukong_00020.png,test,wukong,1,1,0.9990911483764648,c2_jpeg_resize,jpeg(Q50)->resize(0.50),0.5,50,1
sdv5_00069.png,test,sdv5,1,1,0.9958452582359314,c2_jpeg_resize,jpeg(Q50)->resize(0.50),0.5,50,1
vqdm_00064.png,test,vqdm,1,1,0.8719099164009094,c2_jpeg_resize,jpeg(Q50)->resize(0.50),0.5,50,1
wukong_00050.png,test,wukong,1,1,0.9983048439025879,c2_jpeg_resize,jpeg(Q50)->resize(0.50),0.5,50,1
glide_00032.png,test,glide,1,1,0.9966433048248291,c2_jpeg_resize,jpeg(Q50)->resize(0.50),0.5,50,1
glide_00040.png,test,glide,1,1,0.999982476234436,c2_jpeg_resize,jpeg(Q50)->resize(0.50),0.5,50,1
glide_00064.png,test,glide,1,0,0.31789594888687134,c2_jpeg_resize,jpeg(Q50)->resize(0.50),0.5,50,1
adm_00016.png,test,adm,1,1,0.99989914894104,c2_jpeg_resize,jpeg(Q50)->resize(0.50),0.5,50,1
biggan_00066.png,test,biggan,1,1,0.9990480542182922,c2_jpeg_resize,jpeg(Q50)->resize(0.50),0.5,50,1
vqdm_00013.png,test,vqdm,1,0,0.08651959896087646,c2_jpeg_resize,jpeg(Q50)->resize(0.50),0.5,50,1
sdv5_00024.png,test,sdv5,1,1,0.9991908669471741,c2_jpeg_resize,jpeg(Q50)->resize(0.50),0.5,50,1
sdv5_00030.png,test,sdv5,1,1,0.9805089235305786,c2_jpeg_resize,jpeg(Q50)->resize(0.50),0.5,50,1
wukong_00051.png,test,wukong,1,1,0.9972103238105774,c2_jpeg_resize,jpeg(Q50)->resize(0.50),0.5,50,1
sdv5_00077.png,test,sdv5,1,1,0.9999997615814209,c2_jpeg_resize,jpeg(Q50)->resize(0.50),0.5,50,1
biggan_00013.png,test,biggan,1,1,0.6410002708435059,c2_jpeg_resize,jpeg(Q50)->resize(0.50),0.5,50,1
wukong_00064.png,test,wukong,1,1,0.9999996423721313,c2_jpeg_resize,jpeg(Q50)->resize(0.50),0.5,50,1
vqdm_00025.png,test,vqdm,1,1,0.9999128580093384,c2_jpeg_resize,jpeg(Q50)->resize(0.50),0.5,50,1
glide_00002.png,test,glide,1,1,0.8154563903808594,c2_jpeg_resize,jpeg(Q50)->resize(0.50),0.5,50,1
midjourney_00079.png,test,midjourney,1,0,0.4524991512298584,c2_jpeg_resize,jpeg(Q50)->resize(0.50),0.5,50,1
wukong_00039.png,test,wukong,1,1,0.8985466957092285,c2_jpeg_resize,jpeg(Q50)->resize(0.50),0.5,50,1
vqdm_00020.png,test,vqdm,1,1,0.9999974966049194,c2_jpeg_resize,jpeg(Q50)->resize(0.50),0.5,50,1
sdv5_00032.png,test,sdv5,1,1,0.9989438652992249,c2_jpeg_resize,jpeg(Q50)->resize(0.50),0.5,50,1
sdv5_00003.png,test,sdv5,1,0,0.40143704414367676,c2_jpeg_resize,jpeg(Q50)->resize(0.50),0.5,50,1
wukong_00078.png,test,wukong,1,1,0.9916519522666931,c2_jpeg_resize,jpeg(Q50)->resize(0.50),0.5,50,1
wukong_00065.png,test,wukong,1,1,0.9999973773956299,c2_jpeg_resize,jpeg(Q50)->resize(0.50),0.5,50,1
biggan_00014.png,test,biggan,1,0,0.12940427660942078,c2_jpeg_resize,jpeg(Q50)->resize(0.50),0.5,50,1
adm_00006.png,test,adm,1,1,1.0,c2_jpeg_resize,jpeg(Q50)->resize(0.50),0.5,50,1
wukong_00056.png,test,wukong,1,1,0.999998927116394,c2_jpeg_resize,jpeg(Q50)->resize(0.50),0.5,50,1
biggan_00005.png,test,biggan,1,1,0.9995453953742981,c2_jpeg_resize,jpeg(Q50)->resize(0.50),0.5,50,1
wukong_00002.png,test,wukong,1,1,0.7857606410980225,c2_jpeg_resize,jpeg(Q50)->resize(0.50),0.5,50,1
wukong_00055.png,test,wukong,1,0,0.46379387378692627,c2_jpeg_resize,jpeg(Q50)->resize(0.50),0.5,50,1
sdv5_00016.png,test,sdv5,1,1,0.9603955745697021,c2_jpeg_resize,jpeg(Q50)->resize(0.50),0.5,50,1
biggan_00065.png,test,biggan,1,0,0.07816144824028015,c2_jpeg_resize,jpeg(Q50)->resize(0.50),0.5,50,1
vqdm_00019.png,test,vqdm,1,1,0.999542236328125,c2_jpeg_resize,jpeg(Q50)->resize(0.50),0.5,50,1
adm_00038.png,test,adm,1,1,0.9904113411903381,c2_jpeg_resize,jpeg(Q50)->resize(0.50),0.5,50,1
sdv5_00044.png,test,sdv5,1,1,0.8549141883850098,c2_jpeg_resize,jpeg(Q50)->resize(0.50),0.5,50,1
midjourney_00084.png,test,midjourney,1,1,0.999903678894043,c2_jpeg_resize,jpeg(Q50)->resize(0.50),0.5,50,1
midjourney_00025.png,test,midjourney,1,0,0.05003989487886429,c2_jpeg_resize,jpeg(Q50)->resize(0.50),0.5,50,1
biggan_00061.png,test,biggan,1,0,0.2691953778266907,c2_jpeg_resize,jpeg(Q50)->resize(0.50),0.5,50,1
sdv5_00071.png,test,sdv5,1,1,0.9999988079071045,c2_jpeg_resize,jpeg(Q50)->resize(0.50),0.5,50,1
biggan_00074.png,test,biggan,1,1,0.5146167278289795,c2_jpeg_resize,jpeg(Q50)->resize(0.50),0.5,50,1
vqdm_00077.png,test,vqdm,1,1,0.8639388084411621,c2_jpeg_resize,jpeg(Q50)->resize(0.50),0.5,50,1
midjourney_00001.png,test,midjourney,1,1,0.9977198243141174,c2_jpeg_resize,jpeg(Q50)->resize(0.50),0.5,50,1
biggan_00069.png,test,biggan,1,0,0.11378739029169083,c2_jpeg_resize,jpeg(Q50)->resize(0.50),0.5,50,1
glide_00005.png,test,glide,1,1,0.999998927116394,c2_jpeg_resize,jpeg(Q50)->resize(0.50),0.5,50,1
sdv5_00015.png,test,sdv5,1,1,0.8439550995826721,c2_jpeg_resize,jpeg(Q50)->resize(0.50),0.5,50,1
vqdm_00012.png,test,vqdm,1,1,0.5451377630233765,c2_jpeg_resize,jpeg(Q50)->resize(0.50),0.5,50,1
wukong_00077.png,test,wukong,1,1,0.9232964515686035,c2_jpeg_resize,jpeg(Q50)->resize(0.50),0.5,50,1
midjourney_00023.png,test,midjourney,1,0,0.15060169994831085,c2_jpeg_resize,jpeg(Q50)->resize(0.50),0.5,50,1
sdv5_00045.png,test,sdv5,1,1,0.9893226027488708,c2_jpeg_resize,jpeg(Q50)->resize(0.50),0.5,50,1
adm_00033.png,test,adm,1,1,0.9999649524688721,c2_jpeg_resize,jpeg(Q50)->resize(0.50),0.5,50,1
wukong_00083.png,test,wukong,1,1,0.998610258102417,c2_jpeg_resize,jpeg(Q50)->resize(0.50),0.5,50,1
biggan_00034.png,test,biggan,1,1,0.8394840359687805,c2_jpeg_resize,jpeg(Q50)->resize(0.50),0.5,50,1
biggan_00070.png,test,biggan,1,0,0.04748297110199928,c2_jpeg_resize,jpeg(Q50)->resize(0.50),0.5,50,1
biggan_00076.png,test,biggan,1,1,0.7977951765060425,c2_jpeg_resize,jpeg(Q50)->resize(0.50),0.5,50,1
midjourney_00067.png,test,midjourney,1,1,0.7233610153198242,c2_jpeg_resize,jpeg(Q50)->resize(0.50),0.5,50,1
biggan_00062.png,test,biggan,1,1,0.9109334945678711,c2_jpeg_resize,jpeg(Q50)->resize(0.50),0.5,50,1
midjourney_00027.png,test,midjourney,1,1,0.9719977378845215,c2_jpeg_resize,jpeg(Q50)->resize(0.50),0.5,50,1
biggan_00077.png,test,biggan,1,0,0.4284598231315613,c2_jpeg_resize,jpeg(Q50)->resize(0.50),0.5,50,1
wukong_00053.png,test,wukong,1,1,0.9999996423721313,c2_jpeg_resize,jpeg(Q50)->resize(0.50),0.5,50,1
sdv5_00080.png,test,sdv5,1,1,1.0,c2_jpeg_resize,jpeg(Q50)->resize(0.50),0.5,50,1
glide_00035.png,test,glide,1,0,0.09445636719465256,c2_jpeg_resize,jpeg(Q50)->resize(0.50),0.5,50,1
adm_00022.png,test,adm,1,1,0.9999594688415527,c2_jpeg_resize,jpeg(Q50)->resize(0.50),0.5,50,1
vqdm_00070.png,test,vqdm,1,0,0.1159660741686821,c2_jpeg_resize,jpeg(Q50)->resize(0.50),0.5,50,1
wukong_00019.png,test,wukong,1,1,0.9459446668624878,c2_jpeg_resize,jpeg(Q50)->resize(0.50),0.5,50,1
glide_00036.png,test,glide,1,1,0.7792040705680847,c2_jpeg_resize,jpeg(Q50)->resize(0.50),0.5,50,1
adm_00054.png,test,adm,1,1,0.9999997615814209,c2_jpeg_resize,jpeg(Q50)->resize(0.50),0.5,50,1
glide_00060.png,test,glide,1,1,0.9999468326568604,c2_jpeg_resize,jpeg(Q50)->resize(0.50),0.5,50,1
adm_00061.png,test,adm,1,1,0.9302617907524109,c2_jpeg_resize,jpeg(Q50)->resize(0.50),0.5,50,1
vqdm_00028.png,test,vqdm,1,1,0.9233257174491882,c2_jpeg_resize,jpeg(Q50)->resize(0.50),0.5,50,1
vqdm_00026.png,test,vqdm,1,1,0.8523610830307007,c2_jpeg_resize,jpeg(Q50)->resize(0.50),0.5,50,1
vqdm_00054.png,test,vqdm,1,1,0.9734014272689819,c2_jpeg_resize,jpeg(Q50)->resize(0.50),0.5,50,1
biggan_00021.png,test,biggan,1,0,0.3642286956310272,c2_jpeg_resize,jpeg(Q50)->resize(0.50),0.5,50,1
vqdm_00005.png,test,vqdm,1,1,1.0,c2_jpeg_resize,jpeg(Q50)->resize(0.50),0.5,50,1
glide_00055.png,test,glide,1,1,0.9843907952308655,c2_jpeg_resize,jpeg(Q50)->resize(0.50),0.5,50,1
biggan_00075.png,test,biggan,1,0,0.4161531627178192,c2_jpeg_resize,jpeg(Q50)->resize(0.50),0.5,50,1
wukong_00046.png,test,wukong,1,1,1.0,c2_jpeg_resize,jpeg(Q50)->resize(0.50),0.5,50,1
wukong_00084.png,test,wukong,1,1,0.9710468649864197,c2_jpeg_resize,jpeg(Q50)->resize(0.50),0.5,50,1
wukong_00025.png,test,wukong,1,1,0.9991157650947571,c2_jpeg_resize,jpeg(Q50)->resize(0.50),0.5,50,1
vqdm_00009.png,test,vqdm,1,1,0.9999948740005493,c2_jpeg_resize,jpeg(Q50)->resize(0.50),0.5,50,1
glide_00019.png,test,glide,1,1,0.9999873638153076,c2_jpeg_resize,jpeg(Q50)->resize(0.50),0.5,50,1
biggan_00040.png,test,biggan,1,1,0.9990171194076538,c2_jpeg_resize,jpeg(Q50)->resize(0.50),0.5,50,1
vqdm_00007.png,test,vqdm,1,1,0.8202085494995117,c2_jpeg_resize,jpeg(Q50)->resize(0.50),0.5,50,1
vqdm_00076.png,test,vqdm,1,1,0.946268618106842,c2_jpeg_resize,jpeg(Q50)->resize(0.50),0.5,50,1
glide_00066.png,test,glide,1,1,0.7273296117782593,c2_jpeg_resize,jpeg(Q50)->resize(0.50),0.5,50,1
biggan_00073.png,test,biggan,1,1,0.916427493095398,c2_jpeg_resize,jpeg(Q50)->resize(0.50),0.5,50,1
glide_00072.png,test,glide,1,1,0.9991031885147095,c2_jpeg_resize,jpeg(Q50)->resize(0.50),0.5,50,1
midjourney_00038.png,test,midjourney,1,1,0.6197993755340576,c2_jpeg_resize,jpeg(Q50)->resize(0.50),0.5,50,1
vqdm_00016.png,test,vqdm,1,0,0.02534148469567299,c2_jpeg_resize,jpeg(Q50)->resize(0.50),0.5,50,1
glide_00006.png,test,glide,1,1,0.999944806098938,c2_jpeg_resize,jpeg(Q50)->resize(0.50),0.5,50,1
glide_00065.png,test,glide,1,1,0.6770614385604858,c2_jpeg_resize,jpeg(Q50)->resize(0.50),0.5,50,1
adm_00055.png,test,adm,1,1,0.9985276460647583,c2_jpeg_resize,jpeg(Q50)->resize(0.50),0.5,50,1
midjourney_00073.png,test,midjourney,1,0,0.42388564348220825,c2_jpeg_resize,jpeg(Q50)->resize(0.50),0.5,50,1
midjourney_00020.png,test,midjourney,1,1,0.8401246666908264,c2_jpeg_resize,jpeg(Q50)->resize(0.50),0.5,50,1
sdv5_00012.png,test,sdv5,1,1,0.999997615814209,c2_jpeg_resize,jpeg(Q50)->resize(0.50),0.5,50,1
wukong_00028.png,test,wukong,1,1,0.9941745400428772,c2_jpeg_resize,jpeg(Q50)->resize(0.50),0.5,50,1
midjourney_00056.png,test,midjourney,1,1,0.7981363534927368,c2_jpeg_resize,jpeg(Q50)->resize(0.50),0.5,50,1
vqdm_00067.png,test,vqdm,1,1,0.8337727785110474,c2_jpeg_resize,jpeg(Q50)->resize(0.50),0.5,50,1
adm_00037.png,test,adm,1,1,1.0,c2_jpeg_resize,jpeg(Q50)->resize(0.50),0.5,50,1
adm_00064.png,test,adm,1,1,0.9952049255371094,c2_jpeg_resize,jpeg(Q50)->resize(0.50),0.5,50,1
vqdm_00084.png,test,vqdm,1,1,0.9999998807907104,c2_jpeg_resize,jpeg(Q50)->resize(0.50),0.5,50,1
sdv5_00052.png,test,sdv5,1,1,0.999584972858429,c2_jpeg_resize,jpeg(Q50)->resize(0.50),0.5,50,1
biggan_00035.png,test,biggan,1,1,0.9727968573570251,c2_jpeg_resize,jpeg(Q50)->resize(0.50),0.5,50,1
vqdm_00043.png,test,vqdm,1,1,0.9957578778266907,c2_jpeg_resize,jpeg(Q50)->resize(0.50),0.5,50,1
adm_00028.png,test,adm,1,1,0.9906286597251892,c2_jpeg_resize,jpeg(Q50)->resize(0.50),0.5,50,1
glide_00027.png,test,glide,1,1,0.9175765514373779,c2_jpeg_resize,jpeg(Q50)->resize(0.50),0.5,50,1
sdv5_00042.png,test,sdv5,1,1,0.9998890161514282,c2_jpeg_resize,jpeg(Q50)->resize(0.50),0.5,50,1
glide_00084.png,test,glide,1,1,0.9999629259109497,c2_jpeg_resize,jpeg(Q50)->resize(0.50),0.5,50,1
sdv5_00025.png,test,sdv5,1,1,0.9991793036460876,c2_jpeg_resize,jpeg(Q50)->resize(0.50),0.5,50,1
adm_00009.png,test,adm,1,0,0.18496285378932953,c2_jpeg_resize,jpeg(Q50)->resize(0.50),0.5,50,1
sdv5_00031.png,test,sdv5,1,1,0.9999998807907104,c2_jpeg_resize,jpeg(Q50)->resize(0.50),0.5,50,1
wukong_00000.png,test,wukong,1,1,0.9970441460609436,c2_jpeg_resize,jpeg(Q50)->resize(0.50),0.5,50,1
wukong_00069.png,test,wukong,1,1,0.7476687431335449,c2_jpeg_resize,jpeg(Q50)->resize(0.50),0.5,50,1
biggan_00015.png,test,biggan,1,0,0.36143559217453003,c2_jpeg_resize,jpeg(Q50)->resize(0.50),0.5,50,1
glide_00062.png,test,glide,1,1,0.999994158744812,c2_jpeg_resize,jpeg(Q50)->resize(0.50),0.5,50,1
adm_00076.png,test,adm,1,1,0.9981784820556641,c2_jpeg_resize,jpeg(Q50)->resize(0.50),0.5,50,1
vqdm_00015.png,test,vqdm,1,1,0.9952943921089172,c2_jpeg_resize,jpeg(Q50)->resize(0.50),0.5,50,1
sdv5_00079.png,test,sdv5,1,1,0.9999978542327881,c2_jpeg_resize,jpeg(Q50)->resize(0.50),0.5,50,1
glide_00083.png,test,glide,1,1,0.9999618530273438,c2_jpeg_resize,jpeg(Q50)->resize(0.50),0.5,50,1
biggan_00039.png,test,biggan,1,1,0.9938464760780334,c2_jpeg_resize,jpeg(Q50)->resize(0.50),0.5,50,1
adm_00080.png,test,adm,1,1,1.0,c2_jpeg_resize,jpeg(Q50)->resize(0.50),0.5,50,1
midjourney_00064.png,test,midjourney,1,1,0.9997850060462952,c2_jpeg_resize,jpeg(Q50)->resize(0.50),0.5,50,1
sdv5_00070.png,test,sdv5,1,1,0.9563488364219666,c2_jpeg_resize,jpeg(Q50)->resize(0.50),0.5,50,1
glide_00073.png,test,glide,1,1,0.9687492251396179,c2_jpeg_resize,jpeg(Q50)->resize(0.50),0.5,50,1
vqdm_00018.png,test,vqdm,1,1,0.9999591112136841,c2_jpeg_resize,jpeg(Q50)->resize(0.50),0.5,50,1
adm_00053.png,test,adm,1,1,0.999936580657959,c2_jpeg_resize,jpeg(Q50)->resize(0.50),0.5,50,1
biggan_00084.png,test,biggan,1,1,0.5657042860984802,c2_jpeg_resize,jpeg(Q50)->resize(0.50),0.5,50,1
adm_00018.png,test,adm,1,1,0.9989961981773376,c2_jpeg_resize,jpeg(Q50)->resize(0.50),0.5,50,1
sdv5_00018.png,test,sdv5,1,1,0.9995693564414978,c2_jpeg_resize,jpeg(Q50)->resize(0.50),0.5,50,1
biggan_00020.png,test,biggan,1,1,0.9877263903617859,c2_jpeg_resize,jpeg(Q50)->resize(0.50),0.5,50,1
vqdm_00066.png,test,vqdm,1,1,0.9997742772102356,c2_jpeg_resize,jpeg(Q50)->resize(0.50),0.5,50,1
adm_00048.png,test,adm,1,1,0.5836758613586426,c2_jpeg_resize,jpeg(Q50)->resize(0.50),0.5,50,1
glide_00077.png,test,glide,1,1,0.518324613571167,c2_jpeg_resize,jpeg(Q50)->resize(0.50),0.5,50,1
glide_00000.png,test,glide,1,1,0.9996333122253418,c2_jpeg_resize,jpeg(Q50)->resize(0.50),0.5,50,1
vqdm_00033.png,test,vqdm,1,0,0.2121141105890274,c2_jpeg_resize,jpeg(Q50)->resize(0.50),0.5,50,1
glide_00081.png,test,glide,1,1,0.9999997615814209,c2_jpeg_resize,jpeg(Q50)->resize(0.50),0.5,50,1
adm_00075.png,test,adm,1,1,0.9999736547470093,c2_jpeg_resize,jpeg(Q50)->resize(0.50),0.5,50,1
midjourney_00012.png,test,midjourney,1,1,0.9972561001777649,c2_jpeg_resize,jpeg(Q50)->resize(0.50),0.5,50,1
glide_00028.png,test,glide,1,1,0.9999926090240479,c2_jpeg_resize,jpeg(Q50)->resize(0.50),0.5,50,1
vqdm_00057.png,test,vqdm,1,1,1.0,c2_jpeg_resize,jpeg(Q50)->resize(0.50),0.5,50,1
sdv5_00068.png,test,sdv5,1,1,0.975897490978241,c2_jpeg_resize,jpeg(Q50)->resize(0.50),0.5,50,1
vqdm_00036.png,test,vqdm,1,1,0.5210607647895813,c2_jpeg_resize,jpeg(Q50)->resize(0.50),0.5,50,1
adm_00001.png,test,adm,1,1,0.9999994039535522,c2_jpeg_resize,jpeg(Q50)->resize(0.50),0.5,50,1
biggan_00054.png,test,biggan,1,1,0.9392805099487305,c2_jpeg_resize,jpeg(Q50)->resize(0.50),0.5,50,1
vqdm_00058.png,test,vqdm,1,1,0.9923135638237,c2_jpeg_resize,jpeg(Q50)->resize(0.50),0.5,50,1
sdv5_00035.png,test,sdv5,1,1,0.9966553449630737,c2_jpeg_resize,jpeg(Q50)->resize(0.50),0.5,50,1
glide_00018.png,test,glide,1,0,0.02509627304971218,c2_jpeg_resize,jpeg(Q50)->resize(0.50),0.5,50,1
adm_00008.png,test,adm,1,1,0.9999856948852539,c2_jpeg_resize,jpeg(Q50)->resize(0.50),0.5,50,1
biggan_00067.png,test,biggan,1,1,0.8580999374389648,c2_jpeg_resize,jpeg(Q50)->resize(0.50),0.5,50,1
glide_00004.png,test,glide,1,1,0.9978322386741638,c2_jpeg_resize,jpeg(Q50)->resize(0.50),0.5,50,1
midjourney_00083.png,test,midjourney,1,1,0.9537163972854614,c2_jpeg_resize,jpeg(Q50)->resize(0.50),0.5,50,1
wukong_00026.png,test,wukong,1,1,0.9999849796295166,c2_jpeg_resize,jpeg(Q50)->resize(0.50),0.5,50,1
sdv5_00028.png,test,sdv5,1,1,0.9576160311698914,c2_jpeg_resize,jpeg(Q50)->resize(0.50),0.5,50,1
midjourney_00042.png,test,midjourney,1,1,0.9984208345413208,c2_jpeg_resize,jpeg(Q50)->resize(0.50),0.5,50,1
adm_00060.png,test,adm,1,0,0.2538115680217743,c2_jpeg_resize,jpeg(Q50)->resize(0.50),0.5,50,1
glide_00003.png,test,glide,1,1,0.7660314440727234,c2_jpeg_resize,jpeg(Q50)->resize(0.50),0.5,50,1
glide_00025.png,test,glide,1,1,0.9997648596763611,c2_jpeg_resize,jpeg(Q50)->resize(0.50),0.5,50,1
biggan_00026.png,test,biggan,1,1,0.9908994436264038,c2_jpeg_resize,jpeg(Q50)->resize(0.50),0.5,50,1
adm_00077.png,test,adm,1,1,0.9999996423721313,c2_jpeg_resize,jpeg(Q50)->resize(0.50),0.5,50,1
adm_00047.png,test,adm,1,1,0.7972293496131897,c2_jpeg_resize,jpeg(Q50)->resize(0.50),0.5,50,1
sdv5_00033.png,test,sdv5,1,1,0.9999707937240601,c2_jpeg_resize,jpeg(Q50)->resize(0.50),0.5,50,1
midjourney_00032.png,test,midjourney,1,1,0.9195960164070129,c2_jpeg_resize,jpeg(Q50)->resize(0.50),0.5,50,1
biggan_00064.png,test,biggan,1,0,0.022852962836623192,c2_jpeg_resize,jpeg(Q50)->resize(0.50),0.5,50,1
vqdm_00074.png,test,vqdm,1,1,1.0,c2_jpeg_resize,jpeg(Q50)->resize(0.50),0.5,50,1
biggan_00038.png,test,biggan,1,1,0.9994951486587524,c2_jpeg_resize,jpeg(Q50)->resize(0.50),0.5,50,1
adm_00082.png,test,adm,1,1,0.9999055862426758,c2_jpeg_resize,jpeg(Q50)->resize(0.50),0.5,50,1
wukong_00007.png,test,wukong,1,1,0.951235830783844,c2_jpeg_resize,jpeg(Q50)->resize(0.50),0.5,50,1
wukong_00060.png,test,wukong,1,1,1.0,c2_jpeg_resize,jpeg(Q50)->resize(0.50),0.5,50,1
sdv5_00041.png,test,sdv5,1,1,0.99882572889328,c2_jpeg_resize,jpeg(Q50)->resize(0.50),0.5,50,1
vqdm_00038.png,test,vqdm,1,1,1.0,c2_jpeg_resize,jpeg(Q50)->resize(0.50),0.5,50,1
wukong_00001.png,test,wukong,1,1,0.9999966621398926,c2_jpeg_resize,jpeg(Q50)->resize(0.50),0.5,50,1
midjourney_00015.png,test,midjourney,1,1,0.9997343420982361,c2_jpeg_resize,jpeg(Q50)->resize(0.50),0.5,50,1
biggan_00047.png,test,biggan,1,1,0.9994093179702759,c2_jpeg_resize,jpeg(Q50)->resize(0.50),0.5,50,1
glide_00030.png,test,glide,1,1,0.7998356819152832,c2_jpeg_resize,jpeg(Q50)->resize(0.50),0.5,50,1
vqdm_00047.png,test,vqdm,1,1,0.9999915361404419,c2_jpeg_resize,jpeg(Q50)->resize(0.50),0.5,50,1
sdv5_00084.png,test,sdv5,1,1,0.9997380375862122,c2_jpeg_resize,jpeg(Q50)->resize(0.50),0.5,50,1
vqdm_00083.png,test,vqdm,1,1,0.9987938404083252,c2_jpeg_resize,jpeg(Q50)->resize(0.50),0.5,50,1
biggan_00068.png,test,biggan,1,1,0.801154375076294,c2_jpeg_resize,jpeg(Q50)->resize(0.50),0.5,50,1
sdv5_00058.png,test,sdv5,1,1,0.9964075684547424,c2_jpeg_resize,jpeg(Q50)->resize(0.50),0.5,50,1
sdv5_00006.png,test,sdv5,1,1,0.9999462366104126,c2_jpeg_resize,jpeg(Q50)->resize(0.50),0.5,50,1
biggan_00044.png,test,biggan,1,0,0.30760928988456726,c2_jpeg_resize,jpeg(Q50)->resize(0.50),0.5,50,1
midjourney_00003.png,test,midjourney,1,1,0.9984177350997925,c2_jpeg_resize,jpeg(Q50)->resize(0.50),0.5,50,1
sdv5_00027.png,test,sdv5,1,1,0.9999849796295166,c2_jpeg_resize,jpeg(Q50)->resize(0.50),0.5,50,1
biggan_00072.png,test,biggan,1,1,0.8530316948890686,c2_jpeg_resize,jpeg(Q50)->resize(0.50),0.5,50,1
vqdm_00030.png,test,vqdm,1,1,0.9837595224380493,c2_jpeg_resize,jpeg(Q50)->resize(0.50),0.5,50,1
vqdm_00085.png,test,vqdm,1,1,0.9862231612205505,c2_jpeg_resize,jpeg(Q50)->resize(0.50),0.5,50,1
wukong_00071.png,test,wukong,1,1,0.9635598063468933,c2_jpeg_resize,jpeg(Q50)->resize(0.50),0.5,50,1
adm_00062.png,test,adm,1,1,0.9931054711341858,c2_jpeg_resize,jpeg(Q50)->resize(0.50),0.5,50,1
adm_00000.png,test,adm,1,1,0.999117910861969,c2_jpeg_resize,jpeg(Q50)->resize(0.50),0.5,50,1
wukong_00044.png,test,wukong,1,1,0.9999651908874512,c2_jpeg_resize,jpeg(Q50)->resize(0.50),0.5,50,1
glide_00075.png,test,glide,1,1,0.700078547000885,c2_jpeg_resize,jpeg(Q50)->resize(0.50),0.5,50,1
vqdm_00040.png,test,vqdm,1,1,0.998077392578125,c2_jpeg_resize,jpeg(Q50)->resize(0.50),0.5,50,1
wukong_00082.png,test,wukong,1,1,1.0,c2_jpeg_resize,jpeg(Q50)->resize(0.50),0.5,50,1
midjourney_00019.png,test,midjourney,1,1,0.99739670753479,c2_jpeg_resize,jpeg(Q50)->resize(0.50),0.5,50,1
adm_00065.png,test,adm,1,1,0.9997579455375671,c2_jpeg_resize,jpeg(Q50)->resize(0.50),0.5,50,1
midjourney_00022.png,test,midjourney,1,1,0.797934353351593,c2_jpeg_resize,jpeg(Q50)->resize(0.50),0.5,50,1
midjourney_00052.png,test,midjourney,1,0,0.0005742210778407753,c2_jpeg_resize,jpeg(Q50)->resize(0.50),0.5,50,1
adm_00046.png,test,adm,1,1,1.0,c2_jpeg_resize,jpeg(Q50)->resize(0.50),0.5,50,1
wukong_00048.png,test,wukong,1,1,0.9981129169464111,c2_jpeg_resize,jpeg(Q50)->resize(0.50),0.5,50,1
vqdm_00045.png,test,vqdm,1,1,1.0,c2_jpeg_resize,jpeg(Q50)->resize(0.50),0.5,50,1
biggan_00036.png,test,biggan,1,0,0.43067386746406555,c2_jpeg_resize,jpeg(Q50)->resize(0.50),0.5,50,1
sdv5_00038.png,test,sdv5,1,1,0.9989941716194153,c2_jpeg_resize,jpeg(Q50)->resize(0.50),0.5,50,1
vqdm_00050.png,test,vqdm,1,1,0.5087000727653503,c2_jpeg_resize,jpeg(Q50)->resize(0.50),0.5,50,1
biggan_00041.png,test,biggan,1,1,0.9360617399215698,c2_jpeg_resize,jpeg(Q50)->resize(0.50),0.5,50,1
vqdm_00051.png,test,vqdm,1,1,0.9912799000740051,c2_jpeg_resize,jpeg(Q50)->resize(0.50),0.5,50,1
glide_00054.png,test,glide,1,1,0.9999855756759644,c2_jpeg_resize,jpeg(Q50)->resize(0.50),0.5,50,1
sdv5_00062.png,test,sdv5,1,1,0.9999853372573853,c2_jpeg_resize,jpeg(Q50)->resize(0.50),0.5,50,1
sdv5_00060.png,test,sdv5,1,1,0.995311975479126,c2_jpeg_resize,jpeg(Q50)->resize(0.50),0.5,50,1
glide_00079.png,test,glide,1,1,0.9491459727287292,c2_jpeg_resize,jpeg(Q50)->resize(0.50),0.5,50,1
midjourney_00004.png,test,midjourney,1,1,0.9105650782585144,c2_jpeg_resize,jpeg(Q50)->resize(0.50),0.5,50,1
wukong_00040.png,test,wukong,1,1,0.999962329864502,c2_jpeg_resize,jpeg(Q50)->resize(0.50),0.5,50,1
biggan_00060.png,test,biggan,1,1,0.7545850872993469,c2_jpeg_resize,jpeg(Q50)->resize(0.50),0.5,50,1
wukong_00049.png,test,wukong,1,1,0.9967079162597656,c2_jpeg_resize,jpeg(Q50)->resize(0.50),0.5,50,1
wukong_00035.png,test,wukong,1,1,0.9998589754104614,c2_jpeg_resize,jpeg(Q50)->resize(0.50),0.5,50,1
adm_00010.png,test,adm,1,1,0.998454213142395,c2_jpeg_resize,jpeg(Q50)->resize(0.50),0.5,50,1
sdv5_00064.png,test,sdv5,1,1,0.9624213576316833,c2_jpeg_resize,jpeg(Q50)->resize(0.50),0.5,50,1
adm_00059.png,test,adm,1,1,0.9999860525131226,c2_jpeg_resize,jpeg(Q50)->resize(0.50),0.5,50,1
midjourney_00048.png,test,midjourney,1,0,0.1259716898202896,c2_jpeg_resize,jpeg(Q50)->resize(0.50),0.5,50,1
midjourney_00016.png,test,midjourney,1,1,0.5402024984359741,c2_jpeg_resize,jpeg(Q50)->resize(0.50),0.5,50,1
biggan_00007.png,test,biggan,1,0,0.2687356472015381,c2_jpeg_resize,jpeg(Q50)->resize(0.50),0.5,50,1
glide_00067.png,test,glide,1,1,0.9973903298377991,c2_jpeg_resize,jpeg(Q50)->resize(0.50),0.5,50,1
glide_00046.png,test,glide,1,1,0.9999840259552002,c2_jpeg_resize,jpeg(Q50)->resize(0.50),0.5,50,1
vqdm_00053.png,test,vqdm,1,1,1.0,c2_jpeg_resize,jpeg(Q50)->resize(0.50),0.5,50,1
adm_00071.png,test,adm,1,1,1.0,c2_jpeg_resize,jpeg(Q50)->resize(0.50),0.5,50,1
glide_00022.png,test,glide,1,1,0.9999996423721313,c2_jpeg_resize,jpeg(Q50)->resize(0.50),0.5,50,1
sdv5_00082.png,test,sdv5,1,1,0.9999799728393555,c2_jpeg_resize,jpeg(Q50)->resize(0.50),0.5,50,1
vqdm_00003.png,test,vqdm,1,1,0.9994156360626221,c2_jpeg_resize,jpeg(Q50)->resize(0.50),0.5,50,1
midjourney_00035.png,test,midjourney,1,1,0.5030089616775513,c2_jpeg_resize,jpeg(Q50)->resize(0.50),0.5,50,1
glide_00031.png,test,glide,1,1,1.0,c2_jpeg_resize,jpeg(Q50)->resize(0.50),0.5,50,1
vqdm_00063.png,test,vqdm,1,1,0.8619558811187744,c2_jpeg_resize,jpeg(Q50)->resize(0.50),0.5,50,1
wukong_00016.png,test,wukong,1,1,0.9203019142150879,c2_jpeg_resize,jpeg(Q50)->resize(0.50),0.5,50,1
wukong_00054.png,test,wukong,1,1,0.9999990463256836,c2_jpeg_resize,jpeg(Q50)->resize(0.50),0.5,50,1
biggan_00002.png,test,biggan,1,1,0.9841488003730774,c2_jpeg_resize,jpeg(Q50)->resize(0.50),0.5,50,1
adm_00049.png,test,adm,1,1,0.9999991655349731,c2_jpeg_resize,jpeg(Q50)->resize(0.50),0.5,50,1
sdv5_00002.png,test,sdv5,1,1,0.9999747276306152,c2_jpeg_resize,jpeg(Q50)->resize(0.50),0.5,50,1
biggan_00025.png,test,biggan,1,0,0.311611145734787,c2_jpeg_resize,jpeg(Q50)->resize(0.50),0.5,50,1
biggan_00071.png,test,biggan,1,1,0.9025226831436157,c2_jpeg_resize,jpeg(Q50)->resize(0.50),0.5,50,1
biggan_00051.png,test,biggan,1,0,0.1987006813287735,c2_jpeg_resize,jpeg(Q50)->resize(0.50),0.5,50,1
wukong_00081.png,test,wukong,1,1,0.9915398955345154,c2_jpeg_resize,jpeg(Q50)->resize(0.50),0.5,50,1
sdv5_00022.png,test,sdv5,1,1,0.9522897601127625,c2_jpeg_resize,jpeg(Q50)->resize(0.50),0.5,50,1
real_00486.jpeg,test,real,0,0,0.0003481904277577996,c3_resize_jpeg_jpeg,resize(0.50)->jpeg(Q50)->jpeg(Q50),0.5,50,2
real_00382.jpeg,test,real,0,0,3.306632123667441e-08,c3_resize_jpeg_jpeg,resize(0.50)->jpeg(Q50)->jpeg(Q50),0.5,50,2
real_00117.jpeg,test,real,0,0,0.027743317186832428,c3_resize_jpeg_jpeg,resize(0.50)->jpeg(Q50)->jpeg(Q50),0.5,50,2
real_00354.jpeg,test,real,0,0,1.715137543101264e-08,c3_resize_jpeg_jpeg,resize(0.50)->jpeg(Q50)->jpeg(Q50),0.5,50,2
real_00076.jpeg,test,real,0,0,0.00046790618216618896,c3_resize_jpeg_jpeg,resize(0.50)->jpeg(Q50)->jpeg(Q50),0.5,50,2
real_00395.jpeg,test,real,0,0,0.00039072061190381646,c3_resize_jpeg_jpeg,resize(0.50)->jpeg(Q50)->jpeg(Q50),0.5,50,2
real_00348.jpeg,test,real,0,0,0.06778349727392197,c3_resize_jpeg_jpeg,resize(0.50)->jpeg(Q50)->jpeg(Q50),0.5,50,2
real_00307.jpeg,test,real,0,0,7.649781963436908e-08,c3_resize_jpeg_jpeg,resize(0.50)->jpeg(Q50)->jpeg(Q50),0.5,50,2
real_00438.jpeg,test,real,0,0,4.9279856284556445e-06,c3_resize_jpeg_jpeg,resize(0.50)->jpeg(Q50)->jpeg(Q50),0.5,50,2
real_00393.jpeg,test,real,0,0,0.0038245925679802895,c3_resize_jpeg_jpeg,resize(0.50)->jpeg(Q50)->jpeg(Q50),0.5,50,2
real_00566.jpeg,test,real,0,0,0.0018447197508066893,c3_resize_jpeg_jpeg,resize(0.50)->jpeg(Q50)->jpeg(Q50),0.5,50,2
real_00055.jpeg,test,real,0,1,0.7246387600898743,c3_resize_jpeg_jpeg,resize(0.50)->jpeg(Q50)->jpeg(Q50),0.5,50,2
real_00416.jpeg,test,real,0,0,0.1554444581270218,c3_resize_jpeg_jpeg,resize(0.50)->jpeg(Q50)->jpeg(Q50),0.5,50,2
real_00304.jpeg,test,real,0,0,7.133601709341519e-09,c3_resize_jpeg_jpeg,resize(0.50)->jpeg(Q50)->jpeg(Q50),0.5,50,2
real_00135.jpeg,test,real,0,0,0.43922826647758484,c3_resize_jpeg_jpeg,resize(0.50)->jpeg(Q50)->jpeg(Q50),0.5,50,2
real_00387.jpeg,test,real,0,0,1.611000880075153e-05,c3_resize_jpeg_jpeg,resize(0.50)->jpeg(Q50)->jpeg(Q50),0.5,50,2
real_00040.jpeg,test,real,0,0,0.0009377729147672653,c3_resize_jpeg_jpeg,resize(0.50)->jpeg(Q50)->jpeg(Q50),0.5,50,2
real_00563.jpeg,test,real,0,0,0.001173329888843,c3_resize_jpeg_jpeg,resize(0.50)->jpeg(Q50)->jpeg(Q50),0.5,50,2
real_00457.jpeg,test,real,0,0,0.2580386698246002,c3_resize_jpeg_jpeg,resize(0.50)->jpeg(Q50)->jpeg(Q50),0.5,50,2
real_00561.jpeg,test,real,0,0,1.944505129358731e-06,c3_resize_jpeg_jpeg,resize(0.50)->jpeg(Q50)->jpeg(Q50),0.5,50,2
real_00288.jpeg,test,real,0,1,0.9853591918945312,c3_resize_jpeg_jpeg,resize(0.50)->jpeg(Q50)->jpeg(Q50),0.5,50,2
real_00271.jpeg,test,real,0,0,6.511628453154117e-05,c3_resize_jpeg_jpeg,resize(0.50)->jpeg(Q50)->jpeg(Q50),0.5,50,2
real_00185.jpeg,test,real,0,0,0.09618701040744781,c3_resize_jpeg_jpeg,resize(0.50)->jpeg(Q50)->jpeg(Q50),0.5,50,2
real_00216.jpeg,test,real,0,0,0.003122443100437522,c3_resize_jpeg_jpeg,resize(0.50)->jpeg(Q50)->jpeg(Q50),0.5,50,2
real_00180.jpeg,test,real,0,0,0.22748816013336182,c3_resize_jpeg_jpeg,resize(0.50)->jpeg(Q50)->jpeg(Q50),0.5,50,2
real_00189.jpeg,test,real,0,0,0.015167486853897572,c3_resize_jpeg_jpeg,resize(0.50)->jpeg(Q50)->jpeg(Q50),0.5,50,2
real_00396.jpeg,test,real,0,0,0.06983640789985657,c3_resize_jpeg_jpeg,resize(0.50)->jpeg(Q50)->jpeg(Q50),0.5,50,2
real_00131.jpeg,test,real,0,0,0.14365506172180176,c3_resize_jpeg_jpeg,resize(0.50)->jpeg(Q50)->jpeg(Q50),0.5,50,2
real_00557.jpeg,test,real,0,0,0.003950377460569143,c3_resize_jpeg_jpeg,resize(0.50)->jpeg(Q50)->jpeg(Q50),0.5,50,2
real_00266.jpeg,test,real,0,0,3.814358706222265e-06,c3_resize_jpeg_jpeg,resize(0.50)->jpeg(Q50)->jpeg(Q50),0.5,50,2
real_00207.jpeg,test,real,0,0,7.180595275713131e-05,c3_resize_jpeg_jpeg,resize(0.50)->jpeg(Q50)->jpeg(Q50),0.5,50,2
real_00141.jpeg,test,real,0,1,0.5862780213356018,c3_resize_jpeg_jpeg,resize(0.50)->jpeg(Q50)->jpeg(Q50),0.5,50,2
real_00407.jpeg,test,real,0,0,0.002965314546599984,c3_resize_jpeg_jpeg,resize(0.50)->jpeg(Q50)->jpeg(Q50),0.5,50,2
real_00026.jpeg,test,real,0,1,0.919628381729126,c3_resize_jpeg_jpeg,resize(0.50)->jpeg(Q50)->jpeg(Q50),0.5,50,2
real_00046.jpeg,test,real,0,0,4.546898708213121e-06,c3_resize_jpeg_jpeg,resize(0.50)->jpeg(Q50)->jpeg(Q50),0.5,50,2
real_00585.jpeg,test,real,0,0,7.821785175110563e-07,c3_resize_jpeg_jpeg,resize(0.50)->jpeg(Q50)->jpeg(Q50),0.5,50,2
real_00206.jpeg,test,real,0,1,0.6688868403434753,c3_resize_jpeg_jpeg,resize(0.50)->jpeg(Q50)->jpeg(Q50),0.5,50,2
real_00297.jpeg,test,real,0,0,0.008819100446999073,c3_resize_jpeg_jpeg,resize(0.50)->jpeg(Q50)->jpeg(Q50),0.5,50,2
real_00401.jpeg,test,real,0,0,5.97645303059835e-05,c3_resize_jpeg_jpeg,resize(0.50)->jpeg(Q50)->jpeg(Q50),0.5,50,2
real_00339.jpeg,test,real,0,0,0.002527566161006689,c3_resize_jpeg_jpeg,resize(0.50)->jpeg(Q50)->jpeg(Q50),0.5,50,2
real_00403.jpeg,test,real,0,0,0.004147161729633808,c3_resize_jpeg_jpeg,resize(0.50)->jpeg(Q50)->jpeg(Q50),0.5,50,2
real_00344.jpeg,test,real,0,0,1.200945387580532e-08,c3_resize_jpeg_jpeg,resize(0.50)->jpeg(Q50)->jpeg(Q50),0.5,50,2
real_00560.jpeg,test,real,0,0,0.1456928551197052,c3_resize_jpeg_jpeg,resize(0.50)->jpeg(Q50)->jpeg(Q50),0.5,50,2
real_00553.jpeg,test,real,0,0,0.4085327088832855,c3_resize_jpeg_jpeg,resize(0.50)->jpeg(Q50)->jpeg(Q50),0.5,50,2
real_00598.jpeg,test,real,0,1,0.6980621814727783,c3_resize_jpeg_jpeg,resize(0.50)->jpeg(Q50)->jpeg(Q50),0.5,50,2
real_00497.jpeg,test,real,0,0,0.11282817274332047,c3_resize_jpeg_jpeg,resize(0.50)->jpeg(Q50)->jpeg(Q50),0.5,50,2
real_00253.jpeg,test,real,0,0,1.1016468293156834e-10,c3_resize_jpeg_jpeg,resize(0.50)->jpeg(Q50)->jpeg(Q50),0.5,50,2
real_00577.jpeg,test,real,0,0,4.917512342217378e-05,c3_resize_jpeg_jpeg,resize(0.50)->jpeg(Q50)->jpeg(Q50),0.5,50,2
real_00394.jpeg,test,real,0,0,0.00011313163849990815,c3_resize_jpeg_jpeg,resize(0.50)->jpeg(Q50)->jpeg(Q50),0.5,50,2
real_00445.jpeg,test,real,0,0,0.06046922132372856,c3_resize_jpeg_jpeg,resize(0.50)->jpeg(Q50)->jpeg(Q50),0.5,50,2
real_00050.jpeg,test,real,0,1,0.8111952543258667,c3_resize_jpeg_jpeg,resize(0.50)->jpeg(Q50)->jpeg(Q50),0.5,50,2
real_00269.jpeg,test,real,0,0,0.02377738431096077,c3_resize_jpeg_jpeg,resize(0.50)->jpeg(Q50)->jpeg(Q50),0.5,50,2
real_00151.jpeg,test,real,0,1,0.7397138476371765,c3_resize_jpeg_jpeg,resize(0.50)->jpeg(Q50)->jpeg(Q50),0.5,50,2
real_00190.jpeg,test,real,0,0,1.064520461113716e-06,c3_resize_jpeg_jpeg,resize(0.50)->jpeg(Q50)->jpeg(Q50),0.5,50,2
real_00250.jpeg,test,real,0,0,0.0012780092656612396,c3_resize_jpeg_jpeg,resize(0.50)->jpeg(Q50)->jpeg(Q50),0.5,50,2
real_00257.jpeg,test,real,0,1,0.6487371325492859,c3_resize_jpeg_jpeg,resize(0.50)->jpeg(Q50)->jpeg(Q50),0.5,50,2
real_00008.jpeg,test,real,0,0,0.00012395215162541717,c3_resize_jpeg_jpeg,resize(0.50)->jpeg(Q50)->jpeg(Q50),0.5,50,2
real_00398.jpeg,test,real,0,0,0.008726303465664387,c3_resize_jpeg_jpeg,resize(0.50)->jpeg(Q50)->jpeg(Q50),0.5,50,2
real_00322.jpeg,test,real,0,0,5.991300440655323e-06,c3_resize_jpeg_jpeg,resize(0.50)->jpeg(Q50)->jpeg(Q50),0.5,50,2
real_00230.jpeg,test,real,0,0,0.07673622667789459,c3_resize_jpeg_jpeg,resize(0.50)->jpeg(Q50)->jpeg(Q50),0.5,50,2
real_00219.jpeg,test,real,0,0,0.09582003206014633,c3_resize_jpeg_jpeg,resize(0.50)->jpeg(Q50)->jpeg(Q50),0.5,50,2
real_00550.jpeg,test,real,0,0,0.023489471524953842,c3_resize_jpeg_jpeg,resize(0.50)->jpeg(Q50)->jpeg(Q50),0.5,50,2
real_00528.jpeg,test,real,0,0,0.00010494671005290002,c3_resize_jpeg_jpeg,resize(0.50)->jpeg(Q50)->jpeg(Q50),0.5,50,2
real_00039.jpeg,test,real,0,0,0.1721457988023758,c3_resize_jpeg_jpeg,resize(0.50)->jpeg(Q50)->jpeg(Q50),0.5,50,2
real_00274.jpeg,test,real,0,0,0.22742941975593567,c3_resize_jpeg_jpeg,resize(0.50)->jpeg(Q50)->jpeg(Q50),0.5,50,2
real_00414.jpeg,test,real,0,1,0.8369758725166321,c3_resize_jpeg_jpeg,resize(0.50)->jpeg(Q50)->jpeg(Q50),0.5,50,2
real_00038.jpeg,test,real,0,0,2.7617636078502983e-05,c3_resize_jpeg_jpeg,resize(0.50)->jpeg(Q50)->jpeg(Q50),0.5,50,2
real_00434.jpeg,test,real,0,0,0.08187682181596756,c3_resize_jpeg_jpeg,resize(0.50)->jpeg(Q50)->jpeg(Q50),0.5,50,2
real_00279.jpeg,test,real,0,0,0.0008015808998607099,c3_resize_jpeg_jpeg,resize(0.50)->jpeg(Q50)->jpeg(Q50),0.5,50,2
real_00077.jpeg,test,real,0,0,0.0073127783834934235,c3_resize_jpeg_jpeg,resize(0.50)->jpeg(Q50)->jpeg(Q50),0.5,50,2
real_00312.jpeg,test,real,0,0,0.007928957231342793,c3_resize_jpeg_jpeg,resize(0.50)->jpeg(Q50)->jpeg(Q50),0.5,50,2
real_00482.jpeg,test,real,0,1,0.8884299397468567,c3_resize_jpeg_jpeg,resize(0.50)->jpeg(Q50)->jpeg(Q50),0.5,50,2
real_00178.jpeg,test,real,0,0,0.42844608426094055,c3_resize_jpeg_jpeg,resize(0.50)->jpeg(Q50)->jpeg(Q50),0.5,50,2
real_00535.jpeg,test,real,0,0,0.26244860887527466,c3_resize_jpeg_jpeg,resize(0.50)->jpeg(Q50)->jpeg(Q50),0.5,50,2
real_00345.jpeg,test,real,0,0,0.00948501005768776,c3_resize_jpeg_jpeg,resize(0.50)->jpeg(Q50)->jpeg(Q50),0.5,50,2
real_00019.jpeg,test,real,0,0,0.00029851062572561204,c3_resize_jpeg_jpeg,resize(0.50)->jpeg(Q50)->jpeg(Q50),0.5,50,2
real_00143.jpeg,test,real,0,0,0.08565504103899002,c3_resize_jpeg_jpeg,resize(0.50)->jpeg(Q50)->jpeg(Q50),0.5,50,2
real_00496.jpeg,test,real,0,0,0.06715928018093109,c3_resize_jpeg_jpeg,resize(0.50)->jpeg(Q50)->jpeg(Q50),0.5,50,2
real_00522.jpeg,test,real,0,0,4.724087332257099e-13,c3_resize_jpeg_jpeg,resize(0.50)->jpeg(Q50)->jpeg(Q50),0.5,50,2
real_00451.jpeg,test,real,0,0,0.0006571952835656703,c3_resize_jpeg_jpeg,resize(0.50)->jpeg(Q50)->jpeg(Q50),0.5,50,2
real_00371.jpeg,test,real,0,0,0.0005006211576983333,c3_resize_jpeg_jpeg,resize(0.50)->jpeg(Q50)->jpeg(Q50),0.5,50,2
real_00060.jpeg,test,real,0,0,0.00048358368803747,c3_resize_jpeg_jpeg,resize(0.50)->jpeg(Q50)->jpeg(Q50),0.5,50,2
real_00410.jpeg,test,real,0,0,0.12309642881155014,c3_resize_jpeg_jpeg,resize(0.50)->jpeg(Q50)->jpeg(Q50),0.5,50,2
real_00248.jpeg,test,real,0,0,0.20704640448093414,c3_resize_jpeg_jpeg,resize(0.50)->jpeg(Q50)->jpeg(Q50),0.5,50,2
real_00043.jpeg,test,real,0,1,0.7094268202781677,c3_resize_jpeg_jpeg,resize(0.50)->jpeg(Q50)->jpeg(Q50),0.5,50,2
real_00104.jpeg,test,real,0,0,0.00011698938760673627,c3_resize_jpeg_jpeg,resize(0.50)->jpeg(Q50)->jpeg(Q50),0.5,50,2
real_00238.jpeg,test,real,0,0,0.0012338826199993491,c3_resize_jpeg_jpeg,resize(0.50)->jpeg(Q50)->jpeg(Q50),0.5,50,2
real_00251.jpeg,test,real,0,0,0.00018134441052097827,c3_resize_jpeg_jpeg,resize(0.50)->jpeg(Q50)->jpeg(Q50),0.5,50,2
real_00017.jpeg,test,real,0,0,0.0005882680416107178,c3_resize_jpeg_jpeg,resize(0.50)->jpeg(Q50)->jpeg(Q50),0.5,50,2
real_00500.jpeg,test,real,0,0,0.0007844495121389627,c3_resize_jpeg_jpeg,resize(0.50)->jpeg(Q50)->jpeg(Q50),0.5,50,2
real_00056.jpeg,test,real,0,0,0.011826214380562305,c3_resize_jpeg_jpeg,resize(0.50)->jpeg(Q50)->jpeg(Q50),0.5,50,2
real_00227.jpeg,test,real,0,0,4.454998634173535e-05,c3_resize_jpeg_jpeg,resize(0.50)->jpeg(Q50)->jpeg(Q50),0.5,50,2
real_00347.jpeg,test,real,0,0,0.025462094694375992,c3_resize_jpeg_jpeg,resize(0.50)->jpeg(Q50)->jpeg(Q50),0.5,50,2
real_00176.jpeg,test,real,0,1,0.7938997149467468,c3_resize_jpeg_jpeg,resize(0.50)->jpeg(Q50)->jpeg(Q50),0.5,50,2
real_00085.jpeg,test,real,0,0,0.0024631593842059374,c3_resize_jpeg_jpeg,resize(0.50)->jpeg(Q50)->jpeg(Q50),0.5,50,2
real_00586.jpeg,test,real,0,0,0.006801518611609936,c3_resize_jpeg_jpeg,resize(0.50)->jpeg(Q50)->jpeg(Q50),0.5,50,2
real_00193.jpeg,test,real,0,0,0.00033395623904652894,c3_resize_jpeg_jpeg,resize(0.50)->jpeg(Q50)->jpeg(Q50),0.5,50,2
real_00018.jpeg,test,real,0,1,0.9457346796989441,c3_resize_jpeg_jpeg,resize(0.50)->jpeg(Q50)->jpeg(Q50),0.5,50,2
real_00342.jpeg,test,real,0,0,0.028357714414596558,c3_resize_jpeg_jpeg,resize(0.50)->jpeg(Q50)->jpeg(Q50),0.5,50,2
real_00359.jpeg,test,real,0,1,0.9409478902816772,c3_resize_jpeg_jpeg,resize(0.50)->jpeg(Q50)->jpeg(Q50),0.5,50,2
real_00163.jpeg,test,real,0,0,0.20521412789821625,c3_resize_jpeg_jpeg,resize(0.50)->jpeg(Q50)->jpeg(Q50),0.5,50,2
real_00527.jpeg,test,real,0,0,0.0026964920107275248,c3_resize_jpeg_jpeg,resize(0.50)->jpeg(Q50)->jpeg(Q50),0.5,50,2
real_00444.jpeg,test,real,0,0,6.90857123117894e-05,c3_resize_jpeg_jpeg,resize(0.50)->jpeg(Q50)->jpeg(Q50),0.5,50,2
real_00440.jpeg,test,real,0,0,0.015509011223912239,c3_resize_jpeg_jpeg,resize(0.50)->jpeg(Q50)->jpeg(Q50),0.5,50,2
real_00096.jpeg,test,real,0,0,0.005505064036697149,c3_resize_jpeg_jpeg,resize(0.50)->jpeg(Q50)->jpeg(Q50),0.5,50,2
real_00165.jpeg,test,real,0,0,0.008693983778357506,c3_resize_jpeg_jpeg,resize(0.50)->jpeg(Q50)->jpeg(Q50),0.5,50,2
real_00576.jpeg,test,real,0,0,0.10753018409013748,c3_resize_jpeg_jpeg,resize(0.50)->jpeg(Q50)->jpeg(Q50),0.5,50,2
real_00375.jpeg,test,real,0,0,0.009014696814119816,c3_resize_jpeg_jpeg,resize(0.50)->jpeg(Q50)->jpeg(Q50),0.5,50,2
real_00300.jpeg,test,real,0,0,6.440890865633264e-05,c3_resize_jpeg_jpeg,resize(0.50)->jpeg(Q50)->jpeg(Q50),0.5,50,2
real_00503.jpeg,test,real,0,0,0.018350698053836823,c3_resize_jpeg_jpeg,resize(0.50)->jpeg(Q50)->jpeg(Q50),0.5,50,2
real_00499.jpeg,test,real,0,0,0.00018364618881605566,c3_resize_jpeg_jpeg,resize(0.50)->jpeg(Q50)->jpeg(Q50),0.5,50,2
real_00283.jpeg,test,real,0,0,0.02288563922047615,c3_resize_jpeg_jpeg,resize(0.50)->jpeg(Q50)->jpeg(Q50),0.5,50,2
real_00160.jpeg,test,real,0,1,0.8542903661727905,c3_resize_jpeg_jpeg,resize(0.50)->jpeg(Q50)->jpeg(Q50),0.5,50,2
real_00260.jpeg,test,real,0,0,0.31935328245162964,c3_resize_jpeg_jpeg,resize(0.50)->jpeg(Q50)->jpeg(Q50),0.5,50,2
real_00208.jpeg,test,real,0,0,3.765109431697056e-05,c3_resize_jpeg_jpeg,resize(0.50)->jpeg(Q50)->jpeg(Q50),0.5,50,2
real_00262.jpeg,test,real,0,0,0.016962595283985138,c3_resize_jpeg_jpeg,resize(0.50)->jpeg(Q50)->jpeg(Q50),0.5,50,2
real_00213.jpeg,test,real,0,0,0.2123122364282608,c3_resize_jpeg_jpeg,resize(0.50)->jpeg(Q50)->jpeg(Q50),0.5,50,2
real_00476.jpeg,test,real,0,0,0.007122710347175598,c3_resize_jpeg_jpeg,resize(0.50)->jpeg(Q50)->jpeg(Q50),0.5,50,2
real_00092.jpeg,test,real,0,0,0.010434485040605068,c3_resize_jpeg_jpeg,resize(0.50)->jpeg(Q50)->jpeg(Q50),0.5,50,2
real_00324.jpeg,test,real,0,0,0.15237262845039368,c3_resize_jpeg_jpeg,resize(0.50)->jpeg(Q50)->jpeg(Q50),0.5,50,2
real_00425.jpeg,test,real,0,1,0.5074543952941895,c3_resize_jpeg_jpeg,resize(0.50)->jpeg(Q50)->jpeg(Q50),0.5,50,2
real_00559.jpeg,test,real,0,0,7.047086000966374e-06,c3_resize_jpeg_jpeg,resize(0.50)->jpeg(Q50)->jpeg(Q50),0.5,50,2
real_00015.jpeg,test,real,0,0,1.075166551345319e-07,c3_resize_jpeg_jpeg,resize(0.50)->jpeg(Q50)->jpeg(Q50),0.5,50,2
real_00562.jpeg,test,real,0,0,0.005030184052884579,c3_resize_jpeg_jpeg,resize(0.50)->jpeg(Q50)->jpeg(Q50),0.5,50,2
real_00514.jpeg,test,real,0,0,2.3566040852074366e-07,c3_resize_jpeg_jpeg,resize(0.50)->jpeg(Q50)->jpeg(Q50),0.5,50,2
real_00580.jpeg,test,real,0,0,1.4657710380561184e-05,c3_resize_jpeg_jpeg,resize(0.50)->jpeg(Q50)->jpeg(Q50),0.5,50,2
real_00202.jpeg,test,real,0,0,0.004636531230062246,c3_resize_jpeg_jpeg,resize(0.50)->jpeg(Q50)->jpeg(Q50),0.5,50,2
real_00402.jpeg,test,real,0,0,6.677065812255023e-06,c3_resize_jpeg_jpeg,resize(0.50)->jpeg(Q50)->jpeg(Q50),0.5,50,2
real_00057.jpeg,test,real,0,0,0.09581957012414932,c3_resize_jpeg_jpeg,resize(0.50)->jpeg(Q50)->jpeg(Q50),0.5,50,2
real_00007.jpeg,test,real,0,0,0.01124897226691246,c3_resize_jpeg_jpeg,resize(0.50)->jpeg(Q50)->jpeg(Q50),0.5,50,2
real_00388.jpeg,test,real,0,1,0.5458368062973022,c3_resize_jpeg_jpeg,resize(0.50)->jpeg(Q50)->jpeg(Q50),0.5,50,2
real_00016.jpeg,test,real,0,0,0.0003807521425187588,c3_resize_jpeg_jpeg,resize(0.50)->jpeg(Q50)->jpeg(Q50),0.5,50,2
real_00506.jpeg,test,real,0,0,0.0060335020534694195,c3_resize_jpeg_jpeg,resize(0.50)->jpeg(Q50)->jpeg(Q50),0.5,50,2
real_00028.jpeg,test,real,0,0,0.0015885381726548076,c3_resize_jpeg_jpeg,resize(0.50)->jpeg(Q50)->jpeg(Q50),0.5,50,2
real_00572.jpeg,test,real,0,0,0.49912306666374207,c3_resize_jpeg_jpeg,resize(0.50)->jpeg(Q50)->jpeg(Q50),0.5,50,2
real_00381.jpeg,test,real,0,0,0.07713151723146439,c3_resize_jpeg_jpeg,resize(0.50)->jpeg(Q50)->jpeg(Q50),0.5,50,2
real_00268.jpeg,test,real,0,0,0.0007229545735754073,c3_resize_jpeg_jpeg,resize(0.50)->jpeg(Q50)->jpeg(Q50),0.5,50,2
real_00512.jpeg,test,real,0,0,0.013007652945816517,c3_resize_jpeg_jpeg,resize(0.50)->jpeg(Q50)->jpeg(Q50),0.5,50,2
real_00006.jpeg,test,real,0,1,0.9166020154953003,c3_resize_jpeg_jpeg,resize(0.50)->jpeg(Q50)->jpeg(Q50),0.5,50,2
real_00289.jpeg,test,real,0,0,7.692110375501215e-05,c3_resize_jpeg_jpeg,resize(0.50)->jpeg(Q50)->jpeg(Q50),0.5,50,2
real_00519.jpeg,test,real,0,0,0.0009472538367845118,c3_resize_jpeg_jpeg,resize(0.50)->jpeg(Q50)->jpeg(Q50),0.5,50,2
real_00252.jpeg,test,real,0,0,0.001493923831731081,c3_resize_jpeg_jpeg,resize(0.50)->jpeg(Q50)->jpeg(Q50),0.5,50,2
real_00211.jpeg,test,real,0,0,0.0024853036738932133,c3_resize_jpeg_jpeg,resize(0.50)->jpeg(Q50)->jpeg(Q50),0.5,50,2
real_00147.jpeg,test,real,0,0,3.850202101585154e-11,c3_resize_jpeg_jpeg,resize(0.50)->jpeg(Q50)->jpeg(Q50),0.5,50,2
real_00181.jpeg,test,real,0,1,0.5756255388259888,c3_resize_jpeg_jpeg,resize(0.50)->jpeg(Q50)->jpeg(Q50),0.5,50,2
real_00458.jpeg,test,real,0,0,6.502915493911132e-05,c3_resize_jpeg_jpeg,resize(0.50)->jpeg(Q50)->jpeg(Q50),0.5,50,2
real_00329.jpeg,test,real,0,0,3.1913734801491955e-06,c3_resize_jpeg_jpeg,resize(0.50)->jpeg(Q50)->jpeg(Q50),0.5,50,2
real_00545.jpeg,test,real,0,0,0.004500712268054485,c3_resize_jpeg_jpeg,resize(0.50)->jpeg(Q50)->jpeg(Q50),0.5,50,2
real_00568.jpeg,test,real,0,0,0.04300764575600624,c3_resize_jpeg_jpeg,resize(0.50)->jpeg(Q50)->jpeg(Q50),0.5,50,2
real_00031.jpeg,test,real,0,0,5.99614168095286e-06,c3_resize_jpeg_jpeg,resize(0.50)->jpeg(Q50)->jpeg(Q50),0.5,50,2
real_00171.jpeg,test,real,0,0,6.35944417126666e-08,c3_resize_jpeg_jpeg,resize(0.50)->jpeg(Q50)->jpeg(Q50),0.5,50,2
real_00320.jpeg,test,real,0,0,8.048612653510645e-05,c3_resize_jpeg_jpeg,resize(0.50)->jpeg(Q50)->jpeg(Q50),0.5,50,2
real_00083.jpeg,test,real,0,0,0.006066333502531052,c3_resize_jpeg_jpeg,resize(0.50)->jpeg(Q50)->jpeg(Q50),0.5,50,2
real_00012.jpeg,test,real,0,1,0.5151783227920532,c3_resize_jpeg_jpeg,resize(0.50)->jpeg(Q50)->jpeg(Q50),0.5,50,2
real_00357.jpeg,test,real,0,0,0.028853271156549454,c3_resize_jpeg_jpeg,resize(0.50)->jpeg(Q50)->jpeg(Q50),0.5,50,2
real_00346.jpeg,test,real,0,0,0.00013131836021784693,c3_resize_jpeg_jpeg,resize(0.50)->jpeg(Q50)->jpeg(Q50),0.5,50,2
real_00450.jpeg,test,real,0,1,0.5576503276824951,c3_resize_jpeg_jpeg,resize(0.50)->jpeg(Q50)->jpeg(Q50),0.5,50,2
real_00356.jpeg,test,real,0,0,0.46505892276763916,c3_resize_jpeg_jpeg,resize(0.50)->jpeg(Q50)->jpeg(Q50),0.5,50,2
real_00594.jpeg,test,real,0,0,0.008668278343975544,c3_resize_jpeg_jpeg,resize(0.50)->jpeg(Q50)->jpeg(Q50),0.5,50,2
real_00048.jpeg,test,real,0,0,0.05144168436527252,c3_resize_jpeg_jpeg,resize(0.50)->jpeg(Q50)->jpeg(Q50),0.5,50,2
real_00158.jpeg,test,real,0,0,3.869268141443172e-07,c3_resize_jpeg_jpeg,resize(0.50)->jpeg(Q50)->jpeg(Q50),0.5,50,2
real_00521.jpeg,test,real,0,0,0.020131994038820267,c3_resize_jpeg_jpeg,resize(0.50)->jpeg(Q50)->jpeg(Q50),0.5,50,2
real_00285.jpeg,test,real,0,0,0.20352260768413544,c3_resize_jpeg_jpeg,resize(0.50)->jpeg(Q50)->jpeg(Q50),0.5,50,2
real_00270.jpeg,test,real,0,0,6.408407352864742e-05,c3_resize_jpeg_jpeg,resize(0.50)->jpeg(Q50)->jpeg(Q50),0.5,50,2
real_00533.jpeg,test,real,0,0,0.06938499957323074,c3_resize_jpeg_jpeg,resize(0.50)->jpeg(Q50)->jpeg(Q50),0.5,50,2
real_00494.jpeg,test,real,0,0,0.029872719198465347,c3_resize_jpeg_jpeg,resize(0.50)->jpeg(Q50)->jpeg(Q50),0.5,50,2
real_00317.jpeg,test,real,0,0,0.0003015599213540554,c3_resize_jpeg_jpeg,resize(0.50)->jpeg(Q50)->jpeg(Q50),0.5,50,2
real_00296.jpeg,test,real,0,0,5.873430382052902e-07,c3_resize_jpeg_jpeg,resize(0.50)->jpeg(Q50)->jpeg(Q50),0.5,50,2
real_00237.jpeg,test,real,0,0,3.553688827651058e-07,c3_resize_jpeg_jpeg,resize(0.50)->jpeg(Q50)->jpeg(Q50),0.5,50,2
real_00242.jpeg,test,real,0,0,0.0025726661551743746,c3_resize_jpeg_jpeg,resize(0.50)->jpeg(Q50)->jpeg(Q50),0.5,50,2
real_00584.jpeg,test,real,0,0,0.19398662447929382,c3_resize_jpeg_jpeg,resize(0.50)->jpeg(Q50)->jpeg(Q50),0.5,50,2
real_00570.jpeg,test,real,0,0,0.0021509022917598486,c3_resize_jpeg_jpeg,resize(0.50)->jpeg(Q50)->jpeg(Q50),0.5,50,2
real_00133.jpeg,test,real,0,0,0.010592733509838581,c3_resize_jpeg_jpeg,resize(0.50)->jpeg(Q50)->jpeg(Q50),0.5,50,2
real_00047.jpeg,test,real,0,0,2.396717172814533e-05,c3_resize_jpeg_jpeg,resize(0.50)->jpeg(Q50)->jpeg(Q50),0.5,50,2
real_00480.jpeg,test,real,0,0,0.00011431451275711879,c3_resize_jpeg_jpeg,resize(0.50)->jpeg(Q50)->jpeg(Q50),0.5,50,2
real_00210.jpeg,test,real,0,0,2.7054331894760253e-06,c3_resize_jpeg_jpeg,resize(0.50)->jpeg(Q50)->jpeg(Q50),0.5,50,2
real_00301.jpeg,test,real,0,0,0.1745326668024063,c3_resize_jpeg_jpeg,resize(0.50)->jpeg(Q50)->jpeg(Q50),0.5,50,2
real_00574.jpeg,test,real,0,1,0.9477559924125671,c3_resize_jpeg_jpeg,resize(0.50)->jpeg(Q50)->jpeg(Q50),0.5,50,2
real_00134.jpeg,test,real,0,0,0.16959865391254425,c3_resize_jpeg_jpeg,resize(0.50)->jpeg(Q50)->jpeg(Q50),0.5,50,2
real_00597.jpeg,test,real,0,0,0.14686807990074158,c3_resize_jpeg_jpeg,resize(0.50)->jpeg(Q50)->jpeg(Q50),0.5,50,2
real_00281.jpeg,test,real,0,1,0.7619215846061707,c3_resize_jpeg_jpeg,resize(0.50)->jpeg(Q50)->jpeg(Q50),0.5,50,2
real_00332.jpeg,test,real,0,0,0.062281977385282516,c3_resize_jpeg_jpeg,resize(0.50)->jpeg(Q50)->jpeg(Q50),0.5,50,2
real_00415.jpeg,test,real,0,0,0.00021521086455322802,c3_resize_jpeg_jpeg,resize(0.50)->jpeg(Q50)->jpeg(Q50),0.5,50,2
real_00093.jpeg,test,real,0,0,2.2821250240667723e-05,c3_resize_jpeg_jpeg,resize(0.50)->jpeg(Q50)->jpeg(Q50),0.5,50,2
real_00526.jpeg,test,real,0,0,0.008254596032202244,c3_resize_jpeg_jpeg,resize(0.50)->jpeg(Q50)->jpeg(Q50),0.5,50,2
real_00259.jpeg,test,real,0,1,0.6116277575492859,c3_resize_jpeg_jpeg,resize(0.50)->jpeg(Q50)->jpeg(Q50),0.5,50,2
real_00128.jpeg,test,real,0,0,0.25459524989128113,c3_resize_jpeg_jpeg,resize(0.50)->jpeg(Q50)->jpeg(Q50),0.5,50,2
real_00173.jpeg,test,real,0,0,7.40707889690384e-07,c3_resize_jpeg_jpeg,resize(0.50)->jpeg(Q50)->jpeg(Q50),0.5,50,2
real_00005.jpeg,test,real,0,0,1.878410849087686e-08,c3_resize_jpeg_jpeg,resize(0.50)->jpeg(Q50)->jpeg(Q50),0.5,50,2
real_00532.jpeg,test,real,0,1,0.6063703894615173,c3_resize_jpeg_jpeg,resize(0.50)->jpeg(Q50)->jpeg(Q50),0.5,50,2
real_00061.jpeg,test,real,0,0,1.2825699741370045e-05,c3_resize_jpeg_jpeg,resize(0.50)->jpeg(Q50)->jpeg(Q50),0.5,50,2
real_00313.jpeg,test,real,0,0,4.280555458535673e-06,c3_resize_jpeg_jpeg,resize(0.50)->jpeg(Q50)->jpeg(Q50),0.5,50,2
real_00130.jpeg,test,real,0,0,3.500683476431732e-07,c3_resize_jpeg_jpeg,resize(0.50)->jpeg(Q50)->jpeg(Q50),0.5,50,2
real_00454.jpeg,test,real,0,0,1.911599838422262e-06,c3_resize_jpeg_jpeg,resize(0.50)->jpeg(Q50)->jpeg(Q50),0.5,50,2
real_00204.jpeg,test,real,0,0,0.00017969032342080027,c3_resize_jpeg_jpeg,resize(0.50)->jpeg(Q50)->jpeg(Q50),0.5,50,2
real_00337.jpeg,test,real,0,0,0.0007383733172900975,c3_resize_jpeg_jpeg,resize(0.50)->jpeg(Q50)->jpeg(Q50),0.5,50,2
real_00195.jpeg,test,real,0,0,4.064467020725715e-07,c3_resize_jpeg_jpeg,resize(0.50)->jpeg(Q50)->jpeg(Q50),0.5,50,2
real_00187.jpeg,test,real,0,0,0.001551533117890358,c3_resize_jpeg_jpeg,resize(0.50)->jpeg(Q50)->jpeg(Q50),0.5,50,2
real_00489.jpeg,test,real,0,0,1.8003742070504813e-06,c3_resize_jpeg_jpeg,resize(0.50)->jpeg(Q50)->jpeg(Q50),0.5,50,2
real_00385.jpeg,test,real,0,0,0.0003026783524546772,c3_resize_jpeg_jpeg,resize(0.50)->jpeg(Q50)->jpeg(Q50),0.5,50,2
real_00221.jpeg,test,real,0,0,0.00035674439277499914,c3_resize_jpeg_jpeg,resize(0.50)->jpeg(Q50)->jpeg(Q50),0.5,50,2
real_00027.jpeg,test,real,0,1,0.9959631562232971,c3_resize_jpeg_jpeg,resize(0.50)->jpeg(Q50)->jpeg(Q50),0.5,50,2
real_00022.jpeg,test,real,0,0,3.8642309618808213e-07,c3_resize_jpeg_jpeg,resize(0.50)->jpeg(Q50)->jpeg(Q50),0.5,50,2
real_00331.jpeg,test,real,0,0,0.33506202697753906,c3_resize_jpeg_jpeg,resize(0.50)->jpeg(Q50)->jpeg(Q50),0.5,50,2
real_00159.jpeg,test,real,0,0,4.38623501395341e-05,c3_resize_jpeg_jpeg,resize(0.50)->jpeg(Q50)->jpeg(Q50),0.5,50,2
real_00068.jpeg,test,real,0,0,0.00025185130652971566,c3_resize_jpeg_jpeg,resize(0.50)->jpeg(Q50)->jpeg(Q50),0.5,50,2
real_00127.jpeg,test,real,0,0,3.241608283133246e-05,c3_resize_jpeg_jpeg,resize(0.50)->jpeg(Q50)->jpeg(Q50),0.5,50,2
real_00420.jpeg,test,real,0,0,0.34803617000579834,c3_resize_jpeg_jpeg,resize(0.50)->jpeg(Q50)->jpeg(Q50),0.5,50,2
real_00510.jpeg,test,real,0,0,0.00013957936607766896,c3_resize_jpeg_jpeg,resize(0.50)->jpeg(Q50)->jpeg(Q50),0.5,50,2
real_00106.jpeg,test,real,0,0,0.03820383548736572,c3_resize_jpeg_jpeg,resize(0.50)->jpeg(Q50)->jpeg(Q50),0.5,50,2
real_00599.jpeg,test,real,0,0,0.00022157753119245172,c3_resize_jpeg_jpeg,resize(0.50)->jpeg(Q50)->jpeg(Q50),0.5,50,2
real_00419.jpeg,test,real,0,0,7.397400736408599e-07,c3_resize_jpeg_jpeg,resize(0.50)->jpeg(Q50)->jpeg(Q50),0.5,50,2
real_00286.jpeg,test,real,0,0,0.0727904886007309,c3_resize_jpeg_jpeg,resize(0.50)->jpeg(Q50)->jpeg(Q50),0.5,50,2
real_00341.jpeg,test,real,0,0,0.0037596477195620537,c3_resize_jpeg_jpeg,resize(0.50)->jpeg(Q50)->jpeg(Q50),0.5,50,2
real_00263.jpeg,test,real,0,0,0.0037865007761865854,c3_resize_jpeg_jpeg,resize(0.50)->jpeg(Q50)->jpeg(Q50),0.5,50,2
real_00255.jpeg,test,real,0,0,0.4566042423248291,c3_resize_jpeg_jpeg,resize(0.50)->jpeg(Q50)->jpeg(Q50),0.5,50,2
real_00335.jpeg,test,real,0,0,0.010544436983764172,c3_resize_jpeg_jpeg,resize(0.50)->jpeg(Q50)->jpeg(Q50),0.5,50,2
real_00174.jpeg,test,real,0,0,0.00031030591344460845,c3_resize_jpeg_jpeg,resize(0.50)->jpeg(Q50)->jpeg(Q50),0.5,50,2
real_00243.jpeg,test,real,0,0,0.47829848527908325,c3_resize_jpeg_jpeg,resize(0.50)->jpeg(Q50)->jpeg(Q50),0.5,50,2
real_00140.jpeg,test,real,0,0,0.25339215993881226,c3_resize_jpeg_jpeg,resize(0.50)->jpeg(Q50)->jpeg(Q50),0.5,50,2
real_00582.jpeg,test,real,0,0,0.0010324296308681369,c3_resize_jpeg_jpeg,resize(0.50)->jpeg(Q50)->jpeg(Q50),0.5,50,2
real_00542.jpeg,test,real,0,0,0.002503860741853714,c3_resize_jpeg_jpeg,resize(0.50)->jpeg(Q50)->jpeg(Q50),0.5,50,2
real_00547.jpeg,test,real,0,0,0.0002611427626106888,c3_resize_jpeg_jpeg,resize(0.50)->jpeg(Q50)->jpeg(Q50),0.5,50,2
real_00287.jpeg,test,real,0,0,0.3324950039386749,c3_resize_jpeg_jpeg,resize(0.50)->jpeg(Q50)->jpeg(Q50),0.5,50,2
real_00144.jpeg,test,real,0,0,2.4283930542878807e-05,c3_resize_jpeg_jpeg,resize(0.50)->jpeg(Q50)->jpeg(Q50),0.5,50,2
real_00214.jpeg,test,real,0,0,0.025234583765268326,c3_resize_jpeg_jpeg,resize(0.50)->jpeg(Q50)->jpeg(Q50),0.5,50,2
real_00234.jpeg,test,real,0,0,0.02975139394402504,c3_resize_jpeg_jpeg,resize(0.50)->jpeg(Q50)->jpeg(Q50),0.5,50,2
real_00595.jpeg,test,real,0,0,2.825039700837806e-05,c3_resize_jpeg_jpeg,resize(0.50)->jpeg(Q50)->jpeg(Q50),0.5,50,2
real_00075.jpeg,test,real,0,0,6.891349130455637e-06,c3_resize_jpeg_jpeg,resize(0.50)->jpeg(Q50)->jpeg(Q50),0.5,50,2
real_00295.jpeg,test,real,0,0,0.0006627879338338971,c3_resize_jpeg_jpeg,resize(0.50)->jpeg(Q50)->jpeg(Q50),0.5,50,2
real_00070.jpeg,test,real,0,0,0.0012112107360735536,c3_resize_jpeg_jpeg,resize(0.50)->jpeg(Q50)->jpeg(Q50),0.5,50,2
real_00148.jpeg,test,real,0,0,1.0185779046878451e-06,c3_resize_jpeg_jpeg,resize(0.50)->jpeg(Q50)->jpeg(Q50),0.5,50,2
real_00491.jpeg,test,real,0,0,0.20540058612823486,c3_resize_jpeg_jpeg,resize(0.50)->jpeg(Q50)->jpeg(Q50),0.5,50,2
real_00090.jpeg,test,real,0,0,1.1391917723813094e-05,c3_resize_jpeg_jpeg,resize(0.50)->jpeg(Q50)->jpeg(Q50),0.5,50,2
real_00063.jpeg,test,real,0,0,0.2726464867591858,c3_resize_jpeg_jpeg,resize(0.50)->jpeg(Q50)->jpeg(Q50),0.5,50,2
real_00334.jpeg,test,real,0,0,0.08891110122203827,c3_resize_jpeg_jpeg,resize(0.50)->jpeg(Q50)->jpeg(Q50),0.5,50,2
real_00530.jpeg,test,real,0,0,0.0006414356175810099,c3_resize_jpeg_jpeg,resize(0.50)->jpeg(Q50)->jpeg(Q50),0.5,50,2
real_00069.jpeg,test,real,0,0,0.007554033771157265,c3_resize_jpeg_jpeg,resize(0.50)->jpeg(Q50)->jpeg(Q50),0.5,50,2
real_00109.jpeg,test,real,0,0,7.115827884263126e-06,c3_resize_jpeg_jpeg,resize(0.50)->jpeg(Q50)->jpeg(Q50),0.5,50,2
real_00321.jpeg,test,real,0,0,6.253152241697535e-05,c3_resize_jpeg_jpeg,resize(0.50)->jpeg(Q50)->jpeg(Q50),0.5,50,2
real_00126.jpeg,test,real,0,0,0.011024842970073223,c3_resize_jpeg_jpeg,resize(0.50)->jpeg(Q50)->jpeg(Q50),0.5,50,2
real_00358.jpeg,test,real,0,0,0.0003966460644733161,c3_resize_jpeg_jpeg,resize(0.50)->jpeg(Q50)->jpeg(Q50),0.5,50,2
real_00364.jpeg,test,real,0,0,0.0013114435132592916,c3_resize_jpeg_jpeg,resize(0.50)->jpeg(Q50)->jpeg(Q50),0.5,50,2
real_00209.jpeg,test,real,0,0,0.00026792872813530266,c3_resize_jpeg_jpeg,resize(0.50)->jpeg(Q50)->jpeg(Q50),0.5,50,2
real_00292.jpeg,test,real,0,0,0.0002939554688055068,c3_resize_jpeg_jpeg,resize(0.50)->jpeg(Q50)->jpeg(Q50),0.5,50,2
real_00473.jpeg,test,real,0,0,0.001635642722249031,c3_resize_jpeg_jpeg,resize(0.50)->jpeg(Q50)->jpeg(Q50),0.5,50,2
real_00367.jpeg,test,real,0,0,0.0013989926083013415,c3_resize_jpeg_jpeg,resize(0.50)->jpeg(Q50)->jpeg(Q50),0.5,50,2
real_00228.jpeg,test,real,0,0,0.00010613303311401978,c3_resize_jpeg_jpeg,resize(0.50)->jpeg(Q50)->jpeg(Q50),0.5,50,2
real_00463.jpeg,test,real,0,0,4.5095657696947455e-05,c3_resize_jpeg_jpeg,resize(0.50)->jpeg(Q50)->jpeg(Q50),0.5,50,2
real_00529.jpeg,test,real,0,1,0.9621025919914246,c3_resize_jpeg_jpeg,resize(0.50)->jpeg(Q50)->jpeg(Q50),0.5,50,2
real_00376.jpeg,test,real,0,0,0.00017942735576070845,c3_resize_jpeg_jpeg,resize(0.50)->jpeg(Q50)->jpeg(Q50),0.5,50,2
real_00089.jpeg,test,real,0,0,0.03807547688484192,c3_resize_jpeg_jpeg,resize(0.50)->jpeg(Q50)->jpeg(Q50),0.5,50,2
real_00409.jpeg,test,real,0,0,3.9832948459661566e-06,c3_resize_jpeg_jpeg,resize(0.50)->jpeg(Q50)->jpeg(Q50),0.5,50,2
real_00456.jpeg,test,real,0,0,0.0022642165422439575,c3_resize_jpeg_jpeg,resize(0.50)->jpeg(Q50)->jpeg(Q50),0.5,50,2
real_00378.jpeg,test,real,0,0,0.06527908891439438,c3_resize_jpeg_jpeg,resize(0.50)->jpeg(Q50)->jpeg(Q50),0.5,50,2
real_00596.jpeg,test,real,0,0,0.004577230662107468,c3_resize_jpeg_jpeg,resize(0.50)->jpeg(Q50)->jpeg(Q50),0.5,50,2
real_00477.jpeg,test,real,0,0,8.693175004736986e-06,c3_resize_jpeg_jpeg,resize(0.50)->jpeg(Q50)->jpeg(Q50),0.5,50,2
real_00261.jpeg,test,real,0,0,0.0001426622475264594,c3_resize_jpeg_jpeg,resize(0.50)->jpeg(Q50)->jpeg(Q50),0.5,50,2
real_00273.jpeg,test,real,0,0,0.010006359778344631,c3_resize_jpeg_jpeg,resize(0.50)->jpeg(Q50)->jpeg(Q50),0.5,50,2
real_00100.jpeg,test,real,0,0,6.430603605167562e-08,c3_resize_jpeg_jpeg,resize(0.50)->jpeg(Q50)->jpeg(Q50),0.5,50,2
real_00080.jpeg,test,real,0,0,1.0971501978929155e-05,c3_resize_jpeg_jpeg,resize(0.50)->jpeg(Q50)->jpeg(Q50),0.5,50,2
real_00009.jpeg,test,real,0,1,0.9113554954528809,c3_resize_jpeg_jpeg,resize(0.50)->jpeg(Q50)->jpeg(Q50),0.5,50,2
real_00167.jpeg,test,real,0,0,2.0446952930797124e-06,c3_resize_jpeg_jpeg,resize(0.50)->jpeg(Q50)->jpeg(Q50),0.5,50,2
real_00571.jpeg,test,real,0,1,0.6309990286827087,c3_resize_jpeg_jpeg,resize(0.50)->jpeg(Q50)->jpeg(Q50),0.5,50,2
real_00218.jpeg,test,real,0,0,0.0002499192487448454,c3_resize_jpeg_jpeg,resize(0.50)->jpeg(Q50)->jpeg(Q50),0.5,50,2
real_00355.jpeg,test,real,0,0,0.03103768639266491,c3_resize_jpeg_jpeg,resize(0.50)->jpeg(Q50)->jpeg(Q50),0.5,50,2
real_00406.jpeg,test,real,0,0,0.009712127037346363,c3_resize_jpeg_jpeg,resize(0.50)->jpeg(Q50)->jpeg(Q50),0.5,50,2
real_00302.jpeg,test,real,0,0,0.031498830765485764,c3_resize_jpeg_jpeg,resize(0.50)->jpeg(Q50)->jpeg(Q50),0.5,50,2
real_00010.jpeg,test,real,0,1,0.8794050812721252,c3_resize_jpeg_jpeg,resize(0.50)->jpeg(Q50)->jpeg(Q50),0.5,50,2
real_00405.jpeg,test,real,0,0,0.03503744676709175,c3_resize_jpeg_jpeg,resize(0.50)->jpeg(Q50)->jpeg(Q50),0.5,50,2
real_00447.jpeg,test,real,0,0,0.0006458935677073896,c3_resize_jpeg_jpeg,resize(0.50)->jpeg(Q50)->jpeg(Q50),0.5,50,2
real_00379.jpeg,test,real,0,0,4.920819264953025e-06,c3_resize_jpeg_jpeg,resize(0.50)->jpeg(Q50)->jpeg(Q50),0.5,50,2
real_00319.jpeg,test,real,0,1,0.7870185971260071,c3_resize_jpeg_jpeg,resize(0.50)->jpeg(Q50)->jpeg(Q50),0.5,50,2
real_00543.jpeg,test,real,0,0,0.00016470131231471896,c3_resize_jpeg_jpeg,resize(0.50)->jpeg(Q50)->jpeg(Q50),0.5,50,2
real_00539.jpeg,test,real,0,0,0.45337602496147156,c3_resize_jpeg_jpeg,resize(0.50)->jpeg(Q50)->jpeg(Q50),0.5,50,2
real_00579.jpeg,test,real,0,0,0.006083885207772255,c3_resize_jpeg_jpeg,resize(0.50)->jpeg(Q50)->jpeg(Q50),0.5,50,2
real_00459.jpeg,test,real,0,1,0.5343211889266968,c3_resize_jpeg_jpeg,resize(0.50)->jpeg(Q50)->jpeg(Q50),0.5,50,2
real_00587.jpeg,test,real,0,0,2.132524157261173e-09,c3_resize_jpeg_jpeg,resize(0.50)->jpeg(Q50)->jpeg(Q50),0.5,50,2
real_00114.jpeg,test,real,0,0,1.7085866375055048e-06,c3_resize_jpeg_jpeg,resize(0.50)->jpeg(Q50)->jpeg(Q50),0.5,50,2
real_00479.jpeg,test,real,0,0,2.4453391233691946e-05,c3_resize_jpeg_jpeg,resize(0.50)->jpeg(Q50)->jpeg(Q50),0.5,50,2
real_00488.jpeg,test,real,0,1,0.9154133200645447,c3_resize_jpeg_jpeg,resize(0.50)->jpeg(Q50)->jpeg(Q50),0.5,50,2
real_00360.jpeg,test,real,0,0,0.00039967725751921535,c3_resize_jpeg_jpeg,resize(0.50)->jpeg(Q50)->jpeg(Q50),0.5,50,2
real_00363.jpeg,test,real,0,0,0.012481015175580978,c3_resize_jpeg_jpeg,resize(0.50)->jpeg(Q50)->jpeg(Q50),0.5,50,2
real_00350.jpeg,test,real,0,0,0.000406596198445186,c3_resize_jpeg_jpeg,resize(0.50)->jpeg(Q50)->jpeg(Q50),0.5,50,2
real_00441.jpeg,test,real,0,0,6.515391578432173e-05,c3_resize_jpeg_jpeg,resize(0.50)->jpeg(Q50)->jpeg(Q50),0.5,50,2
real_00003.jpeg,test,real,0,0,0.007878264412283897,c3_resize_jpeg_jpeg,resize(0.50)->jpeg(Q50)->jpeg(Q50),0.5,50,2
real_00217.jpeg,test,real,0,0,0.00374575681053102,c3_resize_jpeg_jpeg,resize(0.50)->jpeg(Q50)->jpeg(Q50),0.5,50,2
real_00465.jpeg,test,real,0,1,0.509965181350708,c3_resize_jpeg_jpeg,resize(0.50)->jpeg(Q50)->jpeg(Q50),0.5,50,2
real_00442.jpeg,test,real,0,0,1.657028406043537e-05,c3_resize_jpeg_jpeg,resize(0.50)->jpeg(Q50)->jpeg(Q50),0.5,50,2
real_00233.jpeg,test,real,0,0,0.0008102645515464246,c3_resize_jpeg_jpeg,resize(0.50)->jpeg(Q50)->jpeg(Q50),0.5,50,2
real_00161.jpeg,test,real,0,0,0.002189515857025981,c3_resize_jpeg_jpeg,resize(0.50)->jpeg(Q50)->jpeg(Q50),0.5,50,2
real_00412.jpeg,test,real,0,0,0.2974523901939392,c3_resize_jpeg_jpeg,resize(0.50)->jpeg(Q50)->jpeg(Q50),0.5,50,2
real_00468.jpeg,test,real,0,0,0.015867915004491806,c3_resize_jpeg_jpeg,resize(0.50)->jpeg(Q50)->jpeg(Q50),0.5,50,2
real_00125.jpeg,test,real,0,0,0.20022368431091309,c3_resize_jpeg_jpeg,resize(0.50)->jpeg(Q50)->jpeg(Q50),0.5,50,2
real_00186.jpeg,test,real,0,0,5.344760438674712e-07,c3_resize_jpeg_jpeg,resize(0.50)->jpeg(Q50)->jpeg(Q50),0.5,50,2
real_00172.jpeg,test,real,0,0,8.524204275772718e-08,c3_resize_jpeg_jpeg,resize(0.50)->jpeg(Q50)->jpeg(Q50),0.5,50,2
real_00467.jpeg,test,real,0,0,0.0001766789355315268,c3_resize_jpeg_jpeg,resize(0.50)->jpeg(Q50)->jpeg(Q50),0.5,50,2
real_00323.jpeg,test,real,0,0,9.352329652756453e-05,c3_resize_jpeg_jpeg,resize(0.50)->jpeg(Q50)->jpeg(Q50),0.5,50,2
real_00203.jpeg,test,real,0,0,0.016019253060221672,c3_resize_jpeg_jpeg,resize(0.50)->jpeg(Q50)->jpeg(Q50),0.5,50,2
real_00552.jpeg,test,real,0,0,0.23385630548000336,c3_resize_jpeg_jpeg,resize(0.50)->jpeg(Q50)->jpeg(Q50),0.5,50,2
real_00034.jpeg,test,real,0,0,0.004090277478098869,c3_resize_jpeg_jpeg,resize(0.50)->jpeg(Q50)->jpeg(Q50),0.5,50,2
real_00142.jpeg,test,real,0,0,0.016939949244260788,c3_resize_jpeg_jpeg,resize(0.50)->jpeg(Q50)->jpeg(Q50),0.5,50,2
real_00059.jpeg,test,real,0,0,0.000652938790153712,c3_resize_jpeg_jpeg,resize(0.50)->jpeg(Q50)->jpeg(Q50),0.5,50,2
real_00021.jpeg,test,real,0,1,0.5322399735450745,c3_resize_jpeg_jpeg,resize(0.50)->jpeg(Q50)->jpeg(Q50),0.5,50,2
real_00525.jpeg,test,real,0,0,0.13338689506053925,c3_resize_jpeg_jpeg,resize(0.50)->jpeg(Q50)->jpeg(Q50),0.5,50,2
real_00275.jpeg,test,real,0,0,0.2412911206483841,c3_resize_jpeg_jpeg,resize(0.50)->jpeg(Q50)->jpeg(Q50),0.5,50,2
real_00430.jpeg,test,real,0,0,0.0007531482260674238,c3_resize_jpeg_jpeg,resize(0.50)->jpeg(Q50)->jpeg(Q50),0.5,50,2
real_00349.jpeg,test,real,0,0,8.938265949609558e-08,c3_resize_jpeg_jpeg,resize(0.50)->jpeg(Q50)->jpeg(Q50),0.5,50,2
real_00373.jpeg,test,real,0,0,0.00021517620189115405,c3_resize_jpeg_jpeg,resize(0.50)->jpeg(Q50)->jpeg(Q50),0.5,50,2
real_00078.jpeg,test,real,0,0,0.003997649531811476,c3_resize_jpeg_jpeg,resize(0.50)->jpeg(Q50)->jpeg(Q50),0.5,50,2
real_00437.jpeg,test,real,0,0,4.4602239768209984e-07,c3_resize_jpeg_jpeg,resize(0.50)->jpeg(Q50)->jpeg(Q50),0.5,50,2
real_00520.jpeg,test,real,0,0,0.00041044692625291646,c3_resize_jpeg_jpeg,resize(0.50)->jpeg(Q50)->jpeg(Q50),0.5,50,2
real_00564.jpeg,test,real,0,0,0.019415875896811485,c3_resize_jpeg_jpeg,resize(0.50)->jpeg(Q50)->jpeg(Q50),0.5,50,2
real_00578.jpeg,test,real,0,0,0.006338317878544331,c3_resize_jpeg_jpeg,resize(0.50)->jpeg(Q50)->jpeg(Q50),0.5,50,2
real_00225.jpeg,test,real,0,0,0.0009778860257938504,c3_resize_jpeg_jpeg,resize(0.50)->jpeg(Q50)->jpeg(Q50),0.5,50,2
real_00232.jpeg,test,real,0,0,1.4490996136373724e-06,c3_resize_jpeg_jpeg,resize(0.50)->jpeg(Q50)->jpeg(Q50),0.5,50,2
real_00194.jpeg,test,real,0,0,1.3623957517694407e-10,c3_resize_jpeg_jpeg,resize(0.50)->jpeg(Q50)->jpeg(Q50),0.5,50,2
real_00278.jpeg,test,real,0,0,8.647070353617892e-05,c3_resize_jpeg_jpeg,resize(0.50)->jpeg(Q50)->jpeg(Q50),0.5,50,2
real_00168.jpeg,test,real,0,0,0.002806503791362047,c3_resize_jpeg_jpeg,resize(0.50)->jpeg(Q50)->jpeg(Q50),0.5,50,2
real_00145.jpeg,test,real,0,1,0.6546574234962463,c3_resize_jpeg_jpeg,resize(0.50)->jpeg(Q50)->jpeg(Q50),0.5,50,2
real_00495.jpeg,test,real,0,0,2.1222942450549453e-05,c3_resize_jpeg_jpeg,resize(0.50)->jpeg(Q50)->jpeg(Q50),0.5,50,2
real_00236.jpeg,test,real,0,0,1.0180476692767115e-06,c3_resize_jpeg_jpeg,resize(0.50)->jpeg(Q50)->jpeg(Q50),0.5,50,2
real_00121.jpeg,test,real,0,0,0.000922404695302248,c3_resize_jpeg_jpeg,resize(0.50)->jpeg(Q50)->jpeg(Q50),0.5,50,2
real_00455.jpeg,test,real,0,0,0.05892695486545563,c3_resize_jpeg_jpeg,resize(0.50)->jpeg(Q50)->jpeg(Q50),0.5,50,2
real_00177.jpeg,test,real,0,0,0.1065596416592598,c3_resize_jpeg_jpeg,resize(0.50)->jpeg(Q50)->jpeg(Q50),0.5,50,2
real_00485.jpeg,test,real,0,0,0.03206315264105797,c3_resize_jpeg_jpeg,resize(0.50)->jpeg(Q50)->jpeg(Q50),0.5,50,2
real_00136.jpeg,test,real,0,0,0.023326141759753227,c3_resize_jpeg_jpeg,resize(0.50)->jpeg(Q50)->jpeg(Q50),0.5,50,2
real_00054.jpeg,test,real,0,0,1.2836696896556532e-06,c3_resize_jpeg_jpeg,resize(0.50)->jpeg(Q50)->jpeg(Q50),0.5,50,2
real_00470.jpeg,test,real,0,0,0.011835691519081593,c3_resize_jpeg_jpeg,resize(0.50)->jpeg(Q50)->jpeg(Q50),0.5,50,2
real_00118.jpeg,test,real,0,0,3.1448159916180884e-06,c3_resize_jpeg_jpeg,resize(0.50)->jpeg(Q50)->jpeg(Q50),0.5,50,2
real_00153.jpeg,test,real,0,0,0.07407575845718384,c3_resize_jpeg_jpeg,resize(0.50)->jpeg(Q50)->jpeg(Q50),0.5,50,2
real_00384.jpeg,test,real,0,0,0.0066195204854011536,c3_resize_jpeg_jpeg,resize(0.50)->jpeg(Q50)->jpeg(Q50),0.5,50,2
real_00115.jpeg,test,real,0,0,0.011778131127357483,c3_resize_jpeg_jpeg,resize(0.50)->jpeg(Q50)->jpeg(Q50),0.5,50,2
real_00101.jpeg,test,real,0,0,0.0668388232588768,c3_resize_jpeg_jpeg,resize(0.50)->jpeg(Q50)->jpeg(Q50),0.5,50,2
real_00327.jpeg,test,real,0,0,0.053548414260149,c3_resize_jpeg_jpeg,resize(0.50)->jpeg(Q50)->jpeg(Q50),0.5,50,2
real_00164.jpeg,test,real,0,0,0.004467531573027372,c3_resize_jpeg_jpeg,resize(0.50)->jpeg(Q50)->jpeg(Q50),0.5,50,2
real_00538.jpeg,test,real,0,0,0.005328900646418333,c3_resize_jpeg_jpeg,resize(0.50)->jpeg(Q50)->jpeg(Q50),0.5,50,2
real_00049.jpeg,test,real,0,0,0.25645846128463745,c3_resize_jpeg_jpeg,resize(0.50)->jpeg(Q50)->jpeg(Q50),0.5,50,2
real_00544.jpeg,test,real,0,0,0.02594093419611454,c3_resize_jpeg_jpeg,resize(0.50)->jpeg(Q50)->jpeg(Q50),0.5,50,2
real_00154.jpeg,test,real,0,0,1.9525232346495613e-05,c3_resize_jpeg_jpeg,resize(0.50)->jpeg(Q50)->jpeg(Q50),0.5,50,2
real_00215.jpeg,test,real,0,0,0.10206971317529678,c3_resize_jpeg_jpeg,resize(0.50)->jpeg(Q50)->jpeg(Q50),0.5,50,2
real_00124.jpeg,test,real,0,0,2.7433873128757114e-06,c3_resize_jpeg_jpeg,resize(0.50)->jpeg(Q50)->jpeg(Q50),0.5,50,2
real_00223.jpeg,test,real,0,1,0.6166710257530212,c3_resize_jpeg_jpeg,resize(0.50)->jpeg(Q50)->jpeg(Q50),0.5,50,2
real_00065.jpeg,test,real,0,0,0.3487499952316284,c3_resize_jpeg_jpeg,resize(0.50)->jpeg(Q50)->jpeg(Q50),0.5,50,2
real_00282.jpeg,test,real,0,0,3.03981422282093e-13,c3_resize_jpeg_jpeg,resize(0.50)->jpeg(Q50)->jpeg(Q50),0.5,50,2
real_00267.jpeg,test,real,0,0,0.0011744770454242826,c3_resize_jpeg_jpeg,resize(0.50)->jpeg(Q50)->jpeg(Q50),0.5,50,2
real_00343.jpeg,test,real,0,0,0.016191687434911728,c3_resize_jpeg_jpeg,resize(0.50)->jpeg(Q50)->jpeg(Q50),0.5,50,2
real_00421.jpeg,test,real,0,0,3.1558299810191537e-12,c3_resize_jpeg_jpeg,resize(0.50)->jpeg(Q50)->jpeg(Q50),0.5,50,2
real_00531.jpeg,test,real,0,0,0.00026012121816165745,c3_resize_jpeg_jpeg,resize(0.50)->jpeg(Q50)->jpeg(Q50),0.5,50,2
real_00575.jpeg,test,real,0,0,0.0003472834068816155,c3_resize_jpeg_jpeg,resize(0.50)->jpeg(Q50)->jpeg(Q50),0.5,50,2
real_00290.jpeg,test,real,0,0,4.570740657072747e-06,c3_resize_jpeg_jpeg,resize(0.50)->jpeg(Q50)->jpeg(Q50),0.5,50,2
real_00336.jpeg,test,real,0,0,7.366478982362423e-09,c3_resize_jpeg_jpeg,resize(0.50)->jpeg(Q50)->jpeg(Q50),0.5,50,2
real_00306.jpeg,test,real,0,0,0.08098038285970688,c3_resize_jpeg_jpeg,resize(0.50)->jpeg(Q50)->jpeg(Q50),0.5,50,2
real_00231.jpeg,test,real,0,0,0.0636085495352745,c3_resize_jpeg_jpeg,resize(0.50)->jpeg(Q50)->jpeg(Q50),0.5,50,2
real_00002.jpeg,test,real,0,0,0.42252689599990845,c3_resize_jpeg_jpeg,resize(0.50)->jpeg(Q50)->jpeg(Q50),0.5,50,2
real_00504.jpeg,test,real,0,0,0.07748612016439438,c3_resize_jpeg_jpeg,resize(0.50)->jpeg(Q50)->jpeg(Q50),0.5,50,2
real_00536.jpeg,test,real,0,0,3.767609450733289e-05,c3_resize_jpeg_jpeg,resize(0.50)->jpeg(Q50)->jpeg(Q50),0.5,50,2
real_00362.jpeg,test,real,0,0,0.0016126235714182258,c3_resize_jpeg_jpeg,resize(0.50)->jpeg(Q50)->jpeg(Q50),0.5,50,2
real_00199.jpeg,test,real,0,0,0.0072874282486736774,c3_resize_jpeg_jpeg,resize(0.50)->jpeg(Q50)->jpeg(Q50),0.5,50,2
real_00023.jpeg,test,real,0,0,2.985203479966003e-07,c3_resize_jpeg_jpeg,resize(0.50)->jpeg(Q50)->jpeg(Q50),0.5,50,2
real_00433.jpeg,test,real,0,0,0.1082889661192894,c3_resize_jpeg_jpeg,resize(0.50)->jpeg(Q50)->jpeg(Q50),0.5,50,2
real_00484.jpeg,test,real,0,0,0.08729326725006104,c3_resize_jpeg_jpeg,resize(0.50)->jpeg(Q50)->jpeg(Q50),0.5,50,2
real_00110.jpeg,test,real,0,0,0.03789006173610687,c3_resize_jpeg_jpeg,resize(0.50)->jpeg(Q50)->jpeg(Q50),0.5,50,2
real_00305.jpeg,test,real,0,0,0.3946000337600708,c3_resize_jpeg_jpeg,resize(0.50)->jpeg(Q50)->jpeg(Q50),0.5,50,2
real_00352.jpeg,test,real,0,0,0.016965307295322418,c3_resize_jpeg_jpeg,resize(0.50)->jpeg(Q50)->jpeg(Q50),0.5,50,2
real_00256.jpeg,test,real,0,0,0.04428422078490257,c3_resize_jpeg_jpeg,resize(0.50)->jpeg(Q50)->jpeg(Q50),0.5,50,2
real_00404.jpeg,test,real,0,0,4.068254384037573e-06,c3_resize_jpeg_jpeg,resize(0.50)->jpeg(Q50)->jpeg(Q50),0.5,50,2
real_00523.jpeg,test,real,0,0,0.0010312411468476057,c3_resize_jpeg_jpeg,resize(0.50)->jpeg(Q50)->jpeg(Q50),0.5,50,2
real_00513.jpeg,test,real,0,0,0.35639727115631104,c3_resize_jpeg_jpeg,resize(0.50)->jpeg(Q50)->jpeg(Q50),0.5,50,2
real_00108.jpeg,test,real,0,0,0.045132268220186234,c3_resize_jpeg_jpeg,resize(0.50)->jpeg(Q50)->jpeg(Q50),0.5,50,2
real_00119.jpeg,test,real,0,0,0.09791383892297745,c3_resize_jpeg_jpeg,resize(0.50)->jpeg(Q50)->jpeg(Q50),0.5,50,2
real_00511.jpeg,test,real,0,0,0.2829403579235077,c3_resize_jpeg_jpeg,resize(0.50)->jpeg(Q50)->jpeg(Q50),0.5,50,2
real_00073.jpeg,test,real,0,0,2.4888520329113817e-06,c3_resize_jpeg_jpeg,resize(0.50)->jpeg(Q50)->jpeg(Q50),0.5,50,2
real_00469.jpeg,test,real,0,0,0.23357850313186646,c3_resize_jpeg_jpeg,resize(0.50)->jpeg(Q50)->jpeg(Q50),0.5,50,2
real_00035.jpeg,test,real,0,0,3.821553491434315e-06,c3_resize_jpeg_jpeg,resize(0.50)->jpeg(Q50)->jpeg(Q50),0.5,50,2
real_00427.jpeg,test,real,0,0,9.257000783691183e-05,c3_resize_jpeg_jpeg,resize(0.50)->jpeg(Q50)->jpeg(Q50),0.5,50,2
real_00000.jpeg,test,real,0,0,1.5258497114700731e-05,c3_resize_jpeg_jpeg,resize(0.50)->jpeg(Q50)->jpeg(Q50),0.5,50,2
real_00066.jpeg,test,real,0,0,0.00017561862478032708,c3_resize_jpeg_jpeg,resize(0.50)->jpeg(Q50)->jpeg(Q50),0.5,50,2
real_00052.jpeg,test,real,0,0,0.00030569263617508113,c3_resize_jpeg_jpeg,resize(0.50)->jpeg(Q50)->jpeg(Q50),0.5,50,2
real_00483.jpeg,test,real,0,0,1.2111945579817984e-05,c3_resize_jpeg_jpeg,resize(0.50)->jpeg(Q50)->jpeg(Q50),0.5,50,2
real_00020.jpeg,test,real,0,0,0.12426673620939255,c3_resize_jpeg_jpeg,resize(0.50)->jpeg(Q50)->jpeg(Q50),0.5,50,2
real_00540.jpeg,test,real,0,0,0.021111924201250076,c3_resize_jpeg_jpeg,resize(0.50)->jpeg(Q50)->jpeg(Q50),0.5,50,2
real_00383.jpeg,test,real,0,0,0.00014118179387878627,c3_resize_jpeg_jpeg,resize(0.50)->jpeg(Q50)->jpeg(Q50),0.5,50,2
real_00129.jpeg,test,real,0,0,0.010615306906402111,c3_resize_jpeg_jpeg,resize(0.50)->jpeg(Q50)->jpeg(Q50),0.5,50,2
real_00505.jpeg,test,real,0,0,2.7460195575756963e-12,c3_resize_jpeg_jpeg,resize(0.50)->jpeg(Q50)->jpeg(Q50),0.5,50,2
real_00517.jpeg,test,real,0,0,0.011253438889980316,c3_resize_jpeg_jpeg,resize(0.50)->jpeg(Q50)->jpeg(Q50),0.5,50,2
real_00291.jpeg,test,real,0,0,0.00011093799548689276,c3_resize_jpeg_jpeg,resize(0.50)->jpeg(Q50)->jpeg(Q50),0.5,50,2
real_00328.jpeg,test,real,0,1,0.5445594787597656,c3_resize_jpeg_jpeg,resize(0.50)->jpeg(Q50)->jpeg(Q50),0.5,50,2
real_00082.jpeg,test,real,0,0,1.4456196595347137e-07,c3_resize_jpeg_jpeg,resize(0.50)->jpeg(Q50)->jpeg(Q50),0.5,50,2
real_00413.jpeg,test,real,0,0,0.0007662621210329235,c3_resize_jpeg_jpeg,resize(0.50)->jpeg(Q50)->jpeg(Q50),0.5,50,2
real_00201.jpeg,test,real,0,0,8.234688721131533e-05,c3_resize_jpeg_jpeg,resize(0.50)->jpeg(Q50)->jpeg(Q50),0.5,50,2
real_00422.jpeg,test,real,0,0,0.00038787638186477125,c3_resize_jpeg_jpeg,resize(0.50)->jpeg(Q50)->jpeg(Q50),0.5,50,2
real_00481.jpeg,test,real,0,1,0.8664939999580383,c3_resize_jpeg_jpeg,resize(0.50)->jpeg(Q50)->jpeg(Q50),0.5,50,2
real_00249.jpeg,test,real,0,0,0.022166309878230095,c3_resize_jpeg_jpeg,resize(0.50)->jpeg(Q50)->jpeg(Q50),0.5,50,2
real_00591.jpeg,test,real,0,1,0.8573686480522156,c3_resize_jpeg_jpeg,resize(0.50)->jpeg(Q50)->jpeg(Q50),0.5,50,2
real_00103.jpeg,test,real,0,0,0.00011562656436581165,c3_resize_jpeg_jpeg,resize(0.50)->jpeg(Q50)->jpeg(Q50),0.5,50,2
real_00058.jpeg,test,real,0,0,2.399525783403078e-06,c3_resize_jpeg_jpeg,resize(0.50)->jpeg(Q50)->jpeg(Q50),0.5,50,2
real_00029.jpeg,test,real,0,1,0.5825243592262268,c3_resize_jpeg_jpeg,resize(0.50)->jpeg(Q50)->jpeg(Q50),0.5,50,2
real_00551.jpeg,test,real,0,0,5.302883820945681e-08,c3_resize_jpeg_jpeg,resize(0.50)->jpeg(Q50)->jpeg(Q50),0.5,50,2
real_00453.jpeg,test,real,0,1,0.9999998807907104,c3_resize_jpeg_jpeg,resize(0.50)->jpeg(Q50)->jpeg(Q50),0.5,50,2
real_00041.jpeg,test,real,0,0,0.0021295708138495684,c3_resize_jpeg_jpeg,resize(0.50)->jpeg(Q50)->jpeg(Q50),0.5,50,2
real_00316.jpeg,test,real,0,0,0.011074394918978214,c3_resize_jpeg_jpeg,resize(0.50)->jpeg(Q50)->jpeg(Q50),0.5,50,2
real_00449.jpeg,test,real,0,0,7.537051715189591e-05,c3_resize_jpeg_jpeg,resize(0.50)->jpeg(Q50)->jpeg(Q50),0.5,50,2
real_00198.jpeg,test,real,0,0,0.00317696132697165,c3_resize_jpeg_jpeg,resize(0.50)->jpeg(Q50)->jpeg(Q50),0.5,50,2
real_00310.jpeg,test,real,0,0,0.0019727544859051704,c3_resize_jpeg_jpeg,resize(0.50)->jpeg(Q50)->jpeg(Q50),0.5,50,2
real_00205.jpeg,test,real,0,0,8.83242819327279e-07,c3_resize_jpeg_jpeg,resize(0.50)->jpeg(Q50)->jpeg(Q50),0.5,50,2
real_00011.jpeg,test,real,0,0,0.010265630669891834,c3_resize_jpeg_jpeg,resize(0.50)->jpeg(Q50)->jpeg(Q50),0.5,50,2
real_00556.jpeg,test,real,0,0,0.014247966930270195,c3_resize_jpeg_jpeg,resize(0.50)->jpeg(Q50)->jpeg(Q50),0.5,50,2
real_00294.jpeg,test,real,0,0,1.4020341554399351e-09,c3_resize_jpeg_jpeg,resize(0.50)->jpeg(Q50)->jpeg(Q50),0.5,50,2
real_00112.jpeg,test,real,0,0,0.35751402378082275,c3_resize_jpeg_jpeg,resize(0.50)->jpeg(Q50)->jpeg(Q50),0.5,50,2
real_00170.jpeg,test,real,0,0,1.4748226249139407e-06,c3_resize_jpeg_jpeg,resize(0.50)->jpeg(Q50)->jpeg(Q50),0.5,50,2
real_00569.jpeg,test,real,0,0,2.1047408154117875e-05,c3_resize_jpeg_jpeg,resize(0.50)->jpeg(Q50)->jpeg(Q50),0.5,50,2
real_00318.jpeg,test,real,0,0,0.016597479581832886,c3_resize_jpeg_jpeg,resize(0.50)->jpeg(Q50)->jpeg(Q50),0.5,50,2
real_00397.jpeg,test,real,0,0,0.00011093651846749708,c3_resize_jpeg_jpeg,resize(0.50)->jpeg(Q50)->jpeg(Q50),0.5,50,2
real_00014.jpeg,test,real,0,0,0.40535926818847656,c3_resize_jpeg_jpeg,resize(0.50)->jpeg(Q50)->jpeg(Q50),0.5,50,2
real_00196.jpeg,test,real,0,0,4.2316368440461875e-15,c3_resize_jpeg_jpeg,resize(0.50)->jpeg(Q50)->jpeg(Q50),0.5,50,2
real_00191.jpeg,test,real,0,1,0.524402916431427,c3_resize_jpeg_jpeg,resize(0.50)->jpeg(Q50)->jpeg(Q50),0.5,50,2
real_00192.jpeg,test,real,0,0,8.793278105656555e-09,c3_resize_jpeg_jpeg,resize(0.50)->jpeg(Q50)->jpeg(Q50),0.5,50,2
real_00353.jpeg,test,real,0,0,0.428465336561203,c3_resize_jpeg_jpeg,resize(0.50)->jpeg(Q50)->jpeg(Q50),0.5,50,2
real_00254.jpeg,test,real,0,0,4.340697159932461e-06,c3_resize_jpeg_jpeg,resize(0.50)->jpeg(Q50)->jpeg(Q50),0.5,50,2
real_00169.jpeg,test,real,0,0,2.6277433562427177e-07,c3_resize_jpeg_jpeg,resize(0.50)->jpeg(Q50)->jpeg(Q50),0.5,50,2
real_00370.jpeg,test,real,0,0,1.6366196859962656e-06,c3_resize_jpeg_jpeg,resize(0.50)->jpeg(Q50)->jpeg(Q50),0.5,50,2
real_00004.jpeg,test,real,0,0,0.1393231749534607,c3_resize_jpeg_jpeg,resize(0.50)->jpeg(Q50)->jpeg(Q50),0.5,50,2
real_00368.jpeg,test,real,0,1,0.8462876677513123,c3_resize_jpeg_jpeg,resize(0.50)->jpeg(Q50)->jpeg(Q50),0.5,50,2
real_00417.jpeg,test,real,0,0,0.1199803426861763,c3_resize_jpeg_jpeg,resize(0.50)->jpeg(Q50)->jpeg(Q50),0.5,50,2
real_00333.jpeg,test,real,0,0,0.002906697802245617,c3_resize_jpeg_jpeg,resize(0.50)->jpeg(Q50)->jpeg(Q50),0.5,50,2
real_00123.jpeg,test,real,0,0,0.002304995898157358,c3_resize_jpeg_jpeg,resize(0.50)->jpeg(Q50)->jpeg(Q50),0.5,50,2
real_00380.jpeg,test,real,0,0,6.915638368809596e-05,c3_resize_jpeg_jpeg,resize(0.50)->jpeg(Q50)->jpeg(Q50),0.5,50,2
real_00179.jpeg,test,real,0,0,0.0021337394136935472,c3_resize_jpeg_jpeg,resize(0.50)->jpeg(Q50)->jpeg(Q50),0.5,50,2
real_00400.jpeg,test,real,0,0,0.14449071884155273,c3_resize_jpeg_jpeg,resize(0.50)->jpeg(Q50)->jpeg(Q50),0.5,50,2
real_00369.jpeg,test,real,0,0,0.014097445644438267,c3_resize_jpeg_jpeg,resize(0.50)->jpeg(Q50)->jpeg(Q50),0.5,50,2
real_00051.jpeg,test,real,0,0,0.2045789510011673,c3_resize_jpeg_jpeg,resize(0.50)->jpeg(Q50)->jpeg(Q50),0.5,50,2
real_00097.jpeg,test,real,0,0,1.906806090801183e-07,c3_resize_jpeg_jpeg,resize(0.50)->jpeg(Q50)->jpeg(Q50),0.5,50,2
real_00515.jpeg,test,real,0,0,0.006533895153552294,c3_resize_jpeg_jpeg,resize(0.50)->jpeg(Q50)->jpeg(Q50),0.5,50,2
real_00446.jpeg,test,real,0,0,3.505245695123449e-05,c3_resize_jpeg_jpeg,resize(0.50)->jpeg(Q50)->jpeg(Q50),0.5,50,2
real_00155.jpeg,test,real,0,0,0.0009901776211336255,c3_resize_jpeg_jpeg,resize(0.50)->jpeg(Q50)->jpeg(Q50),0.5,50,2
real_00277.jpeg,test,real,0,0,0.010219091549515724,c3_resize_jpeg_jpeg,resize(0.50)->jpeg(Q50)->jpeg(Q50),0.5,50,2
real_00098.jpeg,test,real,0,0,5.0322647439315915e-05,c3_resize_jpeg_jpeg,resize(0.50)->jpeg(Q50)->jpeg(Q50),0.5,50,2
real_00107.jpeg,test,real,0,0,0.01387082040309906,c3_resize_jpeg_jpeg,resize(0.50)->jpeg(Q50)->jpeg(Q50),0.5,50,2
real_00087.jpeg,test,real,0,0,3.043357537535485e-06,c3_resize_jpeg_jpeg,resize(0.50)->jpeg(Q50)->jpeg(Q50),0.5,50,2
real_00565.jpeg,test,real,0,0,0.004532267805188894,c3_resize_jpeg_jpeg,resize(0.50)->jpeg(Q50)->jpeg(Q50),0.5,50,2
real_00280.jpeg,test,real,0,0,0.0001612792257219553,c3_resize_jpeg_jpeg,resize(0.50)->jpeg(Q50)->jpeg(Q50),0.5,50,2
real_00507.jpeg,test,real,0,0,2.35631250689039e-06,c3_resize_jpeg_jpeg,resize(0.50)->jpeg(Q50)->jpeg(Q50),0.5,50,2
real_00326.jpeg,test,real,0,1,0.6066874861717224,c3_resize_jpeg_jpeg,resize(0.50)->jpeg(Q50)->jpeg(Q50),0.5,50,2
real_00244.jpeg,test,real,0,0,8.268875362205108e-09,c3_resize_jpeg_jpeg,resize(0.50)->jpeg(Q50)->jpeg(Q50),0.5,50,2
real_00033.jpeg,test,real,0,0,0.0025979832280427217,c3_resize_jpeg_jpeg,resize(0.50)->jpeg(Q50)->jpeg(Q50),0.5,50,2
real_00064.jpeg,test,real,0,0,5.272587486615521e-07,c3_resize_jpeg_jpeg,resize(0.50)->jpeg(Q50)->jpeg(Q50),0.5,50,2
real_00013.jpeg,test,real,0,0,3.1735030461277347e-06,c3_resize_jpeg_jpeg,resize(0.50)->jpeg(Q50)->jpeg(Q50),0.5,50,2
real_00183.jpeg,test,real,0,0,0.04052096977829933,c3_resize_jpeg_jpeg,resize(0.50)->jpeg(Q50)->jpeg(Q50),0.5,50,2
real_00030.jpeg,test,real,0,0,1.461012431036579e-07,c3_resize_jpeg_jpeg,resize(0.50)->jpeg(Q50)->jpeg(Q50),0.5,50,2
real_00474.jpeg,test,real,0,0,0.00010694272350519896,c3_resize_jpeg_jpeg,resize(0.50)->jpeg(Q50)->jpeg(Q50),0.5,50,2
real_00558.jpeg,test,real,0,0,0.0004309956275392324,c3_resize_jpeg_jpeg,resize(0.50)->jpeg(Q50)->jpeg(Q50),0.5,50,2
real_00088.jpeg,test,real,0,0,5.4586028142011855e-08,c3_resize_jpeg_jpeg,resize(0.50)->jpeg(Q50)->jpeg(Q50),0.5,50,2
real_00436.jpeg,test,real,0,1,0.8912566304206848,c3_resize_jpeg_jpeg,resize(0.50)->jpeg(Q50)->jpeg(Q50),0.5,50,2
real_00518.jpeg,test,real,0,0,4.226473038215772e-07,c3_resize_jpeg_jpeg,resize(0.50)->jpeg(Q50)->jpeg(Q50),0.5,50,2
real_00111.jpeg,test,real,0,0,0.0002900635008700192,c3_resize_jpeg_jpeg,resize(0.50)->jpeg(Q50)->jpeg(Q50),0.5,50,2
real_00122.jpeg,test,real,0,0,0.10729622095823288,c3_resize_jpeg_jpeg,resize(0.50)->jpeg(Q50)->jpeg(Q50),0.5,50,2
real_00461.jpeg,test,real,0,0,0.0003922827308997512,c3_resize_jpeg_jpeg,resize(0.50)->jpeg(Q50)->jpeg(Q50),0.5,50,2
real_00239.jpeg,test,real,0,0,0.0035491245798766613,c3_resize_jpeg_jpeg,resize(0.50)->jpeg(Q50)->jpeg(Q50),0.5,50,2
real_00408.jpeg,test,real,0,0,0.0014272748958319426,c3_resize_jpeg_jpeg,resize(0.50)->jpeg(Q50)->jpeg(Q50),0.5,50,2
real_00460.jpeg,test,real,0,0,0.08307507634162903,c3_resize_jpeg_jpeg,resize(0.50)->jpeg(Q50)->jpeg(Q50),0.5,50,2
real_00138.jpeg,test,real,0,0,0.0008988702902570367,c3_resize_jpeg_jpeg,resize(0.50)->jpeg(Q50)->jpeg(Q50),0.5,50,2
real_00429.jpeg,test,real,0,0,2.8386697522364557e-05,c3_resize_jpeg_jpeg,resize(0.50)->jpeg(Q50)->jpeg(Q50),0.5,50,2
real_00462.jpeg,test,real,0,0,4.4680442679023713e-10,c3_resize_jpeg_jpeg,resize(0.50)->jpeg(Q50)->jpeg(Q50),0.5,50,2
real_00113.jpeg,test,real,0,0,0.38142532110214233,c3_resize_jpeg_jpeg,resize(0.50)->jpeg(Q50)->jpeg(Q50),0.5,50,2
real_00391.jpeg,test,real,0,0,8.53571509651374e-06,c3_resize_jpeg_jpeg,resize(0.50)->jpeg(Q50)->jpeg(Q50),0.5,50,2
real_00303.jpeg,test,real,0,0,0.00032251153606921434,c3_resize_jpeg_jpeg,resize(0.50)->jpeg(Q50)->jpeg(Q50),0.5,50,2
real_00592.jpeg,test,real,0,0,7.796528700421135e-11,c3_resize_jpeg_jpeg,resize(0.50)->jpeg(Q50)->jpeg(Q50),0.5,50,2
real_00157.jpeg,test,real,0,0,0.0003507566580083221,c3_resize_jpeg_jpeg,resize(0.50)->jpeg(Q50)->jpeg(Q50),0.5,50,2
real_00475.jpeg,test,real,0,0,0.06426580995321274,c3_resize_jpeg_jpeg,resize(0.50)->jpeg(Q50)->jpeg(Q50),0.5,50,2
real_00071.jpeg,test,real,0,0,0.01184782199561596,c3_resize_jpeg_jpeg,resize(0.50)->jpeg(Q50)->jpeg(Q50),0.5,50,2
real_00235.jpeg,test,real,0,0,3.3754281503206585e-07,c3_resize_jpeg_jpeg,resize(0.50)->jpeg(Q50)->jpeg(Q50),0.5,50,2
real_00067.jpeg,test,real,0,0,3.9975498111743946e-06,c3_resize_jpeg_jpeg,resize(0.50)->jpeg(Q50)->jpeg(Q50),0.5,50,2
real_00502.jpeg,test,real,0,0,0.35836169123649597,c3_resize_jpeg_jpeg,resize(0.50)->jpeg(Q50)->jpeg(Q50),0.5,50,2
real_00099.jpeg,test,real,0,0,0.037310101091861725,c3_resize_jpeg_jpeg,resize(0.50)->jpeg(Q50)->jpeg(Q50),0.5,50,2
real_00508.jpeg,test,real,0,0,4.061997606186196e-05,c3_resize_jpeg_jpeg,resize(0.50)->jpeg(Q50)->jpeg(Q50),0.5,50,2
real_00036.jpeg,test,real,0,0,6.972626579226926e-05,c3_resize_jpeg_jpeg,resize(0.50)->jpeg(Q50)->jpeg(Q50),0.5,50,2
real_00149.jpeg,test,real,0,0,1.5042385115293655e-08,c3_resize_jpeg_jpeg,resize(0.50)->jpeg(Q50)->jpeg(Q50),0.5,50,2
real_00220.jpeg,test,real,0,0,0.0055635953322052956,c3_resize_jpeg_jpeg,resize(0.50)->jpeg(Q50)->jpeg(Q50),0.5,50,2
real_00418.jpeg,test,real,0,0,0.00043938198359683156,c3_resize_jpeg_jpeg,resize(0.50)->jpeg(Q50)->jpeg(Q50),0.5,50,2
real_00466.jpeg,test,real,0,0,0.011273167096078396,c3_resize_jpeg_jpeg,resize(0.50)->jpeg(Q50)->jpeg(Q50),0.5,50,2
real_00120.jpeg,test,real,0,0,0.0008365238318219781,c3_resize_jpeg_jpeg,resize(0.50)->jpeg(Q50)->jpeg(Q50),0.5,50,2
real_00139.jpeg,test,real,0,0,0.0030304444953799248,c3_resize_jpeg_jpeg,resize(0.50)->jpeg(Q50)->jpeg(Q50),0.5,50,2
real_00589.jpeg,test,real,0,1,0.9981805086135864,c3_resize_jpeg_jpeg,resize(0.50)->jpeg(Q50)->jpeg(Q50),0.5,50,2
real_00276.jpeg,test,real,0,0,4.513996827881783e-05,c3_resize_jpeg_jpeg,resize(0.50)->jpeg(Q50)->jpeg(Q50),0.5,50,2
real_00377.jpeg,test,real,0,0,0.12100639939308167,c3_resize_jpeg_jpeg,resize(0.50)->jpeg(Q50)->jpeg(Q50),0.5,50,2
real_00175.jpeg,test,real,0,0,0.029539696872234344,c3_resize_jpeg_jpeg,resize(0.50)->jpeg(Q50)->jpeg(Q50),0.5,50,2
real_00001.jpeg,test,real,0,0,0.0016916670138016343,c3_resize_jpeg_jpeg,resize(0.50)->jpeg(Q50)->jpeg(Q50),0.5,50,2
real_00424.jpeg,test,real,0,0,9.210021744365804e-06,c3_resize_jpeg_jpeg,resize(0.50)->jpeg(Q50)->jpeg(Q50),0.5,50,2
real_00197.jpeg,test,real,0,0,0.0001569947780808434,c3_resize_jpeg_jpeg,resize(0.50)->jpeg(Q50)->jpeg(Q50),0.5,50,2
real_00246.jpeg,test,real,0,0,0.001712581841275096,c3_resize_jpeg_jpeg,resize(0.50)->jpeg(Q50)->jpeg(Q50),0.5,50,2
real_00325.jpeg,test,real,0,0,0.04495257884263992,c3_resize_jpeg_jpeg,resize(0.50)->jpeg(Q50)->jpeg(Q50),0.5,50,2
real_00150.jpeg,test,real,0,0,0.0032351112458854914,c3_resize_jpeg_jpeg,resize(0.50)->jpeg(Q50)->jpeg(Q50),0.5,50,2
real_00501.jpeg,test,real,0,0,0.0007623737910762429,c3_resize_jpeg_jpeg,resize(0.50)->jpeg(Q50)->jpeg(Q50),0.5,50,2
real_00428.jpeg,test,real,0,0,0.0009708298603072762,c3_resize_jpeg_jpeg,resize(0.50)->jpeg(Q50)->jpeg(Q50),0.5,50,2
real_00222.jpeg,test,real,0,0,0.021021919324994087,c3_resize_jpeg_jpeg,resize(0.50)->jpeg(Q50)->jpeg(Q50),0.5,50,2
real_00045.jpeg,test,real,0,0,0.00012813227658625692,c3_resize_jpeg_jpeg,resize(0.50)->jpeg(Q50)->jpeg(Q50),0.5,50,2
real_00338.jpeg,test,real,0,0,6.375697012117598e-06,c3_resize_jpeg_jpeg,resize(0.50)->jpeg(Q50)->jpeg(Q50),0.5,50,2
real_00390.jpeg,test,real,0,0,0.049731917679309845,c3_resize_jpeg_jpeg,resize(0.50)->jpeg(Q50)->jpeg(Q50),0.5,50,2
real_00062.jpeg,test,real,0,0,0.29410436749458313,c3_resize_jpeg_jpeg,resize(0.50)->jpeg(Q50)->jpeg(Q50),0.5,50,2
real_00426.jpeg,test,real,0,0,8.089714315095975e-11,c3_resize_jpeg_jpeg,resize(0.50)->jpeg(Q50)->jpeg(Q50),0.5,50,2
real_00247.jpeg,test,real,0,0,0.01569092646241188,c3_resize_jpeg_jpeg,resize(0.50)->jpeg(Q50)->jpeg(Q50),0.5,50,2
real_00152.jpeg,test,real,0,0,0.01594424806535244,c3_resize_jpeg_jpeg,resize(0.50)->jpeg(Q50)->jpeg(Q50),0.5,50,2
real_00156.jpeg,test,real,0,0,0.00040973653085529804,c3_resize_jpeg_jpeg,resize(0.50)->jpeg(Q50)->jpeg(Q50),0.5,50,2
real_00084.jpeg,test,real,0,1,0.6375759243965149,c3_resize_jpeg_jpeg,resize(0.50)->jpeg(Q50)->jpeg(Q50),0.5,50,2
real_00212.jpeg,test,real,0,0,0.055653687566518784,c3_resize_jpeg_jpeg,resize(0.50)->jpeg(Q50)->jpeg(Q50),0.5,50,2
real_00184.jpeg,test,real,0,0,0.0003948661033064127,c3_resize_jpeg_jpeg,resize(0.50)->jpeg(Q50)->jpeg(Q50),0.5,50,2
real_00309.jpeg,test,real,0,0,0.03684266284108162,c3_resize_jpeg_jpeg,resize(0.50)->jpeg(Q50)->jpeg(Q50),0.5,50,2
real_00423.jpeg,test,real,0,0,0.13044019043445587,c3_resize_jpeg_jpeg,resize(0.50)->jpeg(Q50)->jpeg(Q50),0.5,50,2
real_00095.jpeg,test,real,0,0,0.004663030616939068,c3_resize_jpeg_jpeg,resize(0.50)->jpeg(Q50)->jpeg(Q50),0.5,50,2
real_00264.jpeg,test,real,0,0,0.0006204196251928806,c3_resize_jpeg_jpeg,resize(0.50)->jpeg(Q50)->jpeg(Q50),0.5,50,2
real_00105.jpeg,test,real,0,0,0.06416172534227371,c3_resize_jpeg_jpeg,resize(0.50)->jpeg(Q50)->jpeg(Q50),0.5,50,2
real_00024.jpeg,test,real,0,0,7.258222911588064e-09,c3_resize_jpeg_jpeg,resize(0.50)->jpeg(Q50)->jpeg(Q50),0.5,50,2
real_00293.jpeg,test,real,0,0,1.9036613593925722e-05,c3_resize_jpeg_jpeg,resize(0.50)->jpeg(Q50)->jpeg(Q50),0.5,50,2
real_00311.jpeg,test,real,0,0,0.005614469293504953,c3_resize_jpeg_jpeg,resize(0.50)->jpeg(Q50)->jpeg(Q50),0.5,50,2
real_00032.jpeg,test,real,0,0,0.44610685110092163,c3_resize_jpeg_jpeg,resize(0.50)->jpeg(Q50)->jpeg(Q50),0.5,50,2
real_00374.jpeg,test,real,0,0,1.573673762322869e-05,c3_resize_jpeg_jpeg,resize(0.50)->jpeg(Q50)->jpeg(Q50),0.5,50,2
real_00492.jpeg,test,real,0,0,0.0015503192553296685,c3_resize_jpeg_jpeg,resize(0.50)->jpeg(Q50)->jpeg(Q50),0.5,50,2
real_00162.jpeg,test,real,0,0,6.944385677343234e-05,c3_resize_jpeg_jpeg,resize(0.50)->jpeg(Q50)->jpeg(Q50),0.5,50,2
real_00588.jpeg,test,real,0,0,0.0034472434781491756,c3_resize_jpeg_jpeg,resize(0.50)->jpeg(Q50)->jpeg(Q50),0.5,50,2
real_00411.jpeg,test,real,0,0,0.000597638136241585,c3_resize_jpeg_jpeg,resize(0.50)->jpeg(Q50)->jpeg(Q50),0.5,50,2
real_00241.jpeg,test,real,0,0,0.024547915905714035,c3_resize_jpeg_jpeg,resize(0.50)->jpeg(Q50)->jpeg(Q50),0.5,50,2
real_00432.jpeg,test,real,0,1,0.5092602968215942,c3_resize_jpeg_jpeg,resize(0.50)->jpeg(Q50)->jpeg(Q50),0.5,50,2
real_00025.jpeg,test,real,0,0,4.7614232556725256e-08,c3_resize_jpeg_jpeg,resize(0.50)->jpeg(Q50)->jpeg(Q50),0.5,50,2
real_00079.jpeg,test,real,0,0,0.3170067071914673,c3_resize_jpeg_jpeg,resize(0.50)->jpeg(Q50)->jpeg(Q50),0.5,50,2
real_00351.jpeg,test,real,0,0,0.0018205512315034866,c3_resize_jpeg_jpeg,resize(0.50)->jpeg(Q50)->jpeg(Q50),0.5,50,2
real_00590.jpeg,test,real,0,0,0.002925432752817869,c3_resize_jpeg_jpeg,resize(0.50)->jpeg(Q50)->jpeg(Q50),0.5,50,2
real_00240.jpeg,test,real,0,0,0.010613769292831421,c3_resize_jpeg_jpeg,resize(0.50)->jpeg(Q50)->jpeg(Q50),0.5,50,2
real_00583.jpeg,test,real,0,0,0.03828945755958557,c3_resize_jpeg_jpeg,resize(0.50)->jpeg(Q50)->jpeg(Q50),0.5,50,2
real_00116.jpeg,test,real,0,0,0.08335265517234802,c3_resize_jpeg_jpeg,resize(0.50)->jpeg(Q50)->jpeg(Q50),0.5,50,2
real_00081.jpeg,test,real,0,0,0.004909939598292112,c3_resize_jpeg_jpeg,resize(0.50)->jpeg(Q50)->jpeg(Q50),0.5,50,2
real_00224.jpeg,test,real,0,0,0.00024080925504676998,c3_resize_jpeg_jpeg,resize(0.50)->jpeg(Q50)->jpeg(Q50),0.5,50,2
real_00372.jpeg,test,real,0,0,0.054804518818855286,c3_resize_jpeg_jpeg,resize(0.50)->jpeg(Q50)->jpeg(Q50),0.5,50,2
real_00074.jpeg,test,real,0,0,0.03558047488331795,c3_resize_jpeg_jpeg,resize(0.50)->jpeg(Q50)->jpeg(Q50),0.5,50,2
real_00555.jpeg,test,real,0,0,3.264175757067278e-05,c3_resize_jpeg_jpeg,resize(0.50)->jpeg(Q50)->jpeg(Q50),0.5,50,2
real_00399.jpeg,test,real,0,0,0.007850946858525276,c3_resize_jpeg_jpeg,resize(0.50)->jpeg(Q50)->jpeg(Q50),0.5,50,2
real_00308.jpeg,test,real,0,0,0.19363944232463837,c3_resize_jpeg_jpeg,resize(0.50)->jpeg(Q50)->jpeg(Q50),0.5,50,2
real_00132.jpeg,test,real,0,0,0.0022913801949471235,c3_resize_jpeg_jpeg,resize(0.50)->jpeg(Q50)->jpeg(Q50),0.5,50,2
real_00478.jpeg,test,real,0,0,0.00041251679067499936,c3_resize_jpeg_jpeg,resize(0.50)->jpeg(Q50)->jpeg(Q50),0.5,50,2
real_00435.jpeg,test,real,0,0,0.0016812667017802596,c3_resize_jpeg_jpeg,resize(0.50)->jpeg(Q50)->jpeg(Q50),0.5,50,2
real_00072.jpeg,test,real,0,0,0.016786646097898483,c3_resize_jpeg_jpeg,resize(0.50)->jpeg(Q50)->jpeg(Q50),0.5,50,2
real_00037.jpeg,test,real,0,0,0.04341771453619003,c3_resize_jpeg_jpeg,resize(0.50)->jpeg(Q50)->jpeg(Q50),0.5,50,2
real_00272.jpeg,test,real,0,0,0.14551199972629547,c3_resize_jpeg_jpeg,resize(0.50)->jpeg(Q50)->jpeg(Q50),0.5,50,2
real_00102.jpeg,test,real,0,0,0.09193897247314453,c3_resize_jpeg_jpeg,resize(0.50)->jpeg(Q50)->jpeg(Q50),0.5,50,2
real_00044.jpeg,test,real,0,0,0.033642929047346115,c3_resize_jpeg_jpeg,resize(0.50)->jpeg(Q50)->jpeg(Q50),0.5,50,2
real_00546.jpeg,test,real,0,0,0.428912490606308,c3_resize_jpeg_jpeg,resize(0.50)->jpeg(Q50)->jpeg(Q50),0.5,50,2
real_00146.jpeg,test,real,0,0,0.004167250823229551,c3_resize_jpeg_jpeg,resize(0.50)->jpeg(Q50)->jpeg(Q50),0.5,50,2
real_00361.jpeg,test,real,0,0,0.0004237364628352225,c3_resize_jpeg_jpeg,resize(0.50)->jpeg(Q50)->jpeg(Q50),0.5,50,2
real_00498.jpeg,test,real,0,0,0.007751435041427612,c3_resize_jpeg_jpeg,resize(0.50)->jpeg(Q50)->jpeg(Q50),0.5,50,2
real_00567.jpeg,test,real,0,0,4.6360591454686073e-07,c3_resize_jpeg_jpeg,resize(0.50)->jpeg(Q50)->jpeg(Q50),0.5,50,2
real_00229.jpeg,test,real,0,0,0.248620867729187,c3_resize_jpeg_jpeg,resize(0.50)->jpeg(Q50)->jpeg(Q50),0.5,50,2
real_00573.jpeg,test,real,0,0,0.0002570199139881879,c3_resize_jpeg_jpeg,resize(0.50)->jpeg(Q50)->jpeg(Q50),0.5,50,2
real_00452.jpeg,test,real,0,0,0.005692356266081333,c3_resize_jpeg_jpeg,resize(0.50)->jpeg(Q50)->jpeg(Q50),0.5,50,2
real_00258.jpeg,test,real,0,0,0.20666684210300446,c3_resize_jpeg_jpeg,resize(0.50)->jpeg(Q50)->jpeg(Q50),0.5,50,2
real_00581.jpeg,test,real,0,0,0.014616054482758045,c3_resize_jpeg_jpeg,resize(0.50)->jpeg(Q50)->jpeg(Q50),0.5,50,2
real_00340.jpeg,test,real,0,0,0.01698196679353714,c3_resize_jpeg_jpeg,resize(0.50)->jpeg(Q50)->jpeg(Q50),0.5,50,2
real_00516.jpeg,test,real,0,0,2.059154758171644e-05,c3_resize_jpeg_jpeg,resize(0.50)->jpeg(Q50)->jpeg(Q50),0.5,50,2
real_00524.jpeg,test,real,0,0,0.02666204608976841,c3_resize_jpeg_jpeg,resize(0.50)->jpeg(Q50)->jpeg(Q50),0.5,50,2
real_00554.jpeg,test,real,0,0,0.000385613035177812,c3_resize_jpeg_jpeg,resize(0.50)->jpeg(Q50)->jpeg(Q50),0.5,50,2
real_00299.jpeg,test,real,0,0,9.541921741629267e-08,c3_resize_jpeg_jpeg,resize(0.50)->jpeg(Q50)->jpeg(Q50),0.5,50,2
real_00439.jpeg,test,real,0,0,0.21207325160503387,c3_resize_jpeg_jpeg,resize(0.50)->jpeg(Q50)->jpeg(Q50),0.5,50,2
real_00166.jpeg,test,real,0,0,0.006396831478923559,c3_resize_jpeg_jpeg,resize(0.50)->jpeg(Q50)->jpeg(Q50),0.5,50,2
real_00392.jpeg,test,real,0,0,5.704329453237733e-09,c3_resize_jpeg_jpeg,resize(0.50)->jpeg(Q50)->jpeg(Q50),0.5,50,2
real_00086.jpeg,test,real,0,0,0.00031671850592829287,c3_resize_jpeg_jpeg,resize(0.50)->jpeg(Q50)->jpeg(Q50),0.5,50,2
real_00537.jpeg,test,real,0,1,0.8188424110412598,c3_resize_jpeg_jpeg,resize(0.50)->jpeg(Q50)->jpeg(Q50),0.5,50,2
real_00431.jpeg,test,real,0,0,4.520964012044715e-06,c3_resize_jpeg_jpeg,resize(0.50)->jpeg(Q50)->jpeg(Q50),0.5,50,2
real_00389.jpeg,test,real,0,0,0.1841510534286499,c3_resize_jpeg_jpeg,resize(0.50)->jpeg(Q50)->jpeg(Q50),0.5,50,2
real_00534.jpeg,test,real,0,0,5.06109927300713e-08,c3_resize_jpeg_jpeg,resize(0.50)->jpeg(Q50)->jpeg(Q50),0.5,50,2
real_00541.jpeg,test,real,0,0,7.660043266355387e-09,c3_resize_jpeg_jpeg,resize(0.50)->jpeg(Q50)->jpeg(Q50),0.5,50,2
real_00094.jpeg,test,real,0,1,0.8859562873840332,c3_resize_jpeg_jpeg,resize(0.50)->jpeg(Q50)->jpeg(Q50),0.5,50,2
real_00226.jpeg,test,real,0,0,0.00452701561152935,c3_resize_jpeg_jpeg,resize(0.50)->jpeg(Q50)->jpeg(Q50),0.5,50,2
real_00200.jpeg,test,real,0,0,0.03487231582403183,c3_resize_jpeg_jpeg,resize(0.50)->jpeg(Q50)->jpeg(Q50),0.5,50,2
real_00330.jpeg,test,real,0,0,0.008759519085288048,c3_resize_jpeg_jpeg,resize(0.50)->jpeg(Q50)->jpeg(Q50),0.5,50,2
real_00091.jpeg,test,real,0,1,0.9845346212387085,c3_resize_jpeg_jpeg,resize(0.50)->jpeg(Q50)->jpeg(Q50),0.5,50,2
real_00472.jpeg,test,real,0,0,0.0012228736886754632,c3_resize_jpeg_jpeg,resize(0.50)->jpeg(Q50)->jpeg(Q50),0.5,50,2
real_00493.jpeg,test,real,0,0,0.00022803830506745726,c3_resize_jpeg_jpeg,resize(0.50)->jpeg(Q50)->jpeg(Q50),0.5,50,2
real_00053.jpeg,test,real,0,0,1.3066319297649898e-05,c3_resize_jpeg_jpeg,resize(0.50)->jpeg(Q50)->jpeg(Q50),0.5,50,2
real_00298.jpeg,test,real,0,0,0.14191721379756927,c3_resize_jpeg_jpeg,resize(0.50)->jpeg(Q50)->jpeg(Q50),0.5,50,2
real_00366.jpeg,test,real,0,0,0.0025668947491794825,c3_resize_jpeg_jpeg,resize(0.50)->jpeg(Q50)->jpeg(Q50),0.5,50,2
real_00182.jpeg,test,real,0,0,0.00015785175492055714,c3_resize_jpeg_jpeg,resize(0.50)->jpeg(Q50)->jpeg(Q50),0.5,50,2
real_00490.jpeg,test,real,0,0,0.032083336263895035,c3_resize_jpeg_jpeg,resize(0.50)->jpeg(Q50)->jpeg(Q50),0.5,50,2
real_00593.jpeg,test,real,0,0,0.23910166323184967,c3_resize_jpeg_jpeg,resize(0.50)->jpeg(Q50)->jpeg(Q50),0.5,50,2
real_00137.jpeg,test,real,0,0,0.0021787527948617935,c3_resize_jpeg_jpeg,resize(0.50)->jpeg(Q50)->jpeg(Q50),0.5,50,2
real_00314.jpeg,test,real,0,0,0.050478823482990265,c3_resize_jpeg_jpeg,resize(0.50)->jpeg(Q50)->jpeg(Q50),0.5,50,2
real_00471.jpeg,test,real,0,0,0.0042614080011844635,c3_resize_jpeg_jpeg,resize(0.50)->jpeg(Q50)->jpeg(Q50),0.5,50,2
real_00365.jpeg,test,real,0,0,0.0005090051563456655,c3_resize_jpeg_jpeg,resize(0.50)->jpeg(Q50)->jpeg(Q50),0.5,50,2
real_00042.jpeg,test,real,0,0,3.544395332788497e-11,c3_resize_jpeg_jpeg,resize(0.50)->jpeg(Q50)->jpeg(Q50),0.5,50,2
real_00448.jpeg,test,real,0,0,0.13785694539546967,c3_resize_jpeg_jpeg,resize(0.50)->jpeg(Q50)->jpeg(Q50),0.5,50,2
real_00188.jpeg,test,real,0,0,0.001067225937731564,c3_resize_jpeg_jpeg,resize(0.50)->jpeg(Q50)->jpeg(Q50),0.5,50,2
real_00245.jpeg,test,real,0,0,0.008477913215756416,c3_resize_jpeg_jpeg,resize(0.50)->jpeg(Q50)->jpeg(Q50),0.5,50,2
real_00509.jpeg,test,real,0,0,0.00011000802624039352,c3_resize_jpeg_jpeg,resize(0.50)->jpeg(Q50)->jpeg(Q50),0.5,50,2
real_00265.jpeg,test,real,0,0,0.00011861796519951895,c3_resize_jpeg_jpeg,resize(0.50)->jpeg(Q50)->jpeg(Q50),0.5,50,2
real_00443.jpeg,test,real,0,0,1.4370615986081248e-07,c3_resize_jpeg_jpeg,resize(0.50)->jpeg(Q50)->jpeg(Q50),0.5,50,2
real_00284.jpeg,test,real,0,0,0.000115247028588783,c3_resize_jpeg_jpeg,resize(0.50)->jpeg(Q50)->jpeg(Q50),0.5,50,2
real_00386.jpeg,test,real,0,0,5.110354777571047e-06,c3_resize_jpeg_jpeg,resize(0.50)->jpeg(Q50)->jpeg(Q50),0.5,50,2
real_00548.jpeg,test,real,0,0,5.598543339147e-06,c3_resize_jpeg_jpeg,resize(0.50)->jpeg(Q50)->jpeg(Q50),0.5,50,2
real_00487.jpeg,test,real,0,0,0.045726437121629715,c3_resize_jpeg_jpeg,resize(0.50)->jpeg(Q50)->jpeg(Q50),0.5,50,2
real_00549.jpeg,test,real,0,1,0.7306159734725952,c3_resize_jpeg_jpeg,resize(0.50)->jpeg(Q50)->jpeg(Q50),0.5,50,2
real_00315.jpeg,test,real,0,0,0.02229286916553974,c3_resize_jpeg_jpeg,resize(0.50)->jpeg(Q50)->jpeg(Q50),0.5,50,2
real_00464.jpeg,test,real,0,0,0.007390973158180714,c3_resize_jpeg_jpeg,resize(0.50)->jpeg(Q50)->jpeg(Q50),0.5,50,2
midjourney_00068.png,test,midjourney,1,0,0.00931741762906313,c3_resize_jpeg_jpeg,resize(0.50)->jpeg(Q50)->jpeg(Q50),0.5,50,2
vqdm_00062.png,test,vqdm,1,1,0.7904182076454163,c3_resize_jpeg_jpeg,resize(0.50)->jpeg(Q50)->jpeg(Q50),0.5,50,2
adm_00019.png,test,adm,1,0,0.24225535988807678,c3_resize_jpeg_jpeg,resize(0.50)->jpeg(Q50)->jpeg(Q50),0.5,50,2
midjourney_00077.png,test,midjourney,1,0,0.008012861013412476,c3_resize_jpeg_jpeg,resize(0.50)->jpeg(Q50)->jpeg(Q50),0.5,50,2
adm_00074.png,test,adm,1,1,0.8978760242462158,c3_resize_jpeg_jpeg,resize(0.50)->jpeg(Q50)->jpeg(Q50),0.5,50,2
wukong_00038.png,test,wukong,1,1,0.9949778914451599,c3_resize_jpeg_jpeg,resize(0.50)->jpeg(Q50)->jpeg(Q50),0.5,50,2
biggan_00049.png,test,biggan,1,0,0.3281486928462982,c3_resize_jpeg_jpeg,resize(0.50)->jpeg(Q50)->jpeg(Q50),0.5,50,2
midjourney_00036.png,test,midjourney,1,0,0.15383881330490112,c3_resize_jpeg_jpeg,resize(0.50)->jpeg(Q50)->jpeg(Q50),0.5,50,2
glide_00074.png,test,glide,1,0,0.07428336143493652,c3_resize_jpeg_jpeg,resize(0.50)->jpeg(Q50)->jpeg(Q50),0.5,50,2
sdv5_00043.png,test,sdv5,1,0,0.009083461947739124,c3_resize_jpeg_jpeg,resize(0.50)->jpeg(Q50)->jpeg(Q50),0.5,50,2
wukong_00067.png,test,wukong,1,1,0.9912273287773132,c3_resize_jpeg_jpeg,resize(0.50)->jpeg(Q50)->jpeg(Q50),0.5,50,2
vqdm_00041.png,test,vqdm,1,1,0.983514666557312,c3_resize_jpeg_jpeg,resize(0.50)->jpeg(Q50)->jpeg(Q50),0.5,50,2
wukong_00066.png,test,wukong,1,0,0.19587059319019318,c3_resize_jpeg_jpeg,resize(0.50)->jpeg(Q50)->jpeg(Q50),0.5,50,2
vqdm_00061.png,test,vqdm,1,1,0.9700340628623962,c3_resize_jpeg_jpeg,resize(0.50)->jpeg(Q50)->jpeg(Q50),0.5,50,2
biggan_00010.png,test,biggan,1,0,0.171102374792099,c3_resize_jpeg_jpeg,resize(0.50)->jpeg(Q50)->jpeg(Q50),0.5,50,2
midjourney_00011.png,test,midjourney,1,1,0.9975244402885437,c3_resize_jpeg_jpeg,resize(0.50)->jpeg(Q50)->jpeg(Q50),0.5,50,2
adm_00067.png,test,adm,1,0,0.26778924465179443,c3_resize_jpeg_jpeg,resize(0.50)->jpeg(Q50)->jpeg(Q50),0.5,50,2
adm_00063.png,test,adm,1,0,0.10576535761356354,c3_resize_jpeg_jpeg,resize(0.50)->jpeg(Q50)->jpeg(Q50),0.5,50,2
wukong_00015.png,test,wukong,1,1,0.9564867615699768,c3_resize_jpeg_jpeg,resize(0.50)->jpeg(Q50)->jpeg(Q50),0.5,50,2
vqdm_00004.png,test,vqdm,1,0,0.05914207920432091,c3_resize_jpeg_jpeg,resize(0.50)->jpeg(Q50)->jpeg(Q50),0.5,50,2
midjourney_00005.png,test,midjourney,1,1,0.9058381915092468,c3_resize_jpeg_jpeg,resize(0.50)->jpeg(Q50)->jpeg(Q50),0.5,50,2
adm_00014.png,test,adm,1,1,0.866889238357544,c3_resize_jpeg_jpeg,resize(0.50)->jpeg(Q50)->jpeg(Q50),0.5,50,2
glide_00069.png,test,glide,1,0,0.21099050343036652,c3_resize_jpeg_jpeg,resize(0.50)->jpeg(Q50)->jpeg(Q50),0.5,50,2
vqdm_00010.png,test,vqdm,1,1,0.9342422485351562,c3_resize_jpeg_jpeg,resize(0.50)->jpeg(Q50)->jpeg(Q50),0.5,50,2
sdv5_00046.png,test,sdv5,1,1,0.827114462852478,c3_resize_jpeg_jpeg,resize(0.50)->jpeg(Q50)->jpeg(Q50),0.5,50,2
wukong_00023.png,test,wukong,1,0,0.019269466400146484,c3_resize_jpeg_jpeg,resize(0.50)->jpeg(Q50)->jpeg(Q50),0.5,50,2
midjourney_00074.png,test,midjourney,1,1,0.8027627468109131,c3_resize_jpeg_jpeg,resize(0.50)->jpeg(Q50)->jpeg(Q50),0.5,50,2
midjourney_00039.png,test,midjourney,1,1,0.8758957982063293,c3_resize_jpeg_jpeg,resize(0.50)->jpeg(Q50)->jpeg(Q50),0.5,50,2
vqdm_00024.png,test,vqdm,1,1,0.9102221131324768,c3_resize_jpeg_jpeg,resize(0.50)->jpeg(Q50)->jpeg(Q50),0.5,50,2
wukong_00075.png,test,wukong,1,0,0.3653980791568756,c3_resize_jpeg_jpeg,resize(0.50)->jpeg(Q50)->jpeg(Q50),0.5,50,2
biggan_00050.png,test,biggan,1,1,0.9905813932418823,c3_resize_jpeg_jpeg,resize(0.50)->jpeg(Q50)->jpeg(Q50),0.5,50,2
midjourney_00059.png,test,midjourney,1,1,0.9872596263885498,c3_resize_jpeg_jpeg,resize(0.50)->jpeg(Q50)->jpeg(Q50),0.5,50,2
biggan_00029.png,test,biggan,1,0,0.3528503179550171,c3_resize_jpeg_jpeg,resize(0.50)->jpeg(Q50)->jpeg(Q50),0.5,50,2
sdv5_00039.png,test,sdv5,1,0,0.009999238885939121,c3_resize_jpeg_jpeg,resize(0.50)->jpeg(Q50)->jpeg(Q50),0.5,50,2
glide_00061.png,test,glide,1,0,0.07383649051189423,c3_resize_jpeg_jpeg,resize(0.50)->jpeg(Q50)->jpeg(Q50),0.5,50,2
biggan_00012.png,test,biggan,1,1,0.6054656505584717,c3_resize_jpeg_jpeg,resize(0.50)->jpeg(Q50)->jpeg(Q50),0.5,50,2
biggan_00080.png,test,biggan,1,1,0.9984685778617859,c3_resize_jpeg_jpeg,resize(0.50)->jpeg(Q50)->jpeg(Q50),0.5,50,2
glide_00053.png,test,glide,1,0,0.09091760218143463,c3_resize_jpeg_jpeg,resize(0.50)->jpeg(Q50)->jpeg(Q50),0.5,50,2
vqdm_00006.png,test,vqdm,1,1,0.7802431583404541,c3_resize_jpeg_jpeg,resize(0.50)->jpeg(Q50)->jpeg(Q50),0.5,50,2
adm_00023.png,test,adm,1,1,0.8887342810630798,c3_resize_jpeg_jpeg,resize(0.50)->jpeg(Q50)->jpeg(Q50),0.5,50,2
sdv5_00054.png,test,sdv5,1,1,0.940350353717804,c3_resize_jpeg_jpeg,resize(0.50)->jpeg(Q50)->jpeg(Q50),0.5,50,2
midjourney_00021.png,test,midjourney,1,1,0.9876959323883057,c3_resize_jpeg_jpeg,resize(0.50)->jpeg(Q50)->jpeg(Q50),0.5,50,2
vqdm_00065.png,test,vqdm,1,0,0.02118191495537758,c3_resize_jpeg_jpeg,resize(0.50)->jpeg(Q50)->jpeg(Q50),0.5,50,2
biggan_00055.png,test,biggan,1,0,0.02630222775042057,c3_resize_jpeg_jpeg,resize(0.50)->jpeg(Q50)->jpeg(Q50),0.5,50,2
wukong_00003.png,test,wukong,1,1,0.8338103294372559,c3_resize_jpeg_jpeg,resize(0.50)->jpeg(Q50)->jpeg(Q50),0.5,50,2
biggan_00022.png,test,biggan,1,0,0.026874268427491188,c3_resize_jpeg_jpeg,resize(0.50)->jpeg(Q50)->jpeg(Q50),0.5,50,2
biggan_00081.png,test,biggan,1,0,0.03366908058524132,c3_resize_jpeg_jpeg,resize(0.50)->jpeg(Q50)->jpeg(Q50),0.5,50,2
vqdm_00049.png,test,vqdm,1,1,0.8466552495956421,c3_resize_jpeg_jpeg,resize(0.50)->jpeg(Q50)->jpeg(Q50),0.5,50,2
sdv5_00076.png,test,sdv5,1,1,0.9934214949607849,c3_resize_jpeg_jpeg,resize(0.50)->jpeg(Q50)->jpeg(Q50),0.5,50,2
vqdm_00011.png,test,vqdm,1,1,0.7904030680656433,c3_resize_jpeg_jpeg,resize(0.50)->jpeg(Q50)->jpeg(Q50),0.5,50,2
adm_00039.png,test,adm,1,1,0.9155481457710266,c3_resize_jpeg_jpeg,resize(0.50)->jpeg(Q50)->jpeg(Q50),0.5,50,2
glide_00023.png,test,glide,1,0,0.005651161074638367,c3_resize_jpeg_jpeg,resize(0.50)->jpeg(Q50)->jpeg(Q50),0.5,50,2
sdv5_00063.png,test,sdv5,1,1,0.9989474415779114,c3_resize_jpeg_jpeg,resize(0.50)->jpeg(Q50)->jpeg(Q50),0.5,50,2
biggan_00059.png,test,biggan,1,0,0.41792622208595276,c3_resize_jpeg_jpeg,resize(0.50)->jpeg(Q50)->jpeg(Q50),0.5,50,2
glide_00015.png,test,glide,1,0,0.16443198919296265,c3_resize_jpeg_jpeg,resize(0.50)->jpeg(Q50)->jpeg(Q50),0.5,50,2
wukong_00047.png,test,wukong,1,0,0.03735782951116562,c3_resize_jpeg_jpeg,resize(0.50)->jpeg(Q50)->jpeg(Q50),0.5,50,2
vqdm_00037.png,test,vqdm,1,0,0.42152178287506104,c3_resize_jpeg_jpeg,resize(0.50)->jpeg(Q50)->jpeg(Q50),0.5,50,2
wukong_00080.png,test,wukong,1,1,0.9997122883796692,c3_resize_jpeg_jpeg,resize(0.50)->jpeg(Q50)->jpeg(Q50),0.5,50,2
midjourney_00076.png,test,midjourney,1,1,0.9941354990005493,c3_resize_jpeg_jpeg,resize(0.50)->jpeg(Q50)->jpeg(Q50),0.5,50,2
sdv5_00061.png,test,sdv5,1,1,0.9938329458236694,c3_resize_jpeg_jpeg,resize(0.50)->jpeg(Q50)->jpeg(Q50),0.5,50,2
adm_00029.png,test,adm,1,0,0.07393340021371841,c3_resize_jpeg_jpeg,resize(0.50)->jpeg(Q50)->jpeg(Q50),0.5,50,2
glide_00039.png,test,glide,1,0,0.0600094310939312,c3_resize_jpeg_jpeg,resize(0.50)->jpeg(Q50)->jpeg(Q50),0.5,50,2
adm_00072.png,test,adm,1,0,0.0037970806006342173,c3_resize_jpeg_jpeg,resize(0.50)->jpeg(Q50)->jpeg(Q50),0.5,50,2
sdv5_00051.png,test,sdv5,1,1,0.914021909236908,c3_resize_jpeg_jpeg,resize(0.50)->jpeg(Q50)->jpeg(Q50),0.5,50,2
sdv5_00066.png,test,sdv5,1,1,0.9646331667900085,c3_resize_jpeg_jpeg,resize(0.50)->jpeg(Q50)->jpeg(Q50),0.5,50,2
midjourney_00078.png,test,midjourney,1,1,0.999991774559021,c3_resize_jpeg_jpeg,resize(0.50)->jpeg(Q50)->jpeg(Q50),0.5,50,2
vqdm_00017.png,test,vqdm,1,0,0.029838455840945244,c3_resize_jpeg_jpeg,resize(0.50)->jpeg(Q50)->jpeg(Q50),0.5,50,2
sdv5_00073.png,test,sdv5,1,1,0.8468952775001526,c3_resize_jpeg_jpeg,resize(0.50)->jpeg(Q50)->jpeg(Q50),0.5,50,2
midjourney_00045.png,test,midjourney,1,1,0.8636620044708252,c3_resize_jpeg_jpeg,resize(0.50)->jpeg(Q50)->jpeg(Q50),0.5,50,2
vqdm_00073.png,test,vqdm,1,0,0.27104347944259644,c3_resize_jpeg_jpeg,resize(0.50)->jpeg(Q50)->jpeg(Q50),0.5,50,2
sdv5_00008.png,test,sdv5,1,1,0.9946606755256653,c3_resize_jpeg_jpeg,resize(0.50)->jpeg(Q50)->jpeg(Q50),0.5,50,2
midjourney_00061.png,test,midjourney,1,0,0.0466168113052845,c3_resize_jpeg_jpeg,resize(0.50)->jpeg(Q50)->jpeg(Q50),0.5,50,2
adm_00015.png,test,adm,1,1,1.0,c3_resize_jpeg_jpeg,resize(0.50)->jpeg(Q50)->jpeg(Q50),0.5,50,2
vqdm_00068.png,test,vqdm,1,0,0.01053241454064846,c3_resize_jpeg_jpeg,resize(0.50)->jpeg(Q50)->jpeg(Q50),0.5,50,2
midjourney_00053.png,test,midjourney,1,1,0.9999103546142578,c3_resize_jpeg_jpeg,resize(0.50)->jpeg(Q50)->jpeg(Q50),0.5,50,2
sdv5_00050.png,test,sdv5,1,1,0.9806247353553772,c3_resize_jpeg_jpeg,resize(0.50)->jpeg(Q50)->jpeg(Q50),0.5,50,2
glide_00050.png,test,glide,1,0,0.4881817698478699,c3_resize_jpeg_jpeg,resize(0.50)->jpeg(Q50)->jpeg(Q50),0.5,50,2
midjourney_00069.png,test,midjourney,1,1,0.7215451002120972,c3_resize_jpeg_jpeg,resize(0.50)->jpeg(Q50)->jpeg(Q50),0.5,50,2
glide_00038.png,test,glide,1,1,0.7729538083076477,c3_resize_jpeg_jpeg,resize(0.50)->jpeg(Q50)->jpeg(Q50),0.5,50,2
biggan_00011.png,test,biggan,1,0,0.009020424447953701,c3_resize_jpeg_jpeg,resize(0.50)->jpeg(Q50)->jpeg(Q50),0.5,50,2
biggan_00082.png,test,biggan,1,1,0.9997923970222473,c3_resize_jpeg_jpeg,resize(0.50)->jpeg(Q50)->jpeg(Q50),0.5,50,2
wukong_00005.png,test,wukong,1,1,0.9990536570549011,c3_resize_jpeg_jpeg,resize(0.50)->jpeg(Q50)->jpeg(Q50),0.5,50,2
wukong_00014.png,test,wukong,1,1,0.978733241558075,c3_resize_jpeg_jpeg,resize(0.50)->jpeg(Q50)->jpeg(Q50),0.5,50,2
midjourney_00071.png,test,midjourney,1,0,0.0021974400151520967,c3_resize_jpeg_jpeg,resize(0.50)->jpeg(Q50)->jpeg(Q50),0.5,50,2
midjourney_00009.png,test,midjourney,1,1,0.8479525446891785,c3_resize_jpeg_jpeg,resize(0.50)->jpeg(Q50)->jpeg(Q50),0.5,50,2
midjourney_00044.png,test,midjourney,1,1,0.951166570186615,c3_resize_jpeg_jpeg,resize(0.50)->jpeg(Q50)->jpeg(Q50),0.5,50,2
biggan_00017.png,test,biggan,1,1,0.790120005607605,c3_resize_jpeg_jpeg,resize(0.50)->jpeg(Q50)->jpeg(Q50),0.5,50,2
glide_00082.png,test,glide,1,0,0.025515809655189514,c3_resize_jpeg_jpeg,resize(0.50)->jpeg(Q50)->jpeg(Q50),0.5,50,2
glide_00037.png,test,glide,1,0,0.061447370797395706,c3_resize_jpeg_jpeg,resize(0.50)->jpeg(Q50)->jpeg(Q50),0.5,50,2
adm_00027.png,test,adm,1,1,0.7372342348098755,c3_resize_jpeg_jpeg,resize(0.50)->jpeg(Q50)->jpeg(Q50),0.5,50,2
midjourney_00024.png,test,midjourney,1,1,0.9993903636932373,c3_resize_jpeg_jpeg,resize(0.50)->jpeg(Q50)->jpeg(Q50),0.5,50,2
glide_00033.png,test,glide,1,0,0.12337640672922134,c3_resize_jpeg_jpeg,resize(0.50)->jpeg(Q50)->jpeg(Q50),0.5,50,2
midjourney_00007.png,test,midjourney,1,1,0.9789913892745972,c3_resize_jpeg_jpeg,resize(0.50)->jpeg(Q50)->jpeg(Q50),0.5,50,2
sdv5_00072.png,test,sdv5,1,1,0.5843480229377747,c3_resize_jpeg_jpeg,resize(0.50)->jpeg(Q50)->jpeg(Q50),0.5,50,2
wukong_00022.png,test,wukong,1,1,0.9354975819587708,c3_resize_jpeg_jpeg,resize(0.50)->jpeg(Q50)->jpeg(Q50),0.5,50,2
vqdm_00032.png,test,vqdm,1,0,0.0007408380624838173,c3_resize_jpeg_jpeg,resize(0.50)->jpeg(Q50)->jpeg(Q50),0.5,50,2
glide_00009.png,test,glide,1,1,0.9863201975822449,c3_resize_jpeg_jpeg,resize(0.50)->jpeg(Q50)->jpeg(Q50),0.5,50,2
biggan_00030.png,test,biggan,1,0,0.03359419107437134,c3_resize_jpeg_jpeg,resize(0.50)->jpeg(Q50)->jpeg(Q50),0.5,50,2
wukong_00057.png,test,wukong,1,1,0.9356644749641418,c3_resize_jpeg_jpeg,resize(0.50)->jpeg(Q50)->jpeg(Q50),0.5,50,2
adm_00079.png,test,adm,1,1,0.9999679327011108,c3_resize_jpeg_jpeg,resize(0.50)->jpeg(Q50)->jpeg(Q50),0.5,50,2
vqdm_00031.png,test,vqdm,1,1,0.8513518571853638,c3_resize_jpeg_jpeg,resize(0.50)->jpeg(Q50)->jpeg(Q50),0.5,50,2
glide_00010.png,test,glide,1,1,0.9999959468841553,c3_resize_jpeg_jpeg,resize(0.50)->jpeg(Q50)->jpeg(Q50),0.5,50,2
wukong_00009.png,test,wukong,1,0,0.030842820182442665,c3_resize_jpeg_jpeg,resize(0.50)->jpeg(Q50)->jpeg(Q50),0.5,50,2
glide_00013.png,test,glide,1,0,6.077084253774956e-05,c3_resize_jpeg_jpeg,resize(0.50)->jpeg(Q50)->jpeg(Q50),0.5,50,2
vqdm_00023.png,test,vqdm,1,0,0.013644753023982048,c3_resize_jpeg_jpeg,resize(0.50)->jpeg(Q50)->jpeg(Q50),0.5,50,2
sdv5_00011.png,test,sdv5,1,0,0.007876230403780937,c3_resize_jpeg_jpeg,resize(0.50)->jpeg(Q50)->jpeg(Q50),0.5,50,2
sdv5_00047.png,test,sdv5,1,1,0.9640081524848938,c3_resize_jpeg_jpeg,resize(0.50)->jpeg(Q50)->jpeg(Q50),0.5,50,2
sdv5_00009.png,test,sdv5,1,1,0.9829020500183105,c3_resize_jpeg_jpeg,resize(0.50)->jpeg(Q50)->jpeg(Q50),0.5,50,2
sdv5_00010.png,test,sdv5,1,1,0.9361847639083862,c3_resize_jpeg_jpeg,resize(0.50)->jpeg(Q50)->jpeg(Q50),0.5,50,2
glide_00076.png,test,glide,1,0,0.05775908753275871,c3_resize_jpeg_jpeg,resize(0.50)->jpeg(Q50)->jpeg(Q50),0.5,50,2
adm_00081.png,test,adm,1,1,0.5354024171829224,c3_resize_jpeg_jpeg,resize(0.50)->jpeg(Q50)->jpeg(Q50),0.5,50,2
sdv5_00023.png,test,sdv5,1,0,0.28385400772094727,c3_resize_jpeg_jpeg,resize(0.50)->jpeg(Q50)->jpeg(Q50),0.5,50,2
biggan_00003.png,test,biggan,1,0,0.015686986967921257,c3_resize_jpeg_jpeg,resize(0.50)->jpeg(Q50)->jpeg(Q50),0.5,50,2
wukong_00061.png,test,wukong,1,1,0.7666785717010498,c3_resize_jpeg_jpeg,resize(0.50)->jpeg(Q50)->jpeg(Q50),0.5,50,2
adm_00085.png,test,adm,1,0,0.04127442091703415,c3_resize_jpeg_jpeg,resize(0.50)->jpeg(Q50)->jpeg(Q50),0.5,50,2
midjourney_00014.png,test,midjourney,1,1,0.7305528521537781,c3_resize_jpeg_jpeg,resize(0.50)->jpeg(Q50)->jpeg(Q50),0.5,50,2
vqdm_00042.png,test,vqdm,1,0,0.037235669791698456,c3_resize_jpeg_jpeg,resize(0.50)->jpeg(Q50)->jpeg(Q50),0.5,50,2
wukong_00076.png,test,wukong,1,1,0.9861425757408142,c3_resize_jpeg_jpeg,resize(0.50)->jpeg(Q50)->jpeg(Q50),0.5,50,2
vqdm_00035.png,test,vqdm,1,0,0.00028227429720573127,c3_resize_jpeg_jpeg,resize(0.50)->jpeg(Q50)->jpeg(Q50),0.5,50,2
sdv5_00037.png,test,sdv5,1,0,0.4481891691684723,c3_resize_jpeg_jpeg,resize(0.50)->jpeg(Q50)->jpeg(Q50),0.5,50,2
biggan_00000.png,test,biggan,1,0,0.04078696668148041,c3_resize_jpeg_jpeg,resize(0.50)->jpeg(Q50)->jpeg(Q50),0.5,50,2
sdv5_00053.png,test,sdv5,1,1,0.9995794892311096,c3_resize_jpeg_jpeg,resize(0.50)->jpeg(Q50)->jpeg(Q50),0.5,50,2
midjourney_00034.png,test,midjourney,1,1,0.9984704852104187,c3_resize_jpeg_jpeg,resize(0.50)->jpeg(Q50)->jpeg(Q50),0.5,50,2
wukong_00033.png,test,wukong,1,1,0.8067012429237366,c3_resize_jpeg_jpeg,resize(0.50)->jpeg(Q50)->jpeg(Q50),0.5,50,2
glide_00011.png,test,glide,1,0,0.007051531225442886,c3_resize_jpeg_jpeg,resize(0.50)->jpeg(Q50)->jpeg(Q50),0.5,50,2
glide_00008.png,test,glide,1,1,0.7955642938613892,c3_resize_jpeg_jpeg,resize(0.50)->jpeg(Q50)->jpeg(Q50),0.5,50,2
adm_00044.png,test,adm,1,1,0.9733750820159912,c3_resize_jpeg_jpeg,resize(0.50)->jpeg(Q50)->jpeg(Q50),0.5,50,2
sdv5_00029.png,test,sdv5,1,1,0.9996144771575928,c3_resize_jpeg_jpeg,resize(0.50)->jpeg(Q50)->jpeg(Q50),0.5,50,2
sdv5_00081.png,test,sdv5,1,1,0.9849971532821655,c3_resize_jpeg_jpeg,resize(0.50)->jpeg(Q50)->jpeg(Q50),0.5,50,2
sdv5_00040.png,test,sdv5,1,0,0.10699476301670074,c3_resize_jpeg_jpeg,resize(0.50)->jpeg(Q50)->jpeg(Q50),0.5,50,2
adm_00042.png,test,adm,1,0,0.2519233524799347,c3_resize_jpeg_jpeg,resize(0.50)->jpeg(Q50)->jpeg(Q50),0.5,50,2
sdv5_00059.png,test,sdv5,1,1,0.6226768493652344,c3_resize_jpeg_jpeg,resize(0.50)->jpeg(Q50)->jpeg(Q50),0.5,50,2
wukong_00017.png,test,wukong,1,1,0.8790020942687988,c3_resize_jpeg_jpeg,resize(0.50)->jpeg(Q50)->jpeg(Q50),0.5,50,2
wukong_00058.png,test,wukong,1,1,0.9890298247337341,c3_resize_jpeg_jpeg,resize(0.50)->jpeg(Q50)->jpeg(Q50),0.5,50,2
adm_00086.png,test,adm,1,1,0.9414359927177429,c3_resize_jpeg_jpeg,resize(0.50)->jpeg(Q50)->jpeg(Q50),0.5,50,2
midjourney_00049.png,test,midjourney,1,1,0.938651442527771,c3_resize_jpeg_jpeg,resize(0.50)->jpeg(Q50)->jpeg(Q50),0.5,50,2
midjourney_00065.png,test,midjourney,1,1,0.9999995231628418,c3_resize_jpeg_jpeg,resize(0.50)->jpeg(Q50)->jpeg(Q50),0.5,50,2
midjourney_00006.png,test,midjourney,1,1,0.9917546510696411,c3_resize_jpeg_jpeg,resize(0.50)->jpeg(Q50)->jpeg(Q50),0.5,50,2
wukong_00079.png,test,wukong,1,1,0.9688783884048462,c3_resize_jpeg_jpeg,resize(0.50)->jpeg(Q50)->jpeg(Q50),0.5,50,2
sdv5_00085.png,test,sdv5,1,1,0.6451894044876099,c3_resize_jpeg_jpeg,resize(0.50)->jpeg(Q50)->jpeg(Q50),0.5,50,2
sdv5_00065.png,test,sdv5,1,1,0.935545802116394,c3_resize_jpeg_jpeg,resize(0.50)->jpeg(Q50)->jpeg(Q50),0.5,50,2
wukong_00037.png,test,wukong,1,1,0.8129319548606873,c3_resize_jpeg_jpeg,resize(0.50)->jpeg(Q50)->jpeg(Q50),0.5,50,2
biggan_00032.png,test,biggan,1,0,0.006520213559269905,c3_resize_jpeg_jpeg,resize(0.50)->jpeg(Q50)->jpeg(Q50),0.5,50,2
wukong_00011.png,test,wukong,1,1,0.9943349361419678,c3_resize_jpeg_jpeg,resize(0.50)->jpeg(Q50)->jpeg(Q50),0.5,50,2
biggan_00053.png,test,biggan,1,1,0.9999992847442627,c3_resize_jpeg_jpeg,resize(0.50)->jpeg(Q50)->jpeg(Q50),0.5,50,2
sdv5_00005.png,test,sdv5,1,1,0.7785470485687256,c3_resize_jpeg_jpeg,resize(0.50)->jpeg(Q50)->jpeg(Q50),0.5,50,2
adm_00057.png,test,adm,1,0,0.0038857832551002502,c3_resize_jpeg_jpeg,resize(0.50)->jpeg(Q50)->jpeg(Q50),0.5,50,2
wukong_00024.png,test,wukong,1,1,0.8792963027954102,c3_resize_jpeg_jpeg,resize(0.50)->jpeg(Q50)->jpeg(Q50),0.5,50,2
glide_00056.png,test,glide,1,1,0.8211841583251953,c3_resize_jpeg_jpeg,resize(0.50)->jpeg(Q50)->jpeg(Q50),0.5,50,2
adm_00004.png,test,adm,1,1,0.9182727336883545,c3_resize_jpeg_jpeg,resize(0.50)->jpeg(Q50)->jpeg(Q50),0.5,50,2
midjourney_00081.png,test,midjourney,1,0,0.004196168389171362,c3_resize_jpeg_jpeg,resize(0.50)->jpeg(Q50)->jpeg(Q50),0.5,50,2
sdv5_00083.png,test,sdv5,1,0,0.003513205563649535,c3_resize_jpeg_jpeg,resize(0.50)->jpeg(Q50)->jpeg(Q50),0.5,50,2
glide_00042.png,test,glide,1,0,0.3656383156776428,c3_resize_jpeg_jpeg,resize(0.50)->jpeg(Q50)->jpeg(Q50),0.5,50,2
glide_00029.png,test,glide,1,0,0.01843305490911007,c3_resize_jpeg_jpeg,resize(0.50)->jpeg(Q50)->jpeg(Q50),0.5,50,2
vqdm_00022.png,test,vqdm,1,0,0.3042508363723755,c3_resize_jpeg_jpeg,resize(0.50)->jpeg(Q50)->jpeg(Q50),0.5,50,2
adm_00007.png,test,adm,1,1,0.8579851388931274,c3_resize_jpeg_jpeg,resize(0.50)->jpeg(Q50)->jpeg(Q50),0.5,50,2
vqdm_00082.png,test,vqdm,1,0,0.10513671487569809,c3_resize_jpeg_jpeg,resize(0.50)->jpeg(Q50)->jpeg(Q50),0.5,50,2
glide_00052.png,test,glide,1,1,0.737335205078125,c3_resize_jpeg_jpeg,resize(0.50)->jpeg(Q50)->jpeg(Q50),0.5,50,2
adm_00066.png,test,adm,1,0,0.4752778112888336,c3_resize_jpeg_jpeg,resize(0.50)->jpeg(Q50)->jpeg(Q50),0.5,50,2
sdv5_00026.png,test,sdv5,1,0,0.14319857954978943,c3_resize_jpeg_jpeg,resize(0.50)->jpeg(Q50)->jpeg(Q50),0.5,50,2
wukong_00004.png,test,wukong,1,1,0.999481737613678,c3_resize_jpeg_jpeg,resize(0.50)->jpeg(Q50)->jpeg(Q50),0.5,50,2
wukong_00034.png,test,wukong,1,1,0.7988342046737671,c3_resize_jpeg_jpeg,resize(0.50)->jpeg(Q50)->jpeg(Q50),0.5,50,2
adm_00073.png,test,adm,1,1,0.7918067574501038,c3_resize_jpeg_jpeg,resize(0.50)->jpeg(Q50)->jpeg(Q50),0.5,50,2
sdv5_00056.png,test,sdv5,1,1,0.8091031312942505,c3_resize_jpeg_jpeg,resize(0.50)->jpeg(Q50)->jpeg(Q50),0.5,50,2
adm_00050.png,test,adm,1,0,0.017556581646203995,c3_resize_jpeg_jpeg,resize(0.50)->jpeg(Q50)->jpeg(Q50),0.5,50,2
biggan_00004.png,test,biggan,1,0,0.32455939054489136,c3_resize_jpeg_jpeg,resize(0.50)->jpeg(Q50)->jpeg(Q50),0.5,50,2
midjourney_00063.png,test,midjourney,1,1,0.9440818428993225,c3_resize_jpeg_jpeg,resize(0.50)->jpeg(Q50)->jpeg(Q50),0.5,50,2
glide_00007.png,test,glide,1,0,0.01513742282986641,c3_resize_jpeg_jpeg,resize(0.50)->jpeg(Q50)->jpeg(Q50),0.5,50,2
vqdm_00059.png,test,vqdm,1,0,0.01905045472085476,c3_resize_jpeg_jpeg,resize(0.50)->jpeg(Q50)->jpeg(Q50),0.5,50,2
midjourney_00051.png,test,midjourney,1,0,0.05476884916424751,c3_resize_jpeg_jpeg,resize(0.50)->jpeg(Q50)->jpeg(Q50),0.5,50,2
adm_00040.png,test,adm,1,0,0.33351632952690125,c3_resize_jpeg_jpeg,resize(0.50)->jpeg(Q50)->jpeg(Q50),0.5,50,2
vqdm_00046.png,test,vqdm,1,0,0.011881627142429352,c3_resize_jpeg_jpeg,resize(0.50)->jpeg(Q50)->jpeg(Q50),0.5,50,2
glide_00071.png,test,glide,1,0,0.33647212386131287,c3_resize_jpeg_jpeg,resize(0.50)->jpeg(Q50)->jpeg(Q50),0.5,50,2
midjourney_00040.png,test,midjourney,1,1,0.5336772799491882,c3_resize_jpeg_jpeg,resize(0.50)->jpeg(Q50)->jpeg(Q50),0.5,50,2
biggan_00056.png,test,biggan,1,0,0.34133651852607727,c3_resize_jpeg_jpeg,resize(0.50)->jpeg(Q50)->jpeg(Q50),0.5,50,2
wukong_00030.png,test,wukong,1,1,0.6302875876426697,c3_resize_jpeg_jpeg,resize(0.50)->jpeg(Q50)->jpeg(Q50),0.5,50,2
adm_00045.png,test,adm,1,0,0.0011879666708409786,c3_resize_jpeg_jpeg,resize(0.50)->jpeg(Q50)->jpeg(Q50),0.5,50,2
vqdm_00069.png,test,vqdm,1,0,0.3887888193130493,c3_resize_jpeg_jpeg,resize(0.50)->jpeg(Q50)->jpeg(Q50),0.5,50,2
sdv5_00013.png,test,sdv5,1,0,0.4708751440048218,c3_resize_jpeg_jpeg,resize(0.50)->jpeg(Q50)->jpeg(Q50),0.5,50,2
adm_00058.png,test,adm,1,1,0.6897103786468506,c3_resize_jpeg_jpeg,resize(0.50)->jpeg(Q50)->jpeg(Q50),0.5,50,2
biggan_00037.png,test,biggan,1,1,0.9998422861099243,c3_resize_jpeg_jpeg,resize(0.50)->jpeg(Q50)->jpeg(Q50),0.5,50,2
vqdm_00039.png,test,vqdm,1,0,0.37010103464126587,c3_resize_jpeg_jpeg,resize(0.50)->jpeg(Q50)->jpeg(Q50),0.5,50,2
sdv5_00034.png,test,sdv5,1,1,0.952031672000885,c3_resize_jpeg_jpeg,resize(0.50)->jpeg(Q50)->jpeg(Q50),0.5,50,2
glide_00047.png,test,glide,1,0,0.33981335163116455,c3_resize_jpeg_jpeg,resize(0.50)->jpeg(Q50)->jpeg(Q50),0.5,50,2
biggan_00063.png,test,biggan,1,0,0.3919387459754944,c3_resize_jpeg_jpeg,resize(0.50)->jpeg(Q50)->jpeg(Q50),0.5,50,2
glide_00045.png,test,glide,1,1,0.9999326467514038,c3_resize_jpeg_jpeg,resize(0.50)->jpeg(Q50)->jpeg(Q50),0.5,50,2
wukong_00027.png,test,wukong,1,1,0.7547677755355835,c3_resize_jpeg_jpeg,resize(0.50)->jpeg(Q50)->jpeg(Q50),0.5,50,2
vqdm_00027.png,test,vqdm,1,0,0.3229227066040039,c3_resize_jpeg_jpeg,resize(0.50)->jpeg(Q50)->jpeg(Q50),0.5,50,2
glide_00024.png,test,glide,1,1,0.9688045978546143,c3_resize_jpeg_jpeg,resize(0.50)->jpeg(Q50)->jpeg(Q50),0.5,50,2
wukong_00085.png,test,wukong,1,1,0.8482159376144409,c3_resize_jpeg_jpeg,resize(0.50)->jpeg(Q50)->jpeg(Q50),0.5,50,2
glide_00043.png,test,glide,1,0,0.31171801686286926,c3_resize_jpeg_jpeg,resize(0.50)->jpeg(Q50)->jpeg(Q50),0.5,50,2
vqdm_00055.png,test,vqdm,1,0,0.10780904442071915,c3_resize_jpeg_jpeg,resize(0.50)->jpeg(Q50)->jpeg(Q50),0.5,50,2
midjourney_00057.png,test,midjourney,1,1,0.9998842477798462,c3_resize_jpeg_jpeg,resize(0.50)->jpeg(Q50)->jpeg(Q50),0.5,50,2
wukong_00062.png,test,wukong,1,0,0.05307483300566673,c3_resize_jpeg_jpeg,resize(0.50)->jpeg(Q50)->jpeg(Q50),0.5,50,2
sdv5_00007.png,test,sdv5,1,1,0.9670405983924866,c3_resize_jpeg_jpeg,resize(0.50)->jpeg(Q50)->jpeg(Q50),0.5,50,2
biggan_00043.png,test,biggan,1,0,3.5073691833531484e-05,c3_resize_jpeg_jpeg,resize(0.50)->jpeg(Q50)->jpeg(Q50),0.5,50,2
adm_00083.png,test,adm,1,1,0.6654337048530579,c3_resize_jpeg_jpeg,resize(0.50)->jpeg(Q50)->jpeg(Q50),0.5,50,2
adm_00052.png,test,adm,1,1,0.7233151793479919,c3_resize_jpeg_jpeg,resize(0.50)->jpeg(Q50)->jpeg(Q50),0.5,50,2
wukong_00032.png,test,wukong,1,0,0.47918379306793213,c3_resize_jpeg_jpeg,resize(0.50)->jpeg(Q50)->jpeg(Q50),0.5,50,2
midjourney_00047.png,test,midjourney,1,1,0.9997363686561584,c3_resize_jpeg_jpeg,resize(0.50)->jpeg(Q50)->jpeg(Q50),0.5,50,2
midjourney_00072.png,test,midjourney,1,1,0.9991518259048462,c3_resize_jpeg_jpeg,resize(0.50)->jpeg(Q50)->jpeg(Q50),0.5,50,2
wukong_00010.png,test,wukong,1,0,0.28029826283454895,c3_resize_jpeg_jpeg,resize(0.50)->jpeg(Q50)->jpeg(Q50),0.5,50,2
sdv5_00021.png,test,sdv5,1,0,0.25689566135406494,c3_resize_jpeg_jpeg,resize(0.50)->jpeg(Q50)->jpeg(Q50),0.5,50,2
biggan_00009.png,test,biggan,1,1,0.9993062019348145,c3_resize_jpeg_jpeg,resize(0.50)->jpeg(Q50)->jpeg(Q50),0.5,50,2
wukong_00043.png,test,wukong,1,1,0.9596938490867615,c3_resize_jpeg_jpeg,resize(0.50)->jpeg(Q50)->jpeg(Q50),0.5,50,2
vqdm_00034.png,test,vqdm,1,0,0.035482008010149,c3_resize_jpeg_jpeg,resize(0.50)->jpeg(Q50)->jpeg(Q50),0.5,50,2
biggan_00023.png,test,biggan,1,1,0.9557892680168152,c3_resize_jpeg_jpeg,resize(0.50)->jpeg(Q50)->jpeg(Q50),0.5,50,2
glide_00080.png,test,glide,1,1,0.9126242995262146,c3_resize_jpeg_jpeg,resize(0.50)->jpeg(Q50)->jpeg(Q50),0.5,50,2
midjourney_00008.png,test,midjourney,1,0,0.3387986421585083,c3_resize_jpeg_jpeg,resize(0.50)->jpeg(Q50)->jpeg(Q50),0.5,50,2
biggan_00024.png,test,biggan,1,1,0.9002280831336975,c3_resize_jpeg_jpeg,resize(0.50)->jpeg(Q50)->jpeg(Q50),0.5,50,2
midjourney_00002.png,test,midjourney,1,1,0.7140722870826721,c3_resize_jpeg_jpeg,resize(0.50)->jpeg(Q50)->jpeg(Q50),0.5,50,2
midjourney_00000.png,test,midjourney,1,1,0.5263127088546753,c3_resize_jpeg_jpeg,resize(0.50)->jpeg(Q50)->jpeg(Q50),0.5,50,2
adm_00084.png,test,adm,1,1,0.9660769104957581,c3_resize_jpeg_jpeg,resize(0.50)->jpeg(Q50)->jpeg(Q50),0.5,50,2
biggan_00042.png,test,biggan,1,1,0.5583980679512024,c3_resize_jpeg_jpeg,resize(0.50)->jpeg(Q50)->jpeg(Q50),0.5,50,2
wukong_00018.png,test,wukong,1,1,0.8542081117630005,c3_resize_jpeg_jpeg,resize(0.50)->jpeg(Q50)->jpeg(Q50),0.5,50,2
vqdm_00021.png,test,vqdm,1,1,0.9999589920043945,c3_resize_jpeg_jpeg,resize(0.50)->jpeg(Q50)->jpeg(Q50),0.5,50,2
sdv5_00057.png,test,sdv5,1,0,0.01743287779390812,c3_resize_jpeg_jpeg,resize(0.50)->jpeg(Q50)->jpeg(Q50),0.5,50,2
midjourney_00029.png,test,midjourney,1,1,0.8573437333106995,c3_resize_jpeg_jpeg,resize(0.50)->jpeg(Q50)->jpeg(Q50),0.5,50,2
sdv5_00004.png,test,sdv5,1,0,0.002275991952046752,c3_resize_jpeg_jpeg,resize(0.50)->jpeg(Q50)->jpeg(Q50),0.5,50,2
wukong_00063.png,test,wukong,1,0,0.0025064607616513968,c3_resize_jpeg_jpeg,resize(0.50)->jpeg(Q50)->jpeg(Q50),0.5,50,2
glide_00057.png,test,glide,1,1,0.7835630178451538,c3_resize_jpeg_jpeg,resize(0.50)->jpeg(Q50)->jpeg(Q50),0.5,50,2
wukong_00074.png,test,wukong,1,0,0.07943302392959595,c3_resize_jpeg_jpeg,resize(0.50)->jpeg(Q50)->jpeg(Q50),0.5,50,2
adm_00070.png,test,adm,1,0,0.20602554082870483,c3_resize_jpeg_jpeg,resize(0.50)->jpeg(Q50)->jpeg(Q50),0.5,50,2
midjourney_00018.png,test,midjourney,1,1,0.9964242577552795,c3_resize_jpeg_jpeg,resize(0.50)->jpeg(Q50)->jpeg(Q50),0.5,50,2
vqdm_00081.png,test,vqdm,1,0,0.4405251145362854,c3_resize_jpeg_jpeg,resize(0.50)->jpeg(Q50)->jpeg(Q50),0.5,50,2
vqdm_00075.png,test,vqdm,1,1,0.9506394863128662,c3_resize_jpeg_jpeg,resize(0.50)->jpeg(Q50)->jpeg(Q50),0.5,50,2
glide_00059.png,test,glide,1,0,0.0005535074742510915,c3_resize_jpeg_jpeg,resize(0.50)->jpeg(Q50)->jpeg(Q50),0.5,50,2
vqdm_00002.png,test,vqdm,1,0,0.18287411332130432,c3_resize_jpeg_jpeg,resize(0.50)->jpeg(Q50)->jpeg(Q50),0.5,50,2
biggan_00045.png,test,biggan,1,1,0.9103789925575256,c3_resize_jpeg_jpeg,resize(0.50)->jpeg(Q50)->jpeg(Q50),0.5,50,2
sdv5_00075.png,test,sdv5,1,1,0.9911637306213379,c3_resize_jpeg_jpeg,resize(0.50)->jpeg(Q50)->jpeg(Q50),0.5,50,2
sdv5_00055.png,test,sdv5,1,1,0.5792335271835327,c3_resize_jpeg_jpeg,resize(0.50)->jpeg(Q50)->jpeg(Q50),0.5,50,2
wukong_00013.png,test,wukong,1,1,0.8453124165534973,c3_resize_jpeg_jpeg,resize(0.50)->jpeg(Q50)->jpeg(Q50),0.5,50,2
adm_00068.png,test,adm,1,1,0.838735818862915,c3_resize_jpeg_jpeg,resize(0.50)->jpeg(Q50)->jpeg(Q50),0.5,50,2
midjourney_00010.png,test,midjourney,1,0,0.0776979923248291,c3_resize_jpeg_jpeg,resize(0.50)->jpeg(Q50)->jpeg(Q50),0.5,50,2
midjourney_00030.png,test,midjourney,1,1,0.9952060580253601,c3_resize_jpeg_jpeg,resize(0.50)->jpeg(Q50)->jpeg(Q50),0.5,50,2
sdv5_00074.png,test,sdv5,1,1,0.9876014590263367,c3_resize_jpeg_jpeg,resize(0.50)->jpeg(Q50)->jpeg(Q50),0.5,50,2
vqdm_00072.png,test,vqdm,1,1,0.9975556135177612,c3_resize_jpeg_jpeg,resize(0.50)->jpeg(Q50)->jpeg(Q50),0.5,50,2
wukong_00031.png,test,wukong,1,0,0.4943060278892517,c3_resize_jpeg_jpeg,resize(0.50)->jpeg(Q50)->jpeg(Q50),0.5,50,2
vqdm_00080.png,test,vqdm,1,1,0.934282124042511,c3_resize_jpeg_jpeg,resize(0.50)->jpeg(Q50)->jpeg(Q50),0.5,50,2
midjourney_00043.png,test,midjourney,1,0,0.05343272164463997,c3_resize_jpeg_jpeg,resize(0.50)->jpeg(Q50)->jpeg(Q50),0.5,50,2
vqdm_00001.png,test,vqdm,1,1,0.5561720728874207,c3_resize_jpeg_jpeg,resize(0.50)->jpeg(Q50)->jpeg(Q50),0.5,50,2
glide_00021.png,test,glide,1,1,0.989769458770752,c3_resize_jpeg_jpeg,resize(0.50)->jpeg(Q50)->jpeg(Q50),0.5,50,2
midjourney_00037.png,test,midjourney,1,0,0.010443617589771748,c3_resize_jpeg_jpeg,resize(0.50)->jpeg(Q50)->jpeg(Q50),0.5,50,2
biggan_00031.png,test,biggan,1,1,0.8678270578384399,c3_resize_jpeg_jpeg,resize(0.50)->jpeg(Q50)->jpeg(Q50),0.5,50,2
wukong_00072.png,test,wukong,1,1,0.6786737442016602,c3_resize_jpeg_jpeg,resize(0.50)->jpeg(Q50)->jpeg(Q50),0.5,50,2
midjourney_00055.png,test,midjourney,1,1,0.9988760352134705,c3_resize_jpeg_jpeg,resize(0.50)->jpeg(Q50)->jpeg(Q50),0.5,50,2
glide_00070.png,test,glide,1,1,0.7404981851577759,c3_resize_jpeg_jpeg,resize(0.50)->jpeg(Q50)->jpeg(Q50),0.5,50,2
biggan_00057.png,test,biggan,1,0,0.3651594817638397,c3_resize_jpeg_jpeg,resize(0.50)->jpeg(Q50)->jpeg(Q50),0.5,50,2
midjourney_00075.png,test,midjourney,1,1,0.9991353154182434,c3_resize_jpeg_jpeg,resize(0.50)->jpeg(Q50)->jpeg(Q50),0.5,50,2
vqdm_00048.png,test,vqdm,1,1,0.9387903213500977,c3_resize_jpeg_jpeg,resize(0.50)->jpeg(Q50)->jpeg(Q50),0.5,50,2
glide_00034.png,test,glide,1,1,0.9167769551277161,c3_resize_jpeg_jpeg,resize(0.50)->jpeg(Q50)->jpeg(Q50),0.5,50,2
sdv5_00078.png,test,sdv5,1,1,0.5943424105644226,c3_resize_jpeg_jpeg,resize(0.50)->jpeg(Q50)->jpeg(Q50),0.5,50,2
midjourney_00062.png,test,midjourney,1,0,0.42095261812210083,c3_resize_jpeg_jpeg,resize(0.50)->jpeg(Q50)->jpeg(Q50),0.5,50,2
adm_00031.png,test,adm,1,1,0.52287757396698,c3_resize_jpeg_jpeg,resize(0.50)->jpeg(Q50)->jpeg(Q50),0.5,50,2
midjourney_00026.png,test,midjourney,1,0,0.4076811969280243,c3_resize_jpeg_jpeg,resize(0.50)->jpeg(Q50)->jpeg(Q50),0.5,50,2
vqdm_00000.png,test,vqdm,1,1,0.9299070835113525,c3_resize_jpeg_jpeg,resize(0.50)->jpeg(Q50)->jpeg(Q50),0.5,50,2
adm_00020.png,test,adm,1,0,0.05865861475467682,c3_resize_jpeg_jpeg,resize(0.50)->jpeg(Q50)->jpeg(Q50),0.5,50,2
adm_00012.png,test,adm,1,0,0.13420157134532928,c3_resize_jpeg_jpeg,resize(0.50)->jpeg(Q50)->jpeg(Q50),0.5,50,2
adm_00030.png,test,adm,1,1,0.6581099629402161,c3_resize_jpeg_jpeg,resize(0.50)->jpeg(Q50)->jpeg(Q50),0.5,50,2
midjourney_00070.png,test,midjourney,1,1,0.5974310040473938,c3_resize_jpeg_jpeg,resize(0.50)->jpeg(Q50)->jpeg(Q50),0.5,50,2
adm_00041.png,test,adm,1,1,0.6837531924247742,c3_resize_jpeg_jpeg,resize(0.50)->jpeg(Q50)->jpeg(Q50),0.5,50,2
adm_00078.png,test,adm,1,0,0.21883609890937805,c3_resize_jpeg_jpeg,resize(0.50)->jpeg(Q50)->jpeg(Q50),0.5,50,2
wukong_00068.png,test,wukong,1,0,0.030935438349843025,c3_resize_jpeg_jpeg,resize(0.50)->jpeg(Q50)->jpeg(Q50),0.5,50,2
biggan_00008.png,test,biggan,1,0,0.10016568750143051,c3_resize_jpeg_jpeg,resize(0.50)->jpeg(Q50)->jpeg(Q50),0.5,50,2
adm_00069.png,test,adm,1,1,0.6453478336334229,c3_resize_jpeg_jpeg,resize(0.50)->jpeg(Q50)->jpeg(Q50),0.5,50,2
vqdm_00056.png,test,vqdm,1,1,0.9955388903617859,c3_resize_jpeg_jpeg,resize(0.50)->jpeg(Q50)->jpeg(Q50),0.5,50,2
sdv5_00036.png,test,sdv5,1,1,0.8534532189369202,c3_resize_jpeg_jpeg,resize(0.50)->jpeg(Q50)->jpeg(Q50),0.5,50,2
vqdm_00079.png,test,vqdm,1,0,0.09291821718215942,c3_resize_jpeg_jpeg,resize(0.50)->jpeg(Q50)->jpeg(Q50),0.5,50,2
midjourney_00017.png,test,midjourney,1,1,0.9295142889022827,c3_resize_jpeg_jpeg,resize(0.50)->jpeg(Q50)->jpeg(Q50),0.5,50,2
biggan_00033.png,test,biggan,1,0,0.015144262462854385,c3_resize_jpeg_jpeg,resize(0.50)->jpeg(Q50)->jpeg(Q50),0.5,50,2
biggan_00018.png,test,biggan,1,1,0.8338830471038818,c3_resize_jpeg_jpeg,resize(0.50)->jpeg(Q50)->jpeg(Q50),0.5,50,2
sdv5_00001.png,test,sdv5,1,0,0.010966888628900051,c3_resize_jpeg_jpeg,resize(0.50)->jpeg(Q50)->jpeg(Q50),0.5,50,2
sdv5_00020.png,test,sdv5,1,1,0.997355580329895,c3_resize_jpeg_jpeg,resize(0.50)->jpeg(Q50)->jpeg(Q50),0.5,50,2
biggan_00048.png,test,biggan,1,1,0.993087112903595,c3_resize_jpeg_jpeg,resize(0.50)->jpeg(Q50)->jpeg(Q50),0.5,50,2
biggan_00058.png,test,biggan,1,1,0.999984622001648,c3_resize_jpeg_jpeg,resize(0.50)->jpeg(Q50)->jpeg(Q50),0.5,50,2
midjourney_00066.png,test,midjourney,1,0,0.29869505763053894,c3_resize_jpeg_jpeg,resize(0.50)->jpeg(Q50)->jpeg(Q50),0.5,50,2
midjourney_00080.png,test,midjourney,1,0,0.027521533891558647,c3_resize_jpeg_jpeg,resize(0.50)->jpeg(Q50)->jpeg(Q50),0.5,50,2
adm_00005.png,test,adm,1,0,0.28049981594085693,c3_resize_jpeg_jpeg,resize(0.50)->jpeg(Q50)->jpeg(Q50),0.5,50,2
adm_00003.png,test,adm,1,0,0.27812090516090393,c3_resize_jpeg_jpeg,resize(0.50)->jpeg(Q50)->jpeg(Q50),0.5,50,2
adm_00024.png,test,adm,1,0,0.16977204382419586,c3_resize_jpeg_jpeg,resize(0.50)->jpeg(Q50)->jpeg(Q50),0.5,50,2
sdv5_00000.png,test,sdv5,1,1,0.9912840127944946,c3_resize_jpeg_jpeg,resize(0.50)->jpeg(Q50)->jpeg(Q50),0.5,50,2
biggan_00001.png,test,biggan,1,0,0.030991286039352417,c3_resize_jpeg_jpeg,resize(0.50)->jpeg(Q50)->jpeg(Q50),0.5,50,2
vqdm_00014.png,test,vqdm,1,1,0.999985933303833,c3_resize_jpeg_jpeg,resize(0.50)->jpeg(Q50)->jpeg(Q50),0.5,50,2
biggan_00028.png,test,biggan,1,1,0.9825128316879272,c3_resize_jpeg_jpeg,resize(0.50)->jpeg(Q50)->jpeg(Q50),0.5,50,2
midjourney_00028.png,test,midjourney,1,0,0.020116493105888367,c3_resize_jpeg_jpeg,resize(0.50)->jpeg(Q50)->jpeg(Q50),0.5,50,2
biggan_00027.png,test,biggan,1,1,0.9091658592224121,c3_resize_jpeg_jpeg,resize(0.50)->jpeg(Q50)->jpeg(Q50),0.5,50,2
sdv5_00049.png,test,sdv5,1,1,0.7737483978271484,c3_resize_jpeg_jpeg,resize(0.50)->jpeg(Q50)->jpeg(Q50),0.5,50,2
vqdm_00029.png,test,vqdm,1,1,0.9781708121299744,c3_resize_jpeg_jpeg,resize(0.50)->jpeg(Q50)->jpeg(Q50),0.5,50,2
adm_00035.png,test,adm,1,1,0.5740978717803955,c3_resize_jpeg_jpeg,resize(0.50)->jpeg(Q50)->jpeg(Q50),0.5,50,2
adm_00011.png,test,adm,1,0,0.14741356670856476,c3_resize_jpeg_jpeg,resize(0.50)->jpeg(Q50)->jpeg(Q50),0.5,50,2
biggan_00078.png,test,biggan,1,1,0.827313244342804,c3_resize_jpeg_jpeg,resize(0.50)->jpeg(Q50)->jpeg(Q50),0.5,50,2
midjourney_00013.png,test,midjourney,1,1,0.9892296195030212,c3_resize_jpeg_jpeg,resize(0.50)->jpeg(Q50)->jpeg(Q50),0.5,50,2
sdv5_00067.png,test,sdv5,1,1,0.6099422574043274,c3_resize_jpeg_jpeg,resize(0.50)->jpeg(Q50)->jpeg(Q50),0.5,50,2
biggan_00006.png,test,biggan,1,0,0.0676218718290329,c3_resize_jpeg_jpeg,resize(0.50)->jpeg(Q50)->jpeg(Q50),0.5,50,2
vqdm_00078.png,test,vqdm,1,0,0.1506587117910385,c3_resize_jpeg_jpeg,resize(0.50)->jpeg(Q50)->jpeg(Q50),0.5,50,2
glide_00049.png,test,glide,1,0,0.005029800347983837,c3_resize_jpeg_jpeg,resize(0.50)->jpeg(Q50)->jpeg(Q50),0.5,50,2
midjourney_00050.png,test,midjourney,1,1,0.9997610449790955,c3_resize_jpeg_jpeg,resize(0.50)->jpeg(Q50)->jpeg(Q50),0.5,50,2
glide_00017.png,test,glide,1,0,0.18629415333271027,c3_resize_jpeg_jpeg,resize(0.50)->jpeg(Q50)->jpeg(Q50),0.5,50,2
wukong_00008.png,test,wukong,1,1,0.9986296892166138,c3_resize_jpeg_jpeg,resize(0.50)->jpeg(Q50)->jpeg(Q50),0.5,50,2
sdv5_00014.png,test,sdv5,1,0,0.2103310227394104,c3_resize_jpeg_jpeg,resize(0.50)->jpeg(Q50)->jpeg(Q50),0.5,50,2
biggan_00052.png,test,biggan,1,0,0.036246348172426224,c3_resize_jpeg_jpeg,resize(0.50)->jpeg(Q50)->jpeg(Q50),0.5,50,2
wukong_00059.png,test,wukong,1,1,0.9581724405288696,c3_resize_jpeg_jpeg,resize(0.50)->jpeg(Q50)->jpeg(Q50),0.5,50,2
glide_00078.png,test,glide,1,0,0.1696397364139557,c3_resize_jpeg_jpeg,resize(0.50)->jpeg(Q50)->jpeg(Q50),0.5,50,2
adm_00034.png,test,adm,1,1,0.7273315191268921,c3_resize_jpeg_jpeg,resize(0.50)->jpeg(Q50)->jpeg(Q50),0.5,50,2
wukong_00006.png,test,wukong,1,0,0.28365403413772583,c3_resize_jpeg_jpeg,resize(0.50)->jpeg(Q50)->jpeg(Q50),0.5,50,2
biggan_00046.png,test,biggan,1,1,0.9959781169891357,c3_resize_jpeg_jpeg,resize(0.50)->jpeg(Q50)->jpeg(Q50),0.5,50,2
wukong_00073.png,test,wukong,1,1,0.5406361818313599,c3_resize_jpeg_jpeg,resize(0.50)->jpeg(Q50)->jpeg(Q50),0.5,50,2
midjourney_00046.png,test,midjourney,1,1,0.9096619486808777,c3_resize_jpeg_jpeg,resize(0.50)->jpeg(Q50)->jpeg(Q50),0.5,50,2
glide_00068.png,test,glide,1,0,0.01642019674181938,c3_resize_jpeg_jpeg,resize(0.50)->jpeg(Q50)->jpeg(Q50),0.5,50,2
midjourney_00058.png,test,midjourney,1,1,0.5831925868988037,c3_resize_jpeg_jpeg,resize(0.50)->jpeg(Q50)->jpeg(Q50),0.5,50,2
glide_00001.png,test,glide,1,0,0.0799286738038063,c3_resize_jpeg_jpeg,resize(0.50)->jpeg(Q50)->jpeg(Q50),0.5,50,2
glide_00041.png,test,glide,1,1,1.0,c3_resize_jpeg_jpeg,resize(0.50)->jpeg(Q50)->jpeg(Q50),0.5,50,2
glide_00014.png,test,glide,1,0,0.015184000134468079,c3_resize_jpeg_jpeg,resize(0.50)->jpeg(Q50)->jpeg(Q50),0.5,50,2
adm_00013.png,test,adm,1,0,0.004961713682860136,c3_resize_jpeg_jpeg,resize(0.50)->jpeg(Q50)->jpeg(Q50),0.5,50,2
glide_00063.png,test,glide,1,0,0.12686030566692352,c3_resize_jpeg_jpeg,resize(0.50)->jpeg(Q50)->jpeg(Q50),0.5,50,2
wukong_00045.png,test,wukong,1,1,0.8962624669075012,c3_resize_jpeg_jpeg,resize(0.50)->jpeg(Q50)->jpeg(Q50),0.5,50,2
biggan_00079.png,test,biggan,1,1,0.9518977999687195,c3_resize_jpeg_jpeg,resize(0.50)->jpeg(Q50)->jpeg(Q50),0.5,50,2
adm_00002.png,test,adm,1,1,0.9902521371841431,c3_resize_jpeg_jpeg,resize(0.50)->jpeg(Q50)->jpeg(Q50),0.5,50,2
midjourney_00041.png,test,midjourney,1,1,0.9480118751525879,c3_resize_jpeg_jpeg,resize(0.50)->jpeg(Q50)->jpeg(Q50),0.5,50,2
vqdm_00044.png,test,vqdm,1,0,0.04226485267281532,c3_resize_jpeg_jpeg,resize(0.50)->jpeg(Q50)->jpeg(Q50),0.5,50,2
adm_00043.png,test,adm,1,0,0.015242401510477066,c3_resize_jpeg_jpeg,resize(0.50)->jpeg(Q50)->jpeg(Q50),0.5,50,2
sdv5_00017.png,test,sdv5,1,1,0.982397198677063,c3_resize_jpeg_jpeg,resize(0.50)->jpeg(Q50)->jpeg(Q50),0.5,50,2
vqdm_00052.png,test,vqdm,1,0,0.1432807594537735,c3_resize_jpeg_jpeg,resize(0.50)->jpeg(Q50)->jpeg(Q50),0.5,50,2
adm_00036.png,test,adm,1,1,0.9557619690895081,c3_resize_jpeg_jpeg,resize(0.50)->jpeg(Q50)->jpeg(Q50),0.5,50,2
biggan_00083.png,test,biggan,1,1,0.8518521189689636,c3_resize_jpeg_jpeg,resize(0.50)->jpeg(Q50)->jpeg(Q50),0.5,50,2
glide_00020.png,test,glide,1,1,0.9999526739120483,c3_resize_jpeg_jpeg,resize(0.50)->jpeg(Q50)->jpeg(Q50),0.5,50,2
midjourney_00054.png,test,midjourney,1,0,0.053875260055065155,c3_resize_jpeg_jpeg,resize(0.50)->jpeg(Q50)->jpeg(Q50),0.5,50,2
adm_00032.png,test,adm,1,0,0.0598028190433979,c3_resize_jpeg_jpeg,resize(0.50)->jpeg(Q50)->jpeg(Q50),0.5,50,2
glide_00058.png,test,glide,1,1,0.5882852673530579,c3_resize_jpeg_jpeg,resize(0.50)->jpeg(Q50)->jpeg(Q50),0.5,50,2
vqdm_00008.png,test,vqdm,1,1,0.6609861254692078,c3_resize_jpeg_jpeg,resize(0.50)->jpeg(Q50)->jpeg(Q50),0.5,50,2
adm_00026.png,test,adm,1,1,0.9198351502418518,c3_resize_jpeg_jpeg,resize(0.50)->jpeg(Q50)->jpeg(Q50),0.5,50,2
midjourney_00082.png,test,midjourney,1,0,0.49896711111068726,c3_resize_jpeg_jpeg,resize(0.50)->jpeg(Q50)->jpeg(Q50),0.5,50,2
wukong_00012.png,test,wukong,1,0,0.11533454805612564,c3_resize_jpeg_jpeg,resize(0.50)->jpeg(Q50)->jpeg(Q50),0.5,50,2
glide_00048.png,test,glide,1,0,0.008999587967991829,c3_resize_jpeg_jpeg,resize(0.50)->jpeg(Q50)->jpeg(Q50),0.5,50,2
midjourney_00033.png,test,midjourney,1,1,0.9988848567008972,c3_resize_jpeg_jpeg,resize(0.50)->jpeg(Q50)->jpeg(Q50),0.5,50,2
vqdm_00060.png,test,vqdm,1,1,0.6340208053588867,c3_resize_jpeg_jpeg,resize(0.50)->jpeg(Q50)->jpeg(Q50),0.5,50,2
wukong_00052.png,test,wukong,1,1,0.999971866607666,c3_resize_jpeg_jpeg,resize(0.50)->jpeg(Q50)->jpeg(Q50),0.5,50,2
adm_00021.png,test,adm,1,0,0.05971865355968475,c3_resize_jpeg_jpeg,resize(0.50)->jpeg(Q50)->jpeg(Q50),0.5,50,2
wukong_00042.png,test,wukong,1,0,0.21234294772148132,c3_resize_jpeg_jpeg,resize(0.50)->jpeg(Q50)->jpeg(Q50),0.5,50,2
vqdm_00071.png,test,vqdm,1,1,0.9039474725723267,c3_resize_jpeg_jpeg,resize(0.50)->jpeg(Q50)->jpeg(Q50),0.5,50,2
glide_00026.png,test,glide,1,1,0.6781015992164612,c3_resize_jpeg_jpeg,resize(0.50)->jpeg(Q50)->jpeg(Q50),0.5,50,2
biggan_00019.png,test,biggan,1,1,0.7903597354888916,c3_resize_jpeg_jpeg,resize(0.50)->jpeg(Q50)->jpeg(Q50),0.5,50,2
glide_00051.png,test,glide,1,0,0.05226441100239754,c3_resize_jpeg_jpeg,resize(0.50)->jpeg(Q50)->jpeg(Q50),0.5,50,2
adm_00056.png,test,adm,1,0,0.08655420690774918,c3_resize_jpeg_jpeg,resize(0.50)->jpeg(Q50)->jpeg(Q50),0.5,50,2
glide_00012.png,test,glide,1,1,0.7885621786117554,c3_resize_jpeg_jpeg,resize(0.50)->jpeg(Q50)->jpeg(Q50),0.5,50,2
adm_00017.png,test,adm,1,0,0.0169975683093071,c3_resize_jpeg_jpeg,resize(0.50)->jpeg(Q50)->jpeg(Q50),0.5,50,2
wukong_00020.png,test,wukong,1,1,0.8727893233299255,c3_resize_jpeg_jpeg,resize(0.50)->jpeg(Q50)->jpeg(Q50),0.5,50,2
sdv5_00069.png,test,sdv5,1,1,0.5156240463256836,c3_resize_jpeg_jpeg,resize(0.50)->jpeg(Q50)->jpeg(Q50),0.5,50,2
vqdm_00064.png,test,vqdm,1,0,0.009607351385056973,c3_resize_jpeg_jpeg,resize(0.50)->jpeg(Q50)->jpeg(Q50),0.5,50,2
wukong_00050.png,test,wukong,1,1,0.5463538765907288,c3_resize_jpeg_jpeg,resize(0.50)->jpeg(Q50)->jpeg(Q50),0.5,50,2
glide_00032.png,test,glide,1,1,0.5376650094985962,c3_resize_jpeg_jpeg,resize(0.50)->jpeg(Q50)->jpeg(Q50),0.5,50,2
glide_00040.png,test,glide,1,1,0.8786716461181641,c3_resize_jpeg_jpeg,resize(0.50)->jpeg(Q50)->jpeg(Q50),0.5,50,2
glide_00064.png,test,glide,1,0,0.0025263892021030188,c3_resize_jpeg_jpeg,resize(0.50)->jpeg(Q50)->jpeg(Q50),0.5,50,2
adm_00016.png,test,adm,1,1,0.8868285417556763,c3_resize_jpeg_jpeg,resize(0.50)->jpeg(Q50)->jpeg(Q50),0.5,50,2
biggan_00066.png,test,biggan,1,1,0.905745804309845,c3_resize_jpeg_jpeg,resize(0.50)->jpeg(Q50)->jpeg(Q50),0.5,50,2
vqdm_00013.png,test,vqdm,1,0,0.005959167145192623,c3_resize_jpeg_jpeg,resize(0.50)->jpeg(Q50)->jpeg(Q50),0.5,50,2
sdv5_00024.png,test,sdv5,1,1,0.8891332149505615,c3_resize_jpeg_jpeg,resize(0.50)->jpeg(Q50)->jpeg(Q50),0.5,50,2
sdv5_00030.png,test,sdv5,1,1,0.8458666801452637,c3_resize_jpeg_jpeg,resize(0.50)->jpeg(Q50)->jpeg(Q50),0.5,50,2
wukong_00051.png,test,wukong,1,1,0.8508819937705994,c3_resize_jpeg_jpeg,resize(0.50)->jpeg(Q50)->jpeg(Q50),0.5,50,2
sdv5_00077.png,test,sdv5,1,0,0.49966463446617126,c3_resize_jpeg_jpeg,resize(0.50)->jpeg(Q50)->jpeg(Q50),0.5,50,2
biggan_00013.png,test,biggan,1,1,0.5579773187637329,c3_resize_jpeg_jpeg,resize(0.50)->jpeg(Q50)->jpeg(Q50),0.5,50,2
wukong_00064.png,test,wukong,1,1,0.9995779395103455,c3_resize_jpeg_jpeg,resize(0.50)->jpeg(Q50)->jpeg(Q50),0.5,50,2
vqdm_00025.png,test,vqdm,1,0,0.0701325312256813,c3_resize_jpeg_jpeg,resize(0.50)->jpeg(Q50)->jpeg(Q50),0.5,50,2
glide_00002.png,test,glide,1,1,0.5818195939064026,c3_resize_jpeg_jpeg,resize(0.50)->jpeg(Q50)->jpeg(Q50),0.5,50,2
midjourney_00079.png,test,midjourney,1,1,0.5507335066795349,c3_resize_jpeg_jpeg,resize(0.50)->jpeg(Q50)->jpeg(Q50),0.5,50,2
wukong_00039.png,test,wukong,1,0,0.38221660256385803,c3_resize_jpeg_jpeg,resize(0.50)->jpeg(Q50)->jpeg(Q50),0.5,50,2
vqdm_00020.png,test,vqdm,1,1,0.8085546493530273,c3_resize_jpeg_jpeg,resize(0.50)->jpeg(Q50)->jpeg(Q50),0.5,50,2
sdv5_00032.png,test,sdv5,1,1,0.8297162652015686,c3_resize_jpeg_jpeg,resize(0.50)->jpeg(Q50)->jpeg(Q50),0.5,50,2
sdv5_00003.png,test,sdv5,1,0,0.0037396408151835203,c3_resize_jpeg_jpeg,resize(0.50)->jpeg(Q50)->jpeg(Q50),0.5,50,2
wukong_00078.png,test,wukong,1,0,0.4341714382171631,c3_resize_jpeg_jpeg,resize(0.50)->jpeg(Q50)->jpeg(Q50),0.5,50,2
wukong_00065.png,test,wukong,1,1,0.9394742846488953,c3_resize_jpeg_jpeg,resize(0.50)->jpeg(Q50)->jpeg(Q50),0.5,50,2
biggan_00014.png,test,biggan,1,0,0.02587510459125042,c3_resize_jpeg_jpeg,resize(0.50)->jpeg(Q50)->jpeg(Q50),0.5,50,2
adm_00006.png,test,adm,1,1,0.8751295208930969,c3_resize_jpeg_jpeg,resize(0.50)->jpeg(Q50)->jpeg(Q50),0.5,50,2
wukong_00056.png,test,wukong,1,1,0.9852147698402405,c3_resize_jpeg_jpeg,resize(0.50)->jpeg(Q50)->jpeg(Q50),0.5,50,2
biggan_00005.png,test,biggan,1,1,0.9728350639343262,c3_resize_jpeg_jpeg,resize(0.50)->jpeg(Q50)->jpeg(Q50),0.5,50,2
wukong_00002.png,test,wukong,1,0,0.43748369812965393,c3_resize_jpeg_jpeg,resize(0.50)->jpeg(Q50)->jpeg(Q50),0.5,50,2
wukong_00055.png,test,wukong,1,0,0.03892584145069122,c3_resize_jpeg_jpeg,resize(0.50)->jpeg(Q50)->jpeg(Q50),0.5,50,2
sdv5_00016.png,test,sdv5,1,0,0.027850579470396042,c3_resize_jpeg_jpeg,resize(0.50)->jpeg(Q50)->jpeg(Q50),0.5,50,2
biggan_00065.png,test,biggan,1,0,0.015905465930700302,c3_resize_jpeg_jpeg,resize(0.50)->jpeg(Q50)->jpeg(Q50),0.5,50,2
vqdm_00019.png,test,vqdm,1,1,0.532468318939209,c3_resize_jpeg_jpeg,resize(0.50)->jpeg(Q50)->jpeg(Q50),0.5,50,2
adm_00038.png,test,adm,1,0,0.3902508318424225,c3_resize_jpeg_jpeg,resize(0.50)->jpeg(Q50)->jpeg(Q50),0.5,50,2
sdv5_00044.png,test,sdv5,1,0,0.18306726217269897,c3_resize_jpeg_jpeg,resize(0.50)->jpeg(Q50)->jpeg(Q50),0.5,50,2
midjourney_00084.png,test,midjourney,1,1,0.9999277591705322,c3_resize_jpeg_jpeg,resize(0.50)->jpeg(Q50)->jpeg(Q50),0.5,50,2
midjourney_00025.png,test,midjourney,1,0,0.10280948877334595,c3_resize_jpeg_jpeg,resize(0.50)->jpeg(Q50)->jpeg(Q50),0.5,50,2
biggan_00061.png,test,biggan,1,0,0.08187895268201828,c3_resize_jpeg_jpeg,resize(0.50)->jpeg(Q50)->jpeg(Q50),0.5,50,2
sdv5_00071.png,test,sdv5,1,1,0.9984694123268127,c3_resize_jpeg_jpeg,resize(0.50)->jpeg(Q50)->jpeg(Q50),0.5,50,2
biggan_00074.png,test,biggan,1,0,0.29477253556251526,c3_resize_jpeg_jpeg,resize(0.50)->jpeg(Q50)->jpeg(Q50),0.5,50,2
vqdm_00077.png,test,vqdm,1,0,0.4416719973087311,c3_resize_jpeg_jpeg,resize(0.50)->jpeg(Q50)->jpeg(Q50),0.5,50,2
midjourney_00001.png,test,midjourney,1,1,0.9946510195732117,c3_resize_jpeg_jpeg,resize(0.50)->jpeg(Q50)->jpeg(Q50),0.5,50,2
biggan_00069.png,test,biggan,1,0,0.005106876138597727,c3_resize_jpeg_jpeg,resize(0.50)->jpeg(Q50)->jpeg(Q50),0.5,50,2
glide_00005.png,test,glide,1,1,0.9965223073959351,c3_resize_jpeg_jpeg,resize(0.50)->jpeg(Q50)->jpeg(Q50),0.5,50,2
sdv5_00015.png,test,sdv5,1,0,0.27350571751594543,c3_resize_jpeg_jpeg,resize(0.50)->jpeg(Q50)->jpeg(Q50),0.5,50,2
vqdm_00012.png,test,vqdm,1,1,0.5119146108627319,c3_resize_jpeg_jpeg,resize(0.50)->jpeg(Q50)->jpeg(Q50),0.5,50,2
wukong_00077.png,test,wukong,1,0,0.19215963780879974,c3_resize_jpeg_jpeg,resize(0.50)->jpeg(Q50)->jpeg(Q50),0.5,50,2
midjourney_00023.png,test,midjourney,1,0,0.032839588820934296,c3_resize_jpeg_jpeg,resize(0.50)->jpeg(Q50)->jpeg(Q50),0.5,50,2
sdv5_00045.png,test,sdv5,1,0,0.13820266723632812,c3_resize_jpeg_jpeg,resize(0.50)->jpeg(Q50)->jpeg(Q50),0.5,50,2
adm_00033.png,test,adm,1,0,0.3758447766304016,c3_resize_jpeg_jpeg,resize(0.50)->jpeg(Q50)->jpeg(Q50),0.5,50,2
wukong_00083.png,test,wukong,1,0,0.24535953998565674,c3_resize_jpeg_jpeg,resize(0.50)->jpeg(Q50)->jpeg(Q50),0.5,50,2
biggan_00034.png,test,biggan,1,0,0.007115133572369814,c3_resize_jpeg_jpeg,resize(0.50)->jpeg(Q50)->jpeg(Q50),0.5,50,2
biggan_00070.png,test,biggan,1,0,0.05471786484122276,c3_resize_jpeg_jpeg,resize(0.50)->jpeg(Q50)->jpeg(Q50),0.5,50,2
biggan_00076.png,test,biggan,1,0,0.25894695520401,c3_resize_jpeg_jpeg,resize(0.50)->jpeg(Q50)->jpeg(Q50),0.5,50,2
midjourney_00067.png,test,midjourney,1,1,0.6397579908370972,c3_resize_jpeg_jpeg,resize(0.50)->jpeg(Q50)->jpeg(Q50),0.5,50,2
biggan_00062.png,test,biggan,1,1,0.936399519443512,c3_resize_jpeg_jpeg,resize(0.50)->jpeg(Q50)->jpeg(Q50),0.5,50,2
midjourney_00027.png,test,midjourney,1,1,0.9567052721977234,c3_resize_jpeg_jpeg,resize(0.50)->jpeg(Q50)->jpeg(Q50),0.5,50,2
biggan_00077.png,test,biggan,1,0,0.02781878411769867,c3_resize_jpeg_jpeg,resize(0.50)->jpeg(Q50)->jpeg(Q50),0.5,50,2
wukong_00053.png,test,wukong,1,1,0.9999948740005493,c3_resize_jpeg_jpeg,resize(0.50)->jpeg(Q50)->jpeg(Q50),0.5,50,2
sdv5_00080.png,test,sdv5,1,1,1.0,c3_resize_jpeg_jpeg,resize(0.50)->jpeg(Q50)->jpeg(Q50),0.5,50,2
glide_00035.png,test,glide,1,0,1.2482436204663827e-06,c3_resize_jpeg_jpeg,resize(0.50)->jpeg(Q50)->jpeg(Q50),0.5,50,2
adm_00022.png,test,adm,1,1,0.9346333146095276,c3_resize_jpeg_jpeg,resize(0.50)->jpeg(Q50)->jpeg(Q50),0.5,50,2
vqdm_00070.png,test,vqdm,1,0,0.001441468484699726,c3_resize_jpeg_jpeg,resize(0.50)->jpeg(Q50)->jpeg(Q50),0.5,50,2
wukong_00019.png,test,wukong,1,0,0.10836753249168396,c3_resize_jpeg_jpeg,resize(0.50)->jpeg(Q50)->jpeg(Q50),0.5,50,2
glide_00036.png,test,glide,1,0,0.003143015317618847,c3_resize_jpeg_jpeg,resize(0.50)->jpeg(Q50)->jpeg(Q50),0.5,50,2
adm_00054.png,test,adm,1,1,0.9930446743965149,c3_resize_jpeg_jpeg,resize(0.50)->jpeg(Q50)->jpeg(Q50),0.5,50,2
glide_00060.png,test,glide,1,0,0.0807623341679573,c3_resize_jpeg_jpeg,resize(0.50)->jpeg(Q50)->jpeg(Q50),0.5,50,2
adm_00061.png,test,adm,1,0,0.00039060015114955604,c3_resize_jpeg_jpeg,resize(0.50)->jpeg(Q50)->jpeg(Q50),0.5,50,2
vqdm_00028.png,test,vqdm,1,0,0.19757398962974548,c3_resize_jpeg_jpeg,resize(0.50)->jpeg(Q50)->jpeg(Q50),0.5,50,2
vqdm_00026.png,test,vqdm,1,0,0.15182903409004211,c3_resize_jpeg_jpeg,resize(0.50)->jpeg(Q50)->jpeg(Q50),0.5,50,2
vqdm_00054.png,test,vqdm,1,0,0.004350443836301565,c3_resize_jpeg_jpeg,resize(0.50)->jpeg(Q50)->jpeg(Q50),0.5,50,2
biggan_00021.png,test,biggan,1,0,0.34060415625572205,c3_resize_jpeg_jpeg,resize(0.50)->jpeg(Q50)->jpeg(Q50),0.5,50,2
vqdm_00005.png,test,vqdm,1,1,0.8189927935600281,c3_resize_jpeg_jpeg,resize(0.50)->jpeg(Q50)->jpeg(Q50),0.5,50,2
glide_00055.png,test,glide,1,0,0.10138137638568878,c3_resize_jpeg_jpeg,resize(0.50)->jpeg(Q50)->jpeg(Q50),0.5,50,2
biggan_00075.png,test,biggan,1,0,0.04407171532511711,c3_resize_jpeg_jpeg,resize(0.50)->jpeg(Q50)->jpeg(Q50),0.5,50,2
wukong_00046.png,test,wukong,1,1,1.0,c3_resize_jpeg_jpeg,resize(0.50)->jpeg(Q50)->jpeg(Q50),0.5,50,2
wukong_00084.png,test,wukong,1,1,0.6262385845184326,c3_resize_jpeg_jpeg,resize(0.50)->jpeg(Q50)->jpeg(Q50),0.5,50,2
wukong_00025.png,test,wukong,1,1,0.9169571995735168,c3_resize_jpeg_jpeg,resize(0.50)->jpeg(Q50)->jpeg(Q50),0.5,50,2
vqdm_00009.png,test,vqdm,1,1,0.9578031897544861,c3_resize_jpeg_jpeg,resize(0.50)->jpeg(Q50)->jpeg(Q50),0.5,50,2
glide_00019.png,test,glide,1,1,0.8421945571899414,c3_resize_jpeg_jpeg,resize(0.50)->jpeg(Q50)->jpeg(Q50),0.5,50,2
biggan_00040.png,test,biggan,1,1,0.7587164640426636,c3_resize_jpeg_jpeg,resize(0.50)->jpeg(Q50)->jpeg(Q50),0.5,50,2
vqdm_00007.png,test,vqdm,1,0,0.010539334267377853,c3_resize_jpeg_jpeg,resize(0.50)->jpeg(Q50)->jpeg(Q50),0.5,50,2
vqdm_00076.png,test,vqdm,1,0,0.3392336368560791,c3_resize_jpeg_jpeg,resize(0.50)->jpeg(Q50)->jpeg(Q50),0.5,50,2
glide_00066.png,test,glide,1,0,0.0003440944419708103,c3_resize_jpeg_jpeg,resize(0.50)->jpeg(Q50)->jpeg(Q50),0.5,50,2
biggan_00073.png,test,biggan,1,0,0.2008095532655716,c3_resize_jpeg_jpeg,resize(0.50)->jpeg(Q50)->jpeg(Q50),0.5,50,2
glide_00072.png,test,glide,1,1,0.8806745409965515,c3_resize_jpeg_jpeg,resize(0.50)->jpeg(Q50)->jpeg(Q50),0.5,50,2
midjourney_00038.png,test,midjourney,1,0,0.41948944330215454,c3_resize_jpeg_jpeg,resize(0.50)->jpeg(Q50)->jpeg(Q50),0.5,50,2
vqdm_00016.png,test,vqdm,1,0,0.0010389724047854543,c3_resize_jpeg_jpeg,resize(0.50)->jpeg(Q50)->jpeg(Q50),0.5,50,2
glide_00006.png,test,glide,1,1,0.7739710807800293,c3_resize_jpeg_jpeg,resize(0.50)->jpeg(Q50)->jpeg(Q50),0.5,50,2
glide_00065.png,test,glide,1,0,0.41090139746665955,c3_resize_jpeg_jpeg,resize(0.50)->jpeg(Q50)->jpeg(Q50),0.5,50,2
adm_00055.png,test,adm,1,0,0.17152051627635956,c3_resize_jpeg_jpeg,resize(0.50)->jpeg(Q50)->jpeg(Q50),0.5,50,2
midjourney_00073.png,test,midjourney,1,0,0.44961294531822205,c3_resize_jpeg_jpeg,resize(0.50)->jpeg(Q50)->jpeg(Q50),0.5,50,2
midjourney_00020.png,test,midjourney,1,1,0.9181680083274841,c3_resize_jpeg_jpeg,resize(0.50)->jpeg(Q50)->jpeg(Q50),0.5,50,2
sdv5_00012.png,test,sdv5,1,1,0.9918322563171387,c3_resize_jpeg_jpeg,resize(0.50)->jpeg(Q50)->jpeg(Q50),0.5,50,2
wukong_00028.png,test,wukong,1,0,0.23757688701152802,c3_resize_jpeg_jpeg,resize(0.50)->jpeg(Q50)->jpeg(Q50),0.5,50,2
midjourney_00056.png,test,midjourney,1,1,0.7955188751220703,c3_resize_jpeg_jpeg,resize(0.50)->jpeg(Q50)->jpeg(Q50),0.5,50,2
vqdm_00067.png,test,vqdm,1,0,0.00646822527050972,c3_resize_jpeg_jpeg,resize(0.50)->jpeg(Q50)->jpeg(Q50),0.5,50,2
adm_00037.png,test,adm,1,1,0.9744476675987244,c3_resize_jpeg_jpeg,resize(0.50)->jpeg(Q50)->jpeg(Q50),0.5,50,2
adm_00064.png,test,adm,1,0,0.2835440933704376,c3_resize_jpeg_jpeg,resize(0.50)->jpeg(Q50)->jpeg(Q50),0.5,50,2
vqdm_00084.png,test,vqdm,1,1,0.6620830297470093,c3_resize_jpeg_jpeg,resize(0.50)->jpeg(Q50)->jpeg(Q50),0.5,50,2
sdv5_00052.png,test,sdv5,1,1,0.9260836243629456,c3_resize_jpeg_jpeg,resize(0.50)->jpeg(Q50)->jpeg(Q50),0.5,50,2
biggan_00035.png,test,biggan,1,1,0.9299658536911011,c3_resize_jpeg_jpeg,resize(0.50)->jpeg(Q50)->jpeg(Q50),0.5,50,2
vqdm_00043.png,test,vqdm,1,0,0.02174714021384716,c3_resize_jpeg_jpeg,resize(0.50)->jpeg(Q50)->jpeg(Q50),0.5,50,2
adm_00028.png,test,adm,1,1,0.6448488831520081,c3_resize_jpeg_jpeg,resize(0.50)->jpeg(Q50)->jpeg(Q50),0.5,50,2
glide_00027.png,test,glide,1,0,0.42270511388778687,c3_resize_jpeg_jpeg,resize(0.50)->jpeg(Q50)->jpeg(Q50),0.5,50,2
sdv5_00042.png,test,sdv5,1,1,0.9991262555122375,c3_resize_jpeg_jpeg,resize(0.50)->jpeg(Q50)->jpeg(Q50),0.5,50,2
glide_00084.png,test,glide,1,1,0.6099874973297119,c3_resize_jpeg_jpeg,resize(0.50)->jpeg(Q50)->jpeg(Q50),0.5,50,2
sdv5_00025.png,test,sdv5,1,0,0.4081757068634033,c3_resize_jpeg_jpeg,resize(0.50)->jpeg(Q50)->jpeg(Q50),0.5,50,2
adm_00009.png,test,adm,1,0,0.022708510980010033,c3_resize_jpeg_jpeg,resize(0.50)->jpeg(Q50)->jpeg(Q50),0.5,50,2
sdv5_00031.png,test,sdv5,1,1,0.9689071178436279,c3_resize_jpeg_jpeg,resize(0.50)->jpeg(Q50)->jpeg(Q50),0.5,50,2
wukong_00000.png,test,wukong,1,1,0.6857835054397583,c3_resize_jpeg_jpeg,resize(0.50)->jpeg(Q50)->jpeg(Q50),0.5,50,2
wukong_00069.png,test,wukong,1,0,0.36115023493766785,c3_resize_jpeg_jpeg,resize(0.50)->jpeg(Q50)->jpeg(Q50),0.5,50,2
biggan_00015.png,test,biggan,1,0,0.0036738389171659946,c3_resize_jpeg_jpeg,resize(0.50)->jpeg(Q50)->jpeg(Q50),0.5,50,2
glide_00062.png,test,glide,1,1,0.980283796787262,c3_resize_jpeg_jpeg,resize(0.50)->jpeg(Q50)->jpeg(Q50),0.5,50,2
adm_00076.png,test,adm,1,0,0.1888229250907898,c3_resize_jpeg_jpeg,resize(0.50)->jpeg(Q50)->jpeg(Q50),0.5,50,2
vqdm_00015.png,test,vqdm,1,0,0.08933226764202118,c3_resize_jpeg_jpeg,resize(0.50)->jpeg(Q50)->jpeg(Q50),0.5,50,2
sdv5_00079.png,test,sdv5,1,1,0.9882670044898987,c3_resize_jpeg_jpeg,resize(0.50)->jpeg(Q50)->jpeg(Q50),0.5,50,2
glide_00083.png,test,glide,1,1,0.9961193799972534,c3_resize_jpeg_jpeg,resize(0.50)->jpeg(Q50)->jpeg(Q50),0.5,50,2
biggan_00039.png,test,biggan,1,1,0.9941346049308777,c3_resize_jpeg_jpeg,resize(0.50)->jpeg(Q50)->jpeg(Q50),0.5,50,2
adm_00080.png,test,adm,1,1,0.9999744892120361,c3_resize_jpeg_jpeg,resize(0.50)->jpeg(Q50)->jpeg(Q50),0.5,50,2
midjourney_00064.png,test,midjourney,1,1,0.9992221593856812,c3_resize_jpeg_jpeg,resize(0.50)->jpeg(Q50)->jpeg(Q50),0.5,50,2
sdv5_00070.png,test,sdv5,1,1,0.7633177042007446,c3_resize_jpeg_jpeg,resize(0.50)->jpeg(Q50)->jpeg(Q50),0.5,50,2
glide_00073.png,test,glide,1,0,0.2674376964569092,c3_resize_jpeg_jpeg,resize(0.50)->jpeg(Q50)->jpeg(Q50),0.5,50,2
vqdm_00018.png,test,vqdm,1,1,0.9739505648612976,c3_resize_jpeg_jpeg,resize(0.50)->jpeg(Q50)->jpeg(Q50),0.5,50,2
adm_00053.png,test,adm,1,1,0.6625297665596008,c3_resize_jpeg_jpeg,resize(0.50)->jpeg(Q50)->jpeg(Q50),0.5,50,2
biggan_00084.png,test,biggan,1,0,0.3075575828552246,c3_resize_jpeg_jpeg,resize(0.50)->jpeg(Q50)->jpeg(Q50),0.5,50,2
adm_00018.png,test,adm,1,0,0.019468823447823524,c3_resize_jpeg_jpeg,resize(0.50)->jpeg(Q50)->jpeg(Q50),0.5,50,2
sdv5_00018.png,test,sdv5,1,1,0.7882838845252991,c3_resize_jpeg_jpeg,resize(0.50)->jpeg(Q50)->jpeg(Q50),0.5,50,2
biggan_00020.png,test,biggan,1,0,0.03902807459235191,c3_resize_jpeg_jpeg,resize(0.50)->jpeg(Q50)->jpeg(Q50),0.5,50,2
vqdm_00066.png,test,vqdm,1,0,0.18392637372016907,c3_resize_jpeg_jpeg,resize(0.50)->jpeg(Q50)->jpeg(Q50),0.5,50,2
adm_00048.png,test,adm,1,0,0.23171250522136688,c3_resize_jpeg_jpeg,resize(0.50)->jpeg(Q50)->jpeg(Q50),0.5,50,2
glide_00077.png,test,glide,1,0,0.03955937549471855,c3_resize_jpeg_jpeg,resize(0.50)->jpeg(Q50)->jpeg(Q50),0.5,50,2
glide_00000.png,test,glide,1,0,0.018211059272289276,c3_resize_jpeg_jpeg,resize(0.50)->jpeg(Q50)->jpeg(Q50),0.5,50,2
vqdm_00033.png,test,vqdm,1,0,8.801671356195584e-06,c3_resize_jpeg_jpeg,resize(0.50)->jpeg(Q50)->jpeg(Q50),0.5,50,2
glide_00081.png,test,glide,1,1,0.7089418768882751,c3_resize_jpeg_jpeg,resize(0.50)->jpeg(Q50)->jpeg(Q50),0.5,50,2
adm_00075.png,test,adm,1,1,0.8461281657218933,c3_resize_jpeg_jpeg,resize(0.50)->jpeg(Q50)->jpeg(Q50),0.5,50,2
midjourney_00012.png,test,midjourney,1,1,0.9993575215339661,c3_resize_jpeg_jpeg,resize(0.50)->jpeg(Q50)->jpeg(Q50),0.5,50,2
glide_00028.png,test,glide,1,0,0.027902280911803246,c3_resize_jpeg_jpeg,resize(0.50)->jpeg(Q50)->jpeg(Q50),0.5,50,2
vqdm_00057.png,test,vqdm,1,1,0.9999998807907104,c3_resize_jpeg_jpeg,resize(0.50)->jpeg(Q50)->jpeg(Q50),0.5,50,2
sdv5_00068.png,test,sdv5,1,1,0.6261024475097656,c3_resize_jpeg_jpeg,resize(0.50)->jpeg(Q50)->jpeg(Q50),0.5,50,2
vqdm_00036.png,test,vqdm,1,0,0.0009691100567579269,c3_resize_jpeg_jpeg,resize(0.50)->jpeg(Q50)->jpeg(Q50),0.5,50,2
adm_00001.png,test,adm,1,1,0.9390918612480164,c3_resize_jpeg_jpeg,resize(0.50)->jpeg(Q50)->jpeg(Q50),0.5,50,2
biggan_00054.png,test,biggan,1,1,0.5596483945846558,c3_resize_jpeg_jpeg,resize(0.50)->jpeg(Q50)->jpeg(Q50),0.5,50,2
vqdm_00058.png,test,vqdm,1,1,0.9619377255439758,c3_resize_jpeg_jpeg,resize(0.50)->jpeg(Q50)->jpeg(Q50),0.5,50,2
sdv5_00035.png,test,sdv5,1,1,0.9320778250694275,c3_resize_jpeg_jpeg,resize(0.50)->jpeg(Q50)->jpeg(Q50),0.5,50,2
glide_00018.png,test,glide,1,0,0.00170336221344769,c3_resize_jpeg_jpeg,resize(0.50)->jpeg(Q50)->jpeg(Q50),0.5,50,2
adm_00008.png,test,adm,1,0,0.4512469172477722,c3_resize_jpeg_jpeg,resize(0.50)->jpeg(Q50)->jpeg(Q50),0.5,50,2
biggan_00067.png,test,biggan,1,1,0.6851866245269775,c3_resize_jpeg_jpeg,resize(0.50)->jpeg(Q50)->jpeg(Q50),0.5,50,2
glide_00004.png,test,glide,1,0,0.20048290491104126,c3_resize_jpeg_jpeg,resize(0.50)->jpeg(Q50)->jpeg(Q50),0.5,50,2
midjourney_00083.png,test,midjourney,1,1,0.94179368019104,c3_resize_jpeg_jpeg,resize(0.50)->jpeg(Q50)->jpeg(Q50),0.5,50,2
wukong_00026.png,test,wukong,1,1,0.9994833469390869,c3_resize_jpeg_jpeg,resize(0.50)->jpeg(Q50)->jpeg(Q50),0.5,50,2
sdv5_00028.png,test,sdv5,1,0,0.46496641635894775,c3_resize_jpeg_jpeg,resize(0.50)->jpeg(Q50)->jpeg(Q50),0.5,50,2
midjourney_00042.png,test,midjourney,1,1,0.9989018440246582,c3_resize_jpeg_jpeg,resize(0.50)->jpeg(Q50)->jpeg(Q50),0.5,50,2
adm_00060.png,test,adm,1,0,0.06886903941631317,c3_resize_jpeg_jpeg,resize(0.50)->jpeg(Q50)->jpeg(Q50),0.5,50,2
glide_00003.png,test,glide,1,0,0.03420165926218033,c3_resize_jpeg_jpeg,resize(0.50)->jpeg(Q50)->jpeg(Q50),0.5,50,2
glide_00025.png,test,glide,1,0,0.16314341127872467,c3_resize_jpeg_jpeg,resize(0.50)->jpeg(Q50)->jpeg(Q50),0.5,50,2
biggan_00026.png,test,biggan,1,1,0.8782414197921753,c3_resize_jpeg_jpeg,resize(0.50)->jpeg(Q50)->jpeg(Q50),0.5,50,2
adm_00077.png,test,adm,1,1,0.8515920042991638,c3_resize_jpeg_jpeg,resize(0.50)->jpeg(Q50)->jpeg(Q50),0.5,50,2
adm_00047.png,test,adm,1,0,0.2320786565542221,c3_resize_jpeg_jpeg,resize(0.50)->jpeg(Q50)->jpeg(Q50),0.5,50,2
sdv5_00033.png,test,sdv5,1,1,0.986488401889801,c3_resize_jpeg_jpeg,resize(0.50)->jpeg(Q50)->jpeg(Q50),0.5,50,2
midjourney_00032.png,test,midjourney,1,1,0.9840881824493408,c3_resize_jpeg_jpeg,resize(0.50)->jpeg(Q50)->jpeg(Q50),0.5,50,2
biggan_00064.png,test,biggan,1,0,0.00857381708920002,c3_resize_jpeg_jpeg,resize(0.50)->jpeg(Q50)->jpeg(Q50),0.5,50,2
vqdm_00074.png,test,vqdm,1,1,0.9994213581085205,c3_resize_jpeg_jpeg,resize(0.50)->jpeg(Q50)->jpeg(Q50),0.5,50,2
biggan_00038.png,test,biggan,1,1,0.9766910672187805,c3_resize_jpeg_jpeg,resize(0.50)->jpeg(Q50)->jpeg(Q50),0.5,50,2
adm_00082.png,test,adm,1,1,0.9198399186134338,c3_resize_jpeg_jpeg,resize(0.50)->jpeg(Q50)->jpeg(Q50),0.5,50,2
wukong_00007.png,test,wukong,1,0,0.09274350851774216,c3_resize_jpeg_jpeg,resize(0.50)->jpeg(Q50)->jpeg(Q50),0.5,50,2
wukong_00060.png,test,wukong,1,1,0.9983986020088196,c3_resize_jpeg_jpeg,resize(0.50)->jpeg(Q50)->jpeg(Q50),0.5,50,2
sdv5_00041.png,test,sdv5,1,0,0.498335599899292,c3_resize_jpeg_jpeg,resize(0.50)->jpeg(Q50)->jpeg(Q50),0.5,50,2
vqdm_00038.png,test,vqdm,1,1,0.9992669224739075,c3_resize_jpeg_jpeg,resize(0.50)->jpeg(Q50)->jpeg(Q50),0.5,50,2
wukong_00001.png,test,wukong,1,1,0.9916638135910034,c3_resize_jpeg_jpeg,resize(0.50)->jpeg(Q50)->jpeg(Q50),0.5,50,2
midjourney_00015.png,test,midjourney,1,1,0.9996742010116577,c3_resize_jpeg_jpeg,resize(0.50)->jpeg(Q50)->jpeg(Q50),0.5,50,2
biggan_00047.png,test,biggan,1,1,0.7917180061340332,c3_resize_jpeg_jpeg,resize(0.50)->jpeg(Q50)->jpeg(Q50),0.5,50,2
glide_00030.png,test,glide,1,0,0.0011635776609182358,c3_resize_jpeg_jpeg,resize(0.50)->jpeg(Q50)->jpeg(Q50),0.5,50,2
vqdm_00047.png,test,vqdm,1,0,0.1669965386390686,c3_resize_jpeg_jpeg,resize(0.50)->jpeg(Q50)->jpeg(Q50),0.5,50,2
sdv5_00084.png,test,sdv5,1,1,0.9982085227966309,c3_resize_jpeg_jpeg,resize(0.50)->jpeg(Q50)->jpeg(Q50),0.5,50,2
vqdm_00083.png,test,vqdm,1,0,0.18856923282146454,c3_resize_jpeg_jpeg,resize(0.50)->jpeg(Q50)->jpeg(Q50),0.5,50,2
biggan_00068.png,test,biggan,1,0,0.013673024252057076,c3_resize_jpeg_jpeg,resize(0.50)->jpeg(Q50)->jpeg(Q50),0.5,50,2
sdv5_00058.png,test,sdv5,1,1,0.9898854494094849,c3_resize_jpeg_jpeg,resize(0.50)->jpeg(Q50)->jpeg(Q50),0.5,50,2
sdv5_00006.png,test,sdv5,1,1,0.9983595013618469,c3_resize_jpeg_jpeg,resize(0.50)->jpeg(Q50)->jpeg(Q50),0.5,50,2
biggan_00044.png,test,biggan,1,0,0.03419262915849686,c3_resize_jpeg_jpeg,resize(0.50)->jpeg(Q50)->jpeg(Q50),0.5,50,2
midjourney_00003.png,test,midjourney,1,1,0.9970858693122864,c3_resize_jpeg_jpeg,resize(0.50)->jpeg(Q50)->jpeg(Q50),0.5,50,2
sdv5_00027.png,test,sdv5,1,1,0.9468142986297607,c3_resize_jpeg_jpeg,resize(0.50)->jpeg(Q50)->jpeg(Q50),0.5,50,2
biggan_00072.png,test,biggan,1,1,0.7059106230735779,c3_resize_jpeg_jpeg,resize(0.50)->jpeg(Q50)->jpeg(Q50),0.5,50,2
vqdm_00030.png,test,vqdm,1,0,0.014473737217485905,c3_resize_jpeg_jpeg,resize(0.50)->jpeg(Q50)->jpeg(Q50),0.5,50,2
vqdm_00085.png,test,vqdm,1,0,0.21670816838741302,c3_resize_jpeg_jpeg,resize(0.50)->jpeg(Q50)->jpeg(Q50),0.5,50,2
wukong_00071.png,test,wukong,1,0,0.4712597131729126,c3_resize_jpeg_jpeg,resize(0.50)->jpeg(Q50)->jpeg(Q50),0.5,50,2
adm_00062.png,test,adm,1,1,0.5048531293869019,c3_resize_jpeg_jpeg,resize(0.50)->jpeg(Q50)->jpeg(Q50),0.5,50,2
adm_00000.png,test,adm,1,1,0.5551537871360779,c3_resize_jpeg_jpeg,resize(0.50)->jpeg(Q50)->jpeg(Q50),0.5,50,2
wukong_00044.png,test,wukong,1,1,0.9888802766799927,c3_resize_jpeg_jpeg,resize(0.50)->jpeg(Q50)->jpeg(Q50),0.5,50,2
glide_00075.png,test,glide,1,0,0.018370777368545532,c3_resize_jpeg_jpeg,resize(0.50)->jpeg(Q50)->jpeg(Q50),0.5,50,2
vqdm_00040.png,test,vqdm,1,0,0.14699159562587738,c3_resize_jpeg_jpeg,resize(0.50)->jpeg(Q50)->jpeg(Q50),0.5,50,2
wukong_00082.png,test,wukong,1,1,1.0,c3_resize_jpeg_jpeg,resize(0.50)->jpeg(Q50)->jpeg(Q50),0.5,50,2
midjourney_00019.png,test,midjourney,1,1,0.9972273707389832,c3_resize_jpeg_jpeg,resize(0.50)->jpeg(Q50)->jpeg(Q50),0.5,50,2
adm_00065.png,test,adm,1,0,0.2611101269721985,c3_resize_jpeg_jpeg,resize(0.50)->jpeg(Q50)->jpeg(Q50),0.5,50,2
midjourney_00022.png,test,midjourney,1,1,0.7029685974121094,c3_resize_jpeg_jpeg,resize(0.50)->jpeg(Q50)->jpeg(Q50),0.5,50,2
midjourney_00052.png,test,midjourney,1,0,0.001583504257723689,c3_resize_jpeg_jpeg,resize(0.50)->jpeg(Q50)->jpeg(Q50),0.5,50,2
adm_00046.png,test,adm,1,1,0.9575278162956238,c3_resize_jpeg_jpeg,resize(0.50)->jpeg(Q50)->jpeg(Q50),0.5,50,2
wukong_00048.png,test,wukong,1,1,0.780534565448761,c3_resize_jpeg_jpeg,resize(0.50)->jpeg(Q50)->jpeg(Q50),0.5,50,2
vqdm_00045.png,test,vqdm,1,1,0.8546149134635925,c3_resize_jpeg_jpeg,resize(0.50)->jpeg(Q50)->jpeg(Q50),0.5,50,2
biggan_00036.png,test,biggan,1,0,9.588071407051757e-06,c3_resize_jpeg_jpeg,resize(0.50)->jpeg(Q50)->jpeg(Q50),0.5,50,2
sdv5_00038.png,test,sdv5,1,1,0.8003227114677429,c3_resize_jpeg_jpeg,resize(0.50)->jpeg(Q50)->jpeg(Q50),0.5,50,2
vqdm_00050.png,test,vqdm,1,0,0.009942058473825455,c3_resize_jpeg_jpeg,resize(0.50)->jpeg(Q50)->jpeg(Q50),0.5,50,2
biggan_00041.png,test,biggan,1,0,0.4590403437614441,c3_resize_jpeg_jpeg,resize(0.50)->jpeg(Q50)->jpeg(Q50),0.5,50,2
vqdm_00051.png,test,vqdm,1,0,0.047254204750061035,c3_resize_jpeg_jpeg,resize(0.50)->jpeg(Q50)->jpeg(Q50),0.5,50,2
glide_00054.png,test,glide,1,0,0.0743003785610199,c3_resize_jpeg_jpeg,resize(0.50)->jpeg(Q50)->jpeg(Q50),0.5,50,2
sdv5_00062.png,test,sdv5,1,1,0.5650239586830139,c3_resize_jpeg_jpeg,resize(0.50)->jpeg(Q50)->jpeg(Q50),0.5,50,2
sdv5_00060.png,test,sdv5,1,1,0.9837571978569031,c3_resize_jpeg_jpeg,resize(0.50)->jpeg(Q50)->jpeg(Q50),0.5,50,2
glide_00079.png,test,glide,1,0,0.36989739537239075,c3_resize_jpeg_jpeg,resize(0.50)->jpeg(Q50)->jpeg(Q50),0.5,50,2
midjourney_00004.png,test,midjourney,1,1,0.7365089058876038,c3_resize_jpeg_jpeg,resize(0.50)->jpeg(Q50)->jpeg(Q50),0.5,50,2
wukong_00040.png,test,wukong,1,0,0.3358718156814575,c3_resize_jpeg_jpeg,resize(0.50)->jpeg(Q50)->jpeg(Q50),0.5,50,2
biggan_00060.png,test,biggan,1,1,0.6932840347290039,c3_resize_jpeg_jpeg,resize(0.50)->jpeg(Q50)->jpeg(Q50),0.5,50,2
wukong_00049.png,test,wukong,1,1,0.7178270220756531,c3_resize_jpeg_jpeg,resize(0.50)->jpeg(Q50)->jpeg(Q50),0.5,50,2
wukong_00035.png,test,wukong,1,1,0.9650960564613342,c3_resize_jpeg_jpeg,resize(0.50)->jpeg(Q50)->jpeg(Q50),0.5,50,2
adm_00010.png,test,adm,1,1,0.8949432373046875,c3_resize_jpeg_jpeg,resize(0.50)->jpeg(Q50)->jpeg(Q50),0.5,50,2
sdv5_00064.png,test,sdv5,1,0,0.3213079571723938,c3_resize_jpeg_jpeg,resize(0.50)->jpeg(Q50)->jpeg(Q50),0.5,50,2
adm_00059.png,test,adm,1,1,0.980330765247345,c3_resize_jpeg_jpeg,resize(0.50)->jpeg(Q50)->jpeg(Q50),0.5,50,2
midjourney_00048.png,test,midjourney,1,0,0.1136346086859703,c3_resize_jpeg_jpeg,resize(0.50)->jpeg(Q50)->jpeg(Q50),0.5,50,2
midjourney_00016.png,test,midjourney,1,1,0.7637706995010376,c3_resize_jpeg_jpeg,resize(0.50)->jpeg(Q50)->jpeg(Q50),0.5,50,2
biggan_00007.png,test,biggan,1,0,0.19082042574882507,c3_resize_jpeg_jpeg,resize(0.50)->jpeg(Q50)->jpeg(Q50),0.5,50,2
glide_00067.png,test,glide,1,0,0.34858566522598267,c3_resize_jpeg_jpeg,resize(0.50)->jpeg(Q50)->jpeg(Q50),0.5,50,2
glide_00046.png,test,glide,1,1,0.76082843542099,c3_resize_jpeg_jpeg,resize(0.50)->jpeg(Q50)->jpeg(Q50),0.5,50,2
vqdm_00053.png,test,vqdm,1,0,0.060382578521966934,c3_resize_jpeg_jpeg,resize(0.50)->jpeg(Q50)->jpeg(Q50),0.5,50,2
adm_00071.png,test,adm,1,1,0.9967705011367798,c3_resize_jpeg_jpeg,resize(0.50)->jpeg(Q50)->jpeg(Q50),0.5,50,2
glide_00022.png,test,glide,1,1,0.7639974355697632,c3_resize_jpeg_jpeg,resize(0.50)->jpeg(Q50)->jpeg(Q50),0.5,50,2
sdv5_00082.png,test,sdv5,1,1,0.9578432440757751,c3_resize_jpeg_jpeg,resize(0.50)->jpeg(Q50)->jpeg(Q50),0.5,50,2
vqdm_00003.png,test,vqdm,1,0,0.3251950442790985,c3_resize_jpeg_jpeg,resize(0.50)->jpeg(Q50)->jpeg(Q50),0.5,50,2
midjourney_00035.png,test,midjourney,1,1,0.5288564562797546,c3_resize_jpeg_jpeg,resize(0.50)->jpeg(Q50)->jpeg(Q50),0.5,50,2
glide_00031.png,test,glide,1,1,0.9998180270195007,c3_resize_jpeg_jpeg,resize(0.50)->jpeg(Q50)->jpeg(Q50),0.5,50,2
vqdm_00063.png,test,vqdm,1,0,0.3359769880771637,c3_resize_jpeg_jpeg,resize(0.50)->jpeg(Q50)->jpeg(Q50),0.5,50,2
wukong_00016.png,test,wukong,1,0,0.08489908277988434,c3_resize_jpeg_jpeg,resize(0.50)->jpeg(Q50)->jpeg(Q50),0.5,50,2
wukong_00054.png,test,wukong,1,1,0.9201107025146484,c3_resize_jpeg_jpeg,resize(0.50)->jpeg(Q50)->jpeg(Q50),0.5,50,2
biggan_00002.png,test,biggan,1,1,0.8543071746826172,c3_resize_jpeg_jpeg,resize(0.50)->jpeg(Q50)->jpeg(Q50),0.5,50,2
adm_00049.png,test,adm,1,1,0.951655387878418,c3_resize_jpeg_jpeg,resize(0.50)->jpeg(Q50)->jpeg(Q50),0.5,50,2
sdv5_00002.png,test,sdv5,1,1,0.9540900588035583,c3_resize_jpeg_jpeg,resize(0.50)->jpeg(Q50)->jpeg(Q50),0.5,50,2
biggan_00025.png,test,biggan,1,0,0.1331874281167984,c3_resize_jpeg_jpeg,resize(0.50)->jpeg(Q50)->jpeg(Q50),0.5,50,2
biggan_00071.png,test,biggan,1,0,0.2656029760837555,c3_resize_jpeg_jpeg,resize(0.50)->jpeg(Q50)->jpeg(Q50),0.5,50,2
biggan_00051.png,test,biggan,1,0,0.18438920378684998,c3_resize_jpeg_jpeg,resize(0.50)->jpeg(Q50)->jpeg(Q50),0.5,50,2
wukong_00081.png,test,wukong,1,1,0.699550449848175,c3_resize_jpeg_jpeg,resize(0.50)->jpeg(Q50)->jpeg(Q50),0.5,50,2
sdv5_00022.png,test,sdv5,1,0,0.17505361139774323,c3_resize_jpeg_jpeg,resize(0.50)->jpeg(Q50)->jpeg(Q50),0.5,50,2
