example_id,filename,split,generator,true_label,model,condition,pipeline,ai_prob,pred_label
data\splits\genimage_8000_split_v4\test\real\real_00486.jpeg,real_00486.jpeg,test,real,0,baseline,clean,none,4.8520287236897275e-06,0
data\splits\genimage_8000_split_v4\test\real\real_00382.jpeg,real_00382.jpeg,test,real,0,baseline,clean,none,2.2681410882796627e-06,0
data\splits\genimage_8000_split_v4\test\real\real_00117.jpeg,real_00117.jpeg,test,real,0,baseline,clean,none,0.01613054797053337,0
data\splits\genimage_8000_split_v4\test\real\real_00354.jpeg,real_00354.jpeg,test,real,0,baseline,clean,none,2.897909098464879e-06,0
data\splits\genimage_8000_split_v4\test\real\real_00076.jpeg,real_00076.jpeg,test,real,0,baseline,clean,none,0.0032622527796775103,0
data\splits\genimage_8000_split_v4\test\real\real_00395.jpeg,real_00395.jpeg,test,real,0,baseline,clean,none,1.0483491678314749e-05,0
data\splits\genimage_8000_split_v4\test\real\real_00348.jpeg,real_00348.jpeg,test,real,0,baseline,clean,none,0.40026527643203735,0
data\splits\genimage_8000_split_v4\test\real\real_00307.jpeg,real_00307.jpeg,test,real,0,baseline,clean,none,0.00011307554814266041,0
data\splits\genimage_8000_split_v4\test\real\real_00438.jpeg,real_00438.jpeg,test,real,0,baseline,clean,none,3.29099481000128e-09,0
data\splits\genimage_8000_split_v4\test\real\real_00393.jpeg,real_00393.jpeg,test,real,0,baseline,clean,none,0.0010418527526780963,0
data\splits\genimage_8000_split_v4\test\real\real_00566.jpeg,real_00566.jpeg,test,real,0,baseline,clean,none,0.000142701028380543,0
data\splits\genimage_8000_split_v4\test\real\real_00055.jpeg,real_00055.jpeg,test,real,0,baseline,clean,none,0.11507343500852585,0
data\splits\genimage_8000_split_v4\test\real\real_00416.jpeg,real_00416.jpeg,test,real,0,baseline,clean,none,0.0009264262625947595,0
data\splits\genimage_8000_split_v4\test\real\real_00304.jpeg,real_00304.jpeg,test,real,0,baseline,clean,none,1.1957493883940629e-09,0
data\splits\genimage_8000_split_v4\test\real\real_00135.jpeg,real_00135.jpeg,test,real,0,baseline,clean,none,0.28308138251304626,0
data\splits\genimage_8000_split_v4\test\real\real_00387.jpeg,real_00387.jpeg,test,real,0,baseline,clean,none,2.6960973453782344e-09,0
data\splits\genimage_8000_split_v4\test\real\real_00040.jpeg,real_00040.jpeg,test,real,0,baseline,clean,none,2.1362688130466267e-05,0
data\splits\genimage_8000_split_v4\test\real\real_00563.jpeg,real_00563.jpeg,test,real,0,baseline,clean,none,0.0021208026446402073,0
data\splits\genimage_8000_split_v4\test\real\real_00457.jpeg,real_00457.jpeg,test,real,0,baseline,clean,none,0.27199462056159973,0
data\splits\genimage_8000_split_v4\test\real\real_00561.jpeg,real_00561.jpeg,test,real,0,baseline,clean,none,1.0695091077650432e-05,0
data\splits\genimage_8000_split_v4\test\real\real_00288.jpeg,real_00288.jpeg,test,real,0,baseline,clean,none,0.24048905074596405,0
data\splits\genimage_8000_split_v4\test\real\real_00271.jpeg,real_00271.jpeg,test,real,0,baseline,clean,none,0.010981664061546326,0
data\splits\genimage_8000_split_v4\test\real\real_00185.jpeg,real_00185.jpeg,test,real,0,baseline,clean,none,0.09169576317071915,0
data\splits\genimage_8000_split_v4\test\real\real_00216.jpeg,real_00216.jpeg,test,real,0,baseline,clean,none,0.00102913414593786,0
data\splits\genimage_8000_split_v4\test\real\real_00180.jpeg,real_00180.jpeg,test,real,0,baseline,clean,none,0.7446795105934143,1
data\splits\genimage_8000_split_v4\test\real\real_00189.jpeg,real_00189.jpeg,test,real,0,baseline,clean,none,0.07495918869972229,0
data\splits\genimage_8000_split_v4\test\real\real_00396.jpeg,real_00396.jpeg,test,real,0,baseline,clean,none,0.008015390485525131,0
data\splits\genimage_8000_split_v4\test\real\real_00131.jpeg,real_00131.jpeg,test,real,0,baseline,clean,none,0.00032014932367019355,0
data\splits\genimage_8000_split_v4\test\real\real_00557.jpeg,real_00557.jpeg,test,real,0,baseline,clean,none,0.0028484531212598085,0
data\splits\genimage_8000_split_v4\test\real\real_00266.jpeg,real_00266.jpeg,test,real,0,baseline,clean,none,9.913799914329502e-08,0
data\splits\genimage_8000_split_v4\test\real\real_00207.jpeg,real_00207.jpeg,test,real,0,baseline,clean,none,3.0364109989022836e-05,0
data\splits\genimage_8000_split_v4\test\real\real_00141.jpeg,real_00141.jpeg,test,real,0,baseline,clean,none,0.9617990255355835,1
data\splits\genimage_8000_split_v4\test\real\real_00407.jpeg,real_00407.jpeg,test,real,0,baseline,clean,none,0.9998760223388672,1
data\splits\genimage_8000_split_v4\test\real\real_00026.jpeg,real_00026.jpeg,test,real,0,baseline,clean,none,0.19499234855175018,0
data\splits\genimage_8000_split_v4\test\real\real_00046.jpeg,real_00046.jpeg,test,real,0,baseline,clean,none,0.0017167478799819946,0
data\splits\genimage_8000_split_v4\test\real\real_00585.jpeg,real_00585.jpeg,test,real,0,baseline,clean,none,0.0005882573896087706,0
data\splits\genimage_8000_split_v4\test\real\real_00206.jpeg,real_00206.jpeg,test,real,0,baseline,clean,none,0.977711021900177,1
data\splits\genimage_8000_split_v4\test\real\real_00297.jpeg,real_00297.jpeg,test,real,0,baseline,clean,none,0.0012491584056988358,0
data\splits\genimage_8000_split_v4\test\real\real_00401.jpeg,real_00401.jpeg,test,real,0,baseline,clean,none,3.18562779284548e-05,0
data\splits\genimage_8000_split_v4\test\real\real_00339.jpeg,real_00339.jpeg,test,real,0,baseline,clean,none,0.00426094327121973,0
data\splits\genimage_8000_split_v4\test\real\real_00403.jpeg,real_00403.jpeg,test,real,0,baseline,clean,none,0.8010417222976685,1
data\splits\genimage_8000_split_v4\test\real\real_00344.jpeg,real_00344.jpeg,test,real,0,baseline,clean,none,0.0012767501175403595,0
data\splits\genimage_8000_split_v4\test\real\real_00560.jpeg,real_00560.jpeg,test,real,0,baseline,clean,none,0.03302033990621567,0
data\splits\genimage_8000_split_v4\test\real\real_00553.jpeg,real_00553.jpeg,test,real,0,baseline,clean,none,0.01314416155219078,0
data\splits\genimage_8000_split_v4\test\real\real_00598.jpeg,real_00598.jpeg,test,real,0,baseline,clean,none,0.00034340962884016335,0
data\splits\genimage_8000_split_v4\test\real\real_00497.jpeg,real_00497.jpeg,test,real,0,baseline,clean,none,0.0644509345293045,0
data\splits\genimage_8000_split_v4\test\real\real_00253.jpeg,real_00253.jpeg,test,real,0,baseline,clean,none,2.502291180251498e-13,0
data\splits\genimage_8000_split_v4\test\real\real_00577.jpeg,real_00577.jpeg,test,real,0,baseline,clean,none,1.339647042186698e-07,0
data\splits\genimage_8000_split_v4\test\real\real_00394.jpeg,real_00394.jpeg,test,real,0,baseline,clean,none,0.0034135491587221622,0
data\splits\genimage_8000_split_v4\test\real\real_00445.jpeg,real_00445.jpeg,test,real,0,baseline,clean,none,0.24803735315799713,0
data\splits\genimage_8000_split_v4\test\real\real_00050.jpeg,real_00050.jpeg,test,real,0,baseline,clean,none,0.06384836882352829,0
data\splits\genimage_8000_split_v4\test\real\real_00269.jpeg,real_00269.jpeg,test,real,0,baseline,clean,none,4.898290353594348e-05,0
data\splits\genimage_8000_split_v4\test\real\real_00151.jpeg,real_00151.jpeg,test,real,0,baseline,clean,none,0.9067183136940002,1
data\splits\genimage_8000_split_v4\test\real\real_00190.jpeg,real_00190.jpeg,test,real,0,baseline,clean,none,1.5522907403919817e-07,0
data\splits\genimage_8000_split_v4\test\real\real_00250.jpeg,real_00250.jpeg,test,real,0,baseline,clean,none,0.006123346742242575,0
data\splits\genimage_8000_split_v4\test\real\real_00257.jpeg,real_00257.jpeg,test,real,0,baseline,clean,none,0.01912732608616352,0
data\splits\genimage_8000_split_v4\test\real\real_00008.jpeg,real_00008.jpeg,test,real,0,baseline,clean,none,7.843605089874472e-06,0
data\splits\genimage_8000_split_v4\test\real\real_00398.jpeg,real_00398.jpeg,test,real,0,baseline,clean,none,0.14975866675376892,0
data\splits\genimage_8000_split_v4\test\real\real_00322.jpeg,real_00322.jpeg,test,real,0,baseline,clean,none,0.0017663638573139906,0
data\splits\genimage_8000_split_v4\test\real\real_00230.jpeg,real_00230.jpeg,test,real,0,baseline,clean,none,0.34259840846061707,0
data\splits\genimage_8000_split_v4\test\real\real_00219.jpeg,real_00219.jpeg,test,real,0,baseline,clean,none,0.007566995918750763,0
data\splits\genimage_8000_split_v4\test\real\real_00550.jpeg,real_00550.jpeg,test,real,0,baseline,clean,none,0.00828379113227129,0
data\splits\genimage_8000_split_v4\test\real\real_00528.jpeg,real_00528.jpeg,test,real,0,baseline,clean,none,0.0002799215435516089,0
data\splits\genimage_8000_split_v4\test\real\real_00039.jpeg,real_00039.jpeg,test,real,0,baseline,clean,none,0.013438759371638298,0
data\splits\genimage_8000_split_v4\test\real\real_00274.jpeg,real_00274.jpeg,test,real,0,baseline,clean,none,0.5651842951774597,1
data\splits\genimage_8000_split_v4\test\real\real_00414.jpeg,real_00414.jpeg,test,real,0,baseline,clean,none,0.19399197399616241,0
data\splits\genimage_8000_split_v4\test\real\real_00038.jpeg,real_00038.jpeg,test,real,0,baseline,clean,none,0.025880543515086174,0
data\splits\genimage_8000_split_v4\test\real\real_00434.jpeg,real_00434.jpeg,test,real,0,baseline,clean,none,0.028431104496121407,0
data\splits\genimage_8000_split_v4\test\real\real_00279.jpeg,real_00279.jpeg,test,real,0,baseline,clean,none,0.0028967889957129955,0
data\splits\genimage_8000_split_v4\test\real\real_00077.jpeg,real_00077.jpeg,test,real,0,baseline,clean,none,0.09160711616277695,0
data\splits\genimage_8000_split_v4\test\real\real_00312.jpeg,real_00312.jpeg,test,real,0,baseline,clean,none,0.19390563666820526,0
data\splits\genimage_8000_split_v4\test\real\real_00482.jpeg,real_00482.jpeg,test,real,0,baseline,clean,none,0.003594251349568367,0
data\splits\genimage_8000_split_v4\test\real\real_00178.jpeg,real_00178.jpeg,test,real,0,baseline,clean,none,0.39102301001548767,0
data\splits\genimage_8000_split_v4\test\real\real_00535.jpeg,real_00535.jpeg,test,real,0,baseline,clean,none,0.09985512495040894,0
data\splits\genimage_8000_split_v4\test\real\real_00345.jpeg,real_00345.jpeg,test,real,0,baseline,clean,none,0.0019260342232882977,0
data\splits\genimage_8000_split_v4\test\real\real_00019.jpeg,real_00019.jpeg,test,real,0,baseline,clean,none,0.0005098758265376091,0
data\splits\genimage_8000_split_v4\test\real\real_00143.jpeg,real_00143.jpeg,test,real,0,baseline,clean,none,0.00028924967045895755,0
data\splits\genimage_8000_split_v4\test\real\real_00496.jpeg,real_00496.jpeg,test,real,0,baseline,clean,none,0.02350708097219467,0
data\splits\genimage_8000_split_v4\test\real\real_00522.jpeg,real_00522.jpeg,test,real,0,baseline,clean,none,5.245300179444745e-13,0
data\splits\genimage_8000_split_v4\test\real\real_00451.jpeg,real_00451.jpeg,test,real,0,baseline,clean,none,4.9232789933739696e-06,0
data\splits\genimage_8000_split_v4\test\real\real_00371.jpeg,real_00371.jpeg,test,real,0,baseline,clean,none,1.0495617061678786e-05,0
data\splits\genimage_8000_split_v4\test\real\real_00060.jpeg,real_00060.jpeg,test,real,0,baseline,clean,none,0.577775239944458,1
data\splits\genimage_8000_split_v4\test\real\real_00410.jpeg,real_00410.jpeg,test,real,0,baseline,clean,none,0.24620573222637177,0
data\splits\genimage_8000_split_v4\test\real\real_00248.jpeg,real_00248.jpeg,test,real,0,baseline,clean,none,0.6184008121490479,1
data\splits\genimage_8000_split_v4\test\real\real_00043.jpeg,real_00043.jpeg,test,real,0,baseline,clean,none,0.898965060710907,1
data\splits\genimage_8000_split_v4\test\real\real_00104.jpeg,real_00104.jpeg,test,real,0,baseline,clean,none,0.0001023784134304151,0
data\splits\genimage_8000_split_v4\test\real\real_00238.jpeg,real_00238.jpeg,test,real,0,baseline,clean,none,0.00022808961512055248,0
data\splits\genimage_8000_split_v4\test\real\real_00251.jpeg,real_00251.jpeg,test,real,0,baseline,clean,none,0.00047648046165704727,0
data\splits\genimage_8000_split_v4\test\real\real_00017.jpeg,real_00017.jpeg,test,real,0,baseline,clean,none,5.172091914573684e-05,0
data\splits\genimage_8000_split_v4\test\real\real_00500.jpeg,real_00500.jpeg,test,real,0,baseline,clean,none,0.0047601694241166115,0
data\splits\genimage_8000_split_v4\test\real\real_00056.jpeg,real_00056.jpeg,test,real,0,baseline,clean,none,0.0038507990539073944,0
data\splits\genimage_8000_split_v4\test\real\real_00227.jpeg,real_00227.jpeg,test,real,0,baseline,clean,none,0.0009589141700416803,0
data\splits\genimage_8000_split_v4\test\real\real_00347.jpeg,real_00347.jpeg,test,real,0,baseline,clean,none,3.29693449430124e-07,0
data\splits\genimage_8000_split_v4\test\real\real_00176.jpeg,real_00176.jpeg,test,real,0,baseline,clean,none,0.5747901201248169,1
data\splits\genimage_8000_split_v4\test\real\real_00085.jpeg,real_00085.jpeg,test,real,0,baseline,clean,none,4.191965126665309e-05,0
data\splits\genimage_8000_split_v4\test\real\real_00586.jpeg,real_00586.jpeg,test,real,0,baseline,clean,none,4.578585048875539e-06,0
data\splits\genimage_8000_split_v4\test\real\real_00193.jpeg,real_00193.jpeg,test,real,0,baseline,clean,none,6.74770271871239e-05,0
data\splits\genimage_8000_split_v4\test\real\real_00018.jpeg,real_00018.jpeg,test,real,0,baseline,clean,none,0.9847474694252014,1
data\splits\genimage_8000_split_v4\test\real\real_00342.jpeg,real_00342.jpeg,test,real,0,baseline,clean,none,0.03321094810962677,0
data\splits\genimage_8000_split_v4\test\real\real_00359.jpeg,real_00359.jpeg,test,real,0,baseline,clean,none,0.977895200252533,1
data\splits\genimage_8000_split_v4\test\real\real_00163.jpeg,real_00163.jpeg,test,real,0,baseline,clean,none,0.45718100666999817,0
data\splits\genimage_8000_split_v4\test\real\real_00527.jpeg,real_00527.jpeg,test,real,0,baseline,clean,none,0.00010531963926041499,0
data\splits\genimage_8000_split_v4\test\real\real_00444.jpeg,real_00444.jpeg,test,real,0,baseline,clean,none,0.0005800933577120304,0
data\splits\genimage_8000_split_v4\test\real\real_00440.jpeg,real_00440.jpeg,test,real,0,baseline,clean,none,0.014482944272458553,0
data\splits\genimage_8000_split_v4\test\real\real_00096.jpeg,real_00096.jpeg,test,real,0,baseline,clean,none,0.27352187037467957,0
data\splits\genimage_8000_split_v4\test\real\real_00165.jpeg,real_00165.jpeg,test,real,0,baseline,clean,none,0.0843668282032013,0
data\splits\genimage_8000_split_v4\test\real\real_00576.jpeg,real_00576.jpeg,test,real,0,baseline,clean,none,0.9787413477897644,1
data\splits\genimage_8000_split_v4\test\real\real_00375.jpeg,real_00375.jpeg,test,real,0,baseline,clean,none,0.0025277931708842516,0
data\splits\genimage_8000_split_v4\test\real\real_00300.jpeg,real_00300.jpeg,test,real,0,baseline,clean,none,0.0001536438358016312,0
data\splits\genimage_8000_split_v4\test\real\real_00503.jpeg,real_00503.jpeg,test,real,0,baseline,clean,none,0.35134008526802063,0
data\splits\genimage_8000_split_v4\test\real\real_00499.jpeg,real_00499.jpeg,test,real,0,baseline,clean,none,0.008066832087934017,0
data\splits\genimage_8000_split_v4\test\real\real_00283.jpeg,real_00283.jpeg,test,real,0,baseline,clean,none,9.516174372947717e-07,0
data\splits\genimage_8000_split_v4\test\real\real_00160.jpeg,real_00160.jpeg,test,real,0,baseline,clean,none,0.6864017844200134,1
data\splits\genimage_8000_split_v4\test\real\real_00260.jpeg,real_00260.jpeg,test,real,0,baseline,clean,none,0.017883427441120148,0
data\splits\genimage_8000_split_v4\test\real\real_00208.jpeg,real_00208.jpeg,test,real,0,baseline,clean,none,2.6008217801631872e-08,0
data\splits\genimage_8000_split_v4\test\real\real_00262.jpeg,real_00262.jpeg,test,real,0,baseline,clean,none,0.013524206355214119,0
data\splits\genimage_8000_split_v4\test\real\real_00213.jpeg,real_00213.jpeg,test,real,0,baseline,clean,none,0.17966772615909576,0
data\splits\genimage_8000_split_v4\test\real\real_00476.jpeg,real_00476.jpeg,test,real,0,baseline,clean,none,2.0143233996350318e-05,0
data\splits\genimage_8000_split_v4\test\real\real_00092.jpeg,real_00092.jpeg,test,real,0,baseline,clean,none,0.6847933530807495,1
data\splits\genimage_8000_split_v4\test\real\real_00324.jpeg,real_00324.jpeg,test,real,0,baseline,clean,none,0.7781888246536255,1
data\splits\genimage_8000_split_v4\test\real\real_00425.jpeg,real_00425.jpeg,test,real,0,baseline,clean,none,0.7108865976333618,1
data\splits\genimage_8000_split_v4\test\real\real_00559.jpeg,real_00559.jpeg,test,real,0,baseline,clean,none,5.746326223743381e-06,0
data\splits\genimage_8000_split_v4\test\real\real_00015.jpeg,real_00015.jpeg,test,real,0,baseline,clean,none,7.08577658770082e-08,0
data\splits\genimage_8000_split_v4\test\real\real_00562.jpeg,real_00562.jpeg,test,real,0,baseline,clean,none,0.011805658228695393,0
data\splits\genimage_8000_split_v4\test\real\real_00514.jpeg,real_00514.jpeg,test,real,0,baseline,clean,none,2.2015062570244354e-13,0
data\splits\genimage_8000_split_v4\test\real\real_00580.jpeg,real_00580.jpeg,test,real,0,baseline,clean,none,6.986563676036894e-05,0
data\splits\genimage_8000_split_v4\test\real\real_00202.jpeg,real_00202.jpeg,test,real,0,baseline,clean,none,0.009506138041615486,0
data\splits\genimage_8000_split_v4\test\real\real_00402.jpeg,real_00402.jpeg,test,real,0,baseline,clean,none,9.570648273893312e-08,0
data\splits\genimage_8000_split_v4\test\real\real_00057.jpeg,real_00057.jpeg,test,real,0,baseline,clean,none,9.335202776128426e-06,0
data\splits\genimage_8000_split_v4\test\real\real_00007.jpeg,real_00007.jpeg,test,real,0,baseline,clean,none,0.12425186485052109,0
data\splits\genimage_8000_split_v4\test\real\real_00388.jpeg,real_00388.jpeg,test,real,0,baseline,clean,none,0.37695154547691345,0
data\splits\genimage_8000_split_v4\test\real\real_00016.jpeg,real_00016.jpeg,test,real,0,baseline,clean,none,4.4202561610973135e-09,0
data\splits\genimage_8000_split_v4\test\real\real_00506.jpeg,real_00506.jpeg,test,real,0,baseline,clean,none,0.11494755744934082,0
data\splits\genimage_8000_split_v4\test\real\real_00028.jpeg,real_00028.jpeg,test,real,0,baseline,clean,none,0.002463857876136899,0
data\splits\genimage_8000_split_v4\test\real\real_00572.jpeg,real_00572.jpeg,test,real,0,baseline,clean,none,0.5448701977729797,1
data\splits\genimage_8000_split_v4\test\real\real_00381.jpeg,real_00381.jpeg,test,real,0,baseline,clean,none,0.029633747413754463,0
data\splits\genimage_8000_split_v4\test\real\real_00268.jpeg,real_00268.jpeg,test,real,0,baseline,clean,none,0.030888352543115616,0
data\splits\genimage_8000_split_v4\test\real\real_00512.jpeg,real_00512.jpeg,test,real,0,baseline,clean,none,0.058889538049697876,0
data\splits\genimage_8000_split_v4\test\real\real_00006.jpeg,real_00006.jpeg,test,real,0,baseline,clean,none,0.9834011197090149,1
data\splits\genimage_8000_split_v4\test\real\real_00289.jpeg,real_00289.jpeg,test,real,0,baseline,clean,none,0.034994617104530334,0
data\splits\genimage_8000_split_v4\test\real\real_00519.jpeg,real_00519.jpeg,test,real,0,baseline,clean,none,0.00029004772659391165,0
data\splits\genimage_8000_split_v4\test\real\real_00252.jpeg,real_00252.jpeg,test,real,0,baseline,clean,none,2.6581735710351495e-06,0
data\splits\genimage_8000_split_v4\test\real\real_00211.jpeg,real_00211.jpeg,test,real,0,baseline,clean,none,2.3765676814946346e-05,0
data\splits\genimage_8000_split_v4\test\real\real_00147.jpeg,real_00147.jpeg,test,real,0,baseline,clean,none,0.026762990280985832,0
data\splits\genimage_8000_split_v4\test\real\real_00181.jpeg,real_00181.jpeg,test,real,0,baseline,clean,none,0.9869791269302368,1
data\splits\genimage_8000_split_v4\test\real\real_00458.jpeg,real_00458.jpeg,test,real,0,baseline,clean,none,0.0003525672946125269,0
data\splits\genimage_8000_split_v4\test\real\real_00329.jpeg,real_00329.jpeg,test,real,0,baseline,clean,none,3.092091219514259e-06,0
data\splits\genimage_8000_split_v4\test\real\real_00545.jpeg,real_00545.jpeg,test,real,0,baseline,clean,none,0.0162335317581892,0
data\splits\genimage_8000_split_v4\test\real\real_00568.jpeg,real_00568.jpeg,test,real,0,baseline,clean,none,0.014904193580150604,0
data\splits\genimage_8000_split_v4\test\real\real_00031.jpeg,real_00031.jpeg,test,real,0,baseline,clean,none,0.002875558566302061,0
data\splits\genimage_8000_split_v4\test\real\real_00171.jpeg,real_00171.jpeg,test,real,0,baseline,clean,none,8.255109605670441e-06,0
data\splits\genimage_8000_split_v4\test\real\real_00320.jpeg,real_00320.jpeg,test,real,0,baseline,clean,none,8.939493272919208e-05,0
data\splits\genimage_8000_split_v4\test\real\real_00083.jpeg,real_00083.jpeg,test,real,0,baseline,clean,none,0.0017966852756217122,0
data\splits\genimage_8000_split_v4\test\real\real_00012.jpeg,real_00012.jpeg,test,real,0,baseline,clean,none,0.7418694496154785,1
data\splits\genimage_8000_split_v4\test\real\real_00357.jpeg,real_00357.jpeg,test,real,0,baseline,clean,none,0.010954058729112148,0
data\splits\genimage_8000_split_v4\test\real\real_00346.jpeg,real_00346.jpeg,test,real,0,baseline,clean,none,0.0041647981852293015,0
data\splits\genimage_8000_split_v4\test\real\real_00450.jpeg,real_00450.jpeg,test,real,0,baseline,clean,none,0.47520166635513306,0
data\splits\genimage_8000_split_v4\test\real\real_00356.jpeg,real_00356.jpeg,test,real,0,baseline,clean,none,0.0680345669388771,0
data\splits\genimage_8000_split_v4\test\real\real_00594.jpeg,real_00594.jpeg,test,real,0,baseline,clean,none,0.003830945584923029,0
data\splits\genimage_8000_split_v4\test\real\real_00048.jpeg,real_00048.jpeg,test,real,0,baseline,clean,none,0.1908537745475769,0
data\splits\genimage_8000_split_v4\test\real\real_00158.jpeg,real_00158.jpeg,test,real,0,baseline,clean,none,2.090466114168521e-05,0
data\splits\genimage_8000_split_v4\test\real\real_00521.jpeg,real_00521.jpeg,test,real,0,baseline,clean,none,0.07206971943378448,0
data\splits\genimage_8000_split_v4\test\real\real_00285.jpeg,real_00285.jpeg,test,real,0,baseline,clean,none,0.18917064368724823,0
data\splits\genimage_8000_split_v4\test\real\real_00270.jpeg,real_00270.jpeg,test,real,0,baseline,clean,none,6.0205100453458726e-05,0
data\splits\genimage_8000_split_v4\test\real\real_00533.jpeg,real_00533.jpeg,test,real,0,baseline,clean,none,0.1150217279791832,0
data\splits\genimage_8000_split_v4\test\real\real_00494.jpeg,real_00494.jpeg,test,real,0,baseline,clean,none,0.001354868640191853,0
data\splits\genimage_8000_split_v4\test\real\real_00317.jpeg,real_00317.jpeg,test,real,0,baseline,clean,none,0.25548484921455383,0
data\splits\genimage_8000_split_v4\test\real\real_00296.jpeg,real_00296.jpeg,test,real,0,baseline,clean,none,1.7433609173167497e-05,0
data\splits\genimage_8000_split_v4\test\real\real_00237.jpeg,real_00237.jpeg,test,real,0,baseline,clean,none,2.267373247377691e-06,0
data\splits\genimage_8000_split_v4\test\real\real_00242.jpeg,real_00242.jpeg,test,real,0,baseline,clean,none,0.12524278461933136,0
data\splits\genimage_8000_split_v4\test\real\real_00584.jpeg,real_00584.jpeg,test,real,0,baseline,clean,none,0.9799115061759949,1
data\splits\genimage_8000_split_v4\test\real\real_00570.jpeg,real_00570.jpeg,test,real,0,baseline,clean,none,0.03161042556166649,0
data\splits\genimage_8000_split_v4\test\real\real_00133.jpeg,real_00133.jpeg,test,real,0,baseline,clean,none,0.0035225965548306704,0
data\splits\genimage_8000_split_v4\test\real\real_00047.jpeg,real_00047.jpeg,test,real,0,baseline,clean,none,0.00028844745247624815,0
data\splits\genimage_8000_split_v4\test\real\real_00480.jpeg,real_00480.jpeg,test,real,0,baseline,clean,none,0.0009204193484038115,0
data\splits\genimage_8000_split_v4\test\real\real_00210.jpeg,real_00210.jpeg,test,real,0,baseline,clean,none,0.00048500968841835856,0
data\splits\genimage_8000_split_v4\test\real\real_00301.jpeg,real_00301.jpeg,test,real,0,baseline,clean,none,0.08777250349521637,0
data\splits\genimage_8000_split_v4\test\real\real_00574.jpeg,real_00574.jpeg,test,real,0,baseline,clean,none,0.18337370455265045,0
data\splits\genimage_8000_split_v4\test\real\real_00134.jpeg,real_00134.jpeg,test,real,0,baseline,clean,none,0.20300158858299255,0
data\splits\genimage_8000_split_v4\test\real\real_00597.jpeg,real_00597.jpeg,test,real,0,baseline,clean,none,0.9099763631820679,1
data\splits\genimage_8000_split_v4\test\real\real_00281.jpeg,real_00281.jpeg,test,real,0,baseline,clean,none,0.6958840489387512,1
data\splits\genimage_8000_split_v4\test\real\real_00332.jpeg,real_00332.jpeg,test,real,0,baseline,clean,none,0.05118441954255104,0
data\splits\genimage_8000_split_v4\test\real\real_00415.jpeg,real_00415.jpeg,test,real,0,baseline,clean,none,1.78032205440104e-05,0
data\splits\genimage_8000_split_v4\test\real\real_00093.jpeg,real_00093.jpeg,test,real,0,baseline,clean,none,0.022314652800559998,0
data\splits\genimage_8000_split_v4\test\real\real_00526.jpeg,real_00526.jpeg,test,real,0,baseline,clean,none,3.2205977618104953e-07,0
data\splits\genimage_8000_split_v4\test\real\real_00259.jpeg,real_00259.jpeg,test,real,0,baseline,clean,none,3.384504816494882e-05,0
data\splits\genimage_8000_split_v4\test\real\real_00128.jpeg,real_00128.jpeg,test,real,0,baseline,clean,none,0.23507775366306305,0
data\splits\genimage_8000_split_v4\test\real\real_00173.jpeg,real_00173.jpeg,test,real,0,baseline,clean,none,0.006009523291140795,0
data\splits\genimage_8000_split_v4\test\real\real_00005.jpeg,real_00005.jpeg,test,real,0,baseline,clean,none,1.739681454449027e-10,0
data\splits\genimage_8000_split_v4\test\real\real_00532.jpeg,real_00532.jpeg,test,real,0,baseline,clean,none,0.7602807879447937,1
data\splits\genimage_8000_split_v4\test\real\real_00061.jpeg,real_00061.jpeg,test,real,0,baseline,clean,none,2.1558901153184706e-07,0
data\splits\genimage_8000_split_v4\test\real\real_00313.jpeg,real_00313.jpeg,test,real,0,baseline,clean,none,4.18914423789829e-05,0
data\splits\genimage_8000_split_v4\test\real\real_00130.jpeg,real_00130.jpeg,test,real,0,baseline,clean,none,0.0004335739940870553,0
data\splits\genimage_8000_split_v4\test\real\real_00454.jpeg,real_00454.jpeg,test,real,0,baseline,clean,none,1.9323324522702023e-05,0
data\splits\genimage_8000_split_v4\test\real\real_00204.jpeg,real_00204.jpeg,test,real,0,baseline,clean,none,0.0008583017042838037,0
data\splits\genimage_8000_split_v4\test\real\real_00337.jpeg,real_00337.jpeg,test,real,0,baseline,clean,none,0.023313259705901146,0
data\splits\genimage_8000_split_v4\test\real\real_00195.jpeg,real_00195.jpeg,test,real,0,baseline,clean,none,0.00045074764057062566,0
data\splits\genimage_8000_split_v4\test\real\real_00187.jpeg,real_00187.jpeg,test,real,0,baseline,clean,none,6.173444262458361e-07,0
data\splits\genimage_8000_split_v4\test\real\real_00489.jpeg,real_00489.jpeg,test,real,0,baseline,clean,none,1.1030971336367656e-07,0
data\splits\genimage_8000_split_v4\test\real\real_00385.jpeg,real_00385.jpeg,test,real,0,baseline,clean,none,0.026598505675792694,0
data\splits\genimage_8000_split_v4\test\real\real_00221.jpeg,real_00221.jpeg,test,real,0,baseline,clean,none,5.2850631618639454e-05,0
data\splits\genimage_8000_split_v4\test\real\real_00027.jpeg,real_00027.jpeg,test,real,0,baseline,clean,none,0.690143346786499,1
data\splits\genimage_8000_split_v4\test\real\real_00022.jpeg,real_00022.jpeg,test,real,0,baseline,clean,none,5.4164225730346516e-05,0
data\splits\genimage_8000_split_v4\test\real\real_00331.jpeg,real_00331.jpeg,test,real,0,baseline,clean,none,0.2812685966491699,0
data\splits\genimage_8000_split_v4\test\real\real_00159.jpeg,real_00159.jpeg,test,real,0,baseline,clean,none,2.3326663267653203e-06,0
data\splits\genimage_8000_split_v4\test\real\real_00068.jpeg,real_00068.jpeg,test,real,0,baseline,clean,none,0.09793122112751007,0
data\splits\genimage_8000_split_v4\test\real\real_00127.jpeg,real_00127.jpeg,test,real,0,baseline,clean,none,8.881892767931276e-07,0
data\splits\genimage_8000_split_v4\test\real\real_00420.jpeg,real_00420.jpeg,test,real,0,baseline,clean,none,0.15634958446025848,0
data\splits\genimage_8000_split_v4\test\real\real_00510.jpeg,real_00510.jpeg,test,real,0,baseline,clean,none,1.5286928828572854e-05,0
data\splits\genimage_8000_split_v4\test\real\real_00106.jpeg,real_00106.jpeg,test,real,0,baseline,clean,none,0.029621923342347145,0
data\splits\genimage_8000_split_v4\test\real\real_00599.jpeg,real_00599.jpeg,test,real,0,baseline,clean,none,3.1602892704540864e-05,0
data\splits\genimage_8000_split_v4\test\real\real_00419.jpeg,real_00419.jpeg,test,real,0,baseline,clean,none,0.0002284273796249181,0
data\splits\genimage_8000_split_v4\test\real\real_00286.jpeg,real_00286.jpeg,test,real,0,baseline,clean,none,0.24400866031646729,0
data\splits\genimage_8000_split_v4\test\real\real_00341.jpeg,real_00341.jpeg,test,real,0,baseline,clean,none,0.004601545166224241,0
data\splits\genimage_8000_split_v4\test\real\real_00263.jpeg,real_00263.jpeg,test,real,0,baseline,clean,none,0.0015050740912556648,0
data\splits\genimage_8000_split_v4\test\real\real_00255.jpeg,real_00255.jpeg,test,real,0,baseline,clean,none,0.6581994295120239,1
data\splits\genimage_8000_split_v4\test\real\real_00335.jpeg,real_00335.jpeg,test,real,0,baseline,clean,none,0.0014486904256045818,0
data\splits\genimage_8000_split_v4\test\real\real_00174.jpeg,real_00174.jpeg,test,real,0,baseline,clean,none,0.0007152133621275425,0
data\splits\genimage_8000_split_v4\test\real\real_00243.jpeg,real_00243.jpeg,test,real,0,baseline,clean,none,0.21733678877353668,0
data\splits\genimage_8000_split_v4\test\real\real_00140.jpeg,real_00140.jpeg,test,real,0,baseline,clean,none,0.36333200335502625,0
data\splits\genimage_8000_split_v4\test\real\real_00582.jpeg,real_00582.jpeg,test,real,0,baseline,clean,none,0.00012156193406553939,0
data\splits\genimage_8000_split_v4\test\real\real_00542.jpeg,real_00542.jpeg,test,real,0,baseline,clean,none,0.512963593006134,1
data\splits\genimage_8000_split_v4\test\real\real_00547.jpeg,real_00547.jpeg,test,real,0,baseline,clean,none,7.318837447201076e-08,0
data\splits\genimage_8000_split_v4\test\real\real_00287.jpeg,real_00287.jpeg,test,real,0,baseline,clean,none,0.7438385486602783,1
data\splits\genimage_8000_split_v4\test\real\real_00144.jpeg,real_00144.jpeg,test,real,0,baseline,clean,none,0.004179798066616058,0
data\splits\genimage_8000_split_v4\test\real\real_00214.jpeg,real_00214.jpeg,test,real,0,baseline,clean,none,0.00017784125520847738,0
data\splits\genimage_8000_split_v4\test\real\real_00234.jpeg,real_00234.jpeg,test,real,0,baseline,clean,none,0.6454870700836182,1
data\splits\genimage_8000_split_v4\test\real\real_00595.jpeg,real_00595.jpeg,test,real,0,baseline,clean,none,0.0002130869688699022,0
data\splits\genimage_8000_split_v4\test\real\real_00075.jpeg,real_00075.jpeg,test,real,0,baseline,clean,none,9.538669853981219e-11,0
data\splits\genimage_8000_split_v4\test\real\real_00295.jpeg,real_00295.jpeg,test,real,0,baseline,clean,none,0.02362668141722679,0
data\splits\genimage_8000_split_v4\test\real\real_00070.jpeg,real_00070.jpeg,test,real,0,baseline,clean,none,0.005713666323572397,0
data\splits\genimage_8000_split_v4\test\real\real_00148.jpeg,real_00148.jpeg,test,real,0,baseline,clean,none,2.9009623858655686e-07,0
data\splits\genimage_8000_split_v4\test\real\real_00491.jpeg,real_00491.jpeg,test,real,0,baseline,clean,none,0.19402603805065155,0
data\splits\genimage_8000_split_v4\test\real\real_00090.jpeg,real_00090.jpeg,test,real,0,baseline,clean,none,0.001982427202165127,0
data\splits\genimage_8000_split_v4\test\real\real_00063.jpeg,real_00063.jpeg,test,real,0,baseline,clean,none,0.13050124049186707,0
data\splits\genimage_8000_split_v4\test\real\real_00334.jpeg,real_00334.jpeg,test,real,0,baseline,clean,none,0.003867171471938491,0
data\splits\genimage_8000_split_v4\test\real\real_00530.jpeg,real_00530.jpeg,test,real,0,baseline,clean,none,0.0015444123419001698,0
data\splits\genimage_8000_split_v4\test\real\real_00069.jpeg,real_00069.jpeg,test,real,0,baseline,clean,none,0.010226492770016193,0
data\splits\genimage_8000_split_v4\test\real\real_00109.jpeg,real_00109.jpeg,test,real,0,baseline,clean,none,1.399919801770011e-05,0
data\splits\genimage_8000_split_v4\test\real\real_00321.jpeg,real_00321.jpeg,test,real,0,baseline,clean,none,0.41165849566459656,0
data\splits\genimage_8000_split_v4\test\real\real_00126.jpeg,real_00126.jpeg,test,real,0,baseline,clean,none,0.2387944757938385,0
data\splits\genimage_8000_split_v4\test\real\real_00358.jpeg,real_00358.jpeg,test,real,0,baseline,clean,none,0.205881729722023,0
data\splits\genimage_8000_split_v4\test\real\real_00364.jpeg,real_00364.jpeg,test,real,0,baseline,clean,none,0.0010426284279674292,0
data\splits\genimage_8000_split_v4\test\real\real_00209.jpeg,real_00209.jpeg,test,real,0,baseline,clean,none,0.028630198910832405,0
data\splits\genimage_8000_split_v4\test\real\real_00292.jpeg,real_00292.jpeg,test,real,0,baseline,clean,none,0.11507083475589752,0
data\splits\genimage_8000_split_v4\test\real\real_00473.jpeg,real_00473.jpeg,test,real,0,baseline,clean,none,0.0040817707777023315,0
data\splits\genimage_8000_split_v4\test\real\real_00367.jpeg,real_00367.jpeg,test,real,0,baseline,clean,none,0.00010105936962645501,0
data\splits\genimage_8000_split_v4\test\real\real_00228.jpeg,real_00228.jpeg,test,real,0,baseline,clean,none,0.004430525470525026,0
data\splits\genimage_8000_split_v4\test\real\real_00463.jpeg,real_00463.jpeg,test,real,0,baseline,clean,none,1.7751295899870456e-06,0
data\splits\genimage_8000_split_v4\test\real\real_00529.jpeg,real_00529.jpeg,test,real,0,baseline,clean,none,0.9756244421005249,1
data\splits\genimage_8000_split_v4\test\real\real_00376.jpeg,real_00376.jpeg,test,real,0,baseline,clean,none,1.5228606571326964e-06,0
data\splits\genimage_8000_split_v4\test\real\real_00089.jpeg,real_00089.jpeg,test,real,0,baseline,clean,none,0.031421661376953125,0
data\splits\genimage_8000_split_v4\test\real\real_00409.jpeg,real_00409.jpeg,test,real,0,baseline,clean,none,7.335712143685669e-05,0
data\splits\genimage_8000_split_v4\test\real\real_00456.jpeg,real_00456.jpeg,test,real,0,baseline,clean,none,0.0005220887251198292,0
data\splits\genimage_8000_split_v4\test\real\real_00378.jpeg,real_00378.jpeg,test,real,0,baseline,clean,none,0.015499085187911987,0
data\splits\genimage_8000_split_v4\test\real\real_00596.jpeg,real_00596.jpeg,test,real,0,baseline,clean,none,0.019353797659277916,0
data\splits\genimage_8000_split_v4\test\real\real_00477.jpeg,real_00477.jpeg,test,real,0,baseline,clean,none,0.041184842586517334,0
data\splits\genimage_8000_split_v4\test\real\real_00261.jpeg,real_00261.jpeg,test,real,0,baseline,clean,none,2.1842392925464083e-06,0
data\splits\genimage_8000_split_v4\test\real\real_00273.jpeg,real_00273.jpeg,test,real,0,baseline,clean,none,0.17322362959384918,0
data\splits\genimage_8000_split_v4\test\real\real_00100.jpeg,real_00100.jpeg,test,real,0,baseline,clean,none,6.339705843627641e-11,0
data\splits\genimage_8000_split_v4\test\real\real_00080.jpeg,real_00080.jpeg,test,real,0,baseline,clean,none,9.153090445579437e-07,0
data\splits\genimage_8000_split_v4\test\real\real_00009.jpeg,real_00009.jpeg,test,real,0,baseline,clean,none,0.9067477583885193,1
data\splits\genimage_8000_split_v4\test\real\real_00167.jpeg,real_00167.jpeg,test,real,0,baseline,clean,none,4.805485454006941e-10,0
data\splits\genimage_8000_split_v4\test\real\real_00571.jpeg,real_00571.jpeg,test,real,0,baseline,clean,none,0.9657089710235596,1
data\splits\genimage_8000_split_v4\test\real\real_00218.jpeg,real_00218.jpeg,test,real,0,baseline,clean,none,1.0815331734193023e-05,0
data\splits\genimage_8000_split_v4\test\real\real_00355.jpeg,real_00355.jpeg,test,real,0,baseline,clean,none,0.023517552763223648,0
data\splits\genimage_8000_split_v4\test\real\real_00406.jpeg,real_00406.jpeg,test,real,0,baseline,clean,none,0.1293024718761444,0
data\splits\genimage_8000_split_v4\test\real\real_00302.jpeg,real_00302.jpeg,test,real,0,baseline,clean,none,0.24899053573608398,0
data\splits\genimage_8000_split_v4\test\real\real_00010.jpeg,real_00010.jpeg,test,real,0,baseline,clean,none,0.8660140037536621,1
data\splits\genimage_8000_split_v4\test\real\real_00405.jpeg,real_00405.jpeg,test,real,0,baseline,clean,none,4.248590630595572e-05,0
data\splits\genimage_8000_split_v4\test\real\real_00447.jpeg,real_00447.jpeg,test,real,0,baseline,clean,none,0.0004463687655515969,0
data\splits\genimage_8000_split_v4\test\real\real_00379.jpeg,real_00379.jpeg,test,real,0,baseline,clean,none,0.0059226020239293575,0
data\splits\genimage_8000_split_v4\test\real\real_00319.jpeg,real_00319.jpeg,test,real,0,baseline,clean,none,0.36390483379364014,0
data\splits\genimage_8000_split_v4\test\real\real_00543.jpeg,real_00543.jpeg,test,real,0,baseline,clean,none,0.35795268416404724,0
data\splits\genimage_8000_split_v4\test\real\real_00539.jpeg,real_00539.jpeg,test,real,0,baseline,clean,none,0.09924427419900894,0
data\splits\genimage_8000_split_v4\test\real\real_00579.jpeg,real_00579.jpeg,test,real,0,baseline,clean,none,0.05810173228383064,0
data\splits\genimage_8000_split_v4\test\real\real_00459.jpeg,real_00459.jpeg,test,real,0,baseline,clean,none,0.554283082485199,1
data\splits\genimage_8000_split_v4\test\real\real_00587.jpeg,real_00587.jpeg,test,real,0,baseline,clean,none,5.159441318625113e-09,0
data\splits\genimage_8000_split_v4\test\real\real_00114.jpeg,real_00114.jpeg,test,real,0,baseline,clean,none,0.00043660341179929674,0
data\splits\genimage_8000_split_v4\test\real\real_00479.jpeg,real_00479.jpeg,test,real,0,baseline,clean,none,1.0650958756741602e-05,0
data\splits\genimage_8000_split_v4\test\real\real_00488.jpeg,real_00488.jpeg,test,real,0,baseline,clean,none,0.04876350983977318,0
data\splits\genimage_8000_split_v4\test\real\real_00360.jpeg,real_00360.jpeg,test,real,0,baseline,clean,none,3.637147892732173e-05,0
data\splits\genimage_8000_split_v4\test\real\real_00363.jpeg,real_00363.jpeg,test,real,0,baseline,clean,none,0.10198050737380981,0
data\splits\genimage_8000_split_v4\test\real\real_00350.jpeg,real_00350.jpeg,test,real,0,baseline,clean,none,2.7427441295913013e-07,0
data\splits\genimage_8000_split_v4\test\real\real_00441.jpeg,real_00441.jpeg,test,real,0,baseline,clean,none,0.8260117173194885,1
data\splits\genimage_8000_split_v4\test\real\real_00003.jpeg,real_00003.jpeg,test,real,0,baseline,clean,none,0.49141886830329895,0
data\splits\genimage_8000_split_v4\test\real\real_00217.jpeg,real_00217.jpeg,test,real,0,baseline,clean,none,1.7036078361343243e-06,0
data\splits\genimage_8000_split_v4\test\real\real_00465.jpeg,real_00465.jpeg,test,real,0,baseline,clean,none,0.9944783449172974,1
data\splits\genimage_8000_split_v4\test\real\real_00442.jpeg,real_00442.jpeg,test,real,0,baseline,clean,none,0.0014830685686320066,0
data\splits\genimage_8000_split_v4\test\real\real_00233.jpeg,real_00233.jpeg,test,real,0,baseline,clean,none,0.00012019675341434777,0
data\splits\genimage_8000_split_v4\test\real\real_00161.jpeg,real_00161.jpeg,test,real,0,baseline,clean,none,0.000163733318913728,0
data\splits\genimage_8000_split_v4\test\real\real_00412.jpeg,real_00412.jpeg,test,real,0,baseline,clean,none,0.016581976786255836,0
data\splits\genimage_8000_split_v4\test\real\real_00468.jpeg,real_00468.jpeg,test,real,0,baseline,clean,none,0.002380126854404807,0
data\splits\genimage_8000_split_v4\test\real\real_00125.jpeg,real_00125.jpeg,test,real,0,baseline,clean,none,0.29726681113243103,0
data\splits\genimage_8000_split_v4\test\real\real_00186.jpeg,real_00186.jpeg,test,real,0,baseline,clean,none,7.891526365710888e-07,0
data\splits\genimage_8000_split_v4\test\real\real_00172.jpeg,real_00172.jpeg,test,real,0,baseline,clean,none,2.951977648990578e-06,0
data\splits\genimage_8000_split_v4\test\real\real_00467.jpeg,real_00467.jpeg,test,real,0,baseline,clean,none,0.0020353400614112616,0
data\splits\genimage_8000_split_v4\test\real\real_00323.jpeg,real_00323.jpeg,test,real,0,baseline,clean,none,2.4425191440968774e-05,0
data\splits\genimage_8000_split_v4\test\real\real_00203.jpeg,real_00203.jpeg,test,real,0,baseline,clean,none,0.008948211558163166,0
data\splits\genimage_8000_split_v4\test\real\real_00552.jpeg,real_00552.jpeg,test,real,0,baseline,clean,none,0.03257593512535095,0
data\splits\genimage_8000_split_v4\test\real\real_00034.jpeg,real_00034.jpeg,test,real,0,baseline,clean,none,0.002003948437049985,0
data\splits\genimage_8000_split_v4\test\real\real_00142.jpeg,real_00142.jpeg,test,real,0,baseline,clean,none,0.06976132839918137,0
data\splits\genimage_8000_split_v4\test\real\real_00059.jpeg,real_00059.jpeg,test,real,0,baseline,clean,none,4.3117818648852335e-08,0
data\splits\genimage_8000_split_v4\test\real\real_00021.jpeg,real_00021.jpeg,test,real,0,baseline,clean,none,0.08044003695249557,0
data\splits\genimage_8000_split_v4\test\real\real_00525.jpeg,real_00525.jpeg,test,real,0,baseline,clean,none,0.00010480200580786914,0
data\splits\genimage_8000_split_v4\test\real\real_00275.jpeg,real_00275.jpeg,test,real,0,baseline,clean,none,0.33335521817207336,0
data\splits\genimage_8000_split_v4\test\real\real_00430.jpeg,real_00430.jpeg,test,real,0,baseline,clean,none,0.00011755667946999893,0
data\splits\genimage_8000_split_v4\test\real\real_00349.jpeg,real_00349.jpeg,test,real,0,baseline,clean,none,8.937068862735487e-09,0
data\splits\genimage_8000_split_v4\test\real\real_00373.jpeg,real_00373.jpeg,test,real,0,baseline,clean,none,0.8937119245529175,1
data\splits\genimage_8000_split_v4\test\real\real_00078.jpeg,real_00078.jpeg,test,real,0,baseline,clean,none,0.012231755070388317,0
data\splits\genimage_8000_split_v4\test\real\real_00437.jpeg,real_00437.jpeg,test,real,0,baseline,clean,none,1.6961655546765542e-07,0
data\splits\genimage_8000_split_v4\test\real\real_00520.jpeg,real_00520.jpeg,test,real,0,baseline,clean,none,6.906251655891538e-06,0
data\splits\genimage_8000_split_v4\test\real\real_00564.jpeg,real_00564.jpeg,test,real,0,baseline,clean,none,0.023267962038517,0
data\splits\genimage_8000_split_v4\test\real\real_00578.jpeg,real_00578.jpeg,test,real,0,baseline,clean,none,0.044086672365665436,0
data\splits\genimage_8000_split_v4\test\real\real_00225.jpeg,real_00225.jpeg,test,real,0,baseline,clean,none,0.000984378857538104,0
data\splits\genimage_8000_split_v4\test\real\real_00232.jpeg,real_00232.jpeg,test,real,0,baseline,clean,none,1.9393752154428512e-05,0
data\splits\genimage_8000_split_v4\test\real\real_00194.jpeg,real_00194.jpeg,test,real,0,baseline,clean,none,3.4190972275638387e-10,0
data\splits\genimage_8000_split_v4\test\real\real_00278.jpeg,real_00278.jpeg,test,real,0,baseline,clean,none,2.001177563215606e-06,0
data\splits\genimage_8000_split_v4\test\real\real_00168.jpeg,real_00168.jpeg,test,real,0,baseline,clean,none,5.983181472402066e-05,0
data\splits\genimage_8000_split_v4\test\real\real_00145.jpeg,real_00145.jpeg,test,real,0,baseline,clean,none,0.7164462208747864,1
data\splits\genimage_8000_split_v4\test\real\real_00495.jpeg,real_00495.jpeg,test,real,0,baseline,clean,none,1.5182249626377597e-05,0
data\splits\genimage_8000_split_v4\test\real\real_00236.jpeg,real_00236.jpeg,test,real,0,baseline,clean,none,0.0006106182700023055,0
data\splits\genimage_8000_split_v4\test\real\real_00121.jpeg,real_00121.jpeg,test,real,0,baseline,clean,none,0.009897432290017605,0
data\splits\genimage_8000_split_v4\test\real\real_00455.jpeg,real_00455.jpeg,test,real,0,baseline,clean,none,0.34459590911865234,0
data\splits\genimage_8000_split_v4\test\real\real_00177.jpeg,real_00177.jpeg,test,real,0,baseline,clean,none,0.5275627970695496,1
data\splits\genimage_8000_split_v4\test\real\real_00485.jpeg,real_00485.jpeg,test,real,0,baseline,clean,none,0.0014232777757570148,0
data\splits\genimage_8000_split_v4\test\real\real_00136.jpeg,real_00136.jpeg,test,real,0,baseline,clean,none,0.18620625138282776,0
data\splits\genimage_8000_split_v4\test\real\real_00054.jpeg,real_00054.jpeg,test,real,0,baseline,clean,none,0.00010007889795815572,0
data\splits\genimage_8000_split_v4\test\real\real_00470.jpeg,real_00470.jpeg,test,real,0,baseline,clean,none,5.9513013184187e-06,0
data\splits\genimage_8000_split_v4\test\real\real_00118.jpeg,real_00118.jpeg,test,real,0,baseline,clean,none,3.9550378971853206e-08,0
data\splits\genimage_8000_split_v4\test\real\real_00153.jpeg,real_00153.jpeg,test,real,0,baseline,clean,none,0.002069159410893917,0
data\splits\genimage_8000_split_v4\test\real\real_00384.jpeg,real_00384.jpeg,test,real,0,baseline,clean,none,0.00031455373391509056,0
data\splits\genimage_8000_split_v4\test\real\real_00115.jpeg,real_00115.jpeg,test,real,0,baseline,clean,none,0.005569457542151213,0
data\splits\genimage_8000_split_v4\test\real\real_00101.jpeg,real_00101.jpeg,test,real,0,baseline,clean,none,0.12209931761026382,0
data\splits\genimage_8000_split_v4\test\real\real_00327.jpeg,real_00327.jpeg,test,real,0,baseline,clean,none,0.12037744373083115,0
data\splits\genimage_8000_split_v4\test\real\real_00164.jpeg,real_00164.jpeg,test,real,0,baseline,clean,none,0.00550053408369422,0
data\splits\genimage_8000_split_v4\test\real\real_00538.jpeg,real_00538.jpeg,test,real,0,baseline,clean,none,0.00012429419439285994,0
data\splits\genimage_8000_split_v4\test\real\real_00049.jpeg,real_00049.jpeg,test,real,0,baseline,clean,none,0.23537632822990417,0
data\splits\genimage_8000_split_v4\test\real\real_00544.jpeg,real_00544.jpeg,test,real,0,baseline,clean,none,0.001562280929647386,0
data\splits\genimage_8000_split_v4\test\real\real_00154.jpeg,real_00154.jpeg,test,real,0,baseline,clean,none,6.436017429223284e-06,0
data\splits\genimage_8000_split_v4\test\real\real_00215.jpeg,real_00215.jpeg,test,real,0,baseline,clean,none,0.24242261052131653,0
data\splits\genimage_8000_split_v4\test\real\real_00124.jpeg,real_00124.jpeg,test,real,0,baseline,clean,none,4.1376409853910445e-07,0
data\splits\genimage_8000_split_v4\test\real\real_00223.jpeg,real_00223.jpeg,test,real,0,baseline,clean,none,0.01797613874077797,0
data\splits\genimage_8000_split_v4\test\real\real_00065.jpeg,real_00065.jpeg,test,real,0,baseline,clean,none,0.8905003070831299,1
data\splits\genimage_8000_split_v4\test\real\real_00282.jpeg,real_00282.jpeg,test,real,0,baseline,clean,none,8.189665095414966e-06,0
data\splits\genimage_8000_split_v4\test\real\real_00267.jpeg,real_00267.jpeg,test,real,0,baseline,clean,none,0.001320978975854814,0
data\splits\genimage_8000_split_v4\test\real\real_00343.jpeg,real_00343.jpeg,test,real,0,baseline,clean,none,0.02422899380326271,0
data\splits\genimage_8000_split_v4\test\real\real_00421.jpeg,real_00421.jpeg,test,real,0,baseline,clean,none,1.7193701323803268e-11,0
data\splits\genimage_8000_split_v4\test\real\real_00531.jpeg,real_00531.jpeg,test,real,0,baseline,clean,none,0.001016144291497767,0
data\splits\genimage_8000_split_v4\test\real\real_00575.jpeg,real_00575.jpeg,test,real,0,baseline,clean,none,0.002149671083316207,0
data\splits\genimage_8000_split_v4\test\real\real_00290.jpeg,real_00290.jpeg,test,real,0,baseline,clean,none,8.104665903374553e-05,0
data\splits\genimage_8000_split_v4\test\real\real_00336.jpeg,real_00336.jpeg,test,real,0,baseline,clean,none,1.9868277856271988e-10,0
data\splits\genimage_8000_split_v4\test\real\real_00306.jpeg,real_00306.jpeg,test,real,0,baseline,clean,none,0.1555052548646927,0
data\splits\genimage_8000_split_v4\test\real\real_00231.jpeg,real_00231.jpeg,test,real,0,baseline,clean,none,0.0009371110936626792,0
data\splits\genimage_8000_split_v4\test\real\real_00002.jpeg,real_00002.jpeg,test,real,0,baseline,clean,none,0.11460796743631363,0
data\splits\genimage_8000_split_v4\test\real\real_00504.jpeg,real_00504.jpeg,test,real,0,baseline,clean,none,0.004814806394279003,0
data\splits\genimage_8000_split_v4\test\real\real_00536.jpeg,real_00536.jpeg,test,real,0,baseline,clean,none,0.0001739622966852039,0
data\splits\genimage_8000_split_v4\test\real\real_00362.jpeg,real_00362.jpeg,test,real,0,baseline,clean,none,0.002813371131196618,0
data\splits\genimage_8000_split_v4\test\real\real_00199.jpeg,real_00199.jpeg,test,real,0,baseline,clean,none,0.009336543269455433,0
data\splits\genimage_8000_split_v4\test\real\real_00023.jpeg,real_00023.jpeg,test,real,0,baseline,clean,none,5.583895472227596e-06,0
data\splits\genimage_8000_split_v4\test\real\real_00433.jpeg,real_00433.jpeg,test,real,0,baseline,clean,none,0.20845822989940643,0
data\splits\genimage_8000_split_v4\test\real\real_00484.jpeg,real_00484.jpeg,test,real,0,baseline,clean,none,0.4429207146167755,0
data\splits\genimage_8000_split_v4\test\real\real_00110.jpeg,real_00110.jpeg,test,real,0,baseline,clean,none,6.013613165123388e-05,0
data\splits\genimage_8000_split_v4\test\real\real_00305.jpeg,real_00305.jpeg,test,real,0,baseline,clean,none,0.334876149892807,0
data\splits\genimage_8000_split_v4\test\real\real_00352.jpeg,real_00352.jpeg,test,real,0,baseline,clean,none,0.10970661044120789,0
data\splits\genimage_8000_split_v4\test\real\real_00256.jpeg,real_00256.jpeg,test,real,0,baseline,clean,none,0.007460594177246094,0
data\splits\genimage_8000_split_v4\test\real\real_00404.jpeg,real_00404.jpeg,test,real,0,baseline,clean,none,0.059639666229486465,0
data\splits\genimage_8000_split_v4\test\real\real_00523.jpeg,real_00523.jpeg,test,real,0,baseline,clean,none,0.054447777569293976,0
data\splits\genimage_8000_split_v4\test\real\real_00513.jpeg,real_00513.jpeg,test,real,0,baseline,clean,none,0.25618329644203186,0
data\splits\genimage_8000_split_v4\test\real\real_00108.jpeg,real_00108.jpeg,test,real,0,baseline,clean,none,0.010856111533939838,0
data\splits\genimage_8000_split_v4\test\real\real_00119.jpeg,real_00119.jpeg,test,real,0,baseline,clean,none,0.2541455030441284,0
data\splits\genimage_8000_split_v4\test\real\real_00511.jpeg,real_00511.jpeg,test,real,0,baseline,clean,none,0.05532384291291237,0
data\splits\genimage_8000_split_v4\test\real\real_00073.jpeg,real_00073.jpeg,test,real,0,baseline,clean,none,1.231592938744086e-09,0
data\splits\genimage_8000_split_v4\test\real\real_00469.jpeg,real_00469.jpeg,test,real,0,baseline,clean,none,0.00924073625355959,0
data\splits\genimage_8000_split_v4\test\real\real_00035.jpeg,real_00035.jpeg,test,real,0,baseline,clean,none,1.211968651659845e-06,0
data\splits\genimage_8000_split_v4\test\real\real_00427.jpeg,real_00427.jpeg,test,real,0,baseline,clean,none,6.071012194297509e-06,0
data\splits\genimage_8000_split_v4\test\real\real_00000.jpeg,real_00000.jpeg,test,real,0,baseline,clean,none,0.0005514634540304542,0
data\splits\genimage_8000_split_v4\test\real\real_00066.jpeg,real_00066.jpeg,test,real,0,baseline,clean,none,0.0005167708150111139,0
data\splits\genimage_8000_split_v4\test\real\real_00052.jpeg,real_00052.jpeg,test,real,0,baseline,clean,none,1.0929123163805343e-05,0
data\splits\genimage_8000_split_v4\test\real\real_00483.jpeg,real_00483.jpeg,test,real,0,baseline,clean,none,3.741417685887427e-06,0
data\splits\genimage_8000_split_v4\test\real\real_00020.jpeg,real_00020.jpeg,test,real,0,baseline,clean,none,0.6997111439704895,1
data\splits\genimage_8000_split_v4\test\real\real_00540.jpeg,real_00540.jpeg,test,real,0,baseline,clean,none,0.0007543165702372789,0
data\splits\genimage_8000_split_v4\test\real\real_00383.jpeg,real_00383.jpeg,test,real,0,baseline,clean,none,6.359353574225679e-05,0
data\splits\genimage_8000_split_v4\test\real\real_00129.jpeg,real_00129.jpeg,test,real,0,baseline,clean,none,2.2785033593208937e-07,0
data\splits\genimage_8000_split_v4\test\real\real_00505.jpeg,real_00505.jpeg,test,real,0,baseline,clean,none,1.1253752270345974e-11,0
data\splits\genimage_8000_split_v4\test\real\real_00517.jpeg,real_00517.jpeg,test,real,0,baseline,clean,none,0.001468170084990561,0
data\splits\genimage_8000_split_v4\test\real\real_00291.jpeg,real_00291.jpeg,test,real,0,baseline,clean,none,6.1338946579780895e-06,0
data\splits\genimage_8000_split_v4\test\real\real_00328.jpeg,real_00328.jpeg,test,real,0,baseline,clean,none,0.38905829191207886,0
data\splits\genimage_8000_split_v4\test\real\real_00082.jpeg,real_00082.jpeg,test,real,0,baseline,clean,none,1.2037821406352123e-08,0
data\splits\genimage_8000_split_v4\test\real\real_00413.jpeg,real_00413.jpeg,test,real,0,baseline,clean,none,0.01049098651856184,0
data\splits\genimage_8000_split_v4\test\real\real_00201.jpeg,real_00201.jpeg,test,real,0,baseline,clean,none,0.03058597445487976,0
data\splits\genimage_8000_split_v4\test\real\real_00422.jpeg,real_00422.jpeg,test,real,0,baseline,clean,none,0.414060115814209,0
data\splits\genimage_8000_split_v4\test\real\real_00481.jpeg,real_00481.jpeg,test,real,0,baseline,clean,none,0.9700323343276978,1
data\splits\genimage_8000_split_v4\test\real\real_00249.jpeg,real_00249.jpeg,test,real,0,baseline,clean,none,8.551384780730586e-06,0
data\splits\genimage_8000_split_v4\test\real\real_00591.jpeg,real_00591.jpeg,test,real,0,baseline,clean,none,0.5740042924880981,1
data\splits\genimage_8000_split_v4\test\real\real_00103.jpeg,real_00103.jpeg,test,real,0,baseline,clean,none,0.209745392203331,0
data\splits\genimage_8000_split_v4\test\real\real_00058.jpeg,real_00058.jpeg,test,real,0,baseline,clean,none,1.079516209756548e-08,0
data\splits\genimage_8000_split_v4\test\real\real_00029.jpeg,real_00029.jpeg,test,real,0,baseline,clean,none,0.5320468544960022,1
data\splits\genimage_8000_split_v4\test\real\real_00551.jpeg,real_00551.jpeg,test,real,0,baseline,clean,none,3.3420525141991675e-05,0
data\splits\genimage_8000_split_v4\test\real\real_00453.jpeg,real_00453.jpeg,test,real,0,baseline,clean,none,1.0,1
data\splits\genimage_8000_split_v4\test\real\real_00041.jpeg,real_00041.jpeg,test,real,0,baseline,clean,none,0.000706236925907433,0
data\splits\genimage_8000_split_v4\test\real\real_00316.jpeg,real_00316.jpeg,test,real,0,baseline,clean,none,0.00026470638113096356,0
data\splits\genimage_8000_split_v4\test\real\real_00449.jpeg,real_00449.jpeg,test,real,0,baseline,clean,none,0.0024007908068597317,0
data\splits\genimage_8000_split_v4\test\real\real_00198.jpeg,real_00198.jpeg,test,real,0,baseline,clean,none,0.004307609982788563,0
data\splits\genimage_8000_split_v4\test\real\real_00310.jpeg,real_00310.jpeg,test,real,0,baseline,clean,none,0.01751231588423252,0
data\splits\genimage_8000_split_v4\test\real\real_00205.jpeg,real_00205.jpeg,test,real,0,baseline,clean,none,0.00019059587793890387,0
data\splits\genimage_8000_split_v4\test\real\real_00011.jpeg,real_00011.jpeg,test,real,0,baseline,clean,none,0.0844002217054367,0
data\splits\genimage_8000_split_v4\test\real\real_00556.jpeg,real_00556.jpeg,test,real,0,baseline,clean,none,0.0005055560613982379,0
data\splits\genimage_8000_split_v4\test\real\real_00294.jpeg,real_00294.jpeg,test,real,0,baseline,clean,none,5.819168291054666e-05,0
data\splits\genimage_8000_split_v4\test\real\real_00112.jpeg,real_00112.jpeg,test,real,0,baseline,clean,none,0.8475586771965027,1
data\splits\genimage_8000_split_v4\test\real\real_00170.jpeg,real_00170.jpeg,test,real,0,baseline,clean,none,3.7009747757110745e-05,0
data\splits\genimage_8000_split_v4\test\real\real_00569.jpeg,real_00569.jpeg,test,real,0,baseline,clean,none,2.2162264201597281e-07,0
data\splits\genimage_8000_split_v4\test\real\real_00318.jpeg,real_00318.jpeg,test,real,0,baseline,clean,none,0.0010367447976022959,0
data\splits\genimage_8000_split_v4\test\real\real_00397.jpeg,real_00397.jpeg,test,real,0,baseline,clean,none,0.0001379392488161102,0
data\splits\genimage_8000_split_v4\test\real\real_00014.jpeg,real_00014.jpeg,test,real,0,baseline,clean,none,0.014074355363845825,0
data\splits\genimage_8000_split_v4\test\real\real_00196.jpeg,real_00196.jpeg,test,real,0,baseline,clean,none,7.907871802297566e-17,0
data\splits\genimage_8000_split_v4\test\real\real_00191.jpeg,real_00191.jpeg,test,real,0,baseline,clean,none,0.6210742592811584,1
data\splits\genimage_8000_split_v4\test\real\real_00192.jpeg,real_00192.jpeg,test,real,0,baseline,clean,none,4.689694410586753e-09,0
data\splits\genimage_8000_split_v4\test\real\real_00353.jpeg,real_00353.jpeg,test,real,0,baseline,clean,none,0.6829676628112793,1
data\splits\genimage_8000_split_v4\test\real\real_00254.jpeg,real_00254.jpeg,test,real,0,baseline,clean,none,2.1632376956404187e-06,0
data\splits\genimage_8000_split_v4\test\real\real_00169.jpeg,real_00169.jpeg,test,real,0,baseline,clean,none,4.7352404664025016e-08,0
data\splits\genimage_8000_split_v4\test\real\real_00370.jpeg,real_00370.jpeg,test,real,0,baseline,clean,none,5.151510121259584e-11,0
data\splits\genimage_8000_split_v4\test\real\real_00004.jpeg,real_00004.jpeg,test,real,0,baseline,clean,none,0.020236071199178696,0
data\splits\genimage_8000_split_v4\test\real\real_00368.jpeg,real_00368.jpeg,test,real,0,baseline,clean,none,0.15581485629081726,0
data\splits\genimage_8000_split_v4\test\real\real_00417.jpeg,real_00417.jpeg,test,real,0,baseline,clean,none,0.4964846074581146,0
data\splits\genimage_8000_split_v4\test\real\real_00333.jpeg,real_00333.jpeg,test,real,0,baseline,clean,none,0.01893191784620285,0
data\splits\genimage_8000_split_v4\test\real\real_00123.jpeg,real_00123.jpeg,test,real,0,baseline,clean,none,0.00486570643261075,0
data\splits\genimage_8000_split_v4\test\real\real_00380.jpeg,real_00380.jpeg,test,real,0,baseline,clean,none,0.047970306128263474,0
data\splits\genimage_8000_split_v4\test\real\real_00179.jpeg,real_00179.jpeg,test,real,0,baseline,clean,none,9.488702744420152e-06,0
data\splits\genimage_8000_split_v4\test\real\real_00400.jpeg,real_00400.jpeg,test,real,0,baseline,clean,none,0.00010451586422277614,0
data\splits\genimage_8000_split_v4\test\real\real_00369.jpeg,real_00369.jpeg,test,real,0,baseline,clean,none,0.20223507285118103,0
data\splits\genimage_8000_split_v4\test\real\real_00051.jpeg,real_00051.jpeg,test,real,0,baseline,clean,none,0.374126136302948,0
data\splits\genimage_8000_split_v4\test\real\real_00097.jpeg,real_00097.jpeg,test,real,0,baseline,clean,none,7.372511277026206e-07,0
data\splits\genimage_8000_split_v4\test\real\real_00515.jpeg,real_00515.jpeg,test,real,0,baseline,clean,none,0.0010095075704157352,0
data\splits\genimage_8000_split_v4\test\real\real_00446.jpeg,real_00446.jpeg,test,real,0,baseline,clean,none,0.008514586836099625,0
data\splits\genimage_8000_split_v4\test\real\real_00155.jpeg,real_00155.jpeg,test,real,0,baseline,clean,none,0.007720038760453463,0
data\splits\genimage_8000_split_v4\test\real\real_00277.jpeg,real_00277.jpeg,test,real,0,baseline,clean,none,0.00017045375716406852,0
data\splits\genimage_8000_split_v4\test\real\real_00098.jpeg,real_00098.jpeg,test,real,0,baseline,clean,none,3.942460898542777e-05,0
data\splits\genimage_8000_split_v4\test\real\real_00107.jpeg,real_00107.jpeg,test,real,0,baseline,clean,none,0.13555926084518433,0
data\splits\genimage_8000_split_v4\test\real\real_00087.jpeg,real_00087.jpeg,test,real,0,baseline,clean,none,1.0565809134277515e-06,0
data\splits\genimage_8000_split_v4\test\real\real_00565.jpeg,real_00565.jpeg,test,real,0,baseline,clean,none,0.004830028861761093,0
data\splits\genimage_8000_split_v4\test\real\real_00280.jpeg,real_00280.jpeg,test,real,0,baseline,clean,none,1.845663462063385e-07,0
data\splits\genimage_8000_split_v4\test\real\real_00507.jpeg,real_00507.jpeg,test,real,0,baseline,clean,none,1.0959078089456398e-08,0
data\splits\genimage_8000_split_v4\test\real\real_00326.jpeg,real_00326.jpeg,test,real,0,baseline,clean,none,0.175434410572052,0
data\splits\genimage_8000_split_v4\test\real\real_00244.jpeg,real_00244.jpeg,test,real,0,baseline,clean,none,2.3513196276229173e-15,0
data\splits\genimage_8000_split_v4\test\real\real_00033.jpeg,real_00033.jpeg,test,real,0,baseline,clean,none,0.008380668237805367,0
data\splits\genimage_8000_split_v4\test\real\real_00064.jpeg,real_00064.jpeg,test,real,0,baseline,clean,none,3.6231800437484807e-14,0
data\splits\genimage_8000_split_v4\test\real\real_00013.jpeg,real_00013.jpeg,test,real,0,baseline,clean,none,1.2651987901790562e-08,0
data\splits\genimage_8000_split_v4\test\real\real_00183.jpeg,real_00183.jpeg,test,real,0,baseline,clean,none,0.18584755063056946,0
data\splits\genimage_8000_split_v4\test\real\real_00030.jpeg,real_00030.jpeg,test,real,0,baseline,clean,none,0.0007271073991432786,0
data\splits\genimage_8000_split_v4\test\real\real_00474.jpeg,real_00474.jpeg,test,real,0,baseline,clean,none,0.002864609006792307,0
data\splits\genimage_8000_split_v4\test\real\real_00558.jpeg,real_00558.jpeg,test,real,0,baseline,clean,none,0.012726100161671638,0
data\splits\genimage_8000_split_v4\test\real\real_00088.jpeg,real_00088.jpeg,test,real,0,baseline,clean,none,0.033715661615133286,0
data\splits\genimage_8000_split_v4\test\real\real_00436.jpeg,real_00436.jpeg,test,real,0,baseline,clean,none,0.6867978572845459,1
data\splits\genimage_8000_split_v4\test\real\real_00518.jpeg,real_00518.jpeg,test,real,0,baseline,clean,none,2.437595321680419e-05,0
data\splits\genimage_8000_split_v4\test\real\real_00111.jpeg,real_00111.jpeg,test,real,0,baseline,clean,none,3.9513062802143395e-05,0
data\splits\genimage_8000_split_v4\test\real\real_00122.jpeg,real_00122.jpeg,test,real,0,baseline,clean,none,0.43992558121681213,0
data\splits\genimage_8000_split_v4\test\real\real_00461.jpeg,real_00461.jpeg,test,real,0,baseline,clean,none,0.022727731615304947,0
data\splits\genimage_8000_split_v4\test\real\real_00239.jpeg,real_00239.jpeg,test,real,0,baseline,clean,none,0.00040302061825059354,0
data\splits\genimage_8000_split_v4\test\real\real_00408.jpeg,real_00408.jpeg,test,real,0,baseline,clean,none,3.2508496587979607e-06,0
data\splits\genimage_8000_split_v4\test\real\real_00460.jpeg,real_00460.jpeg,test,real,0,baseline,clean,none,0.0031235283240675926,0
data\splits\genimage_8000_split_v4\test\real\real_00138.jpeg,real_00138.jpeg,test,real,0,baseline,clean,none,0.010329424403607845,0
data\splits\genimage_8000_split_v4\test\real\real_00429.jpeg,real_00429.jpeg,test,real,0,baseline,clean,none,7.424115028697997e-05,0
data\splits\genimage_8000_split_v4\test\real\real_00462.jpeg,real_00462.jpeg,test,real,0,baseline,clean,none,7.014370096043721e-13,0
data\splits\genimage_8000_split_v4\test\real\real_00113.jpeg,real_00113.jpeg,test,real,0,baseline,clean,none,0.3299183249473572,0
data\splits\genimage_8000_split_v4\test\real\real_00391.jpeg,real_00391.jpeg,test,real,0,baseline,clean,none,3.0135150154819712e-05,0
data\splits\genimage_8000_split_v4\test\real\real_00303.jpeg,real_00303.jpeg,test,real,0,baseline,clean,none,2.6684524527809117e-06,0
data\splits\genimage_8000_split_v4\test\real\real_00592.jpeg,real_00592.jpeg,test,real,0,baseline,clean,none,2.639634664281749e-18,0
data\splits\genimage_8000_split_v4\test\real\real_00157.jpeg,real_00157.jpeg,test,real,0,baseline,clean,none,0.01668841950595379,0
data\splits\genimage_8000_split_v4\test\real\real_00475.jpeg,real_00475.jpeg,test,real,0,baseline,clean,none,1.5087177416717168e-05,0
data\splits\genimage_8000_split_v4\test\real\real_00071.jpeg,real_00071.jpeg,test,real,0,baseline,clean,none,0.24682694673538208,0
data\splits\genimage_8000_split_v4\test\real\real_00235.jpeg,real_00235.jpeg,test,real,0,baseline,clean,none,8.565558528061956e-05,0
data\splits\genimage_8000_split_v4\test\real\real_00067.jpeg,real_00067.jpeg,test,real,0,baseline,clean,none,0.00022914067085366696,0
data\splits\genimage_8000_split_v4\test\real\real_00502.jpeg,real_00502.jpeg,test,real,0,baseline,clean,none,0.0038639414124190807,0
data\splits\genimage_8000_split_v4\test\real\real_00099.jpeg,real_00099.jpeg,test,real,0,baseline,clean,none,0.10457941889762878,0
data\splits\genimage_8000_split_v4\test\real\real_00508.jpeg,real_00508.jpeg,test,real,0,baseline,clean,none,0.00021826953161507845,0
data\splits\genimage_8000_split_v4\test\real\real_00036.jpeg,real_00036.jpeg,test,real,0,baseline,clean,none,0.0002245537907583639,0
data\splits\genimage_8000_split_v4\test\real\real_00149.jpeg,real_00149.jpeg,test,real,0,baseline,clean,none,5.667061611647206e-11,0
data\splits\genimage_8000_split_v4\test\real\real_00220.jpeg,real_00220.jpeg,test,real,0,baseline,clean,none,0.0004562409012578428,0
data\splits\genimage_8000_split_v4\test\real\real_00418.jpeg,real_00418.jpeg,test,real,0,baseline,clean,none,0.0004557725042104721,0
data\splits\genimage_8000_split_v4\test\real\real_00466.jpeg,real_00466.jpeg,test,real,0,baseline,clean,none,0.37017399072647095,0
data\splits\genimage_8000_split_v4\test\real\real_00120.jpeg,real_00120.jpeg,test,real,0,baseline,clean,none,0.005165216512978077,0
data\splits\genimage_8000_split_v4\test\real\real_00139.jpeg,real_00139.jpeg,test,real,0,baseline,clean,none,0.21002288162708282,0
data\splits\genimage_8000_split_v4\test\real\real_00589.jpeg,real_00589.jpeg,test,real,0,baseline,clean,none,0.9929554462432861,1
data\splits\genimage_8000_split_v4\test\real\real_00276.jpeg,real_00276.jpeg,test,real,0,baseline,clean,none,0.012459964491426945,0
data\splits\genimage_8000_split_v4\test\real\real_00377.jpeg,real_00377.jpeg,test,real,0,baseline,clean,none,0.10919810831546783,0
data\splits\genimage_8000_split_v4\test\real\real_00175.jpeg,real_00175.jpeg,test,real,0,baseline,clean,none,0.10845907032489777,0
data\splits\genimage_8000_split_v4\test\real\real_00001.jpeg,real_00001.jpeg,test,real,0,baseline,clean,none,0.48066797852516174,0
data\splits\genimage_8000_split_v4\test\real\real_00424.jpeg,real_00424.jpeg,test,real,0,baseline,clean,none,7.572762115160003e-06,0
data\splits\genimage_8000_split_v4\test\real\real_00197.jpeg,real_00197.jpeg,test,real,0,baseline,clean,none,0.00018531865498516709,0
data\splits\genimage_8000_split_v4\test\real\real_00246.jpeg,real_00246.jpeg,test,real,0,baseline,clean,none,0.0018830030458047986,0
data\splits\genimage_8000_split_v4\test\real\real_00325.jpeg,real_00325.jpeg,test,real,0,baseline,clean,none,0.005464224610477686,0
data\splits\genimage_8000_split_v4\test\real\real_00150.jpeg,real_00150.jpeg,test,real,0,baseline,clean,none,3.676185755807637e-08,0
data\splits\genimage_8000_split_v4\test\real\real_00501.jpeg,real_00501.jpeg,test,real,0,baseline,clean,none,5.942128336755559e-05,0
data\splits\genimage_8000_split_v4\test\real\real_00428.jpeg,real_00428.jpeg,test,real,0,baseline,clean,none,0.02894766256213188,0
data\splits\genimage_8000_split_v4\test\real\real_00222.jpeg,real_00222.jpeg,test,real,0,baseline,clean,none,0.2022400051355362,0
data\splits\genimage_8000_split_v4\test\real\real_00045.jpeg,real_00045.jpeg,test,real,0,baseline,clean,none,0.013759134337306023,0
data\splits\genimage_8000_split_v4\test\real\real_00338.jpeg,real_00338.jpeg,test,real,0,baseline,clean,none,0.0006691858870908618,0
data\splits\genimage_8000_split_v4\test\real\real_00390.jpeg,real_00390.jpeg,test,real,0,baseline,clean,none,0.00024972204118967056,0
data\splits\genimage_8000_split_v4\test\real\real_00062.jpeg,real_00062.jpeg,test,real,0,baseline,clean,none,0.2789677381515503,0
data\splits\genimage_8000_split_v4\test\real\real_00426.jpeg,real_00426.jpeg,test,real,0,baseline,clean,none,0.0005557842087000608,0
data\splits\genimage_8000_split_v4\test\real\real_00247.jpeg,real_00247.jpeg,test,real,0,baseline,clean,none,0.0973891094326973,0
data\splits\genimage_8000_split_v4\test\real\real_00152.jpeg,real_00152.jpeg,test,real,0,baseline,clean,none,0.005952415056526661,0
data\splits\genimage_8000_split_v4\test\real\real_00156.jpeg,real_00156.jpeg,test,real,0,baseline,clean,none,0.0006159901386126876,0
data\splits\genimage_8000_split_v4\test\real\real_00084.jpeg,real_00084.jpeg,test,real,0,baseline,clean,none,0.013983651995658875,0
data\splits\genimage_8000_split_v4\test\real\real_00212.jpeg,real_00212.jpeg,test,real,0,baseline,clean,none,0.07016132771968842,0
data\splits\genimage_8000_split_v4\test\real\real_00184.jpeg,real_00184.jpeg,test,real,0,baseline,clean,none,0.017554236575961113,0
data\splits\genimage_8000_split_v4\test\real\real_00309.jpeg,real_00309.jpeg,test,real,0,baseline,clean,none,0.0010146023705601692,0
data\splits\genimage_8000_split_v4\test\real\real_00423.jpeg,real_00423.jpeg,test,real,0,baseline,clean,none,0.26035863161087036,0
data\splits\genimage_8000_split_v4\test\real\real_00095.jpeg,real_00095.jpeg,test,real,0,baseline,clean,none,0.0007880890625528991,0
data\splits\genimage_8000_split_v4\test\real\real_00264.jpeg,real_00264.jpeg,test,real,0,baseline,clean,none,0.0050575570203363895,0
data\splits\genimage_8000_split_v4\test\real\real_00105.jpeg,real_00105.jpeg,test,real,0,baseline,clean,none,0.0370674692094326,0
data\splits\genimage_8000_split_v4\test\real\real_00024.jpeg,real_00024.jpeg,test,real,0,baseline,clean,none,1.5927673402416076e-08,0
data\splits\genimage_8000_split_v4\test\real\real_00293.jpeg,real_00293.jpeg,test,real,0,baseline,clean,none,8.58706869166781e-07,0
data\splits\genimage_8000_split_v4\test\real\real_00311.jpeg,real_00311.jpeg,test,real,0,baseline,clean,none,0.009996209293603897,0
data\splits\genimage_8000_split_v4\test\real\real_00032.jpeg,real_00032.jpeg,test,real,0,baseline,clean,none,0.18577761948108673,0
data\splits\genimage_8000_split_v4\test\real\real_00374.jpeg,real_00374.jpeg,test,real,0,baseline,clean,none,3.504941560095176e-05,0
data\splits\genimage_8000_split_v4\test\real\real_00492.jpeg,real_00492.jpeg,test,real,0,baseline,clean,none,6.890577060403302e-05,0
data\splits\genimage_8000_split_v4\test\real\real_00162.jpeg,real_00162.jpeg,test,real,0,baseline,clean,none,0.01921735517680645,0
data\splits\genimage_8000_split_v4\test\real\real_00588.jpeg,real_00588.jpeg,test,real,0,baseline,clean,none,0.0005709174438379705,0
data\splits\genimage_8000_split_v4\test\real\real_00411.jpeg,real_00411.jpeg,test,real,0,baseline,clean,none,0.0004380715254228562,0
data\splits\genimage_8000_split_v4\test\real\real_00241.jpeg,real_00241.jpeg,test,real,0,baseline,clean,none,0.10682664066553116,0
data\splits\genimage_8000_split_v4\test\real\real_00432.jpeg,real_00432.jpeg,test,real,0,baseline,clean,none,0.41888687014579773,0
data\splits\genimage_8000_split_v4\test\real\real_00025.jpeg,real_00025.jpeg,test,real,0,baseline,clean,none,0.0004743170866277069,0
data\splits\genimage_8000_split_v4\test\real\real_00079.jpeg,real_00079.jpeg,test,real,0,baseline,clean,none,0.5753284096717834,1
data\splits\genimage_8000_split_v4\test\real\real_00351.jpeg,real_00351.jpeg,test,real,0,baseline,clean,none,0.10850236564874649,0
data\splits\genimage_8000_split_v4\test\real\real_00590.jpeg,real_00590.jpeg,test,real,0,baseline,clean,none,8.519389638195207e-09,0
data\splits\genimage_8000_split_v4\test\real\real_00240.jpeg,real_00240.jpeg,test,real,0,baseline,clean,none,0.0003077964938711375,0
data\splits\genimage_8000_split_v4\test\real\real_00583.jpeg,real_00583.jpeg,test,real,0,baseline,clean,none,5.835661431774497e-05,0
data\splits\genimage_8000_split_v4\test\real\real_00116.jpeg,real_00116.jpeg,test,real,0,baseline,clean,none,0.11297972500324249,0
data\splits\genimage_8000_split_v4\test\real\real_00081.jpeg,real_00081.jpeg,test,real,0,baseline,clean,none,0.0010228661121800542,0
data\splits\genimage_8000_split_v4\test\real\real_00224.jpeg,real_00224.jpeg,test,real,0,baseline,clean,none,0.07381366193294525,0
data\splits\genimage_8000_split_v4\test\real\real_00372.jpeg,real_00372.jpeg,test,real,0,baseline,clean,none,0.001994336722418666,0
data\splits\genimage_8000_split_v4\test\real\real_00074.jpeg,real_00074.jpeg,test,real,0,baseline,clean,none,0.00039314079913310707,0
data\splits\genimage_8000_split_v4\test\real\real_00555.jpeg,real_00555.jpeg,test,real,0,baseline,clean,none,6.279437911871355e-06,0
data\splits\genimage_8000_split_v4\test\real\real_00399.jpeg,real_00399.jpeg,test,real,0,baseline,clean,none,1.0357701285101939e-05,0
data\splits\genimage_8000_split_v4\test\real\real_00308.jpeg,real_00308.jpeg,test,real,0,baseline,clean,none,0.04377100244164467,0
data\splits\genimage_8000_split_v4\test\real\real_00132.jpeg,real_00132.jpeg,test,real,0,baseline,clean,none,0.11308538168668747,0
data\splits\genimage_8000_split_v4\test\real\real_00478.jpeg,real_00478.jpeg,test,real,0,baseline,clean,none,0.0123081523925066,0
data\splits\genimage_8000_split_v4\test\real\real_00435.jpeg,real_00435.jpeg,test,real,0,baseline,clean,none,5.345084719010629e-05,0
data\splits\genimage_8000_split_v4\test\real\real_00072.jpeg,real_00072.jpeg,test,real,0,baseline,clean,none,0.002832959173247218,0
data\splits\genimage_8000_split_v4\test\real\real_00037.jpeg,real_00037.jpeg,test,real,0,baseline,clean,none,0.49243655800819397,0
data\splits\genimage_8000_split_v4\test\real\real_00272.jpeg,real_00272.jpeg,test,real,0,baseline,clean,none,0.973100483417511,1
data\splits\genimage_8000_split_v4\test\real\real_00102.jpeg,real_00102.jpeg,test,real,0,baseline,clean,none,0.04124689847230911,0
data\splits\genimage_8000_split_v4\test\real\real_00044.jpeg,real_00044.jpeg,test,real,0,baseline,clean,none,0.05690177530050278,0
data\splits\genimage_8000_split_v4\test\real\real_00546.jpeg,real_00546.jpeg,test,real,0,baseline,clean,none,0.01065805647522211,0
data\splits\genimage_8000_split_v4\test\real\real_00146.jpeg,real_00146.jpeg,test,real,0,baseline,clean,none,4.247950346325524e-05,0
data\splits\genimage_8000_split_v4\test\real\real_00361.jpeg,real_00361.jpeg,test,real,0,baseline,clean,none,0.002781862858682871,0
data\splits\genimage_8000_split_v4\test\real\real_00498.jpeg,real_00498.jpeg,test,real,0,baseline,clean,none,0.6176325678825378,1
data\splits\genimage_8000_split_v4\test\real\real_00567.jpeg,real_00567.jpeg,test,real,0,baseline,clean,none,1.198838077698383e-07,0
data\splits\genimage_8000_split_v4\test\real\real_00229.jpeg,real_00229.jpeg,test,real,0,baseline,clean,none,0.0008916962542571127,0
data\splits\genimage_8000_split_v4\test\real\real_00573.jpeg,real_00573.jpeg,test,real,0,baseline,clean,none,6.612752258661203e-06,0
data\splits\genimage_8000_split_v4\test\real\real_00452.jpeg,real_00452.jpeg,test,real,0,baseline,clean,none,0.13261860609054565,0
data\splits\genimage_8000_split_v4\test\real\real_00258.jpeg,real_00258.jpeg,test,real,0,baseline,clean,none,0.08797513693571091,0
data\splits\genimage_8000_split_v4\test\real\real_00581.jpeg,real_00581.jpeg,test,real,0,baseline,clean,none,0.01230369508266449,0
data\splits\genimage_8000_split_v4\test\real\real_00340.jpeg,real_00340.jpeg,test,real,0,baseline,clean,none,0.12246736139059067,0
data\splits\genimage_8000_split_v4\test\real\real_00516.jpeg,real_00516.jpeg,test,real,0,baseline,clean,none,0.0014521131524816155,0
data\splits\genimage_8000_split_v4\test\real\real_00524.jpeg,real_00524.jpeg,test,real,0,baseline,clean,none,0.0008374238386750221,0
data\splits\genimage_8000_split_v4\test\real\real_00554.jpeg,real_00554.jpeg,test,real,0,baseline,clean,none,0.0019298071274533868,0
data\splits\genimage_8000_split_v4\test\real\real_00299.jpeg,real_00299.jpeg,test,real,0,baseline,clean,none,1.3819738242659696e-08,0
data\splits\genimage_8000_split_v4\test\real\real_00439.jpeg,real_00439.jpeg,test,real,0,baseline,clean,none,0.001557924086228013,0
data\splits\genimage_8000_split_v4\test\real\real_00166.jpeg,real_00166.jpeg,test,real,0,baseline,clean,none,9.015603836814989e-07,0
data\splits\genimage_8000_split_v4\test\real\real_00392.jpeg,real_00392.jpeg,test,real,0,baseline,clean,none,0.03580290079116821,0
data\splits\genimage_8000_split_v4\test\real\real_00086.jpeg,real_00086.jpeg,test,real,0,baseline,clean,none,8.680946848471649e-06,0
data\splits\genimage_8000_split_v4\test\real\real_00537.jpeg,real_00537.jpeg,test,real,0,baseline,clean,none,0.2629873752593994,0
data\splits\genimage_8000_split_v4\test\real\real_00431.jpeg,real_00431.jpeg,test,real,0,baseline,clean,none,4.9712121835909784e-05,0
data\splits\genimage_8000_split_v4\test\real\real_00389.jpeg,real_00389.jpeg,test,real,0,baseline,clean,none,4.71121438749833e-06,0
data\splits\genimage_8000_split_v4\test\real\real_00534.jpeg,real_00534.jpeg,test,real,0,baseline,clean,none,1.1788960364356171e-05,0
data\splits\genimage_8000_split_v4\test\real\real_00541.jpeg,real_00541.jpeg,test,real,0,baseline,clean,none,1.7572649113617445e-08,0
data\splits\genimage_8000_split_v4\test\real\real_00094.jpeg,real_00094.jpeg,test,real,0,baseline,clean,none,0.9842897057533264,1
data\splits\genimage_8000_split_v4\test\real\real_00226.jpeg,real_00226.jpeg,test,real,0,baseline,clean,none,0.0006760695832781494,0
data\splits\genimage_8000_split_v4\test\real\real_00200.jpeg,real_00200.jpeg,test,real,0,baseline,clean,none,0.005591738037765026,0
data\splits\genimage_8000_split_v4\test\real\real_00330.jpeg,real_00330.jpeg,test,real,0,baseline,clean,none,0.0057097687385976315,0
data\splits\genimage_8000_split_v4\test\real\real_00091.jpeg,real_00091.jpeg,test,real,0,baseline,clean,none,0.29710644483566284,0
data\splits\genimage_8000_split_v4\test\real\real_00472.jpeg,real_00472.jpeg,test,real,0,baseline,clean,none,3.332637985020703e-11,0
data\splits\genimage_8000_split_v4\test\real\real_00493.jpeg,real_00493.jpeg,test,real,0,baseline,clean,none,1.9984806840511737e-06,0
data\splits\genimage_8000_split_v4\test\real\real_00053.jpeg,real_00053.jpeg,test,real,0,baseline,clean,none,1.2866881604622904e-07,0
data\splits\genimage_8000_split_v4\test\real\real_00298.jpeg,real_00298.jpeg,test,real,0,baseline,clean,none,0.021896347403526306,0
data\splits\genimage_8000_split_v4\test\real\real_00366.jpeg,real_00366.jpeg,test,real,0,baseline,clean,none,0.0016277225222438574,0
data\splits\genimage_8000_split_v4\test\real\real_00182.jpeg,real_00182.jpeg,test,real,0,baseline,clean,none,2.0043205950059928e-05,0
data\splits\genimage_8000_split_v4\test\real\real_00490.jpeg,real_00490.jpeg,test,real,0,baseline,clean,none,0.007143194321542978,0
data\splits\genimage_8000_split_v4\test\real\real_00593.jpeg,real_00593.jpeg,test,real,0,baseline,clean,none,0.25834569334983826,0
data\splits\genimage_8000_split_v4\test\real\real_00137.jpeg,real_00137.jpeg,test,real,0,baseline,clean,none,0.02331690862774849,0
data\splits\genimage_8000_split_v4\test\real\real_00314.jpeg,real_00314.jpeg,test,real,0,baseline,clean,none,0.06628374010324478,0
data\splits\genimage_8000_split_v4\test\real\real_00471.jpeg,real_00471.jpeg,test,real,0,baseline,clean,none,0.011898191645741463,0
data\splits\genimage_8000_split_v4\test\real\real_00365.jpeg,real_00365.jpeg,test,real,0,baseline,clean,none,0.0007300575380213559,0
data\splits\genimage_8000_split_v4\test\real\real_00042.jpeg,real_00042.jpeg,test,real,0,baseline,clean,none,1.9132784245812218e-09,0
data\splits\genimage_8000_split_v4\test\real\real_00448.jpeg,real_00448.jpeg,test,real,0,baseline,clean,none,0.31307747960090637,0
data\splits\genimage_8000_split_v4\test\real\real_00188.jpeg,real_00188.jpeg,test,real,0,baseline,clean,none,1.3208518794272095e-06,0
data\splits\genimage_8000_split_v4\test\real\real_00245.jpeg,real_00245.jpeg,test,real,0,baseline,clean,none,0.19869869947433472,0
data\splits\genimage_8000_split_v4\test\real\real_00509.jpeg,real_00509.jpeg,test,real,0,baseline,clean,none,5.187544957152568e-06,0
data\splits\genimage_8000_split_v4\test\real\real_00265.jpeg,real_00265.jpeg,test,real,0,baseline,clean,none,0.000570976291783154,0
data\splits\genimage_8000_split_v4\test\real\real_00443.jpeg,real_00443.jpeg,test,real,0,baseline,clean,none,0.00014565589663106948,0
data\splits\genimage_8000_split_v4\test\real\real_00284.jpeg,real_00284.jpeg,test,real,0,baseline,clean,none,0.00271301600150764,0
data\splits\genimage_8000_split_v4\test\real\real_00386.jpeg,real_00386.jpeg,test,real,0,baseline,clean,none,7.732348421995994e-06,0
data\splits\genimage_8000_split_v4\test\real\real_00548.jpeg,real_00548.jpeg,test,real,0,baseline,clean,none,1.3649822676597978e-06,0
data\splits\genimage_8000_split_v4\test\real\real_00487.jpeg,real_00487.jpeg,test,real,0,baseline,clean,none,0.00019720193813554943,0
data\splits\genimage_8000_split_v4\test\real\real_00549.jpeg,real_00549.jpeg,test,real,0,baseline,clean,none,0.7486872673034668,1
data\splits\genimage_8000_split_v4\test\real\real_00315.jpeg,real_00315.jpeg,test,real,0,baseline,clean,none,3.9133861719165e-05,0
data\splits\genimage_8000_split_v4\test\real\real_00464.jpeg,real_00464.jpeg,test,real,0,baseline,clean,none,0.0008533810614608228,0
data\splits\genimage_8000_split_v4\test\ai\midjourney_00068.png,midjourney_00068.png,test,midjourney,1,baseline,clean,none,0.01764982007443905,0
data\splits\genimage_8000_split_v4\test\ai\vqdm_00062.png,vqdm_00062.png,test,vqdm,1,baseline,clean,none,0.21103893220424652,0
data\splits\genimage_8000_split_v4\test\ai\adm_00019.png,adm_00019.png,test,adm,1,baseline,clean,none,0.9993763566017151,1
data\splits\genimage_8000_split_v4\test\ai\midjourney_00077.png,midjourney_00077.png,test,midjourney,1,baseline,clean,none,0.0006826963508501649,0
data\splits\genimage_8000_split_v4\test\ai\adm_00074.png,adm_00074.png,test,adm,1,baseline,clean,none,0.9999986886978149,1
data\splits\genimage_8000_split_v4\test\ai\wukong_00038.png,wukong_00038.png,test,wukong,1,baseline,clean,none,0.9999681711196899,1
data\splits\genimage_8000_split_v4\test\ai\biggan_00049.png,biggan_00049.png,test,biggan,1,baseline,clean,none,0.9986304044723511,1
data\splits\genimage_8000_split_v4\test\ai\midjourney_00036.png,midjourney_00036.png,test,midjourney,1,baseline,clean,none,0.5640317797660828,1
data\splits\genimage_8000_split_v4\test\ai\glide_00074.png,glide_00074.png,test,glide,1,baseline,clean,none,0.9997509121894836,1
data\splits\genimage_8000_split_v4\test\ai\sdv5_00043.png,sdv5_00043.png,test,sdv5,1,baseline,clean,none,0.25008177757263184,0
data\splits\genimage_8000_split_v4\test\ai\wukong_00067.png,wukong_00067.png,test,wukong,1,baseline,clean,none,0.9916142225265503,1
data\splits\genimage_8000_split_v4\test\ai\vqdm_00041.png,vqdm_00041.png,test,vqdm,1,baseline,clean,none,0.9551100134849548,1
data\splits\genimage_8000_split_v4\test\ai\wukong_00066.png,wukong_00066.png,test,wukong,1,baseline,clean,none,0.12809999287128448,0
data\splits\genimage_8000_split_v4\test\ai\vqdm_00061.png,vqdm_00061.png,test,vqdm,1,baseline,clean,none,1.0,1
data\splits\genimage_8000_split_v4\test\ai\biggan_00010.png,biggan_00010.png,test,biggan,1,baseline,clean,none,1.0,1
data\splits\genimage_8000_split_v4\test\ai\midjourney_00011.png,midjourney_00011.png,test,midjourney,1,baseline,clean,none,0.9997932314872742,1
data\splits\genimage_8000_split_v4\test\ai\adm_00067.png,adm_00067.png,test,adm,1,baseline,clean,none,0.9999587535858154,1
data\splits\genimage_8000_split_v4\test\ai\adm_00063.png,adm_00063.png,test,adm,1,baseline,clean,none,0.9997383952140808,1
data\splits\genimage_8000_split_v4\test\ai\wukong_00015.png,wukong_00015.png,test,wukong,1,baseline,clean,none,0.9637126922607422,1
data\splits\genimage_8000_split_v4\test\ai\vqdm_00004.png,vqdm_00004.png,test,vqdm,1,baseline,clean,none,0.9690579175949097,1
data\splits\genimage_8000_split_v4\test\ai\midjourney_00005.png,midjourney_00005.png,test,midjourney,1,baseline,clean,none,0.5040595531463623,1
data\splits\genimage_8000_split_v4\test\ai\adm_00014.png,adm_00014.png,test,adm,1,baseline,clean,none,1.0,1
data\splits\genimage_8000_split_v4\test\ai\glide_00069.png,glide_00069.png,test,glide,1,baseline,clean,none,0.9999985694885254,1
data\splits\genimage_8000_split_v4\test\ai\vqdm_00010.png,vqdm_00010.png,test,vqdm,1,baseline,clean,none,1.0,1
data\splits\genimage_8000_split_v4\test\ai\sdv5_00046.png,sdv5_00046.png,test,sdv5,1,baseline,clean,none,0.9993287324905396,1
data\splits\genimage_8000_split_v4\test\ai\wukong_00023.png,wukong_00023.png,test,wukong,1,baseline,clean,none,0.902436375617981,1
data\splits\genimage_8000_split_v4\test\ai\midjourney_00074.png,midjourney_00074.png,test,midjourney,1,baseline,clean,none,0.8814974427223206,1
data\splits\genimage_8000_split_v4\test\ai\midjourney_00039.png,midjourney_00039.png,test,midjourney,1,baseline,clean,none,0.932361900806427,1
data\splits\genimage_8000_split_v4\test\ai\vqdm_00024.png,vqdm_00024.png,test,vqdm,1,baseline,clean,none,0.9999978542327881,1
data\splits\genimage_8000_split_v4\test\ai\wukong_00075.png,wukong_00075.png,test,wukong,1,baseline,clean,none,0.8963252902030945,1
data\splits\genimage_8000_split_v4\test\ai\biggan_00050.png,biggan_00050.png,test,biggan,1,baseline,clean,none,1.0,1
data\splits\genimage_8000_split_v4\test\ai\midjourney_00059.png,midjourney_00059.png,test,midjourney,1,baseline,clean,none,0.7453251481056213,1
data\splits\genimage_8000_split_v4\test\ai\biggan_00029.png,biggan_00029.png,test,biggan,1,baseline,clean,none,0.9999998807907104,1
data\splits\genimage_8000_split_v4\test\ai\sdv5_00039.png,sdv5_00039.png,test,sdv5,1,baseline,clean,none,0.9947152733802795,1
data\splits\genimage_8000_split_v4\test\ai\glide_00061.png,glide_00061.png,test,glide,1,baseline,clean,none,0.12906190752983093,0
data\splits\genimage_8000_split_v4\test\ai\biggan_00012.png,biggan_00012.png,test,biggan,1,baseline,clean,none,0.9999901056289673,1
data\splits\genimage_8000_split_v4\test\ai\biggan_00080.png,biggan_00080.png,test,biggan,1,baseline,clean,none,1.0,1
data\splits\genimage_8000_split_v4\test\ai\glide_00053.png,glide_00053.png,test,glide,1,baseline,clean,none,0.9964936375617981,1
data\splits\genimage_8000_split_v4\test\ai\vqdm_00006.png,vqdm_00006.png,test,vqdm,1,baseline,clean,none,0.8679614663124084,1
data\splits\genimage_8000_split_v4\test\ai\adm_00023.png,adm_00023.png,test,adm,1,baseline,clean,none,1.0,1
data\splits\genimage_8000_split_v4\test\ai\sdv5_00054.png,sdv5_00054.png,test,sdv5,1,baseline,clean,none,0.9988884329795837,1
data\splits\genimage_8000_split_v4\test\ai\midjourney_00021.png,midjourney_00021.png,test,midjourney,1,baseline,clean,none,0.9956240057945251,1
data\splits\genimage_8000_split_v4\test\ai\vqdm_00065.png,vqdm_00065.png,test,vqdm,1,baseline,clean,none,0.10036002844572067,0
data\splits\genimage_8000_split_v4\test\ai\biggan_00055.png,biggan_00055.png,test,biggan,1,baseline,clean,none,0.9999744892120361,1
data\splits\genimage_8000_split_v4\test\ai\wukong_00003.png,wukong_00003.png,test,wukong,1,baseline,clean,none,0.9993945360183716,1
data\splits\genimage_8000_split_v4\test\ai\biggan_00022.png,biggan_00022.png,test,biggan,1,baseline,clean,none,0.9720577001571655,1
data\splits\genimage_8000_split_v4\test\ai\biggan_00081.png,biggan_00081.png,test,biggan,1,baseline,clean,none,0.7348662614822388,1
data\splits\genimage_8000_split_v4\test\ai\vqdm_00049.png,vqdm_00049.png,test,vqdm,1,baseline,clean,none,0.963546097278595,1
data\splits\genimage_8000_split_v4\test\ai\sdv5_00076.png,sdv5_00076.png,test,sdv5,1,baseline,clean,none,0.9999337196350098,1
data\splits\genimage_8000_split_v4\test\ai\vqdm_00011.png,vqdm_00011.png,test,vqdm,1,baseline,clean,none,0.996867835521698,1
data\splits\genimage_8000_split_v4\test\ai\adm_00039.png,adm_00039.png,test,adm,1,baseline,clean,none,1.0,1
data\splits\genimage_8000_split_v4\test\ai\glide_00023.png,glide_00023.png,test,glide,1,baseline,clean,none,0.9986395239830017,1
data\splits\genimage_8000_split_v4\test\ai\sdv5_00063.png,sdv5_00063.png,test,sdv5,1,baseline,clean,none,0.9976133108139038,1
data\splits\genimage_8000_split_v4\test\ai\biggan_00059.png,biggan_00059.png,test,biggan,1,baseline,clean,none,0.9999996423721313,1
data\splits\genimage_8000_split_v4\test\ai\glide_00015.png,glide_00015.png,test,glide,1,baseline,clean,none,0.9999996423721313,1
data\splits\genimage_8000_split_v4\test\ai\wukong_00047.png,wukong_00047.png,test,wukong,1,baseline,clean,none,0.9318459630012512,1
data\splits\genimage_8000_split_v4\test\ai\vqdm_00037.png,vqdm_00037.png,test,vqdm,1,baseline,clean,none,0.99153733253479,1
data\splits\genimage_8000_split_v4\test\ai\wukong_00080.png,wukong_00080.png,test,wukong,1,baseline,clean,none,0.9999887943267822,1
data\splits\genimage_8000_split_v4\test\ai\midjourney_00076.png,midjourney_00076.png,test,midjourney,1,baseline,clean,none,0.9986183643341064,1
data\splits\genimage_8000_split_v4\test\ai\sdv5_00061.png,sdv5_00061.png,test,sdv5,1,baseline,clean,none,0.9999998807907104,1
data\splits\genimage_8000_split_v4\test\ai\adm_00029.png,adm_00029.png,test,adm,1,baseline,clean,none,0.9999949932098389,1
data\splits\genimage_8000_split_v4\test\ai\glide_00039.png,glide_00039.png,test,glide,1,baseline,clean,none,0.9999997615814209,1
data\splits\genimage_8000_split_v4\test\ai\adm_00072.png,adm_00072.png,test,adm,1,baseline,clean,none,0.9975996613502502,1
data\splits\genimage_8000_split_v4\test\ai\sdv5_00051.png,sdv5_00051.png,test,sdv5,1,baseline,clean,none,1.0,1
data\splits\genimage_8000_split_v4\test\ai\sdv5_00066.png,sdv5_00066.png,test,sdv5,1,baseline,clean,none,0.8486893177032471,1
data\splits\genimage_8000_split_v4\test\ai\midjourney_00078.png,midjourney_00078.png,test,midjourney,1,baseline,clean,none,0.9999891519546509,1
data\splits\genimage_8000_split_v4\test\ai\vqdm_00017.png,vqdm_00017.png,test,vqdm,1,baseline,clean,none,0.012247452512383461,0
data\splits\genimage_8000_split_v4\test\ai\sdv5_00073.png,sdv5_00073.png,test,sdv5,1,baseline,clean,none,0.9980292916297913,1
data\splits\genimage_8000_split_v4\test\ai\midjourney_00045.png,midjourney_00045.png,test,midjourney,1,baseline,clean,none,0.9306157827377319,1
data\splits\genimage_8000_split_v4\test\ai\vqdm_00073.png,vqdm_00073.png,test,vqdm,1,baseline,clean,none,0.6919798254966736,1
data\splits\genimage_8000_split_v4\test\ai\sdv5_00008.png,sdv5_00008.png,test,sdv5,1,baseline,clean,none,0.9999840259552002,1
data\splits\genimage_8000_split_v4\test\ai\midjourney_00061.png,midjourney_00061.png,test,midjourney,1,baseline,clean,none,0.049863576889038086,0
data\splits\genimage_8000_split_v4\test\ai\adm_00015.png,adm_00015.png,test,adm,1,baseline,clean,none,0.9999998807907104,1
data\splits\genimage_8000_split_v4\test\ai\vqdm_00068.png,vqdm_00068.png,test,vqdm,1,baseline,clean,none,0.9833974242210388,1
data\splits\genimage_8000_split_v4\test\ai\midjourney_00053.png,midjourney_00053.png,test,midjourney,1,baseline,clean,none,0.9999982118606567,1
data\splits\genimage_8000_split_v4\test\ai\sdv5_00050.png,sdv5_00050.png,test,sdv5,1,baseline,clean,none,0.999581515789032,1
data\splits\genimage_8000_split_v4\test\ai\glide_00050.png,glide_00050.png,test,glide,1,baseline,clean,none,0.9999998807907104,1
data\splits\genimage_8000_split_v4\test\ai\midjourney_00069.png,midjourney_00069.png,test,midjourney,1,baseline,clean,none,0.6049802899360657,1
data\splits\genimage_8000_split_v4\test\ai\glide_00038.png,glide_00038.png,test,glide,1,baseline,clean,none,0.9997575879096985,1
data\splits\genimage_8000_split_v4\test\ai\biggan_00011.png,biggan_00011.png,test,biggan,1,baseline,clean,none,0.9813119769096375,1
data\splits\genimage_8000_split_v4\test\ai\biggan_00082.png,biggan_00082.png,test,biggan,1,baseline,clean,none,0.9999754428863525,1
data\splits\genimage_8000_split_v4\test\ai\wukong_00005.png,wukong_00005.png,test,wukong,1,baseline,clean,none,0.999893069267273,1
data\splits\genimage_8000_split_v4\test\ai\wukong_00014.png,wukong_00014.png,test,wukong,1,baseline,clean,none,0.999941349029541,1
data\splits\genimage_8000_split_v4\test\ai\midjourney_00071.png,midjourney_00071.png,test,midjourney,1,baseline,clean,none,0.006289463955909014,0
data\splits\genimage_8000_split_v4\test\ai\midjourney_00009.png,midjourney_00009.png,test,midjourney,1,baseline,clean,none,0.6986677050590515,1
data\splits\genimage_8000_split_v4\test\ai\midjourney_00044.png,midjourney_00044.png,test,midjourney,1,baseline,clean,none,0.9753853678703308,1
data\splits\genimage_8000_split_v4\test\ai\biggan_00017.png,biggan_00017.png,test,biggan,1,baseline,clean,none,0.9999397993087769,1
data\splits\genimage_8000_split_v4\test\ai\glide_00082.png,glide_00082.png,test,glide,1,baseline,clean,none,0.9988476037979126,1
data\splits\genimage_8000_split_v4\test\ai\glide_00037.png,glide_00037.png,test,glide,1,baseline,clean,none,0.3789370357990265,0
data\splits\genimage_8000_split_v4\test\ai\adm_00027.png,adm_00027.png,test,adm,1,baseline,clean,none,0.9999276399612427,1
data\splits\genimage_8000_split_v4\test\ai\midjourney_00024.png,midjourney_00024.png,test,midjourney,1,baseline,clean,none,0.999998927116394,1
data\splits\genimage_8000_split_v4\test\ai\glide_00033.png,glide_00033.png,test,glide,1,baseline,clean,none,0.9999980926513672,1
data\splits\genimage_8000_split_v4\test\ai\midjourney_00007.png,midjourney_00007.png,test,midjourney,1,baseline,clean,none,0.9855965971946716,1
data\splits\genimage_8000_split_v4\test\ai\sdv5_00072.png,sdv5_00072.png,test,sdv5,1,baseline,clean,none,0.6935890913009644,1
data\splits\genimage_8000_split_v4\test\ai\wukong_00022.png,wukong_00022.png,test,wukong,1,baseline,clean,none,0.9985824823379517,1
data\splits\genimage_8000_split_v4\test\ai\vqdm_00032.png,vqdm_00032.png,test,vqdm,1,baseline,clean,none,0.0009836176177486777,0
data\splits\genimage_8000_split_v4\test\ai\glide_00009.png,glide_00009.png,test,glide,1,baseline,clean,none,1.0,1
data\splits\genimage_8000_split_v4\test\ai\biggan_00030.png,biggan_00030.png,test,biggan,1,baseline,clean,none,0.982954204082489,1
data\splits\genimage_8000_split_v4\test\ai\wukong_00057.png,wukong_00057.png,test,wukong,1,baseline,clean,none,0.9589765667915344,1
data\splits\genimage_8000_split_v4\test\ai\adm_00079.png,adm_00079.png,test,adm,1,baseline,clean,none,1.0,1
data\splits\genimage_8000_split_v4\test\ai\vqdm_00031.png,vqdm_00031.png,test,vqdm,1,baseline,clean,none,0.9879751801490784,1
data\splits\genimage_8000_split_v4\test\ai\glide_00010.png,glide_00010.png,test,glide,1,baseline,clean,none,1.0,1
data\splits\genimage_8000_split_v4\test\ai\wukong_00009.png,wukong_00009.png,test,wukong,1,baseline,clean,none,0.9984757304191589,1
data\splits\genimage_8000_split_v4\test\ai\glide_00013.png,glide_00013.png,test,glide,1,baseline,clean,none,0.9995630383491516,1
data\splits\genimage_8000_split_v4\test\ai\vqdm_00023.png,vqdm_00023.png,test,vqdm,1,baseline,clean,none,0.5619804263114929,1
data\splits\genimage_8000_split_v4\test\ai\sdv5_00011.png,sdv5_00011.png,test,sdv5,1,baseline,clean,none,0.9888867735862732,1
data\splits\genimage_8000_split_v4\test\ai\sdv5_00047.png,sdv5_00047.png,test,sdv5,1,baseline,clean,none,0.999991774559021,1
data\splits\genimage_8000_split_v4\test\ai\sdv5_00009.png,sdv5_00009.png,test,sdv5,1,baseline,clean,none,0.9700915813446045,1
data\splits\genimage_8000_split_v4\test\ai\sdv5_00010.png,sdv5_00010.png,test,sdv5,1,baseline,clean,none,0.9339901208877563,1
data\splits\genimage_8000_split_v4\test\ai\glide_00076.png,glide_00076.png,test,glide,1,baseline,clean,none,1.0,1
data\splits\genimage_8000_split_v4\test\ai\adm_00081.png,adm_00081.png,test,adm,1,baseline,clean,none,0.999998927116394,1
data\splits\genimage_8000_split_v4\test\ai\sdv5_00023.png,sdv5_00023.png,test,sdv5,1,baseline,clean,none,0.9999780654907227,1
data\splits\genimage_8000_split_v4\test\ai\biggan_00003.png,biggan_00003.png,test,biggan,1,baseline,clean,none,0.9998847246170044,1
data\splits\genimage_8000_split_v4\test\ai\wukong_00061.png,wukong_00061.png,test,wukong,1,baseline,clean,none,0.6361591815948486,1
data\splits\genimage_8000_split_v4\test\ai\adm_00085.png,adm_00085.png,test,adm,1,baseline,clean,none,0.9870033860206604,1
data\splits\genimage_8000_split_v4\test\ai\midjourney_00014.png,midjourney_00014.png,test,midjourney,1,baseline,clean,none,0.9556778073310852,1
data\splits\genimage_8000_split_v4\test\ai\vqdm_00042.png,vqdm_00042.png,test,vqdm,1,baseline,clean,none,0.9991068243980408,1
data\splits\genimage_8000_split_v4\test\ai\wukong_00076.png,wukong_00076.png,test,wukong,1,baseline,clean,none,0.9993108510971069,1
data\splits\genimage_8000_split_v4\test\ai\vqdm_00035.png,vqdm_00035.png,test,vqdm,1,baseline,clean,none,0.6531538963317871,1
data\splits\genimage_8000_split_v4\test\ai\sdv5_00037.png,sdv5_00037.png,test,sdv5,1,baseline,clean,none,0.6762850284576416,1
data\splits\genimage_8000_split_v4\test\ai\biggan_00000.png,biggan_00000.png,test,biggan,1,baseline,clean,none,0.9999964237213135,1
data\splits\genimage_8000_split_v4\test\ai\sdv5_00053.png,sdv5_00053.png,test,sdv5,1,baseline,clean,none,0.9999991655349731,1
data\splits\genimage_8000_split_v4\test\ai\midjourney_00034.png,midjourney_00034.png,test,midjourney,1,baseline,clean,none,0.9968716502189636,1
data\splits\genimage_8000_split_v4\test\ai\wukong_00033.png,wukong_00033.png,test,wukong,1,baseline,clean,none,0.9432145953178406,1
data\splits\genimage_8000_split_v4\test\ai\glide_00011.png,glide_00011.png,test,glide,1,baseline,clean,none,0.9996238946914673,1
data\splits\genimage_8000_split_v4\test\ai\glide_00008.png,glide_00008.png,test,glide,1,baseline,clean,none,0.9999998807907104,1
data\splits\genimage_8000_split_v4\test\ai\adm_00044.png,adm_00044.png,test,adm,1,baseline,clean,none,0.9836861491203308,1
data\splits\genimage_8000_split_v4\test\ai\sdv5_00029.png,sdv5_00029.png,test,sdv5,1,baseline,clean,none,0.9999747276306152,1
data\splits\genimage_8000_split_v4\test\ai\sdv5_00081.png,sdv5_00081.png,test,sdv5,1,baseline,clean,none,0.9999904632568359,1
data\splits\genimage_8000_split_v4\test\ai\sdv5_00040.png,sdv5_00040.png,test,sdv5,1,baseline,clean,none,0.5059831142425537,1
data\splits\genimage_8000_split_v4\test\ai\adm_00042.png,adm_00042.png,test,adm,1,baseline,clean,none,0.9999736547470093,1
data\splits\genimage_8000_split_v4\test\ai\sdv5_00059.png,sdv5_00059.png,test,sdv5,1,baseline,clean,none,0.9613252878189087,1
data\splits\genimage_8000_split_v4\test\ai\wukong_00017.png,wukong_00017.png,test,wukong,1,baseline,clean,none,0.9999291896820068,1
data\splits\genimage_8000_split_v4\test\ai\wukong_00058.png,wukong_00058.png,test,wukong,1,baseline,clean,none,0.9999986886978149,1
data\splits\genimage_8000_split_v4\test\ai\adm_00086.png,adm_00086.png,test,adm,1,baseline,clean,none,0.9999998807907104,1
data\splits\genimage_8000_split_v4\test\ai\midjourney_00049.png,midjourney_00049.png,test,midjourney,1,baseline,clean,none,0.979606568813324,1
data\splits\genimage_8000_split_v4\test\ai\midjourney_00065.png,midjourney_00065.png,test,midjourney,1,baseline,clean,none,0.9999998807907104,1
data\splits\genimage_8000_split_v4\test\ai\midjourney_00006.png,midjourney_00006.png,test,midjourney,1,baseline,clean,none,0.9836236238479614,1
data\splits\genimage_8000_split_v4\test\ai\wukong_00079.png,wukong_00079.png,test,wukong,1,baseline,clean,none,0.9995296001434326,1
data\splits\genimage_8000_split_v4\test\ai\sdv5_00085.png,sdv5_00085.png,test,sdv5,1,baseline,clean,none,1.0,1
data\splits\genimage_8000_split_v4\test\ai\sdv5_00065.png,sdv5_00065.png,test,sdv5,1,baseline,clean,none,0.9650469422340393,1
data\splits\genimage_8000_split_v4\test\ai\wukong_00037.png,wukong_00037.png,test,wukong,1,baseline,clean,none,0.9772694110870361,1
data\splits\genimage_8000_split_v4\test\ai\biggan_00032.png,biggan_00032.png,test,biggan,1,baseline,clean,none,0.9998036026954651,1
data\splits\genimage_8000_split_v4\test\ai\wukong_00011.png,wukong_00011.png,test,wukong,1,baseline,clean,none,0.999976634979248,1
data\splits\genimage_8000_split_v4\test\ai\biggan_00053.png,biggan_00053.png,test,biggan,1,baseline,clean,none,1.0,1
data\splits\genimage_8000_split_v4\test\ai\sdv5_00005.png,sdv5_00005.png,test,sdv5,1,baseline,clean,none,0.9783217310905457,1
data\splits\genimage_8000_split_v4\test\ai\adm_00057.png,adm_00057.png,test,adm,1,baseline,clean,none,0.9751171469688416,1
data\splits\genimage_8000_split_v4\test\ai\wukong_00024.png,wukong_00024.png,test,wukong,1,baseline,clean,none,0.9949972629547119,1
data\splits\genimage_8000_split_v4\test\ai\glide_00056.png,glide_00056.png,test,glide,1,baseline,clean,none,1.0,1
data\splits\genimage_8000_split_v4\test\ai\adm_00004.png,adm_00004.png,test,adm,1,baseline,clean,none,1.0,1
data\splits\genimage_8000_split_v4\test\ai\midjourney_00081.png,midjourney_00081.png,test,midjourney,1,baseline,clean,none,0.00037848108331672847,0
data\splits\genimage_8000_split_v4\test\ai\sdv5_00083.png,sdv5_00083.png,test,sdv5,1,baseline,clean,none,0.047517940402030945,0
data\splits\genimage_8000_split_v4\test\ai\glide_00042.png,glide_00042.png,test,glide,1,baseline,clean,none,0.9999750852584839,1
data\splits\genimage_8000_split_v4\test\ai\glide_00029.png,glide_00029.png,test,glide,1,baseline,clean,none,0.8319520354270935,1
data\splits\genimage_8000_split_v4\test\ai\vqdm_00022.png,vqdm_00022.png,test,vqdm,1,baseline,clean,none,0.99928218126297,1
data\splits\genimage_8000_split_v4\test\ai\adm_00007.png,adm_00007.png,test,adm,1,baseline,clean,none,0.9999793767929077,1
data\splits\genimage_8000_split_v4\test\ai\vqdm_00082.png,vqdm_00082.png,test,vqdm,1,baseline,clean,none,0.34297454357147217,0
data\splits\genimage_8000_split_v4\test\ai\glide_00052.png,glide_00052.png,test,glide,1,baseline,clean,none,1.0,1
data\splits\genimage_8000_split_v4\test\ai\adm_00066.png,adm_00066.png,test,adm,1,baseline,clean,none,0.9740176200866699,1
data\splits\genimage_8000_split_v4\test\ai\sdv5_00026.png,sdv5_00026.png,test,sdv5,1,baseline,clean,none,0.5156049132347107,1
data\splits\genimage_8000_split_v4\test\ai\wukong_00004.png,wukong_00004.png,test,wukong,1,baseline,clean,none,0.9999963045120239,1
data\splits\genimage_8000_split_v4\test\ai\wukong_00034.png,wukong_00034.png,test,wukong,1,baseline,clean,none,0.9997310042381287,1
data\splits\genimage_8000_split_v4\test\ai\adm_00073.png,adm_00073.png,test,adm,1,baseline,clean,none,0.9999997615814209,1
data\splits\genimage_8000_split_v4\test\ai\sdv5_00056.png,sdv5_00056.png,test,sdv5,1,baseline,clean,none,0.9011369347572327,1
data\splits\genimage_8000_split_v4\test\ai\adm_00050.png,adm_00050.png,test,adm,1,baseline,clean,none,0.9915334582328796,1
data\splits\genimage_8000_split_v4\test\ai\biggan_00004.png,biggan_00004.png,test,biggan,1,baseline,clean,none,0.999955415725708,1
data\splits\genimage_8000_split_v4\test\ai\midjourney_00063.png,midjourney_00063.png,test,midjourney,1,baseline,clean,none,0.9130178689956665,1
data\splits\genimage_8000_split_v4\test\ai\glide_00007.png,glide_00007.png,test,glide,1,baseline,clean,none,0.9451491832733154,1
data\splits\genimage_8000_split_v4\test\ai\vqdm_00059.png,vqdm_00059.png,test,vqdm,1,baseline,clean,none,0.4742571711540222,0
data\splits\genimage_8000_split_v4\test\ai\midjourney_00051.png,midjourney_00051.png,test,midjourney,1,baseline,clean,none,0.14375440776348114,0
data\splits\genimage_8000_split_v4\test\ai\adm_00040.png,adm_00040.png,test,adm,1,baseline,clean,none,0.9851318001747131,1
data\splits\genimage_8000_split_v4\test\ai\vqdm_00046.png,vqdm_00046.png,test,vqdm,1,baseline,clean,none,0.4824335277080536,0
data\splits\genimage_8000_split_v4\test\ai\glide_00071.png,glide_00071.png,test,glide,1,baseline,clean,none,0.9999982118606567,1
data\splits\genimage_8000_split_v4\test\ai\midjourney_00040.png,midjourney_00040.png,test,midjourney,1,baseline,clean,none,0.8187536597251892,1
data\splits\genimage_8000_split_v4\test\ai\biggan_00056.png,biggan_00056.png,test,biggan,1,baseline,clean,none,0.9962605834007263,1
data\splits\genimage_8000_split_v4\test\ai\wukong_00030.png,wukong_00030.png,test,wukong,1,baseline,clean,none,0.9338828921318054,1
data\splits\genimage_8000_split_v4\test\ai\adm_00045.png,adm_00045.png,test,adm,1,baseline,clean,none,0.9999988079071045,1
data\splits\genimage_8000_split_v4\test\ai\vqdm_00069.png,vqdm_00069.png,test,vqdm,1,baseline,clean,none,0.9569701552391052,1
data\splits\genimage_8000_split_v4\test\ai\sdv5_00013.png,sdv5_00013.png,test,sdv5,1,baseline,clean,none,0.9788993000984192,1
data\splits\genimage_8000_split_v4\test\ai\adm_00058.png,adm_00058.png,test,adm,1,baseline,clean,none,0.9873502850532532,1
data\splits\genimage_8000_split_v4\test\ai\biggan_00037.png,biggan_00037.png,test,biggan,1,baseline,clean,none,1.0,1
data\splits\genimage_8000_split_v4\test\ai\vqdm_00039.png,vqdm_00039.png,test,vqdm,1,baseline,clean,none,0.9994785189628601,1
data\splits\genimage_8000_split_v4\test\ai\sdv5_00034.png,sdv5_00034.png,test,sdv5,1,baseline,clean,none,0.9999386072158813,1
data\splits\genimage_8000_split_v4\test\ai\glide_00047.png,glide_00047.png,test,glide,1,baseline,clean,none,0.9988143444061279,1
data\splits\genimage_8000_split_v4\test\ai\biggan_00063.png,biggan_00063.png,test,biggan,1,baseline,clean,none,0.9999997615814209,1
data\splits\genimage_8000_split_v4\test\ai\glide_00045.png,glide_00045.png,test,glide,1,baseline,clean,none,0.9133939146995544,1
data\splits\genimage_8000_split_v4\test\ai\wukong_00027.png,wukong_00027.png,test,wukong,1,baseline,clean,none,0.9930025935173035,1
data\splits\genimage_8000_split_v4\test\ai\vqdm_00027.png,vqdm_00027.png,test,vqdm,1,baseline,clean,none,0.1826290637254715,0
data\splits\genimage_8000_split_v4\test\ai\glide_00024.png,glide_00024.png,test,glide,1,baseline,clean,none,0.9999994039535522,1
data\splits\genimage_8000_split_v4\test\ai\wukong_00085.png,wukong_00085.png,test,wukong,1,baseline,clean,none,0.9996442794799805,1
data\splits\genimage_8000_split_v4\test\ai\glide_00043.png,glide_00043.png,test,glide,1,baseline,clean,none,0.9999994039535522,1
data\splits\genimage_8000_split_v4\test\ai\vqdm_00055.png,vqdm_00055.png,test,vqdm,1,baseline,clean,none,0.996565043926239,1
data\splits\genimage_8000_split_v4\test\ai\midjourney_00057.png,midjourney_00057.png,test,midjourney,1,baseline,clean,none,0.999911904335022,1
data\splits\genimage_8000_split_v4\test\ai\wukong_00062.png,wukong_00062.png,test,wukong,1,baseline,clean,none,0.9475825428962708,1
data\splits\genimage_8000_split_v4\test\ai\sdv5_00007.png,sdv5_00007.png,test,sdv5,1,baseline,clean,none,0.9979739785194397,1
data\splits\genimage_8000_split_v4\test\ai\biggan_00043.png,biggan_00043.png,test,biggan,1,baseline,clean,none,0.618696928024292,1
data\splits\genimage_8000_split_v4\test\ai\adm_00083.png,adm_00083.png,test,adm,1,baseline,clean,none,0.9999357461929321,1
data\splits\genimage_8000_split_v4\test\ai\adm_00052.png,adm_00052.png,test,adm,1,baseline,clean,none,0.9999967813491821,1
data\splits\genimage_8000_split_v4\test\ai\wukong_00032.png,wukong_00032.png,test,wukong,1,baseline,clean,none,0.998788058757782,1
data\splits\genimage_8000_split_v4\test\ai\midjourney_00047.png,midjourney_00047.png,test,midjourney,1,baseline,clean,none,0.9999744892120361,1
data\splits\genimage_8000_split_v4\test\ai\midjourney_00072.png,midjourney_00072.png,test,midjourney,1,baseline,clean,none,0.9996138215065002,1
data\splits\genimage_8000_split_v4\test\ai\wukong_00010.png,wukong_00010.png,test,wukong,1,baseline,clean,none,0.9975706934928894,1
data\splits\genimage_8000_split_v4\test\ai\sdv5_00021.png,sdv5_00021.png,test,sdv5,1,baseline,clean,none,0.9954169988632202,1
data\splits\genimage_8000_split_v4\test\ai\biggan_00009.png,biggan_00009.png,test,biggan,1,baseline,clean,none,0.9841815233230591,1
data\splits\genimage_8000_split_v4\test\ai\wukong_00043.png,wukong_00043.png,test,wukong,1,baseline,clean,none,0.9998202919960022,1
data\splits\genimage_8000_split_v4\test\ai\vqdm_00034.png,vqdm_00034.png,test,vqdm,1,baseline,clean,none,0.9720146656036377,1
data\splits\genimage_8000_split_v4\test\ai\biggan_00023.png,biggan_00023.png,test,biggan,1,baseline,clean,none,0.9998406171798706,1
data\splits\genimage_8000_split_v4\test\ai\glide_00080.png,glide_00080.png,test,glide,1,baseline,clean,none,0.9999995231628418,1
data\splits\genimage_8000_split_v4\test\ai\midjourney_00008.png,midjourney_00008.png,test,midjourney,1,baseline,clean,none,0.68944251537323,1
data\splits\genimage_8000_split_v4\test\ai\biggan_00024.png,biggan_00024.png,test,biggan,1,baseline,clean,none,0.9999995231628418,1
data\splits\genimage_8000_split_v4\test\ai\midjourney_00002.png,midjourney_00002.png,test,midjourney,1,baseline,clean,none,0.9381617307662964,1
data\splits\genimage_8000_split_v4\test\ai\midjourney_00000.png,midjourney_00000.png,test,midjourney,1,baseline,clean,none,0.8480472564697266,1
data\splits\genimage_8000_split_v4\test\ai\adm_00084.png,adm_00084.png,test,adm,1,baseline,clean,none,1.0,1
data\splits\genimage_8000_split_v4\test\ai\biggan_00042.png,biggan_00042.png,test,biggan,1,baseline,clean,none,0.9999927282333374,1
data\splits\genimage_8000_split_v4\test\ai\wukong_00018.png,wukong_00018.png,test,wukong,1,baseline,clean,none,0.999997615814209,1
data\splits\genimage_8000_split_v4\test\ai\vqdm_00021.png,vqdm_00021.png,test,vqdm,1,baseline,clean,none,0.9781734347343445,1
data\splits\genimage_8000_split_v4\test\ai\sdv5_00057.png,sdv5_00057.png,test,sdv5,1,baseline,clean,none,0.9739461541175842,1
data\splits\genimage_8000_split_v4\test\ai\midjourney_00029.png,midjourney_00029.png,test,midjourney,1,baseline,clean,none,0.7259048223495483,1
data\splits\genimage_8000_split_v4\test\ai\sdv5_00004.png,sdv5_00004.png,test,sdv5,1,baseline,clean,none,0.4889998733997345,0
data\splits\genimage_8000_split_v4\test\ai\wukong_00063.png,wukong_00063.png,test,wukong,1,baseline,clean,none,0.2683502435684204,0
data\splits\genimage_8000_split_v4\test\ai\glide_00057.png,glide_00057.png,test,glide,1,baseline,clean,none,0.9996480941772461,1
data\splits\genimage_8000_split_v4\test\ai\wukong_00074.png,wukong_00074.png,test,wukong,1,baseline,clean,none,0.28376251459121704,0
data\splits\genimage_8000_split_v4\test\ai\adm_00070.png,adm_00070.png,test,adm,1,baseline,clean,none,0.9985709190368652,1
data\splits\genimage_8000_split_v4\test\ai\midjourney_00018.png,midjourney_00018.png,test,midjourney,1,baseline,clean,none,0.9994018077850342,1
data\splits\genimage_8000_split_v4\test\ai\vqdm_00081.png,vqdm_00081.png,test,vqdm,1,baseline,clean,none,0.8349535465240479,1
data\splits\genimage_8000_split_v4\test\ai\vqdm_00075.png,vqdm_00075.png,test,vqdm,1,baseline,clean,none,0.9216299057006836,1
data\splits\genimage_8000_split_v4\test\ai\glide_00059.png,glide_00059.png,test,glide,1,baseline,clean,none,0.9951489567756653,1
data\splits\genimage_8000_split_v4\test\ai\vqdm_00002.png,vqdm_00002.png,test,vqdm,1,baseline,clean,none,0.20819932222366333,0
data\splits\genimage_8000_split_v4\test\ai\biggan_00045.png,biggan_00045.png,test,biggan,1,baseline,clean,none,1.0,1
data\splits\genimage_8000_split_v4\test\ai\sdv5_00075.png,sdv5_00075.png,test,sdv5,1,baseline,clean,none,0.9779677391052246,1
data\splits\genimage_8000_split_v4\test\ai\sdv5_00055.png,sdv5_00055.png,test,sdv5,1,baseline,clean,none,0.07499999552965164,0
data\splits\genimage_8000_split_v4\test\ai\wukong_00013.png,wukong_00013.png,test,wukong,1,baseline,clean,none,0.9999818801879883,1
data\splits\genimage_8000_split_v4\test\ai\adm_00068.png,adm_00068.png,test,adm,1,baseline,clean,none,0.9999058246612549,1
data\splits\genimage_8000_split_v4\test\ai\midjourney_00010.png,midjourney_00010.png,test,midjourney,1,baseline,clean,none,0.2182358354330063,0
data\splits\genimage_8000_split_v4\test\ai\midjourney_00030.png,midjourney_00030.png,test,midjourney,1,baseline,clean,none,0.9934472441673279,1
data\splits\genimage_8000_split_v4\test\ai\sdv5_00074.png,sdv5_00074.png,test,sdv5,1,baseline,clean,none,0.9999929666519165,1
data\splits\genimage_8000_split_v4\test\ai\vqdm_00072.png,vqdm_00072.png,test,vqdm,1,baseline,clean,none,0.9922811388969421,1
data\splits\genimage_8000_split_v4\test\ai\wukong_00031.png,wukong_00031.png,test,wukong,1,baseline,clean,none,0.999993085861206,1
data\splits\genimage_8000_split_v4\test\ai\vqdm_00080.png,vqdm_00080.png,test,vqdm,1,baseline,clean,none,0.9988623857498169,1
data\splits\genimage_8000_split_v4\test\ai\midjourney_00043.png,midjourney_00043.png,test,midjourney,1,baseline,clean,none,0.035898659378290176,0
data\splits\genimage_8000_split_v4\test\ai\vqdm_00001.png,vqdm_00001.png,test,vqdm,1,baseline,clean,none,0.7955998778343201,1
data\splits\genimage_8000_split_v4\test\ai\glide_00021.png,glide_00021.png,test,glide,1,baseline,clean,none,0.9999926090240479,1
data\splits\genimage_8000_split_v4\test\ai\midjourney_00037.png,midjourney_00037.png,test,midjourney,1,baseline,clean,none,0.009502663277089596,0
data\splits\genimage_8000_split_v4\test\ai\biggan_00031.png,biggan_00031.png,test,biggan,1,baseline,clean,none,0.9999998807907104,1
data\splits\genimage_8000_split_v4\test\ai\wukong_00072.png,wukong_00072.png,test,wukong,1,baseline,clean,none,0.9798754453659058,1
data\splits\genimage_8000_split_v4\test\ai\midjourney_00055.png,midjourney_00055.png,test,midjourney,1,baseline,clean,none,0.9987518787384033,1
data\splits\genimage_8000_split_v4\test\ai\glide_00070.png,glide_00070.png,test,glide,1,baseline,clean,none,1.0,1
data\splits\genimage_8000_split_v4\test\ai\biggan_00057.png,biggan_00057.png,test,biggan,1,baseline,clean,none,0.9976480603218079,1
data\splits\genimage_8000_split_v4\test\ai\midjourney_00075.png,midjourney_00075.png,test,midjourney,1,baseline,clean,none,0.9983431100845337,1
data\splits\genimage_8000_split_v4\test\ai\vqdm_00048.png,vqdm_00048.png,test,vqdm,1,baseline,clean,none,0.9464726448059082,1
data\splits\genimage_8000_split_v4\test\ai\glide_00034.png,glide_00034.png,test,glide,1,baseline,clean,none,1.0,1
data\splits\genimage_8000_split_v4\test\ai\sdv5_00078.png,sdv5_00078.png,test,sdv5,1,baseline,clean,none,0.913715660572052,1
data\splits\genimage_8000_split_v4\test\ai\midjourney_00062.png,midjourney_00062.png,test,midjourney,1,baseline,clean,none,0.6705304384231567,1
data\splits\genimage_8000_split_v4\test\ai\adm_00031.png,adm_00031.png,test,adm,1,baseline,clean,none,0.4414544403553009,0
data\splits\genimage_8000_split_v4\test\ai\midjourney_00026.png,midjourney_00026.png,test,midjourney,1,baseline,clean,none,0.7845082879066467,1
data\splits\genimage_8000_split_v4\test\ai\vqdm_00000.png,vqdm_00000.png,test,vqdm,1,baseline,clean,none,0.8843103647232056,1
data\splits\genimage_8000_split_v4\test\ai\adm_00020.png,adm_00020.png,test,adm,1,baseline,clean,none,0.9983745813369751,1
data\splits\genimage_8000_split_v4\test\ai\adm_00012.png,adm_00012.png,test,adm,1,baseline,clean,none,0.9999897480010986,1
data\splits\genimage_8000_split_v4\test\ai\adm_00030.png,adm_00030.png,test,adm,1,baseline,clean,none,0.9999973773956299,1
data\splits\genimage_8000_split_v4\test\ai\midjourney_00070.png,midjourney_00070.png,test,midjourney,1,baseline,clean,none,0.8656415939331055,1
data\splits\genimage_8000_split_v4\test\ai\adm_00041.png,adm_00041.png,test,adm,1,baseline,clean,none,0.9998890161514282,1
data\splits\genimage_8000_split_v4\test\ai\adm_00078.png,adm_00078.png,test,adm,1,baseline,clean,none,0.9999974966049194,1
data\splits\genimage_8000_split_v4\test\ai\wukong_00068.png,wukong_00068.png,test,wukong,1,baseline,clean,none,0.9098594784736633,1
data\splits\genimage_8000_split_v4\test\ai\biggan_00008.png,biggan_00008.png,test,biggan,1,baseline,clean,none,0.9908089637756348,1
data\splits\genimage_8000_split_v4\test\ai\adm_00069.png,adm_00069.png,test,adm,1,baseline,clean,none,1.0,1
data\splits\genimage_8000_split_v4\test\ai\vqdm_00056.png,vqdm_00056.png,test,vqdm,1,baseline,clean,none,0.9999727010726929,1
data\splits\genimage_8000_split_v4\test\ai\sdv5_00036.png,sdv5_00036.png,test,sdv5,1,baseline,clean,none,0.9983623623847961,1
data\splits\genimage_8000_split_v4\test\ai\vqdm_00079.png,vqdm_00079.png,test,vqdm,1,baseline,clean,none,0.9695209264755249,1
data\splits\genimage_8000_split_v4\test\ai\midjourney_00017.png,midjourney_00017.png,test,midjourney,1,baseline,clean,none,0.5933518409729004,1
data\splits\genimage_8000_split_v4\test\ai\biggan_00033.png,biggan_00033.png,test,biggan,1,baseline,clean,none,0.999995231628418,1
data\splits\genimage_8000_split_v4\test\ai\biggan_00018.png,biggan_00018.png,test,biggan,1,baseline,clean,none,0.9999934434890747,1
data\splits\genimage_8000_split_v4\test\ai\sdv5_00001.png,sdv5_00001.png,test,sdv5,1,baseline,clean,none,0.7154070734977722,1
data\splits\genimage_8000_split_v4\test\ai\sdv5_00020.png,sdv5_00020.png,test,sdv5,1,baseline,clean,none,0.981507420539856,1
data\splits\genimage_8000_split_v4\test\ai\biggan_00048.png,biggan_00048.png,test,biggan,1,baseline,clean,none,0.9995843768119812,1
data\splits\genimage_8000_split_v4\test\ai\biggan_00058.png,biggan_00058.png,test,biggan,1,baseline,clean,none,1.0,1
data\splits\genimage_8000_split_v4\test\ai\midjourney_00066.png,midjourney_00066.png,test,midjourney,1,baseline,clean,none,0.38411465287208557,0
data\splits\genimage_8000_split_v4\test\ai\midjourney_00080.png,midjourney_00080.png,test,midjourney,1,baseline,clean,none,0.31877321004867554,0
data\splits\genimage_8000_split_v4\test\ai\adm_00005.png,adm_00005.png,test,adm,1,baseline,clean,none,0.9999984502792358,1
data\splits\genimage_8000_split_v4\test\ai\adm_00003.png,adm_00003.png,test,adm,1,baseline,clean,none,0.9999984502792358,1
data\splits\genimage_8000_split_v4\test\ai\adm_00024.png,adm_00024.png,test,adm,1,baseline,clean,none,0.9998373985290527,1
data\splits\genimage_8000_split_v4\test\ai\sdv5_00000.png,sdv5_00000.png,test,sdv5,1,baseline,clean,none,0.9999219179153442,1
data\splits\genimage_8000_split_v4\test\ai\biggan_00001.png,biggan_00001.png,test,biggan,1,baseline,clean,none,0.999790608882904,1
data\splits\genimage_8000_split_v4\test\ai\vqdm_00014.png,vqdm_00014.png,test,vqdm,1,baseline,clean,none,0.9994550347328186,1
data\splits\genimage_8000_split_v4\test\ai\biggan_00028.png,biggan_00028.png,test,biggan,1,baseline,clean,none,1.0,1
data\splits\genimage_8000_split_v4\test\ai\midjourney_00028.png,midjourney_00028.png,test,midjourney,1,baseline,clean,none,0.07081451267004013,0
data\splits\genimage_8000_split_v4\test\ai\biggan_00027.png,biggan_00027.png,test,biggan,1,baseline,clean,none,0.9998329877853394,1
data\splits\genimage_8000_split_v4\test\ai\sdv5_00049.png,sdv5_00049.png,test,sdv5,1,baseline,clean,none,0.9999220371246338,1
data\splits\genimage_8000_split_v4\test\ai\vqdm_00029.png,vqdm_00029.png,test,vqdm,1,baseline,clean,none,0.9955850839614868,1
data\splits\genimage_8000_split_v4\test\ai\adm_00035.png,adm_00035.png,test,adm,1,baseline,clean,none,0.9999769926071167,1
data\splits\genimage_8000_split_v4\test\ai\adm_00011.png,adm_00011.png,test,adm,1,baseline,clean,none,1.0,1
data\splits\genimage_8000_split_v4\test\ai\biggan_00078.png,biggan_00078.png,test,biggan,1,baseline,clean,none,0.9999853372573853,1
data\splits\genimage_8000_split_v4\test\ai\midjourney_00013.png,midjourney_00013.png,test,midjourney,1,baseline,clean,none,0.9913950562477112,1
data\splits\genimage_8000_split_v4\test\ai\sdv5_00067.png,sdv5_00067.png,test,sdv5,1,baseline,clean,none,0.9748479127883911,1
data\splits\genimage_8000_split_v4\test\ai\biggan_00006.png,biggan_00006.png,test,biggan,1,baseline,clean,none,0.9994418025016785,1
data\splits\genimage_8000_split_v4\test\ai\vqdm_00078.png,vqdm_00078.png,test,vqdm,1,baseline,clean,none,0.5178540945053101,1
data\splits\genimage_8000_split_v4\test\ai\glide_00049.png,glide_00049.png,test,glide,1,baseline,clean,none,0.9981321692466736,1
data\splits\genimage_8000_split_v4\test\ai\midjourney_00050.png,midjourney_00050.png,test,midjourney,1,baseline,clean,none,0.9999392032623291,1
data\splits\genimage_8000_split_v4\test\ai\glide_00017.png,glide_00017.png,test,glide,1,baseline,clean,none,1.0,1
data\splits\genimage_8000_split_v4\test\ai\wukong_00008.png,wukong_00008.png,test,wukong,1,baseline,clean,none,0.9998974800109863,1
data\splits\genimage_8000_split_v4\test\ai\sdv5_00014.png,sdv5_00014.png,test,sdv5,1,baseline,clean,none,0.9746047258377075,1
data\splits\genimage_8000_split_v4\test\ai\biggan_00052.png,biggan_00052.png,test,biggan,1,baseline,clean,none,0.9109281301498413,1
data\splits\genimage_8000_split_v4\test\ai\wukong_00059.png,wukong_00059.png,test,wukong,1,baseline,clean,none,0.9834898710250854,1
data\splits\genimage_8000_split_v4\test\ai\glide_00078.png,glide_00078.png,test,glide,1,baseline,clean,none,1.0,1
data\splits\genimage_8000_split_v4\test\ai\adm_00034.png,adm_00034.png,test,adm,1,baseline,clean,none,1.0,1
data\splits\genimage_8000_split_v4\test\ai\wukong_00006.png,wukong_00006.png,test,wukong,1,baseline,clean,none,0.930930495262146,1
data\splits\genimage_8000_split_v4\test\ai\biggan_00046.png,biggan_00046.png,test,biggan,1,baseline,clean,none,1.0,1
data\splits\genimage_8000_split_v4\test\ai\wukong_00073.png,wukong_00073.png,test,wukong,1,baseline,clean,none,0.5572040677070618,1
data\splits\genimage_8000_split_v4\test\ai\midjourney_00046.png,midjourney_00046.png,test,midjourney,1,baseline,clean,none,0.9997859597206116,1
data\splits\genimage_8000_split_v4\test\ai\glide_00068.png,glide_00068.png,test,glide,1,baseline,clean,none,0.9999990463256836,1
data\splits\genimage_8000_split_v4\test\ai\midjourney_00058.png,midjourney_00058.png,test,midjourney,1,baseline,clean,none,0.6275762915611267,1
data\splits\genimage_8000_split_v4\test\ai\glide_00001.png,glide_00001.png,test,glide,1,baseline,clean,none,0.9999972581863403,1
data\splits\genimage_8000_split_v4\test\ai\glide_00041.png,glide_00041.png,test,glide,1,baseline,clean,none,1.0,1
data\splits\genimage_8000_split_v4\test\ai\glide_00014.png,glide_00014.png,test,glide,1,baseline,clean,none,0.978548526763916,1
data\splits\genimage_8000_split_v4\test\ai\adm_00013.png,adm_00013.png,test,adm,1,baseline,clean,none,0.9959719777107239,1
data\splits\genimage_8000_split_v4\test\ai\glide_00063.png,glide_00063.png,test,glide,1,baseline,clean,none,0.999998927116394,1
data\splits\genimage_8000_split_v4\test\ai\wukong_00045.png,wukong_00045.png,test,wukong,1,baseline,clean,none,0.9907580614089966,1
data\splits\genimage_8000_split_v4\test\ai\biggan_00079.png,biggan_00079.png,test,biggan,1,baseline,clean,none,0.9999963045120239,1
data\splits\genimage_8000_split_v4\test\ai\adm_00002.png,adm_00002.png,test,adm,1,baseline,clean,none,1.0,1
data\splits\genimage_8000_split_v4\test\ai\midjourney_00041.png,midjourney_00041.png,test,midjourney,1,baseline,clean,none,0.9995884299278259,1
data\splits\genimage_8000_split_v4\test\ai\vqdm_00044.png,vqdm_00044.png,test,vqdm,1,baseline,clean,none,0.9997956156730652,1
data\splits\genimage_8000_split_v4\test\ai\adm_00043.png,adm_00043.png,test,adm,1,baseline,clean,none,0.9484956860542297,1
data\splits\genimage_8000_split_v4\test\ai\sdv5_00017.png,sdv5_00017.png,test,sdv5,1,baseline,clean,none,0.9997431635856628,1
data\splits\genimage_8000_split_v4\test\ai\vqdm_00052.png,vqdm_00052.png,test,vqdm,1,baseline,clean,none,0.7138418555259705,1
data\splits\genimage_8000_split_v4\test\ai\adm_00036.png,adm_00036.png,test,adm,1,baseline,clean,none,0.9997391104698181,1
data\splits\genimage_8000_split_v4\test\ai\biggan_00083.png,biggan_00083.png,test,biggan,1,baseline,clean,none,0.98751300573349,1
data\splits\genimage_8000_split_v4\test\ai\glide_00020.png,glide_00020.png,test,glide,1,baseline,clean,none,1.0,1
data\splits\genimage_8000_split_v4\test\ai\midjourney_00054.png,midjourney_00054.png,test,midjourney,1,baseline,clean,none,0.208768829703331,0
data\splits\genimage_8000_split_v4\test\ai\adm_00032.png,adm_00032.png,test,adm,1,baseline,clean,none,0.9999781847000122,1
data\splits\genimage_8000_split_v4\test\ai\glide_00058.png,glide_00058.png,test,glide,1,baseline,clean,none,0.9999529123306274,1
data\splits\genimage_8000_split_v4\test\ai\vqdm_00008.png,vqdm_00008.png,test,vqdm,1,baseline,clean,none,0.9988364577293396,1
data\splits\genimage_8000_split_v4\test\ai\adm_00026.png,adm_00026.png,test,adm,1,baseline,clean,none,0.9999994039535522,1
data\splits\genimage_8000_split_v4\test\ai\midjourney_00082.png,midjourney_00082.png,test,midjourney,1,baseline,clean,none,0.9911921620368958,1
data\splits\genimage_8000_split_v4\test\ai\wukong_00012.png,wukong_00012.png,test,wukong,1,baseline,clean,none,0.9973069429397583,1
data\splits\genimage_8000_split_v4\test\ai\glide_00048.png,glide_00048.png,test,glide,1,baseline,clean,none,0.9093680381774902,1
data\splits\genimage_8000_split_v4\test\ai\midjourney_00033.png,midjourney_00033.png,test,midjourney,1,baseline,clean,none,0.9999665021896362,1
data\splits\genimage_8000_split_v4\test\ai\vqdm_00060.png,vqdm_00060.png,test,vqdm,1,baseline,clean,none,0.9952711462974548,1
data\splits\genimage_8000_split_v4\test\ai\wukong_00052.png,wukong_00052.png,test,wukong,1,baseline,clean,none,0.9999998807907104,1
data\splits\genimage_8000_split_v4\test\ai\adm_00021.png,adm_00021.png,test,adm,1,baseline,clean,none,0.9960830211639404,1
data\splits\genimage_8000_split_v4\test\ai\wukong_00042.png,wukong_00042.png,test,wukong,1,baseline,clean,none,0.8714285492897034,1
data\splits\genimage_8000_split_v4\test\ai\vqdm_00071.png,vqdm_00071.png,test,vqdm,1,baseline,clean,none,0.9999074935913086,1
data\splits\genimage_8000_split_v4\test\ai\glide_00026.png,glide_00026.png,test,glide,1,baseline,clean,none,1.0,1
data\splits\genimage_8000_split_v4\test\ai\biggan_00019.png,biggan_00019.png,test,biggan,1,baseline,clean,none,0.9999969005584717,1
data\splits\genimage_8000_split_v4\test\ai\glide_00051.png,glide_00051.png,test,glide,1,baseline,clean,none,0.9993785619735718,1
data\splits\genimage_8000_split_v4\test\ai\adm_00056.png,adm_00056.png,test,adm,1,baseline,clean,none,0.9995998740196228,1
data\splits\genimage_8000_split_v4\test\ai\glide_00012.png,glide_00012.png,test,glide,1,baseline,clean,none,1.0,1
data\splits\genimage_8000_split_v4\test\ai\adm_00017.png,adm_00017.png,test,adm,1,baseline,clean,none,0.8892115354537964,1
data\splits\genimage_8000_split_v4\test\ai\wukong_00020.png,wukong_00020.png,test,wukong,1,baseline,clean,none,0.9982372522354126,1
data\splits\genimage_8000_split_v4\test\ai\sdv5_00069.png,sdv5_00069.png,test,sdv5,1,baseline,clean,none,0.9642571210861206,1
data\splits\genimage_8000_split_v4\test\ai\vqdm_00064.png,vqdm_00064.png,test,vqdm,1,baseline,clean,none,0.8311523795127869,1
data\splits\genimage_8000_split_v4\test\ai\wukong_00050.png,wukong_00050.png,test,wukong,1,baseline,clean,none,0.9976332187652588,1
data\splits\genimage_8000_split_v4\test\ai\glide_00032.png,glide_00032.png,test,glide,1,baseline,clean,none,0.9999947547912598,1
data\splits\genimage_8000_split_v4\test\ai\glide_00040.png,glide_00040.png,test,glide,1,baseline,clean,none,0.9999881982803345,1
data\splits\genimage_8000_split_v4\test\ai\glide_00064.png,glide_00064.png,test,glide,1,baseline,clean,none,0.8921522498130798,1
data\splits\genimage_8000_split_v4\test\ai\adm_00016.png,adm_00016.png,test,adm,1,baseline,clean,none,0.9894165396690369,1
data\splits\genimage_8000_split_v4\test\ai\biggan_00066.png,biggan_00066.png,test,biggan,1,baseline,clean,none,1.0,1
data\splits\genimage_8000_split_v4\test\ai\vqdm_00013.png,vqdm_00013.png,test,vqdm,1,baseline,clean,none,0.025979379191994667,0
data\splits\genimage_8000_split_v4\test\ai\sdv5_00024.png,sdv5_00024.png,test,sdv5,1,baseline,clean,none,0.9189407825469971,1
data\splits\genimage_8000_split_v4\test\ai\sdv5_00030.png,sdv5_00030.png,test,sdv5,1,baseline,clean,none,0.9968686699867249,1
data\splits\genimage_8000_split_v4\test\ai\wukong_00051.png,wukong_00051.png,test,wukong,1,baseline,clean,none,0.9979569911956787,1
data\splits\genimage_8000_split_v4\test\ai\sdv5_00077.png,sdv5_00077.png,test,sdv5,1,baseline,clean,none,0.9999997615814209,1
data\splits\genimage_8000_split_v4\test\ai\biggan_00013.png,biggan_00013.png,test,biggan,1,baseline,clean,none,0.9998581409454346,1
data\splits\genimage_8000_split_v4\test\ai\wukong_00064.png,wukong_00064.png,test,wukong,1,baseline,clean,none,0.999984622001648,1
data\splits\genimage_8000_split_v4\test\ai\vqdm_00025.png,vqdm_00025.png,test,vqdm,1,baseline,clean,none,0.9703331589698792,1
data\splits\genimage_8000_split_v4\test\ai\glide_00002.png,glide_00002.png,test,glide,1,baseline,clean,none,1.0,1
data\splits\genimage_8000_split_v4\test\ai\midjourney_00079.png,midjourney_00079.png,test,midjourney,1,baseline,clean,none,0.7129371762275696,1
data\splits\genimage_8000_split_v4\test\ai\wukong_00039.png,wukong_00039.png,test,wukong,1,baseline,clean,none,0.7993617653846741,1
data\splits\genimage_8000_split_v4\test\ai\vqdm_00020.png,vqdm_00020.png,test,vqdm,1,baseline,clean,none,0.9977782368659973,1
data\splits\genimage_8000_split_v4\test\ai\sdv5_00032.png,sdv5_00032.png,test,sdv5,1,baseline,clean,none,0.9942508935928345,1
data\splits\genimage_8000_split_v4\test\ai\sdv5_00003.png,sdv5_00003.png,test,sdv5,1,baseline,clean,none,0.11231021583080292,0
data\splits\genimage_8000_split_v4\test\ai\wukong_00078.png,wukong_00078.png,test,wukong,1,baseline,clean,none,0.9968814849853516,1
data\splits\genimage_8000_split_v4\test\ai\wukong_00065.png,wukong_00065.png,test,wukong,1,baseline,clean,none,0.9999226331710815,1
data\splits\genimage_8000_split_v4\test\ai\biggan_00014.png,biggan_00014.png,test,biggan,1,baseline,clean,none,0.9998993873596191,1
data\splits\genimage_8000_split_v4\test\ai\adm_00006.png,adm_00006.png,test,adm,1,baseline,clean,none,1.0,1
data\splits\genimage_8000_split_v4\test\ai\wukong_00056.png,wukong_00056.png,test,wukong,1,baseline,clean,none,0.9999905824661255,1
data\splits\genimage_8000_split_v4\test\ai\biggan_00005.png,biggan_00005.png,test,biggan,1,baseline,clean,none,1.0,1
data\splits\genimage_8000_split_v4\test\ai\wukong_00002.png,wukong_00002.png,test,wukong,1,baseline,clean,none,0.7415708303451538,1
data\splits\genimage_8000_split_v4\test\ai\wukong_00055.png,wukong_00055.png,test,wukong,1,baseline,clean,none,0.10313917696475983,0
data\splits\genimage_8000_split_v4\test\ai\sdv5_00016.png,sdv5_00016.png,test,sdv5,1,baseline,clean,none,0.8296056985855103,1
data\splits\genimage_8000_split_v4\test\ai\biggan_00065.png,biggan_00065.png,test,biggan,1,baseline,clean,none,0.37837889790534973,0
data\splits\genimage_8000_split_v4\test\ai\vqdm_00019.png,vqdm_00019.png,test,vqdm,1,baseline,clean,none,0.5213478803634644,1
data\splits\genimage_8000_split_v4\test\ai\adm_00038.png,adm_00038.png,test,adm,1,baseline,clean,none,0.9999979734420776,1
data\splits\genimage_8000_split_v4\test\ai\sdv5_00044.png,sdv5_00044.png,test,sdv5,1,baseline,clean,none,0.875619649887085,1
data\splits\genimage_8000_split_v4\test\ai\midjourney_00084.png,midjourney_00084.png,test,midjourney,1,baseline,clean,none,0.9998655319213867,1
data\splits\genimage_8000_split_v4\test\ai\midjourney_00025.png,midjourney_00025.png,test,midjourney,1,baseline,clean,none,0.09480325132608414,0
data\splits\genimage_8000_split_v4\test\ai\biggan_00061.png,biggan_00061.png,test,biggan,1,baseline,clean,none,0.9990606904029846,1
data\splits\genimage_8000_split_v4\test\ai\sdv5_00071.png,sdv5_00071.png,test,sdv5,1,baseline,clean,none,0.9999990463256836,1
data\splits\genimage_8000_split_v4\test\ai\biggan_00074.png,biggan_00074.png,test,biggan,1,baseline,clean,none,1.0,1
data\splits\genimage_8000_split_v4\test\ai\vqdm_00077.png,vqdm_00077.png,test,vqdm,1,baseline,clean,none,0.20925761759281158,0
data\splits\genimage_8000_split_v4\test\ai\midjourney_00001.png,midjourney_00001.png,test,midjourney,1,baseline,clean,none,0.9996823072433472,1
data\splits\genimage_8000_split_v4\test\ai\biggan_00069.png,biggan_00069.png,test,biggan,1,baseline,clean,none,0.9934192299842834,1
data\splits\genimage_8000_split_v4\test\ai\glide_00005.png,glide_00005.png,test,glide,1,baseline,clean,none,0.9999996423721313,1
data\splits\genimage_8000_split_v4\test\ai\sdv5_00015.png,sdv5_00015.png,test,sdv5,1,baseline,clean,none,0.8042109608650208,1
data\splits\genimage_8000_split_v4\test\ai\vqdm_00012.png,vqdm_00012.png,test,vqdm,1,baseline,clean,none,0.856987476348877,1
data\splits\genimage_8000_split_v4\test\ai\wukong_00077.png,wukong_00077.png,test,wukong,1,baseline,clean,none,0.37056949734687805,0
data\splits\genimage_8000_split_v4\test\ai\midjourney_00023.png,midjourney_00023.png,test,midjourney,1,baseline,clean,none,0.23189273476600647,0
data\splits\genimage_8000_split_v4\test\ai\sdv5_00045.png,sdv5_00045.png,test,sdv5,1,baseline,clean,none,0.9026293158531189,1
data\splits\genimage_8000_split_v4\test\ai\adm_00033.png,adm_00033.png,test,adm,1,baseline,clean,none,0.999835729598999,1
data\splits\genimage_8000_split_v4\test\ai\wukong_00083.png,wukong_00083.png,test,wukong,1,baseline,clean,none,0.9883954524993896,1
data\splits\genimage_8000_split_v4\test\ai\biggan_00034.png,biggan_00034.png,test,biggan,1,baseline,clean,none,1.0,1
data\splits\genimage_8000_split_v4\test\ai\biggan_00070.png,biggan_00070.png,test,biggan,1,baseline,clean,none,0.999480664730072,1
data\splits\genimage_8000_split_v4\test\ai\biggan_00076.png,biggan_00076.png,test,biggan,1,baseline,clean,none,0.871271550655365,1
data\splits\genimage_8000_split_v4\test\ai\midjourney_00067.png,midjourney_00067.png,test,midjourney,1,baseline,clean,none,0.6887333393096924,1
data\splits\genimage_8000_split_v4\test\ai\biggan_00062.png,biggan_00062.png,test,biggan,1,baseline,clean,none,0.9995180368423462,1
data\splits\genimage_8000_split_v4\test\ai\midjourney_00027.png,midjourney_00027.png,test,midjourney,1,baseline,clean,none,0.961310088634491,1
data\splits\genimage_8000_split_v4\test\ai\biggan_00077.png,biggan_00077.png,test,biggan,1,baseline,clean,none,0.9999933242797852,1
data\splits\genimage_8000_split_v4\test\ai\wukong_00053.png,wukong_00053.png,test,wukong,1,baseline,clean,none,0.9999998807907104,1
data\splits\genimage_8000_split_v4\test\ai\sdv5_00080.png,sdv5_00080.png,test,sdv5,1,baseline,clean,none,1.0,1
data\splits\genimage_8000_split_v4\test\ai\glide_00035.png,glide_00035.png,test,glide,1,baseline,clean,none,0.26957324147224426,0
data\splits\genimage_8000_split_v4\test\ai\adm_00022.png,adm_00022.png,test,adm,1,baseline,clean,none,0.9999997615814209,1
data\splits\genimage_8000_split_v4\test\ai\vqdm_00070.png,vqdm_00070.png,test,vqdm,1,baseline,clean,none,0.36552929878234863,0
data\splits\genimage_8000_split_v4\test\ai\wukong_00019.png,wukong_00019.png,test,wukong,1,baseline,clean,none,0.9224219918251038,1
data\splits\genimage_8000_split_v4\test\ai\glide_00036.png,glide_00036.png,test,glide,1,baseline,clean,none,0.9969139099121094,1
data\splits\genimage_8000_split_v4\test\ai\adm_00054.png,adm_00054.png,test,adm,1,baseline,clean,none,0.9999982118606567,1
data\splits\genimage_8000_split_v4\test\ai\glide_00060.png,glide_00060.png,test,glide,1,baseline,clean,none,0.9999985694885254,1
data\splits\genimage_8000_split_v4\test\ai\adm_00061.png,adm_00061.png,test,adm,1,baseline,clean,none,0.9999994039535522,1
data\splits\genimage_8000_split_v4\test\ai\vqdm_00028.png,vqdm_00028.png,test,vqdm,1,baseline,clean,none,0.9478273987770081,1
data\splits\genimage_8000_split_v4\test\ai\vqdm_00026.png,vqdm_00026.png,test,vqdm,1,baseline,clean,none,0.797950267791748,1
data\splits\genimage_8000_split_v4\test\ai\vqdm_00054.png,vqdm_00054.png,test,vqdm,1,baseline,clean,none,0.006496970541775227,0
data\splits\genimage_8000_split_v4\test\ai\biggan_00021.png,biggan_00021.png,test,biggan,1,baseline,clean,none,0.862599790096283,1
data\splits\genimage_8000_split_v4\test\ai\vqdm_00005.png,vqdm_00005.png,test,vqdm,1,baseline,clean,none,0.9994367957115173,1
data\splits\genimage_8000_split_v4\test\ai\glide_00055.png,glide_00055.png,test,glide,1,baseline,clean,none,0.9995788931846619,1
data\splits\genimage_8000_split_v4\test\ai\biggan_00075.png,biggan_00075.png,test,biggan,1,baseline,clean,none,0.40768536925315857,0
data\splits\genimage_8000_split_v4\test\ai\wukong_00046.png,wukong_00046.png,test,wukong,1,baseline,clean,none,1.0,1
data\splits\genimage_8000_split_v4\test\ai\wukong_00084.png,wukong_00084.png,test,wukong,1,baseline,clean,none,0.8862252831459045,1
data\splits\genimage_8000_split_v4\test\ai\wukong_00025.png,wukong_00025.png,test,wukong,1,baseline,clean,none,0.9938856959342957,1
data\splits\genimage_8000_split_v4\test\ai\vqdm_00009.png,vqdm_00009.png,test,vqdm,1,baseline,clean,none,0.9964042901992798,1
data\splits\genimage_8000_split_v4\test\ai\glide_00019.png,glide_00019.png,test,glide,1,baseline,clean,none,1.0,1
data\splits\genimage_8000_split_v4\test\ai\biggan_00040.png,biggan_00040.png,test,biggan,1,baseline,clean,none,1.0,1
data\splits\genimage_8000_split_v4\test\ai\vqdm_00007.png,vqdm_00007.png,test,vqdm,1,baseline,clean,none,0.9912742972373962,1
data\splits\genimage_8000_split_v4\test\ai\vqdm_00076.png,vqdm_00076.png,test,vqdm,1,baseline,clean,none,0.5260531902313232,1
data\splits\genimage_8000_split_v4\test\ai\glide_00066.png,glide_00066.png,test,glide,1,baseline,clean,none,0.8009770512580872,1
data\splits\genimage_8000_split_v4\test\ai\biggan_00073.png,biggan_00073.png,test,biggan,1,baseline,clean,none,0.9999933242797852,1
data\splits\genimage_8000_split_v4\test\ai\glide_00072.png,glide_00072.png,test,glide,1,baseline,clean,none,0.9999998807907104,1
data\splits\genimage_8000_split_v4\test\ai\midjourney_00038.png,midjourney_00038.png,test,midjourney,1,baseline,clean,none,0.6220917105674744,1
data\splits\genimage_8000_split_v4\test\ai\vqdm_00016.png,vqdm_00016.png,test,vqdm,1,baseline,clean,none,0.0019044872606173158,0
data\splits\genimage_8000_split_v4\test\ai\glide_00006.png,glide_00006.png,test,glide,1,baseline,clean,none,0.999301552772522,1
data\splits\genimage_8000_split_v4\test\ai\glide_00065.png,glide_00065.png,test,glide,1,baseline,clean,none,0.9999924898147583,1
data\splits\genimage_8000_split_v4\test\ai\adm_00055.png,adm_00055.png,test,adm,1,baseline,clean,none,0.9999918937683105,1
data\splits\genimage_8000_split_v4\test\ai\midjourney_00073.png,midjourney_00073.png,test,midjourney,1,baseline,clean,none,0.8931626081466675,1
data\splits\genimage_8000_split_v4\test\ai\midjourney_00020.png,midjourney_00020.png,test,midjourney,1,baseline,clean,none,0.880580484867096,1
data\splits\genimage_8000_split_v4\test\ai\sdv5_00012.png,sdv5_00012.png,test,sdv5,1,baseline,clean,none,0.9998587369918823,1
data\splits\genimage_8000_split_v4\test\ai\wukong_00028.png,wukong_00028.png,test,wukong,1,baseline,clean,none,0.9634316563606262,1
data\splits\genimage_8000_split_v4\test\ai\midjourney_00056.png,midjourney_00056.png,test,midjourney,1,baseline,clean,none,0.8985916376113892,1
data\splits\genimage_8000_split_v4\test\ai\vqdm_00067.png,vqdm_00067.png,test,vqdm,1,baseline,clean,none,0.037710316479206085,0
data\splits\genimage_8000_split_v4\test\ai\adm_00037.png,adm_00037.png,test,adm,1,baseline,clean,none,1.0,1
data\splits\genimage_8000_split_v4\test\ai\adm_00064.png,adm_00064.png,test,adm,1,baseline,clean,none,0.9996826648712158,1
data\splits\genimage_8000_split_v4\test\ai\vqdm_00084.png,vqdm_00084.png,test,vqdm,1,baseline,clean,none,0.999998927116394,1
data\splits\genimage_8000_split_v4\test\ai\sdv5_00052.png,sdv5_00052.png,test,sdv5,1,baseline,clean,none,0.9996849298477173,1
data\splits\genimage_8000_split_v4\test\ai\biggan_00035.png,biggan_00035.png,test,biggan,1,baseline,clean,none,0.9999991655349731,1
data\splits\genimage_8000_split_v4\test\ai\vqdm_00043.png,vqdm_00043.png,test,vqdm,1,baseline,clean,none,0.9495148062705994,1
data\splits\genimage_8000_split_v4\test\ai\adm_00028.png,adm_00028.png,test,adm,1,baseline,clean,none,0.9993892908096313,1
data\splits\genimage_8000_split_v4\test\ai\glide_00027.png,glide_00027.png,test,glide,1,baseline,clean,none,0.9701340198516846,1
data\splits\genimage_8000_split_v4\test\ai\sdv5_00042.png,sdv5_00042.png,test,sdv5,1,baseline,clean,none,0.994110643863678,1
data\splits\genimage_8000_split_v4\test\ai\glide_00084.png,glide_00084.png,test,glide,1,baseline,clean,none,0.9999920129776001,1
data\splits\genimage_8000_split_v4\test\ai\sdv5_00025.png,sdv5_00025.png,test,sdv5,1,baseline,clean,none,0.9809513092041016,1
data\splits\genimage_8000_split_v4\test\ai\adm_00009.png,adm_00009.png,test,adm,1,baseline,clean,none,0.8011277914047241,1
data\splits\genimage_8000_split_v4\test\ai\sdv5_00031.png,sdv5_00031.png,test,sdv5,1,baseline,clean,none,1.0,1
data\splits\genimage_8000_split_v4\test\ai\wukong_00000.png,wukong_00000.png,test,wukong,1,baseline,clean,none,0.9914366602897644,1
data\splits\genimage_8000_split_v4\test\ai\wukong_00069.png,wukong_00069.png,test,wukong,1,baseline,clean,none,0.7514649629592896,1
data\splits\genimage_8000_split_v4\test\ai\biggan_00015.png,biggan_00015.png,test,biggan,1,baseline,clean,none,0.9999117851257324,1
data\splits\genimage_8000_split_v4\test\ai\glide_00062.png,glide_00062.png,test,glide,1,baseline,clean,none,0.9999923706054688,1
data\splits\genimage_8000_split_v4\test\ai\adm_00076.png,adm_00076.png,test,adm,1,baseline,clean,none,1.0,1
data\splits\genimage_8000_split_v4\test\ai\vqdm_00015.png,vqdm_00015.png,test,vqdm,1,baseline,clean,none,0.9947762489318848,1
data\splits\genimage_8000_split_v4\test\ai\sdv5_00079.png,sdv5_00079.png,test,sdv5,1,baseline,clean,none,0.9999983310699463,1
data\splits\genimage_8000_split_v4\test\ai\glide_00083.png,glide_00083.png,test,glide,1,baseline,clean,none,0.9999979734420776,1
data\splits\genimage_8000_split_v4\test\ai\biggan_00039.png,biggan_00039.png,test,biggan,1,baseline,clean,none,0.994491696357727,1
data\splits\genimage_8000_split_v4\test\ai\adm_00080.png,adm_00080.png,test,adm,1,baseline,clean,none,1.0,1
data\splits\genimage_8000_split_v4\test\ai\midjourney_00064.png,midjourney_00064.png,test,midjourney,1,baseline,clean,none,0.9999336004257202,1
data\splits\genimage_8000_split_v4\test\ai\sdv5_00070.png,sdv5_00070.png,test,sdv5,1,baseline,clean,none,0.9850192070007324,1
data\splits\genimage_8000_split_v4\test\ai\glide_00073.png,glide_00073.png,test,glide,1,baseline,clean,none,0.9999754428863525,1
data\splits\genimage_8000_split_v4\test\ai\vqdm_00018.png,vqdm_00018.png,test,vqdm,1,baseline,clean,none,0.9999979734420776,1
data\splits\genimage_8000_split_v4\test\ai\adm_00053.png,adm_00053.png,test,adm,1,baseline,clean,none,0.9952607750892639,1
data\splits\genimage_8000_split_v4\test\ai\biggan_00084.png,biggan_00084.png,test,biggan,1,baseline,clean,none,0.9970801472663879,1
data\splits\genimage_8000_split_v4\test\ai\adm_00018.png,adm_00018.png,test,adm,1,baseline,clean,none,0.9991174340248108,1
data\splits\genimage_8000_split_v4\test\ai\sdv5_00018.png,sdv5_00018.png,test,sdv5,1,baseline,clean,none,0.9867017865180969,1
data\splits\genimage_8000_split_v4\test\ai\biggan_00020.png,biggan_00020.png,test,biggan,1,baseline,clean,none,1.0,1
data\splits\genimage_8000_split_v4\test\ai\vqdm_00066.png,vqdm_00066.png,test,vqdm,1,baseline,clean,none,0.9989393353462219,1
data\splits\genimage_8000_split_v4\test\ai\adm_00048.png,adm_00048.png,test,adm,1,baseline,clean,none,0.9985442161560059,1
data\splits\genimage_8000_split_v4\test\ai\glide_00077.png,glide_00077.png,test,glide,1,baseline,clean,none,0.859941303730011,1
data\splits\genimage_8000_split_v4\test\ai\glide_00000.png,glide_00000.png,test,glide,1,baseline,clean,none,0.9999927282333374,1
data\splits\genimage_8000_split_v4\test\ai\vqdm_00033.png,vqdm_00033.png,test,vqdm,1,baseline,clean,none,0.8333741426467896,1
data\splits\genimage_8000_split_v4\test\ai\glide_00081.png,glide_00081.png,test,glide,1,baseline,clean,none,1.0,1
data\splits\genimage_8000_split_v4\test\ai\adm_00075.png,adm_00075.png,test,adm,1,baseline,clean,none,0.999765932559967,1
data\splits\genimage_8000_split_v4\test\ai\midjourney_00012.png,midjourney_00012.png,test,midjourney,1,baseline,clean,none,0.9999568462371826,1
data\splits\genimage_8000_split_v4\test\ai\glide_00028.png,glide_00028.png,test,glide,1,baseline,clean,none,1.0,1
data\splits\genimage_8000_split_v4\test\ai\vqdm_00057.png,vqdm_00057.png,test,vqdm,1,baseline,clean,none,0.9999997615814209,1
data\splits\genimage_8000_split_v4\test\ai\sdv5_00068.png,sdv5_00068.png,test,sdv5,1,baseline,clean,none,0.8740246295928955,1
data\splits\genimage_8000_split_v4\test\ai\vqdm_00036.png,vqdm_00036.png,test,vqdm,1,baseline,clean,none,0.07427099347114563,0
data\splits\genimage_8000_split_v4\test\ai\adm_00001.png,adm_00001.png,test,adm,1,baseline,clean,none,0.9999955892562866,1
data\splits\genimage_8000_split_v4\test\ai\biggan_00054.png,biggan_00054.png,test,biggan,1,baseline,clean,none,0.9993798732757568,1
data\splits\genimage_8000_split_v4\test\ai\vqdm_00058.png,vqdm_00058.png,test,vqdm,1,baseline,clean,none,0.9936936497688293,1
data\splits\genimage_8000_split_v4\test\ai\sdv5_00035.png,sdv5_00035.png,test,sdv5,1,baseline,clean,none,0.9936538934707642,1
data\splits\genimage_8000_split_v4\test\ai\glide_00018.png,glide_00018.png,test,glide,1,baseline,clean,none,0.01954532228410244,0
data\splits\genimage_8000_split_v4\test\ai\adm_00008.png,adm_00008.png,test,adm,1,baseline,clean,none,0.9999997615814209,1
data\splits\genimage_8000_split_v4\test\ai\biggan_00067.png,biggan_00067.png,test,biggan,1,baseline,clean,none,0.9999899864196777,1
data\splits\genimage_8000_split_v4\test\ai\glide_00004.png,glide_00004.png,test,glide,1,baseline,clean,none,0.9999886751174927,1
data\splits\genimage_8000_split_v4\test\ai\midjourney_00083.png,midjourney_00083.png,test,midjourney,1,baseline,clean,none,0.9511720538139343,1
data\splits\genimage_8000_split_v4\test\ai\wukong_00026.png,wukong_00026.png,test,wukong,1,baseline,clean,none,0.9998651742935181,1
data\splits\genimage_8000_split_v4\test\ai\sdv5_00028.png,sdv5_00028.png,test,sdv5,1,baseline,clean,none,0.6546558141708374,1
data\splits\genimage_8000_split_v4\test\ai\midjourney_00042.png,midjourney_00042.png,test,midjourney,1,baseline,clean,none,0.9999767541885376,1
data\splits\genimage_8000_split_v4\test\ai\adm_00060.png,adm_00060.png,test,adm,1,baseline,clean,none,0.9489518404006958,1
data\splits\genimage_8000_split_v4\test\ai\glide_00003.png,glide_00003.png,test,glide,1,baseline,clean,none,0.9999990463256836,1
data\splits\genimage_8000_split_v4\test\ai\glide_00025.png,glide_00025.png,test,glide,1,baseline,clean,none,0.9999655485153198,1
data\splits\genimage_8000_split_v4\test\ai\biggan_00026.png,biggan_00026.png,test,biggan,1,baseline,clean,none,0.9526981115341187,1
data\splits\genimage_8000_split_v4\test\ai\adm_00077.png,adm_00077.png,test,adm,1,baseline,clean,none,1.0,1
data\splits\genimage_8000_split_v4\test\ai\adm_00047.png,adm_00047.png,test,adm,1,baseline,clean,none,0.9999923706054688,1
data\splits\genimage_8000_split_v4\test\ai\sdv5_00033.png,sdv5_00033.png,test,sdv5,1,baseline,clean,none,0.9994454979896545,1
data\splits\genimage_8000_split_v4\test\ai\midjourney_00032.png,midjourney_00032.png,test,midjourney,1,baseline,clean,none,0.9818131923675537,1
data\splits\genimage_8000_split_v4\test\ai\biggan_00064.png,biggan_00064.png,test,biggan,1,baseline,clean,none,0.99788898229599,1
data\splits\genimage_8000_split_v4\test\ai\vqdm_00074.png,vqdm_00074.png,test,vqdm,1,baseline,clean,none,0.999997615814209,1
data\splits\genimage_8000_split_v4\test\ai\biggan_00038.png,biggan_00038.png,test,biggan,1,baseline,clean,none,0.9993714690208435,1
data\splits\genimage_8000_split_v4\test\ai\adm_00082.png,adm_00082.png,test,adm,1,baseline,clean,none,1.0,1
data\splits\genimage_8000_split_v4\test\ai\wukong_00007.png,wukong_00007.png,test,wukong,1,baseline,clean,none,0.9103839993476868,1
data\splits\genimage_8000_split_v4\test\ai\wukong_00060.png,wukong_00060.png,test,wukong,1,baseline,clean,none,1.0,1
data\splits\genimage_8000_split_v4\test\ai\sdv5_00041.png,sdv5_00041.png,test,sdv5,1,baseline,clean,none,0.9969570636749268,1
data\splits\genimage_8000_split_v4\test\ai\vqdm_00038.png,vqdm_00038.png,test,vqdm,1,baseline,clean,none,0.9990806579589844,1
data\splits\genimage_8000_split_v4\test\ai\wukong_00001.png,wukong_00001.png,test,wukong,1,baseline,clean,none,0.9999994039535522,1
data\splits\genimage_8000_split_v4\test\ai\midjourney_00015.png,midjourney_00015.png,test,midjourney,1,baseline,clean,none,0.9999741315841675,1
data\splits\genimage_8000_split_v4\test\ai\biggan_00047.png,biggan_00047.png,test,biggan,1,baseline,clean,none,0.9999994039535522,1
data\splits\genimage_8000_split_v4\test\ai\glide_00030.png,glide_00030.png,test,glide,1,baseline,clean,none,0.9995100498199463,1
data\splits\genimage_8000_split_v4\test\ai\vqdm_00047.png,vqdm_00047.png,test,vqdm,1,baseline,clean,none,0.9653161764144897,1
data\splits\genimage_8000_split_v4\test\ai\sdv5_00084.png,sdv5_00084.png,test,sdv5,1,baseline,clean,none,0.9793627262115479,1
data\splits\genimage_8000_split_v4\test\ai\vqdm_00083.png,vqdm_00083.png,test,vqdm,1,baseline,clean,none,0.9943998456001282,1
data\splits\genimage_8000_split_v4\test\ai\biggan_00068.png,biggan_00068.png,test,biggan,1,baseline,clean,none,0.9999878406524658,1
data\splits\genimage_8000_split_v4\test\ai\sdv5_00058.png,sdv5_00058.png,test,sdv5,1,baseline,clean,none,0.9548256397247314,1
data\splits\genimage_8000_split_v4\test\ai\sdv5_00006.png,sdv5_00006.png,test,sdv5,1,baseline,clean,none,0.9999860525131226,1
data\splits\genimage_8000_split_v4\test\ai\biggan_00044.png,biggan_00044.png,test,biggan,1,baseline,clean,none,0.9994275569915771,1
data\splits\genimage_8000_split_v4\test\ai\midjourney_00003.png,midjourney_00003.png,test,midjourney,1,baseline,clean,none,0.9998171925544739,1
data\splits\genimage_8000_split_v4\test\ai\sdv5_00027.png,sdv5_00027.png,test,sdv5,1,baseline,clean,none,0.9986507296562195,1
data\splits\genimage_8000_split_v4\test\ai\biggan_00072.png,biggan_00072.png,test,biggan,1,baseline,clean,none,0.9996200799942017,1
data\splits\genimage_8000_split_v4\test\ai\vqdm_00030.png,vqdm_00030.png,test,vqdm,1,baseline,clean,none,0.811121940612793,1
data\splits\genimage_8000_split_v4\test\ai\vqdm_00085.png,vqdm_00085.png,test,vqdm,1,baseline,clean,none,0.8277490139007568,1
data\splits\genimage_8000_split_v4\test\ai\wukong_00071.png,wukong_00071.png,test,wukong,1,baseline,clean,none,0.9687915444374084,1
data\splits\genimage_8000_split_v4\test\ai\adm_00062.png,adm_00062.png,test,adm,1,baseline,clean,none,0.9931932091712952,1
data\splits\genimage_8000_split_v4\test\ai\adm_00000.png,adm_00000.png,test,adm,1,baseline,clean,none,0.9997467398643494,1
data\splits\genimage_8000_split_v4\test\ai\wukong_00044.png,wukong_00044.png,test,wukong,1,baseline,clean,none,0.9999995231628418,1
data\splits\genimage_8000_split_v4\test\ai\glide_00075.png,glide_00075.png,test,glide,1,baseline,clean,none,0.9976848363876343,1
data\splits\genimage_8000_split_v4\test\ai\vqdm_00040.png,vqdm_00040.png,test,vqdm,1,baseline,clean,none,0.9963932633399963,1
data\splits\genimage_8000_split_v4\test\ai\wukong_00082.png,wukong_00082.png,test,wukong,1,baseline,clean,none,1.0,1
data\splits\genimage_8000_split_v4\test\ai\midjourney_00019.png,midjourney_00019.png,test,midjourney,1,baseline,clean,none,0.9944697618484497,1
data\splits\genimage_8000_split_v4\test\ai\adm_00065.png,adm_00065.png,test,adm,1,baseline,clean,none,0.9999725818634033,1
data\splits\genimage_8000_split_v4\test\ai\midjourney_00022.png,midjourney_00022.png,test,midjourney,1,baseline,clean,none,0.8933247327804565,1
data\splits\genimage_8000_split_v4\test\ai\midjourney_00052.png,midjourney_00052.png,test,midjourney,1,baseline,clean,none,0.0003313682973384857,0
data\splits\genimage_8000_split_v4\test\ai\adm_00046.png,adm_00046.png,test,adm,1,baseline,clean,none,1.0,1
data\splits\genimage_8000_split_v4\test\ai\wukong_00048.png,wukong_00048.png,test,wukong,1,baseline,clean,none,0.960232138633728,1
data\splits\genimage_8000_split_v4\test\ai\vqdm_00045.png,vqdm_00045.png,test,vqdm,1,baseline,clean,none,0.9999916553497314,1
data\splits\genimage_8000_split_v4\test\ai\biggan_00036.png,biggan_00036.png,test,biggan,1,baseline,clean,none,0.9999091625213623,1
data\splits\genimage_8000_split_v4\test\ai\sdv5_00038.png,sdv5_00038.png,test,sdv5,1,baseline,clean,none,0.9755621552467346,1
data\splits\genimage_8000_split_v4\test\ai\vqdm_00050.png,vqdm_00050.png,test,vqdm,1,baseline,clean,none,0.15303051471710205,0
data\splits\genimage_8000_split_v4\test\ai\biggan_00041.png,biggan_00041.png,test,biggan,1,baseline,clean,none,0.9999998807907104,1
data\splits\genimage_8000_split_v4\test\ai\vqdm_00051.png,vqdm_00051.png,test,vqdm,1,baseline,clean,none,0.774127185344696,1
data\splits\genimage_8000_split_v4\test\ai\glide_00054.png,glide_00054.png,test,glide,1,baseline,clean,none,0.9999397993087769,1
data\splits\genimage_8000_split_v4\test\ai\sdv5_00062.png,sdv5_00062.png,test,sdv5,1,baseline,clean,none,0.9999997615814209,1
data\splits\genimage_8000_split_v4\test\ai\sdv5_00060.png,sdv5_00060.png,test,sdv5,1,baseline,clean,none,0.9974167346954346,1
data\splits\genimage_8000_split_v4\test\ai\glide_00079.png,glide_00079.png,test,glide,1,baseline,clean,none,0.9928319454193115,1
data\splits\genimage_8000_split_v4\test\ai\midjourney_00004.png,midjourney_00004.png,test,midjourney,1,baseline,clean,none,0.9973286390304565,1
data\splits\genimage_8000_split_v4\test\ai\wukong_00040.png,wukong_00040.png,test,wukong,1,baseline,clean,none,0.9452286958694458,1
data\splits\genimage_8000_split_v4\test\ai\biggan_00060.png,biggan_00060.png,test,biggan,1,baseline,clean,none,0.9899040460586548,1
data\splits\genimage_8000_split_v4\test\ai\wukong_00049.png,wukong_00049.png,test,wukong,1,baseline,clean,none,0.961048424243927,1
data\splits\genimage_8000_split_v4\test\ai\wukong_00035.png,wukong_00035.png,test,wukong,1,baseline,clean,none,0.9798765778541565,1
data\splits\genimage_8000_split_v4\test\ai\adm_00010.png,adm_00010.png,test,adm,1,baseline,clean,none,0.9991306662559509,1
data\splits\genimage_8000_split_v4\test\ai\sdv5_00064.png,sdv5_00064.png,test,sdv5,1,baseline,clean,none,0.7218536734580994,1
data\splits\genimage_8000_split_v4\test\ai\adm_00059.png,adm_00059.png,test,adm,1,baseline,clean,none,0.9999912977218628,1
data\splits\genimage_8000_split_v4\test\ai\midjourney_00048.png,midjourney_00048.png,test,midjourney,1,baseline,clean,none,0.43760889768600464,0
data\splits\genimage_8000_split_v4\test\ai\midjourney_00016.png,midjourney_00016.png,test,midjourney,1,baseline,clean,none,0.40306556224823,0
data\splits\genimage_8000_split_v4\test\ai\biggan_00007.png,biggan_00007.png,test,biggan,1,baseline,clean,none,0.5989991426467896,1
data\splits\genimage_8000_split_v4\test\ai\glide_00067.png,glide_00067.png,test,glide,1,baseline,clean,none,1.0,1
data\splits\genimage_8000_split_v4\test\ai\glide_00046.png,glide_00046.png,test,glide,1,baseline,clean,none,0.9998409748077393,1
data\splits\genimage_8000_split_v4\test\ai\vqdm_00053.png,vqdm_00053.png,test,vqdm,1,baseline,clean,none,0.9999995231628418,1
data\splits\genimage_8000_split_v4\test\ai\adm_00071.png,adm_00071.png,test,adm,1,baseline,clean,none,0.999990701675415,1
data\splits\genimage_8000_split_v4\test\ai\glide_00022.png,glide_00022.png,test,glide,1,baseline,clean,none,1.0,1
data\splits\genimage_8000_split_v4\test\ai\sdv5_00082.png,sdv5_00082.png,test,sdv5,1,baseline,clean,none,0.999580442905426,1
data\splits\genimage_8000_split_v4\test\ai\vqdm_00003.png,vqdm_00003.png,test,vqdm,1,baseline,clean,none,0.6727665662765503,1
data\splits\genimage_8000_split_v4\test\ai\midjourney_00035.png,midjourney_00035.png,test,midjourney,1,baseline,clean,none,0.9965080618858337,1
data\splits\genimage_8000_split_v4\test\ai\glide_00031.png,glide_00031.png,test,glide,1,baseline,clean,none,1.0,1
data\splits\genimage_8000_split_v4\test\ai\vqdm_00063.png,vqdm_00063.png,test,vqdm,1,baseline,clean,none,0.6084316968917847,1
data\splits\genimage_8000_split_v4\test\ai\wukong_00016.png,wukong_00016.png,test,wukong,1,baseline,clean,none,0.9983768463134766,1
data\splits\genimage_8000_split_v4\test\ai\wukong_00054.png,wukong_00054.png,test,wukong,1,baseline,clean,none,0.999923825263977,1
data\splits\genimage_8000_split_v4\test\ai\biggan_00002.png,biggan_00002.png,test,biggan,1,baseline,clean,none,0.9999992847442627,1
data\splits\genimage_8000_split_v4\test\ai\adm_00049.png,adm_00049.png,test,adm,1,baseline,clean,none,1.0,1
data\splits\genimage_8000_split_v4\test\ai\sdv5_00002.png,sdv5_00002.png,test,sdv5,1,baseline,clean,none,0.9998416900634766,1
data\splits\genimage_8000_split_v4\test\ai\biggan_00025.png,biggan_00025.png,test,biggan,1,baseline,clean,none,0.9995991587638855,1
data\splits\genimage_8000_split_v4\test\ai\biggan_00071.png,biggan_00071.png,test,biggan,1,baseline,clean,none,1.0,1
data\splits\genimage_8000_split_v4\test\ai\biggan_00051.png,biggan_00051.png,test,biggan,1,baseline,clean,none,0.19560495018959045,0
data\splits\genimage_8000_split_v4\test\ai\wukong_00081.png,wukong_00081.png,test,wukong,1,baseline,clean,none,0.9291216135025024,1
data\splits\genimage_8000_split_v4\test\ai\sdv5_00022.png,sdv5_00022.png,test,sdv5,1,baseline,clean,none,0.9949182868003845,1
data\splits\genimage_8000_split_v4\test\real\real_00486.jpeg,real_00486.jpeg,test,real,0,baseline,png,png-lossless,4.8520287236897275e-06,0
data\splits\genimage_8000_split_v4\test\real\real_00382.jpeg,real_00382.jpeg,test,real,0,baseline,png,png-lossless,2.2681410882796627e-06,0
data\splits\genimage_8000_split_v4\test\real\real_00117.jpeg,real_00117.jpeg,test,real,0,baseline,png,png-lossless,0.01613054797053337,0
data\splits\genimage_8000_split_v4\test\real\real_00354.jpeg,real_00354.jpeg,test,real,0,baseline,png,png-lossless,2.897909098464879e-06,0
data\splits\genimage_8000_split_v4\test\real\real_00076.jpeg,real_00076.jpeg,test,real,0,baseline,png,png-lossless,0.0032622527796775103,0
data\splits\genimage_8000_split_v4\test\real\real_00395.jpeg,real_00395.jpeg,test,real,0,baseline,png,png-lossless,1.0483491678314749e-05,0
data\splits\genimage_8000_split_v4\test\real\real_00348.jpeg,real_00348.jpeg,test,real,0,baseline,png,png-lossless,0.40026527643203735,0
data\splits\genimage_8000_split_v4\test\real\real_00307.jpeg,real_00307.jpeg,test,real,0,baseline,png,png-lossless,0.00011307554814266041,0
data\splits\genimage_8000_split_v4\test\real\real_00438.jpeg,real_00438.jpeg,test,real,0,baseline,png,png-lossless,3.29099481000128e-09,0
data\splits\genimage_8000_split_v4\test\real\real_00393.jpeg,real_00393.jpeg,test,real,0,baseline,png,png-lossless,0.0010418527526780963,0
data\splits\genimage_8000_split_v4\test\real\real_00566.jpeg,real_00566.jpeg,test,real,0,baseline,png,png-lossless,0.000142701028380543,0
data\splits\genimage_8000_split_v4\test\real\real_00055.jpeg,real_00055.jpeg,test,real,0,baseline,png,png-lossless,0.11507343500852585,0
data\splits\genimage_8000_split_v4\test\real\real_00416.jpeg,real_00416.jpeg,test,real,0,baseline,png,png-lossless,0.0009264262625947595,0
data\splits\genimage_8000_split_v4\test\real\real_00304.jpeg,real_00304.jpeg,test,real,0,baseline,png,png-lossless,1.1957493883940629e-09,0
data\splits\genimage_8000_split_v4\test\real\real_00135.jpeg,real_00135.jpeg,test,real,0,baseline,png,png-lossless,0.28308138251304626,0
data\splits\genimage_8000_split_v4\test\real\real_00387.jpeg,real_00387.jpeg,test,real,0,baseline,png,png-lossless,2.6960973453782344e-09,0
data\splits\genimage_8000_split_v4\test\real\real_00040.jpeg,real_00040.jpeg,test,real,0,baseline,png,png-lossless,2.1362688130466267e-05,0
data\splits\genimage_8000_split_v4\test\real\real_00563.jpeg,real_00563.jpeg,test,real,0,baseline,png,png-lossless,0.0021208026446402073,0
data\splits\genimage_8000_split_v4\test\real\real_00457.jpeg,real_00457.jpeg,test,real,0,baseline,png,png-lossless,0.27199462056159973,0
data\splits\genimage_8000_split_v4\test\real\real_00561.jpeg,real_00561.jpeg,test,real,0,baseline,png,png-lossless,1.0695091077650432e-05,0
data\splits\genimage_8000_split_v4\test\real\real_00288.jpeg,real_00288.jpeg,test,real,0,baseline,png,png-lossless,0.24048905074596405,0
data\splits\genimage_8000_split_v4\test\real\real_00271.jpeg,real_00271.jpeg,test,real,0,baseline,png,png-lossless,0.010981664061546326,0
data\splits\genimage_8000_split_v4\test\real\real_00185.jpeg,real_00185.jpeg,test,real,0,baseline,png,png-lossless,0.09169576317071915,0
data\splits\genimage_8000_split_v4\test\real\real_00216.jpeg,real_00216.jpeg,test,real,0,baseline,png,png-lossless,0.00102913414593786,0
data\splits\genimage_8000_split_v4\test\real\real_00180.jpeg,real_00180.jpeg,test,real,0,baseline,png,png-lossless,0.7446795105934143,1
data\splits\genimage_8000_split_v4\test\real\real_00189.jpeg,real_00189.jpeg,test,real,0,baseline,png,png-lossless,0.07495918869972229,0
data\splits\genimage_8000_split_v4\test\real\real_00396.jpeg,real_00396.jpeg,test,real,0,baseline,png,png-lossless,0.008015390485525131,0
data\splits\genimage_8000_split_v4\test\real\real_00131.jpeg,real_00131.jpeg,test,real,0,baseline,png,png-lossless,0.00032014932367019355,0
data\splits\genimage_8000_split_v4\test\real\real_00557.jpeg,real_00557.jpeg,test,real,0,baseline,png,png-lossless,0.0028484531212598085,0
data\splits\genimage_8000_split_v4\test\real\real_00266.jpeg,real_00266.jpeg,test,real,0,baseline,png,png-lossless,9.913799914329502e-08,0
data\splits\genimage_8000_split_v4\test\real\real_00207.jpeg,real_00207.jpeg,test,real,0,baseline,png,png-lossless,3.0364109989022836e-05,0
data\splits\genimage_8000_split_v4\test\real\real_00141.jpeg,real_00141.jpeg,test,real,0,baseline,png,png-lossless,0.9617990255355835,1
data\splits\genimage_8000_split_v4\test\real\real_00407.jpeg,real_00407.jpeg,test,real,0,baseline,png,png-lossless,0.9998760223388672,1
data\splits\genimage_8000_split_v4\test\real\real_00026.jpeg,real_00026.jpeg,test,real,0,baseline,png,png-lossless,0.19499234855175018,0
data\splits\genimage_8000_split_v4\test\real\real_00046.jpeg,real_00046.jpeg,test,real,0,baseline,png,png-lossless,0.0017167478799819946,0
data\splits\genimage_8000_split_v4\test\real\real_00585.jpeg,real_00585.jpeg,test,real,0,baseline,png,png-lossless,0.0005882573896087706,0
data\splits\genimage_8000_split_v4\test\real\real_00206.jpeg,real_00206.jpeg,test,real,0,baseline,png,png-lossless,0.977711021900177,1
data\splits\genimage_8000_split_v4\test\real\real_00297.jpeg,real_00297.jpeg,test,real,0,baseline,png,png-lossless,0.0012491584056988358,0
data\splits\genimage_8000_split_v4\test\real\real_00401.jpeg,real_00401.jpeg,test,real,0,baseline,png,png-lossless,3.18562779284548e-05,0
data\splits\genimage_8000_split_v4\test\real\real_00339.jpeg,real_00339.jpeg,test,real,0,baseline,png,png-lossless,0.00426094327121973,0
data\splits\genimage_8000_split_v4\test\real\real_00403.jpeg,real_00403.jpeg,test,real,0,baseline,png,png-lossless,0.8010417222976685,1
data\splits\genimage_8000_split_v4\test\real\real_00344.jpeg,real_00344.jpeg,test,real,0,baseline,png,png-lossless,0.0012767501175403595,0
data\splits\genimage_8000_split_v4\test\real\real_00560.jpeg,real_00560.jpeg,test,real,0,baseline,png,png-lossless,0.03302033990621567,0
data\splits\genimage_8000_split_v4\test\real\real_00553.jpeg,real_00553.jpeg,test,real,0,baseline,png,png-lossless,0.01314416155219078,0
data\splits\genimage_8000_split_v4\test\real\real_00598.jpeg,real_00598.jpeg,test,real,0,baseline,png,png-lossless,0.00034340962884016335,0
data\splits\genimage_8000_split_v4\test\real\real_00497.jpeg,real_00497.jpeg,test,real,0,baseline,png,png-lossless,0.0644509345293045,0
data\splits\genimage_8000_split_v4\test\real\real_00253.jpeg,real_00253.jpeg,test,real,0,baseline,png,png-lossless,2.502291180251498e-13,0
data\splits\genimage_8000_split_v4\test\real\real_00577.jpeg,real_00577.jpeg,test,real,0,baseline,png,png-lossless,1.339647042186698e-07,0
data\splits\genimage_8000_split_v4\test\real\real_00394.jpeg,real_00394.jpeg,test,real,0,baseline,png,png-lossless,0.0034135491587221622,0
data\splits\genimage_8000_split_v4\test\real\real_00445.jpeg,real_00445.jpeg,test,real,0,baseline,png,png-lossless,0.24803735315799713,0
data\splits\genimage_8000_split_v4\test\real\real_00050.jpeg,real_00050.jpeg,test,real,0,baseline,png,png-lossless,0.06384836882352829,0
data\splits\genimage_8000_split_v4\test\real\real_00269.jpeg,real_00269.jpeg,test,real,0,baseline,png,png-lossless,4.898290353594348e-05,0
data\splits\genimage_8000_split_v4\test\real\real_00151.jpeg,real_00151.jpeg,test,real,0,baseline,png,png-lossless,0.9067183136940002,1
data\splits\genimage_8000_split_v4\test\real\real_00190.jpeg,real_00190.jpeg,test,real,0,baseline,png,png-lossless,1.5522907403919817e-07,0
data\splits\genimage_8000_split_v4\test\real\real_00250.jpeg,real_00250.jpeg,test,real,0,baseline,png,png-lossless,0.006123346742242575,0
data\splits\genimage_8000_split_v4\test\real\real_00257.jpeg,real_00257.jpeg,test,real,0,baseline,png,png-lossless,0.01912732608616352,0
data\splits\genimage_8000_split_v4\test\real\real_00008.jpeg,real_00008.jpeg,test,real,0,baseline,png,png-lossless,7.843605089874472e-06,0
data\splits\genimage_8000_split_v4\test\real\real_00398.jpeg,real_00398.jpeg,test,real,0,baseline,png,png-lossless,0.14975866675376892,0
data\splits\genimage_8000_split_v4\test\real\real_00322.jpeg,real_00322.jpeg,test,real,0,baseline,png,png-lossless,0.0017663638573139906,0
data\splits\genimage_8000_split_v4\test\real\real_00230.jpeg,real_00230.jpeg,test,real,0,baseline,png,png-lossless,0.34259840846061707,0
data\splits\genimage_8000_split_v4\test\real\real_00219.jpeg,real_00219.jpeg,test,real,0,baseline,png,png-lossless,0.007566995918750763,0
data\splits\genimage_8000_split_v4\test\real\real_00550.jpeg,real_00550.jpeg,test,real,0,baseline,png,png-lossless,0.00828379113227129,0
data\splits\genimage_8000_split_v4\test\real\real_00528.jpeg,real_00528.jpeg,test,real,0,baseline,png,png-lossless,0.0002799215435516089,0
data\splits\genimage_8000_split_v4\test\real\real_00039.jpeg,real_00039.jpeg,test,real,0,baseline,png,png-lossless,0.013438759371638298,0
data\splits\genimage_8000_split_v4\test\real\real_00274.jpeg,real_00274.jpeg,test,real,0,baseline,png,png-lossless,0.5651842951774597,1
data\splits\genimage_8000_split_v4\test\real\real_00414.jpeg,real_00414.jpeg,test,real,0,baseline,png,png-lossless,0.19399197399616241,0
data\splits\genimage_8000_split_v4\test\real\real_00038.jpeg,real_00038.jpeg,test,real,0,baseline,png,png-lossless,0.025880543515086174,0
data\splits\genimage_8000_split_v4\test\real\real_00434.jpeg,real_00434.jpeg,test,real,0,baseline,png,png-lossless,0.028431104496121407,0
data\splits\genimage_8000_split_v4\test\real\real_00279.jpeg,real_00279.jpeg,test,real,0,baseline,png,png-lossless,0.0028967889957129955,0
data\splits\genimage_8000_split_v4\test\real\real_00077.jpeg,real_00077.jpeg,test,real,0,baseline,png,png-lossless,0.09160711616277695,0
data\splits\genimage_8000_split_v4\test\real\real_00312.jpeg,real_00312.jpeg,test,real,0,baseline,png,png-lossless,0.19390563666820526,0
data\splits\genimage_8000_split_v4\test\real\real_00482.jpeg,real_00482.jpeg,test,real,0,baseline,png,png-lossless,0.003594251349568367,0
data\splits\genimage_8000_split_v4\test\real\real_00178.jpeg,real_00178.jpeg,test,real,0,baseline,png,png-lossless,0.39102301001548767,0
data\splits\genimage_8000_split_v4\test\real\real_00535.jpeg,real_00535.jpeg,test,real,0,baseline,png,png-lossless,0.09985512495040894,0
data\splits\genimage_8000_split_v4\test\real\real_00345.jpeg,real_00345.jpeg,test,real,0,baseline,png,png-lossless,0.0019260342232882977,0
data\splits\genimage_8000_split_v4\test\real\real_00019.jpeg,real_00019.jpeg,test,real,0,baseline,png,png-lossless,0.0005098758265376091,0
data\splits\genimage_8000_split_v4\test\real\real_00143.jpeg,real_00143.jpeg,test,real,0,baseline,png,png-lossless,0.00028924967045895755,0
data\splits\genimage_8000_split_v4\test\real\real_00496.jpeg,real_00496.jpeg,test,real,0,baseline,png,png-lossless,0.02350708097219467,0
data\splits\genimage_8000_split_v4\test\real\real_00522.jpeg,real_00522.jpeg,test,real,0,baseline,png,png-lossless,5.245300179444745e-13,0
data\splits\genimage_8000_split_v4\test\real\real_00451.jpeg,real_00451.jpeg,test,real,0,baseline,png,png-lossless,4.9232789933739696e-06,0
data\splits\genimage_8000_split_v4\test\real\real_00371.jpeg,real_00371.jpeg,test,real,0,baseline,png,png-lossless,1.0495617061678786e-05,0
data\splits\genimage_8000_split_v4\test\real\real_00060.jpeg,real_00060.jpeg,test,real,0,baseline,png,png-lossless,0.577775239944458,1
data\splits\genimage_8000_split_v4\test\real\real_00410.jpeg,real_00410.jpeg,test,real,0,baseline,png,png-lossless,0.24620573222637177,0
data\splits\genimage_8000_split_v4\test\real\real_00248.jpeg,real_00248.jpeg,test,real,0,baseline,png,png-lossless,0.6184008121490479,1
data\splits\genimage_8000_split_v4\test\real\real_00043.jpeg,real_00043.jpeg,test,real,0,baseline,png,png-lossless,0.898965060710907,1
data\splits\genimage_8000_split_v4\test\real\real_00104.jpeg,real_00104.jpeg,test,real,0,baseline,png,png-lossless,0.0001023784134304151,0
data\splits\genimage_8000_split_v4\test\real\real_00238.jpeg,real_00238.jpeg,test,real,0,baseline,png,png-lossless,0.00022808961512055248,0
data\splits\genimage_8000_split_v4\test\real\real_00251.jpeg,real_00251.jpeg,test,real,0,baseline,png,png-lossless,0.00047648046165704727,0
data\splits\genimage_8000_split_v4\test\real\real_00017.jpeg,real_00017.jpeg,test,real,0,baseline,png,png-lossless,5.172091914573684e-05,0
data\splits\genimage_8000_split_v4\test\real\real_00500.jpeg,real_00500.jpeg,test,real,0,baseline,png,png-lossless,0.0047601694241166115,0
data\splits\genimage_8000_split_v4\test\real\real_00056.jpeg,real_00056.jpeg,test,real,0,baseline,png,png-lossless,0.0038507990539073944,0
data\splits\genimage_8000_split_v4\test\real\real_00227.jpeg,real_00227.jpeg,test,real,0,baseline,png,png-lossless,0.0009589141700416803,0
data\splits\genimage_8000_split_v4\test\real\real_00347.jpeg,real_00347.jpeg,test,real,0,baseline,png,png-lossless,3.29693449430124e-07,0
data\splits\genimage_8000_split_v4\test\real\real_00176.jpeg,real_00176.jpeg,test,real,0,baseline,png,png-lossless,0.5747901201248169,1
data\splits\genimage_8000_split_v4\test\real\real_00085.jpeg,real_00085.jpeg,test,real,0,baseline,png,png-lossless,4.191965126665309e-05,0
data\splits\genimage_8000_split_v4\test\real\real_00586.jpeg,real_00586.jpeg,test,real,0,baseline,png,png-lossless,4.578585048875539e-06,0
data\splits\genimage_8000_split_v4\test\real\real_00193.jpeg,real_00193.jpeg,test,real,0,baseline,png,png-lossless,6.74770271871239e-05,0
data\splits\genimage_8000_split_v4\test\real\real_00018.jpeg,real_00018.jpeg,test,real,0,baseline,png,png-lossless,0.9847474694252014,1
data\splits\genimage_8000_split_v4\test\real\real_00342.jpeg,real_00342.jpeg,test,real,0,baseline,png,png-lossless,0.03321094810962677,0
data\splits\genimage_8000_split_v4\test\real\real_00359.jpeg,real_00359.jpeg,test,real,0,baseline,png,png-lossless,0.977895200252533,1
data\splits\genimage_8000_split_v4\test\real\real_00163.jpeg,real_00163.jpeg,test,real,0,baseline,png,png-lossless,0.45718100666999817,0
data\splits\genimage_8000_split_v4\test\real\real_00527.jpeg,real_00527.jpeg,test,real,0,baseline,png,png-lossless,0.00010531963926041499,0
data\splits\genimage_8000_split_v4\test\real\real_00444.jpeg,real_00444.jpeg,test,real,0,baseline,png,png-lossless,0.0005800933577120304,0
data\splits\genimage_8000_split_v4\test\real\real_00440.jpeg,real_00440.jpeg,test,real,0,baseline,png,png-lossless,0.014482944272458553,0
data\splits\genimage_8000_split_v4\test\real\real_00096.jpeg,real_00096.jpeg,test,real,0,baseline,png,png-lossless,0.27352187037467957,0
data\splits\genimage_8000_split_v4\test\real\real_00165.jpeg,real_00165.jpeg,test,real,0,baseline,png,png-lossless,0.0843668282032013,0
data\splits\genimage_8000_split_v4\test\real\real_00576.jpeg,real_00576.jpeg,test,real,0,baseline,png,png-lossless,0.9787413477897644,1
data\splits\genimage_8000_split_v4\test\real\real_00375.jpeg,real_00375.jpeg,test,real,0,baseline,png,png-lossless,0.0025277931708842516,0
data\splits\genimage_8000_split_v4\test\real\real_00300.jpeg,real_00300.jpeg,test,real,0,baseline,png,png-lossless,0.0001536438358016312,0
data\splits\genimage_8000_split_v4\test\real\real_00503.jpeg,real_00503.jpeg,test,real,0,baseline,png,png-lossless,0.35134008526802063,0
data\splits\genimage_8000_split_v4\test\real\real_00499.jpeg,real_00499.jpeg,test,real,0,baseline,png,png-lossless,0.008066832087934017,0
data\splits\genimage_8000_split_v4\test\real\real_00283.jpeg,real_00283.jpeg,test,real,0,baseline,png,png-lossless,9.516174372947717e-07,0
data\splits\genimage_8000_split_v4\test\real\real_00160.jpeg,real_00160.jpeg,test,real,0,baseline,png,png-lossless,0.6864017844200134,1
data\splits\genimage_8000_split_v4\test\real\real_00260.jpeg,real_00260.jpeg,test,real,0,baseline,png,png-lossless,0.017883427441120148,0
data\splits\genimage_8000_split_v4\test\real\real_00208.jpeg,real_00208.jpeg,test,real,0,baseline,png,png-lossless,2.6008217801631872e-08,0
data\splits\genimage_8000_split_v4\test\real\real_00262.jpeg,real_00262.jpeg,test,real,0,baseline,png,png-lossless,0.013524206355214119,0
data\splits\genimage_8000_split_v4\test\real\real_00213.jpeg,real_00213.jpeg,test,real,0,baseline,png,png-lossless,0.17966772615909576,0
data\splits\genimage_8000_split_v4\test\real\real_00476.jpeg,real_00476.jpeg,test,real,0,baseline,png,png-lossless,2.0143233996350318e-05,0
data\splits\genimage_8000_split_v4\test\real\real_00092.jpeg,real_00092.jpeg,test,real,0,baseline,png,png-lossless,0.6847933530807495,1
data\splits\genimage_8000_split_v4\test\real\real_00324.jpeg,real_00324.jpeg,test,real,0,baseline,png,png-lossless,0.7781888246536255,1
data\splits\genimage_8000_split_v4\test\real\real_00425.jpeg,real_00425.jpeg,test,real,0,baseline,png,png-lossless,0.7108865976333618,1
data\splits\genimage_8000_split_v4\test\real\real_00559.jpeg,real_00559.jpeg,test,real,0,baseline,png,png-lossless,5.746326223743381e-06,0
data\splits\genimage_8000_split_v4\test\real\real_00015.jpeg,real_00015.jpeg,test,real,0,baseline,png,png-lossless,7.08577658770082e-08,0
data\splits\genimage_8000_split_v4\test\real\real_00562.jpeg,real_00562.jpeg,test,real,0,baseline,png,png-lossless,0.011805658228695393,0
data\splits\genimage_8000_split_v4\test\real\real_00514.jpeg,real_00514.jpeg,test,real,0,baseline,png,png-lossless,2.2015062570244354e-13,0
data\splits\genimage_8000_split_v4\test\real\real_00580.jpeg,real_00580.jpeg,test,real,0,baseline,png,png-lossless,6.986563676036894e-05,0
data\splits\genimage_8000_split_v4\test\real\real_00202.jpeg,real_00202.jpeg,test,real,0,baseline,png,png-lossless,0.009506138041615486,0
data\splits\genimage_8000_split_v4\test\real\real_00402.jpeg,real_00402.jpeg,test,real,0,baseline,png,png-lossless,9.570648273893312e-08,0
data\splits\genimage_8000_split_v4\test\real\real_00057.jpeg,real_00057.jpeg,test,real,0,baseline,png,png-lossless,9.335202776128426e-06,0
data\splits\genimage_8000_split_v4\test\real\real_00007.jpeg,real_00007.jpeg,test,real,0,baseline,png,png-lossless,0.12425186485052109,0
data\splits\genimage_8000_split_v4\test\real\real_00388.jpeg,real_00388.jpeg,test,real,0,baseline,png,png-lossless,0.37695154547691345,0
data\splits\genimage_8000_split_v4\test\real\real_00016.jpeg,real_00016.jpeg,test,real,0,baseline,png,png-lossless,4.4202561610973135e-09,0
data\splits\genimage_8000_split_v4\test\real\real_00506.jpeg,real_00506.jpeg,test,real,0,baseline,png,png-lossless,0.11494755744934082,0
data\splits\genimage_8000_split_v4\test\real\real_00028.jpeg,real_00028.jpeg,test,real,0,baseline,png,png-lossless,0.002463857876136899,0
data\splits\genimage_8000_split_v4\test\real\real_00572.jpeg,real_00572.jpeg,test,real,0,baseline,png,png-lossless,0.5448701977729797,1
data\splits\genimage_8000_split_v4\test\real\real_00381.jpeg,real_00381.jpeg,test,real,0,baseline,png,png-lossless,0.029633747413754463,0
data\splits\genimage_8000_split_v4\test\real\real_00268.jpeg,real_00268.jpeg,test,real,0,baseline,png,png-lossless,0.030888352543115616,0
data\splits\genimage_8000_split_v4\test\real\real_00512.jpeg,real_00512.jpeg,test,real,0,baseline,png,png-lossless,0.058889538049697876,0
data\splits\genimage_8000_split_v4\test\real\real_00006.jpeg,real_00006.jpeg,test,real,0,baseline,png,png-lossless,0.9834011197090149,1
data\splits\genimage_8000_split_v4\test\real\real_00289.jpeg,real_00289.jpeg,test,real,0,baseline,png,png-lossless,0.034994617104530334,0
data\splits\genimage_8000_split_v4\test\real\real_00519.jpeg,real_00519.jpeg,test,real,0,baseline,png,png-lossless,0.00029004772659391165,0
data\splits\genimage_8000_split_v4\test\real\real_00252.jpeg,real_00252.jpeg,test,real,0,baseline,png,png-lossless,2.6581735710351495e-06,0
data\splits\genimage_8000_split_v4\test\real\real_00211.jpeg,real_00211.jpeg,test,real,0,baseline,png,png-lossless,2.3765676814946346e-05,0
data\splits\genimage_8000_split_v4\test\real\real_00147.jpeg,real_00147.jpeg,test,real,0,baseline,png,png-lossless,0.026762990280985832,0
data\splits\genimage_8000_split_v4\test\real\real_00181.jpeg,real_00181.jpeg,test,real,0,baseline,png,png-lossless,0.9869791269302368,1
data\splits\genimage_8000_split_v4\test\real\real_00458.jpeg,real_00458.jpeg,test,real,0,baseline,png,png-lossless,0.0003525672946125269,0
data\splits\genimage_8000_split_v4\test\real\real_00329.jpeg,real_00329.jpeg,test,real,0,baseline,png,png-lossless,3.092091219514259e-06,0
data\splits\genimage_8000_split_v4\test\real\real_00545.jpeg,real_00545.jpeg,test,real,0,baseline,png,png-lossless,0.0162335317581892,0
data\splits\genimage_8000_split_v4\test\real\real_00568.jpeg,real_00568.jpeg,test,real,0,baseline,png,png-lossless,0.014904193580150604,0
data\splits\genimage_8000_split_v4\test\real\real_00031.jpeg,real_00031.jpeg,test,real,0,baseline,png,png-lossless,0.002875558566302061,0
data\splits\genimage_8000_split_v4\test\real\real_00171.jpeg,real_00171.jpeg,test,real,0,baseline,png,png-lossless,8.255109605670441e-06,0
data\splits\genimage_8000_split_v4\test\real\real_00320.jpeg,real_00320.jpeg,test,real,0,baseline,png,png-lossless,8.939493272919208e-05,0
data\splits\genimage_8000_split_v4\test\real\real_00083.jpeg,real_00083.jpeg,test,real,0,baseline,png,png-lossless,0.0017966852756217122,0
data\splits\genimage_8000_split_v4\test\real\real_00012.jpeg,real_00012.jpeg,test,real,0,baseline,png,png-lossless,0.7418694496154785,1
data\splits\genimage_8000_split_v4\test\real\real_00357.jpeg,real_00357.jpeg,test,real,0,baseline,png,png-lossless,0.010954058729112148,0
data\splits\genimage_8000_split_v4\test\real\real_00346.jpeg,real_00346.jpeg,test,real,0,baseline,png,png-lossless,0.0041647981852293015,0
data\splits\genimage_8000_split_v4\test\real\real_00450.jpeg,real_00450.jpeg,test,real,0,baseline,png,png-lossless,0.47520166635513306,0
data\splits\genimage_8000_split_v4\test\real\real_00356.jpeg,real_00356.jpeg,test,real,0,baseline,png,png-lossless,0.0680345669388771,0
data\splits\genimage_8000_split_v4\test\real\real_00594.jpeg,real_00594.jpeg,test,real,0,baseline,png,png-lossless,0.003830945584923029,0
data\splits\genimage_8000_split_v4\test\real\real_00048.jpeg,real_00048.jpeg,test,real,0,baseline,png,png-lossless,0.1908537745475769,0
data\splits\genimage_8000_split_v4\test\real\real_00158.jpeg,real_00158.jpeg,test,real,0,baseline,png,png-lossless,2.090466114168521e-05,0
data\splits\genimage_8000_split_v4\test\real\real_00521.jpeg,real_00521.jpeg,test,real,0,baseline,png,png-lossless,0.07206971943378448,0
data\splits\genimage_8000_split_v4\test\real\real_00285.jpeg,real_00285.jpeg,test,real,0,baseline,png,png-lossless,0.18917064368724823,0
data\splits\genimage_8000_split_v4\test\real\real_00270.jpeg,real_00270.jpeg,test,real,0,baseline,png,png-lossless,6.0205100453458726e-05,0
data\splits\genimage_8000_split_v4\test\real\real_00533.jpeg,real_00533.jpeg,test,real,0,baseline,png,png-lossless,0.1150217279791832,0
data\splits\genimage_8000_split_v4\test\real\real_00494.jpeg,real_00494.jpeg,test,real,0,baseline,png,png-lossless,0.001354868640191853,0
data\splits\genimage_8000_split_v4\test\real\real_00317.jpeg,real_00317.jpeg,test,real,0,baseline,png,png-lossless,0.25548484921455383,0
data\splits\genimage_8000_split_v4\test\real\real_00296.jpeg,real_00296.jpeg,test,real,0,baseline,png,png-lossless,1.7433609173167497e-05,0
data\splits\genimage_8000_split_v4\test\real\real_00237.jpeg,real_00237.jpeg,test,real,0,baseline,png,png-lossless,2.267373247377691e-06,0
data\splits\genimage_8000_split_v4\test\real\real_00242.jpeg,real_00242.jpeg,test,real,0,baseline,png,png-lossless,0.12524278461933136,0
data\splits\genimage_8000_split_v4\test\real\real_00584.jpeg,real_00584.jpeg,test,real,0,baseline,png,png-lossless,0.9799115061759949,1
data\splits\genimage_8000_split_v4\test\real\real_00570.jpeg,real_00570.jpeg,test,real,0,baseline,png,png-lossless,0.03161042556166649,0
data\splits\genimage_8000_split_v4\test\real\real_00133.jpeg,real_00133.jpeg,test,real,0,baseline,png,png-lossless,0.0035225965548306704,0
data\splits\genimage_8000_split_v4\test\real\real_00047.jpeg,real_00047.jpeg,test,real,0,baseline,png,png-lossless,0.00028844745247624815,0
data\splits\genimage_8000_split_v4\test\real\real_00480.jpeg,real_00480.jpeg,test,real,0,baseline,png,png-lossless,0.0009204193484038115,0
data\splits\genimage_8000_split_v4\test\real\real_00210.jpeg,real_00210.jpeg,test,real,0,baseline,png,png-lossless,0.00048500968841835856,0
data\splits\genimage_8000_split_v4\test\real\real_00301.jpeg,real_00301.jpeg,test,real,0,baseline,png,png-lossless,0.08777250349521637,0
data\splits\genimage_8000_split_v4\test\real\real_00574.jpeg,real_00574.jpeg,test,real,0,baseline,png,png-lossless,0.18337370455265045,0
data\splits\genimage_8000_split_v4\test\real\real_00134.jpeg,real_00134.jpeg,test,real,0,baseline,png,png-lossless,0.20300158858299255,0
data\splits\genimage_8000_split_v4\test\real\real_00597.jpeg,real_00597.jpeg,test,real,0,baseline,png,png-lossless,0.9099763631820679,1
data\splits\genimage_8000_split_v4\test\real\real_00281.jpeg,real_00281.jpeg,test,real,0,baseline,png,png-lossless,0.6958840489387512,1
data\splits\genimage_8000_split_v4\test\real\real_00332.jpeg,real_00332.jpeg,test,real,0,baseline,png,png-lossless,0.05118441954255104,0
data\splits\genimage_8000_split_v4\test\real\real_00415.jpeg,real_00415.jpeg,test,real,0,baseline,png,png-lossless,1.78032205440104e-05,0
data\splits\genimage_8000_split_v4\test\real\real_00093.jpeg,real_00093.jpeg,test,real,0,baseline,png,png-lossless,0.022314652800559998,0
data\splits\genimage_8000_split_v4\test\real\real_00526.jpeg,real_00526.jpeg,test,real,0,baseline,png,png-lossless,3.2205977618104953e-07,0
data\splits\genimage_8000_split_v4\test\real\real_00259.jpeg,real_00259.jpeg,test,real,0,baseline,png,png-lossless,3.384504816494882e-05,0
data\splits\genimage_8000_split_v4\test\real\real_00128.jpeg,real_00128.jpeg,test,real,0,baseline,png,png-lossless,0.23507775366306305,0
data\splits\genimage_8000_split_v4\test\real\real_00173.jpeg,real_00173.jpeg,test,real,0,baseline,png,png-lossless,0.006009523291140795,0
data\splits\genimage_8000_split_v4\test\real\real_00005.jpeg,real_00005.jpeg,test,real,0,baseline,png,png-lossless,1.739681454449027e-10,0
data\splits\genimage_8000_split_v4\test\real\real_00532.jpeg,real_00532.jpeg,test,real,0,baseline,png,png-lossless,0.7602807879447937,1
data\splits\genimage_8000_split_v4\test\real\real_00061.jpeg,real_00061.jpeg,test,real,0,baseline,png,png-lossless,2.1558901153184706e-07,0
data\splits\genimage_8000_split_v4\test\real\real_00313.jpeg,real_00313.jpeg,test,real,0,baseline,png,png-lossless,4.18914423789829e-05,0
data\splits\genimage_8000_split_v4\test\real\real_00130.jpeg,real_00130.jpeg,test,real,0,baseline,png,png-lossless,0.0004335739940870553,0
data\splits\genimage_8000_split_v4\test\real\real_00454.jpeg,real_00454.jpeg,test,real,0,baseline,png,png-lossless,1.9323324522702023e-05,0
data\splits\genimage_8000_split_v4\test\real\real_00204.jpeg,real_00204.jpeg,test,real,0,baseline,png,png-lossless,0.0008583017042838037,0
data\splits\genimage_8000_split_v4\test\real\real_00337.jpeg,real_00337.jpeg,test,real,0,baseline,png,png-lossless,0.023313259705901146,0
data\splits\genimage_8000_split_v4\test\real\real_00195.jpeg,real_00195.jpeg,test,real,0,baseline,png,png-lossless,0.00045074764057062566,0
data\splits\genimage_8000_split_v4\test\real\real_00187.jpeg,real_00187.jpeg,test,real,0,baseline,png,png-lossless,6.173444262458361e-07,0
data\splits\genimage_8000_split_v4\test\real\real_00489.jpeg,real_00489.jpeg,test,real,0,baseline,png,png-lossless,1.1030971336367656e-07,0
data\splits\genimage_8000_split_v4\test\real\real_00385.jpeg,real_00385.jpeg,test,real,0,baseline,png,png-lossless,0.026598505675792694,0
data\splits\genimage_8000_split_v4\test\real\real_00221.jpeg,real_00221.jpeg,test,real,0,baseline,png,png-lossless,5.2850631618639454e-05,0
data\splits\genimage_8000_split_v4\test\real\real_00027.jpeg,real_00027.jpeg,test,real,0,baseline,png,png-lossless,0.690143346786499,1
data\splits\genimage_8000_split_v4\test\real\real_00022.jpeg,real_00022.jpeg,test,real,0,baseline,png,png-lossless,5.4164225730346516e-05,0
data\splits\genimage_8000_split_v4\test\real\real_00331.jpeg,real_00331.jpeg,test,real,0,baseline,png,png-lossless,0.2812685966491699,0
data\splits\genimage_8000_split_v4\test\real\real_00159.jpeg,real_00159.jpeg,test,real,0,baseline,png,png-lossless,2.3326663267653203e-06,0
data\splits\genimage_8000_split_v4\test\real\real_00068.jpeg,real_00068.jpeg,test,real,0,baseline,png,png-lossless,0.09793122112751007,0
data\splits\genimage_8000_split_v4\test\real\real_00127.jpeg,real_00127.jpeg,test,real,0,baseline,png,png-lossless,8.881892767931276e-07,0
data\splits\genimage_8000_split_v4\test\real\real_00420.jpeg,real_00420.jpeg,test,real,0,baseline,png,png-lossless,0.15634958446025848,0
data\splits\genimage_8000_split_v4\test\real\real_00510.jpeg,real_00510.jpeg,test,real,0,baseline,png,png-lossless,1.5286928828572854e-05,0
data\splits\genimage_8000_split_v4\test\real\real_00106.jpeg,real_00106.jpeg,test,real,0,baseline,png,png-lossless,0.029621923342347145,0
data\splits\genimage_8000_split_v4\test\real\real_00599.jpeg,real_00599.jpeg,test,real,0,baseline,png,png-lossless,3.1602892704540864e-05,0
data\splits\genimage_8000_split_v4\test\real\real_00419.jpeg,real_00419.jpeg,test,real,0,baseline,png,png-lossless,0.0002284273796249181,0
data\splits\genimage_8000_split_v4\test\real\real_00286.jpeg,real_00286.jpeg,test,real,0,baseline,png,png-lossless,0.24400866031646729,0
data\splits\genimage_8000_split_v4\test\real\real_00341.jpeg,real_00341.jpeg,test,real,0,baseline,png,png-lossless,0.004601545166224241,0
data\splits\genimage_8000_split_v4\test\real\real_00263.jpeg,real_00263.jpeg,test,real,0,baseline,png,png-lossless,0.0015050740912556648,0
data\splits\genimage_8000_split_v4\test\real\real_00255.jpeg,real_00255.jpeg,test,real,0,baseline,png,png-lossless,0.6581994295120239,1
data\splits\genimage_8000_split_v4\test\real\real_00335.jpeg,real_00335.jpeg,test,real,0,baseline,png,png-lossless,0.0014486904256045818,0
data\splits\genimage_8000_split_v4\test\real\real_00174.jpeg,real_00174.jpeg,test,real,0,baseline,png,png-lossless,0.0007152133621275425,0
data\splits\genimage_8000_split_v4\test\real\real_00243.jpeg,real_00243.jpeg,test,real,0,baseline,png,png-lossless,0.21733678877353668,0
data\splits\genimage_8000_split_v4\test\real\real_00140.jpeg,real_00140.jpeg,test,real,0,baseline,png,png-lossless,0.36333200335502625,0
data\splits\genimage_8000_split_v4\test\real\real_00582.jpeg,real_00582.jpeg,test,real,0,baseline,png,png-lossless,0.00012156193406553939,0
data\splits\genimage_8000_split_v4\test\real\real_00542.jpeg,real_00542.jpeg,test,real,0,baseline,png,png-lossless,0.512963593006134,1
data\splits\genimage_8000_split_v4\test\real\real_00547.jpeg,real_00547.jpeg,test,real,0,baseline,png,png-lossless,7.318837447201076e-08,0
data\splits\genimage_8000_split_v4\test\real\real_00287.jpeg,real_00287.jpeg,test,real,0,baseline,png,png-lossless,0.7438385486602783,1
data\splits\genimage_8000_split_v4\test\real\real_00144.jpeg,real_00144.jpeg,test,real,0,baseline,png,png-lossless,0.004179798066616058,0
data\splits\genimage_8000_split_v4\test\real\real_00214.jpeg,real_00214.jpeg,test,real,0,baseline,png,png-lossless,0.00017784125520847738,0
data\splits\genimage_8000_split_v4\test\real\real_00234.jpeg,real_00234.jpeg,test,real,0,baseline,png,png-lossless,0.6454870700836182,1
data\splits\genimage_8000_split_v4\test\real\real_00595.jpeg,real_00595.jpeg,test,real,0,baseline,png,png-lossless,0.0002130869688699022,0
data\splits\genimage_8000_split_v4\test\real\real_00075.jpeg,real_00075.jpeg,test,real,0,baseline,png,png-lossless,9.538669853981219e-11,0
data\splits\genimage_8000_split_v4\test\real\real_00295.jpeg,real_00295.jpeg,test,real,0,baseline,png,png-lossless,0.02362668141722679,0
data\splits\genimage_8000_split_v4\test\real\real_00070.jpeg,real_00070.jpeg,test,real,0,baseline,png,png-lossless,0.005713666323572397,0
data\splits\genimage_8000_split_v4\test\real\real_00148.jpeg,real_00148.jpeg,test,real,0,baseline,png,png-lossless,2.9009623858655686e-07,0
data\splits\genimage_8000_split_v4\test\real\real_00491.jpeg,real_00491.jpeg,test,real,0,baseline,png,png-lossless,0.19402603805065155,0
data\splits\genimage_8000_split_v4\test\real\real_00090.jpeg,real_00090.jpeg,test,real,0,baseline,png,png-lossless,0.001982427202165127,0
data\splits\genimage_8000_split_v4\test\real\real_00063.jpeg,real_00063.jpeg,test,real,0,baseline,png,png-lossless,0.13050124049186707,0
data\splits\genimage_8000_split_v4\test\real\real_00334.jpeg,real_00334.jpeg,test,real,0,baseline,png,png-lossless,0.003867171471938491,0
data\splits\genimage_8000_split_v4\test\real\real_00530.jpeg,real_00530.jpeg,test,real,0,baseline,png,png-lossless,0.0015444123419001698,0
data\splits\genimage_8000_split_v4\test\real\real_00069.jpeg,real_00069.jpeg,test,real,0,baseline,png,png-lossless,0.010226492770016193,0
data\splits\genimage_8000_split_v4\test\real\real_00109.jpeg,real_00109.jpeg,test,real,0,baseline,png,png-lossless,1.399919801770011e-05,0
data\splits\genimage_8000_split_v4\test\real\real_00321.jpeg,real_00321.jpeg,test,real,0,baseline,png,png-lossless,0.41165849566459656,0
data\splits\genimage_8000_split_v4\test\real\real_00126.jpeg,real_00126.jpeg,test,real,0,baseline,png,png-lossless,0.2387944757938385,0
data\splits\genimage_8000_split_v4\test\real\real_00358.jpeg,real_00358.jpeg,test,real,0,baseline,png,png-lossless,0.205881729722023,0
data\splits\genimage_8000_split_v4\test\real\real_00364.jpeg,real_00364.jpeg,test,real,0,baseline,png,png-lossless,0.0010426284279674292,0
data\splits\genimage_8000_split_v4\test\real\real_00209.jpeg,real_00209.jpeg,test,real,0,baseline,png,png-lossless,0.028630198910832405,0
data\splits\genimage_8000_split_v4\test\real\real_00292.jpeg,real_00292.jpeg,test,real,0,baseline,png,png-lossless,0.11507083475589752,0
data\splits\genimage_8000_split_v4\test\real\real_00473.jpeg,real_00473.jpeg,test,real,0,baseline,png,png-lossless,0.0040817707777023315,0
data\splits\genimage_8000_split_v4\test\real\real_00367.jpeg,real_00367.jpeg,test,real,0,baseline,png,png-lossless,0.00010105936962645501,0
data\splits\genimage_8000_split_v4\test\real\real_00228.jpeg,real_00228.jpeg,test,real,0,baseline,png,png-lossless,0.004430525470525026,0
data\splits\genimage_8000_split_v4\test\real\real_00463.jpeg,real_00463.jpeg,test,real,0,baseline,png,png-lossless,1.7751295899870456e-06,0
data\splits\genimage_8000_split_v4\test\real\real_00529.jpeg,real_00529.jpeg,test,real,0,baseline,png,png-lossless,0.9756244421005249,1
data\splits\genimage_8000_split_v4\test\real\real_00376.jpeg,real_00376.jpeg,test,real,0,baseline,png,png-lossless,1.5228606571326964e-06,0
data\splits\genimage_8000_split_v4\test\real\real_00089.jpeg,real_00089.jpeg,test,real,0,baseline,png,png-lossless,0.031421661376953125,0
data\splits\genimage_8000_split_v4\test\real\real_00409.jpeg,real_00409.jpeg,test,real,0,baseline,png,png-lossless,7.335712143685669e-05,0
data\splits\genimage_8000_split_v4\test\real\real_00456.jpeg,real_00456.jpeg,test,real,0,baseline,png,png-lossless,0.0005220887251198292,0
data\splits\genimage_8000_split_v4\test\real\real_00378.jpeg,real_00378.jpeg,test,real,0,baseline,png,png-lossless,0.015499085187911987,0
data\splits\genimage_8000_split_v4\test\real\real_00596.jpeg,real_00596.jpeg,test,real,0,baseline,png,png-lossless,0.019353797659277916,0
data\splits\genimage_8000_split_v4\test\real\real_00477.jpeg,real_00477.jpeg,test,real,0,baseline,png,png-lossless,0.041184842586517334,0
data\splits\genimage_8000_split_v4\test\real\real_00261.jpeg,real_00261.jpeg,test,real,0,baseline,png,png-lossless,2.1842392925464083e-06,0
data\splits\genimage_8000_split_v4\test\real\real_00273.jpeg,real_00273.jpeg,test,real,0,baseline,png,png-lossless,0.17322362959384918,0
data\splits\genimage_8000_split_v4\test\real\real_00100.jpeg,real_00100.jpeg,test,real,0,baseline,png,png-lossless,6.339705843627641e-11,0
data\splits\genimage_8000_split_v4\test\real\real_00080.jpeg,real_00080.jpeg,test,real,0,baseline,png,png-lossless,9.153090445579437e-07,0
data\splits\genimage_8000_split_v4\test\real\real_00009.jpeg,real_00009.jpeg,test,real,0,baseline,png,png-lossless,0.9067477583885193,1
data\splits\genimage_8000_split_v4\test\real\real_00167.jpeg,real_00167.jpeg,test,real,0,baseline,png,png-lossless,4.805485454006941e-10,0
data\splits\genimage_8000_split_v4\test\real\real_00571.jpeg,real_00571.jpeg,test,real,0,baseline,png,png-lossless,0.9657089710235596,1
data\splits\genimage_8000_split_v4\test\real\real_00218.jpeg,real_00218.jpeg,test,real,0,baseline,png,png-lossless,1.0815331734193023e-05,0
data\splits\genimage_8000_split_v4\test\real\real_00355.jpeg,real_00355.jpeg,test,real,0,baseline,png,png-lossless,0.023517552763223648,0
data\splits\genimage_8000_split_v4\test\real\real_00406.jpeg,real_00406.jpeg,test,real,0,baseline,png,png-lossless,0.1293024718761444,0
data\splits\genimage_8000_split_v4\test\real\real_00302.jpeg,real_00302.jpeg,test,real,0,baseline,png,png-lossless,0.24899053573608398,0
data\splits\genimage_8000_split_v4\test\real\real_00010.jpeg,real_00010.jpeg,test,real,0,baseline,png,png-lossless,0.8660140037536621,1
data\splits\genimage_8000_split_v4\test\real\real_00405.jpeg,real_00405.jpeg,test,real,0,baseline,png,png-lossless,4.248590630595572e-05,0
data\splits\genimage_8000_split_v4\test\real\real_00447.jpeg,real_00447.jpeg,test,real,0,baseline,png,png-lossless,0.0004463687655515969,0
data\splits\genimage_8000_split_v4\test\real\real_00379.jpeg,real_00379.jpeg,test,real,0,baseline,png,png-lossless,0.0059226020239293575,0
data\splits\genimage_8000_split_v4\test\real\real_00319.jpeg,real_00319.jpeg,test,real,0,baseline,png,png-lossless,0.36390483379364014,0
data\splits\genimage_8000_split_v4\test\real\real_00543.jpeg,real_00543.jpeg,test,real,0,baseline,png,png-lossless,0.35795268416404724,0
data\splits\genimage_8000_split_v4\test\real\real_00539.jpeg,real_00539.jpeg,test,real,0,baseline,png,png-lossless,0.09924427419900894,0
data\splits\genimage_8000_split_v4\test\real\real_00579.jpeg,real_00579.jpeg,test,real,0,baseline,png,png-lossless,0.05810173228383064,0
data\splits\genimage_8000_split_v4\test\real\real_00459.jpeg,real_00459.jpeg,test,real,0,baseline,png,png-lossless,0.554283082485199,1
data\splits\genimage_8000_split_v4\test\real\real_00587.jpeg,real_00587.jpeg,test,real,0,baseline,png,png-lossless,5.159441318625113e-09,0
data\splits\genimage_8000_split_v4\test\real\real_00114.jpeg,real_00114.jpeg,test,real,0,baseline,png,png-lossless,0.00043660341179929674,0
data\splits\genimage_8000_split_v4\test\real\real_00479.jpeg,real_00479.jpeg,test,real,0,baseline,png,png-lossless,1.0650958756741602e-05,0
data\splits\genimage_8000_split_v4\test\real\real_00488.jpeg,real_00488.jpeg,test,real,0,baseline,png,png-lossless,0.04876350983977318,0
data\splits\genimage_8000_split_v4\test\real\real_00360.jpeg,real_00360.jpeg,test,real,0,baseline,png,png-lossless,3.637147892732173e-05,0
data\splits\genimage_8000_split_v4\test\real\real_00363.jpeg,real_00363.jpeg,test,real,0,baseline,png,png-lossless,0.10198050737380981,0
data\splits\genimage_8000_split_v4\test\real\real_00350.jpeg,real_00350.jpeg,test,real,0,baseline,png,png-lossless,2.7427441295913013e-07,0
data\splits\genimage_8000_split_v4\test\real\real_00441.jpeg,real_00441.jpeg,test,real,0,baseline,png,png-lossless,0.8260117173194885,1
data\splits\genimage_8000_split_v4\test\real\real_00003.jpeg,real_00003.jpeg,test,real,0,baseline,png,png-lossless,0.49141886830329895,0
data\splits\genimage_8000_split_v4\test\real\real_00217.jpeg,real_00217.jpeg,test,real,0,baseline,png,png-lossless,1.7036078361343243e-06,0
data\splits\genimage_8000_split_v4\test\real\real_00465.jpeg,real_00465.jpeg,test,real,0,baseline,png,png-lossless,0.9944783449172974,1
data\splits\genimage_8000_split_v4\test\real\real_00442.jpeg,real_00442.jpeg,test,real,0,baseline,png,png-lossless,0.0014830685686320066,0
data\splits\genimage_8000_split_v4\test\real\real_00233.jpeg,real_00233.jpeg,test,real,0,baseline,png,png-lossless,0.00012019675341434777,0
data\splits\genimage_8000_split_v4\test\real\real_00161.jpeg,real_00161.jpeg,test,real,0,baseline,png,png-lossless,0.000163733318913728,0
data\splits\genimage_8000_split_v4\test\real\real_00412.jpeg,real_00412.jpeg,test,real,0,baseline,png,png-lossless,0.016581976786255836,0
data\splits\genimage_8000_split_v4\test\real\real_00468.jpeg,real_00468.jpeg,test,real,0,baseline,png,png-lossless,0.002380126854404807,0
data\splits\genimage_8000_split_v4\test\real\real_00125.jpeg,real_00125.jpeg,test,real,0,baseline,png,png-lossless,0.29726681113243103,0
data\splits\genimage_8000_split_v4\test\real\real_00186.jpeg,real_00186.jpeg,test,real,0,baseline,png,png-lossless,7.891526365710888e-07,0
data\splits\genimage_8000_split_v4\test\real\real_00172.jpeg,real_00172.jpeg,test,real,0,baseline,png,png-lossless,2.951977648990578e-06,0
data\splits\genimage_8000_split_v4\test\real\real_00467.jpeg,real_00467.jpeg,test,real,0,baseline,png,png-lossless,0.0020353400614112616,0
data\splits\genimage_8000_split_v4\test\real\real_00323.jpeg,real_00323.jpeg,test,real,0,baseline,png,png-lossless,2.4425191440968774e-05,0
data\splits\genimage_8000_split_v4\test\real\real_00203.jpeg,real_00203.jpeg,test,real,0,baseline,png,png-lossless,0.008948211558163166,0
data\splits\genimage_8000_split_v4\test\real\real_00552.jpeg,real_00552.jpeg,test,real,0,baseline,png,png-lossless,0.03257593512535095,0
data\splits\genimage_8000_split_v4\test\real\real_00034.jpeg,real_00034.jpeg,test,real,0,baseline,png,png-lossless,0.002003948437049985,0
data\splits\genimage_8000_split_v4\test\real\real_00142.jpeg,real_00142.jpeg,test,real,0,baseline,png,png-lossless,0.06976132839918137,0
data\splits\genimage_8000_split_v4\test\real\real_00059.jpeg,real_00059.jpeg,test,real,0,baseline,png,png-lossless,4.3117818648852335e-08,0
data\splits\genimage_8000_split_v4\test\real\real_00021.jpeg,real_00021.jpeg,test,real,0,baseline,png,png-lossless,0.08044003695249557,0
data\splits\genimage_8000_split_v4\test\real\real_00525.jpeg,real_00525.jpeg,test,real,0,baseline,png,png-lossless,0.00010480200580786914,0
data\splits\genimage_8000_split_v4\test\real\real_00275.jpeg,real_00275.jpeg,test,real,0,baseline,png,png-lossless,0.33335521817207336,0
data\splits\genimage_8000_split_v4\test\real\real_00430.jpeg,real_00430.jpeg,test,real,0,baseline,png,png-lossless,0.00011755667946999893,0
data\splits\genimage_8000_split_v4\test\real\real_00349.jpeg,real_00349.jpeg,test,real,0,baseline,png,png-lossless,8.937068862735487e-09,0
data\splits\genimage_8000_split_v4\test\real\real_00373.jpeg,real_00373.jpeg,test,real,0,baseline,png,png-lossless,0.8937119245529175,1
data\splits\genimage_8000_split_v4\test\real\real_00078.jpeg,real_00078.jpeg,test,real,0,baseline,png,png-lossless,0.012231755070388317,0
data\splits\genimage_8000_split_v4\test\real\real_00437.jpeg,real_00437.jpeg,test,real,0,baseline,png,png-lossless,1.6961655546765542e-07,0
data\splits\genimage_8000_split_v4\test\real\real_00520.jpeg,real_00520.jpeg,test,real,0,baseline,png,png-lossless,6.906251655891538e-06,0
data\splits\genimage_8000_split_v4\test\real\real_00564.jpeg,real_00564.jpeg,test,real,0,baseline,png,png-lossless,0.023267962038517,0
data\splits\genimage_8000_split_v4\test\real\real_00578.jpeg,real_00578.jpeg,test,real,0,baseline,png,png-lossless,0.044086672365665436,0
data\splits\genimage_8000_split_v4\test\real\real_00225.jpeg,real_00225.jpeg,test,real,0,baseline,png,png-lossless,0.000984378857538104,0
data\splits\genimage_8000_split_v4\test\real\real_00232.jpeg,real_00232.jpeg,test,real,0,baseline,png,png-lossless,1.9393752154428512e-05,0
data\splits\genimage_8000_split_v4\test\real\real_00194.jpeg,real_00194.jpeg,test,real,0,baseline,png,png-lossless,3.4190972275638387e-10,0
data\splits\genimage_8000_split_v4\test\real\real_00278.jpeg,real_00278.jpeg,test,real,0,baseline,png,png-lossless,2.001177563215606e-06,0
data\splits\genimage_8000_split_v4\test\real\real_00168.jpeg,real_00168.jpeg,test,real,0,baseline,png,png-lossless,5.983181472402066e-05,0
data\splits\genimage_8000_split_v4\test\real\real_00145.jpeg,real_00145.jpeg,test,real,0,baseline,png,png-lossless,0.7164462208747864,1
data\splits\genimage_8000_split_v4\test\real\real_00495.jpeg,real_00495.jpeg,test,real,0,baseline,png,png-lossless,1.5182249626377597e-05,0
data\splits\genimage_8000_split_v4\test\real\real_00236.jpeg,real_00236.jpeg,test,real,0,baseline,png,png-lossless,0.0006106182700023055,0
data\splits\genimage_8000_split_v4\test\real\real_00121.jpeg,real_00121.jpeg,test,real,0,baseline,png,png-lossless,0.009897432290017605,0
data\splits\genimage_8000_split_v4\test\real\real_00455.jpeg,real_00455.jpeg,test,real,0,baseline,png,png-lossless,0.34459590911865234,0
data\splits\genimage_8000_split_v4\test\real\real_00177.jpeg,real_00177.jpeg,test,real,0,baseline,png,png-lossless,0.5275627970695496,1
data\splits\genimage_8000_split_v4\test\real\real_00485.jpeg,real_00485.jpeg,test,real,0,baseline,png,png-lossless,0.0014232777757570148,0
data\splits\genimage_8000_split_v4\test\real\real_00136.jpeg,real_00136.jpeg,test,real,0,baseline,png,png-lossless,0.18620625138282776,0
data\splits\genimage_8000_split_v4\test\real\real_00054.jpeg,real_00054.jpeg,test,real,0,baseline,png,png-lossless,0.00010007889795815572,0
data\splits\genimage_8000_split_v4\test\real\real_00470.jpeg,real_00470.jpeg,test,real,0,baseline,png,png-lossless,5.9513013184187e-06,0
data\splits\genimage_8000_split_v4\test\real\real_00118.jpeg,real_00118.jpeg,test,real,0,baseline,png,png-lossless,3.9550378971853206e-08,0
data\splits\genimage_8000_split_v4\test\real\real_00153.jpeg,real_00153.jpeg,test,real,0,baseline,png,png-lossless,0.002069159410893917,0
data\splits\genimage_8000_split_v4\test\real\real_00384.jpeg,real_00384.jpeg,test,real,0,baseline,png,png-lossless,0.00031455373391509056,0
data\splits\genimage_8000_split_v4\test\real\real_00115.jpeg,real_00115.jpeg,test,real,0,baseline,png,png-lossless,0.005569457542151213,0
data\splits\genimage_8000_split_v4\test\real\real_00101.jpeg,real_00101.jpeg,test,real,0,baseline,png,png-lossless,0.12209931761026382,0
data\splits\genimage_8000_split_v4\test\real\real_00327.jpeg,real_00327.jpeg,test,real,0,baseline,png,png-lossless,0.12037744373083115,0
data\splits\genimage_8000_split_v4\test\real\real_00164.jpeg,real_00164.jpeg,test,real,0,baseline,png,png-lossless,0.00550053408369422,0
data\splits\genimage_8000_split_v4\test\real\real_00538.jpeg,real_00538.jpeg,test,real,0,baseline,png,png-lossless,0.00012429419439285994,0
data\splits\genimage_8000_split_v4\test\real\real_00049.jpeg,real_00049.jpeg,test,real,0,baseline,png,png-lossless,0.23537632822990417,0
data\splits\genimage_8000_split_v4\test\real\real_00544.jpeg,real_00544.jpeg,test,real,0,baseline,png,png-lossless,0.001562280929647386,0
data\splits\genimage_8000_split_v4\test\real\real_00154.jpeg,real_00154.jpeg,test,real,0,baseline,png,png-lossless,6.436017429223284e-06,0
data\splits\genimage_8000_split_v4\test\real\real_00215.jpeg,real_00215.jpeg,test,real,0,baseline,png,png-lossless,0.24242261052131653,0
data\splits\genimage_8000_split_v4\test\real\real_00124.jpeg,real_00124.jpeg,test,real,0,baseline,png,png-lossless,4.1376409853910445e-07,0
data\splits\genimage_8000_split_v4\test\real\real_00223.jpeg,real_00223.jpeg,test,real,0,baseline,png,png-lossless,0.01797613874077797,0
data\splits\genimage_8000_split_v4\test\real\real_00065.jpeg,real_00065.jpeg,test,real,0,baseline,png,png-lossless,0.8905003070831299,1
data\splits\genimage_8000_split_v4\test\real\real_00282.jpeg,real_00282.jpeg,test,real,0,baseline,png,png-lossless,8.189665095414966e-06,0
data\splits\genimage_8000_split_v4\test\real\real_00267.jpeg,real_00267.jpeg,test,real,0,baseline,png,png-lossless,0.001320978975854814,0
data\splits\genimage_8000_split_v4\test\real\real_00343.jpeg,real_00343.jpeg,test,real,0,baseline,png,png-lossless,0.02422899380326271,0
data\splits\genimage_8000_split_v4\test\real\real_00421.jpeg,real_00421.jpeg,test,real,0,baseline,png,png-lossless,1.7193701323803268e-11,0
data\splits\genimage_8000_split_v4\test\real\real_00531.jpeg,real_00531.jpeg,test,real,0,baseline,png,png-lossless,0.001016144291497767,0
data\splits\genimage_8000_split_v4\test\real\real_00575.jpeg,real_00575.jpeg,test,real,0,baseline,png,png-lossless,0.002149671083316207,0
data\splits\genimage_8000_split_v4\test\real\real_00290.jpeg,real_00290.jpeg,test,real,0,baseline,png,png-lossless,8.104665903374553e-05,0
data\splits\genimage_8000_split_v4\test\real\real_00336.jpeg,real_00336.jpeg,test,real,0,baseline,png,png-lossless,1.9868277856271988e-10,0
data\splits\genimage_8000_split_v4\test\real\real_00306.jpeg,real_00306.jpeg,test,real,0,baseline,png,png-lossless,0.1555052548646927,0
data\splits\genimage_8000_split_v4\test\real\real_00231.jpeg,real_00231.jpeg,test,real,0,baseline,png,png-lossless,0.0009371110936626792,0
data\splits\genimage_8000_split_v4\test\real\real_00002.jpeg,real_00002.jpeg,test,real,0,baseline,png,png-lossless,0.11460796743631363,0
data\splits\genimage_8000_split_v4\test\real\real_00504.jpeg,real_00504.jpeg,test,real,0,baseline,png,png-lossless,0.004814806394279003,0
data\splits\genimage_8000_split_v4\test\real\real_00536.jpeg,real_00536.jpeg,test,real,0,baseline,png,png-lossless,0.0001739622966852039,0
data\splits\genimage_8000_split_v4\test\real\real_00362.jpeg,real_00362.jpeg,test,real,0,baseline,png,png-lossless,0.002813371131196618,0
data\splits\genimage_8000_split_v4\test\real\real_00199.jpeg,real_00199.jpeg,test,real,0,baseline,png,png-lossless,0.009336543269455433,0
data\splits\genimage_8000_split_v4\test\real\real_00023.jpeg,real_00023.jpeg,test,real,0,baseline,png,png-lossless,5.583895472227596e-06,0
data\splits\genimage_8000_split_v4\test\real\real_00433.jpeg,real_00433.jpeg,test,real,0,baseline,png,png-lossless,0.20845822989940643,0
data\splits\genimage_8000_split_v4\test\real\real_00484.jpeg,real_00484.jpeg,test,real,0,baseline,png,png-lossless,0.4429207146167755,0
data\splits\genimage_8000_split_v4\test\real\real_00110.jpeg,real_00110.jpeg,test,real,0,baseline,png,png-lossless,6.013613165123388e-05,0
data\splits\genimage_8000_split_v4\test\real\real_00305.jpeg,real_00305.jpeg,test,real,0,baseline,png,png-lossless,0.334876149892807,0
data\splits\genimage_8000_split_v4\test\real\real_00352.jpeg,real_00352.jpeg,test,real,0,baseline,png,png-lossless,0.10970661044120789,0
data\splits\genimage_8000_split_v4\test\real\real_00256.jpeg,real_00256.jpeg,test,real,0,baseline,png,png-lossless,0.007460594177246094,0
data\splits\genimage_8000_split_v4\test\real\real_00404.jpeg,real_00404.jpeg,test,real,0,baseline,png,png-lossless,0.059639666229486465,0
data\splits\genimage_8000_split_v4\test\real\real_00523.jpeg,real_00523.jpeg,test,real,0,baseline,png,png-lossless,0.054447777569293976,0
data\splits\genimage_8000_split_v4\test\real\real_00513.jpeg,real_00513.jpeg,test,real,0,baseline,png,png-lossless,0.25618329644203186,0
data\splits\genimage_8000_split_v4\test\real\real_00108.jpeg,real_00108.jpeg,test,real,0,baseline,png,png-lossless,0.010856111533939838,0
data\splits\genimage_8000_split_v4\test\real\real_00119.jpeg,real_00119.jpeg,test,real,0,baseline,png,png-lossless,0.2541455030441284,0
data\splits\genimage_8000_split_v4\test\real\real_00511.jpeg,real_00511.jpeg,test,real,0,baseline,png,png-lossless,0.05532384291291237,0
data\splits\genimage_8000_split_v4\test\real\real_00073.jpeg,real_00073.jpeg,test,real,0,baseline,png,png-lossless,1.231592938744086e-09,0
data\splits\genimage_8000_split_v4\test\real\real_00469.jpeg,real_00469.jpeg,test,real,0,baseline,png,png-lossless,0.00924073625355959,0
data\splits\genimage_8000_split_v4\test\real\real_00035.jpeg,real_00035.jpeg,test,real,0,baseline,png,png-lossless,1.211968651659845e-06,0
data\splits\genimage_8000_split_v4\test\real\real_00427.jpeg,real_00427.jpeg,test,real,0,baseline,png,png-lossless,6.071012194297509e-06,0
data\splits\genimage_8000_split_v4\test\real\real_00000.jpeg,real_00000.jpeg,test,real,0,baseline,png,png-lossless,0.0005514634540304542,0
data\splits\genimage_8000_split_v4\test\real\real_00066.jpeg,real_00066.jpeg,test,real,0,baseline,png,png-lossless,0.0005167708150111139,0
data\splits\genimage_8000_split_v4\test\real\real_00052.jpeg,real_00052.jpeg,test,real,0,baseline,png,png-lossless,1.0929123163805343e-05,0
data\splits\genimage_8000_split_v4\test\real\real_00483.jpeg,real_00483.jpeg,test,real,0,baseline,png,png-lossless,3.741417685887427e-06,0
data\splits\genimage_8000_split_v4\test\real\real_00020.jpeg,real_00020.jpeg,test,real,0,baseline,png,png-lossless,0.6997111439704895,1
data\splits\genimage_8000_split_v4\test\real\real_00540.jpeg,real_00540.jpeg,test,real,0,baseline,png,png-lossless,0.0007543165702372789,0
data\splits\genimage_8000_split_v4\test\real\real_00383.jpeg,real_00383.jpeg,test,real,0,baseline,png,png-lossless,6.359353574225679e-05,0
data\splits\genimage_8000_split_v4\test\real\real_00129.jpeg,real_00129.jpeg,test,real,0,baseline,png,png-lossless,2.2785033593208937e-07,0
data\splits\genimage_8000_split_v4\test\real\real_00505.jpeg,real_00505.jpeg,test,real,0,baseline,png,png-lossless,1.1253752270345974e-11,0
data\splits\genimage_8000_split_v4\test\real\real_00517.jpeg,real_00517.jpeg,test,real,0,baseline,png,png-lossless,0.001468170084990561,0
data\splits\genimage_8000_split_v4\test\real\real_00291.jpeg,real_00291.jpeg,test,real,0,baseline,png,png-lossless,6.1338946579780895e-06,0
data\splits\genimage_8000_split_v4\test\real\real_00328.jpeg,real_00328.jpeg,test,real,0,baseline,png,png-lossless,0.38905829191207886,0
data\splits\genimage_8000_split_v4\test\real\real_00082.jpeg,real_00082.jpeg,test,real,0,baseline,png,png-lossless,1.2037821406352123e-08,0
data\splits\genimage_8000_split_v4\test\real\real_00413.jpeg,real_00413.jpeg,test,real,0,baseline,png,png-lossless,0.01049098651856184,0
data\splits\genimage_8000_split_v4\test\real\real_00201.jpeg,real_00201.jpeg,test,real,0,baseline,png,png-lossless,0.03058597445487976,0
data\splits\genimage_8000_split_v4\test\real\real_00422.jpeg,real_00422.jpeg,test,real,0,baseline,png,png-lossless,0.414060115814209,0
data\splits\genimage_8000_split_v4\test\real\real_00481.jpeg,real_00481.jpeg,test,real,0,baseline,png,png-lossless,0.9700323343276978,1
data\splits\genimage_8000_split_v4\test\real\real_00249.jpeg,real_00249.jpeg,test,real,0,baseline,png,png-lossless,8.551384780730586e-06,0
data\splits\genimage_8000_split_v4\test\real\real_00591.jpeg,real_00591.jpeg,test,real,0,baseline,png,png-lossless,0.5740042924880981,1
data\splits\genimage_8000_split_v4\test\real\real_00103.jpeg,real_00103.jpeg,test,real,0,baseline,png,png-lossless,0.209745392203331,0
data\splits\genimage_8000_split_v4\test\real\real_00058.jpeg,real_00058.jpeg,test,real,0,baseline,png,png-lossless,1.079516209756548e-08,0
data\splits\genimage_8000_split_v4\test\real\real_00029.jpeg,real_00029.jpeg,test,real,0,baseline,png,png-lossless,0.5320468544960022,1
data\splits\genimage_8000_split_v4\test\real\real_00551.jpeg,real_00551.jpeg,test,real,0,baseline,png,png-lossless,3.3420525141991675e-05,0
data\splits\genimage_8000_split_v4\test\real\real_00453.jpeg,real_00453.jpeg,test,real,0,baseline,png,png-lossless,1.0,1
data\splits\genimage_8000_split_v4\test\real\real_00041.jpeg,real_00041.jpeg,test,real,0,baseline,png,png-lossless,0.000706236925907433,0
data\splits\genimage_8000_split_v4\test\real\real_00316.jpeg,real_00316.jpeg,test,real,0,baseline,png,png-lossless,0.00026470638113096356,0
data\splits\genimage_8000_split_v4\test\real\real_00449.jpeg,real_00449.jpeg,test,real,0,baseline,png,png-lossless,0.0024007908068597317,0
data\splits\genimage_8000_split_v4\test\real\real_00198.jpeg,real_00198.jpeg,test,real,0,baseline,png,png-lossless,0.004307609982788563,0
data\splits\genimage_8000_split_v4\test\real\real_00310.jpeg,real_00310.jpeg,test,real,0,baseline,png,png-lossless,0.01751231588423252,0
data\splits\genimage_8000_split_v4\test\real\real_00205.jpeg,real_00205.jpeg,test,real,0,baseline,png,png-lossless,0.00019059587793890387,0
data\splits\genimage_8000_split_v4\test\real\real_00011.jpeg,real_00011.jpeg,test,real,0,baseline,png,png-lossless,0.0844002217054367,0
data\splits\genimage_8000_split_v4\test\real\real_00556.jpeg,real_00556.jpeg,test,real,0,baseline,png,png-lossless,0.0005055560613982379,0
data\splits\genimage_8000_split_v4\test\real\real_00294.jpeg,real_00294.jpeg,test,real,0,baseline,png,png-lossless,5.819168291054666e-05,0
data\splits\genimage_8000_split_v4\test\real\real_00112.jpeg,real_00112.jpeg,test,real,0,baseline,png,png-lossless,0.8475586771965027,1
data\splits\genimage_8000_split_v4\test\real\real_00170.jpeg,real_00170.jpeg,test,real,0,baseline,png,png-lossless,3.7009747757110745e-05,0
data\splits\genimage_8000_split_v4\test\real\real_00569.jpeg,real_00569.jpeg,test,real,0,baseline,png,png-lossless,2.2162264201597281e-07,0
data\splits\genimage_8000_split_v4\test\real\real_00318.jpeg,real_00318.jpeg,test,real,0,baseline,png,png-lossless,0.0010367447976022959,0
data\splits\genimage_8000_split_v4\test\real\real_00397.jpeg,real_00397.jpeg,test,real,0,baseline,png,png-lossless,0.0001379392488161102,0
data\splits\genimage_8000_split_v4\test\real\real_00014.jpeg,real_00014.jpeg,test,real,0,baseline,png,png-lossless,0.014074355363845825,0
data\splits\genimage_8000_split_v4\test\real\real_00196.jpeg,real_00196.jpeg,test,real,0,baseline,png,png-lossless,7.907871802297566e-17,0
data\splits\genimage_8000_split_v4\test\real\real_00191.jpeg,real_00191.jpeg,test,real,0,baseline,png,png-lossless,0.6210742592811584,1
data\splits\genimage_8000_split_v4\test\real\real_00192.jpeg,real_00192.jpeg,test,real,0,baseline,png,png-lossless,4.689694410586753e-09,0
data\splits\genimage_8000_split_v4\test\real\real_00353.jpeg,real_00353.jpeg,test,real,0,baseline,png,png-lossless,0.6829676628112793,1
data\splits\genimage_8000_split_v4\test\real\real_00254.jpeg,real_00254.jpeg,test,real,0,baseline,png,png-lossless,2.1632376956404187e-06,0
data\splits\genimage_8000_split_v4\test\real\real_00169.jpeg,real_00169.jpeg,test,real,0,baseline,png,png-lossless,4.7352404664025016e-08,0
data\splits\genimage_8000_split_v4\test\real\real_00370.jpeg,real_00370.jpeg,test,real,0,baseline,png,png-lossless,5.151510121259584e-11,0
data\splits\genimage_8000_split_v4\test\real\real_00004.jpeg,real_00004.jpeg,test,real,0,baseline,png,png-lossless,0.020236071199178696,0
data\splits\genimage_8000_split_v4\test\real\real_00368.jpeg,real_00368.jpeg,test,real,0,baseline,png,png-lossless,0.15581485629081726,0
data\splits\genimage_8000_split_v4\test\real\real_00417.jpeg,real_00417.jpeg,test,real,0,baseline,png,png-lossless,0.4964846074581146,0
data\splits\genimage_8000_split_v4\test\real\real_00333.jpeg,real_00333.jpeg,test,real,0,baseline,png,png-lossless,0.01893191784620285,0
data\splits\genimage_8000_split_v4\test\real\real_00123.jpeg,real_00123.jpeg,test,real,0,baseline,png,png-lossless,0.00486570643261075,0
data\splits\genimage_8000_split_v4\test\real\real_00380.jpeg,real_00380.jpeg,test,real,0,baseline,png,png-lossless,0.047970306128263474,0
data\splits\genimage_8000_split_v4\test\real\real_00179.jpeg,real_00179.jpeg,test,real,0,baseline,png,png-lossless,9.488702744420152e-06,0
data\splits\genimage_8000_split_v4\test\real\real_00400.jpeg,real_00400.jpeg,test,real,0,baseline,png,png-lossless,0.00010451586422277614,0
data\splits\genimage_8000_split_v4\test\real\real_00369.jpeg,real_00369.jpeg,test,real,0,baseline,png,png-lossless,0.20223507285118103,0
data\splits\genimage_8000_split_v4\test\real\real_00051.jpeg,real_00051.jpeg,test,real,0,baseline,png,png-lossless,0.374126136302948,0
data\splits\genimage_8000_split_v4\test\real\real_00097.jpeg,real_00097.jpeg,test,real,0,baseline,png,png-lossless,7.372511277026206e-07,0
data\splits\genimage_8000_split_v4\test\real\real_00515.jpeg,real_00515.jpeg,test,real,0,baseline,png,png-lossless,0.0010095075704157352,0
data\splits\genimage_8000_split_v4\test\real\real_00446.jpeg,real_00446.jpeg,test,real,0,baseline,png,png-lossless,0.008514586836099625,0
data\splits\genimage_8000_split_v4\test\real\real_00155.jpeg,real_00155.jpeg,test,real,0,baseline,png,png-lossless,0.007720038760453463,0
data\splits\genimage_8000_split_v4\test\real\real_00277.jpeg,real_00277.jpeg,test,real,0,baseline,png,png-lossless,0.00017045375716406852,0
data\splits\genimage_8000_split_v4\test\real\real_00098.jpeg,real_00098.jpeg,test,real,0,baseline,png,png-lossless,3.942460898542777e-05,0
data\splits\genimage_8000_split_v4\test\real\real_00107.jpeg,real_00107.jpeg,test,real,0,baseline,png,png-lossless,0.13555926084518433,0
data\splits\genimage_8000_split_v4\test\real\real_00087.jpeg,real_00087.jpeg,test,real,0,baseline,png,png-lossless,1.0565809134277515e-06,0
data\splits\genimage_8000_split_v4\test\real\real_00565.jpeg,real_00565.jpeg,test,real,0,baseline,png,png-lossless,0.004830028861761093,0
data\splits\genimage_8000_split_v4\test\real\real_00280.jpeg,real_00280.jpeg,test,real,0,baseline,png,png-lossless,1.845663462063385e-07,0
data\splits\genimage_8000_split_v4\test\real\real_00507.jpeg,real_00507.jpeg,test,real,0,baseline,png,png-lossless,1.0959078089456398e-08,0
data\splits\genimage_8000_split_v4\test\real\real_00326.jpeg,real_00326.jpeg,test,real,0,baseline,png,png-lossless,0.175434410572052,0
data\splits\genimage_8000_split_v4\test\real\real_00244.jpeg,real_00244.jpeg,test,real,0,baseline,png,png-lossless,2.3513196276229173e-15,0
data\splits\genimage_8000_split_v4\test\real\real_00033.jpeg,real_00033.jpeg,test,real,0,baseline,png,png-lossless,0.008380668237805367,0
data\splits\genimage_8000_split_v4\test\real\real_00064.jpeg,real_00064.jpeg,test,real,0,baseline,png,png-lossless,3.6231800437484807e-14,0
data\splits\genimage_8000_split_v4\test\real\real_00013.jpeg,real_00013.jpeg,test,real,0,baseline,png,png-lossless,1.2651987901790562e-08,0
data\splits\genimage_8000_split_v4\test\real\real_00183.jpeg,real_00183.jpeg,test,real,0,baseline,png,png-lossless,0.18584755063056946,0
data\splits\genimage_8000_split_v4\test\real\real_00030.jpeg,real_00030.jpeg,test,real,0,baseline,png,png-lossless,0.0007271073991432786,0
data\splits\genimage_8000_split_v4\test\real\real_00474.jpeg,real_00474.jpeg,test,real,0,baseline,png,png-lossless,0.002864609006792307,0
data\splits\genimage_8000_split_v4\test\real\real_00558.jpeg,real_00558.jpeg,test,real,0,baseline,png,png-lossless,0.012726100161671638,0
data\splits\genimage_8000_split_v4\test\real\real_00088.jpeg,real_00088.jpeg,test,real,0,baseline,png,png-lossless,0.033715661615133286,0
data\splits\genimage_8000_split_v4\test\real\real_00436.jpeg,real_00436.jpeg,test,real,0,baseline,png,png-lossless,0.6867978572845459,1
data\splits\genimage_8000_split_v4\test\real\real_00518.jpeg,real_00518.jpeg,test,real,0,baseline,png,png-lossless,2.437595321680419e-05,0
data\splits\genimage_8000_split_v4\test\real\real_00111.jpeg,real_00111.jpeg,test,real,0,baseline,png,png-lossless,3.9513062802143395e-05,0
data\splits\genimage_8000_split_v4\test\real\real_00122.jpeg,real_00122.jpeg,test,real,0,baseline,png,png-lossless,0.43992558121681213,0
data\splits\genimage_8000_split_v4\test\real\real_00461.jpeg,real_00461.jpeg,test,real,0,baseline,png,png-lossless,0.022727731615304947,0
data\splits\genimage_8000_split_v4\test\real\real_00239.jpeg,real_00239.jpeg,test,real,0,baseline,png,png-lossless,0.00040302061825059354,0
data\splits\genimage_8000_split_v4\test\real\real_00408.jpeg,real_00408.jpeg,test,real,0,baseline,png,png-lossless,3.2508496587979607e-06,0
data\splits\genimage_8000_split_v4\test\real\real_00460.jpeg,real_00460.jpeg,test,real,0,baseline,png,png-lossless,0.0031235283240675926,0
data\splits\genimage_8000_split_v4\test\real\real_00138.jpeg,real_00138.jpeg,test,real,0,baseline,png,png-lossless,0.010329424403607845,0
data\splits\genimage_8000_split_v4\test\real\real_00429.jpeg,real_00429.jpeg,test,real,0,baseline,png,png-lossless,7.424115028697997e-05,0
data\splits\genimage_8000_split_v4\test\real\real_00462.jpeg,real_00462.jpeg,test,real,0,baseline,png,png-lossless,7.014370096043721e-13,0
data\splits\genimage_8000_split_v4\test\real\real_00113.jpeg,real_00113.jpeg,test,real,0,baseline,png,png-lossless,0.3299183249473572,0
data\splits\genimage_8000_split_v4\test\real\real_00391.jpeg,real_00391.jpeg,test,real,0,baseline,png,png-lossless,3.0135150154819712e-05,0
data\splits\genimage_8000_split_v4\test\real\real_00303.jpeg,real_00303.jpeg,test,real,0,baseline,png,png-lossless,2.6684524527809117e-06,0
data\splits\genimage_8000_split_v4\test\real\real_00592.jpeg,real_00592.jpeg,test,real,0,baseline,png,png-lossless,2.639634664281749e-18,0
data\splits\genimage_8000_split_v4\test\real\real_00157.jpeg,real_00157.jpeg,test,real,0,baseline,png,png-lossless,0.01668841950595379,0
data\splits\genimage_8000_split_v4\test\real\real_00475.jpeg,real_00475.jpeg,test,real,0,baseline,png,png-lossless,1.5087177416717168e-05,0
data\splits\genimage_8000_split_v4\test\real\real_00071.jpeg,real_00071.jpeg,test,real,0,baseline,png,png-lossless,0.24682694673538208,0
data\splits\genimage_8000_split_v4\test\real\real_00235.jpeg,real_00235.jpeg,test,real,0,baseline,png,png-lossless,8.565558528061956e-05,0
data\splits\genimage_8000_split_v4\test\real\real_00067.jpeg,real_00067.jpeg,test,real,0,baseline,png,png-lossless,0.00022914067085366696,0
data\splits\genimage_8000_split_v4\test\real\real_00502.jpeg,real_00502.jpeg,test,real,0,baseline,png,png-lossless,0.0038639414124190807,0
data\splits\genimage_8000_split_v4\test\real\real_00099.jpeg,real_00099.jpeg,test,real,0,baseline,png,png-lossless,0.10457941889762878,0
data\splits\genimage_8000_split_v4\test\real\real_00508.jpeg,real_00508.jpeg,test,real,0,baseline,png,png-lossless,0.00021826953161507845,0
data\splits\genimage_8000_split_v4\test\real\real_00036.jpeg,real_00036.jpeg,test,real,0,baseline,png,png-lossless,0.0002245537907583639,0
data\splits\genimage_8000_split_v4\test\real\real_00149.jpeg,real_00149.jpeg,test,real,0,baseline,png,png-lossless,5.667061611647206e-11,0
data\splits\genimage_8000_split_v4\test\real\real_00220.jpeg,real_00220.jpeg,test,real,0,baseline,png,png-lossless,0.0004562409012578428,0
data\splits\genimage_8000_split_v4\test\real\real_00418.jpeg,real_00418.jpeg,test,real,0,baseline,png,png-lossless,0.0004557725042104721,0
data\splits\genimage_8000_split_v4\test\real\real_00466.jpeg,real_00466.jpeg,test,real,0,baseline,png,png-lossless,0.37017399072647095,0
data\splits\genimage_8000_split_v4\test\real\real_00120.jpeg,real_00120.jpeg,test,real,0,baseline,png,png-lossless,0.005165216512978077,0
data\splits\genimage_8000_split_v4\test\real\real_00139.jpeg,real_00139.jpeg,test,real,0,baseline,png,png-lossless,0.21002288162708282,0
data\splits\genimage_8000_split_v4\test\real\real_00589.jpeg,real_00589.jpeg,test,real,0,baseline,png,png-lossless,0.9929554462432861,1
data\splits\genimage_8000_split_v4\test\real\real_00276.jpeg,real_00276.jpeg,test,real,0,baseline,png,png-lossless,0.012459964491426945,0
data\splits\genimage_8000_split_v4\test\real\real_00377.jpeg,real_00377.jpeg,test,real,0,baseline,png,png-lossless,0.10919810831546783,0
data\splits\genimage_8000_split_v4\test\real\real_00175.jpeg,real_00175.jpeg,test,real,0,baseline,png,png-lossless,0.10845907032489777,0
data\splits\genimage_8000_split_v4\test\real\real_00001.jpeg,real_00001.jpeg,test,real,0,baseline,png,png-lossless,0.48066797852516174,0
data\splits\genimage_8000_split_v4\test\real\real_00424.jpeg,real_00424.jpeg,test,real,0,baseline,png,png-lossless,7.572762115160003e-06,0
data\splits\genimage_8000_split_v4\test\real\real_00197.jpeg,real_00197.jpeg,test,real,0,baseline,png,png-lossless,0.00018531865498516709,0
data\splits\genimage_8000_split_v4\test\real\real_00246.jpeg,real_00246.jpeg,test,real,0,baseline,png,png-lossless,0.0018830030458047986,0
data\splits\genimage_8000_split_v4\test\real\real_00325.jpeg,real_00325.jpeg,test,real,0,baseline,png,png-lossless,0.005464224610477686,0
data\splits\genimage_8000_split_v4\test\real\real_00150.jpeg,real_00150.jpeg,test,real,0,baseline,png,png-lossless,3.676185755807637e-08,0
data\splits\genimage_8000_split_v4\test\real\real_00501.jpeg,real_00501.jpeg,test,real,0,baseline,png,png-lossless,5.942128336755559e-05,0
data\splits\genimage_8000_split_v4\test\real\real_00428.jpeg,real_00428.jpeg,test,real,0,baseline,png,png-lossless,0.02894766256213188,0
data\splits\genimage_8000_split_v4\test\real\real_00222.jpeg,real_00222.jpeg,test,real,0,baseline,png,png-lossless,0.2022400051355362,0
data\splits\genimage_8000_split_v4\test\real\real_00045.jpeg,real_00045.jpeg,test,real,0,baseline,png,png-lossless,0.013759134337306023,0
data\splits\genimage_8000_split_v4\test\real\real_00338.jpeg,real_00338.jpeg,test,real,0,baseline,png,png-lossless,0.0006691858870908618,0
data\splits\genimage_8000_split_v4\test\real\real_00390.jpeg,real_00390.jpeg,test,real,0,baseline,png,png-lossless,0.00024972204118967056,0
data\splits\genimage_8000_split_v4\test\real\real_00062.jpeg,real_00062.jpeg,test,real,0,baseline,png,png-lossless,0.2789677381515503,0
data\splits\genimage_8000_split_v4\test\real\real_00426.jpeg,real_00426.jpeg,test,real,0,baseline,png,png-lossless,0.0005557842087000608,0
data\splits\genimage_8000_split_v4\test\real\real_00247.jpeg,real_00247.jpeg,test,real,0,baseline,png,png-lossless,0.0973891094326973,0
data\splits\genimage_8000_split_v4\test\real\real_00152.jpeg,real_00152.jpeg,test,real,0,baseline,png,png-lossless,0.005952415056526661,0
data\splits\genimage_8000_split_v4\test\real\real_00156.jpeg,real_00156.jpeg,test,real,0,baseline,png,png-lossless,0.0006159901386126876,0
data\splits\genimage_8000_split_v4\test\real\real_00084.jpeg,real_00084.jpeg,test,real,0,baseline,png,png-lossless,0.013983651995658875,0
data\splits\genimage_8000_split_v4\test\real\real_00212.jpeg,real_00212.jpeg,test,real,0,baseline,png,png-lossless,0.07016132771968842,0
data\splits\genimage_8000_split_v4\test\real\real_00184.jpeg,real_00184.jpeg,test,real,0,baseline,png,png-lossless,0.017554236575961113,0
data\splits\genimage_8000_split_v4\test\real\real_00309.jpeg,real_00309.jpeg,test,real,0,baseline,png,png-lossless,0.0010146023705601692,0
data\splits\genimage_8000_split_v4\test\real\real_00423.jpeg,real_00423.jpeg,test,real,0,baseline,png,png-lossless,0.26035863161087036,0
data\splits\genimage_8000_split_v4\test\real\real_00095.jpeg,real_00095.jpeg,test,real,0,baseline,png,png-lossless,0.0007880890625528991,0
data\splits\genimage_8000_split_v4\test\real\real_00264.jpeg,real_00264.jpeg,test,real,0,baseline,png,png-lossless,0.0050575570203363895,0
data\splits\genimage_8000_split_v4\test\real\real_00105.jpeg,real_00105.jpeg,test,real,0,baseline,png,png-lossless,0.0370674692094326,0
data\splits\genimage_8000_split_v4\test\real\real_00024.jpeg,real_00024.jpeg,test,real,0,baseline,png,png-lossless,1.5927673402416076e-08,0
data\splits\genimage_8000_split_v4\test\real\real_00293.jpeg,real_00293.jpeg,test,real,0,baseline,png,png-lossless,8.58706869166781e-07,0
data\splits\genimage_8000_split_v4\test\real\real_00311.jpeg,real_00311.jpeg,test,real,0,baseline,png,png-lossless,0.009996209293603897,0
data\splits\genimage_8000_split_v4\test\real\real_00032.jpeg,real_00032.jpeg,test,real,0,baseline,png,png-lossless,0.18577761948108673,0
data\splits\genimage_8000_split_v4\test\real\real_00374.jpeg,real_00374.jpeg,test,real,0,baseline,png,png-lossless,3.504941560095176e-05,0
data\splits\genimage_8000_split_v4\test\real\real_00492.jpeg,real_00492.jpeg,test,real,0,baseline,png,png-lossless,6.890577060403302e-05,0
data\splits\genimage_8000_split_v4\test\real\real_00162.jpeg,real_00162.jpeg,test,real,0,baseline,png,png-lossless,0.01921735517680645,0
data\splits\genimage_8000_split_v4\test\real\real_00588.jpeg,real_00588.jpeg,test,real,0,baseline,png,png-lossless,0.0005709174438379705,0
data\splits\genimage_8000_split_v4\test\real\real_00411.jpeg,real_00411.jpeg,test,real,0,baseline,png,png-lossless,0.0004380715254228562,0
data\splits\genimage_8000_split_v4\test\real\real_00241.jpeg,real_00241.jpeg,test,real,0,baseline,png,png-lossless,0.10682664066553116,0
data\splits\genimage_8000_split_v4\test\real\real_00432.jpeg,real_00432.jpeg,test,real,0,baseline,png,png-lossless,0.41888687014579773,0
data\splits\genimage_8000_split_v4\test\real\real_00025.jpeg,real_00025.jpeg,test,real,0,baseline,png,png-lossless,0.0004743170866277069,0
data\splits\genimage_8000_split_v4\test\real\real_00079.jpeg,real_00079.jpeg,test,real,0,baseline,png,png-lossless,0.5753284096717834,1
data\splits\genimage_8000_split_v4\test\real\real_00351.jpeg,real_00351.jpeg,test,real,0,baseline,png,png-lossless,0.10850236564874649,0
data\splits\genimage_8000_split_v4\test\real\real_00590.jpeg,real_00590.jpeg,test,real,0,baseline,png,png-lossless,8.519389638195207e-09,0
data\splits\genimage_8000_split_v4\test\real\real_00240.jpeg,real_00240.jpeg,test,real,0,baseline,png,png-lossless,0.0003077964938711375,0
data\splits\genimage_8000_split_v4\test\real\real_00583.jpeg,real_00583.jpeg,test,real,0,baseline,png,png-lossless,5.835661431774497e-05,0
data\splits\genimage_8000_split_v4\test\real\real_00116.jpeg,real_00116.jpeg,test,real,0,baseline,png,png-lossless,0.11297972500324249,0
data\splits\genimage_8000_split_v4\test\real\real_00081.jpeg,real_00081.jpeg,test,real,0,baseline,png,png-lossless,0.0010228661121800542,0
data\splits\genimage_8000_split_v4\test\real\real_00224.jpeg,real_00224.jpeg,test,real,0,baseline,png,png-lossless,0.07381366193294525,0
data\splits\genimage_8000_split_v4\test\real\real_00372.jpeg,real_00372.jpeg,test,real,0,baseline,png,png-lossless,0.001994336722418666,0
data\splits\genimage_8000_split_v4\test\real\real_00074.jpeg,real_00074.jpeg,test,real,0,baseline,png,png-lossless,0.00039314079913310707,0
data\splits\genimage_8000_split_v4\test\real\real_00555.jpeg,real_00555.jpeg,test,real,0,baseline,png,png-lossless,6.279437911871355e-06,0
data\splits\genimage_8000_split_v4\test\real\real_00399.jpeg,real_00399.jpeg,test,real,0,baseline,png,png-lossless,1.0357701285101939e-05,0
data\splits\genimage_8000_split_v4\test\real\real_00308.jpeg,real_00308.jpeg,test,real,0,baseline,png,png-lossless,0.04377100244164467,0
data\splits\genimage_8000_split_v4\test\real\real_00132.jpeg,real_00132.jpeg,test,real,0,baseline,png,png-lossless,0.11308538168668747,0
data\splits\genimage_8000_split_v4\test\real\real_00478.jpeg,real_00478.jpeg,test,real,0,baseline,png,png-lossless,0.0123081523925066,0
data\splits\genimage_8000_split_v4\test\real\real_00435.jpeg,real_00435.jpeg,test,real,0,baseline,png,png-lossless,5.345084719010629e-05,0
data\splits\genimage_8000_split_v4\test\real\real_00072.jpeg,real_00072.jpeg,test,real,0,baseline,png,png-lossless,0.002832959173247218,0
data\splits\genimage_8000_split_v4\test\real\real_00037.jpeg,real_00037.jpeg,test,real,0,baseline,png,png-lossless,0.49243655800819397,0
data\splits\genimage_8000_split_v4\test\real\real_00272.jpeg,real_00272.jpeg,test,real,0,baseline,png,png-lossless,0.973100483417511,1
data\splits\genimage_8000_split_v4\test\real\real_00102.jpeg,real_00102.jpeg,test,real,0,baseline,png,png-lossless,0.04124689847230911,0
data\splits\genimage_8000_split_v4\test\real\real_00044.jpeg,real_00044.jpeg,test,real,0,baseline,png,png-lossless,0.05690177530050278,0
data\splits\genimage_8000_split_v4\test\real\real_00546.jpeg,real_00546.jpeg,test,real,0,baseline,png,png-lossless,0.01065805647522211,0
data\splits\genimage_8000_split_v4\test\real\real_00146.jpeg,real_00146.jpeg,test,real,0,baseline,png,png-lossless,4.247950346325524e-05,0
data\splits\genimage_8000_split_v4\test\real\real_00361.jpeg,real_00361.jpeg,test,real,0,baseline,png,png-lossless,0.002781862858682871,0
data\splits\genimage_8000_split_v4\test\real\real_00498.jpeg,real_00498.jpeg,test,real,0,baseline,png,png-lossless,0.6176325678825378,1
data\splits\genimage_8000_split_v4\test\real\real_00567.jpeg,real_00567.jpeg,test,real,0,baseline,png,png-lossless,1.198838077698383e-07,0
data\splits\genimage_8000_split_v4\test\real\real_00229.jpeg,real_00229.jpeg,test,real,0,baseline,png,png-lossless,0.0008916962542571127,0
data\splits\genimage_8000_split_v4\test\real\real_00573.jpeg,real_00573.jpeg,test,real,0,baseline,png,png-lossless,6.612752258661203e-06,0
data\splits\genimage_8000_split_v4\test\real\real_00452.jpeg,real_00452.jpeg,test,real,0,baseline,png,png-lossless,0.13261860609054565,0
data\splits\genimage_8000_split_v4\test\real\real_00258.jpeg,real_00258.jpeg,test,real,0,baseline,png,png-lossless,0.08797513693571091,0
data\splits\genimage_8000_split_v4\test\real\real_00581.jpeg,real_00581.jpeg,test,real,0,baseline,png,png-lossless,0.01230369508266449,0
data\splits\genimage_8000_split_v4\test\real\real_00340.jpeg,real_00340.jpeg,test,real,0,baseline,png,png-lossless,0.12246736139059067,0
data\splits\genimage_8000_split_v4\test\real\real_00516.jpeg,real_00516.jpeg,test,real,0,baseline,png,png-lossless,0.0014521131524816155,0
data\splits\genimage_8000_split_v4\test\real\real_00524.jpeg,real_00524.jpeg,test,real,0,baseline,png,png-lossless,0.0008374238386750221,0
data\splits\genimage_8000_split_v4\test\real\real_00554.jpeg,real_00554.jpeg,test,real,0,baseline,png,png-lossless,0.0019298071274533868,0
data\splits\genimage_8000_split_v4\test\real\real_00299.jpeg,real_00299.jpeg,test,real,0,baseline,png,png-lossless,1.3819738242659696e-08,0
data\splits\genimage_8000_split_v4\test\real\real_00439.jpeg,real_00439.jpeg,test,real,0,baseline,png,png-lossless,0.001557924086228013,0
data\splits\genimage_8000_split_v4\test\real\real_00166.jpeg,real_00166.jpeg,test,real,0,baseline,png,png-lossless,9.015603836814989e-07,0
data\splits\genimage_8000_split_v4\test\real\real_00392.jpeg,real_00392.jpeg,test,real,0,baseline,png,png-lossless,0.03580290079116821,0
data\splits\genimage_8000_split_v4\test\real\real_00086.jpeg,real_00086.jpeg,test,real,0,baseline,png,png-lossless,8.680946848471649e-06,0
data\splits\genimage_8000_split_v4\test\real\real_00537.jpeg,real_00537.jpeg,test,real,0,baseline,png,png-lossless,0.2629873752593994,0
data\splits\genimage_8000_split_v4\test\real\real_00431.jpeg,real_00431.jpeg,test,real,0,baseline,png,png-lossless,4.9712121835909784e-05,0
data\splits\genimage_8000_split_v4\test\real\real_00389.jpeg,real_00389.jpeg,test,real,0,baseline,png,png-lossless,4.71121438749833e-06,0
data\splits\genimage_8000_split_v4\test\real\real_00534.jpeg,real_00534.jpeg,test,real,0,baseline,png,png-lossless,1.1788960364356171e-05,0
data\splits\genimage_8000_split_v4\test\real\real_00541.jpeg,real_00541.jpeg,test,real,0,baseline,png,png-lossless,1.7572649113617445e-08,0
data\splits\genimage_8000_split_v4\test\real\real_00094.jpeg,real_00094.jpeg,test,real,0,baseline,png,png-lossless,0.9842897057533264,1
data\splits\genimage_8000_split_v4\test\real\real_00226.jpeg,real_00226.jpeg,test,real,0,baseline,png,png-lossless,0.0006760695832781494,0
data\splits\genimage_8000_split_v4\test\real\real_00200.jpeg,real_00200.jpeg,test,real,0,baseline,png,png-lossless,0.005591738037765026,0
data\splits\genimage_8000_split_v4\test\real\real_00330.jpeg,real_00330.jpeg,test,real,0,baseline,png,png-lossless,0.0057097687385976315,0
data\splits\genimage_8000_split_v4\test\real\real_00091.jpeg,real_00091.jpeg,test,real,0,baseline,png,png-lossless,0.29710644483566284,0
data\splits\genimage_8000_split_v4\test\real\real_00472.jpeg,real_00472.jpeg,test,real,0,baseline,png,png-lossless,3.332637985020703e-11,0
data\splits\genimage_8000_split_v4\test\real\real_00493.jpeg,real_00493.jpeg,test,real,0,baseline,png,png-lossless,1.9984806840511737e-06,0
data\splits\genimage_8000_split_v4\test\real\real_00053.jpeg,real_00053.jpeg,test,real,0,baseline,png,png-lossless,1.2866881604622904e-07,0
data\splits\genimage_8000_split_v4\test\real\real_00298.jpeg,real_00298.jpeg,test,real,0,baseline,png,png-lossless,0.021896347403526306,0
data\splits\genimage_8000_split_v4\test\real\real_00366.jpeg,real_00366.jpeg,test,real,0,baseline,png,png-lossless,0.0016277225222438574,0
data\splits\genimage_8000_split_v4\test\real\real_00182.jpeg,real_00182.jpeg,test,real,0,baseline,png,png-lossless,2.0043205950059928e-05,0
data\splits\genimage_8000_split_v4\test\real\real_00490.jpeg,real_00490.jpeg,test,real,0,baseline,png,png-lossless,0.007143194321542978,0
data\splits\genimage_8000_split_v4\test\real\real_00593.jpeg,real_00593.jpeg,test,real,0,baseline,png,png-lossless,0.25834569334983826,0
data\splits\genimage_8000_split_v4\test\real\real_00137.jpeg,real_00137.jpeg,test,real,0,baseline,png,png-lossless,0.02331690862774849,0
data\splits\genimage_8000_split_v4\test\real\real_00314.jpeg,real_00314.jpeg,test,real,0,baseline,png,png-lossless,0.06628374010324478,0
data\splits\genimage_8000_split_v4\test\real\real_00471.jpeg,real_00471.jpeg,test,real,0,baseline,png,png-lossless,0.011898191645741463,0
data\splits\genimage_8000_split_v4\test\real\real_00365.jpeg,real_00365.jpeg,test,real,0,baseline,png,png-lossless,0.0007300575380213559,0
data\splits\genimage_8000_split_v4\test\real\real_00042.jpeg,real_00042.jpeg,test,real,0,baseline,png,png-lossless,1.9132784245812218e-09,0
data\splits\genimage_8000_split_v4\test\real\real_00448.jpeg,real_00448.jpeg,test,real,0,baseline,png,png-lossless,0.31307747960090637,0
data\splits\genimage_8000_split_v4\test\real\real_00188.jpeg,real_00188.jpeg,test,real,0,baseline,png,png-lossless,1.3208518794272095e-06,0
data\splits\genimage_8000_split_v4\test\real\real_00245.jpeg,real_00245.jpeg,test,real,0,baseline,png,png-lossless,0.19869869947433472,0
data\splits\genimage_8000_split_v4\test\real\real_00509.jpeg,real_00509.jpeg,test,real,0,baseline,png,png-lossless,5.187544957152568e-06,0
data\splits\genimage_8000_split_v4\test\real\real_00265.jpeg,real_00265.jpeg,test,real,0,baseline,png,png-lossless,0.000570976291783154,0
data\splits\genimage_8000_split_v4\test\real\real_00443.jpeg,real_00443.jpeg,test,real,0,baseline,png,png-lossless,0.00014565589663106948,0
data\splits\genimage_8000_split_v4\test\real\real_00284.jpeg,real_00284.jpeg,test,real,0,baseline,png,png-lossless,0.00271301600150764,0
data\splits\genimage_8000_split_v4\test\real\real_00386.jpeg,real_00386.jpeg,test,real,0,baseline,png,png-lossless,7.732348421995994e-06,0
data\splits\genimage_8000_split_v4\test\real\real_00548.jpeg,real_00548.jpeg,test,real,0,baseline,png,png-lossless,1.3649822676597978e-06,0
data\splits\genimage_8000_split_v4\test\real\real_00487.jpeg,real_00487.jpeg,test,real,0,baseline,png,png-lossless,0.00019720193813554943,0
data\splits\genimage_8000_split_v4\test\real\real_00549.jpeg,real_00549.jpeg,test,real,0,baseline,png,png-lossless,0.7486872673034668,1
data\splits\genimage_8000_split_v4\test\real\real_00315.jpeg,real_00315.jpeg,test,real,0,baseline,png,png-lossless,3.9133861719165e-05,0
data\splits\genimage_8000_split_v4\test\real\real_00464.jpeg,real_00464.jpeg,test,real,0,baseline,png,png-lossless,0.0008533810614608228,0
data\splits\genimage_8000_split_v4\test\ai\midjourney_00068.png,midjourney_00068.png,test,midjourney,1,baseline,png,png-lossless,0.01764982007443905,0
data\splits\genimage_8000_split_v4\test\ai\vqdm_00062.png,vqdm_00062.png,test,vqdm,1,baseline,png,png-lossless,0.21103893220424652,0
data\splits\genimage_8000_split_v4\test\ai\adm_00019.png,adm_00019.png,test,adm,1,baseline,png,png-lossless,0.9993763566017151,1
data\splits\genimage_8000_split_v4\test\ai\midjourney_00077.png,midjourney_00077.png,test,midjourney,1,baseline,png,png-lossless,0.0006826963508501649,0
data\splits\genimage_8000_split_v4\test\ai\adm_00074.png,adm_00074.png,test,adm,1,baseline,png,png-lossless,0.9999986886978149,1
data\splits\genimage_8000_split_v4\test\ai\wukong_00038.png,wukong_00038.png,test,wukong,1,baseline,png,png-lossless,0.9999681711196899,1
data\splits\genimage_8000_split_v4\test\ai\biggan_00049.png,biggan_00049.png,test,biggan,1,baseline,png,png-lossless,0.9986304044723511,1
data\splits\genimage_8000_split_v4\test\ai\midjourney_00036.png,midjourney_00036.png,test,midjourney,1,baseline,png,png-lossless,0.5640317797660828,1
data\splits\genimage_8000_split_v4\test\ai\glide_00074.png,glide_00074.png,test,glide,1,baseline,png,png-lossless,0.9997509121894836,1
data\splits\genimage_8000_split_v4\test\ai\sdv5_00043.png,sdv5_00043.png,test,sdv5,1,baseline,png,png-lossless,0.25008177757263184,0
data\splits\genimage_8000_split_v4\test\ai\wukong_00067.png,wukong_00067.png,test,wukong,1,baseline,png,png-lossless,0.9916142225265503,1
data\splits\genimage_8000_split_v4\test\ai\vqdm_00041.png,vqdm_00041.png,test,vqdm,1,baseline,png,png-lossless,0.9551100134849548,1
data\splits\genimage_8000_split_v4\test\ai\wukong_00066.png,wukong_00066.png,test,wukong,1,baseline,png,png-lossless,0.12809999287128448,0
data\splits\genimage_8000_split_v4\test\ai\vqdm_00061.png,vqdm_00061.png,test,vqdm,1,baseline,png,png-lossless,1.0,1
data\splits\genimage_8000_split_v4\test\ai\biggan_00010.png,biggan_00010.png,test,biggan,1,baseline,png,png-lossless,1.0,1
data\splits\genimage_8000_split_v4\test\ai\midjourney_00011.png,midjourney_00011.png,test,midjourney,1,baseline,png,png-lossless,0.9997932314872742,1
data\splits\genimage_8000_split_v4\test\ai\adm_00067.png,adm_00067.png,test,adm,1,baseline,png,png-lossless,0.9999587535858154,1
data\splits\genimage_8000_split_v4\test\ai\adm_00063.png,adm_00063.png,test,adm,1,baseline,png,png-lossless,0.9997383952140808,1
data\splits\genimage_8000_split_v4\test\ai\wukong_00015.png,wukong_00015.png,test,wukong,1,baseline,png,png-lossless,0.9637126922607422,1
data\splits\genimage_8000_split_v4\test\ai\vqdm_00004.png,vqdm_00004.png,test,vqdm,1,baseline,png,png-lossless,0.9690579175949097,1
data\splits\genimage_8000_split_v4\test\ai\midjourney_00005.png,midjourney_00005.png,test,midjourney,1,baseline,png,png-lossless,0.5040595531463623,1
data\splits\genimage_8000_split_v4\test\ai\adm_00014.png,adm_00014.png,test,adm,1,baseline,png,png-lossless,1.0,1
data\splits\genimage_8000_split_v4\test\ai\glide_00069.png,glide_00069.png,test,glide,1,baseline,png,png-lossless,0.9999985694885254,1
data\splits\genimage_8000_split_v4\test\ai\vqdm_00010.png,vqdm_00010.png,test,vqdm,1,baseline,png,png-lossless,1.0,1
data\splits\genimage_8000_split_v4\test\ai\sdv5_00046.png,sdv5_00046.png,test,sdv5,1,baseline,png,png-lossless,0.9993287324905396,1
data\splits\genimage_8000_split_v4\test\ai\wukong_00023.png,wukong_00023.png,test,wukong,1,baseline,png,png-lossless,0.902436375617981,1
data\splits\genimage_8000_split_v4\test\ai\midjourney_00074.png,midjourney_00074.png,test,midjourney,1,baseline,png,png-lossless,0.8814974427223206,1
data\splits\genimage_8000_split_v4\test\ai\midjourney_00039.png,midjourney_00039.png,test,midjourney,1,baseline,png,png-lossless,0.932361900806427,1
data\splits\genimage_8000_split_v4\test\ai\vqdm_00024.png,vqdm_00024.png,test,vqdm,1,baseline,png,png-lossless,0.9999978542327881,1
data\splits\genimage_8000_split_v4\test\ai\wukong_00075.png,wukong_00075.png,test,wukong,1,baseline,png,png-lossless,0.8963252902030945,1
data\splits\genimage_8000_split_v4\test\ai\biggan_00050.png,biggan_00050.png,test,biggan,1,baseline,png,png-lossless,1.0,1
data\splits\genimage_8000_split_v4\test\ai\midjourney_00059.png,midjourney_00059.png,test,midjourney,1,baseline,png,png-lossless,0.7453251481056213,1
data\splits\genimage_8000_split_v4\test\ai\biggan_00029.png,biggan_00029.png,test,biggan,1,baseline,png,png-lossless,0.9999998807907104,1
data\splits\genimage_8000_split_v4\test\ai\sdv5_00039.png,sdv5_00039.png,test,sdv5,1,baseline,png,png-lossless,0.9947152733802795,1
data\splits\genimage_8000_split_v4\test\ai\glide_00061.png,glide_00061.png,test,glide,1,baseline,png,png-lossless,0.12906190752983093,0
data\splits\genimage_8000_split_v4\test\ai\biggan_00012.png,biggan_00012.png,test,biggan,1,baseline,png,png-lossless,0.9999901056289673,1
data\splits\genimage_8000_split_v4\test\ai\biggan_00080.png,biggan_00080.png,test,biggan,1,baseline,png,png-lossless,1.0,1
data\splits\genimage_8000_split_v4\test\ai\glide_00053.png,glide_00053.png,test,glide,1,baseline,png,png-lossless,0.9964936375617981,1
data\splits\genimage_8000_split_v4\test\ai\vqdm_00006.png,vqdm_00006.png,test,vqdm,1,baseline,png,png-lossless,0.8679614663124084,1
data\splits\genimage_8000_split_v4\test\ai\adm_00023.png,adm_00023.png,test,adm,1,baseline,png,png-lossless,1.0,1
data\splits\genimage_8000_split_v4\test\ai\sdv5_00054.png,sdv5_00054.png,test,sdv5,1,baseline,png,png-lossless,0.9988884329795837,1
data\splits\genimage_8000_split_v4\test\ai\midjourney_00021.png,midjourney_00021.png,test,midjourney,1,baseline,png,png-lossless,0.9956240057945251,1
data\splits\genimage_8000_split_v4\test\ai\vqdm_00065.png,vqdm_00065.png,test,vqdm,1,baseline,png,png-lossless,0.10036002844572067,0
data\splits\genimage_8000_split_v4\test\ai\biggan_00055.png,biggan_00055.png,test,biggan,1,baseline,png,png-lossless,0.9999744892120361,1
data\splits\genimage_8000_split_v4\test\ai\wukong_00003.png,wukong_00003.png,test,wukong,1,baseline,png,png-lossless,0.9993945360183716,1
data\splits\genimage_8000_split_v4\test\ai\biggan_00022.png,biggan_00022.png,test,biggan,1,baseline,png,png-lossless,0.9720577001571655,1
data\splits\genimage_8000_split_v4\test\ai\biggan_00081.png,biggan_00081.png,test,biggan,1,baseline,png,png-lossless,0.7348662614822388,1
data\splits\genimage_8000_split_v4\test\ai\vqdm_00049.png,vqdm_00049.png,test,vqdm,1,baseline,png,png-lossless,0.963546097278595,1
data\splits\genimage_8000_split_v4\test\ai\sdv5_00076.png,sdv5_00076.png,test,sdv5,1,baseline,png,png-lossless,0.9999337196350098,1
data\splits\genimage_8000_split_v4\test\ai\vqdm_00011.png,vqdm_00011.png,test,vqdm,1,baseline,png,png-lossless,0.996867835521698,1
data\splits\genimage_8000_split_v4\test\ai\adm_00039.png,adm_00039.png,test,adm,1,baseline,png,png-lossless,1.0,1
data\splits\genimage_8000_split_v4\test\ai\glide_00023.png,glide_00023.png,test,glide,1,baseline,png,png-lossless,0.9986395239830017,1
data\splits\genimage_8000_split_v4\test\ai\sdv5_00063.png,sdv5_00063.png,test,sdv5,1,baseline,png,png-lossless,0.9976133108139038,1
data\splits\genimage_8000_split_v4\test\ai\biggan_00059.png,biggan_00059.png,test,biggan,1,baseline,png,png-lossless,0.9999996423721313,1
data\splits\genimage_8000_split_v4\test\ai\glide_00015.png,glide_00015.png,test,glide,1,baseline,png,png-lossless,0.9999996423721313,1
data\splits\genimage_8000_split_v4\test\ai\wukong_00047.png,wukong_00047.png,test,wukong,1,baseline,png,png-lossless,0.9318459630012512,1
data\splits\genimage_8000_split_v4\test\ai\vqdm_00037.png,vqdm_00037.png,test,vqdm,1,baseline,png,png-lossless,0.99153733253479,1
data\splits\genimage_8000_split_v4\test\ai\wukong_00080.png,wukong_00080.png,test,wukong,1,baseline,png,png-lossless,0.9999887943267822,1
data\splits\genimage_8000_split_v4\test\ai\midjourney_00076.png,midjourney_00076.png,test,midjourney,1,baseline,png,png-lossless,0.9986183643341064,1
data\splits\genimage_8000_split_v4\test\ai\sdv5_00061.png,sdv5_00061.png,test,sdv5,1,baseline,png,png-lossless,0.9999998807907104,1
data\splits\genimage_8000_split_v4\test\ai\adm_00029.png,adm_00029.png,test,adm,1,baseline,png,png-lossless,0.9999949932098389,1
data\splits\genimage_8000_split_v4\test\ai\glide_00039.png,glide_00039.png,test,glide,1,baseline,png,png-lossless,0.9999997615814209,1
data\splits\genimage_8000_split_v4\test\ai\adm_00072.png,adm_00072.png,test,adm,1,baseline,png,png-lossless,0.9975996613502502,1
data\splits\genimage_8000_split_v4\test\ai\sdv5_00051.png,sdv5_00051.png,test,sdv5,1,baseline,png,png-lossless,1.0,1
data\splits\genimage_8000_split_v4\test\ai\sdv5_00066.png,sdv5_00066.png,test,sdv5,1,baseline,png,png-lossless,0.8486893177032471,1
data\splits\genimage_8000_split_v4\test\ai\midjourney_00078.png,midjourney_00078.png,test,midjourney,1,baseline,png,png-lossless,0.9999891519546509,1
data\splits\genimage_8000_split_v4\test\ai\vqdm_00017.png,vqdm_00017.png,test,vqdm,1,baseline,png,png-lossless,0.012247452512383461,0
data\splits\genimage_8000_split_v4\test\ai\sdv5_00073.png,sdv5_00073.png,test,sdv5,1,baseline,png,png-lossless,0.9980292916297913,1
data\splits\genimage_8000_split_v4\test\ai\midjourney_00045.png,midjourney_00045.png,test,midjourney,1,baseline,png,png-lossless,0.9306157827377319,1
data\splits\genimage_8000_split_v4\test\ai\vqdm_00073.png,vqdm_00073.png,test,vqdm,1,baseline,png,png-lossless,0.6919798254966736,1
data\splits\genimage_8000_split_v4\test\ai\sdv5_00008.png,sdv5_00008.png,test,sdv5,1,baseline,png,png-lossless,0.9999840259552002,1
data\splits\genimage_8000_split_v4\test\ai\midjourney_00061.png,midjourney_00061.png,test,midjourney,1,baseline,png,png-lossless,0.049863576889038086,0
data\splits\genimage_8000_split_v4\test\ai\adm_00015.png,adm_00015.png,test,adm,1,baseline,png,png-lossless,0.9999998807907104,1
data\splits\genimage_8000_split_v4\test\ai\vqdm_00068.png,vqdm_00068.png,test,vqdm,1,baseline,png,png-lossless,0.9833974242210388,1
data\splits\genimage_8000_split_v4\test\ai\midjourney_00053.png,midjourney_00053.png,test,midjourney,1,baseline,png,png-lossless,0.9999982118606567,1
data\splits\genimage_8000_split_v4\test\ai\sdv5_00050.png,sdv5_00050.png,test,sdv5,1,baseline,png,png-lossless,0.999581515789032,1
data\splits\genimage_8000_split_v4\test\ai\glide_00050.png,glide_00050.png,test,glide,1,baseline,png,png-lossless,0.9999998807907104,1
data\splits\genimage_8000_split_v4\test\ai\midjourney_00069.png,midjourney_00069.png,test,midjourney,1,baseline,png,png-lossless,0.6049802899360657,1
data\splits\genimage_8000_split_v4\test\ai\glide_00038.png,glide_00038.png,test,glide,1,baseline,png,png-lossless,0.9997575879096985,1
data\splits\genimage_8000_split_v4\test\ai\biggan_00011.png,biggan_00011.png,test,biggan,1,baseline,png,png-lossless,0.9813119769096375,1
data\splits\genimage_8000_split_v4\test\ai\biggan_00082.png,biggan_00082.png,test,biggan,1,baseline,png,png-lossless,0.9999754428863525,1
data\splits\genimage_8000_split_v4\test\ai\wukong_00005.png,wukong_00005.png,test,wukong,1,baseline,png,png-lossless,0.999893069267273,1
data\splits\genimage_8000_split_v4\test\ai\wukong_00014.png,wukong_00014.png,test,wukong,1,baseline,png,png-lossless,0.999941349029541,1
data\splits\genimage_8000_split_v4\test\ai\midjourney_00071.png,midjourney_00071.png,test,midjourney,1,baseline,png,png-lossless,0.006289463955909014,0
data\splits\genimage_8000_split_v4\test\ai\midjourney_00009.png,midjourney_00009.png,test,midjourney,1,baseline,png,png-lossless,0.6986677050590515,1
data\splits\genimage_8000_split_v4\test\ai\midjourney_00044.png,midjourney_00044.png,test,midjourney,1,baseline,png,png-lossless,0.9753853678703308,1
data\splits\genimage_8000_split_v4\test\ai\biggan_00017.png,biggan_00017.png,test,biggan,1,baseline,png,png-lossless,0.9999397993087769,1
data\splits\genimage_8000_split_v4\test\ai\glide_00082.png,glide_00082.png,test,glide,1,baseline,png,png-lossless,0.9988476037979126,1
data\splits\genimage_8000_split_v4\test\ai\glide_00037.png,glide_00037.png,test,glide,1,baseline,png,png-lossless,0.3789370357990265,0
data\splits\genimage_8000_split_v4\test\ai\adm_00027.png,adm_00027.png,test,adm,1,baseline,png,png-lossless,0.9999276399612427,1
data\splits\genimage_8000_split_v4\test\ai\midjourney_00024.png,midjourney_00024.png,test,midjourney,1,baseline,png,png-lossless,0.999998927116394,1
data\splits\genimage_8000_split_v4\test\ai\glide_00033.png,glide_00033.png,test,glide,1,baseline,png,png-lossless,0.9999980926513672,1
data\splits\genimage_8000_split_v4\test\ai\midjourney_00007.png,midjourney_00007.png,test,midjourney,1,baseline,png,png-lossless,0.9855965971946716,1
data\splits\genimage_8000_split_v4\test\ai\sdv5_00072.png,sdv5_00072.png,test,sdv5,1,baseline,png,png-lossless,0.6935890913009644,1
data\splits\genimage_8000_split_v4\test\ai\wukong_00022.png,wukong_00022.png,test,wukong,1,baseline,png,png-lossless,0.9985824823379517,1
data\splits\genimage_8000_split_v4\test\ai\vqdm_00032.png,vqdm_00032.png,test,vqdm,1,baseline,png,png-lossless,0.0009836176177486777,0
data\splits\genimage_8000_split_v4\test\ai\glide_00009.png,glide_00009.png,test,glide,1,baseline,png,png-lossless,1.0,1
data\splits\genimage_8000_split_v4\test\ai\biggan_00030.png,biggan_00030.png,test,biggan,1,baseline,png,png-lossless,0.982954204082489,1
data\splits\genimage_8000_split_v4\test\ai\wukong_00057.png,wukong_00057.png,test,wukong,1,baseline,png,png-lossless,0.9589765667915344,1
data\splits\genimage_8000_split_v4\test\ai\adm_00079.png,adm_00079.png,test,adm,1,baseline,png,png-lossless,1.0,1
data\splits\genimage_8000_split_v4\test\ai\vqdm_00031.png,vqdm_00031.png,test,vqdm,1,baseline,png,png-lossless,0.9879751801490784,1
data\splits\genimage_8000_split_v4\test\ai\glide_00010.png,glide_00010.png,test,glide,1,baseline,png,png-lossless,1.0,1
data\splits\genimage_8000_split_v4\test\ai\wukong_00009.png,wukong_00009.png,test,wukong,1,baseline,png,png-lossless,0.9984757304191589,1
data\splits\genimage_8000_split_v4\test\ai\glide_00013.png,glide_00013.png,test,glide,1,baseline,png,png-lossless,0.9995630383491516,1
data\splits\genimage_8000_split_v4\test\ai\vqdm_00023.png,vqdm_00023.png,test,vqdm,1,baseline,png,png-lossless,0.5619804263114929,1
data\splits\genimage_8000_split_v4\test\ai\sdv5_00011.png,sdv5_00011.png,test,sdv5,1,baseline,png,png-lossless,0.9888867735862732,1
data\splits\genimage_8000_split_v4\test\ai\sdv5_00047.png,sdv5_00047.png,test,sdv5,1,baseline,png,png-lossless,0.999991774559021,1
data\splits\genimage_8000_split_v4\test\ai\sdv5_00009.png,sdv5_00009.png,test,sdv5,1,baseline,png,png-lossless,0.9700915813446045,1
data\splits\genimage_8000_split_v4\test\ai\sdv5_00010.png,sdv5_00010.png,test,sdv5,1,baseline,png,png-lossless,0.9339901208877563,1
data\splits\genimage_8000_split_v4\test\ai\glide_00076.png,glide_00076.png,test,glide,1,baseline,png,png-lossless,1.0,1
data\splits\genimage_8000_split_v4\test\ai\adm_00081.png,adm_00081.png,test,adm,1,baseline,png,png-lossless,0.999998927116394,1
data\splits\genimage_8000_split_v4\test\ai\sdv5_00023.png,sdv5_00023.png,test,sdv5,1,baseline,png,png-lossless,0.9999780654907227,1
data\splits\genimage_8000_split_v4\test\ai\biggan_00003.png,biggan_00003.png,test,biggan,1,baseline,png,png-lossless,0.9998847246170044,1
data\splits\genimage_8000_split_v4\test\ai\wukong_00061.png,wukong_00061.png,test,wukong,1,baseline,png,png-lossless,0.6361591815948486,1
data\splits\genimage_8000_split_v4\test\ai\adm_00085.png,adm_00085.png,test,adm,1,baseline,png,png-lossless,0.9870033860206604,1
data\splits\genimage_8000_split_v4\test\ai\midjourney_00014.png,midjourney_00014.png,test,midjourney,1,baseline,png,png-lossless,0.9556778073310852,1
data\splits\genimage_8000_split_v4\test\ai\vqdm_00042.png,vqdm_00042.png,test,vqdm,1,baseline,png,png-lossless,0.9991068243980408,1
data\splits\genimage_8000_split_v4\test\ai\wukong_00076.png,wukong_00076.png,test,wukong,1,baseline,png,png-lossless,0.9993108510971069,1
data\splits\genimage_8000_split_v4\test\ai\vqdm_00035.png,vqdm_00035.png,test,vqdm,1,baseline,png,png-lossless,0.6531538963317871,1
data\splits\genimage_8000_split_v4\test\ai\sdv5_00037.png,sdv5_00037.png,test,sdv5,1,baseline,png,png-lossless,0.6762850284576416,1
data\splits\genimage_8000_split_v4\test\ai\biggan_00000.png,biggan_00000.png,test,biggan,1,baseline,png,png-lossless,0.9999964237213135,1
data\splits\genimage_8000_split_v4\test\ai\sdv5_00053.png,sdv5_00053.png,test,sdv5,1,baseline,png,png-lossless,0.9999991655349731,1
data\splits\genimage_8000_split_v4\test\ai\midjourney_00034.png,midjourney_00034.png,test,midjourney,1,baseline,png,png-lossless,0.9968716502189636,1
data\splits\genimage_8000_split_v4\test\ai\wukong_00033.png,wukong_00033.png,test,wukong,1,baseline,png,png-lossless,0.9432145953178406,1
data\splits\genimage_8000_split_v4\test\ai\glide_00011.png,glide_00011.png,test,glide,1,baseline,png,png-lossless,0.9996238946914673,1
data\splits\genimage_8000_split_v4\test\ai\glide_00008.png,glide_00008.png,test,glide,1,baseline,png,png-lossless,0.9999998807907104,1
data\splits\genimage_8000_split_v4\test\ai\adm_00044.png,adm_00044.png,test,adm,1,baseline,png,png-lossless,0.9836861491203308,1
data\splits\genimage_8000_split_v4\test\ai\sdv5_00029.png,sdv5_00029.png,test,sdv5,1,baseline,png,png-lossless,0.9999747276306152,1
data\splits\genimage_8000_split_v4\test\ai\sdv5_00081.png,sdv5_00081.png,test,sdv5,1,baseline,png,png-lossless,0.9999904632568359,1
data\splits\genimage_8000_split_v4\test\ai\sdv5_00040.png,sdv5_00040.png,test,sdv5,1,baseline,png,png-lossless,0.5059831142425537,1
data\splits\genimage_8000_split_v4\test\ai\adm_00042.png,adm_00042.png,test,adm,1,baseline,png,png-lossless,0.9999736547470093,1
data\splits\genimage_8000_split_v4\test\ai\sdv5_00059.png,sdv5_00059.png,test,sdv5,1,baseline,png,png-lossless,0.9613252878189087,1
data\splits\genimage_8000_split_v4\test\ai\wukong_00017.png,wukong_00017.png,test,wukong,1,baseline,png,png-lossless,0.9999291896820068,1
data\splits\genimage_8000_split_v4\test\ai\wukong_00058.png,wukong_00058.png,test,wukong,1,baseline,png,png-lossless,0.9999986886978149,1
data\splits\genimage_8000_split_v4\test\ai\adm_00086.png,adm_00086.png,test,adm,1,baseline,png,png-lossless,0.9999998807907104,1
data\splits\genimage_8000_split_v4\test\ai\midjourney_00049.png,midjourney_00049.png,test,midjourney,1,baseline,png,png-lossless,0.979606568813324,1
data\splits\genimage_8000_split_v4\test\ai\midjourney_00065.png,midjourney_00065.png,test,midjourney,1,baseline,png,png-lossless,0.9999998807907104,1
data\splits\genimage_8000_split_v4\test\ai\midjourney_00006.png,midjourney_00006.png,test,midjourney,1,baseline,png,png-lossless,0.9836236238479614,1
data\splits\genimage_8000_split_v4\test\ai\wukong_00079.png,wukong_00079.png,test,wukong,1,baseline,png,png-lossless,0.9995296001434326,1
data\splits\genimage_8000_split_v4\test\ai\sdv5_00085.png,sdv5_00085.png,test,sdv5,1,baseline,png,png-lossless,1.0,1
data\splits\genimage_8000_split_v4\test\ai\sdv5_00065.png,sdv5_00065.png,test,sdv5,1,baseline,png,png-lossless,0.9650469422340393,1
data\splits\genimage_8000_split_v4\test\ai\wukong_00037.png,wukong_00037.png,test,wukong,1,baseline,png,png-lossless,0.9772694110870361,1
data\splits\genimage_8000_split_v4\test\ai\biggan_00032.png,biggan_00032.png,test,biggan,1,baseline,png,png-lossless,0.9998036026954651,1
data\splits\genimage_8000_split_v4\test\ai\wukong_00011.png,wukong_00011.png,test,wukong,1,baseline,png,png-lossless,0.999976634979248,1
data\splits\genimage_8000_split_v4\test\ai\biggan_00053.png,biggan_00053.png,test,biggan,1,baseline,png,png-lossless,1.0,1
data\splits\genimage_8000_split_v4\test\ai\sdv5_00005.png,sdv5_00005.png,test,sdv5,1,baseline,png,png-lossless,0.9783217310905457,1
data\splits\genimage_8000_split_v4\test\ai\adm_00057.png,adm_00057.png,test,adm,1,baseline,png,png-lossless,0.9751171469688416,1
data\splits\genimage_8000_split_v4\test\ai\wukong_00024.png,wukong_00024.png,test,wukong,1,baseline,png,png-lossless,0.9949972629547119,1
data\splits\genimage_8000_split_v4\test\ai\glide_00056.png,glide_00056.png,test,glide,1,baseline,png,png-lossless,1.0,1
data\splits\genimage_8000_split_v4\test\ai\adm_00004.png,adm_00004.png,test,adm,1,baseline,png,png-lossless,1.0,1
data\splits\genimage_8000_split_v4\test\ai\midjourney_00081.png,midjourney_00081.png,test,midjourney,1,baseline,png,png-lossless,0.00037848108331672847,0
data\splits\genimage_8000_split_v4\test\ai\sdv5_00083.png,sdv5_00083.png,test,sdv5,1,baseline,png,png-lossless,0.047517940402030945,0
data\splits\genimage_8000_split_v4\test\ai\glide_00042.png,glide_00042.png,test,glide,1,baseline,png,png-lossless,0.9999750852584839,1
data\splits\genimage_8000_split_v4\test\ai\glide_00029.png,glide_00029.png,test,glide,1,baseline,png,png-lossless,0.8319520354270935,1
data\splits\genimage_8000_split_v4\test\ai\vqdm_00022.png,vqdm_00022.png,test,vqdm,1,baseline,png,png-lossless,0.99928218126297,1
data\splits\genimage_8000_split_v4\test\ai\adm_00007.png,adm_00007.png,test,adm,1,baseline,png,png-lossless,0.9999793767929077,1
data\splits\genimage_8000_split_v4\test\ai\vqdm_00082.png,vqdm_00082.png,test,vqdm,1,baseline,png,png-lossless,0.34297454357147217,0
data\splits\genimage_8000_split_v4\test\ai\glide_00052.png,glide_00052.png,test,glide,1,baseline,png,png-lossless,1.0,1
data\splits\genimage_8000_split_v4\test\ai\adm_00066.png,adm_00066.png,test,adm,1,baseline,png,png-lossless,0.9740176200866699,1
data\splits\genimage_8000_split_v4\test\ai\sdv5_00026.png,sdv5_00026.png,test,sdv5,1,baseline,png,png-lossless,0.5156049132347107,1
data\splits\genimage_8000_split_v4\test\ai\wukong_00004.png,wukong_00004.png,test,wukong,1,baseline,png,png-lossless,0.9999963045120239,1
data\splits\genimage_8000_split_v4\test\ai\wukong_00034.png,wukong_00034.png,test,wukong,1,baseline,png,png-lossless,0.9997310042381287,1
data\splits\genimage_8000_split_v4\test\ai\adm_00073.png,adm_00073.png,test,adm,1,baseline,png,png-lossless,0.9999997615814209,1
data\splits\genimage_8000_split_v4\test\ai\sdv5_00056.png,sdv5_00056.png,test,sdv5,1,baseline,png,png-lossless,0.9011369347572327,1
data\splits\genimage_8000_split_v4\test\ai\adm_00050.png,adm_00050.png,test,adm,1,baseline,png,png-lossless,0.9915334582328796,1
data\splits\genimage_8000_split_v4\test\ai\biggan_00004.png,biggan_00004.png,test,biggan,1,baseline,png,png-lossless,0.999955415725708,1
data\splits\genimage_8000_split_v4\test\ai\midjourney_00063.png,midjourney_00063.png,test,midjourney,1,baseline,png,png-lossless,0.9130178689956665,1
data\splits\genimage_8000_split_v4\test\ai\glide_00007.png,glide_00007.png,test,glide,1,baseline,png,png-lossless,0.9451491832733154,1
data\splits\genimage_8000_split_v4\test\ai\vqdm_00059.png,vqdm_00059.png,test,vqdm,1,baseline,png,png-lossless,0.4742571711540222,0
data\splits\genimage_8000_split_v4\test\ai\midjourney_00051.png,midjourney_00051.png,test,midjourney,1,baseline,png,png-lossless,0.14375440776348114,0
data\splits\genimage_8000_split_v4\test\ai\adm_00040.png,adm_00040.png,test,adm,1,baseline,png,png-lossless,0.9851318001747131,1
data\splits\genimage_8000_split_v4\test\ai\vqdm_00046.png,vqdm_00046.png,test,vqdm,1,baseline,png,png-lossless,0.4824335277080536,0
data\splits\genimage_8000_split_v4\test\ai\glide_00071.png,glide_00071.png,test,glide,1,baseline,png,png-lossless,0.9999982118606567,1
data\splits\genimage_8000_split_v4\test\ai\midjourney_00040.png,midjourney_00040.png,test,midjourney,1,baseline,png,png-lossless,0.8187536597251892,1
data\splits\genimage_8000_split_v4\test\ai\biggan_00056.png,biggan_00056.png,test,biggan,1,baseline,png,png-lossless,0.9962605834007263,1
data\splits\genimage_8000_split_v4\test\ai\wukong_00030.png,wukong_00030.png,test,wukong,1,baseline,png,png-lossless,0.9338828921318054,1
data\splits\genimage_8000_split_v4\test\ai\adm_00045.png,adm_00045.png,test,adm,1,baseline,png,png-lossless,0.9999988079071045,1
data\splits\genimage_8000_split_v4\test\ai\vqdm_00069.png,vqdm_00069.png,test,vqdm,1,baseline,png,png-lossless,0.9569701552391052,1
data\splits\genimage_8000_split_v4\test\ai\sdv5_00013.png,sdv5_00013.png,test,sdv5,1,baseline,png,png-lossless,0.9788993000984192,1
data\splits\genimage_8000_split_v4\test\ai\adm_00058.png,adm_00058.png,test,adm,1,baseline,png,png-lossless,0.9873502850532532,1
data\splits\genimage_8000_split_v4\test\ai\biggan_00037.png,biggan_00037.png,test,biggan,1,baseline,png,png-lossless,1.0,1
data\splits\genimage_8000_split_v4\test\ai\vqdm_00039.png,vqdm_00039.png,test,vqdm,1,baseline,png,png-lossless,0.9994785189628601,1
data\splits\genimage_8000_split_v4\test\ai\sdv5_00034.png,sdv5_00034.png,test,sdv5,1,baseline,png,png-lossless,0.9999386072158813,1
data\splits\genimage_8000_split_v4\test\ai\glide_00047.png,glide_00047.png,test,glide,1,baseline,png,png-lossless,0.9988143444061279,1
data\splits\genimage_8000_split_v4\test\ai\biggan_00063.png,biggan_00063.png,test,biggan,1,baseline,png,png-lossless,0.9999997615814209,1
data\splits\genimage_8000_split_v4\test\ai\glide_00045.png,glide_00045.png,test,glide,1,baseline,png,png-lossless,0.9133939146995544,1
data\splits\genimage_8000_split_v4\test\ai\wukong_00027.png,wukong_00027.png,test,wukong,1,baseline,png,png-lossless,0.9930025935173035,1
data\splits\genimage_8000_split_v4\test\ai\vqdm_00027.png,vqdm_00027.png,test,vqdm,1,baseline,png,png-lossless,0.1826290637254715,0
data\splits\genimage_8000_split_v4\test\ai\glide_00024.png,glide_00024.png,test,glide,1,baseline,png,png-lossless,0.9999994039535522,1
data\splits\genimage_8000_split_v4\test\ai\wukong_00085.png,wukong_00085.png,test,wukong,1,baseline,png,png-lossless,0.9996442794799805,1
data\splits\genimage_8000_split_v4\test\ai\glide_00043.png,glide_00043.png,test,glide,1,baseline,png,png-lossless,0.9999994039535522,1
data\splits\genimage_8000_split_v4\test\ai\vqdm_00055.png,vqdm_00055.png,test,vqdm,1,baseline,png,png-lossless,0.996565043926239,1
data\splits\genimage_8000_split_v4\test\ai\midjourney_00057.png,midjourney_00057.png,test,midjourney,1,baseline,png,png-lossless,0.999911904335022,1
data\splits\genimage_8000_split_v4\test\ai\wukong_00062.png,wukong_00062.png,test,wukong,1,baseline,png,png-lossless,0.9475825428962708,1
data\splits\genimage_8000_split_v4\test\ai\sdv5_00007.png,sdv5_00007.png,test,sdv5,1,baseline,png,png-lossless,0.9979739785194397,1
data\splits\genimage_8000_split_v4\test\ai\biggan_00043.png,biggan_00043.png,test,biggan,1,baseline,png,png-lossless,0.618696928024292,1
data\splits\genimage_8000_split_v4\test\ai\adm_00083.png,adm_00083.png,test,adm,1,baseline,png,png-lossless,0.9999357461929321,1
data\splits\genimage_8000_split_v4\test\ai\adm_00052.png,adm_00052.png,test,adm,1,baseline,png,png-lossless,0.9999967813491821,1
data\splits\genimage_8000_split_v4\test\ai\wukong_00032.png,wukong_00032.png,test,wukong,1,baseline,png,png-lossless,0.998788058757782,1
data\splits\genimage_8000_split_v4\test\ai\midjourney_00047.png,midjourney_00047.png,test,midjourney,1,baseline,png,png-lossless,0.9999744892120361,1
data\splits\genimage_8000_split_v4\test\ai\midjourney_00072.png,midjourney_00072.png,test,midjourney,1,baseline,png,png-lossless,0.9996138215065002,1
data\splits\genimage_8000_split_v4\test\ai\wukong_00010.png,wukong_00010.png,test,wukong,1,baseline,png,png-lossless,0.9975706934928894,1
data\splits\genimage_8000_split_v4\test\ai\sdv5_00021.png,sdv5_00021.png,test,sdv5,1,baseline,png,png-lossless,0.9954169988632202,1
data\splits\genimage_8000_split_v4\test\ai\biggan_00009.png,biggan_00009.png,test,biggan,1,baseline,png,png-lossless,0.9841815233230591,1
data\splits\genimage_8000_split_v4\test\ai\wukong_00043.png,wukong_00043.png,test,wukong,1,baseline,png,png-lossless,0.9998202919960022,1
data\splits\genimage_8000_split_v4\test\ai\vqdm_00034.png,vqdm_00034.png,test,vqdm,1,baseline,png,png-lossless,0.9720146656036377,1
data\splits\genimage_8000_split_v4\test\ai\biggan_00023.png,biggan_00023.png,test,biggan,1,baseline,png,png-lossless,0.9998406171798706,1
data\splits\genimage_8000_split_v4\test\ai\glide_00080.png,glide_00080.png,test,glide,1,baseline,png,png-lossless,0.9999995231628418,1
data\splits\genimage_8000_split_v4\test\ai\midjourney_00008.png,midjourney_00008.png,test,midjourney,1,baseline,png,png-lossless,0.68944251537323,1
data\splits\genimage_8000_split_v4\test\ai\biggan_00024.png,biggan_00024.png,test,biggan,1,baseline,png,png-lossless,0.9999995231628418,1
data\splits\genimage_8000_split_v4\test\ai\midjourney_00002.png,midjourney_00002.png,test,midjourney,1,baseline,png,png-lossless,0.9381617307662964,1
data\splits\genimage_8000_split_v4\test\ai\midjourney_00000.png,midjourney_00000.png,test,midjourney,1,baseline,png,png-lossless,0.8480472564697266,1
data\splits\genimage_8000_split_v4\test\ai\adm_00084.png,adm_00084.png,test,adm,1,baseline,png,png-lossless,1.0,1
data\splits\genimage_8000_split_v4\test\ai\biggan_00042.png,biggan_00042.png,test,biggan,1,baseline,png,png-lossless,0.9999927282333374,1
data\splits\genimage_8000_split_v4\test\ai\wukong_00018.png,wukong_00018.png,test,wukong,1,baseline,png,png-lossless,0.999997615814209,1
data\splits\genimage_8000_split_v4\test\ai\vqdm_00021.png,vqdm_00021.png,test,vqdm,1,baseline,png,png-lossless,0.9781734347343445,1
data\splits\genimage_8000_split_v4\test\ai\sdv5_00057.png,sdv5_00057.png,test,sdv5,1,baseline,png,png-lossless,0.9739461541175842,1
data\splits\genimage_8000_split_v4\test\ai\midjourney_00029.png,midjourney_00029.png,test,midjourney,1,baseline,png,png-lossless,0.7259048223495483,1
data\splits\genimage_8000_split_v4\test\ai\sdv5_00004.png,sdv5_00004.png,test,sdv5,1,baseline,png,png-lossless,0.4889998733997345,0
data\splits\genimage_8000_split_v4\test\ai\wukong_00063.png,wukong_00063.png,test,wukong,1,baseline,png,png-lossless,0.2683502435684204,0
data\splits\genimage_8000_split_v4\test\ai\glide_00057.png,glide_00057.png,test,glide,1,baseline,png,png-lossless,0.9996480941772461,1
data\splits\genimage_8000_split_v4\test\ai\wukong_00074.png,wukong_00074.png,test,wukong,1,baseline,png,png-lossless,0.28376251459121704,0
data\splits\genimage_8000_split_v4\test\ai\adm_00070.png,adm_00070.png,test,adm,1,baseline,png,png-lossless,0.9985709190368652,1
data\splits\genimage_8000_split_v4\test\ai\midjourney_00018.png,midjourney_00018.png,test,midjourney,1,baseline,png,png-lossless,0.9994018077850342,1
data\splits\genimage_8000_split_v4\test\ai\vqdm_00081.png,vqdm_00081.png,test,vqdm,1,baseline,png,png-lossless,0.8349535465240479,1
data\splits\genimage_8000_split_v4\test\ai\vqdm_00075.png,vqdm_00075.png,test,vqdm,1,baseline,png,png-lossless,0.9216299057006836,1
data\splits\genimage_8000_split_v4\test\ai\glide_00059.png,glide_00059.png,test,glide,1,baseline,png,png-lossless,0.9951489567756653,1
data\splits\genimage_8000_split_v4\test\ai\vqdm_00002.png,vqdm_00002.png,test,vqdm,1,baseline,png,png-lossless,0.20819932222366333,0
data\splits\genimage_8000_split_v4\test\ai\biggan_00045.png,biggan_00045.png,test,biggan,1,baseline,png,png-lossless,1.0,1
data\splits\genimage_8000_split_v4\test\ai\sdv5_00075.png,sdv5_00075.png,test,sdv5,1,baseline,png,png-lossless,0.9779677391052246,1
data\splits\genimage_8000_split_v4\test\ai\sdv5_00055.png,sdv5_00055.png,test,sdv5,1,baseline,png,png-lossless,0.07499999552965164,0
data\splits\genimage_8000_split_v4\test\ai\wukong_00013.png,wukong_00013.png,test,wukong,1,baseline,png,png-lossless,0.9999818801879883,1
data\splits\genimage_8000_split_v4\test\ai\adm_00068.png,adm_00068.png,test,adm,1,baseline,png,png-lossless,0.9999058246612549,1
data\splits\genimage_8000_split_v4\test\ai\midjourney_00010.png,midjourney_00010.png,test,midjourney,1,baseline,png,png-lossless,0.2182358354330063,0
data\splits\genimage_8000_split_v4\test\ai\midjourney_00030.png,midjourney_00030.png,test,midjourney,1,baseline,png,png-lossless,0.9934472441673279,1
data\splits\genimage_8000_split_v4\test\ai\sdv5_00074.png,sdv5_00074.png,test,sdv5,1,baseline,png,png-lossless,0.9999929666519165,1
data\splits\genimage_8000_split_v4\test\ai\vqdm_00072.png,vqdm_00072.png,test,vqdm,1,baseline,png,png-lossless,0.9922811388969421,1
data\splits\genimage_8000_split_v4\test\ai\wukong_00031.png,wukong_00031.png,test,wukong,1,baseline,png,png-lossless,0.999993085861206,1
data\splits\genimage_8000_split_v4\test\ai\vqdm_00080.png,vqdm_00080.png,test,vqdm,1,baseline,png,png-lossless,0.9988623857498169,1
data\splits\genimage_8000_split_v4\test\ai\midjourney_00043.png,midjourney_00043.png,test,midjourney,1,baseline,png,png-lossless,0.035898659378290176,0
data\splits\genimage_8000_split_v4\test\ai\vqdm_00001.png,vqdm_00001.png,test,vqdm,1,baseline,png,png-lossless,0.7955998778343201,1
data\splits\genimage_8000_split_v4\test\ai\glide_00021.png,glide_00021.png,test,glide,1,baseline,png,png-lossless,0.9999926090240479,1
data\splits\genimage_8000_split_v4\test\ai\midjourney_00037.png,midjourney_00037.png,test,midjourney,1,baseline,png,png-lossless,0.009502663277089596,0
data\splits\genimage_8000_split_v4\test\ai\biggan_00031.png,biggan_00031.png,test,biggan,1,baseline,png,png-lossless,0.9999998807907104,1
data\splits\genimage_8000_split_v4\test\ai\wukong_00072.png,wukong_00072.png,test,wukong,1,baseline,png,png-lossless,0.9798754453659058,1
data\splits\genimage_8000_split_v4\test\ai\midjourney_00055.png,midjourney_00055.png,test,midjourney,1,baseline,png,png-lossless,0.9987518787384033,1
data\splits\genimage_8000_split_v4\test\ai\glide_00070.png,glide_00070.png,test,glide,1,baseline,png,png-lossless,1.0,1
data\splits\genimage_8000_split_v4\test\ai\biggan_00057.png,biggan_00057.png,test,biggan,1,baseline,png,png-lossless,0.9976480603218079,1
data\splits\genimage_8000_split_v4\test\ai\midjourney_00075.png,midjourney_00075.png,test,midjourney,1,baseline,png,png-lossless,0.9983431100845337,1
data\splits\genimage_8000_split_v4\test\ai\vqdm_00048.png,vqdm_00048.png,test,vqdm,1,baseline,png,png-lossless,0.9464726448059082,1
data\splits\genimage_8000_split_v4\test\ai\glide_00034.png,glide_00034.png,test,glide,1,baseline,png,png-lossless,1.0,1
data\splits\genimage_8000_split_v4\test\ai\sdv5_00078.png,sdv5_00078.png,test,sdv5,1,baseline,png,png-lossless,0.913715660572052,1
data\splits\genimage_8000_split_v4\test\ai\midjourney_00062.png,midjourney_00062.png,test,midjourney,1,baseline,png,png-lossless,0.6705304384231567,1
data\splits\genimage_8000_split_v4\test\ai\adm_00031.png,adm_00031.png,test,adm,1,baseline,png,png-lossless,0.4414544403553009,0
data\splits\genimage_8000_split_v4\test\ai\midjourney_00026.png,midjourney_00026.png,test,midjourney,1,baseline,png,png-lossless,0.7845082879066467,1
data\splits\genimage_8000_split_v4\test\ai\vqdm_00000.png,vqdm_00000.png,test,vqdm,1,baseline,png,png-lossless,0.8843103647232056,1
data\splits\genimage_8000_split_v4\test\ai\adm_00020.png,adm_00020.png,test,adm,1,baseline,png,png-lossless,0.9983745813369751,1
data\splits\genimage_8000_split_v4\test\ai\adm_00012.png,adm_00012.png,test,adm,1,baseline,png,png-lossless,0.9999897480010986,1
data\splits\genimage_8000_split_v4\test\ai\adm_00030.png,adm_00030.png,test,adm,1,baseline,png,png-lossless,0.9999973773956299,1
data\splits\genimage_8000_split_v4\test\ai\midjourney_00070.png,midjourney_00070.png,test,midjourney,1,baseline,png,png-lossless,0.8656415939331055,1
data\splits\genimage_8000_split_v4\test\ai\adm_00041.png,adm_00041.png,test,adm,1,baseline,png,png-lossless,0.9998890161514282,1
data\splits\genimage_8000_split_v4\test\ai\adm_00078.png,adm_00078.png,test,adm,1,baseline,png,png-lossless,0.9999974966049194,1
data\splits\genimage_8000_split_v4\test\ai\wukong_00068.png,wukong_00068.png,test,wukong,1,baseline,png,png-lossless,0.9098594784736633,1
data\splits\genimage_8000_split_v4\test\ai\biggan_00008.png,biggan_00008.png,test,biggan,1,baseline,png,png-lossless,0.9908089637756348,1
data\splits\genimage_8000_split_v4\test\ai\adm_00069.png,adm_00069.png,test,adm,1,baseline,png,png-lossless,1.0,1
data\splits\genimage_8000_split_v4\test\ai\vqdm_00056.png,vqdm_00056.png,test,vqdm,1,baseline,png,png-lossless,0.9999727010726929,1
data\splits\genimage_8000_split_v4\test\ai\sdv5_00036.png,sdv5_00036.png,test,sdv5,1,baseline,png,png-lossless,0.9983623623847961,1
data\splits\genimage_8000_split_v4\test\ai\vqdm_00079.png,vqdm_00079.png,test,vqdm,1,baseline,png,png-lossless,0.9695209264755249,1
data\splits\genimage_8000_split_v4\test\ai\midjourney_00017.png,midjourney_00017.png,test,midjourney,1,baseline,png,png-lossless,0.5933518409729004,1
data\splits\genimage_8000_split_v4\test\ai\biggan_00033.png,biggan_00033.png,test,biggan,1,baseline,png,png-lossless,0.999995231628418,1
data\splits\genimage_8000_split_v4\test\ai\biggan_00018.png,biggan_00018.png,test,biggan,1,baseline,png,png-lossless,0.9999934434890747,1
data\splits\genimage_8000_split_v4\test\ai\sdv5_00001.png,sdv5_00001.png,test,sdv5,1,baseline,png,png-lossless,0.7154070734977722,1
data\splits\genimage_8000_split_v4\test\ai\sdv5_00020.png,sdv5_00020.png,test,sdv5,1,baseline,png,png-lossless,0.981507420539856,1
data\splits\genimage_8000_split_v4\test\ai\biggan_00048.png,biggan_00048.png,test,biggan,1,baseline,png,png-lossless,0.9995843768119812,1
data\splits\genimage_8000_split_v4\test\ai\biggan_00058.png,biggan_00058.png,test,biggan,1,baseline,png,png-lossless,1.0,1
data\splits\genimage_8000_split_v4\test\ai\midjourney_00066.png,midjourney_00066.png,test,midjourney,1,baseline,png,png-lossless,0.38411465287208557,0
data\splits\genimage_8000_split_v4\test\ai\midjourney_00080.png,midjourney_00080.png,test,midjourney,1,baseline,png,png-lossless,0.31877321004867554,0
data\splits\genimage_8000_split_v4\test\ai\adm_00005.png,adm_00005.png,test,adm,1,baseline,png,png-lossless,0.9999984502792358,1
data\splits\genimage_8000_split_v4\test\ai\adm_00003.png,adm_00003.png,test,adm,1,baseline,png,png-lossless,0.9999984502792358,1
data\splits\genimage_8000_split_v4\test\ai\adm_00024.png,adm_00024.png,test,adm,1,baseline,png,png-lossless,0.9998373985290527,1
data\splits\genimage_8000_split_v4\test\ai\sdv5_00000.png,sdv5_00000.png,test,sdv5,1,baseline,png,png-lossless,0.9999219179153442,1
data\splits\genimage_8000_split_v4\test\ai\biggan_00001.png,biggan_00001.png,test,biggan,1,baseline,png,png-lossless,0.999790608882904,1
data\splits\genimage_8000_split_v4\test\ai\vqdm_00014.png,vqdm_00014.png,test,vqdm,1,baseline,png,png-lossless,0.9994550347328186,1
data\splits\genimage_8000_split_v4\test\ai\biggan_00028.png,biggan_00028.png,test,biggan,1,baseline,png,png-lossless,1.0,1
data\splits\genimage_8000_split_v4\test\ai\midjourney_00028.png,midjourney_00028.png,test,midjourney,1,baseline,png,png-lossless,0.07081451267004013,0
data\splits\genimage_8000_split_v4\test\ai\biggan_00027.png,biggan_00027.png,test,biggan,1,baseline,png,png-lossless,0.9998329877853394,1
data\splits\genimage_8000_split_v4\test\ai\sdv5_00049.png,sdv5_00049.png,test,sdv5,1,baseline,png,png-lossless,0.9999220371246338,1
data\splits\genimage_8000_split_v4\test\ai\vqdm_00029.png,vqdm_00029.png,test,vqdm,1,baseline,png,png-lossless,0.9955850839614868,1
data\splits\genimage_8000_split_v4\test\ai\adm_00035.png,adm_00035.png,test,adm,1,baseline,png,png-lossless,0.9999769926071167,1
data\splits\genimage_8000_split_v4\test\ai\adm_00011.png,adm_00011.png,test,adm,1,baseline,png,png-lossless,1.0,1
data\splits\genimage_8000_split_v4\test\ai\biggan_00078.png,biggan_00078.png,test,biggan,1,baseline,png,png-lossless,0.9999853372573853,1
data\splits\genimage_8000_split_v4\test\ai\midjourney_00013.png,midjourney_00013.png,test,midjourney,1,baseline,png,png-lossless,0.9913950562477112,1
data\splits\genimage_8000_split_v4\test\ai\sdv5_00067.png,sdv5_00067.png,test,sdv5,1,baseline,png,png-lossless,0.9748479127883911,1
data\splits\genimage_8000_split_v4\test\ai\biggan_00006.png,biggan_00006.png,test,biggan,1,baseline,png,png-lossless,0.9994418025016785,1
data\splits\genimage_8000_split_v4\test\ai\vqdm_00078.png,vqdm_00078.png,test,vqdm,1,baseline,png,png-lossless,0.5178540945053101,1
data\splits\genimage_8000_split_v4\test\ai\glide_00049.png,glide_00049.png,test,glide,1,baseline,png,png-lossless,0.9981321692466736,1
data\splits\genimage_8000_split_v4\test\ai\midjourney_00050.png,midjourney_00050.png,test,midjourney,1,baseline,png,png-lossless,0.9999392032623291,1
data\splits\genimage_8000_split_v4\test\ai\glide_00017.png,glide_00017.png,test,glide,1,baseline,png,png-lossless,1.0,1
data\splits\genimage_8000_split_v4\test\ai\wukong_00008.png,wukong_00008.png,test,wukong,1,baseline,png,png-lossless,0.9998974800109863,1
data\splits\genimage_8000_split_v4\test\ai\sdv5_00014.png,sdv5_00014.png,test,sdv5,1,baseline,png,png-lossless,0.9746047258377075,1
data\splits\genimage_8000_split_v4\test\ai\biggan_00052.png,biggan_00052.png,test,biggan,1,baseline,png,png-lossless,0.9109281301498413,1
data\splits\genimage_8000_split_v4\test\ai\wukong_00059.png,wukong_00059.png,test,wukong,1,baseline,png,png-lossless,0.9834898710250854,1
data\splits\genimage_8000_split_v4\test\ai\glide_00078.png,glide_00078.png,test,glide,1,baseline,png,png-lossless,1.0,1
data\splits\genimage_8000_split_v4\test\ai\adm_00034.png,adm_00034.png,test,adm,1,baseline,png,png-lossless,1.0,1
data\splits\genimage_8000_split_v4\test\ai\wukong_00006.png,wukong_00006.png,test,wukong,1,baseline,png,png-lossless,0.930930495262146,1
data\splits\genimage_8000_split_v4\test\ai\biggan_00046.png,biggan_00046.png,test,biggan,1,baseline,png,png-lossless,1.0,1
data\splits\genimage_8000_split_v4\test\ai\wukong_00073.png,wukong_00073.png,test,wukong,1,baseline,png,png-lossless,0.5572040677070618,1
data\splits\genimage_8000_split_v4\test\ai\midjourney_00046.png,midjourney_00046.png,test,midjourney,1,baseline,png,png-lossless,0.9997859597206116,1
data\splits\genimage_8000_split_v4\test\ai\glide_00068.png,glide_00068.png,test,glide,1,baseline,png,png-lossless,0.9999990463256836,1
data\splits\genimage_8000_split_v4\test\ai\midjourney_00058.png,midjourney_00058.png,test,midjourney,1,baseline,png,png-lossless,0.6275762915611267,1
data\splits\genimage_8000_split_v4\test\ai\glide_00001.png,glide_00001.png,test,glide,1,baseline,png,png-lossless,0.9999972581863403,1
data\splits\genimage_8000_split_v4\test\ai\glide_00041.png,glide_00041.png,test,glide,1,baseline,png,png-lossless,1.0,1
data\splits\genimage_8000_split_v4\test\ai\glide_00014.png,glide_00014.png,test,glide,1,baseline,png,png-lossless,0.978548526763916,1
data\splits\genimage_8000_split_v4\test\ai\adm_00013.png,adm_00013.png,test,adm,1,baseline,png,png-lossless,0.9959719777107239,1
data\splits\genimage_8000_split_v4\test\ai\glide_00063.png,glide_00063.png,test,glide,1,baseline,png,png-lossless,0.999998927116394,1
data\splits\genimage_8000_split_v4\test\ai\wukong_00045.png,wukong_00045.png,test,wukong,1,baseline,png,png-lossless,0.9907580614089966,1
data\splits\genimage_8000_split_v4\test\ai\biggan_00079.png,biggan_00079.png,test,biggan,1,baseline,png,png-lossless,0.9999963045120239,1
data\splits\genimage_8000_split_v4\test\ai\adm_00002.png,adm_00002.png,test,adm,1,baseline,png,png-lossless,1.0,1
data\splits\genimage_8000_split_v4\test\ai\midjourney_00041.png,midjourney_00041.png,test,midjourney,1,baseline,png,png-lossless,0.9995884299278259,1
data\splits\genimage_8000_split_v4\test\ai\vqdm_00044.png,vqdm_00044.png,test,vqdm,1,baseline,png,png-lossless,0.9997956156730652,1
data\splits\genimage_8000_split_v4\test\ai\adm_00043.png,adm_00043.png,test,adm,1,baseline,png,png-lossless,0.9484956860542297,1
data\splits\genimage_8000_split_v4\test\ai\sdv5_00017.png,sdv5_00017.png,test,sdv5,1,baseline,png,png-lossless,0.9997431635856628,1
data\splits\genimage_8000_split_v4\test\ai\vqdm_00052.png,vqdm_00052.png,test,vqdm,1,baseline,png,png-lossless,0.7138418555259705,1
data\splits\genimage_8000_split_v4\test\ai\adm_00036.png,adm_00036.png,test,adm,1,baseline,png,png-lossless,0.9997391104698181,1
data\splits\genimage_8000_split_v4\test\ai\biggan_00083.png,biggan_00083.png,test,biggan,1,baseline,png,png-lossless,0.98751300573349,1
data\splits\genimage_8000_split_v4\test\ai\glide_00020.png,glide_00020.png,test,glide,1,baseline,png,png-lossless,1.0,1
data\splits\genimage_8000_split_v4\test\ai\midjourney_00054.png,midjourney_00054.png,test,midjourney,1,baseline,png,png-lossless,0.208768829703331,0
data\splits\genimage_8000_split_v4\test\ai\adm_00032.png,adm_00032.png,test,adm,1,baseline,png,png-lossless,0.9999781847000122,1
data\splits\genimage_8000_split_v4\test\ai\glide_00058.png,glide_00058.png,test,glide,1,baseline,png,png-lossless,0.9999529123306274,1
data\splits\genimage_8000_split_v4\test\ai\vqdm_00008.png,vqdm_00008.png,test,vqdm,1,baseline,png,png-lossless,0.9988364577293396,1
data\splits\genimage_8000_split_v4\test\ai\adm_00026.png,adm_00026.png,test,adm,1,baseline,png,png-lossless,0.9999994039535522,1
data\splits\genimage_8000_split_v4\test\ai\midjourney_00082.png,midjourney_00082.png,test,midjourney,1,baseline,png,png-lossless,0.9911921620368958,1
data\splits\genimage_8000_split_v4\test\ai\wukong_00012.png,wukong_00012.png,test,wukong,1,baseline,png,png-lossless,0.9973069429397583,1
data\splits\genimage_8000_split_v4\test\ai\glide_00048.png,glide_00048.png,test,glide,1,baseline,png,png-lossless,0.9093680381774902,1
data\splits\genimage_8000_split_v4\test\ai\midjourney_00033.png,midjourney_00033.png,test,midjourney,1,baseline,png,png-lossless,0.9999665021896362,1
data\splits\genimage_8000_split_v4\test\ai\vqdm_00060.png,vqdm_00060.png,test,vqdm,1,baseline,png,png-lossless,0.9952711462974548,1
data\splits\genimage_8000_split_v4\test\ai\wukong_00052.png,wukong_00052.png,test,wukong,1,baseline,png,png-lossless,0.9999998807907104,1
data\splits\genimage_8000_split_v4\test\ai\adm_00021.png,adm_00021.png,test,adm,1,baseline,png,png-lossless,0.9960830211639404,1
data\splits\genimage_8000_split_v4\test\ai\wukong_00042.png,wukong_00042.png,test,wukong,1,baseline,png,png-lossless,0.8714285492897034,1
data\splits\genimage_8000_split_v4\test\ai\vqdm_00071.png,vqdm_00071.png,test,vqdm,1,baseline,png,png-lossless,0.9999074935913086,1
data\splits\genimage_8000_split_v4\test\ai\glide_00026.png,glide_00026.png,test,glide,1,baseline,png,png-lossless,1.0,1
data\splits\genimage_8000_split_v4\test\ai\biggan_00019.png,biggan_00019.png,test,biggan,1,baseline,png,png-lossless,0.9999969005584717,1
data\splits\genimage_8000_split_v4\test\ai\glide_00051.png,glide_00051.png,test,glide,1,baseline,png,png-lossless,0.9993785619735718,1
data\splits\genimage_8000_split_v4\test\ai\adm_00056.png,adm_00056.png,test,adm,1,baseline,png,png-lossless,0.9995998740196228,1
data\splits\genimage_8000_split_v4\test\ai\glide_00012.png,glide_00012.png,test,glide,1,baseline,png,png-lossless,1.0,1
data\splits\genimage_8000_split_v4\test\ai\adm_00017.png,adm_00017.png,test,adm,1,baseline,png,png-lossless,0.8892115354537964,1
data\splits\genimage_8000_split_v4\test\ai\wukong_00020.png,wukong_00020.png,test,wukong,1,baseline,png,png-lossless,0.9982372522354126,1
data\splits\genimage_8000_split_v4\test\ai\sdv5_00069.png,sdv5_00069.png,test,sdv5,1,baseline,png,png-lossless,0.9642571210861206,1
data\splits\genimage_8000_split_v4\test\ai\vqdm_00064.png,vqdm_00064.png,test,vqdm,1,baseline,png,png-lossless,0.8311523795127869,1
data\splits\genimage_8000_split_v4\test\ai\wukong_00050.png,wukong_00050.png,test,wukong,1,baseline,png,png-lossless,0.9976332187652588,1
data\splits\genimage_8000_split_v4\test\ai\glide_00032.png,glide_00032.png,test,glide,1,baseline,png,png-lossless,0.9999947547912598,1
data\splits\genimage_8000_split_v4\test\ai\glide_00040.png,glide_00040.png,test,glide,1,baseline,png,png-lossless,0.9999881982803345,1
data\splits\genimage_8000_split_v4\test\ai\glide_00064.png,glide_00064.png,test,glide,1,baseline,png,png-lossless,0.8921522498130798,1
data\splits\genimage_8000_split_v4\test\ai\adm_00016.png,adm_00016.png,test,adm,1,baseline,png,png-lossless,0.9894165396690369,1
data\splits\genimage_8000_split_v4\test\ai\biggan_00066.png,biggan_00066.png,test,biggan,1,baseline,png,png-lossless,1.0,1
data\splits\genimage_8000_split_v4\test\ai\vqdm_00013.png,vqdm_00013.png,test,vqdm,1,baseline,png,png-lossless,0.025979379191994667,0
data\splits\genimage_8000_split_v4\test\ai\sdv5_00024.png,sdv5_00024.png,test,sdv5,1,baseline,png,png-lossless,0.9189407825469971,1
data\splits\genimage_8000_split_v4\test\ai\sdv5_00030.png,sdv5_00030.png,test,sdv5,1,baseline,png,png-lossless,0.9968686699867249,1
data\splits\genimage_8000_split_v4\test\ai\wukong_00051.png,wukong_00051.png,test,wukong,1,baseline,png,png-lossless,0.9979569911956787,1
data\splits\genimage_8000_split_v4\test\ai\sdv5_00077.png,sdv5_00077.png,test,sdv5,1,baseline,png,png-lossless,0.9999997615814209,1
data\splits\genimage_8000_split_v4\test\ai\biggan_00013.png,biggan_00013.png,test,biggan,1,baseline,png,png-lossless,0.9998581409454346,1
data\splits\genimage_8000_split_v4\test\ai\wukong_00064.png,wukong_00064.png,test,wukong,1,baseline,png,png-lossless,0.999984622001648,1
data\splits\genimage_8000_split_v4\test\ai\vqdm_00025.png,vqdm_00025.png,test,vqdm,1,baseline,png,png-lossless,0.9703331589698792,1
data\splits\genimage_8000_split_v4\test\ai\glide_00002.png,glide_00002.png,test,glide,1,baseline,png,png-lossless,1.0,1
data\splits\genimage_8000_split_v4\test\ai\midjourney_00079.png,midjourney_00079.png,test,midjourney,1,baseline,png,png-lossless,0.7129371762275696,1
data\splits\genimage_8000_split_v4\test\ai\wukong_00039.png,wukong_00039.png,test,wukong,1,baseline,png,png-lossless,0.7993617653846741,1
data\splits\genimage_8000_split_v4\test\ai\vqdm_00020.png,vqdm_00020.png,test,vqdm,1,baseline,png,png-lossless,0.9977782368659973,1
data\splits\genimage_8000_split_v4\test\ai\sdv5_00032.png,sdv5_00032.png,test,sdv5,1,baseline,png,png-lossless,0.9942508935928345,1
data\splits\genimage_8000_split_v4\test\ai\sdv5_00003.png,sdv5_00003.png,test,sdv5,1,baseline,png,png-lossless,0.11231021583080292,0
data\splits\genimage_8000_split_v4\test\ai\wukong_00078.png,wukong_00078.png,test,wukong,1,baseline,png,png-lossless,0.9968814849853516,1
data\splits\genimage_8000_split_v4\test\ai\wukong_00065.png,wukong_00065.png,test,wukong,1,baseline,png,png-lossless,0.9999226331710815,1
data\splits\genimage_8000_split_v4\test\ai\biggan_00014.png,biggan_00014.png,test,biggan,1,baseline,png,png-lossless,0.9998993873596191,1
data\splits\genimage_8000_split_v4\test\ai\adm_00006.png,adm_00006.png,test,adm,1,baseline,png,png-lossless,1.0,1
data\splits\genimage_8000_split_v4\test\ai\wukong_00056.png,wukong_00056.png,test,wukong,1,baseline,png,png-lossless,0.9999905824661255,1
data\splits\genimage_8000_split_v4\test\ai\biggan_00005.png,biggan_00005.png,test,biggan,1,baseline,png,png-lossless,1.0,1
data\splits\genimage_8000_split_v4\test\ai\wukong_00002.png,wukong_00002.png,test,wukong,1,baseline,png,png-lossless,0.7415708303451538,1
data\splits\genimage_8000_split_v4\test\ai\wukong_00055.png,wukong_00055.png,test,wukong,1,baseline,png,png-lossless,0.10313917696475983,0
data\splits\genimage_8000_split_v4\test\ai\sdv5_00016.png,sdv5_00016.png,test,sdv5,1,baseline,png,png-lossless,0.8296056985855103,1
data\splits\genimage_8000_split_v4\test\ai\biggan_00065.png,biggan_00065.png,test,biggan,1,baseline,png,png-lossless,0.37837889790534973,0
data\splits\genimage_8000_split_v4\test\ai\vqdm_00019.png,vqdm_00019.png,test,vqdm,1,baseline,png,png-lossless,0.5213478803634644,1
data\splits\genimage_8000_split_v4\test\ai\adm_00038.png,adm_00038.png,test,adm,1,baseline,png,png-lossless,0.9999979734420776,1
data\splits\genimage_8000_split_v4\test\ai\sdv5_00044.png,sdv5_00044.png,test,sdv5,1,baseline,png,png-lossless,0.875619649887085,1
data\splits\genimage_8000_split_v4\test\ai\midjourney_00084.png,midjourney_00084.png,test,midjourney,1,baseline,png,png-lossless,0.9998655319213867,1
data\splits\genimage_8000_split_v4\test\ai\midjourney_00025.png,midjourney_00025.png,test,midjourney,1,baseline,png,png-lossless,0.09480325132608414,0
data\splits\genimage_8000_split_v4\test\ai\biggan_00061.png,biggan_00061.png,test,biggan,1,baseline,png,png-lossless,0.9990606904029846,1
data\splits\genimage_8000_split_v4\test\ai\sdv5_00071.png,sdv5_00071.png,test,sdv5,1,baseline,png,png-lossless,0.9999990463256836,1
data\splits\genimage_8000_split_v4\test\ai\biggan_00074.png,biggan_00074.png,test,biggan,1,baseline,png,png-lossless,1.0,1
data\splits\genimage_8000_split_v4\test\ai\vqdm_00077.png,vqdm_00077.png,test,vqdm,1,baseline,png,png-lossless,0.20925761759281158,0
data\splits\genimage_8000_split_v4\test\ai\midjourney_00001.png,midjourney_00001.png,test,midjourney,1,baseline,png,png-lossless,0.9996823072433472,1
data\splits\genimage_8000_split_v4\test\ai\biggan_00069.png,biggan_00069.png,test,biggan,1,baseline,png,png-lossless,0.9934192299842834,1
data\splits\genimage_8000_split_v4\test\ai\glide_00005.png,glide_00005.png,test,glide,1,baseline,png,png-lossless,0.9999996423721313,1
data\splits\genimage_8000_split_v4\test\ai\sdv5_00015.png,sdv5_00015.png,test,sdv5,1,baseline,png,png-lossless,0.8042109608650208,1
data\splits\genimage_8000_split_v4\test\ai\vqdm_00012.png,vqdm_00012.png,test,vqdm,1,baseline,png,png-lossless,0.856987476348877,1
data\splits\genimage_8000_split_v4\test\ai\wukong_00077.png,wukong_00077.png,test,wukong,1,baseline,png,png-lossless,0.37056949734687805,0
data\splits\genimage_8000_split_v4\test\ai\midjourney_00023.png,midjourney_00023.png,test,midjourney,1,baseline,png,png-lossless,0.23189273476600647,0
data\splits\genimage_8000_split_v4\test\ai\sdv5_00045.png,sdv5_00045.png,test,sdv5,1,baseline,png,png-lossless,0.9026293158531189,1
data\splits\genimage_8000_split_v4\test\ai\adm_00033.png,adm_00033.png,test,adm,1,baseline,png,png-lossless,0.999835729598999,1
data\splits\genimage_8000_split_v4\test\ai\wukong_00083.png,wukong_00083.png,test,wukong,1,baseline,png,png-lossless,0.9883954524993896,1
data\splits\genimage_8000_split_v4\test\ai\biggan_00034.png,biggan_00034.png,test,biggan,1,baseline,png,png-lossless,1.0,1
data\splits\genimage_8000_split_v4\test\ai\biggan_00070.png,biggan_00070.png,test,biggan,1,baseline,png,png-lossless,0.999480664730072,1
data\splits\genimage_8000_split_v4\test\ai\biggan_00076.png,biggan_00076.png,test,biggan,1,baseline,png,png-lossless,0.871271550655365,1
data\splits\genimage_8000_split_v4\test\ai\midjourney_00067.png,midjourney_00067.png,test,midjourney,1,baseline,png,png-lossless,0.6887333393096924,1
data\splits\genimage_8000_split_v4\test\ai\biggan_00062.png,biggan_00062.png,test,biggan,1,baseline,png,png-lossless,0.9995180368423462,1
data\splits\genimage_8000_split_v4\test\ai\midjourney_00027.png,midjourney_00027.png,test,midjourney,1,baseline,png,png-lossless,0.961310088634491,1
data\splits\genimage_8000_split_v4\test\ai\biggan_00077.png,biggan_00077.png,test,biggan,1,baseline,png,png-lossless,0.9999933242797852,1
data\splits\genimage_8000_split_v4\test\ai\wukong_00053.png,wukong_00053.png,test,wukong,1,baseline,png,png-lossless,0.9999998807907104,1
data\splits\genimage_8000_split_v4\test\ai\sdv5_00080.png,sdv5_00080.png,test,sdv5,1,baseline,png,png-lossless,1.0,1
data\splits\genimage_8000_split_v4\test\ai\glide_00035.png,glide_00035.png,test,glide,1,baseline,png,png-lossless,0.26957324147224426,0
data\splits\genimage_8000_split_v4\test\ai\adm_00022.png,adm_00022.png,test,adm,1,baseline,png,png-lossless,0.9999997615814209,1
data\splits\genimage_8000_split_v4\test\ai\vqdm_00070.png,vqdm_00070.png,test,vqdm,1,baseline,png,png-lossless,0.36552929878234863,0
data\splits\genimage_8000_split_v4\test\ai\wukong_00019.png,wukong_00019.png,test,wukong,1,baseline,png,png-lossless,0.9224219918251038,1
data\splits\genimage_8000_split_v4\test\ai\glide_00036.png,glide_00036.png,test,glide,1,baseline,png,png-lossless,0.9969139099121094,1
data\splits\genimage_8000_split_v4\test\ai\adm_00054.png,adm_00054.png,test,adm,1,baseline,png,png-lossless,0.9999982118606567,1
data\splits\genimage_8000_split_v4\test\ai\glide_00060.png,glide_00060.png,test,glide,1,baseline,png,png-lossless,0.9999985694885254,1
data\splits\genimage_8000_split_v4\test\ai\adm_00061.png,adm_00061.png,test,adm,1,baseline,png,png-lossless,0.9999994039535522,1
data\splits\genimage_8000_split_v4\test\ai\vqdm_00028.png,vqdm_00028.png,test,vqdm,1,baseline,png,png-lossless,0.9478273987770081,1
data\splits\genimage_8000_split_v4\test\ai\vqdm_00026.png,vqdm_00026.png,test,vqdm,1,baseline,png,png-lossless,0.797950267791748,1
data\splits\genimage_8000_split_v4\test\ai\vqdm_00054.png,vqdm_00054.png,test,vqdm,1,baseline,png,png-lossless,0.006496970541775227,0
data\splits\genimage_8000_split_v4\test\ai\biggan_00021.png,biggan_00021.png,test,biggan,1,baseline,png,png-lossless,0.862599790096283,1
data\splits\genimage_8000_split_v4\test\ai\vqdm_00005.png,vqdm_00005.png,test,vqdm,1,baseline,png,png-lossless,0.9994367957115173,1
data\splits\genimage_8000_split_v4\test\ai\glide_00055.png,glide_00055.png,test,glide,1,baseline,png,png-lossless,0.9995788931846619,1
data\splits\genimage_8000_split_v4\test\ai\biggan_00075.png,biggan_00075.png,test,biggan,1,baseline,png,png-lossless,0.40768536925315857,0
data\splits\genimage_8000_split_v4\test\ai\wukong_00046.png,wukong_00046.png,test,wukong,1,baseline,png,png-lossless,1.0,1
data\splits\genimage_8000_split_v4\test\ai\wukong_00084.png,wukong_00084.png,test,wukong,1,baseline,png,png-lossless,0.8862252831459045,1
data\splits\genimage_8000_split_v4\test\ai\wukong_00025.png,wukong_00025.png,test,wukong,1,baseline,png,png-lossless,0.9938856959342957,1
data\splits\genimage_8000_split_v4\test\ai\vqdm_00009.png,vqdm_00009.png,test,vqdm,1,baseline,png,png-lossless,0.9964042901992798,1
data\splits\genimage_8000_split_v4\test\ai\glide_00019.png,glide_00019.png,test,glide,1,baseline,png,png-lossless,1.0,1
data\splits\genimage_8000_split_v4\test\ai\biggan_00040.png,biggan_00040.png,test,biggan,1,baseline,png,png-lossless,1.0,1
data\splits\genimage_8000_split_v4\test\ai\vqdm_00007.png,vqdm_00007.png,test,vqdm,1,baseline,png,png-lossless,0.9912742972373962,1
data\splits\genimage_8000_split_v4\test\ai\vqdm_00076.png,vqdm_00076.png,test,vqdm,1,baseline,png,png-lossless,0.5260531902313232,1
data\splits\genimage_8000_split_v4\test\ai\glide_00066.png,glide_00066.png,test,glide,1,baseline,png,png-lossless,0.8009770512580872,1
data\splits\genimage_8000_split_v4\test\ai\biggan_00073.png,biggan_00073.png,test,biggan,1,baseline,png,png-lossless,0.9999933242797852,1
data\splits\genimage_8000_split_v4\test\ai\glide_00072.png,glide_00072.png,test,glide,1,baseline,png,png-lossless,0.9999998807907104,1
data\splits\genimage_8000_split_v4\test\ai\midjourney_00038.png,midjourney_00038.png,test,midjourney,1,baseline,png,png-lossless,0.6220917105674744,1
data\splits\genimage_8000_split_v4\test\ai\vqdm_00016.png,vqdm_00016.png,test,vqdm,1,baseline,png,png-lossless,0.0019044872606173158,0
data\splits\genimage_8000_split_v4\test\ai\glide_00006.png,glide_00006.png,test,glide,1,baseline,png,png-lossless,0.999301552772522,1
data\splits\genimage_8000_split_v4\test\ai\glide_00065.png,glide_00065.png,test,glide,1,baseline,png,png-lossless,0.9999924898147583,1
data\splits\genimage_8000_split_v4\test\ai\adm_00055.png,adm_00055.png,test,adm,1,baseline,png,png-lossless,0.9999918937683105,1
data\splits\genimage_8000_split_v4\test\ai\midjourney_00073.png,midjourney_00073.png,test,midjourney,1,baseline,png,png-lossless,0.8931626081466675,1
data\splits\genimage_8000_split_v4\test\ai\midjourney_00020.png,midjourney_00020.png,test,midjourney,1,baseline,png,png-lossless,0.880580484867096,1
data\splits\genimage_8000_split_v4\test\ai\sdv5_00012.png,sdv5_00012.png,test,sdv5,1,baseline,png,png-lossless,0.9998587369918823,1
data\splits\genimage_8000_split_v4\test\ai\wukong_00028.png,wukong_00028.png,test,wukong,1,baseline,png,png-lossless,0.9634316563606262,1
data\splits\genimage_8000_split_v4\test\ai\midjourney_00056.png,midjourney_00056.png,test,midjourney,1,baseline,png,png-lossless,0.8985916376113892,1
data\splits\genimage_8000_split_v4\test\ai\vqdm_00067.png,vqdm_00067.png,test,vqdm,1,baseline,png,png-lossless,0.037710316479206085,0
data\splits\genimage_8000_split_v4\test\ai\adm_00037.png,adm_00037.png,test,adm,1,baseline,png,png-lossless,1.0,1
data\splits\genimage_8000_split_v4\test\ai\adm_00064.png,adm_00064.png,test,adm,1,baseline,png,png-lossless,0.9996826648712158,1
data\splits\genimage_8000_split_v4\test\ai\vqdm_00084.png,vqdm_00084.png,test,vqdm,1,baseline,png,png-lossless,0.999998927116394,1
data\splits\genimage_8000_split_v4\test\ai\sdv5_00052.png,sdv5_00052.png,test,sdv5,1,baseline,png,png-lossless,0.9996849298477173,1
data\splits\genimage_8000_split_v4\test\ai\biggan_00035.png,biggan_00035.png,test,biggan,1,baseline,png,png-lossless,0.9999991655349731,1
data\splits\genimage_8000_split_v4\test\ai\vqdm_00043.png,vqdm_00043.png,test,vqdm,1,baseline,png,png-lossless,0.9495148062705994,1
data\splits\genimage_8000_split_v4\test\ai\adm_00028.png,adm_00028.png,test,adm,1,baseline,png,png-lossless,0.9993892908096313,1
data\splits\genimage_8000_split_v4\test\ai\glide_00027.png,glide_00027.png,test,glide,1,baseline,png,png-lossless,0.9701340198516846,1
data\splits\genimage_8000_split_v4\test\ai\sdv5_00042.png,sdv5_00042.png,test,sdv5,1,baseline,png,png-lossless,0.994110643863678,1
data\splits\genimage_8000_split_v4\test\ai\glide_00084.png,glide_00084.png,test,glide,1,baseline,png,png-lossless,0.9999920129776001,1
data\splits\genimage_8000_split_v4\test\ai\sdv5_00025.png,sdv5_00025.png,test,sdv5,1,baseline,png,png-lossless,0.9809513092041016,1
data\splits\genimage_8000_split_v4\test\ai\adm_00009.png,adm_00009.png,test,adm,1,baseline,png,png-lossless,0.8011277914047241,1
data\splits\genimage_8000_split_v4\test\ai\sdv5_00031.png,sdv5_00031.png,test,sdv5,1,baseline,png,png-lossless,1.0,1
data\splits\genimage_8000_split_v4\test\ai\wukong_00000.png,wukong_00000.png,test,wukong,1,baseline,png,png-lossless,0.9914366602897644,1
data\splits\genimage_8000_split_v4\test\ai\wukong_00069.png,wukong_00069.png,test,wukong,1,baseline,png,png-lossless,0.7514649629592896,1
data\splits\genimage_8000_split_v4\test\ai\biggan_00015.png,biggan_00015.png,test,biggan,1,baseline,png,png-lossless,0.9999117851257324,1
data\splits\genimage_8000_split_v4\test\ai\glide_00062.png,glide_00062.png,test,glide,1,baseline,png,png-lossless,0.9999923706054688,1
data\splits\genimage_8000_split_v4\test\ai\adm_00076.png,adm_00076.png,test,adm,1,baseline,png,png-lossless,1.0,1
data\splits\genimage_8000_split_v4\test\ai\vqdm_00015.png,vqdm_00015.png,test,vqdm,1,baseline,png,png-lossless,0.9947762489318848,1
data\splits\genimage_8000_split_v4\test\ai\sdv5_00079.png,sdv5_00079.png,test,sdv5,1,baseline,png,png-lossless,0.9999983310699463,1
data\splits\genimage_8000_split_v4\test\ai\glide_00083.png,glide_00083.png,test,glide,1,baseline,png,png-lossless,0.9999979734420776,1
data\splits\genimage_8000_split_v4\test\ai\biggan_00039.png,biggan_00039.png,test,biggan,1,baseline,png,png-lossless,0.994491696357727,1
data\splits\genimage_8000_split_v4\test\ai\adm_00080.png,adm_00080.png,test,adm,1,baseline,png,png-lossless,1.0,1
data\splits\genimage_8000_split_v4\test\ai\midjourney_00064.png,midjourney_00064.png,test,midjourney,1,baseline,png,png-lossless,0.9999336004257202,1
data\splits\genimage_8000_split_v4\test\ai\sdv5_00070.png,sdv5_00070.png,test,sdv5,1,baseline,png,png-lossless,0.9850192070007324,1
data\splits\genimage_8000_split_v4\test\ai\glide_00073.png,glide_00073.png,test,glide,1,baseline,png,png-lossless,0.9999754428863525,1
data\splits\genimage_8000_split_v4\test\ai\vqdm_00018.png,vqdm_00018.png,test,vqdm,1,baseline,png,png-lossless,0.9999979734420776,1
data\splits\genimage_8000_split_v4\test\ai\adm_00053.png,adm_00053.png,test,adm,1,baseline,png,png-lossless,0.9952607750892639,1
data\splits\genimage_8000_split_v4\test\ai\biggan_00084.png,biggan_00084.png,test,biggan,1,baseline,png,png-lossless,0.9970801472663879,1
data\splits\genimage_8000_split_v4\test\ai\adm_00018.png,adm_00018.png,test,adm,1,baseline,png,png-lossless,0.9991174340248108,1
data\splits\genimage_8000_split_v4\test\ai\sdv5_00018.png,sdv5_00018.png,test,sdv5,1,baseline,png,png-lossless,0.9867017865180969,1
data\splits\genimage_8000_split_v4\test\ai\biggan_00020.png,biggan_00020.png,test,biggan,1,baseline,png,png-lossless,1.0,1
data\splits\genimage_8000_split_v4\test\ai\vqdm_00066.png,vqdm_00066.png,test,vqdm,1,baseline,png,png-lossless,0.9989393353462219,1
data\splits\genimage_8000_split_v4\test\ai\adm_00048.png,adm_00048.png,test,adm,1,baseline,png,png-lossless,0.9985442161560059,1
data\splits\genimage_8000_split_v4\test\ai\glide_00077.png,glide_00077.png,test,glide,1,baseline,png,png-lossless,0.859941303730011,1
data\splits\genimage_8000_split_v4\test\ai\glide_00000.png,glide_00000.png,test,glide,1,baseline,png,png-lossless,0.9999927282333374,1
data\splits\genimage_8000_split_v4\test\ai\vqdm_00033.png,vqdm_00033.png,test,vqdm,1,baseline,png,png-lossless,0.8333741426467896,1
data\splits\genimage_8000_split_v4\test\ai\glide_00081.png,glide_00081.png,test,glide,1,baseline,png,png-lossless,1.0,1
data\splits\genimage_8000_split_v4\test\ai\adm_00075.png,adm_00075.png,test,adm,1,baseline,png,png-lossless,0.999765932559967,1
data\splits\genimage_8000_split_v4\test\ai\midjourney_00012.png,midjourney_00012.png,test,midjourney,1,baseline,png,png-lossless,0.9999568462371826,1
data\splits\genimage_8000_split_v4\test\ai\glide_00028.png,glide_00028.png,test,glide,1,baseline,png,png-lossless,1.0,1
data\splits\genimage_8000_split_v4\test\ai\vqdm_00057.png,vqdm_00057.png,test,vqdm,1,baseline,png,png-lossless,0.9999997615814209,1
data\splits\genimage_8000_split_v4\test\ai\sdv5_00068.png,sdv5_00068.png,test,sdv5,1,baseline,png,png-lossless,0.8740246295928955,1
data\splits\genimage_8000_split_v4\test\ai\vqdm_00036.png,vqdm_00036.png,test,vqdm,1,baseline,png,png-lossless,0.07427099347114563,0
data\splits\genimage_8000_split_v4\test\ai\adm_00001.png,adm_00001.png,test,adm,1,baseline,png,png-lossless,0.9999955892562866,1
data\splits\genimage_8000_split_v4\test\ai\biggan_00054.png,biggan_00054.png,test,biggan,1,baseline,png,png-lossless,0.9993798732757568,1
data\splits\genimage_8000_split_v4\test\ai\vqdm_00058.png,vqdm_00058.png,test,vqdm,1,baseline,png,png-lossless,0.9936936497688293,1
data\splits\genimage_8000_split_v4\test\ai\sdv5_00035.png,sdv5_00035.png,test,sdv5,1,baseline,png,png-lossless,0.9936538934707642,1
data\splits\genimage_8000_split_v4\test\ai\glide_00018.png,glide_00018.png,test,glide,1,baseline,png,png-lossless,0.01954532228410244,0
data\splits\genimage_8000_split_v4\test\ai\adm_00008.png,adm_00008.png,test,adm,1,baseline,png,png-lossless,0.9999997615814209,1
data\splits\genimage_8000_split_v4\test\ai\biggan_00067.png,biggan_00067.png,test,biggan,1,baseline,png,png-lossless,0.9999899864196777,1
data\splits\genimage_8000_split_v4\test\ai\glide_00004.png,glide_00004.png,test,glide,1,baseline,png,png-lossless,0.9999886751174927,1
data\splits\genimage_8000_split_v4\test\ai\midjourney_00083.png,midjourney_00083.png,test,midjourney,1,baseline,png,png-lossless,0.9511720538139343,1
data\splits\genimage_8000_split_v4\test\ai\wukong_00026.png,wukong_00026.png,test,wukong,1,baseline,png,png-lossless,0.9998651742935181,1
data\splits\genimage_8000_split_v4\test\ai\sdv5_00028.png,sdv5_00028.png,test,sdv5,1,baseline,png,png-lossless,0.6546558141708374,1
data\splits\genimage_8000_split_v4\test\ai\midjourney_00042.png,midjourney_00042.png,test,midjourney,1,baseline,png,png-lossless,0.9999767541885376,1
data\splits\genimage_8000_split_v4\test\ai\adm_00060.png,adm_00060.png,test,adm,1,baseline,png,png-lossless,0.9489518404006958,1
data\splits\genimage_8000_split_v4\test\ai\glide_00003.png,glide_00003.png,test,glide,1,baseline,png,png-lossless,0.9999990463256836,1
data\splits\genimage_8000_split_v4\test\ai\glide_00025.png,glide_00025.png,test,glide,1,baseline,png,png-lossless,0.9999655485153198,1
data\splits\genimage_8000_split_v4\test\ai\biggan_00026.png,biggan_00026.png,test,biggan,1,baseline,png,png-lossless,0.9526981115341187,1
data\splits\genimage_8000_split_v4\test\ai\adm_00077.png,adm_00077.png,test,adm,1,baseline,png,png-lossless,1.0,1
data\splits\genimage_8000_split_v4\test\ai\adm_00047.png,adm_00047.png,test,adm,1,baseline,png,png-lossless,0.9999923706054688,1
data\splits\genimage_8000_split_v4\test\ai\sdv5_00033.png,sdv5_00033.png,test,sdv5,1,baseline,png,png-lossless,0.9994454979896545,1
data\splits\genimage_8000_split_v4\test\ai\midjourney_00032.png,midjourney_00032.png,test,midjourney,1,baseline,png,png-lossless,0.9818131923675537,1
data\splits\genimage_8000_split_v4\test\ai\biggan_00064.png,biggan_00064.png,test,biggan,1,baseline,png,png-lossless,0.99788898229599,1
data\splits\genimage_8000_split_v4\test\ai\vqdm_00074.png,vqdm_00074.png,test,vqdm,1,baseline,png,png-lossless,0.999997615814209,1
data\splits\genimage_8000_split_v4\test\ai\biggan_00038.png,biggan_00038.png,test,biggan,1,baseline,png,png-lossless,0.9993714690208435,1
data\splits\genimage_8000_split_v4\test\ai\adm_00082.png,adm_00082.png,test,adm,1,baseline,png,png-lossless,1.0,1
data\splits\genimage_8000_split_v4\test\ai\wukong_00007.png,wukong_00007.png,test,wukong,1,baseline,png,png-lossless,0.9103839993476868,1
data\splits\genimage_8000_split_v4\test\ai\wukong_00060.png,wukong_00060.png,test,wukong,1,baseline,png,png-lossless,1.0,1
data\splits\genimage_8000_split_v4\test\ai\sdv5_00041.png,sdv5_00041.png,test,sdv5,1,baseline,png,png-lossless,0.9969570636749268,1
data\splits\genimage_8000_split_v4\test\ai\vqdm_00038.png,vqdm_00038.png,test,vqdm,1,baseline,png,png-lossless,0.9990806579589844,1
data\splits\genimage_8000_split_v4\test\ai\wukong_00001.png,wukong_00001.png,test,wukong,1,baseline,png,png-lossless,0.9999994039535522,1
data\splits\genimage_8000_split_v4\test\ai\midjourney_00015.png,midjourney_00015.png,test,midjourney,1,baseline,png,png-lossless,0.9999741315841675,1
data\splits\genimage_8000_split_v4\test\ai\biggan_00047.png,biggan_00047.png,test,biggan,1,baseline,png,png-lossless,0.9999994039535522,1
data\splits\genimage_8000_split_v4\test\ai\glide_00030.png,glide_00030.png,test,glide,1,baseline,png,png-lossless,0.9995100498199463,1
data\splits\genimage_8000_split_v4\test\ai\vqdm_00047.png,vqdm_00047.png,test,vqdm,1,baseline,png,png-lossless,0.9653161764144897,1
data\splits\genimage_8000_split_v4\test\ai\sdv5_00084.png,sdv5_00084.png,test,sdv5,1,baseline,png,png-lossless,0.9793627262115479,1
data\splits\genimage_8000_split_v4\test\ai\vqdm_00083.png,vqdm_00083.png,test,vqdm,1,baseline,png,png-lossless,0.9943998456001282,1
data\splits\genimage_8000_split_v4\test\ai\biggan_00068.png,biggan_00068.png,test,biggan,1,baseline,png,png-lossless,0.9999878406524658,1
data\splits\genimage_8000_split_v4\test\ai\sdv5_00058.png,sdv5_00058.png,test,sdv5,1,baseline,png,png-lossless,0.9548256397247314,1
data\splits\genimage_8000_split_v4\test\ai\sdv5_00006.png,sdv5_00006.png,test,sdv5,1,baseline,png,png-lossless,0.9999860525131226,1
data\splits\genimage_8000_split_v4\test\ai\biggan_00044.png,biggan_00044.png,test,biggan,1,baseline,png,png-lossless,0.9994275569915771,1
data\splits\genimage_8000_split_v4\test\ai\midjourney_00003.png,midjourney_00003.png,test,midjourney,1,baseline,png,png-lossless,0.9998171925544739,1
data\splits\genimage_8000_split_v4\test\ai\sdv5_00027.png,sdv5_00027.png,test,sdv5,1,baseline,png,png-lossless,0.9986507296562195,1
data\splits\genimage_8000_split_v4\test\ai\biggan_00072.png,biggan_00072.png,test,biggan,1,baseline,png,png-lossless,0.9996200799942017,1
data\splits\genimage_8000_split_v4\test\ai\vqdm_00030.png,vqdm_00030.png,test,vqdm,1,baseline,png,png-lossless,0.811121940612793,1
data\splits\genimage_8000_split_v4\test\ai\vqdm_00085.png,vqdm_00085.png,test,vqdm,1,baseline,png,png-lossless,0.8277490139007568,1
data\splits\genimage_8000_split_v4\test\ai\wukong_00071.png,wukong_00071.png,test,wukong,1,baseline,png,png-lossless,0.9687915444374084,1
data\splits\genimage_8000_split_v4\test\ai\adm_00062.png,adm_00062.png,test,adm,1,baseline,png,png-lossless,0.9931932091712952,1
data\splits\genimage_8000_split_v4\test\ai\adm_00000.png,adm_00000.png,test,adm,1,baseline,png,png-lossless,0.9997467398643494,1
data\splits\genimage_8000_split_v4\test\ai\wukong_00044.png,wukong_00044.png,test,wukong,1,baseline,png,png-lossless,0.9999995231628418,1
data\splits\genimage_8000_split_v4\test\ai\glide_00075.png,glide_00075.png,test,glide,1,baseline,png,png-lossless,0.9976848363876343,1
data\splits\genimage_8000_split_v4\test\ai\vqdm_00040.png,vqdm_00040.png,test,vqdm,1,baseline,png,png-lossless,0.9963932633399963,1
data\splits\genimage_8000_split_v4\test\ai\wukong_00082.png,wukong_00082.png,test,wukong,1,baseline,png,png-lossless,1.0,1
data\splits\genimage_8000_split_v4\test\ai\midjourney_00019.png,midjourney_00019.png,test,midjourney,1,baseline,png,png-lossless,0.9944697618484497,1
data\splits\genimage_8000_split_v4\test\ai\adm_00065.png,adm_00065.png,test,adm,1,baseline,png,png-lossless,0.9999725818634033,1
data\splits\genimage_8000_split_v4\test\ai\midjourney_00022.png,midjourney_00022.png,test,midjourney,1,baseline,png,png-lossless,0.8933247327804565,1
data\splits\genimage_8000_split_v4\test\ai\midjourney_00052.png,midjourney_00052.png,test,midjourney,1,baseline,png,png-lossless,0.0003313682973384857,0
data\splits\genimage_8000_split_v4\test\ai\adm_00046.png,adm_00046.png,test,adm,1,baseline,png,png-lossless,1.0,1
data\splits\genimage_8000_split_v4\test\ai\wukong_00048.png,wukong_00048.png,test,wukong,1,baseline,png,png-lossless,0.960232138633728,1
data\splits\genimage_8000_split_v4\test\ai\vqdm_00045.png,vqdm_00045.png,test,vqdm,1,baseline,png,png-lossless,0.9999916553497314,1
data\splits\genimage_8000_split_v4\test\ai\biggan_00036.png,biggan_00036.png,test,biggan,1,baseline,png,png-lossless,0.9999091625213623,1
data\splits\genimage_8000_split_v4\test\ai\sdv5_00038.png,sdv5_00038.png,test,sdv5,1,baseline,png,png-lossless,0.9755621552467346,1
data\splits\genimage_8000_split_v4\test\ai\vqdm_00050.png,vqdm_00050.png,test,vqdm,1,baseline,png,png-lossless,0.15303051471710205,0
data\splits\genimage_8000_split_v4\test\ai\biggan_00041.png,biggan_00041.png,test,biggan,1,baseline,png,png-lossless,0.9999998807907104,1
data\splits\genimage_8000_split_v4\test\ai\vqdm_00051.png,vqdm_00051.png,test,vqdm,1,baseline,png,png-lossless,0.774127185344696,1
data\splits\genimage_8000_split_v4\test\ai\glide_00054.png,glide_00054.png,test,glide,1,baseline,png,png-lossless,0.9999397993087769,1
data\splits\genimage_8000_split_v4\test\ai\sdv5_00062.png,sdv5_00062.png,test,sdv5,1,baseline,png,png-lossless,0.9999997615814209,1
data\splits\genimage_8000_split_v4\test\ai\sdv5_00060.png,sdv5_00060.png,test,sdv5,1,baseline,png,png-lossless,0.9974167346954346,1
data\splits\genimage_8000_split_v4\test\ai\glide_00079.png,glide_00079.png,test,glide,1,baseline,png,png-lossless,0.9928319454193115,1
data\splits\genimage_8000_split_v4\test\ai\midjourney_00004.png,midjourney_00004.png,test,midjourney,1,baseline,png,png-lossless,0.9973286390304565,1
data\splits\genimage_8000_split_v4\test\ai\wukong_00040.png,wukong_00040.png,test,wukong,1,baseline,png,png-lossless,0.9452286958694458,1
data\splits\genimage_8000_split_v4\test\ai\biggan_00060.png,biggan_00060.png,test,biggan,1,baseline,png,png-lossless,0.9899040460586548,1
data\splits\genimage_8000_split_v4\test\ai\wukong_00049.png,wukong_00049.png,test,wukong,1,baseline,png,png-lossless,0.961048424243927,1
data\splits\genimage_8000_split_v4\test\ai\wukong_00035.png,wukong_00035.png,test,wukong,1,baseline,png,png-lossless,0.9798765778541565,1
data\splits\genimage_8000_split_v4\test\ai\adm_00010.png,adm_00010.png,test,adm,1,baseline,png,png-lossless,0.9991306662559509,1
data\splits\genimage_8000_split_v4\test\ai\sdv5_00064.png,sdv5_00064.png,test,sdv5,1,baseline,png,png-lossless,0.7218536734580994,1
data\splits\genimage_8000_split_v4\test\ai\adm_00059.png,adm_00059.png,test,adm,1,baseline,png,png-lossless,0.9999912977218628,1
data\splits\genimage_8000_split_v4\test\ai\midjourney_00048.png,midjourney_00048.png,test,midjourney,1,baseline,png,png-lossless,0.43760889768600464,0
data\splits\genimage_8000_split_v4\test\ai\midjourney_00016.png,midjourney_00016.png,test,midjourney,1,baseline,png,png-lossless,0.40306556224823,0
data\splits\genimage_8000_split_v4\test\ai\biggan_00007.png,biggan_00007.png,test,biggan,1,baseline,png,png-lossless,0.5989991426467896,1
data\splits\genimage_8000_split_v4\test\ai\glide_00067.png,glide_00067.png,test,glide,1,baseline,png,png-lossless,1.0,1
data\splits\genimage_8000_split_v4\test\ai\glide_00046.png,glide_00046.png,test,glide,1,baseline,png,png-lossless,0.9998409748077393,1
data\splits\genimage_8000_split_v4\test\ai\vqdm_00053.png,vqdm_00053.png,test,vqdm,1,baseline,png,png-lossless,0.9999995231628418,1
data\splits\genimage_8000_split_v4\test\ai\adm_00071.png,adm_00071.png,test,adm,1,baseline,png,png-lossless,0.999990701675415,1
data\splits\genimage_8000_split_v4\test\ai\glide_00022.png,glide_00022.png,test,glide,1,baseline,png,png-lossless,1.0,1
data\splits\genimage_8000_split_v4\test\ai\sdv5_00082.png,sdv5_00082.png,test,sdv5,1,baseline,png,png-lossless,0.999580442905426,1
data\splits\genimage_8000_split_v4\test\ai\vqdm_00003.png,vqdm_00003.png,test,vqdm,1,baseline,png,png-lossless,0.6727665662765503,1
data\splits\genimage_8000_split_v4\test\ai\midjourney_00035.png,midjourney_00035.png,test,midjourney,1,baseline,png,png-lossless,0.9965080618858337,1
data\splits\genimage_8000_split_v4\test\ai\glide_00031.png,glide_00031.png,test,glide,1,baseline,png,png-lossless,1.0,1
data\splits\genimage_8000_split_v4\test\ai\vqdm_00063.png,vqdm_00063.png,test,vqdm,1,baseline,png,png-lossless,0.6084316968917847,1
data\splits\genimage_8000_split_v4\test\ai\wukong_00016.png,wukong_00016.png,test,wukong,1,baseline,png,png-lossless,0.9983768463134766,1
data\splits\genimage_8000_split_v4\test\ai\wukong_00054.png,wukong_00054.png,test,wukong,1,baseline,png,png-lossless,0.999923825263977,1
data\splits\genimage_8000_split_v4\test\ai\biggan_00002.png,biggan_00002.png,test,biggan,1,baseline,png,png-lossless,0.9999992847442627,1
data\splits\genimage_8000_split_v4\test\ai\adm_00049.png,adm_00049.png,test,adm,1,baseline,png,png-lossless,1.0,1
data\splits\genimage_8000_split_v4\test\ai\sdv5_00002.png,sdv5_00002.png,test,sdv5,1,baseline,png,png-lossless,0.9998416900634766,1
data\splits\genimage_8000_split_v4\test\ai\biggan_00025.png,biggan_00025.png,test,biggan,1,baseline,png,png-lossless,0.9995991587638855,1
data\splits\genimage_8000_split_v4\test\ai\biggan_00071.png,biggan_00071.png,test,biggan,1,baseline,png,png-lossless,1.0,1
data\splits\genimage_8000_split_v4\test\ai\biggan_00051.png,biggan_00051.png,test,biggan,1,baseline,png,png-lossless,0.19560495018959045,0
data\splits\genimage_8000_split_v4\test\ai\wukong_00081.png,wukong_00081.png,test,wukong,1,baseline,png,png-lossless,0.9291216135025024,1
data\splits\genimage_8000_split_v4\test\ai\sdv5_00022.png,sdv5_00022.png,test,sdv5,1,baseline,png,png-lossless,0.9949182868003845,1
data\splits\genimage_8000_split_v4\test\real\real_00486.jpeg,real_00486.jpeg,test,real,0,baseline,jpeg_q95,"jpeg(Q95,s0)",5.296518338582246e-06,0
data\splits\genimage_8000_split_v4\test\real\real_00382.jpeg,real_00382.jpeg,test,real,0,baseline,jpeg_q95,"jpeg(Q95,s0)",1.7121997188951354e-06,0
data\splits\genimage_8000_split_v4\test\real\real_00117.jpeg,real_00117.jpeg,test,real,0,baseline,jpeg_q95,"jpeg(Q95,s0)",0.01116107776761055,0
data\splits\genimage_8000_split_v4\test\real\real_00354.jpeg,real_00354.jpeg,test,real,0,baseline,jpeg_q95,"jpeg(Q95,s0)",1.6169756236195099e-06,0
data\splits\genimage_8000_split_v4\test\real\real_00076.jpeg,real_00076.jpeg,test,real,0,baseline,jpeg_q95,"jpeg(Q95,s0)",0.0032238848507404327,0
data\splits\genimage_8000_split_v4\test\real\real_00395.jpeg,real_00395.jpeg,test,real,0,baseline,jpeg_q95,"jpeg(Q95,s0)",6.68810389470309e-06,0
data\splits\genimage_8000_split_v4\test\real\real_00348.jpeg,real_00348.jpeg,test,real,0,baseline,jpeg_q95,"jpeg(Q95,s0)",0.35678720474243164,0
data\splits\genimage_8000_split_v4\test\real\real_00307.jpeg,real_00307.jpeg,test,real,0,baseline,jpeg_q95,"jpeg(Q95,s0)",0.00012319939560256898,0
data\splits\genimage_8000_split_v4\test\real\real_00438.jpeg,real_00438.jpeg,test,real,0,baseline,jpeg_q95,"jpeg(Q95,s0)",3.5721028357471596e-09,0
data\splits\genimage_8000_split_v4\test\real\real_00393.jpeg,real_00393.jpeg,test,real,0,baseline,jpeg_q95,"jpeg(Q95,s0)",0.0008971103234216571,0
data\splits\genimage_8000_split_v4\test\real\real_00566.jpeg,real_00566.jpeg,test,real,0,baseline,jpeg_q95,"jpeg(Q95,s0)",0.0001914252934511751,0
data\splits\genimage_8000_split_v4\test\real\real_00055.jpeg,real_00055.jpeg,test,real,0,baseline,jpeg_q95,"jpeg(Q95,s0)",0.089737169444561,0
data\splits\genimage_8000_split_v4\test\real\real_00416.jpeg,real_00416.jpeg,test,real,0,baseline,jpeg_q95,"jpeg(Q95,s0)",0.0008988600457087159,0
data\splits\genimage_8000_split_v4\test\real\real_00304.jpeg,real_00304.jpeg,test,real,0,baseline,jpeg_q95,"jpeg(Q95,s0)",1.0010602347065856e-09,0
data\splits\genimage_8000_split_v4\test\real\real_00135.jpeg,real_00135.jpeg,test,real,0,baseline,jpeg_q95,"jpeg(Q95,s0)",0.30065080523490906,0
data\splits\genimage_8000_split_v4\test\real\real_00387.jpeg,real_00387.jpeg,test,real,0,baseline,jpeg_q95,"jpeg(Q95,s0)",2.410486699133685e-09,0
data\splits\genimage_8000_split_v4\test\real\real_00040.jpeg,real_00040.jpeg,test,real,0,baseline,jpeg_q95,"jpeg(Q95,s0)",2.0584517187671736e-05,0
data\splits\genimage_8000_split_v4\test\real\real_00563.jpeg,real_00563.jpeg,test,real,0,baseline,jpeg_q95,"jpeg(Q95,s0)",0.000985822407528758,0
data\splits\genimage_8000_split_v4\test\real\real_00457.jpeg,real_00457.jpeg,test,real,0,baseline,jpeg_q95,"jpeg(Q95,s0)",0.2552873492240906,0
data\splits\genimage_8000_split_v4\test\real\real_00561.jpeg,real_00561.jpeg,test,real,0,baseline,jpeg_q95,"jpeg(Q95,s0)",5.241760845819954e-06,0
data\splits\genimage_8000_split_v4\test\real\real_00288.jpeg,real_00288.jpeg,test,real,0,baseline,jpeg_q95,"jpeg(Q95,s0)",0.2360094040632248,0
data\splits\genimage_8000_split_v4\test\real\real_00271.jpeg,real_00271.jpeg,test,real,0,baseline,jpeg_q95,"jpeg(Q95,s0)",0.010938436724245548,0
data\splits\genimage_8000_split_v4\test\real\real_00185.jpeg,real_00185.jpeg,test,real,0,baseline,jpeg_q95,"jpeg(Q95,s0)",0.08323463052511215,0
data\splits\genimage_8000_split_v4\test\real\real_00216.jpeg,real_00216.jpeg,test,real,0,baseline,jpeg_q95,"jpeg(Q95,s0)",0.0010900383349508047,0
data\splits\genimage_8000_split_v4\test\real\real_00180.jpeg,real_00180.jpeg,test,real,0,baseline,jpeg_q95,"jpeg(Q95,s0)",0.7434911131858826,1
data\splits\genimage_8000_split_v4\test\real\real_00189.jpeg,real_00189.jpeg,test,real,0,baseline,jpeg_q95,"jpeg(Q95,s0)",0.09071377664804459,0
data\splits\genimage_8000_split_v4\test\real\real_00396.jpeg,real_00396.jpeg,test,real,0,baseline,jpeg_q95,"jpeg(Q95,s0)",0.007915817201137543,0
data\splits\genimage_8000_split_v4\test\real\real_00131.jpeg,real_00131.jpeg,test,real,0,baseline,jpeg_q95,"jpeg(Q95,s0)",0.00024697065236978233,0
data\splits\genimage_8000_split_v4\test\real\real_00557.jpeg,real_00557.jpeg,test,real,0,baseline,jpeg_q95,"jpeg(Q95,s0)",0.0024439890403300524,0
data\splits\genimage_8000_split_v4\test\real\real_00266.jpeg,real_00266.jpeg,test,real,0,baseline,jpeg_q95,"jpeg(Q95,s0)",1.0002023742572419e-07,0
data\splits\genimage_8000_split_v4\test\real\real_00207.jpeg,real_00207.jpeg,test,real,0,baseline,jpeg_q95,"jpeg(Q95,s0)",9.192077413899824e-06,0
data\splits\genimage_8000_split_v4\test\real\real_00141.jpeg,real_00141.jpeg,test,real,0,baseline,jpeg_q95,"jpeg(Q95,s0)",0.9606567025184631,1
data\splits\genimage_8000_split_v4\test\real\real_00407.jpeg,real_00407.jpeg,test,real,0,baseline,jpeg_q95,"jpeg(Q95,s0)",0.9997929930686951,1
data\splits\genimage_8000_split_v4\test\real\real_00026.jpeg,real_00026.jpeg,test,real,0,baseline,jpeg_q95,"jpeg(Q95,s0)",0.18460236489772797,0
data\splits\genimage_8000_split_v4\test\real\real_00046.jpeg,real_00046.jpeg,test,real,0,baseline,jpeg_q95,"jpeg(Q95,s0)",0.001459832419641316,0
data\splits\genimage_8000_split_v4\test\real\real_00585.jpeg,real_00585.jpeg,test,real,0,baseline,jpeg_q95,"jpeg(Q95,s0)",0.0001718905259622261,0
data\splits\genimage_8000_split_v4\test\real\real_00206.jpeg,real_00206.jpeg,test,real,0,baseline,jpeg_q95,"jpeg(Q95,s0)",0.9717919230461121,1
data\splits\genimage_8000_split_v4\test\real\real_00297.jpeg,real_00297.jpeg,test,real,0,baseline,jpeg_q95,"jpeg(Q95,s0)",0.0007172481273300946,0
data\splits\genimage_8000_split_v4\test\real\real_00401.jpeg,real_00401.jpeg,test,real,0,baseline,jpeg_q95,"jpeg(Q95,s0)",1.836148112488445e-05,0
data\splits\genimage_8000_split_v4\test\real\real_00339.jpeg,real_00339.jpeg,test,real,0,baseline,jpeg_q95,"jpeg(Q95,s0)",0.004458047449588776,0
data\splits\genimage_8000_split_v4\test\real\real_00403.jpeg,real_00403.jpeg,test,real,0,baseline,jpeg_q95,"jpeg(Q95,s0)",0.808993935585022,1
data\splits\genimage_8000_split_v4\test\real\real_00344.jpeg,real_00344.jpeg,test,real,0,baseline,jpeg_q95,"jpeg(Q95,s0)",0.001558026298880577,0
data\splits\genimage_8000_split_v4\test\real\real_00560.jpeg,real_00560.jpeg,test,real,0,baseline,jpeg_q95,"jpeg(Q95,s0)",0.02156689204275608,0
data\splits\genimage_8000_split_v4\test\real\real_00553.jpeg,real_00553.jpeg,test,real,0,baseline,jpeg_q95,"jpeg(Q95,s0)",0.013823159039020538,0
data\splits\genimage_8000_split_v4\test\real\real_00598.jpeg,real_00598.jpeg,test,real,0,baseline,jpeg_q95,"jpeg(Q95,s0)",0.0003847919579129666,0
data\splits\genimage_8000_split_v4\test\real\real_00497.jpeg,real_00497.jpeg,test,real,0,baseline,jpeg_q95,"jpeg(Q95,s0)",0.06006292998790741,0
data\splits\genimage_8000_split_v4\test\real\real_00253.jpeg,real_00253.jpeg,test,real,0,baseline,jpeg_q95,"jpeg(Q95,s0)",5.300362470976594e-13,0
data\splits\genimage_8000_split_v4\test\real\real_00577.jpeg,real_00577.jpeg,test,real,0,baseline,jpeg_q95,"jpeg(Q95,s0)",1.7769255578059528e-07,0
data\splits\genimage_8000_split_v4\test\real\real_00394.jpeg,real_00394.jpeg,test,real,0,baseline,jpeg_q95,"jpeg(Q95,s0)",0.003778828075155616,0
data\splits\genimage_8000_split_v4\test\real\real_00445.jpeg,real_00445.jpeg,test,real,0,baseline,jpeg_q95,"jpeg(Q95,s0)",0.23236079514026642,0
data\splits\genimage_8000_split_v4\test\real\real_00050.jpeg,real_00050.jpeg,test,real,0,baseline,jpeg_q95,"jpeg(Q95,s0)",0.05118389055132866,0
data\splits\genimage_8000_split_v4\test\real\real_00269.jpeg,real_00269.jpeg,test,real,0,baseline,jpeg_q95,"jpeg(Q95,s0)",4.7417430323548615e-05,0
data\splits\genimage_8000_split_v4\test\real\real_00151.jpeg,real_00151.jpeg,test,real,0,baseline,jpeg_q95,"jpeg(Q95,s0)",0.8928579092025757,1
data\splits\genimage_8000_split_v4\test\real\real_00190.jpeg,real_00190.jpeg,test,real,0,baseline,jpeg_q95,"jpeg(Q95,s0)",9.002082634879116e-08,0
data\splits\genimage_8000_split_v4\test\real\real_00250.jpeg,real_00250.jpeg,test,real,0,baseline,jpeg_q95,"jpeg(Q95,s0)",0.006373942364007235,0
data\splits\genimage_8000_split_v4\test\real\real_00257.jpeg,real_00257.jpeg,test,real,0,baseline,jpeg_q95,"jpeg(Q95,s0)",0.021384062245488167,0
data\splits\genimage_8000_split_v4\test\real\real_00008.jpeg,real_00008.jpeg,test,real,0,baseline,jpeg_q95,"jpeg(Q95,s0)",5.202527063374873e-06,0
data\splits\genimage_8000_split_v4\test\real\real_00398.jpeg,real_00398.jpeg,test,real,0,baseline,jpeg_q95,"jpeg(Q95,s0)",0.13578204810619354,0
data\splits\genimage_8000_split_v4\test\real\real_00322.jpeg,real_00322.jpeg,test,real,0,baseline,jpeg_q95,"jpeg(Q95,s0)",0.0010232310742139816,0
data\splits\genimage_8000_split_v4\test\real\real_00230.jpeg,real_00230.jpeg,test,real,0,baseline,jpeg_q95,"jpeg(Q95,s0)",0.3325687348842621,0
data\splits\genimage_8000_split_v4\test\real\real_00219.jpeg,real_00219.jpeg,test,real,0,baseline,jpeg_q95,"jpeg(Q95,s0)",0.00776978675276041,0
data\splits\genimage_8000_split_v4\test\real\real_00550.jpeg,real_00550.jpeg,test,real,0,baseline,jpeg_q95,"jpeg(Q95,s0)",0.006432115100324154,0
data\splits\genimage_8000_split_v4\test\real\real_00528.jpeg,real_00528.jpeg,test,real,0,baseline,jpeg_q95,"jpeg(Q95,s0)",0.00024354337074328214,0
data\splits\genimage_8000_split_v4\test\real\real_00039.jpeg,real_00039.jpeg,test,real,0,baseline,jpeg_q95,"jpeg(Q95,s0)",0.013557990081608295,0
data\splits\genimage_8000_split_v4\test\real\real_00274.jpeg,real_00274.jpeg,test,real,0,baseline,jpeg_q95,"jpeg(Q95,s0)",0.5621806383132935,1
data\splits\genimage_8000_split_v4\test\real\real_00414.jpeg,real_00414.jpeg,test,real,0,baseline,jpeg_q95,"jpeg(Q95,s0)",0.1889374703168869,0
data\splits\genimage_8000_split_v4\test\real\real_00038.jpeg,real_00038.jpeg,test,real,0,baseline,jpeg_q95,"jpeg(Q95,s0)",0.02757585048675537,0
data\splits\genimage_8000_split_v4\test\real\real_00434.jpeg,real_00434.jpeg,test,real,0,baseline,jpeg_q95,"jpeg(Q95,s0)",0.024521004408597946,0
data\splits\genimage_8000_split_v4\test\real\real_00279.jpeg,real_00279.jpeg,test,real,0,baseline,jpeg_q95,"jpeg(Q95,s0)",0.0027545394841581583,0
data\splits\genimage_8000_split_v4\test\real\real_00077.jpeg,real_00077.jpeg,test,real,0,baseline,jpeg_q95,"jpeg(Q95,s0)",0.08326318860054016,0
data\splits\genimage_8000_split_v4\test\real\real_00312.jpeg,real_00312.jpeg,test,real,0,baseline,jpeg_q95,"jpeg(Q95,s0)",0.20787282288074493,0
data\splits\genimage_8000_split_v4\test\real\real_00482.jpeg,real_00482.jpeg,test,real,0,baseline,jpeg_q95,"jpeg(Q95,s0)",0.003522958140820265,0
data\splits\genimage_8000_split_v4\test\real\real_00178.jpeg,real_00178.jpeg,test,real,0,baseline,jpeg_q95,"jpeg(Q95,s0)",0.3884412348270416,0
data\splits\genimage_8000_split_v4\test\real\real_00535.jpeg,real_00535.jpeg,test,real,0,baseline,jpeg_q95,"jpeg(Q95,s0)",0.10084573924541473,0
data\splits\genimage_8000_split_v4\test\real\real_00345.jpeg,real_00345.jpeg,test,real,0,baseline,jpeg_q95,"jpeg(Q95,s0)",0.0016764425672590733,0
data\splits\genimage_8000_split_v4\test\real\real_00019.jpeg,real_00019.jpeg,test,real,0,baseline,jpeg_q95,"jpeg(Q95,s0)",0.0004798487643711269,0
data\splits\genimage_8000_split_v4\test\real\real_00143.jpeg,real_00143.jpeg,test,real,0,baseline,jpeg_q95,"jpeg(Q95,s0)",0.0002815783955156803,0
data\splits\genimage_8000_split_v4\test\real\real_00496.jpeg,real_00496.jpeg,test,real,0,baseline,jpeg_q95,"jpeg(Q95,s0)",0.021161407232284546,0
data\splits\genimage_8000_split_v4\test\real\real_00522.jpeg,real_00522.jpeg,test,real,0,baseline,jpeg_q95,"jpeg(Q95,s0)",4.1210665522456447e-13,0
data\splits\genimage_8000_split_v4\test\real\real_00451.jpeg,real_00451.jpeg,test,real,0,baseline,jpeg_q95,"jpeg(Q95,s0)",6.10013512414298e-06,0
data\splits\genimage_8000_split_v4\test\real\real_00371.jpeg,real_00371.jpeg,test,real,0,baseline,jpeg_q95,"jpeg(Q95,s0)",3.885770638589747e-06,0
data\splits\genimage_8000_split_v4\test\real\real_00060.jpeg,real_00060.jpeg,test,real,0,baseline,jpeg_q95,"jpeg(Q95,s0)",0.43641331791877747,0
data\splits\genimage_8000_split_v4\test\real\real_00410.jpeg,real_00410.jpeg,test,real,0,baseline,jpeg_q95,"jpeg(Q95,s0)",0.230874165892601,0
data\splits\genimage_8000_split_v4\test\real\real_00248.jpeg,real_00248.jpeg,test,real,0,baseline,jpeg_q95,"jpeg(Q95,s0)",0.4983518719673157,0
data\splits\genimage_8000_split_v4\test\real\real_00043.jpeg,real_00043.jpeg,test,real,0,baseline,jpeg_q95,"jpeg(Q95,s0)",0.8972583413124084,1
data\splits\genimage_8000_split_v4\test\real\real_00104.jpeg,real_00104.jpeg,test,real,0,baseline,jpeg_q95,"jpeg(Q95,s0)",4.199624163447879e-05,0
data\splits\genimage_8000_split_v4\test\real\real_00238.jpeg,real_00238.jpeg,test,real,0,baseline,jpeg_q95,"jpeg(Q95,s0)",0.00019623969274107367,0
data\splits\genimage_8000_split_v4\test\real\real_00251.jpeg,real_00251.jpeg,test,real,0,baseline,jpeg_q95,"jpeg(Q95,s0)",0.0004996964707970619,0
data\splits\genimage_8000_split_v4\test\real\real_00017.jpeg,real_00017.jpeg,test,real,0,baseline,jpeg_q95,"jpeg(Q95,s0)",4.2754236346809193e-05,0
data\splits\genimage_8000_split_v4\test\real\real_00500.jpeg,real_00500.jpeg,test,real,0,baseline,jpeg_q95,"jpeg(Q95,s0)",0.003088887082412839,0
data\splits\genimage_8000_split_v4\test\real\real_00056.jpeg,real_00056.jpeg,test,real,0,baseline,jpeg_q95,"jpeg(Q95,s0)",0.003588177030906081,0
data\splits\genimage_8000_split_v4\test\real\real_00227.jpeg,real_00227.jpeg,test,real,0,baseline,jpeg_q95,"jpeg(Q95,s0)",5.600373333436437e-05,0
data\splits\genimage_8000_split_v4\test\real\real_00347.jpeg,real_00347.jpeg,test,real,0,baseline,jpeg_q95,"jpeg(Q95,s0)",1.0208364642494416e-07,0
data\splits\genimage_8000_split_v4\test\real\real_00176.jpeg,real_00176.jpeg,test,real,0,baseline,jpeg_q95,"jpeg(Q95,s0)",0.5523550510406494,1
data\splits\genimage_8000_split_v4\test\real\real_00085.jpeg,real_00085.jpeg,test,real,0,baseline,jpeg_q95,"jpeg(Q95,s0)",4.063388769282028e-05,0
data\splits\genimage_8000_split_v4\test\real\real_00586.jpeg,real_00586.jpeg,test,real,0,baseline,jpeg_q95,"jpeg(Q95,s0)",5.4977822401269805e-06,0
data\splits\genimage_8000_split_v4\test\real\real_00193.jpeg,real_00193.jpeg,test,real,0,baseline,jpeg_q95,"jpeg(Q95,s0)",5.095573214930482e-05,0
data\splits\genimage_8000_split_v4\test\real\real_00018.jpeg,real_00018.jpeg,test,real,0,baseline,jpeg_q95,"jpeg(Q95,s0)",0.9774302244186401,1
data\splits\genimage_8000_split_v4\test\real\real_00342.jpeg,real_00342.jpeg,test,real,0,baseline,jpeg_q95,"jpeg(Q95,s0)",0.03787148743867874,0
data\splits\genimage_8000_split_v4\test\real\real_00359.jpeg,real_00359.jpeg,test,real,0,baseline,jpeg_q95,"jpeg(Q95,s0)",0.9768268465995789,1
data\splits\genimage_8000_split_v4\test\real\real_00163.jpeg,real_00163.jpeg,test,real,0,baseline,jpeg_q95,"jpeg(Q95,s0)",0.39688944816589355,0
data\splits\genimage_8000_split_v4\test\real\real_00527.jpeg,real_00527.jpeg,test,real,0,baseline,jpeg_q95,"jpeg(Q95,s0)",7.41325638955459e-05,0
data\splits\genimage_8000_split_v4\test\real\real_00444.jpeg,real_00444.jpeg,test,real,0,baseline,jpeg_q95,"jpeg(Q95,s0)",0.0005370613653212786,0
data\splits\genimage_8000_split_v4\test\real\real_00440.jpeg,real_00440.jpeg,test,real,0,baseline,jpeg_q95,"jpeg(Q95,s0)",0.012483897618949413,0
data\splits\genimage_8000_split_v4\test\real\real_00096.jpeg,real_00096.jpeg,test,real,0,baseline,jpeg_q95,"jpeg(Q95,s0)",0.23573797941207886,0
data\splits\genimage_8000_split_v4\test\real\real_00165.jpeg,real_00165.jpeg,test,real,0,baseline,jpeg_q95,"jpeg(Q95,s0)",0.07696254551410675,0
data\splits\genimage_8000_split_v4\test\real\real_00576.jpeg,real_00576.jpeg,test,real,0,baseline,jpeg_q95,"jpeg(Q95,s0)",0.9653580188751221,1
data\splits\genimage_8000_split_v4\test\real\real_00375.jpeg,real_00375.jpeg,test,real,0,baseline,jpeg_q95,"jpeg(Q95,s0)",0.002509529236704111,0
data\splits\genimage_8000_split_v4\test\real\real_00300.jpeg,real_00300.jpeg,test,real,0,baseline,jpeg_q95,"jpeg(Q95,s0)",0.00018106555216945708,0
data\splits\genimage_8000_split_v4\test\real\real_00503.jpeg,real_00503.jpeg,test,real,0,baseline,jpeg_q95,"jpeg(Q95,s0)",0.2706550657749176,0
data\splits\genimage_8000_split_v4\test\real\real_00499.jpeg,real_00499.jpeg,test,real,0,baseline,jpeg_q95,"jpeg(Q95,s0)",0.006232765037566423,0
data\splits\genimage_8000_split_v4\test\real\real_00283.jpeg,real_00283.jpeg,test,real,0,baseline,jpeg_q95,"jpeg(Q95,s0)",7.67194705986185e-07,0
data\splits\genimage_8000_split_v4\test\real\real_00160.jpeg,real_00160.jpeg,test,real,0,baseline,jpeg_q95,"jpeg(Q95,s0)",0.6624051928520203,1
data\splits\genimage_8000_split_v4\test\real\real_00260.jpeg,real_00260.jpeg,test,real,0,baseline,jpeg_q95,"jpeg(Q95,s0)",0.016191648319363594,0
data\splits\genimage_8000_split_v4\test\real\real_00208.jpeg,real_00208.jpeg,test,real,0,baseline,jpeg_q95,"jpeg(Q95,s0)",1.4017460969739659e-08,0
data\splits\genimage_8000_split_v4\test\real\real_00262.jpeg,real_00262.jpeg,test,real,0,baseline,jpeg_q95,"jpeg(Q95,s0)",0.005007470492273569,0
data\splits\genimage_8000_split_v4\test\real\real_00213.jpeg,real_00213.jpeg,test,real,0,baseline,jpeg_q95,"jpeg(Q95,s0)",0.14362265169620514,0
data\splits\genimage_8000_split_v4\test\real\real_00476.jpeg,real_00476.jpeg,test,real,0,baseline,jpeg_q95,"jpeg(Q95,s0)",1.91727503988659e-05,0
data\splits\genimage_8000_split_v4\test\real\real_00092.jpeg,real_00092.jpeg,test,real,0,baseline,jpeg_q95,"jpeg(Q95,s0)",0.704086184501648,1
data\splits\genimage_8000_split_v4\test\real\real_00324.jpeg,real_00324.jpeg,test,real,0,baseline,jpeg_q95,"jpeg(Q95,s0)",0.7393509149551392,1
data\splits\genimage_8000_split_v4\test\real\real_00425.jpeg,real_00425.jpeg,test,real,0,baseline,jpeg_q95,"jpeg(Q95,s0)",0.6991835236549377,1
data\splits\genimage_8000_split_v4\test\real\real_00559.jpeg,real_00559.jpeg,test,real,0,baseline,jpeg_q95,"jpeg(Q95,s0)",6.431476776924683e-06,0
data\splits\genimage_8000_split_v4\test\real\real_00015.jpeg,real_00015.jpeg,test,real,0,baseline,jpeg_q95,"jpeg(Q95,s0)",4.377728046733864e-08,0
data\splits\genimage_8000_split_v4\test\real\real_00562.jpeg,real_00562.jpeg,test,real,0,baseline,jpeg_q95,"jpeg(Q95,s0)",0.013817790895700455,0
data\splits\genimage_8000_split_v4\test\real\real_00514.jpeg,real_00514.jpeg,test,real,0,baseline,jpeg_q95,"jpeg(Q95,s0)",2.881954928608127e-13,0
data\splits\genimage_8000_split_v4\test\real\real_00580.jpeg,real_00580.jpeg,test,real,0,baseline,jpeg_q95,"jpeg(Q95,s0)",6.416234828066081e-05,0
data\splits\genimage_8000_split_v4\test\real\real_00202.jpeg,real_00202.jpeg,test,real,0,baseline,jpeg_q95,"jpeg(Q95,s0)",0.006381054874509573,0
data\splits\genimage_8000_split_v4\test\real\real_00402.jpeg,real_00402.jpeg,test,real,0,baseline,jpeg_q95,"jpeg(Q95,s0)",7.224607401212779e-08,0
data\splits\genimage_8000_split_v4\test\real\real_00057.jpeg,real_00057.jpeg,test,real,0,baseline,jpeg_q95,"jpeg(Q95,s0)",5.49264677829342e-06,0
data\splits\genimage_8000_split_v4\test\real\real_00007.jpeg,real_00007.jpeg,test,real,0,baseline,jpeg_q95,"jpeg(Q95,s0)",0.12637987732887268,0
data\splits\genimage_8000_split_v4\test\real\real_00388.jpeg,real_00388.jpeg,test,real,0,baseline,jpeg_q95,"jpeg(Q95,s0)",0.37121841311454773,0
data\splits\genimage_8000_split_v4\test\real\real_00016.jpeg,real_00016.jpeg,test,real,0,baseline,jpeg_q95,"jpeg(Q95,s0)",2.4789621466680956e-09,0
data\splits\genimage_8000_split_v4\test\real\real_00506.jpeg,real_00506.jpeg,test,real,0,baseline,jpeg_q95,"jpeg(Q95,s0)",0.11079319566488266,0
data\splits\genimage_8000_split_v4\test\real\real_00028.jpeg,real_00028.jpeg,test,real,0,baseline,jpeg_q95,"jpeg(Q95,s0)",0.002362671075388789,0
data\splits\genimage_8000_split_v4\test\real\real_00572.jpeg,real_00572.jpeg,test,real,0,baseline,jpeg_q95,"jpeg(Q95,s0)",0.5379025340080261,1
data\splits\genimage_8000_split_v4\test\real\real_00381.jpeg,real_00381.jpeg,test,real,0,baseline,jpeg_q95,"jpeg(Q95,s0)",0.03304130211472511,0
data\splits\genimage_8000_split_v4\test\real\real_00268.jpeg,real_00268.jpeg,test,real,0,baseline,jpeg_q95,"jpeg(Q95,s0)",0.028469696640968323,0
data\splits\genimage_8000_split_v4\test\real\real_00512.jpeg,real_00512.jpeg,test,real,0,baseline,jpeg_q95,"jpeg(Q95,s0)",0.04724114015698433,0
data\splits\genimage_8000_split_v4\test\real\real_00006.jpeg,real_00006.jpeg,test,real,0,baseline,jpeg_q95,"jpeg(Q95,s0)",0.9826450347900391,1
data\splits\genimage_8000_split_v4\test\real\real_00289.jpeg,real_00289.jpeg,test,real,0,baseline,jpeg_q95,"jpeg(Q95,s0)",0.034630920737981796,0
data\splits\genimage_8000_split_v4\test\real\real_00519.jpeg,real_00519.jpeg,test,real,0,baseline,jpeg_q95,"jpeg(Q95,s0)",0.0002171714004362002,0
data\splits\genimage_8000_split_v4\test\real\real_00252.jpeg,real_00252.jpeg,test,real,0,baseline,jpeg_q95,"jpeg(Q95,s0)",2.4312862478836905e-06,0
data\splits\genimage_8000_split_v4\test\real\real_00211.jpeg,real_00211.jpeg,test,real,0,baseline,jpeg_q95,"jpeg(Q95,s0)",1.4448257388721686e-05,0
data\splits\genimage_8000_split_v4\test\real\real_00147.jpeg,real_00147.jpeg,test,real,0,baseline,jpeg_q95,"jpeg(Q95,s0)",0.029184147715568542,0
data\splits\genimage_8000_split_v4\test\real\real_00181.jpeg,real_00181.jpeg,test,real,0,baseline,jpeg_q95,"jpeg(Q95,s0)",0.9865851402282715,1
data\splits\genimage_8000_split_v4\test\real\real_00458.jpeg,real_00458.jpeg,test,real,0,baseline,jpeg_q95,"jpeg(Q95,s0)",0.0002875356003642082,0
data\splits\genimage_8000_split_v4\test\real\real_00329.jpeg,real_00329.jpeg,test,real,0,baseline,jpeg_q95,"jpeg(Q95,s0)",3.7502520626730984e-06,0
data\splits\genimage_8000_split_v4\test\real\real_00545.jpeg,real_00545.jpeg,test,real,0,baseline,jpeg_q95,"jpeg(Q95,s0)",0.013544777408242226,0
data\splits\genimage_8000_split_v4\test\real\real_00568.jpeg,real_00568.jpeg,test,real,0,baseline,jpeg_q95,"jpeg(Q95,s0)",0.012426840141415596,0
data\splits\genimage_8000_split_v4\test\real\real_00031.jpeg,real_00031.jpeg,test,real,0,baseline,jpeg_q95,"jpeg(Q95,s0)",0.0024207732640206814,0
data\splits\genimage_8000_split_v4\test\real\real_00171.jpeg,real_00171.jpeg,test,real,0,baseline,jpeg_q95,"jpeg(Q95,s0)",8.42626286612358e-06,0
data\splits\genimage_8000_split_v4\test\real\real_00320.jpeg,real_00320.jpeg,test,real,0,baseline,jpeg_q95,"jpeg(Q95,s0)",5.410000812844373e-05,0
data\splits\genimage_8000_split_v4\test\real\real_00083.jpeg,real_00083.jpeg,test,real,0,baseline,jpeg_q95,"jpeg(Q95,s0)",0.0019041579216718674,0
data\splits\genimage_8000_split_v4\test\real\real_00012.jpeg,real_00012.jpeg,test,real,0,baseline,jpeg_q95,"jpeg(Q95,s0)",0.7641468048095703,1
data\splits\genimage_8000_split_v4\test\real\real_00357.jpeg,real_00357.jpeg,test,real,0,baseline,jpeg_q95,"jpeg(Q95,s0)",0.011087432503700256,0
data\splits\genimage_8000_split_v4\test\real\real_00346.jpeg,real_00346.jpeg,test,real,0,baseline,jpeg_q95,"jpeg(Q95,s0)",0.003891412867233157,0
data\splits\genimage_8000_split_v4\test\real\real_00450.jpeg,real_00450.jpeg,test,real,0,baseline,jpeg_q95,"jpeg(Q95,s0)",0.45669105648994446,0
data\splits\genimage_8000_split_v4\test\real\real_00356.jpeg,real_00356.jpeg,test,real,0,baseline,jpeg_q95,"jpeg(Q95,s0)",0.058389004319906235,0
data\splits\genimage_8000_split_v4\test\real\real_00594.jpeg,real_00594.jpeg,test,real,0,baseline,jpeg_q95,"jpeg(Q95,s0)",0.0027394474018365145,0
data\splits\genimage_8000_split_v4\test\real\real_00048.jpeg,real_00048.jpeg,test,real,0,baseline,jpeg_q95,"jpeg(Q95,s0)",0.18970662355422974,0
data\splits\genimage_8000_split_v4\test\real\real_00158.jpeg,real_00158.jpeg,test,real,0,baseline,jpeg_q95,"jpeg(Q95,s0)",7.214132438093657e-06,0
data\splits\genimage_8000_split_v4\test\real\real_00521.jpeg,real_00521.jpeg,test,real,0,baseline,jpeg_q95,"jpeg(Q95,s0)",0.06252358108758926,0
data\splits\genimage_8000_split_v4\test\real\real_00285.jpeg,real_00285.jpeg,test,real,0,baseline,jpeg_q95,"jpeg(Q95,s0)",0.1888720691204071,0
data\splits\genimage_8000_split_v4\test\real\real_00270.jpeg,real_00270.jpeg,test,real,0,baseline,jpeg_q95,"jpeg(Q95,s0)",6.837798719061539e-05,0
data\splits\genimage_8000_split_v4\test\real\real_00533.jpeg,real_00533.jpeg,test,real,0,baseline,jpeg_q95,"jpeg(Q95,s0)",0.10942603647708893,0
data\splits\genimage_8000_split_v4\test\real\real_00494.jpeg,real_00494.jpeg,test,real,0,baseline,jpeg_q95,"jpeg(Q95,s0)",0.0008727355161681771,0
data\splits\genimage_8000_split_v4\test\real\real_00317.jpeg,real_00317.jpeg,test,real,0,baseline,jpeg_q95,"jpeg(Q95,s0)",0.24945072829723358,0
data\splits\genimage_8000_split_v4\test\real\real_00296.jpeg,real_00296.jpeg,test,real,0,baseline,jpeg_q95,"jpeg(Q95,s0)",1.9750732462853193e-05,0
data\splits\genimage_8000_split_v4\test\real\real_00237.jpeg,real_00237.jpeg,test,real,0,baseline,jpeg_q95,"jpeg(Q95,s0)",2.1890857624384807e-06,0
data\splits\genimage_8000_split_v4\test\real\real_00242.jpeg,real_00242.jpeg,test,real,0,baseline,jpeg_q95,"jpeg(Q95,s0)",0.07581178098917007,0
data\splits\genimage_8000_split_v4\test\real\real_00584.jpeg,real_00584.jpeg,test,real,0,baseline,jpeg_q95,"jpeg(Q95,s0)",0.9771478176116943,1
data\splits\genimage_8000_split_v4\test\real\real_00570.jpeg,real_00570.jpeg,test,real,0,baseline,jpeg_q95,"jpeg(Q95,s0)",0.027976682409644127,0
data\splits\genimage_8000_split_v4\test\real\real_00133.jpeg,real_00133.jpeg,test,real,0,baseline,jpeg_q95,"jpeg(Q95,s0)",0.0024033228401094675,0
data\splits\genimage_8000_split_v4\test\real\real_00047.jpeg,real_00047.jpeg,test,real,0,baseline,jpeg_q95,"jpeg(Q95,s0)",0.00023781457275617868,0
data\splits\genimage_8000_split_v4\test\real\real_00480.jpeg,real_00480.jpeg,test,real,0,baseline,jpeg_q95,"jpeg(Q95,s0)",0.000524523900821805,0
data\splits\genimage_8000_split_v4\test\real\real_00210.jpeg,real_00210.jpeg,test,real,0,baseline,jpeg_q95,"jpeg(Q95,s0)",0.00030763368704356253,0
data\splits\genimage_8000_split_v4\test\real\real_00301.jpeg,real_00301.jpeg,test,real,0,baseline,jpeg_q95,"jpeg(Q95,s0)",0.06800571084022522,0
data\splits\genimage_8000_split_v4\test\real\real_00574.jpeg,real_00574.jpeg,test,real,0,baseline,jpeg_q95,"jpeg(Q95,s0)",0.18254248797893524,0
data\splits\genimage_8000_split_v4\test\real\real_00134.jpeg,real_00134.jpeg,test,real,0,baseline,jpeg_q95,"jpeg(Q95,s0)",0.2149992734193802,0
data\splits\genimage_8000_split_v4\test\real\real_00597.jpeg,real_00597.jpeg,test,real,0,baseline,jpeg_q95,"jpeg(Q95,s0)",0.8836695551872253,1
data\splits\genimage_8000_split_v4\test\real\real_00281.jpeg,real_00281.jpeg,test,real,0,baseline,jpeg_q95,"jpeg(Q95,s0)",0.7133979797363281,1
data\splits\genimage_8000_split_v4\test\real\real_00332.jpeg,real_00332.jpeg,test,real,0,baseline,jpeg_q95,"jpeg(Q95,s0)",0.033540990203619,0
data\splits\genimage_8000_split_v4\test\real\real_00415.jpeg,real_00415.jpeg,test,real,0,baseline,jpeg_q95,"jpeg(Q95,s0)",2.249248427688144e-05,0
data\splits\genimage_8000_split_v4\test\real\real_00093.jpeg,real_00093.jpeg,test,real,0,baseline,jpeg_q95,"jpeg(Q95,s0)",0.014589047059416771,0
data\splits\genimage_8000_split_v4\test\real\real_00526.jpeg,real_00526.jpeg,test,real,0,baseline,jpeg_q95,"jpeg(Q95,s0)",3.6657991131505696e-07,0
data\splits\genimage_8000_split_v4\test\real\real_00259.jpeg,real_00259.jpeg,test,real,0,baseline,jpeg_q95,"jpeg(Q95,s0)",4.364346750662662e-05,0
data\splits\genimage_8000_split_v4\test\real\real_00128.jpeg,real_00128.jpeg,test,real,0,baseline,jpeg_q95,"jpeg(Q95,s0)",0.24128708243370056,0
data\splits\genimage_8000_split_v4\test\real\real_00173.jpeg,real_00173.jpeg,test,real,0,baseline,jpeg_q95,"jpeg(Q95,s0)",0.006494004279375076,0
data\splits\genimage_8000_split_v4\test\real\real_00005.jpeg,real_00005.jpeg,test,real,0,baseline,jpeg_q95,"jpeg(Q95,s0)",1.8826988579245807e-10,0
data\splits\genimage_8000_split_v4\test\real\real_00532.jpeg,real_00532.jpeg,test,real,0,baseline,jpeg_q95,"jpeg(Q95,s0)",0.7376772165298462,1
data\splits\genimage_8000_split_v4\test\real\real_00061.jpeg,real_00061.jpeg,test,real,0,baseline,jpeg_q95,"jpeg(Q95,s0)",9.631537523091538e-08,0
data\splits\genimage_8000_split_v4\test\real\real_00313.jpeg,real_00313.jpeg,test,real,0,baseline,jpeg_q95,"jpeg(Q95,s0)",3.6589819501386955e-05,0
data\splits\genimage_8000_split_v4\test\real\real_00130.jpeg,real_00130.jpeg,test,real,0,baseline,jpeg_q95,"jpeg(Q95,s0)",0.0004001979250460863,0
data\splits\genimage_8000_split_v4\test\real\real_00454.jpeg,real_00454.jpeg,test,real,0,baseline,jpeg_q95,"jpeg(Q95,s0)",1.2995596080145333e-05,0
data\splits\genimage_8000_split_v4\test\real\real_00204.jpeg,real_00204.jpeg,test,real,0,baseline,jpeg_q95,"jpeg(Q95,s0)",0.00042103714076802135,0
data\splits\genimage_8000_split_v4\test\real\real_00337.jpeg,real_00337.jpeg,test,real,0,baseline,jpeg_q95,"jpeg(Q95,s0)",0.03125369921326637,0
data\splits\genimage_8000_split_v4\test\real\real_00195.jpeg,real_00195.jpeg,test,real,0,baseline,jpeg_q95,"jpeg(Q95,s0)",0.0003906796337105334,0
data\splits\genimage_8000_split_v4\test\real\real_00187.jpeg,real_00187.jpeg,test,real,0,baseline,jpeg_q95,"jpeg(Q95,s0)",6.78453432101378e-07,0
data\splits\genimage_8000_split_v4\test\real\real_00489.jpeg,real_00489.jpeg,test,real,0,baseline,jpeg_q95,"jpeg(Q95,s0)",7.981597605066781e-08,0
data\splits\genimage_8000_split_v4\test\real\real_00385.jpeg,real_00385.jpeg,test,real,0,baseline,jpeg_q95,"jpeg(Q95,s0)",0.02270001545548439,0
data\splits\genimage_8000_split_v4\test\real\real_00221.jpeg,real_00221.jpeg,test,real,0,baseline,jpeg_q95,"jpeg(Q95,s0)",6.659435166511685e-05,0
data\splits\genimage_8000_split_v4\test\real\real_00027.jpeg,real_00027.jpeg,test,real,0,baseline,jpeg_q95,"jpeg(Q95,s0)",0.6709963083267212,1
data\splits\genimage_8000_split_v4\test\real\real_00022.jpeg,real_00022.jpeg,test,real,0,baseline,jpeg_q95,"jpeg(Q95,s0)",6.816808308940381e-05,0
data\splits\genimage_8000_split_v4\test\real\real_00331.jpeg,real_00331.jpeg,test,real,0,baseline,jpeg_q95,"jpeg(Q95,s0)",0.2607175409793854,0
data\splits\genimage_8000_split_v4\test\real\real_00159.jpeg,real_00159.jpeg,test,real,0,baseline,jpeg_q95,"jpeg(Q95,s0)",2.076526016026037e-06,0
data\splits\genimage_8000_split_v4\test\real\real_00068.jpeg,real_00068.jpeg,test,real,0,baseline,jpeg_q95,"jpeg(Q95,s0)",0.07895029336214066,0
data\splits\genimage_8000_split_v4\test\real\real_00127.jpeg,real_00127.jpeg,test,real,0,baseline,jpeg_q95,"jpeg(Q95,s0)",8.402873845625436e-07,0
data\splits\genimage_8000_split_v4\test\real\real_00420.jpeg,real_00420.jpeg,test,real,0,baseline,jpeg_q95,"jpeg(Q95,s0)",0.15362785756587982,0
data\splits\genimage_8000_split_v4\test\real\real_00510.jpeg,real_00510.jpeg,test,real,0,baseline,jpeg_q95,"jpeg(Q95,s0)",7.915927199064754e-06,0
data\splits\genimage_8000_split_v4\test\real\real_00106.jpeg,real_00106.jpeg,test,real,0,baseline,jpeg_q95,"jpeg(Q95,s0)",0.0230014156550169,0
data\splits\genimage_8000_split_v4\test\real\real_00599.jpeg,real_00599.jpeg,test,real,0,baseline,jpeg_q95,"jpeg(Q95,s0)",1.3869197573512793e-05,0
data\splits\genimage_8000_split_v4\test\real\real_00419.jpeg,real_00419.jpeg,test,real,0,baseline,jpeg_q95,"jpeg(Q95,s0)",0.0001132104080170393,0
data\splits\genimage_8000_split_v4\test\real\real_00286.jpeg,real_00286.jpeg,test,real,0,baseline,jpeg_q95,"jpeg(Q95,s0)",0.22989463806152344,0
data\splits\genimage_8000_split_v4\test\real\real_00341.jpeg,real_00341.jpeg,test,real,0,baseline,jpeg_q95,"jpeg(Q95,s0)",0.009496130980551243,0
data\splits\genimage_8000_split_v4\test\real\real_00263.jpeg,real_00263.jpeg,test,real,0,baseline,jpeg_q95,"jpeg(Q95,s0)",0.0010333734098821878,0
data\splits\genimage_8000_split_v4\test\real\real_00255.jpeg,real_00255.jpeg,test,real,0,baseline,jpeg_q95,"jpeg(Q95,s0)",0.6073870658874512,1
data\splits\genimage_8000_split_v4\test\real\real_00335.jpeg,real_00335.jpeg,test,real,0,baseline,jpeg_q95,"jpeg(Q95,s0)",0.001451980322599411,0
data\splits\genimage_8000_split_v4\test\real\real_00174.jpeg,real_00174.jpeg,test,real,0,baseline,jpeg_q95,"jpeg(Q95,s0)",0.0005189174553379416,0
data\splits\genimage_8000_split_v4\test\real\real_00243.jpeg,real_00243.jpeg,test,real,0,baseline,jpeg_q95,"jpeg(Q95,s0)",0.19873003661632538,0
data\splits\genimage_8000_split_v4\test\real\real_00140.jpeg,real_00140.jpeg,test,real,0,baseline,jpeg_q95,"jpeg(Q95,s0)",0.2624727189540863,0
data\splits\genimage_8000_split_v4\test\real\real_00582.jpeg,real_00582.jpeg,test,real,0,baseline,jpeg_q95,"jpeg(Q95,s0)",3.627131081884727e-05,0
data\splits\genimage_8000_split_v4\test\real\real_00542.jpeg,real_00542.jpeg,test,real,0,baseline,jpeg_q95,"jpeg(Q95,s0)",0.3849387764930725,0
data\splits\genimage_8000_split_v4\test\real\real_00547.jpeg,real_00547.jpeg,test,real,0,baseline,jpeg_q95,"jpeg(Q95,s0)",2.1166037811326532e-08,0
data\splits\genimage_8000_split_v4\test\real\real_00287.jpeg,real_00287.jpeg,test,real,0,baseline,jpeg_q95,"jpeg(Q95,s0)",0.7363934516906738,1
data\splits\genimage_8000_split_v4\test\real\real_00144.jpeg,real_00144.jpeg,test,real,0,baseline,jpeg_q95,"jpeg(Q95,s0)",0.0030260980129241943,0
data\splits\genimage_8000_split_v4\test\real\real_00214.jpeg,real_00214.jpeg,test,real,0,baseline,jpeg_q95,"jpeg(Q95,s0)",0.00016580100054852664,0
data\splits\genimage_8000_split_v4\test\real\real_00234.jpeg,real_00234.jpeg,test,real,0,baseline,jpeg_q95,"jpeg(Q95,s0)",0.7063870429992676,1
data\splits\genimage_8000_split_v4\test\real\real_00595.jpeg,real_00595.jpeg,test,real,0,baseline,jpeg_q95,"jpeg(Q95,s0)",0.0001948714634636417,0
data\splits\genimage_8000_split_v4\test\real\real_00075.jpeg,real_00075.jpeg,test,real,0,baseline,jpeg_q95,"jpeg(Q95,s0)",6.405975749856907e-11,0
data\splits\genimage_8000_split_v4\test\real\real_00295.jpeg,real_00295.jpeg,test,real,0,baseline,jpeg_q95,"jpeg(Q95,s0)",0.017387228086590767,0
data\splits\genimage_8000_split_v4\test\real\real_00070.jpeg,real_00070.jpeg,test,real,0,baseline,jpeg_q95,"jpeg(Q95,s0)",0.004645689390599728,0
data\splits\genimage_8000_split_v4\test\real\real_00148.jpeg,real_00148.jpeg,test,real,0,baseline,jpeg_q95,"jpeg(Q95,s0)",3.074810308589804e-07,0
data\splits\genimage_8000_split_v4\test\real\real_00491.jpeg,real_00491.jpeg,test,real,0,baseline,jpeg_q95,"jpeg(Q95,s0)",0.05990548059344292,0
data\splits\genimage_8000_split_v4\test\real\real_00090.jpeg,real_00090.jpeg,test,real,0,baseline,jpeg_q95,"jpeg(Q95,s0)",0.0018565006321296096,0
data\splits\genimage_8000_split_v4\test\real\real_00063.jpeg,real_00063.jpeg,test,real,0,baseline,jpeg_q95,"jpeg(Q95,s0)",0.12798233330249786,0
data\splits\genimage_8000_split_v4\test\real\real_00334.jpeg,real_00334.jpeg,test,real,0,baseline,jpeg_q95,"jpeg(Q95,s0)",0.004243639763444662,0
data\splits\genimage_8000_split_v4\test\real\real_00530.jpeg,real_00530.jpeg,test,real,0,baseline,jpeg_q95,"jpeg(Q95,s0)",0.0008884883136488497,0
data\splits\genimage_8000_split_v4\test\real\real_00069.jpeg,real_00069.jpeg,test,real,0,baseline,jpeg_q95,"jpeg(Q95,s0)",0.009664030745625496,0
data\splits\genimage_8000_split_v4\test\real\real_00109.jpeg,real_00109.jpeg,test,real,0,baseline,jpeg_q95,"jpeg(Q95,s0)",4.373173396743368e-06,0
data\splits\genimage_8000_split_v4\test\real\real_00321.jpeg,real_00321.jpeg,test,real,0,baseline,jpeg_q95,"jpeg(Q95,s0)",0.4130685329437256,0
data\splits\genimage_8000_split_v4\test\real\real_00126.jpeg,real_00126.jpeg,test,real,0,baseline,jpeg_q95,"jpeg(Q95,s0)",0.25525781512260437,0
data\splits\genimage_8000_split_v4\test\real\real_00358.jpeg,real_00358.jpeg,test,real,0,baseline,jpeg_q95,"jpeg(Q95,s0)",0.22096867859363556,0
data\splits\genimage_8000_split_v4\test\real\real_00364.jpeg,real_00364.jpeg,test,real,0,baseline,jpeg_q95,"jpeg(Q95,s0)",0.0009542306652292609,0
data\splits\genimage_8000_split_v4\test\real\real_00209.jpeg,real_00209.jpeg,test,real,0,baseline,jpeg_q95,"jpeg(Q95,s0)",0.024489715695381165,0
data\splits\genimage_8000_split_v4\test\real\real_00292.jpeg,real_00292.jpeg,test,real,0,baseline,jpeg_q95,"jpeg(Q95,s0)",0.07674834132194519,0
data\splits\genimage_8000_split_v4\test\real\real_00473.jpeg,real_00473.jpeg,test,real,0,baseline,jpeg_q95,"jpeg(Q95,s0)",0.004727877676486969,0
data\splits\genimage_8000_split_v4\test\real\real_00367.jpeg,real_00367.jpeg,test,real,0,baseline,jpeg_q95,"jpeg(Q95,s0)",0.00010965330147882923,0
data\splits\genimage_8000_split_v4\test\real\real_00228.jpeg,real_00228.jpeg,test,real,0,baseline,jpeg_q95,"jpeg(Q95,s0)",0.003533674171194434,0
data\splits\genimage_8000_split_v4\test\real\real_00463.jpeg,real_00463.jpeg,test,real,0,baseline,jpeg_q95,"jpeg(Q95,s0)",6.35718777175498e-07,0
data\splits\genimage_8000_split_v4\test\real\real_00529.jpeg,real_00529.jpeg,test,real,0,baseline,jpeg_q95,"jpeg(Q95,s0)",0.9754628539085388,1
data\splits\genimage_8000_split_v4\test\real\real_00376.jpeg,real_00376.jpeg,test,real,0,baseline,jpeg_q95,"jpeg(Q95,s0)",1.939589537869324e-06,0
data\splits\genimage_8000_split_v4\test\real\real_00089.jpeg,real_00089.jpeg,test,real,0,baseline,jpeg_q95,"jpeg(Q95,s0)",0.02845180593430996,0
data\splits\genimage_8000_split_v4\test\real\real_00409.jpeg,real_00409.jpeg,test,real,0,baseline,jpeg_q95,"jpeg(Q95,s0)",7.52775595174171e-05,0
data\splits\genimage_8000_split_v4\test\real\real_00456.jpeg,real_00456.jpeg,test,real,0,baseline,jpeg_q95,"jpeg(Q95,s0)",0.0004767185018863529,0
data\splits\genimage_8000_split_v4\test\real\real_00378.jpeg,real_00378.jpeg,test,real,0,baseline,jpeg_q95,"jpeg(Q95,s0)",0.015901487320661545,0
data\splits\genimage_8000_split_v4\test\real\real_00596.jpeg,real_00596.jpeg,test,real,0,baseline,jpeg_q95,"jpeg(Q95,s0)",0.00934630911797285,0
data\splits\genimage_8000_split_v4\test\real\real_00477.jpeg,real_00477.jpeg,test,real,0,baseline,jpeg_q95,"jpeg(Q95,s0)",0.019694706425070763,0
data\splits\genimage_8000_split_v4\test\real\real_00261.jpeg,real_00261.jpeg,test,real,0,baseline,jpeg_q95,"jpeg(Q95,s0)",2.725604417719296e-06,0
data\splits\genimage_8000_split_v4\test\real\real_00273.jpeg,real_00273.jpeg,test,real,0,baseline,jpeg_q95,"jpeg(Q95,s0)",0.17017264664173126,0
data\splits\genimage_8000_split_v4\test\real\real_00100.jpeg,real_00100.jpeg,test,real,0,baseline,jpeg_q95,"jpeg(Q95,s0)",5.856529844416869e-11,0
data\splits\genimage_8000_split_v4\test\real\real_00080.jpeg,real_00080.jpeg,test,real,0,baseline,jpeg_q95,"jpeg(Q95,s0)",9.556845270708436e-07,0
data\splits\genimage_8000_split_v4\test\real\real_00009.jpeg,real_00009.jpeg,test,real,0,baseline,jpeg_q95,"jpeg(Q95,s0)",0.8878315687179565,1
data\splits\genimage_8000_split_v4\test\real\real_00167.jpeg,real_00167.jpeg,test,real,0,baseline,jpeg_q95,"jpeg(Q95,s0)",7.641899890664661e-10,0
data\splits\genimage_8000_split_v4\test\real\real_00571.jpeg,real_00571.jpeg,test,real,0,baseline,jpeg_q95,"jpeg(Q95,s0)",0.9708751440048218,1
data\splits\genimage_8000_split_v4\test\real\real_00218.jpeg,real_00218.jpeg,test,real,0,baseline,jpeg_q95,"jpeg(Q95,s0)",6.472937457147054e-06,0
data\splits\genimage_8000_split_v4\test\real\real_00355.jpeg,real_00355.jpeg,test,real,0,baseline,jpeg_q95,"jpeg(Q95,s0)",0.020003193989396095,0
data\splits\genimage_8000_split_v4\test\real\real_00406.jpeg,real_00406.jpeg,test,real,0,baseline,jpeg_q95,"jpeg(Q95,s0)",0.12927429378032684,0
data\splits\genimage_8000_split_v4\test\real\real_00302.jpeg,real_00302.jpeg,test,real,0,baseline,jpeg_q95,"jpeg(Q95,s0)",0.212724506855011,0
data\splits\genimage_8000_split_v4\test\real\real_00010.jpeg,real_00010.jpeg,test,real,0,baseline,jpeg_q95,"jpeg(Q95,s0)",0.8629271388053894,1
data\splits\genimage_8000_split_v4\test\real\real_00405.jpeg,real_00405.jpeg,test,real,0,baseline,jpeg_q95,"jpeg(Q95,s0)",4.612765769707039e-05,0
data\splits\genimage_8000_split_v4\test\real\real_00447.jpeg,real_00447.jpeg,test,real,0,baseline,jpeg_q95,"jpeg(Q95,s0)",0.000429763225838542,0
data\splits\genimage_8000_split_v4\test\real\real_00379.jpeg,real_00379.jpeg,test,real,0,baseline,jpeg_q95,"jpeg(Q95,s0)",0.006223504897207022,0
data\splits\genimage_8000_split_v4\test\real\real_00319.jpeg,real_00319.jpeg,test,real,0,baseline,jpeg_q95,"jpeg(Q95,s0)",0.31900352239608765,0
data\splits\genimage_8000_split_v4\test\real\real_00543.jpeg,real_00543.jpeg,test,real,0,baseline,jpeg_q95,"jpeg(Q95,s0)",0.38213014602661133,0
data\splits\genimage_8000_split_v4\test\real\real_00539.jpeg,real_00539.jpeg,test,real,0,baseline,jpeg_q95,"jpeg(Q95,s0)",0.09709007292985916,0
data\splits\genimage_8000_split_v4\test\real\real_00579.jpeg,real_00579.jpeg,test,real,0,baseline,jpeg_q95,"jpeg(Q95,s0)",0.054343439638614655,0
data\splits\genimage_8000_split_v4\test\real\real_00459.jpeg,real_00459.jpeg,test,real,0,baseline,jpeg_q95,"jpeg(Q95,s0)",0.5669905543327332,1
data\splits\genimage_8000_split_v4\test\real\real_00587.jpeg,real_00587.jpeg,test,real,0,baseline,jpeg_q95,"jpeg(Q95,s0)",3.3572036262086158e-09,0
data\splits\genimage_8000_split_v4\test\real\real_00114.jpeg,real_00114.jpeg,test,real,0,baseline,jpeg_q95,"jpeg(Q95,s0)",0.00029236706905066967,0
data\splits\genimage_8000_split_v4\test\real\real_00479.jpeg,real_00479.jpeg,test,real,0,baseline,jpeg_q95,"jpeg(Q95,s0)",5.25610721524572e-06,0
data\splits\genimage_8000_split_v4\test\real\real_00488.jpeg,real_00488.jpeg,test,real,0,baseline,jpeg_q95,"jpeg(Q95,s0)",0.0817447155714035,0
data\splits\genimage_8000_split_v4\test\real\real_00360.jpeg,real_00360.jpeg,test,real,0,baseline,jpeg_q95,"jpeg(Q95,s0)",2.8744592782459222e-05,0
data\splits\genimage_8000_split_v4\test\real\real_00363.jpeg,real_00363.jpeg,test,real,0,baseline,jpeg_q95,"jpeg(Q95,s0)",0.0937686637043953,0
data\splits\genimage_8000_split_v4\test\real\real_00350.jpeg,real_00350.jpeg,test,real,0,baseline,jpeg_q95,"jpeg(Q95,s0)",1.7328767398794298e-07,0
data\splits\genimage_8000_split_v4\test\real\real_00441.jpeg,real_00441.jpeg,test,real,0,baseline,jpeg_q95,"jpeg(Q95,s0)",0.7826992273330688,1
data\splits\genimage_8000_split_v4\test\real\real_00003.jpeg,real_00003.jpeg,test,real,0,baseline,jpeg_q95,"jpeg(Q95,s0)",0.46995869278907776,0
data\splits\genimage_8000_split_v4\test\real\real_00217.jpeg,real_00217.jpeg,test,real,0,baseline,jpeg_q95,"jpeg(Q95,s0)",2.182338448619703e-06,0
data\splits\genimage_8000_split_v4\test\real\real_00465.jpeg,real_00465.jpeg,test,real,0,baseline,jpeg_q95,"jpeg(Q95,s0)",0.9932125806808472,1
data\splits\genimage_8000_split_v4\test\real\real_00442.jpeg,real_00442.jpeg,test,real,0,baseline,jpeg_q95,"jpeg(Q95,s0)",0.0007609979365952313,0
data\splits\genimage_8000_split_v4\test\real\real_00233.jpeg,real_00233.jpeg,test,real,0,baseline,jpeg_q95,"jpeg(Q95,s0)",8.35408063721843e-05,0
data\splits\genimage_8000_split_v4\test\real\real_00161.jpeg,real_00161.jpeg,test,real,0,baseline,jpeg_q95,"jpeg(Q95,s0)",0.00021037354599684477,0
data\splits\genimage_8000_split_v4\test\real\real_00412.jpeg,real_00412.jpeg,test,real,0,baseline,jpeg_q95,"jpeg(Q95,s0)",0.009769768454134464,0
data\splits\genimage_8000_split_v4\test\real\real_00468.jpeg,real_00468.jpeg,test,real,0,baseline,jpeg_q95,"jpeg(Q95,s0)",0.002083362312987447,0
data\splits\genimage_8000_split_v4\test\real\real_00125.jpeg,real_00125.jpeg,test,real,0,baseline,jpeg_q95,"jpeg(Q95,s0)",0.27612438797950745,0
data\splits\genimage_8000_split_v4\test\real\real_00186.jpeg,real_00186.jpeg,test,real,0,baseline,jpeg_q95,"jpeg(Q95,s0)",7.81497021762334e-07,0
data\splits\genimage_8000_split_v4\test\real\real_00172.jpeg,real_00172.jpeg,test,real,0,baseline,jpeg_q95,"jpeg(Q95,s0)",1.6257613424386363e-06,0
data\splits\genimage_8000_split_v4\test\real\real_00467.jpeg,real_00467.jpeg,test,real,0,baseline,jpeg_q95,"jpeg(Q95,s0)",0.0009367303573526442,0
data\splits\genimage_8000_split_v4\test\real\real_00323.jpeg,real_00323.jpeg,test,real,0,baseline,jpeg_q95,"jpeg(Q95,s0)",2.2193335098563693e-05,0
data\splits\genimage_8000_split_v4\test\real\real_00203.jpeg,real_00203.jpeg,test,real,0,baseline,jpeg_q95,"jpeg(Q95,s0)",0.006330718286335468,0
data\splits\genimage_8000_split_v4\test\real\real_00552.jpeg,real_00552.jpeg,test,real,0,baseline,jpeg_q95,"jpeg(Q95,s0)",0.03582730516791344,0
data\splits\genimage_8000_split_v4\test\real\real_00034.jpeg,real_00034.jpeg,test,real,0,baseline,jpeg_q95,"jpeg(Q95,s0)",0.0015413712244480848,0
data\splits\genimage_8000_split_v4\test\real\real_00142.jpeg,real_00142.jpeg,test,real,0,baseline,jpeg_q95,"jpeg(Q95,s0)",0.05040554329752922,0
data\splits\genimage_8000_split_v4\test\real\real_00059.jpeg,real_00059.jpeg,test,real,0,baseline,jpeg_q95,"jpeg(Q95,s0)",1.460019927179701e-08,0
data\splits\genimage_8000_split_v4\test\real\real_00021.jpeg,real_00021.jpeg,test,real,0,baseline,jpeg_q95,"jpeg(Q95,s0)",0.08811216801404953,0
data\splits\genimage_8000_split_v4\test\real\real_00525.jpeg,real_00525.jpeg,test,real,0,baseline,jpeg_q95,"jpeg(Q95,s0)",8.556750253774226e-05,0
data\splits\genimage_8000_split_v4\test\real\real_00275.jpeg,real_00275.jpeg,test,real,0,baseline,jpeg_q95,"jpeg(Q95,s0)",0.3250761926174164,0
data\splits\genimage_8000_split_v4\test\real\real_00430.jpeg,real_00430.jpeg,test,real,0,baseline,jpeg_q95,"jpeg(Q95,s0)",0.0001094780964194797,0
data\splits\genimage_8000_split_v4\test\real\real_00349.jpeg,real_00349.jpeg,test,real,0,baseline,jpeg_q95,"jpeg(Q95,s0)",4.426127908629951e-09,0
data\splits\genimage_8000_split_v4\test\real\real_00373.jpeg,real_00373.jpeg,test,real,0,baseline,jpeg_q95,"jpeg(Q95,s0)",0.9083464741706848,1
data\splits\genimage_8000_split_v4\test\real\real_00078.jpeg,real_00078.jpeg,test,real,0,baseline,jpeg_q95,"jpeg(Q95,s0)",0.012222332879900932,0
data\splits\genimage_8000_split_v4\test\real\real_00437.jpeg,real_00437.jpeg,test,real,0,baseline,jpeg_q95,"jpeg(Q95,s0)",9.848439930237873e-08,0
data\splits\genimage_8000_split_v4\test\real\real_00520.jpeg,real_00520.jpeg,test,real,0,baseline,jpeg_q95,"jpeg(Q95,s0)",7.489135441574035e-06,0
data\splits\genimage_8000_split_v4\test\real\real_00564.jpeg,real_00564.jpeg,test,real,0,baseline,jpeg_q95,"jpeg(Q95,s0)",0.018543196842074394,0
data\splits\genimage_8000_split_v4\test\real\real_00578.jpeg,real_00578.jpeg,test,real,0,baseline,jpeg_q95,"jpeg(Q95,s0)",0.03587566688656807,0
data\splits\genimage_8000_split_v4\test\real\real_00225.jpeg,real_00225.jpeg,test,real,0,baseline,jpeg_q95,"jpeg(Q95,s0)",0.0009038170683197677,0
data\splits\genimage_8000_split_v4\test\real\real_00232.jpeg,real_00232.jpeg,test,real,0,baseline,jpeg_q95,"jpeg(Q95,s0)",5.001185400033137e-06,0
data\splits\genimage_8000_split_v4\test\real\real_00194.jpeg,real_00194.jpeg,test,real,0,baseline,jpeg_q95,"jpeg(Q95,s0)",3.784328406197801e-10,0
data\splits\genimage_8000_split_v4\test\real\real_00278.jpeg,real_00278.jpeg,test,real,0,baseline,jpeg_q95,"jpeg(Q95,s0)",7.436459554810426e-07,0
data\splits\genimage_8000_split_v4\test\real\real_00168.jpeg,real_00168.jpeg,test,real,0,baseline,jpeg_q95,"jpeg(Q95,s0)",5.017481817048974e-05,0
data\splits\genimage_8000_split_v4\test\real\real_00145.jpeg,real_00145.jpeg,test,real,0,baseline,jpeg_q95,"jpeg(Q95,s0)",0.7144362926483154,1
data\splits\genimage_8000_split_v4\test\real\real_00495.jpeg,real_00495.jpeg,test,real,0,baseline,jpeg_q95,"jpeg(Q95,s0)",1.2256983609404415e-05,0
data\splits\genimage_8000_split_v4\test\real\real_00236.jpeg,real_00236.jpeg,test,real,0,baseline,jpeg_q95,"jpeg(Q95,s0)",0.00012312705803196877,0
data\splits\genimage_8000_split_v4\test\real\real_00121.jpeg,real_00121.jpeg,test,real,0,baseline,jpeg_q95,"jpeg(Q95,s0)",0.01091176737099886,0
data\splits\genimage_8000_split_v4\test\real\real_00455.jpeg,real_00455.jpeg,test,real,0,baseline,jpeg_q95,"jpeg(Q95,s0)",0.22169828414916992,0
data\splits\genimage_8000_split_v4\test\real\real_00177.jpeg,real_00177.jpeg,test,real,0,baseline,jpeg_q95,"jpeg(Q95,s0)",0.5122854113578796,1
data\splits\genimage_8000_split_v4\test\real\real_00485.jpeg,real_00485.jpeg,test,real,0,baseline,jpeg_q95,"jpeg(Q95,s0)",0.0014026541030034423,0
data\splits\genimage_8000_split_v4\test\real\real_00136.jpeg,real_00136.jpeg,test,real,0,baseline,jpeg_q95,"jpeg(Q95,s0)",0.14151647686958313,0
data\splits\genimage_8000_split_v4\test\real\real_00054.jpeg,real_00054.jpeg,test,real,0,baseline,jpeg_q95,"jpeg(Q95,s0)",0.0001147242437582463,0
data\splits\genimage_8000_split_v4\test\real\real_00470.jpeg,real_00470.jpeg,test,real,0,baseline,jpeg_q95,"jpeg(Q95,s0)",7.528980404458707e-06,0
data\splits\genimage_8000_split_v4\test\real\real_00118.jpeg,real_00118.jpeg,test,real,0,baseline,jpeg_q95,"jpeg(Q95,s0)",3.085143163161774e-08,0
data\splits\genimage_8000_split_v4\test\real\real_00153.jpeg,real_00153.jpeg,test,real,0,baseline,jpeg_q95,"jpeg(Q95,s0)",0.0020804458763450384,0
data\splits\genimage_8000_split_v4\test\real\real_00384.jpeg,real_00384.jpeg,test,real,0,baseline,jpeg_q95,"jpeg(Q95,s0)",0.00032163335708901286,0
data\splits\genimage_8000_split_v4\test\real\real_00115.jpeg,real_00115.jpeg,test,real,0,baseline,jpeg_q95,"jpeg(Q95,s0)",0.00809289701282978,0
data\splits\genimage_8000_split_v4\test\real\real_00101.jpeg,real_00101.jpeg,test,real,0,baseline,jpeg_q95,"jpeg(Q95,s0)",0.11129967868328094,0
data\splits\genimage_8000_split_v4\test\real\real_00327.jpeg,real_00327.jpeg,test,real,0,baseline,jpeg_q95,"jpeg(Q95,s0)",0.09919372946023941,0
data\splits\genimage_8000_split_v4\test\real\real_00164.jpeg,real_00164.jpeg,test,real,0,baseline,jpeg_q95,"jpeg(Q95,s0)",0.0049276212230324745,0
data\splits\genimage_8000_split_v4\test\real\real_00538.jpeg,real_00538.jpeg,test,real,0,baseline,jpeg_q95,"jpeg(Q95,s0)",0.00013780540029983968,0
data\splits\genimage_8000_split_v4\test\real\real_00049.jpeg,real_00049.jpeg,test,real,0,baseline,jpeg_q95,"jpeg(Q95,s0)",0.21854738891124725,0
data\splits\genimage_8000_split_v4\test\real\real_00544.jpeg,real_00544.jpeg,test,real,0,baseline,jpeg_q95,"jpeg(Q95,s0)",0.0014253651024773717,0
data\splits\genimage_8000_split_v4\test\real\real_00154.jpeg,real_00154.jpeg,test,real,0,baseline,jpeg_q95,"jpeg(Q95,s0)",4.503677246248117e-06,0
data\splits\genimage_8000_split_v4\test\real\real_00215.jpeg,real_00215.jpeg,test,real,0,baseline,jpeg_q95,"jpeg(Q95,s0)",0.23475231230258942,0
data\splits\genimage_8000_split_v4\test\real\real_00124.jpeg,real_00124.jpeg,test,real,0,baseline,jpeg_q95,"jpeg(Q95,s0)",9.884195151244057e-08,0
data\splits\genimage_8000_split_v4\test\real\real_00223.jpeg,real_00223.jpeg,test,real,0,baseline,jpeg_q95,"jpeg(Q95,s0)",0.015633665025234222,0
data\splits\genimage_8000_split_v4\test\real\real_00065.jpeg,real_00065.jpeg,test,real,0,baseline,jpeg_q95,"jpeg(Q95,s0)",0.944378674030304,1
data\splits\genimage_8000_split_v4\test\real\real_00282.jpeg,real_00282.jpeg,test,real,0,baseline,jpeg_q95,"jpeg(Q95,s0)",7.290794201253448e-06,0
data\splits\genimage_8000_split_v4\test\real\real_00267.jpeg,real_00267.jpeg,test,real,0,baseline,jpeg_q95,"jpeg(Q95,s0)",0.0009576172451488674,0
data\splits\genimage_8000_split_v4\test\real\real_00343.jpeg,real_00343.jpeg,test,real,0,baseline,jpeg_q95,"jpeg(Q95,s0)",0.0231840331107378,0
data\splits\genimage_8000_split_v4\test\real\real_00421.jpeg,real_00421.jpeg,test,real,0,baseline,jpeg_q95,"jpeg(Q95,s0)",1.3436108996234264e-11,0
data\splits\genimage_8000_split_v4\test\real\real_00531.jpeg,real_00531.jpeg,test,real,0,baseline,jpeg_q95,"jpeg(Q95,s0)",0.000913540308829397,0
data\splits\genimage_8000_split_v4\test\real\real_00575.jpeg,real_00575.jpeg,test,real,0,baseline,jpeg_q95,"jpeg(Q95,s0)",0.0016465551452711225,0
data\splits\genimage_8000_split_v4\test\real\real_00290.jpeg,real_00290.jpeg,test,real,0,baseline,jpeg_q95,"jpeg(Q95,s0)",4.9467769713373855e-05,0
data\splits\genimage_8000_split_v4\test\real\real_00336.jpeg,real_00336.jpeg,test,real,0,baseline,jpeg_q95,"jpeg(Q95,s0)",5.3735463995119304e-11,0
data\splits\genimage_8000_split_v4\test\real\real_00306.jpeg,real_00306.jpeg,test,real,0,baseline,jpeg_q95,"jpeg(Q95,s0)",0.1500222086906433,0
data\splits\genimage_8000_split_v4\test\real\real_00231.jpeg,real_00231.jpeg,test,real,0,baseline,jpeg_q95,"jpeg(Q95,s0)",0.0015340005047619343,0
data\splits\genimage_8000_split_v4\test\real\real_00002.jpeg,real_00002.jpeg,test,real,0,baseline,jpeg_q95,"jpeg(Q95,s0)",0.11346510052680969,0
data\splits\genimage_8000_split_v4\test\real\real_00504.jpeg,real_00504.jpeg,test,real,0,baseline,jpeg_q95,"jpeg(Q95,s0)",0.0035705280024558306,0
data\splits\genimage_8000_split_v4\test\real\real_00536.jpeg,real_00536.jpeg,test,real,0,baseline,jpeg_q95,"jpeg(Q95,s0)",0.00020252280228305608,0
data\splits\genimage_8000_split_v4\test\real\real_00362.jpeg,real_00362.jpeg,test,real,0,baseline,jpeg_q95,"jpeg(Q95,s0)",0.0026581743732094765,0
data\splits\genimage_8000_split_v4\test\real\real_00199.jpeg,real_00199.jpeg,test,real,0,baseline,jpeg_q95,"jpeg(Q95,s0)",0.008958329446613789,0
data\splits\genimage_8000_split_v4\test\real\real_00023.jpeg,real_00023.jpeg,test,real,0,baseline,jpeg_q95,"jpeg(Q95,s0)",3.879968517139787e-06,0
data\splits\genimage_8000_split_v4\test\real\real_00433.jpeg,real_00433.jpeg,test,real,0,baseline,jpeg_q95,"jpeg(Q95,s0)",0.2350568324327469,0
data\splits\genimage_8000_split_v4\test\real\real_00484.jpeg,real_00484.jpeg,test,real,0,baseline,jpeg_q95,"jpeg(Q95,s0)",0.4350576400756836,0
data\splits\genimage_8000_split_v4\test\real\real_00110.jpeg,real_00110.jpeg,test,real,0,baseline,jpeg_q95,"jpeg(Q95,s0)",8.206875645555556e-05,0
data\splits\genimage_8000_split_v4\test\real\real_00305.jpeg,real_00305.jpeg,test,real,0,baseline,jpeg_q95,"jpeg(Q95,s0)",0.26795893907546997,0
data\splits\genimage_8000_split_v4\test\real\real_00352.jpeg,real_00352.jpeg,test,real,0,baseline,jpeg_q95,"jpeg(Q95,s0)",0.07342256605625153,0
data\splits\genimage_8000_split_v4\test\real\real_00256.jpeg,real_00256.jpeg,test,real,0,baseline,jpeg_q95,"jpeg(Q95,s0)",0.007736025378108025,0
data\splits\genimage_8000_split_v4\test\real\real_00404.jpeg,real_00404.jpeg,test,real,0,baseline,jpeg_q95,"jpeg(Q95,s0)",0.06969858705997467,0
data\splits\genimage_8000_split_v4\test\real\real_00523.jpeg,real_00523.jpeg,test,real,0,baseline,jpeg_q95,"jpeg(Q95,s0)",0.047271497547626495,0
data\splits\genimage_8000_split_v4\test\real\real_00513.jpeg,real_00513.jpeg,test,real,0,baseline,jpeg_q95,"jpeg(Q95,s0)",0.25606194138526917,0
data\splits\genimage_8000_split_v4\test\real\real_00108.jpeg,real_00108.jpeg,test,real,0,baseline,jpeg_q95,"jpeg(Q95,s0)",0.011534258723258972,0
data\splits\genimage_8000_split_v4\test\real\real_00119.jpeg,real_00119.jpeg,test,real,0,baseline,jpeg_q95,"jpeg(Q95,s0)",0.21782758831977844,0
data\splits\genimage_8000_split_v4\test\real\real_00511.jpeg,real_00511.jpeg,test,real,0,baseline,jpeg_q95,"jpeg(Q95,s0)",0.05662623420357704,0
data\splits\genimage_8000_split_v4\test\real\real_00073.jpeg,real_00073.jpeg,test,real,0,baseline,jpeg_q95,"jpeg(Q95,s0)",5.184762619236949e-10,0
data\splits\genimage_8000_split_v4\test\real\real_00469.jpeg,real_00469.jpeg,test,real,0,baseline,jpeg_q95,"jpeg(Q95,s0)",0.009774700738489628,0
data\splits\genimage_8000_split_v4\test\real\real_00035.jpeg,real_00035.jpeg,test,real,0,baseline,jpeg_q95,"jpeg(Q95,s0)",1.393415345773974e-06,0
data\splits\genimage_8000_split_v4\test\real\real_00427.jpeg,real_00427.jpeg,test,real,0,baseline,jpeg_q95,"jpeg(Q95,s0)",4.4133985284133814e-06,0
data\splits\genimage_8000_split_v4\test\real\real_00000.jpeg,real_00000.jpeg,test,real,0,baseline,jpeg_q95,"jpeg(Q95,s0)",0.0006057742284610868,0
data\splits\genimage_8000_split_v4\test\real\real_00066.jpeg,real_00066.jpeg,test,real,0,baseline,jpeg_q95,"jpeg(Q95,s0)",0.0005128514603711665,0
data\splits\genimage_8000_split_v4\test\real\real_00052.jpeg,real_00052.jpeg,test,real,0,baseline,jpeg_q95,"jpeg(Q95,s0)",1.070692997018341e-05,0
data\splits\genimage_8000_split_v4\test\real\real_00483.jpeg,real_00483.jpeg,test,real,0,baseline,jpeg_q95,"jpeg(Q95,s0)",3.75144304598507e-06,0
data\splits\genimage_8000_split_v4\test\real\real_00020.jpeg,real_00020.jpeg,test,real,0,baseline,jpeg_q95,"jpeg(Q95,s0)",0.7015091776847839,1
data\splits\genimage_8000_split_v4\test\real\real_00540.jpeg,real_00540.jpeg,test,real,0,baseline,jpeg_q95,"jpeg(Q95,s0)",0.0005602710880339146,0
data\splits\genimage_8000_split_v4\test\real\real_00383.jpeg,real_00383.jpeg,test,real,0,baseline,jpeg_q95,"jpeg(Q95,s0)",4.056423858855851e-05,0
data\splits\genimage_8000_split_v4\test\real\real_00129.jpeg,real_00129.jpeg,test,real,0,baseline,jpeg_q95,"jpeg(Q95,s0)",2.6133062647204497e-07,0
data\splits\genimage_8000_split_v4\test\real\real_00505.jpeg,real_00505.jpeg,test,real,0,baseline,jpeg_q95,"jpeg(Q95,s0)",5.586696036341543e-12,0
data\splits\genimage_8000_split_v4\test\real\real_00517.jpeg,real_00517.jpeg,test,real,0,baseline,jpeg_q95,"jpeg(Q95,s0)",0.0007938180351629853,0
data\splits\genimage_8000_split_v4\test\real\real_00291.jpeg,real_00291.jpeg,test,real,0,baseline,jpeg_q95,"jpeg(Q95,s0)",5.0471635404392146e-06,0
data\splits\genimage_8000_split_v4\test\real\real_00328.jpeg,real_00328.jpeg,test,real,0,baseline,jpeg_q95,"jpeg(Q95,s0)",0.370500773191452,0
data\splits\genimage_8000_split_v4\test\real\real_00082.jpeg,real_00082.jpeg,test,real,0,baseline,jpeg_q95,"jpeg(Q95,s0)",4.877273251935321e-09,0
data\splits\genimage_8000_split_v4\test\real\real_00413.jpeg,real_00413.jpeg,test,real,0,baseline,jpeg_q95,"jpeg(Q95,s0)",0.0037355676759034395,0
data\splits\genimage_8000_split_v4\test\real\real_00201.jpeg,real_00201.jpeg,test,real,0,baseline,jpeg_q95,"jpeg(Q95,s0)",0.027794940397143364,0
data\splits\genimage_8000_split_v4\test\real\real_00422.jpeg,real_00422.jpeg,test,real,0,baseline,jpeg_q95,"jpeg(Q95,s0)",0.2849125862121582,0
data\splits\genimage_8000_split_v4\test\real\real_00481.jpeg,real_00481.jpeg,test,real,0,baseline,jpeg_q95,"jpeg(Q95,s0)",0.9639043807983398,1
data\splits\genimage_8000_split_v4\test\real\real_00249.jpeg,real_00249.jpeg,test,real,0,baseline,jpeg_q95,"jpeg(Q95,s0)",9.245027285942342e-06,0
data\splits\genimage_8000_split_v4\test\real\real_00591.jpeg,real_00591.jpeg,test,real,0,baseline,jpeg_q95,"jpeg(Q95,s0)",0.590101420879364,1
data\splits\genimage_8000_split_v4\test\real\real_00103.jpeg,real_00103.jpeg,test,real,0,baseline,jpeg_q95,"jpeg(Q95,s0)",0.20535676181316376,0
data\splits\genimage_8000_split_v4\test\real\real_00058.jpeg,real_00058.jpeg,test,real,0,baseline,jpeg_q95,"jpeg(Q95,s0)",3.173157514524405e-09,0
data\splits\genimage_8000_split_v4\test\real\real_00029.jpeg,real_00029.jpeg,test,real,0,baseline,jpeg_q95,"jpeg(Q95,s0)",0.4984417259693146,0
data\splits\genimage_8000_split_v4\test\real\real_00551.jpeg,real_00551.jpeg,test,real,0,baseline,jpeg_q95,"jpeg(Q95,s0)",2.2733775040251203e-05,0
data\splits\genimage_8000_split_v4\test\real\real_00453.jpeg,real_00453.jpeg,test,real,0,baseline,jpeg_q95,"jpeg(Q95,s0)",1.0,1
data\splits\genimage_8000_split_v4\test\real\real_00041.jpeg,real_00041.jpeg,test,real,0,baseline,jpeg_q95,"jpeg(Q95,s0)",0.0006392538780346513,0
data\splits\genimage_8000_split_v4\test\real\real_00316.jpeg,real_00316.jpeg,test,real,0,baseline,jpeg_q95,"jpeg(Q95,s0)",0.00023568930919282138,0
data\splits\genimage_8000_split_v4\test\real\real_00449.jpeg,real_00449.jpeg,test,real,0,baseline,jpeg_q95,"jpeg(Q95,s0)",0.0020446728449314833,0
data\splits\genimage_8000_split_v4\test\real\real_00198.jpeg,real_00198.jpeg,test,real,0,baseline,jpeg_q95,"jpeg(Q95,s0)",0.0041425698436796665,0
data\splits\genimage_8000_split_v4\test\real\real_00310.jpeg,real_00310.jpeg,test,real,0,baseline,jpeg_q95,"jpeg(Q95,s0)",0.010041915811598301,0
data\splits\genimage_8000_split_v4\test\real\real_00205.jpeg,real_00205.jpeg,test,real,0,baseline,jpeg_q95,"jpeg(Q95,s0)",0.0002616733545437455,0
data\splits\genimage_8000_split_v4\test\real\real_00011.jpeg,real_00011.jpeg,test,real,0,baseline,jpeg_q95,"jpeg(Q95,s0)",0.08589135855436325,0
data\splits\genimage_8000_split_v4\test\real\real_00556.jpeg,real_00556.jpeg,test,real,0,baseline,jpeg_q95,"jpeg(Q95,s0)",0.0005603721365332603,0
data\splits\genimage_8000_split_v4\test\real\real_00294.jpeg,real_00294.jpeg,test,real,0,baseline,jpeg_q95,"jpeg(Q95,s0)",4.553435792331584e-05,0
data\splits\genimage_8000_split_v4\test\real\real_00112.jpeg,real_00112.jpeg,test,real,0,baseline,jpeg_q95,"jpeg(Q95,s0)",0.701244056224823,1
data\splits\genimage_8000_split_v4\test\real\real_00170.jpeg,real_00170.jpeg,test,real,0,baseline,jpeg_q95,"jpeg(Q95,s0)",2.5539440684951842e-05,0
data\splits\genimage_8000_split_v4\test\real\real_00569.jpeg,real_00569.jpeg,test,real,0,baseline,jpeg_q95,"jpeg(Q95,s0)",1.07281081795918e-07,0
data\splits\genimage_8000_split_v4\test\real\real_00318.jpeg,real_00318.jpeg,test,real,0,baseline,jpeg_q95,"jpeg(Q95,s0)",0.0010762305464595556,0
data\splits\genimage_8000_split_v4\test\real\real_00397.jpeg,real_00397.jpeg,test,real,0,baseline,jpeg_q95,"jpeg(Q95,s0)",8.881705434760079e-05,0
data\splits\genimage_8000_split_v4\test\real\real_00014.jpeg,real_00014.jpeg,test,real,0,baseline,jpeg_q95,"jpeg(Q95,s0)",0.015322952531278133,0
data\splits\genimage_8000_split_v4\test\real\real_00196.jpeg,real_00196.jpeg,test,real,0,baseline,jpeg_q95,"jpeg(Q95,s0)",4.240568541777188e-17,0
data\splits\genimage_8000_split_v4\test\real\real_00191.jpeg,real_00191.jpeg,test,real,0,baseline,jpeg_q95,"jpeg(Q95,s0)",0.5856892466545105,1
data\splits\genimage_8000_split_v4\test\real\real_00192.jpeg,real_00192.jpeg,test,real,0,baseline,jpeg_q95,"jpeg(Q95,s0)",2.955542699467628e-09,0
data\splits\genimage_8000_split_v4\test\real\real_00353.jpeg,real_00353.jpeg,test,real,0,baseline,jpeg_q95,"jpeg(Q95,s0)",0.7024163007736206,1
data\splits\genimage_8000_split_v4\test\real\real_00254.jpeg,real_00254.jpeg,test,real,0,baseline,jpeg_q95,"jpeg(Q95,s0)",1.5651954754503095e-06,0
data\splits\genimage_8000_split_v4\test\real\real_00169.jpeg,real_00169.jpeg,test,real,0,baseline,jpeg_q95,"jpeg(Q95,s0)",1.9495685066317492e-08,0
data\splits\genimage_8000_split_v4\test\real\real_00370.jpeg,real_00370.jpeg,test,real,0,baseline,jpeg_q95,"jpeg(Q95,s0)",3.341019821911928e-11,0
data\splits\genimage_8000_split_v4\test\real\real_00004.jpeg,real_00004.jpeg,test,real,0,baseline,jpeg_q95,"jpeg(Q95,s0)",0.015894945710897446,0
data\splits\genimage_8000_split_v4\test\real\real_00368.jpeg,real_00368.jpeg,test,real,0,baseline,jpeg_q95,"jpeg(Q95,s0)",0.16002775728702545,0
data\splits\genimage_8000_split_v4\test\real\real_00417.jpeg,real_00417.jpeg,test,real,0,baseline,jpeg_q95,"jpeg(Q95,s0)",0.4986473023891449,0
data\splits\genimage_8000_split_v4\test\real\real_00333.jpeg,real_00333.jpeg,test,real,0,baseline,jpeg_q95,"jpeg(Q95,s0)",0.01242712140083313,0
data\splits\genimage_8000_split_v4\test\real\real_00123.jpeg,real_00123.jpeg,test,real,0,baseline,jpeg_q95,"jpeg(Q95,s0)",0.0037771877832710743,0
data\splits\genimage_8000_split_v4\test\real\real_00380.jpeg,real_00380.jpeg,test,real,0,baseline,jpeg_q95,"jpeg(Q95,s0)",0.04079756140708923,0
data\splits\genimage_8000_split_v4\test\real\real_00179.jpeg,real_00179.jpeg,test,real,0,baseline,jpeg_q95,"jpeg(Q95,s0)",8.906048606149852e-06,0
data\splits\genimage_8000_split_v4\test\real\real_00400.jpeg,real_00400.jpeg,test,real,0,baseline,jpeg_q95,"jpeg(Q95,s0)",7.378443842753768e-05,0
data\splits\genimage_8000_split_v4\test\real\real_00369.jpeg,real_00369.jpeg,test,real,0,baseline,jpeg_q95,"jpeg(Q95,s0)",0.1729411631822586,0
data\splits\genimage_8000_split_v4\test\real\real_00051.jpeg,real_00051.jpeg,test,real,0,baseline,jpeg_q95,"jpeg(Q95,s0)",0.3334280848503113,0
data\splits\genimage_8000_split_v4\test\real\real_00097.jpeg,real_00097.jpeg,test,real,0,baseline,jpeg_q95,"jpeg(Q95,s0)",6.422972660402593e-07,0
data\splits\genimage_8000_split_v4\test\real\real_00515.jpeg,real_00515.jpeg,test,real,0,baseline,jpeg_q95,"jpeg(Q95,s0)",0.000836692750453949,0
data\splits\genimage_8000_split_v4\test\real\real_00446.jpeg,real_00446.jpeg,test,real,0,baseline,jpeg_q95,"jpeg(Q95,s0)",0.004304682370275259,0
data\splits\genimage_8000_split_v4\test\real\real_00155.jpeg,real_00155.jpeg,test,real,0,baseline,jpeg_q95,"jpeg(Q95,s0)",0.0048904274590313435,0
data\splits\genimage_8000_split_v4\test\real\real_00277.jpeg,real_00277.jpeg,test,real,0,baseline,jpeg_q95,"jpeg(Q95,s0)",0.0001890680578071624,0
data\splits\genimage_8000_split_v4\test\real\real_00098.jpeg,real_00098.jpeg,test,real,0,baseline,jpeg_q95,"jpeg(Q95,s0)",3.459876461420208e-05,0
data\splits\genimage_8000_split_v4\test\real\real_00107.jpeg,real_00107.jpeg,test,real,0,baseline,jpeg_q95,"jpeg(Q95,s0)",0.06215463578701019,0
data\splits\genimage_8000_split_v4\test\real\real_00087.jpeg,real_00087.jpeg,test,real,0,baseline,jpeg_q95,"jpeg(Q95,s0)",7.912967134870996e-07,0
data\splits\genimage_8000_split_v4\test\real\real_00565.jpeg,real_00565.jpeg,test,real,0,baseline,jpeg_q95,"jpeg(Q95,s0)",0.004040792118757963,0
data\splits\genimage_8000_split_v4\test\real\real_00280.jpeg,real_00280.jpeg,test,real,0,baseline,jpeg_q95,"jpeg(Q95,s0)",1.6237891031778418e-07,0
data\splits\genimage_8000_split_v4\test\real\real_00507.jpeg,real_00507.jpeg,test,real,0,baseline,jpeg_q95,"jpeg(Q95,s0)",5.470806030416497e-09,0
data\splits\genimage_8000_split_v4\test\real\real_00326.jpeg,real_00326.jpeg,test,real,0,baseline,jpeg_q95,"jpeg(Q95,s0)",0.17028596997261047,0
data\splits\genimage_8000_split_v4\test\real\real_00244.jpeg,real_00244.jpeg,test,real,0,baseline,jpeg_q95,"jpeg(Q95,s0)",1.3670517786830145e-15,0
data\splits\genimage_8000_split_v4\test\real\real_00033.jpeg,real_00033.jpeg,test,real,0,baseline,jpeg_q95,"jpeg(Q95,s0)",0.007997945882380009,0
data\splits\genimage_8000_split_v4\test\real\real_00064.jpeg,real_00064.jpeg,test,real,0,baseline,jpeg_q95,"jpeg(Q95,s0)",9.290500463941028e-15,0
data\splits\genimage_8000_split_v4\test\real\real_00013.jpeg,real_00013.jpeg,test,real,0,baseline,jpeg_q95,"jpeg(Q95,s0)",1.7352888903587882e-08,0
data\splits\genimage_8000_split_v4\test\real\real_00183.jpeg,real_00183.jpeg,test,real,0,baseline,jpeg_q95,"jpeg(Q95,s0)",0.1785333752632141,0
data\splits\genimage_8000_split_v4\test\real\real_00030.jpeg,real_00030.jpeg,test,real,0,baseline,jpeg_q95,"jpeg(Q95,s0)",0.0007525387918576598,0
data\splits\genimage_8000_split_v4\test\real\real_00474.jpeg,real_00474.jpeg,test,real,0,baseline,jpeg_q95,"jpeg(Q95,s0)",0.003109821816906333,0
data\splits\genimage_8000_split_v4\test\real\real_00558.jpeg,real_00558.jpeg,test,real,0,baseline,jpeg_q95,"jpeg(Q95,s0)",0.00953998789191246,0
data\splits\genimage_8000_split_v4\test\real\real_00088.jpeg,real_00088.jpeg,test,real,0,baseline,jpeg_q95,"jpeg(Q95,s0)",0.02191072329878807,0
data\splits\genimage_8000_split_v4\test\real\real_00436.jpeg,real_00436.jpeg,test,real,0,baseline,jpeg_q95,"jpeg(Q95,s0)",0.7092116475105286,1
data\splits\genimage_8000_split_v4\test\real\real_00518.jpeg,real_00518.jpeg,test,real,0,baseline,jpeg_q95,"jpeg(Q95,s0)",7.200132586149266e-06,0
data\splits\genimage_8000_split_v4\test\real\real_00111.jpeg,real_00111.jpeg,test,real,0,baseline,jpeg_q95,"jpeg(Q95,s0)",3.496942372294143e-05,0
data\splits\genimage_8000_split_v4\test\real\real_00122.jpeg,real_00122.jpeg,test,real,0,baseline,jpeg_q95,"jpeg(Q95,s0)",0.4385582506656647,0
data\splits\genimage_8000_split_v4\test\real\real_00461.jpeg,real_00461.jpeg,test,real,0,baseline,jpeg_q95,"jpeg(Q95,s0)",0.01676875725388527,0
data\splits\genimage_8000_split_v4\test\real\real_00239.jpeg,real_00239.jpeg,test,real,0,baseline,jpeg_q95,"jpeg(Q95,s0)",0.0004377314471639693,0
data\splits\genimage_8000_split_v4\test\real\real_00408.jpeg,real_00408.jpeg,test,real,0,baseline,jpeg_q95,"jpeg(Q95,s0)",3.6612575513572665e-06,0
data\splits\genimage_8000_split_v4\test\real\real_00460.jpeg,real_00460.jpeg,test,real,0,baseline,jpeg_q95,"jpeg(Q95,s0)",0.002824273658916354,0
data\splits\genimage_8000_split_v4\test\real\real_00138.jpeg,real_00138.jpeg,test,real,0,baseline,jpeg_q95,"jpeg(Q95,s0)",0.009153739549219608,0
data\splits\genimage_8000_split_v4\test\real\real_00429.jpeg,real_00429.jpeg,test,real,0,baseline,jpeg_q95,"jpeg(Q95,s0)",5.463948400574736e-05,0
data\splits\genimage_8000_split_v4\test\real\real_00462.jpeg,real_00462.jpeg,test,real,0,baseline,jpeg_q95,"jpeg(Q95,s0)",4.5179295417654974e-13,0
data\splits\genimage_8000_split_v4\test\real\real_00113.jpeg,real_00113.jpeg,test,real,0,baseline,jpeg_q95,"jpeg(Q95,s0)",0.27984946966171265,0
data\splits\genimage_8000_split_v4\test\real\real_00391.jpeg,real_00391.jpeg,test,real,0,baseline,jpeg_q95,"jpeg(Q95,s0)",3.710357123054564e-05,0
data\splits\genimage_8000_split_v4\test\real\real_00303.jpeg,real_00303.jpeg,test,real,0,baseline,jpeg_q95,"jpeg(Q95,s0)",2.97691258310806e-06,0
data\splits\genimage_8000_split_v4\test\real\real_00592.jpeg,real_00592.jpeg,test,real,0,baseline,jpeg_q95,"jpeg(Q95,s0)",2.1802681829065507e-18,0
data\splits\genimage_8000_split_v4\test\real\real_00157.jpeg,real_00157.jpeg,test,real,0,baseline,jpeg_q95,"jpeg(Q95,s0)",0.018462663516402245,0
data\splits\genimage_8000_split_v4\test\real\real_00475.jpeg,real_00475.jpeg,test,real,0,baseline,jpeg_q95,"jpeg(Q95,s0)",1.3426284567685798e-05,0
data\splits\genimage_8000_split_v4\test\real\real_00071.jpeg,real_00071.jpeg,test,real,0,baseline,jpeg_q95,"jpeg(Q95,s0)",0.1883501410484314,0
data\splits\genimage_8000_split_v4\test\real\real_00235.jpeg,real_00235.jpeg,test,real,0,baseline,jpeg_q95,"jpeg(Q95,s0)",4.6559474867535755e-05,0
data\splits\genimage_8000_split_v4\test\real\real_00067.jpeg,real_00067.jpeg,test,real,0,baseline,jpeg_q95,"jpeg(Q95,s0)",0.00016655318904668093,0
data\splits\genimage_8000_split_v4\test\real\real_00502.jpeg,real_00502.jpeg,test,real,0,baseline,jpeg_q95,"jpeg(Q95,s0)",0.0033550537191331387,0
data\splits\genimage_8000_split_v4\test\real\real_00099.jpeg,real_00099.jpeg,test,real,0,baseline,jpeg_q95,"jpeg(Q95,s0)",0.07977352291345596,0
data\splits\genimage_8000_split_v4\test\real\real_00508.jpeg,real_00508.jpeg,test,real,0,baseline,jpeg_q95,"jpeg(Q95,s0)",0.000132259214296937,0
data\splits\genimage_8000_split_v4\test\real\real_00036.jpeg,real_00036.jpeg,test,real,0,baseline,jpeg_q95,"jpeg(Q95,s0)",0.00013420138566289097,0
data\splits\genimage_8000_split_v4\test\real\real_00149.jpeg,real_00149.jpeg,test,real,0,baseline,jpeg_q95,"jpeg(Q95,s0)",1.9642752702164756e-11,0
data\splits\genimage_8000_split_v4\test\real\real_00220.jpeg,real_00220.jpeg,test,real,0,baseline,jpeg_q95,"jpeg(Q95,s0)",0.0004971009911969304,0
data\splits\genimage_8000_split_v4\test\real\real_00418.jpeg,real_00418.jpeg,test,real,0,baseline,jpeg_q95,"jpeg(Q95,s0)",0.00017087033484131098,0
data\splits\genimage_8000_split_v4\test\real\real_00466.jpeg,real_00466.jpeg,test,real,0,baseline,jpeg_q95,"jpeg(Q95,s0)",0.35679101943969727,0
data\splits\genimage_8000_split_v4\test\real\real_00120.jpeg,real_00120.jpeg,test,real,0,baseline,jpeg_q95,"jpeg(Q95,s0)",0.005292894784361124,0
data\splits\genimage_8000_split_v4\test\real\real_00139.jpeg,real_00139.jpeg,test,real,0,baseline,jpeg_q95,"jpeg(Q95,s0)",0.1739952564239502,0
data\splits\genimage_8000_split_v4\test\real\real_00589.jpeg,real_00589.jpeg,test,real,0,baseline,jpeg_q95,"jpeg(Q95,s0)",0.9918501973152161,1
data\splits\genimage_8000_split_v4\test\real\real_00276.jpeg,real_00276.jpeg,test,real,0,baseline,jpeg_q95,"jpeg(Q95,s0)",0.0060173263773322105,0
data\splits\genimage_8000_split_v4\test\real\real_00377.jpeg,real_00377.jpeg,test,real,0,baseline,jpeg_q95,"jpeg(Q95,s0)",0.08464973419904709,0
data\splits\genimage_8000_split_v4\test\real\real_00175.jpeg,real_00175.jpeg,test,real,0,baseline,jpeg_q95,"jpeg(Q95,s0)",0.08055265247821808,0
data\splits\genimage_8000_split_v4\test\real\real_00001.jpeg,real_00001.jpeg,test,real,0,baseline,jpeg_q95,"jpeg(Q95,s0)",0.48598551750183105,0
data\splits\genimage_8000_split_v4\test\real\real_00424.jpeg,real_00424.jpeg,test,real,0,baseline,jpeg_q95,"jpeg(Q95,s0)",6.245634722290561e-06,0
data\splits\genimage_8000_split_v4\test\real\real_00197.jpeg,real_00197.jpeg,test,real,0,baseline,jpeg_q95,"jpeg(Q95,s0)",0.0001586218277225271,0
data\splits\genimage_8000_split_v4\test\real\real_00246.jpeg,real_00246.jpeg,test,real,0,baseline,jpeg_q95,"jpeg(Q95,s0)",0.0020621998701244593,0
data\splits\genimage_8000_split_v4\test\real\real_00325.jpeg,real_00325.jpeg,test,real,0,baseline,jpeg_q95,"jpeg(Q95,s0)",0.005607302300632,0
data\splits\genimage_8000_split_v4\test\real\real_00150.jpeg,real_00150.jpeg,test,real,0,baseline,jpeg_q95,"jpeg(Q95,s0)",3.3520482389803874e-08,0
data\splits\genimage_8000_split_v4\test\real\real_00501.jpeg,real_00501.jpeg,test,real,0,baseline,jpeg_q95,"jpeg(Q95,s0)",7.312022353289649e-05,0
data\splits\genimage_8000_split_v4\test\real\real_00428.jpeg,real_00428.jpeg,test,real,0,baseline,jpeg_q95,"jpeg(Q95,s0)",0.02995687909424305,0
data\splits\genimage_8000_split_v4\test\real\real_00222.jpeg,real_00222.jpeg,test,real,0,baseline,jpeg_q95,"jpeg(Q95,s0)",0.15315355360507965,0
data\splits\genimage_8000_split_v4\test\real\real_00045.jpeg,real_00045.jpeg,test,real,0,baseline,jpeg_q95,"jpeg(Q95,s0)",0.008701236918568611,0
data\splits\genimage_8000_split_v4\test\real\real_00338.jpeg,real_00338.jpeg,test,real,0,baseline,jpeg_q95,"jpeg(Q95,s0)",0.0005238847807049751,0
data\splits\genimage_8000_split_v4\test\real\real_00390.jpeg,real_00390.jpeg,test,real,0,baseline,jpeg_q95,"jpeg(Q95,s0)",6.575832230737433e-05,0
data\splits\genimage_8000_split_v4\test\real\real_00062.jpeg,real_00062.jpeg,test,real,0,baseline,jpeg_q95,"jpeg(Q95,s0)",0.2962552309036255,0
data\splits\genimage_8000_split_v4\test\real\real_00426.jpeg,real_00426.jpeg,test,real,0,baseline,jpeg_q95,"jpeg(Q95,s0)",0.0005388082354329526,0
data\splits\genimage_8000_split_v4\test\real\real_00247.jpeg,real_00247.jpeg,test,real,0,baseline,jpeg_q95,"jpeg(Q95,s0)",0.10643921047449112,0
data\splits\genimage_8000_split_v4\test\real\real_00152.jpeg,real_00152.jpeg,test,real,0,baseline,jpeg_q95,"jpeg(Q95,s0)",0.004568279720842838,0
data\splits\genimage_8000_split_v4\test\real\real_00156.jpeg,real_00156.jpeg,test,real,0,baseline,jpeg_q95,"jpeg(Q95,s0)",0.0004632831842172891,0
data\splits\genimage_8000_split_v4\test\real\real_00084.jpeg,real_00084.jpeg,test,real,0,baseline,jpeg_q95,"jpeg(Q95,s0)",0.011208155192434788,0
data\splits\genimage_8000_split_v4\test\real\real_00212.jpeg,real_00212.jpeg,test,real,0,baseline,jpeg_q95,"jpeg(Q95,s0)",0.06455618888139725,0
data\splits\genimage_8000_split_v4\test\real\real_00184.jpeg,real_00184.jpeg,test,real,0,baseline,jpeg_q95,"jpeg(Q95,s0)",0.01168802846223116,0
data\splits\genimage_8000_split_v4\test\real\real_00309.jpeg,real_00309.jpeg,test,real,0,baseline,jpeg_q95,"jpeg(Q95,s0)",0.0005948693142272532,0
data\splits\genimage_8000_split_v4\test\real\real_00423.jpeg,real_00423.jpeg,test,real,0,baseline,jpeg_q95,"jpeg(Q95,s0)",0.17239823937416077,0
data\splits\genimage_8000_split_v4\test\real\real_00095.jpeg,real_00095.jpeg,test,real,0,baseline,jpeg_q95,"jpeg(Q95,s0)",0.0006917290156707168,0
data\splits\genimage_8000_split_v4\test\real\real_00264.jpeg,real_00264.jpeg,test,real,0,baseline,jpeg_q95,"jpeg(Q95,s0)",0.003460903186351061,0
data\splits\genimage_8000_split_v4\test\real\real_00105.jpeg,real_00105.jpeg,test,real,0,baseline,jpeg_q95,"jpeg(Q95,s0)",0.03358144313097,0
data\splits\genimage_8000_split_v4\test\real\real_00024.jpeg,real_00024.jpeg,test,real,0,baseline,jpeg_q95,"jpeg(Q95,s0)",1.2113460456930625e-08,0
data\splits\genimage_8000_split_v4\test\real\real_00293.jpeg,real_00293.jpeg,test,real,0,baseline,jpeg_q95,"jpeg(Q95,s0)",3.753250155114074e-07,0
data\splits\genimage_8000_split_v4\test\real\real_00311.jpeg,real_00311.jpeg,test,real,0,baseline,jpeg_q95,"jpeg(Q95,s0)",0.009699764661490917,0
data\splits\genimage_8000_split_v4\test\real\real_00032.jpeg,real_00032.jpeg,test,real,0,baseline,jpeg_q95,"jpeg(Q95,s0)",0.17413602769374847,0
data\splits\genimage_8000_split_v4\test\real\real_00374.jpeg,real_00374.jpeg,test,real,0,baseline,jpeg_q95,"jpeg(Q95,s0)",2.2010131942806765e-05,0
data\splits\genimage_8000_split_v4\test\real\real_00492.jpeg,real_00492.jpeg,test,real,0,baseline,jpeg_q95,"jpeg(Q95,s0)",3.31926676153671e-05,0
data\splits\genimage_8000_split_v4\test\real\real_00162.jpeg,real_00162.jpeg,test,real,0,baseline,jpeg_q95,"jpeg(Q95,s0)",0.02006017044186592,0
data\splits\genimage_8000_split_v4\test\real\real_00588.jpeg,real_00588.jpeg,test,real,0,baseline,jpeg_q95,"jpeg(Q95,s0)",0.0005062917480245233,0
data\splits\genimage_8000_split_v4\test\real\real_00411.jpeg,real_00411.jpeg,test,real,0,baseline,jpeg_q95,"jpeg(Q95,s0)",0.00048193722614087164,0
data\splits\genimage_8000_split_v4\test\real\real_00241.jpeg,real_00241.jpeg,test,real,0,baseline,jpeg_q95,"jpeg(Q95,s0)",0.09178511798381805,0
data\splits\genimage_8000_split_v4\test\real\real_00432.jpeg,real_00432.jpeg,test,real,0,baseline,jpeg_q95,"jpeg(Q95,s0)",0.4033046364784241,0
data\splits\genimage_8000_split_v4\test\real\real_00025.jpeg,real_00025.jpeg,test,real,0,baseline,jpeg_q95,"jpeg(Q95,s0)",0.00016942126967478544,0
data\splits\genimage_8000_split_v4\test\real\real_00079.jpeg,real_00079.jpeg,test,real,0,baseline,jpeg_q95,"jpeg(Q95,s0)",0.5579250454902649,1
data\splits\genimage_8000_split_v4\test\real\real_00351.jpeg,real_00351.jpeg,test,real,0,baseline,jpeg_q95,"jpeg(Q95,s0)",0.06037640944123268,0
data\splits\genimage_8000_split_v4\test\real\real_00590.jpeg,real_00590.jpeg,test,real,0,baseline,jpeg_q95,"jpeg(Q95,s0)",6.527708151793377e-09,0
data\splits\genimage_8000_split_v4\test\real\real_00240.jpeg,real_00240.jpeg,test,real,0,baseline,jpeg_q95,"jpeg(Q95,s0)",0.00023789415718056262,0
data\splits\genimage_8000_split_v4\test\real\real_00583.jpeg,real_00583.jpeg,test,real,0,baseline,jpeg_q95,"jpeg(Q95,s0)",4.774853368871845e-05,0
data\splits\genimage_8000_split_v4\test\real\real_00116.jpeg,real_00116.jpeg,test,real,0,baseline,jpeg_q95,"jpeg(Q95,s0)",0.0990910679101944,0
data\splits\genimage_8000_split_v4\test\real\real_00081.jpeg,real_00081.jpeg,test,real,0,baseline,jpeg_q95,"jpeg(Q95,s0)",0.0008516565430909395,0
data\splits\genimage_8000_split_v4\test\real\real_00224.jpeg,real_00224.jpeg,test,real,0,baseline,jpeg_q95,"jpeg(Q95,s0)",0.06896891444921494,0
data\splits\genimage_8000_split_v4\test\real\real_00372.jpeg,real_00372.jpeg,test,real,0,baseline,jpeg_q95,"jpeg(Q95,s0)",0.0019342214800417423,0
data\splits\genimage_8000_split_v4\test\real\real_00074.jpeg,real_00074.jpeg,test,real,0,baseline,jpeg_q95,"jpeg(Q95,s0)",0.0004030273703392595,0
data\splits\genimage_8000_split_v4\test\real\real_00555.jpeg,real_00555.jpeg,test,real,0,baseline,jpeg_q95,"jpeg(Q95,s0)",6.2575827541877516e-06,0
data\splits\genimage_8000_split_v4\test\real\real_00399.jpeg,real_00399.jpeg,test,real,0,baseline,jpeg_q95,"jpeg(Q95,s0)",1.3284049600770231e-05,0
data\splits\genimage_8000_split_v4\test\real\real_00308.jpeg,real_00308.jpeg,test,real,0,baseline,jpeg_q95,"jpeg(Q95,s0)",0.043375276029109955,0
data\splits\genimage_8000_split_v4\test\real\real_00132.jpeg,real_00132.jpeg,test,real,0,baseline,jpeg_q95,"jpeg(Q95,s0)",0.10340756922960281,0
data\splits\genimage_8000_split_v4\test\real\real_00478.jpeg,real_00478.jpeg,test,real,0,baseline,jpeg_q95,"jpeg(Q95,s0)",0.058181509375572205,0
data\splits\genimage_8000_split_v4\test\real\real_00435.jpeg,real_00435.jpeg,test,real,0,baseline,jpeg_q95,"jpeg(Q95,s0)",8.332829020218924e-05,0
data\splits\genimage_8000_split_v4\test\real\real_00072.jpeg,real_00072.jpeg,test,real,0,baseline,jpeg_q95,"jpeg(Q95,s0)",0.0024365298449993134,0
data\splits\genimage_8000_split_v4\test\real\real_00037.jpeg,real_00037.jpeg,test,real,0,baseline,jpeg_q95,"jpeg(Q95,s0)",0.41772493720054626,0
data\splits\genimage_8000_split_v4\test\real\real_00272.jpeg,real_00272.jpeg,test,real,0,baseline,jpeg_q95,"jpeg(Q95,s0)",0.9697715044021606,1
data\splits\genimage_8000_split_v4\test\real\real_00102.jpeg,real_00102.jpeg,test,real,0,baseline,jpeg_q95,"jpeg(Q95,s0)",0.03446664661169052,0
data\splits\genimage_8000_split_v4\test\real\real_00044.jpeg,real_00044.jpeg,test,real,0,baseline,jpeg_q95,"jpeg(Q95,s0)",0.0477616973221302,0
data\splits\genimage_8000_split_v4\test\real\real_00546.jpeg,real_00546.jpeg,test,real,0,baseline,jpeg_q95,"jpeg(Q95,s0)",0.007223546039313078,0
data\splits\genimage_8000_split_v4\test\real\real_00146.jpeg,real_00146.jpeg,test,real,0,baseline,jpeg_q95,"jpeg(Q95,s0)",3.7876245187362656e-05,0
data\splits\genimage_8000_split_v4\test\real\real_00361.jpeg,real_00361.jpeg,test,real,0,baseline,jpeg_q95,"jpeg(Q95,s0)",0.0022694601211696863,0
data\splits\genimage_8000_split_v4\test\real\real_00498.jpeg,real_00498.jpeg,test,real,0,baseline,jpeg_q95,"jpeg(Q95,s0)",0.5653303861618042,1
data\splits\genimage_8000_split_v4\test\real\real_00567.jpeg,real_00567.jpeg,test,real,0,baseline,jpeg_q95,"jpeg(Q95,s0)",6.997710499945242e-08,0
data\splits\genimage_8000_split_v4\test\real\real_00229.jpeg,real_00229.jpeg,test,real,0,baseline,jpeg_q95,"jpeg(Q95,s0)",0.0009098219452425838,0
data\splits\genimage_8000_split_v4\test\real\real_00573.jpeg,real_00573.jpeg,test,real,0,baseline,jpeg_q95,"jpeg(Q95,s0)",1.162128114629013e-06,0
data\splits\genimage_8000_split_v4\test\real\real_00452.jpeg,real_00452.jpeg,test,real,0,baseline,jpeg_q95,"jpeg(Q95,s0)",0.10828468948602676,0
data\splits\genimage_8000_split_v4\test\real\real_00258.jpeg,real_00258.jpeg,test,real,0,baseline,jpeg_q95,"jpeg(Q95,s0)",0.11597184091806412,0
data\splits\genimage_8000_split_v4\test\real\real_00581.jpeg,real_00581.jpeg,test,real,0,baseline,jpeg_q95,"jpeg(Q95,s0)",0.008392556570470333,0
data\splits\genimage_8000_split_v4\test\real\real_00340.jpeg,real_00340.jpeg,test,real,0,baseline,jpeg_q95,"jpeg(Q95,s0)",0.10238495469093323,0
data\splits\genimage_8000_split_v4\test\real\real_00516.jpeg,real_00516.jpeg,test,real,0,baseline,jpeg_q95,"jpeg(Q95,s0)",0.0006945457425899804,0
data\splits\genimage_8000_split_v4\test\real\real_00524.jpeg,real_00524.jpeg,test,real,0,baseline,jpeg_q95,"jpeg(Q95,s0)",0.0008153493399731815,0
data\splits\genimage_8000_split_v4\test\real\real_00554.jpeg,real_00554.jpeg,test,real,0,baseline,jpeg_q95,"jpeg(Q95,s0)",0.0016016573645174503,0
data\splits\genimage_8000_split_v4\test\real\real_00299.jpeg,real_00299.jpeg,test,real,0,baseline,jpeg_q95,"jpeg(Q95,s0)",1.867671883815092e-08,0
data\splits\genimage_8000_split_v4\test\real\real_00439.jpeg,real_00439.jpeg,test,real,0,baseline,jpeg_q95,"jpeg(Q95,s0)",0.0016435164725407958,0
data\splits\genimage_8000_split_v4\test\real\real_00166.jpeg,real_00166.jpeg,test,real,0,baseline,jpeg_q95,"jpeg(Q95,s0)",4.355183023108111e-07,0
data\splits\genimage_8000_split_v4\test\real\real_00392.jpeg,real_00392.jpeg,test,real,0,baseline,jpeg_q95,"jpeg(Q95,s0)",0.013765101321041584,0
data\splits\genimage_8000_split_v4\test\real\real_00086.jpeg,real_00086.jpeg,test,real,0,baseline,jpeg_q95,"jpeg(Q95,s0)",7.974512300279457e-06,0
data\splits\genimage_8000_split_v4\test\real\real_00537.jpeg,real_00537.jpeg,test,real,0,baseline,jpeg_q95,"jpeg(Q95,s0)",0.2618478238582611,0
data\splits\genimage_8000_split_v4\test\real\real_00431.jpeg,real_00431.jpeg,test,real,0,baseline,jpeg_q95,"jpeg(Q95,s0)",6.105162901803851e-05,0
data\splits\genimage_8000_split_v4\test\real\real_00389.jpeg,real_00389.jpeg,test,real,0,baseline,jpeg_q95,"jpeg(Q95,s0)",6.131695045041852e-06,0
data\splits\genimage_8000_split_v4\test\real\real_00534.jpeg,real_00534.jpeg,test,real,0,baseline,jpeg_q95,"jpeg(Q95,s0)",1.4787005966354627e-05,0
data\splits\genimage_8000_split_v4\test\real\real_00541.jpeg,real_00541.jpeg,test,real,0,baseline,jpeg_q95,"jpeg(Q95,s0)",7.271635737993165e-09,0
data\splits\genimage_8000_split_v4\test\real\real_00094.jpeg,real_00094.jpeg,test,real,0,baseline,jpeg_q95,"jpeg(Q95,s0)",0.9834258556365967,1
data\splits\genimage_8000_split_v4\test\real\real_00226.jpeg,real_00226.jpeg,test,real,0,baseline,jpeg_q95,"jpeg(Q95,s0)",0.0004661265993490815,0
data\splits\genimage_8000_split_v4\test\real\real_00200.jpeg,real_00200.jpeg,test,real,0,baseline,jpeg_q95,"jpeg(Q95,s0)",0.005854649003595114,0
data\splits\genimage_8000_split_v4\test\real\real_00330.jpeg,real_00330.jpeg,test,real,0,baseline,jpeg_q95,"jpeg(Q95,s0)",0.0051612951792776585,0
data\splits\genimage_8000_split_v4\test\real\real_00091.jpeg,real_00091.jpeg,test,real,0,baseline,jpeg_q95,"jpeg(Q95,s0)",0.25063827633857727,0
data\splits\genimage_8000_split_v4\test\real\real_00472.jpeg,real_00472.jpeg,test,real,0,baseline,jpeg_q95,"jpeg(Q95,s0)",2.2400489449458938e-11,0
data\splits\genimage_8000_split_v4\test\real\real_00493.jpeg,real_00493.jpeg,test,real,0,baseline,jpeg_q95,"jpeg(Q95,s0)",7.741090826129948e-07,0
data\splits\genimage_8000_split_v4\test\real\real_00053.jpeg,real_00053.jpeg,test,real,0,baseline,jpeg_q95,"jpeg(Q95,s0)",1.5867701108618348e-07,0
data\splits\genimage_8000_split_v4\test\real\real_00298.jpeg,real_00298.jpeg,test,real,0,baseline,jpeg_q95,"jpeg(Q95,s0)",0.01789785549044609,0
data\splits\genimage_8000_split_v4\test\real\real_00366.jpeg,real_00366.jpeg,test,real,0,baseline,jpeg_q95,"jpeg(Q95,s0)",0.0015090664383023977,0
data\splits\genimage_8000_split_v4\test\real\real_00182.jpeg,real_00182.jpeg,test,real,0,baseline,jpeg_q95,"jpeg(Q95,s0)",2.2480393454316072e-05,0
data\splits\genimage_8000_split_v4\test\real\real_00490.jpeg,real_00490.jpeg,test,real,0,baseline,jpeg_q95,"jpeg(Q95,s0)",0.007621913217008114,0
data\splits\genimage_8000_split_v4\test\real\real_00593.jpeg,real_00593.jpeg,test,real,0,baseline,jpeg_q95,"jpeg(Q95,s0)",0.19479143619537354,0
data\splits\genimage_8000_split_v4\test\real\real_00137.jpeg,real_00137.jpeg,test,real,0,baseline,jpeg_q95,"jpeg(Q95,s0)",0.01782224327325821,0
data\splits\genimage_8000_split_v4\test\real\real_00314.jpeg,real_00314.jpeg,test,real,0,baseline,jpeg_q95,"jpeg(Q95,s0)",0.04869560897350311,0
data\splits\genimage_8000_split_v4\test\real\real_00471.jpeg,real_00471.jpeg,test,real,0,baseline,jpeg_q95,"jpeg(Q95,s0)",0.0122238639742136,0
data\splits\genimage_8000_split_v4\test\real\real_00365.jpeg,real_00365.jpeg,test,real,0,baseline,jpeg_q95,"jpeg(Q95,s0)",0.000523706607054919,0
data\splits\genimage_8000_split_v4\test\real\real_00042.jpeg,real_00042.jpeg,test,real,0,baseline,jpeg_q95,"jpeg(Q95,s0)",6.663642415638549e-10,0
data\splits\genimage_8000_split_v4\test\real\real_00448.jpeg,real_00448.jpeg,test,real,0,baseline,jpeg_q95,"jpeg(Q95,s0)",0.259769082069397,0
data\splits\genimage_8000_split_v4\test\real\real_00188.jpeg,real_00188.jpeg,test,real,0,baseline,jpeg_q95,"jpeg(Q95,s0)",1.6163944849267864e-07,0
data\splits\genimage_8000_split_v4\test\real\real_00245.jpeg,real_00245.jpeg,test,real,0,baseline,jpeg_q95,"jpeg(Q95,s0)",0.21663540601730347,0
data\splits\genimage_8000_split_v4\test\real\real_00509.jpeg,real_00509.jpeg,test,real,0,baseline,jpeg_q95,"jpeg(Q95,s0)",5.367109224607702e-06,0
data\splits\genimage_8000_split_v4\test\real\real_00265.jpeg,real_00265.jpeg,test,real,0,baseline,jpeg_q95,"jpeg(Q95,s0)",0.0003782954881899059,0
data\splits\genimage_8000_split_v4\test\real\real_00443.jpeg,real_00443.jpeg,test,real,0,baseline,jpeg_q95,"jpeg(Q95,s0)",5.05317329952959e-05,0
data\splits\genimage_8000_split_v4\test\real\real_00284.jpeg,real_00284.jpeg,test,real,0,baseline,jpeg_q95,"jpeg(Q95,s0)",0.0020246270578354597,0
data\splits\genimage_8000_split_v4\test\real\real_00386.jpeg,real_00386.jpeg,test,real,0,baseline,jpeg_q95,"jpeg(Q95,s0)",4.770595751324436e-06,0
data\splits\genimage_8000_split_v4\test\real\real_00548.jpeg,real_00548.jpeg,test,real,0,baseline,jpeg_q95,"jpeg(Q95,s0)",1.560135842737509e-06,0
data\splits\genimage_8000_split_v4\test\real\real_00487.jpeg,real_00487.jpeg,test,real,0,baseline,jpeg_q95,"jpeg(Q95,s0)",0.00019839481683447957,0
data\splits\genimage_8000_split_v4\test\real\real_00549.jpeg,real_00549.jpeg,test,real,0,baseline,jpeg_q95,"jpeg(Q95,s0)",0.7311154007911682,1
data\splits\genimage_8000_split_v4\test\real\real_00315.jpeg,real_00315.jpeg,test,real,0,baseline,jpeg_q95,"jpeg(Q95,s0)",2.586461960163433e-05,0
data\splits\genimage_8000_split_v4\test\real\real_00464.jpeg,real_00464.jpeg,test,real,0,baseline,jpeg_q95,"jpeg(Q95,s0)",0.0006938051083125174,0
data\splits\genimage_8000_split_v4\test\ai\midjourney_00068.png,midjourney_00068.png,test,midjourney,1,baseline,jpeg_q95,"jpeg(Q95,s0)",0.00614315876737237,0
data\splits\genimage_8000_split_v4\test\ai\vqdm_00062.png,vqdm_00062.png,test,vqdm,1,baseline,jpeg_q95,"jpeg(Q95,s0)",0.13195781409740448,0
data\splits\genimage_8000_split_v4\test\ai\adm_00019.png,adm_00019.png,test,adm,1,baseline,jpeg_q95,"jpeg(Q95,s0)",0.9949411153793335,1
data\splits\genimage_8000_split_v4\test\ai\midjourney_00077.png,midjourney_00077.png,test,midjourney,1,baseline,jpeg_q95,"jpeg(Q95,s0)",0.000620216247625649,0
data\splits\genimage_8000_split_v4\test\ai\adm_00074.png,adm_00074.png,test,adm,1,baseline,jpeg_q95,"jpeg(Q95,s0)",0.9999960660934448,1
data\splits\genimage_8000_split_v4\test\ai\wukong_00038.png,wukong_00038.png,test,wukong,1,baseline,jpeg_q95,"jpeg(Q95,s0)",0.9999637603759766,1
data\splits\genimage_8000_split_v4\test\ai\biggan_00049.png,biggan_00049.png,test,biggan,1,baseline,jpeg_q95,"jpeg(Q95,s0)",0.9863824844360352,1
data\splits\genimage_8000_split_v4\test\ai\midjourney_00036.png,midjourney_00036.png,test,midjourney,1,baseline,jpeg_q95,"jpeg(Q95,s0)",0.4713902473449707,0
data\splits\genimage_8000_split_v4\test\ai\glide_00074.png,glide_00074.png,test,glide,1,baseline,jpeg_q95,"jpeg(Q95,s0)",0.9972308278083801,1
data\splits\genimage_8000_split_v4\test\ai\sdv5_00043.png,sdv5_00043.png,test,sdv5,1,baseline,jpeg_q95,"jpeg(Q95,s0)",0.22590868175029755,0
data\splits\genimage_8000_split_v4\test\ai\wukong_00067.png,wukong_00067.png,test,wukong,1,baseline,jpeg_q95,"jpeg(Q95,s0)",0.9916267395019531,1
data\splits\genimage_8000_split_v4\test\ai\vqdm_00041.png,vqdm_00041.png,test,vqdm,1,baseline,jpeg_q95,"jpeg(Q95,s0)",0.9453096389770508,1
data\splits\genimage_8000_split_v4\test\ai\wukong_00066.png,wukong_00066.png,test,wukong,1,baseline,jpeg_q95,"jpeg(Q95,s0)",0.12466371059417725,0
data\splits\genimage_8000_split_v4\test\ai\vqdm_00061.png,vqdm_00061.png,test,vqdm,1,baseline,jpeg_q95,"jpeg(Q95,s0)",1.0,1
data\splits\genimage_8000_split_v4\test\ai\biggan_00010.png,biggan_00010.png,test,biggan,1,baseline,jpeg_q95,"jpeg(Q95,s0)",0.9999992847442627,1
data\splits\genimage_8000_split_v4\test\ai\midjourney_00011.png,midjourney_00011.png,test,midjourney,1,baseline,jpeg_q95,"jpeg(Q95,s0)",0.9996970891952515,1
data\splits\genimage_8000_split_v4\test\ai\adm_00067.png,adm_00067.png,test,adm,1,baseline,jpeg_q95,"jpeg(Q95,s0)",0.9999444484710693,1
data\splits\genimage_8000_split_v4\test\ai\adm_00063.png,adm_00063.png,test,adm,1,baseline,jpeg_q95,"jpeg(Q95,s0)",0.9996649026870728,1
data\splits\genimage_8000_split_v4\test\ai\wukong_00015.png,wukong_00015.png,test,wukong,1,baseline,jpeg_q95,"jpeg(Q95,s0)",0.9598629474639893,1
data\splits\genimage_8000_split_v4\test\ai\vqdm_00004.png,vqdm_00004.png,test,vqdm,1,baseline,jpeg_q95,"jpeg(Q95,s0)",0.9457201957702637,1
data\splits\genimage_8000_split_v4\test\ai\midjourney_00005.png,midjourney_00005.png,test,midjourney,1,baseline,jpeg_q95,"jpeg(Q95,s0)",0.46815863251686096,0
data\splits\genimage_8000_split_v4\test\ai\adm_00014.png,adm_00014.png,test,adm,1,baseline,jpeg_q95,"jpeg(Q95,s0)",1.0,1
data\splits\genimage_8000_split_v4\test\ai\glide_00069.png,glide_00069.png,test,glide,1,baseline,jpeg_q95,"jpeg(Q95,s0)",0.998857855796814,1
data\splits\genimage_8000_split_v4\test\ai\vqdm_00010.png,vqdm_00010.png,test,vqdm,1,baseline,jpeg_q95,"jpeg(Q95,s0)",1.0,1
data\splits\genimage_8000_split_v4\test\ai\sdv5_00046.png,sdv5_00046.png,test,sdv5,1,baseline,jpeg_q95,"jpeg(Q95,s0)",0.9978557229042053,1
data\splits\genimage_8000_split_v4\test\ai\wukong_00023.png,wukong_00023.png,test,wukong,1,baseline,jpeg_q95,"jpeg(Q95,s0)",0.8835947513580322,1
data\splits\genimage_8000_split_v4\test\ai\midjourney_00074.png,midjourney_00074.png,test,midjourney,1,baseline,jpeg_q95,"jpeg(Q95,s0)",0.8543456196784973,1
data\splits\genimage_8000_split_v4\test\ai\midjourney_00039.png,midjourney_00039.png,test,midjourney,1,baseline,jpeg_q95,"jpeg(Q95,s0)",0.9243478178977966,1
data\splits\genimage_8000_split_v4\test\ai\vqdm_00024.png,vqdm_00024.png,test,vqdm,1,baseline,jpeg_q95,"jpeg(Q95,s0)",0.9999885559082031,1
data\splits\genimage_8000_split_v4\test\ai\wukong_00075.png,wukong_00075.png,test,wukong,1,baseline,jpeg_q95,"jpeg(Q95,s0)",0.8890925645828247,1
data\splits\genimage_8000_split_v4\test\ai\biggan_00050.png,biggan_00050.png,test,biggan,1,baseline,jpeg_q95,"jpeg(Q95,s0)",1.0,1
data\splits\genimage_8000_split_v4\test\ai\midjourney_00059.png,midjourney_00059.png,test,midjourney,1,baseline,jpeg_q95,"jpeg(Q95,s0)",0.7457513809204102,1
data\splits\genimage_8000_split_v4\test\ai\biggan_00029.png,biggan_00029.png,test,biggan,1,baseline,jpeg_q95,"jpeg(Q95,s0)",0.999962568283081,1
data\splits\genimage_8000_split_v4\test\ai\sdv5_00039.png,sdv5_00039.png,test,sdv5,1,baseline,jpeg_q95,"jpeg(Q95,s0)",0.9907062649726868,1
data\splits\genimage_8000_split_v4\test\ai\glide_00061.png,glide_00061.png,test,glide,1,baseline,jpeg_q95,"jpeg(Q95,s0)",0.033243417739868164,0
data\splits\genimage_8000_split_v4\test\ai\biggan_00012.png,biggan_00012.png,test,biggan,1,baseline,jpeg_q95,"jpeg(Q95,s0)",0.9999604225158691,1
data\splits\genimage_8000_split_v4\test\ai\biggan_00080.png,biggan_00080.png,test,biggan,1,baseline,jpeg_q95,"jpeg(Q95,s0)",0.9999998807907104,1
data\splits\genimage_8000_split_v4\test\ai\glide_00053.png,glide_00053.png,test,glide,1,baseline,jpeg_q95,"jpeg(Q95,s0)",0.9241265654563904,1
data\splits\genimage_8000_split_v4\test\ai\vqdm_00006.png,vqdm_00006.png,test,vqdm,1,baseline,jpeg_q95,"jpeg(Q95,s0)",0.8279980421066284,1
data\splits\genimage_8000_split_v4\test\ai\adm_00023.png,adm_00023.png,test,adm,1,baseline,jpeg_q95,"jpeg(Q95,s0)",0.9999998807907104,1
data\splits\genimage_8000_split_v4\test\ai\sdv5_00054.png,sdv5_00054.png,test,sdv5,1,baseline,jpeg_q95,"jpeg(Q95,s0)",0.9979172348976135,1
data\splits\genimage_8000_split_v4\test\ai\midjourney_00021.png,midjourney_00021.png,test,midjourney,1,baseline,jpeg_q95,"jpeg(Q95,s0)",0.9953255653381348,1
data\splits\genimage_8000_split_v4\test\ai\vqdm_00065.png,vqdm_00065.png,test,vqdm,1,baseline,jpeg_q95,"jpeg(Q95,s0)",0.08694891631603241,0
data\splits\genimage_8000_split_v4\test\ai\biggan_00055.png,biggan_00055.png,test,biggan,1,baseline,jpeg_q95,"jpeg(Q95,s0)",0.9998906850814819,1
data\splits\genimage_8000_split_v4\test\ai\wukong_00003.png,wukong_00003.png,test,wukong,1,baseline,jpeg_q95,"jpeg(Q95,s0)",0.9991414546966553,1
data\splits\genimage_8000_split_v4\test\ai\biggan_00022.png,biggan_00022.png,test,biggan,1,baseline,jpeg_q95,"jpeg(Q95,s0)",0.9201663136482239,1
data\splits\genimage_8000_split_v4\test\ai\biggan_00081.png,biggan_00081.png,test,biggan,1,baseline,jpeg_q95,"jpeg(Q95,s0)",0.518010139465332,1
data\splits\genimage_8000_split_v4\test\ai\vqdm_00049.png,vqdm_00049.png,test,vqdm,1,baseline,jpeg_q95,"jpeg(Q95,s0)",0.9487452507019043,1
data\splits\genimage_8000_split_v4\test\ai\sdv5_00076.png,sdv5_00076.png,test,sdv5,1,baseline,jpeg_q95,"jpeg(Q95,s0)",0.9999239444732666,1
data\splits\genimage_8000_split_v4\test\ai\vqdm_00011.png,vqdm_00011.png,test,vqdm,1,baseline,jpeg_q95,"jpeg(Q95,s0)",0.9900113940238953,1
data\splits\genimage_8000_split_v4\test\ai\adm_00039.png,adm_00039.png,test,adm,1,baseline,jpeg_q95,"jpeg(Q95,s0)",1.0,1
data\splits\genimage_8000_split_v4\test\ai\glide_00023.png,glide_00023.png,test,glide,1,baseline,jpeg_q95,"jpeg(Q95,s0)",0.9941105246543884,1
data\splits\genimage_8000_split_v4\test\ai\sdv5_00063.png,sdv5_00063.png,test,sdv5,1,baseline,jpeg_q95,"jpeg(Q95,s0)",0.9973329305648804,1
data\splits\genimage_8000_split_v4\test\ai\biggan_00059.png,biggan_00059.png,test,biggan,1,baseline,jpeg_q95,"jpeg(Q95,s0)",0.9999954700469971,1
data\splits\genimage_8000_split_v4\test\ai\glide_00015.png,glide_00015.png,test,glide,1,baseline,jpeg_q95,"jpeg(Q95,s0)",0.9999936819076538,1
data\splits\genimage_8000_split_v4\test\ai\wukong_00047.png,wukong_00047.png,test,wukong,1,baseline,jpeg_q95,"jpeg(Q95,s0)",0.8160860538482666,1
data\splits\genimage_8000_split_v4\test\ai\vqdm_00037.png,vqdm_00037.png,test,vqdm,1,baseline,jpeg_q95,"jpeg(Q95,s0)",0.9872782230377197,1
data\splits\genimage_8000_split_v4\test\ai\wukong_00080.png,wukong_00080.png,test,wukong,1,baseline,jpeg_q95,"jpeg(Q95,s0)",0.9999852180480957,1
data\splits\genimage_8000_split_v4\test\ai\midjourney_00076.png,midjourney_00076.png,test,midjourney,1,baseline,jpeg_q95,"jpeg(Q95,s0)",0.9985284805297852,1
data\splits\genimage_8000_split_v4\test\ai\sdv5_00061.png,sdv5_00061.png,test,sdv5,1,baseline,jpeg_q95,"jpeg(Q95,s0)",0.9999986886978149,1
data\splits\genimage_8000_split_v4\test\ai\adm_00029.png,adm_00029.png,test,adm,1,baseline,jpeg_q95,"jpeg(Q95,s0)",0.9999877214431763,1
data\splits\genimage_8000_split_v4\test\ai\glide_00039.png,glide_00039.png,test,glide,1,baseline,jpeg_q95,"jpeg(Q95,s0)",0.9999916553497314,1
data\splits\genimage_8000_split_v4\test\ai\adm_00072.png,adm_00072.png,test,adm,1,baseline,jpeg_q95,"jpeg(Q95,s0)",0.9979152083396912,1
data\splits\genimage_8000_split_v4\test\ai\sdv5_00051.png,sdv5_00051.png,test,sdv5,1,baseline,jpeg_q95,"jpeg(Q95,s0)",0.9999998807907104,1
data\splits\genimage_8000_split_v4\test\ai\sdv5_00066.png,sdv5_00066.png,test,sdv5,1,baseline,jpeg_q95,"jpeg(Q95,s0)",0.8467528820037842,1
data\splits\genimage_8000_split_v4\test\ai\midjourney_00078.png,midjourney_00078.png,test,midjourney,1,baseline,jpeg_q95,"jpeg(Q95,s0)",0.999987006187439,1
data\splits\genimage_8000_split_v4\test\ai\vqdm_00017.png,vqdm_00017.png,test,vqdm,1,baseline,jpeg_q95,"jpeg(Q95,s0)",0.009398151189088821,0
data\splits\genimage_8000_split_v4\test\ai\sdv5_00073.png,sdv5_00073.png,test,sdv5,1,baseline,jpeg_q95,"jpeg(Q95,s0)",0.9927290081977844,1
data\splits\genimage_8000_split_v4\test\ai\midjourney_00045.png,midjourney_00045.png,test,midjourney,1,baseline,jpeg_q95,"jpeg(Q95,s0)",0.9014361500740051,1
data\splits\genimage_8000_split_v4\test\ai\vqdm_00073.png,vqdm_00073.png,test,vqdm,1,baseline,jpeg_q95,"jpeg(Q95,s0)",0.6164367198944092,1
data\splits\genimage_8000_split_v4\test\ai\sdv5_00008.png,sdv5_00008.png,test,sdv5,1,baseline,jpeg_q95,"jpeg(Q95,s0)",0.9999798536300659,1
data\splits\genimage_8000_split_v4\test\ai\midjourney_00061.png,midjourney_00061.png,test,midjourney,1,baseline,jpeg_q95,"jpeg(Q95,s0)",0.04027329757809639,0
data\splits\genimage_8000_split_v4\test\ai\adm_00015.png,adm_00015.png,test,adm,1,baseline,jpeg_q95,"jpeg(Q95,s0)",0.9999997615814209,1
data\splits\genimage_8000_split_v4\test\ai\vqdm_00068.png,vqdm_00068.png,test,vqdm,1,baseline,jpeg_q95,"jpeg(Q95,s0)",0.8698539733886719,1
data\splits\genimage_8000_split_v4\test\ai\midjourney_00053.png,midjourney_00053.png,test,midjourney,1,baseline,jpeg_q95,"jpeg(Q95,s0)",0.9999972581863403,1
data\splits\genimage_8000_split_v4\test\ai\sdv5_00050.png,sdv5_00050.png,test,sdv5,1,baseline,jpeg_q95,"jpeg(Q95,s0)",0.9993508458137512,1
data\splits\genimage_8000_split_v4\test\ai\glide_00050.png,glide_00050.png,test,glide,1,baseline,jpeg_q95,"jpeg(Q95,s0)",0.9998132586479187,1
data\splits\genimage_8000_split_v4\test\ai\midjourney_00069.png,midjourney_00069.png,test,midjourney,1,baseline,jpeg_q95,"jpeg(Q95,s0)",0.5899941921234131,1
data\splits\genimage_8000_split_v4\test\ai\glide_00038.png,glide_00038.png,test,glide,1,baseline,jpeg_q95,"jpeg(Q95,s0)",0.9961269497871399,1
data\splits\genimage_8000_split_v4\test\ai\biggan_00011.png,biggan_00011.png,test,biggan,1,baseline,jpeg_q95,"jpeg(Q95,s0)",0.8883159160614014,1
data\splits\genimage_8000_split_v4\test\ai\biggan_00082.png,biggan_00082.png,test,biggan,1,baseline,jpeg_q95,"jpeg(Q95,s0)",0.9997653365135193,1
data\splits\genimage_8000_split_v4\test\ai\wukong_00005.png,wukong_00005.png,test,wukong,1,baseline,jpeg_q95,"jpeg(Q95,s0)",0.9998608827590942,1
data\splits\genimage_8000_split_v4\test\ai\wukong_00014.png,wukong_00014.png,test,wukong,1,baseline,jpeg_q95,"jpeg(Q95,s0)",0.9996838569641113,1
data\splits\genimage_8000_split_v4\test\ai\midjourney_00071.png,midjourney_00071.png,test,midjourney,1,baseline,jpeg_q95,"jpeg(Q95,s0)",0.006773388013243675,0
data\splits\genimage_8000_split_v4\test\ai\midjourney_00009.png,midjourney_00009.png,test,midjourney,1,baseline,jpeg_q95,"jpeg(Q95,s0)",0.7151074409484863,1
data\splits\genimage_8000_split_v4\test\ai\midjourney_00044.png,midjourney_00044.png,test,midjourney,1,baseline,jpeg_q95,"jpeg(Q95,s0)",0.9714071750640869,1
data\splits\genimage_8000_split_v4\test\ai\biggan_00017.png,biggan_00017.png,test,biggan,1,baseline,jpeg_q95,"jpeg(Q95,s0)",0.9999104738235474,1
data\splits\genimage_8000_split_v4\test\ai\glide_00082.png,glide_00082.png,test,glide,1,baseline,jpeg_q95,"jpeg(Q95,s0)",0.9832921624183655,1
data\splits\genimage_8000_split_v4\test\ai\glide_00037.png,glide_00037.png,test,glide,1,baseline,jpeg_q95,"jpeg(Q95,s0)",0.3246658742427826,0
data\splits\genimage_8000_split_v4\test\ai\adm_00027.png,adm_00027.png,test,adm,1,baseline,jpeg_q95,"jpeg(Q95,s0)",0.9998558759689331,1
data\splits\genimage_8000_split_v4\test\ai\midjourney_00024.png,midjourney_00024.png,test,midjourney,1,baseline,jpeg_q95,"jpeg(Q95,s0)",0.9999979734420776,1
data\splits\genimage_8000_split_v4\test\ai\glide_00033.png,glide_00033.png,test,glide,1,baseline,jpeg_q95,"jpeg(Q95,s0)",0.9998830556869507,1
data\splits\genimage_8000_split_v4\test\ai\midjourney_00007.png,midjourney_00007.png,test,midjourney,1,baseline,jpeg_q95,"jpeg(Q95,s0)",0.981455385684967,1
data\splits\genimage_8000_split_v4\test\ai\sdv5_00072.png,sdv5_00072.png,test,sdv5,1,baseline,jpeg_q95,"jpeg(Q95,s0)",0.6739132404327393,1
data\splits\genimage_8000_split_v4\test\ai\wukong_00022.png,wukong_00022.png,test,wukong,1,baseline,jpeg_q95,"jpeg(Q95,s0)",0.997481644153595,1
data\splits\genimage_8000_split_v4\test\ai\vqdm_00032.png,vqdm_00032.png,test,vqdm,1,baseline,jpeg_q95,"jpeg(Q95,s0)",0.006939058657735586,0
data\splits\genimage_8000_split_v4\test\ai\glide_00009.png,glide_00009.png,test,glide,1,baseline,jpeg_q95,"jpeg(Q95,s0)",0.9999990463256836,1
data\splits\genimage_8000_split_v4\test\ai\biggan_00030.png,biggan_00030.png,test,biggan,1,baseline,jpeg_q95,"jpeg(Q95,s0)",0.9151621460914612,1
data\splits\genimage_8000_split_v4\test\ai\wukong_00057.png,wukong_00057.png,test,wukong,1,baseline,jpeg_q95,"jpeg(Q95,s0)",0.9555718898773193,1
data\splits\genimage_8000_split_v4\test\ai\adm_00079.png,adm_00079.png,test,adm,1,baseline,jpeg_q95,"jpeg(Q95,s0)",1.0,1
data\splits\genimage_8000_split_v4\test\ai\vqdm_00031.png,vqdm_00031.png,test,vqdm,1,baseline,jpeg_q95,"jpeg(Q95,s0)",0.9824268817901611,1
data\splits\genimage_8000_split_v4\test\ai\glide_00010.png,glide_00010.png,test,glide,1,baseline,jpeg_q95,"jpeg(Q95,s0)",1.0,1
data\splits\genimage_8000_split_v4\test\ai\wukong_00009.png,wukong_00009.png,test,wukong,1,baseline,jpeg_q95,"jpeg(Q95,s0)",0.9963831901550293,1
data\splits\genimage_8000_split_v4\test\ai\glide_00013.png,glide_00013.png,test,glide,1,baseline,jpeg_q95,"jpeg(Q95,s0)",0.9852914810180664,1
data\splits\genimage_8000_split_v4\test\ai\vqdm_00023.png,vqdm_00023.png,test,vqdm,1,baseline,jpeg_q95,"jpeg(Q95,s0)",0.35111385583877563,0
data\splits\genimage_8000_split_v4\test\ai\sdv5_00011.png,sdv5_00011.png,test,sdv5,1,baseline,jpeg_q95,"jpeg(Q95,s0)",0.9527384638786316,1
data\splits\genimage_8000_split_v4\test\ai\sdv5_00047.png,sdv5_00047.png,test,sdv5,1,baseline,jpeg_q95,"jpeg(Q95,s0)",0.9999910593032837,1
data\splits\genimage_8000_split_v4\test\ai\sdv5_00009.png,sdv5_00009.png,test,sdv5,1,baseline,jpeg_q95,"jpeg(Q95,s0)",0.9663541316986084,1
data\splits\genimage_8000_split_v4\test\ai\sdv5_00010.png,sdv5_00010.png,test,sdv5,1,baseline,jpeg_q95,"jpeg(Q95,s0)",0.9291853308677673,1
data\splits\genimage_8000_split_v4\test\ai\glide_00076.png,glide_00076.png,test,glide,1,baseline,jpeg_q95,"jpeg(Q95,s0)",0.9999995231628418,1
data\splits\genimage_8000_split_v4\test\ai\adm_00081.png,adm_00081.png,test,adm,1,baseline,jpeg_q95,"jpeg(Q95,s0)",0.999997615814209,1
data\splits\genimage_8000_split_v4\test\ai\sdv5_00023.png,sdv5_00023.png,test,sdv5,1,baseline,jpeg_q95,"jpeg(Q95,s0)",0.9999645948410034,1
data\splits\genimage_8000_split_v4\test\ai\biggan_00003.png,biggan_00003.png,test,biggan,1,baseline,jpeg_q95,"jpeg(Q95,s0)",0.9969498515129089,1
data\splits\genimage_8000_split_v4\test\ai\wukong_00061.png,wukong_00061.png,test,wukong,1,baseline,jpeg_q95,"jpeg(Q95,s0)",0.6137599945068359,1
data\splits\genimage_8000_split_v4\test\ai\adm_00085.png,adm_00085.png,test,adm,1,baseline,jpeg_q95,"jpeg(Q95,s0)",0.9668850898742676,1
data\splits\genimage_8000_split_v4\test\ai\midjourney_00014.png,midjourney_00014.png,test,midjourney,1,baseline,jpeg_q95,"jpeg(Q95,s0)",0.9617636203765869,1
data\splits\genimage_8000_split_v4\test\ai\vqdm_00042.png,vqdm_00042.png,test,vqdm,1,baseline,jpeg_q95,"jpeg(Q95,s0)",0.9972707629203796,1
data\splits\genimage_8000_split_v4\test\ai\wukong_00076.png,wukong_00076.png,test,wukong,1,baseline,jpeg_q95,"jpeg(Q95,s0)",0.9992258548736572,1
data\splits\genimage_8000_split_v4\test\ai\vqdm_00035.png,vqdm_00035.png,test,vqdm,1,baseline,jpeg_q95,"jpeg(Q95,s0)",0.4280884563922882,0
data\splits\genimage_8000_split_v4\test\ai\sdv5_00037.png,sdv5_00037.png,test,sdv5,1,baseline,jpeg_q95,"jpeg(Q95,s0)",0.548322856426239,1
data\splits\genimage_8000_split_v4\test\ai\biggan_00000.png,biggan_00000.png,test,biggan,1,baseline,jpeg_q95,"jpeg(Q95,s0)",0.9995445609092712,1
data\splits\genimage_8000_split_v4\test\ai\sdv5_00053.png,sdv5_00053.png,test,sdv5,1,baseline,jpeg_q95,"jpeg(Q95,s0)",0.9999966621398926,1
data\splits\genimage_8000_split_v4\test\ai\midjourney_00034.png,midjourney_00034.png,test,midjourney,1,baseline,jpeg_q95,"jpeg(Q95,s0)",0.9964602589607239,1
data\splits\genimage_8000_split_v4\test\ai\wukong_00033.png,wukong_00033.png,test,wukong,1,baseline,jpeg_q95,"jpeg(Q95,s0)",0.8749485611915588,1
data\splits\genimage_8000_split_v4\test\ai\glide_00011.png,glide_00011.png,test,glide,1,baseline,jpeg_q95,"jpeg(Q95,s0)",0.9887272119522095,1
data\splits\genimage_8000_split_v4\test\ai\glide_00008.png,glide_00008.png,test,glide,1,baseline,jpeg_q95,"jpeg(Q95,s0)",0.9996274709701538,1
data\splits\genimage_8000_split_v4\test\ai\adm_00044.png,adm_00044.png,test,adm,1,baseline,jpeg_q95,"jpeg(Q95,s0)",0.9656981229782104,1
data\splits\genimage_8000_split_v4\test\ai\sdv5_00029.png,sdv5_00029.png,test,sdv5,1,baseline,jpeg_q95,"jpeg(Q95,s0)",0.9999691247940063,1
data\splits\genimage_8000_split_v4\test\ai\sdv5_00081.png,sdv5_00081.png,test,sdv5,1,baseline,jpeg_q95,"jpeg(Q95,s0)",0.99998939037323,1
data\splits\genimage_8000_split_v4\test\ai\sdv5_00040.png,sdv5_00040.png,test,sdv5,1,baseline,jpeg_q95,"jpeg(Q95,s0)",0.3715685307979584,0
data\splits\genimage_8000_split_v4\test\ai\adm_00042.png,adm_00042.png,test,adm,1,baseline,jpeg_q95,"jpeg(Q95,s0)",0.9999583959579468,1
data\splits\genimage_8000_split_v4\test\ai\sdv5_00059.png,sdv5_00059.png,test,sdv5,1,baseline,jpeg_q95,"jpeg(Q95,s0)",0.9498277306556702,1
data\splits\genimage_8000_split_v4\test\ai\wukong_00017.png,wukong_00017.png,test,wukong,1,baseline,jpeg_q95,"jpeg(Q95,s0)",0.9999120235443115,1
data\splits\genimage_8000_split_v4\test\ai\wukong_00058.png,wukong_00058.png,test,wukong,1,baseline,jpeg_q95,"jpeg(Q95,s0)",0.9999966621398926,1
data\splits\genimage_8000_split_v4\test\ai\adm_00086.png,adm_00086.png,test,adm,1,baseline,jpeg_q95,"jpeg(Q95,s0)",0.9999997615814209,1
data\splits\genimage_8000_split_v4\test\ai\midjourney_00049.png,midjourney_00049.png,test,midjourney,1,baseline,jpeg_q95,"jpeg(Q95,s0)",0.9790861010551453,1
data\splits\genimage_8000_split_v4\test\ai\midjourney_00065.png,midjourney_00065.png,test,midjourney,1,baseline,jpeg_q95,"jpeg(Q95,s0)",0.9999998807907104,1
data\splits\genimage_8000_split_v4\test\ai\midjourney_00006.png,midjourney_00006.png,test,midjourney,1,baseline,jpeg_q95,"jpeg(Q95,s0)",0.9845697283744812,1
data\splits\genimage_8000_split_v4\test\ai\wukong_00079.png,wukong_00079.png,test,wukong,1,baseline,jpeg_q95,"jpeg(Q95,s0)",0.9993183612823486,1
data\splits\genimage_8000_split_v4\test\ai\sdv5_00085.png,sdv5_00085.png,test,sdv5,1,baseline,jpeg_q95,"jpeg(Q95,s0)",0.9999998807907104,1
data\splits\genimage_8000_split_v4\test\ai\sdv5_00065.png,sdv5_00065.png,test,sdv5,1,baseline,jpeg_q95,"jpeg(Q95,s0)",0.959298312664032,1
data\splits\genimage_8000_split_v4\test\ai\wukong_00037.png,wukong_00037.png,test,wukong,1,baseline,jpeg_q95,"jpeg(Q95,s0)",0.9758903384208679,1
data\splits\genimage_8000_split_v4\test\ai\biggan_00032.png,biggan_00032.png,test,biggan,1,baseline,jpeg_q95,"jpeg(Q95,s0)",0.9985201954841614,1
data\splits\genimage_8000_split_v4\test\ai\wukong_00011.png,wukong_00011.png,test,wukong,1,baseline,jpeg_q95,"jpeg(Q95,s0)",0.9999768733978271,1
data\splits\genimage_8000_split_v4\test\ai\biggan_00053.png,biggan_00053.png,test,biggan,1,baseline,jpeg_q95,"jpeg(Q95,s0)",1.0,1
data\splits\genimage_8000_split_v4\test\ai\sdv5_00005.png,sdv5_00005.png,test,sdv5,1,baseline,jpeg_q95,"jpeg(Q95,s0)",0.9775307774543762,1
data\splits\genimage_8000_split_v4\test\ai\adm_00057.png,adm_00057.png,test,adm,1,baseline,jpeg_q95,"jpeg(Q95,s0)",0.9514755606651306,1
data\splits\genimage_8000_split_v4\test\ai\wukong_00024.png,wukong_00024.png,test,wukong,1,baseline,jpeg_q95,"jpeg(Q95,s0)",0.9931707382202148,1
data\splits\genimage_8000_split_v4\test\ai\glide_00056.png,glide_00056.png,test,glide,1,baseline,jpeg_q95,"jpeg(Q95,s0)",1.0,1
data\splits\genimage_8000_split_v4\test\ai\adm_00004.png,adm_00004.png,test,adm,1,baseline,jpeg_q95,"jpeg(Q95,s0)",1.0,1
data\splits\genimage_8000_split_v4\test\ai\midjourney_00081.png,midjourney_00081.png,test,midjourney,1,baseline,jpeg_q95,"jpeg(Q95,s0)",0.0003311627369839698,0
data\splits\genimage_8000_split_v4\test\ai\sdv5_00083.png,sdv5_00083.png,test,sdv5,1,baseline,jpeg_q95,"jpeg(Q95,s0)",0.0456511527299881,0
data\splits\genimage_8000_split_v4\test\ai\glide_00042.png,glide_00042.png,test,glide,1,baseline,jpeg_q95,"jpeg(Q95,s0)",0.9996991157531738,1
data\splits\genimage_8000_split_v4\test\ai\glide_00029.png,glide_00029.png,test,glide,1,baseline,jpeg_q95,"jpeg(Q95,s0)",0.619676411151886,1
data\splits\genimage_8000_split_v4\test\ai\vqdm_00022.png,vqdm_00022.png,test,vqdm,1,baseline,jpeg_q95,"jpeg(Q95,s0)",0.9988924860954285,1
data\splits\genimage_8000_split_v4\test\ai\adm_00007.png,adm_00007.png,test,adm,1,baseline,jpeg_q95,"jpeg(Q95,s0)",0.9999090433120728,1
data\splits\genimage_8000_split_v4\test\ai\vqdm_00082.png,vqdm_00082.png,test,vqdm,1,baseline,jpeg_q95,"jpeg(Q95,s0)",0.3130331039428711,0
data\splits\genimage_8000_split_v4\test\ai\glide_00052.png,glide_00052.png,test,glide,1,baseline,jpeg_q95,"jpeg(Q95,s0)",0.9999947547912598,1
data\splits\genimage_8000_split_v4\test\ai\adm_00066.png,adm_00066.png,test,adm,1,baseline,jpeg_q95,"jpeg(Q95,s0)",0.9494479298591614,1
data\splits\genimage_8000_split_v4\test\ai\sdv5_00026.png,sdv5_00026.png,test,sdv5,1,baseline,jpeg_q95,"jpeg(Q95,s0)",0.3517614006996155,0
data\splits\genimage_8000_split_v4\test\ai\wukong_00004.png,wukong_00004.png,test,wukong,1,baseline,jpeg_q95,"jpeg(Q95,s0)",0.9999936819076538,1
data\splits\genimage_8000_split_v4\test\ai\wukong_00034.png,wukong_00034.png,test,wukong,1,baseline,jpeg_q95,"jpeg(Q95,s0)",0.99965500831604,1
data\splits\genimage_8000_split_v4\test\ai\adm_00073.png,adm_00073.png,test,adm,1,baseline,jpeg_q95,"jpeg(Q95,s0)",0.9999982118606567,1
data\splits\genimage_8000_split_v4\test\ai\sdv5_00056.png,sdv5_00056.png,test,sdv5,1,baseline,jpeg_q95,"jpeg(Q95,s0)",0.8949562311172485,1
data\splits\genimage_8000_split_v4\test\ai\adm_00050.png,adm_00050.png,test,adm,1,baseline,jpeg_q95,"jpeg(Q95,s0)",0.989354133605957,1
data\splits\genimage_8000_split_v4\test\ai\biggan_00004.png,biggan_00004.png,test,biggan,1,baseline,jpeg_q95,"jpeg(Q95,s0)",0.9995112419128418,1
data\splits\genimage_8000_split_v4\test\ai\midjourney_00063.png,midjourney_00063.png,test,midjourney,1,baseline,jpeg_q95,"jpeg(Q95,s0)",0.8927937746047974,1
data\splits\genimage_8000_split_v4\test\ai\glide_00007.png,glide_00007.png,test,glide,1,baseline,jpeg_q95,"jpeg(Q95,s0)",0.9163667559623718,1
data\splits\genimage_8000_split_v4\test\ai\vqdm_00059.png,vqdm_00059.png,test,vqdm,1,baseline,jpeg_q95,"jpeg(Q95,s0)",0.34461936354637146,0
data\splits\genimage_8000_split_v4\test\ai\midjourney_00051.png,midjourney_00051.png,test,midjourney,1,baseline,jpeg_q95,"jpeg(Q95,s0)",0.09745229035615921,0
data\splits\genimage_8000_split_v4\test\ai\adm_00040.png,adm_00040.png,test,adm,1,baseline,jpeg_q95,"jpeg(Q95,s0)",0.9817388653755188,1
data\splits\genimage_8000_split_v4\test\ai\vqdm_00046.png,vqdm_00046.png,test,vqdm,1,baseline,jpeg_q95,"jpeg(Q95,s0)",0.25139740109443665,0
data\splits\genimage_8000_split_v4\test\ai\glide_00071.png,glide_00071.png,test,glide,1,baseline,jpeg_q95,"jpeg(Q95,s0)",0.9999970197677612,1
data\splits\genimage_8000_split_v4\test\ai\midjourney_00040.png,midjourney_00040.png,test,midjourney,1,baseline,jpeg_q95,"jpeg(Q95,s0)",0.7916507124900818,1
data\splits\genimage_8000_split_v4\test\ai\biggan_00056.png,biggan_00056.png,test,biggan,1,baseline,jpeg_q95,"jpeg(Q95,s0)",0.9921455979347229,1
data\splits\genimage_8000_split_v4\test\ai\wukong_00030.png,wukong_00030.png,test,wukong,1,baseline,jpeg_q95,"jpeg(Q95,s0)",0.8990672826766968,1
data\splits\genimage_8000_split_v4\test\ai\adm_00045.png,adm_00045.png,test,adm,1,baseline,jpeg_q95,"jpeg(Q95,s0)",0.9999983310699463,1
data\splits\genimage_8000_split_v4\test\ai\vqdm_00069.png,vqdm_00069.png,test,vqdm,1,baseline,jpeg_q95,"jpeg(Q95,s0)",0.9052548408508301,1
data\splits\genimage_8000_split_v4\test\ai\sdv5_00013.png,sdv5_00013.png,test,sdv5,1,baseline,jpeg_q95,"jpeg(Q95,s0)",0.9789167642593384,1
data\splits\genimage_8000_split_v4\test\ai\adm_00058.png,adm_00058.png,test,adm,1,baseline,jpeg_q95,"jpeg(Q95,s0)",0.9749489426612854,1
data\splits\genimage_8000_split_v4\test\ai\biggan_00037.png,biggan_00037.png,test,biggan,1,baseline,jpeg_q95,"jpeg(Q95,s0)",1.0,1
data\splits\genimage_8000_split_v4\test\ai\vqdm_00039.png,vqdm_00039.png,test,vqdm,1,baseline,jpeg_q95,"jpeg(Q95,s0)",0.998916506767273,1
data\splits\genimage_8000_split_v4\test\ai\sdv5_00034.png,sdv5_00034.png,test,sdv5,1,baseline,jpeg_q95,"jpeg(Q95,s0)",0.9999076128005981,1
data\splits\genimage_8000_split_v4\test\ai\glide_00047.png,glide_00047.png,test,glide,1,baseline,jpeg_q95,"jpeg(Q95,s0)",0.9903746247291565,1
data\splits\genimage_8000_split_v4\test\ai\biggan_00063.png,biggan_00063.png,test,biggan,1,baseline,jpeg_q95,"jpeg(Q95,s0)",0.9999997615814209,1
data\splits\genimage_8000_split_v4\test\ai\glide_00045.png,glide_00045.png,test,glide,1,baseline,jpeg_q95,"jpeg(Q95,s0)",0.9057607650756836,1
data\splits\genimage_8000_split_v4\test\ai\wukong_00027.png,wukong_00027.png,test,wukong,1,baseline,jpeg_q95,"jpeg(Q95,s0)",0.9930967688560486,1
data\splits\genimage_8000_split_v4\test\ai\vqdm_00027.png,vqdm_00027.png,test,vqdm,1,baseline,jpeg_q95,"jpeg(Q95,s0)",0.10556576400995255,0
data\splits\genimage_8000_split_v4\test\ai\glide_00024.png,glide_00024.png,test,glide,1,baseline,jpeg_q95,"jpeg(Q95,s0)",0.9999666213989258,1
data\splits\genimage_8000_split_v4\test\ai\wukong_00085.png,wukong_00085.png,test,wukong,1,baseline,jpeg_q95,"jpeg(Q95,s0)",0.9979966282844543,1
data\splits\genimage_8000_split_v4\test\ai\glide_00043.png,glide_00043.png,test,glide,1,baseline,jpeg_q95,"jpeg(Q95,s0)",0.9999946355819702,1
data\splits\genimage_8000_split_v4\test\ai\vqdm_00055.png,vqdm_00055.png,test,vqdm,1,baseline,jpeg_q95,"jpeg(Q95,s0)",0.9947788715362549,1
data\splits\genimage_8000_split_v4\test\ai\midjourney_00057.png,midjourney_00057.png,test,midjourney,1,baseline,jpeg_q95,"jpeg(Q95,s0)",0.9999415874481201,1
data\splits\genimage_8000_split_v4\test\ai\wukong_00062.png,wukong_00062.png,test,wukong,1,baseline,jpeg_q95,"jpeg(Q95,s0)",0.9265409708023071,1
data\splits\genimage_8000_split_v4\test\ai\sdv5_00007.png,sdv5_00007.png,test,sdv5,1,baseline,jpeg_q95,"jpeg(Q95,s0)",0.9981476068496704,1
data\splits\genimage_8000_split_v4\test\ai\biggan_00043.png,biggan_00043.png,test,biggan,1,baseline,jpeg_q95,"jpeg(Q95,s0)",0.4694477617740631,0
data\splits\genimage_8000_split_v4\test\ai\adm_00083.png,adm_00083.png,test,adm,1,baseline,jpeg_q95,"jpeg(Q95,s0)",0.9997860789299011,1
data\splits\genimage_8000_split_v4\test\ai\adm_00052.png,adm_00052.png,test,adm,1,baseline,jpeg_q95,"jpeg(Q95,s0)",0.9999946355819702,1
data\splits\genimage_8000_split_v4\test\ai\wukong_00032.png,wukong_00032.png,test,wukong,1,baseline,jpeg_q95,"jpeg(Q95,s0)",0.9982607960700989,1
data\splits\genimage_8000_split_v4\test\ai\midjourney_00047.png,midjourney_00047.png,test,midjourney,1,baseline,jpeg_q95,"jpeg(Q95,s0)",0.999962329864502,1
data\splits\genimage_8000_split_v4\test\ai\midjourney_00072.png,midjourney_00072.png,test,midjourney,1,baseline,jpeg_q95,"jpeg(Q95,s0)",0.9995836615562439,1
data\splits\genimage_8000_split_v4\test\ai\wukong_00010.png,wukong_00010.png,test,wukong,1,baseline,jpeg_q95,"jpeg(Q95,s0)",0.9955406785011292,1
data\splits\genimage_8000_split_v4\test\ai\sdv5_00021.png,sdv5_00021.png,test,sdv5,1,baseline,jpeg_q95,"jpeg(Q95,s0)",0.9931402802467346,1
data\splits\genimage_8000_split_v4\test\ai\biggan_00009.png,biggan_00009.png,test,biggan,1,baseline,jpeg_q95,"jpeg(Q95,s0)",0.9908732175827026,1
data\splits\genimage_8000_split_v4\test\ai\wukong_00043.png,wukong_00043.png,test,wukong,1,baseline,jpeg_q95,"jpeg(Q95,s0)",0.9997842907905579,1
data\splits\genimage_8000_split_v4\test\ai\vqdm_00034.png,vqdm_00034.png,test,vqdm,1,baseline,jpeg_q95,"jpeg(Q95,s0)",0.9211530089378357,1
data\splits\genimage_8000_split_v4\test\ai\biggan_00023.png,biggan_00023.png,test,biggan,1,baseline,jpeg_q95,"jpeg(Q95,s0)",0.99960857629776,1
data\splits\genimage_8000_split_v4\test\ai\glide_00080.png,glide_00080.png,test,glide,1,baseline,jpeg_q95,"jpeg(Q95,s0)",0.999996542930603,1
data\splits\genimage_8000_split_v4\test\ai\midjourney_00008.png,midjourney_00008.png,test,midjourney,1,baseline,jpeg_q95,"jpeg(Q95,s0)",0.6537759304046631,1
data\splits\genimage_8000_split_v4\test\ai\biggan_00024.png,biggan_00024.png,test,biggan,1,baseline,jpeg_q95,"jpeg(Q95,s0)",0.9999954700469971,1
data\splits\genimage_8000_split_v4\test\ai\midjourney_00002.png,midjourney_00002.png,test,midjourney,1,baseline,jpeg_q95,"jpeg(Q95,s0)",0.9260253310203552,1
data\splits\genimage_8000_split_v4\test\ai\midjourney_00000.png,midjourney_00000.png,test,midjourney,1,baseline,jpeg_q95,"jpeg(Q95,s0)",0.8178401589393616,1
data\splits\genimage_8000_split_v4\test\ai\adm_00084.png,adm_00084.png,test,adm,1,baseline,jpeg_q95,"jpeg(Q95,s0)",1.0,1
data\splits\genimage_8000_split_v4\test\ai\biggan_00042.png,biggan_00042.png,test,biggan,1,baseline,jpeg_q95,"jpeg(Q95,s0)",0.9999432563781738,1
data\splits\genimage_8000_split_v4\test\ai\wukong_00018.png,wukong_00018.png,test,wukong,1,baseline,jpeg_q95,"jpeg(Q95,s0)",0.9999973773956299,1
data\splits\genimage_8000_split_v4\test\ai\vqdm_00021.png,vqdm_00021.png,test,vqdm,1,baseline,jpeg_q95,"jpeg(Q95,s0)",0.9439116716384888,1
data\splits\genimage_8000_split_v4\test\ai\sdv5_00057.png,sdv5_00057.png,test,sdv5,1,baseline,jpeg_q95,"jpeg(Q95,s0)",0.9670133590698242,1
data\splits\genimage_8000_split_v4\test\ai\midjourney_00029.png,midjourney_00029.png,test,midjourney,1,baseline,jpeg_q95,"jpeg(Q95,s0)",0.7227882146835327,1
data\splits\genimage_8000_split_v4\test\ai\sdv5_00004.png,sdv5_00004.png,test,sdv5,1,baseline,jpeg_q95,"jpeg(Q95,s0)",0.3709174394607544,0
data\splits\genimage_8000_split_v4\test\ai\wukong_00063.png,wukong_00063.png,test,wukong,1,baseline,jpeg_q95,"jpeg(Q95,s0)",0.06617419421672821,0
data\splits\genimage_8000_split_v4\test\ai\glide_00057.png,glide_00057.png,test,glide,1,baseline,jpeg_q95,"jpeg(Q95,s0)",0.9983674883842468,1
data\splits\genimage_8000_split_v4\test\ai\wukong_00074.png,wukong_00074.png,test,wukong,1,baseline,jpeg_q95,"jpeg(Q95,s0)",0.2703995108604431,0
data\splits\genimage_8000_split_v4\test\ai\adm_00070.png,adm_00070.png,test,adm,1,baseline,jpeg_q95,"jpeg(Q95,s0)",0.9803380966186523,1
data\splits\genimage_8000_split_v4\test\ai\midjourney_00018.png,midjourney_00018.png,test,midjourney,1,baseline,jpeg_q95,"jpeg(Q95,s0)",0.9992577433586121,1
data\splits\genimage_8000_split_v4\test\ai\vqdm_00081.png,vqdm_00081.png,test,vqdm,1,baseline,jpeg_q95,"jpeg(Q95,s0)",0.8077384233474731,1
data\splits\genimage_8000_split_v4\test\ai\vqdm_00075.png,vqdm_00075.png,test,vqdm,1,baseline,jpeg_q95,"jpeg(Q95,s0)",0.904451310634613,1
data\splits\genimage_8000_split_v4\test\ai\glide_00059.png,glide_00059.png,test,glide,1,baseline,jpeg_q95,"jpeg(Q95,s0)",0.961391270160675,1
data\splits\genimage_8000_split_v4\test\ai\vqdm_00002.png,vqdm_00002.png,test,vqdm,1,baseline,jpeg_q95,"jpeg(Q95,s0)",0.15862706303596497,0
data\splits\genimage_8000_split_v4\test\ai\biggan_00045.png,biggan_00045.png,test,biggan,1,baseline,jpeg_q95,"jpeg(Q95,s0)",0.9999998807907104,1
data\splits\genimage_8000_split_v4\test\ai\sdv5_00075.png,sdv5_00075.png,test,sdv5,1,baseline,jpeg_q95,"jpeg(Q95,s0)",0.9766842126846313,1
data\splits\genimage_8000_split_v4\test\ai\sdv5_00055.png,sdv5_00055.png,test,sdv5,1,baseline,jpeg_q95,"jpeg(Q95,s0)",0.06947996467351913,0
data\splits\genimage_8000_split_v4\test\ai\wukong_00013.png,wukong_00013.png,test,wukong,1,baseline,jpeg_q95,"jpeg(Q95,s0)",0.9999531507492065,1
data\splits\genimage_8000_split_v4\test\ai\adm_00068.png,adm_00068.png,test,adm,1,baseline,jpeg_q95,"jpeg(Q95,s0)",0.9997977614402771,1
data\splits\genimage_8000_split_v4\test\ai\midjourney_00010.png,midjourney_00010.png,test,midjourney,1,baseline,jpeg_q95,"jpeg(Q95,s0)",0.19301161170005798,0
data\splits\genimage_8000_split_v4\test\ai\midjourney_00030.png,midjourney_00030.png,test,midjourney,1,baseline,jpeg_q95,"jpeg(Q95,s0)",0.991899847984314,1
data\splits\genimage_8000_split_v4\test\ai\sdv5_00074.png,sdv5_00074.png,test,sdv5,1,baseline,jpeg_q95,"jpeg(Q95,s0)",0.9999910593032837,1
data\splits\genimage_8000_split_v4\test\ai\vqdm_00072.png,vqdm_00072.png,test,vqdm,1,baseline,jpeg_q95,"jpeg(Q95,s0)",0.981075644493103,1
data\splits\genimage_8000_split_v4\test\ai\wukong_00031.png,wukong_00031.png,test,wukong,1,baseline,jpeg_q95,"jpeg(Q95,s0)",0.9999954700469971,1
data\splits\genimage_8000_split_v4\test\ai\vqdm_00080.png,vqdm_00080.png,test,vqdm,1,baseline,jpeg_q95,"jpeg(Q95,s0)",0.9975312948226929,1
data\splits\genimage_8000_split_v4\test\ai\midjourney_00043.png,midjourney_00043.png,test,midjourney,1,baseline,jpeg_q95,"jpeg(Q95,s0)",0.03404108062386513,0
data\splits\genimage_8000_split_v4\test\ai\vqdm_00001.png,vqdm_00001.png,test,vqdm,1,baseline,jpeg_q95,"jpeg(Q95,s0)",0.7262017726898193,1
data\splits\genimage_8000_split_v4\test\ai\glide_00021.png,glide_00021.png,test,glide,1,baseline,jpeg_q95,"jpeg(Q95,s0)",0.9999773502349854,1
data\splits\genimage_8000_split_v4\test\ai\midjourney_00037.png,midjourney_00037.png,test,midjourney,1,baseline,jpeg_q95,"jpeg(Q95,s0)",0.008535157889127731,0
data\splits\genimage_8000_split_v4\test\ai\biggan_00031.png,biggan_00031.png,test,biggan,1,baseline,jpeg_q95,"jpeg(Q95,s0)",0.9999991655349731,1
data\splits\genimage_8000_split_v4\test\ai\wukong_00072.png,wukong_00072.png,test,wukong,1,baseline,jpeg_q95,"jpeg(Q95,s0)",0.9743934869766235,1
data\splits\genimage_8000_split_v4\test\ai\midjourney_00055.png,midjourney_00055.png,test,midjourney,1,baseline,jpeg_q95,"jpeg(Q95,s0)",0.99774569272995,1
data\splits\genimage_8000_split_v4\test\ai\glide_00070.png,glide_00070.png,test,glide,1,baseline,jpeg_q95,"jpeg(Q95,s0)",1.0,1
data\splits\genimage_8000_split_v4\test\ai\biggan_00057.png,biggan_00057.png,test,biggan,1,baseline,jpeg_q95,"jpeg(Q95,s0)",0.9948469400405884,1
data\splits\genimage_8000_split_v4\test\ai\midjourney_00075.png,midjourney_00075.png,test,midjourney,1,baseline,jpeg_q95,"jpeg(Q95,s0)",0.9926326870918274,1
data\splits\genimage_8000_split_v4\test\ai\vqdm_00048.png,vqdm_00048.png,test,vqdm,1,baseline,jpeg_q95,"jpeg(Q95,s0)",0.8940830230712891,1
data\splits\genimage_8000_split_v4\test\ai\glide_00034.png,glide_00034.png,test,glide,1,baseline,jpeg_q95,"jpeg(Q95,s0)",1.0,1
data\splits\genimage_8000_split_v4\test\ai\sdv5_00078.png,sdv5_00078.png,test,sdv5,1,baseline,jpeg_q95,"jpeg(Q95,s0)",0.8980719447135925,1
data\splits\genimage_8000_split_v4\test\ai\midjourney_00062.png,midjourney_00062.png,test,midjourney,1,baseline,jpeg_q95,"jpeg(Q95,s0)",0.6813946962356567,1
data\splits\genimage_8000_split_v4\test\ai\adm_00031.png,adm_00031.png,test,adm,1,baseline,jpeg_q95,"jpeg(Q95,s0)",0.3534599244594574,0
data\splits\genimage_8000_split_v4\test\ai\midjourney_00026.png,midjourney_00026.png,test,midjourney,1,baseline,jpeg_q95,"jpeg(Q95,s0)",0.6893236637115479,1
data\splits\genimage_8000_split_v4\test\ai\vqdm_00000.png,vqdm_00000.png,test,vqdm,1,baseline,jpeg_q95,"jpeg(Q95,s0)",0.8649339079856873,1
data\splits\genimage_8000_split_v4\test\ai\adm_00020.png,adm_00020.png,test,adm,1,baseline,jpeg_q95,"jpeg(Q95,s0)",0.999405026435852,1
data\splits\genimage_8000_split_v4\test\ai\adm_00012.png,adm_00012.png,test,adm,1,baseline,jpeg_q95,"jpeg(Q95,s0)",0.9999802112579346,1
data\splits\genimage_8000_split_v4\test\ai\adm_00030.png,adm_00030.png,test,adm,1,baseline,jpeg_q95,"jpeg(Q95,s0)",0.9999575614929199,1
data\splits\genimage_8000_split_v4\test\ai\midjourney_00070.png,midjourney_00070.png,test,midjourney,1,baseline,jpeg_q95,"jpeg(Q95,s0)",0.8393855094909668,1
data\splits\genimage_8000_split_v4\test\ai\adm_00041.png,adm_00041.png,test,adm,1,baseline,jpeg_q95,"jpeg(Q95,s0)",0.9999066591262817,1
data\splits\genimage_8000_split_v4\test\ai\adm_00078.png,adm_00078.png,test,adm,1,baseline,jpeg_q95,"jpeg(Q95,s0)",0.9999927282333374,1
data\splits\genimage_8000_split_v4\test\ai\wukong_00068.png,wukong_00068.png,test,wukong,1,baseline,jpeg_q95,"jpeg(Q95,s0)",0.8260161876678467,1
data\splits\genimage_8000_split_v4\test\ai\biggan_00008.png,biggan_00008.png,test,biggan,1,baseline,jpeg_q95,"jpeg(Q95,s0)",0.927882730960846,1
data\splits\genimage_8000_split_v4\test\ai\adm_00069.png,adm_00069.png,test,adm,1,baseline,jpeg_q95,"jpeg(Q95,s0)",1.0,1
data\splits\genimage_8000_split_v4\test\ai\vqdm_00056.png,vqdm_00056.png,test,vqdm,1,baseline,jpeg_q95,"jpeg(Q95,s0)",0.9999642372131348,1
data\splits\genimage_8000_split_v4\test\ai\sdv5_00036.png,sdv5_00036.png,test,sdv5,1,baseline,jpeg_q95,"jpeg(Q95,s0)",0.997171938419342,1
data\splits\genimage_8000_split_v4\test\ai\vqdm_00079.png,vqdm_00079.png,test,vqdm,1,baseline,jpeg_q95,"jpeg(Q95,s0)",0.9524160027503967,1
data\splits\genimage_8000_split_v4\test\ai\midjourney_00017.png,midjourney_00017.png,test,midjourney,1,baseline,jpeg_q95,"jpeg(Q95,s0)",0.46605584025382996,0
data\splits\genimage_8000_split_v4\test\ai\biggan_00033.png,biggan_00033.png,test,biggan,1,baseline,jpeg_q95,"jpeg(Q95,s0)",0.9999827146530151,1
data\splits\genimage_8000_split_v4\test\ai\biggan_00018.png,biggan_00018.png,test,biggan,1,baseline,jpeg_q95,"jpeg(Q95,s0)",0.9997897744178772,1
data\splits\genimage_8000_split_v4\test\ai\sdv5_00001.png,sdv5_00001.png,test,sdv5,1,baseline,jpeg_q95,"jpeg(Q95,s0)",0.6995489001274109,1
data\splits\genimage_8000_split_v4\test\ai\sdv5_00020.png,sdv5_00020.png,test,sdv5,1,baseline,jpeg_q95,"jpeg(Q95,s0)",0.9792446494102478,1
data\splits\genimage_8000_split_v4\test\ai\biggan_00048.png,biggan_00048.png,test,biggan,1,baseline,jpeg_q95,"jpeg(Q95,s0)",0.9995274543762207,1
data\splits\genimage_8000_split_v4\test\ai\biggan_00058.png,biggan_00058.png,test,biggan,1,baseline,jpeg_q95,"jpeg(Q95,s0)",1.0,1
data\splits\genimage_8000_split_v4\test\ai\midjourney_00066.png,midjourney_00066.png,test,midjourney,1,baseline,jpeg_q95,"jpeg(Q95,s0)",0.36812639236450195,0
data\splits\genimage_8000_split_v4\test\ai\midjourney_00080.png,midjourney_00080.png,test,midjourney,1,baseline,jpeg_q95,"jpeg(Q95,s0)",0.21339058876037598,0
data\splits\genimage_8000_split_v4\test\ai\adm_00005.png,adm_00005.png,test,adm,1,baseline,jpeg_q95,"jpeg(Q95,s0)",0.99998939037323,1
data\splits\genimage_8000_split_v4\test\ai\adm_00003.png,adm_00003.png,test,adm,1,baseline,jpeg_q95,"jpeg(Q95,s0)",0.9999819993972778,1
data\splits\genimage_8000_split_v4\test\ai\adm_00024.png,adm_00024.png,test,adm,1,baseline,jpeg_q95,"jpeg(Q95,s0)",0.9998358488082886,1
data\splits\genimage_8000_split_v4\test\ai\sdv5_00000.png,sdv5_00000.png,test,sdv5,1,baseline,jpeg_q95,"jpeg(Q95,s0)",0.9998884201049805,1
data\splits\genimage_8000_split_v4\test\ai\biggan_00001.png,biggan_00001.png,test,biggan,1,baseline,jpeg_q95,"jpeg(Q95,s0)",0.9926113486289978,1
data\splits\genimage_8000_split_v4\test\ai\vqdm_00014.png,vqdm_00014.png,test,vqdm,1,baseline,jpeg_q95,"jpeg(Q95,s0)",0.9984583854675293,1
data\splits\genimage_8000_split_v4\test\ai\biggan_00028.png,biggan_00028.png,test,biggan,1,baseline,jpeg_q95,"jpeg(Q95,s0)",1.0,1
data\splits\genimage_8000_split_v4\test\ai\midjourney_00028.png,midjourney_00028.png,test,midjourney,1,baseline,jpeg_q95,"jpeg(Q95,s0)",0.06958431750535965,0
data\splits\genimage_8000_split_v4\test\ai\biggan_00027.png,biggan_00027.png,test,biggan,1,baseline,jpeg_q95,"jpeg(Q95,s0)",0.9998770952224731,1
data\splits\genimage_8000_split_v4\test\ai\sdv5_00049.png,sdv5_00049.png,test,sdv5,1,baseline,jpeg_q95,"jpeg(Q95,s0)",0.9998028874397278,1
data\splits\genimage_8000_split_v4\test\ai\vqdm_00029.png,vqdm_00029.png,test,vqdm,1,baseline,jpeg_q95,"jpeg(Q95,s0)",0.9780570864677429,1
data\splits\genimage_8000_split_v4\test\ai\adm_00035.png,adm_00035.png,test,adm,1,baseline,jpeg_q95,"jpeg(Q95,s0)",0.9999558925628662,1
data\splits\genimage_8000_split_v4\test\ai\adm_00011.png,adm_00011.png,test,adm,1,baseline,jpeg_q95,"jpeg(Q95,s0)",0.9999998807907104,1
data\splits\genimage_8000_split_v4\test\ai\biggan_00078.png,biggan_00078.png,test,biggan,1,baseline,jpeg_q95,"jpeg(Q95,s0)",0.9994450211524963,1
data\splits\genimage_8000_split_v4\test\ai\midjourney_00013.png,midjourney_00013.png,test,midjourney,1,baseline,jpeg_q95,"jpeg(Q95,s0)",0.9908820390701294,1
data\splits\genimage_8000_split_v4\test\ai\sdv5_00067.png,sdv5_00067.png,test,sdv5,1,baseline,jpeg_q95,"jpeg(Q95,s0)",0.9762547016143799,1
data\splits\genimage_8000_split_v4\test\ai\biggan_00006.png,biggan_00006.png,test,biggan,1,baseline,jpeg_q95,"jpeg(Q95,s0)",0.9693920612335205,1
data\splits\genimage_8000_split_v4\test\ai\vqdm_00078.png,vqdm_00078.png,test,vqdm,1,baseline,jpeg_q95,"jpeg(Q95,s0)",0.3833937644958496,0
data\splits\genimage_8000_split_v4\test\ai\glide_00049.png,glide_00049.png,test,glide,1,baseline,jpeg_q95,"jpeg(Q95,s0)",0.9885478019714355,1
data\splits\genimage_8000_split_v4\test\ai\midjourney_00050.png,midjourney_00050.png,test,midjourney,1,baseline,jpeg_q95,"jpeg(Q95,s0)",0.999908447265625,1
data\splits\genimage_8000_split_v4\test\ai\glide_00017.png,glide_00017.png,test,glide,1,baseline,jpeg_q95,"jpeg(Q95,s0)",0.9999998807907104,1
data\splits\genimage_8000_split_v4\test\ai\wukong_00008.png,wukong_00008.png,test,wukong,1,baseline,jpeg_q95,"jpeg(Q95,s0)",0.9998735189437866,1
data\splits\genimage_8000_split_v4\test\ai\sdv5_00014.png,sdv5_00014.png,test,sdv5,1,baseline,jpeg_q95,"jpeg(Q95,s0)",0.9701501727104187,1
data\splits\genimage_8000_split_v4\test\ai\biggan_00052.png,biggan_00052.png,test,biggan,1,baseline,jpeg_q95,"jpeg(Q95,s0)",0.6607353091239929,1
data\splits\genimage_8000_split_v4\test\ai\wukong_00059.png,wukong_00059.png,test,wukong,1,baseline,jpeg_q95,"jpeg(Q95,s0)",0.9804543852806091,1
data\splits\genimage_8000_split_v4\test\ai\glide_00078.png,glide_00078.png,test,glide,1,baseline,jpeg_q95,"jpeg(Q95,s0)",1.0,1
data\splits\genimage_8000_split_v4\test\ai\adm_00034.png,adm_00034.png,test,adm,1,baseline,jpeg_q95,"jpeg(Q95,s0)",0.9999998807907104,1
data\splits\genimage_8000_split_v4\test\ai\wukong_00006.png,wukong_00006.png,test,wukong,1,baseline,jpeg_q95,"jpeg(Q95,s0)",0.8884110450744629,1
data\splits\genimage_8000_split_v4\test\ai\biggan_00046.png,biggan_00046.png,test,biggan,1,baseline,jpeg_q95,"jpeg(Q95,s0)",1.0,1
data\splits\genimage_8000_split_v4\test\ai\wukong_00073.png,wukong_00073.png,test,wukong,1,baseline,jpeg_q95,"jpeg(Q95,s0)",0.5155643820762634,1
data\splits\genimage_8000_split_v4\test\ai\midjourney_00046.png,midjourney_00046.png,test,midjourney,1,baseline,jpeg_q95,"jpeg(Q95,s0)",0.9993608593940735,1
data\splits\genimage_8000_split_v4\test\ai\glide_00068.png,glide_00068.png,test,glide,1,baseline,jpeg_q95,"jpeg(Q95,s0)",0.9994673132896423,1
data\splits\genimage_8000_split_v4\test\ai\midjourney_00058.png,midjourney_00058.png,test,midjourney,1,baseline,jpeg_q95,"jpeg(Q95,s0)",0.6309654712677002,1
data\splits\genimage_8000_split_v4\test\ai\glide_00001.png,glide_00001.png,test,glide,1,baseline,jpeg_q95,"jpeg(Q95,s0)",0.9999673366546631,1
data\splits\genimage_8000_split_v4\test\ai\glide_00041.png,glide_00041.png,test,glide,1,baseline,jpeg_q95,"jpeg(Q95,s0)",1.0,1
data\splits\genimage_8000_split_v4\test\ai\glide_00014.png,glide_00014.png,test,glide,1,baseline,jpeg_q95,"jpeg(Q95,s0)",0.38432827591896057,0
data\splits\genimage_8000_split_v4\test\ai\adm_00013.png,adm_00013.png,test,adm,1,baseline,jpeg_q95,"jpeg(Q95,s0)",0.9951430559158325,1
data\splits\genimage_8000_split_v4\test\ai\glide_00063.png,glide_00063.png,test,glide,1,baseline,jpeg_q95,"jpeg(Q95,s0)",0.9994232654571533,1
data\splits\genimage_8000_split_v4\test\ai\wukong_00045.png,wukong_00045.png,test,wukong,1,baseline,jpeg_q95,"jpeg(Q95,s0)",0.9906169772148132,1
data\splits\genimage_8000_split_v4\test\ai\biggan_00079.png,biggan_00079.png,test,biggan,1,baseline,jpeg_q95,"jpeg(Q95,s0)",0.9999549388885498,1
data\splits\genimage_8000_split_v4\test\ai\adm_00002.png,adm_00002.png,test,adm,1,baseline,jpeg_q95,"jpeg(Q95,s0)",1.0,1
data\splits\genimage_8000_split_v4\test\ai\midjourney_00041.png,midjourney_00041.png,test,midjourney,1,baseline,jpeg_q95,"jpeg(Q95,s0)",0.9973471164703369,1
data\splits\genimage_8000_split_v4\test\ai\vqdm_00044.png,vqdm_00044.png,test,vqdm,1,baseline,jpeg_q95,"jpeg(Q95,s0)",0.9986608028411865,1
data\splits\genimage_8000_split_v4\test\ai\adm_00043.png,adm_00043.png,test,adm,1,baseline,jpeg_q95,"jpeg(Q95,s0)",0.9049972891807556,1
data\splits\genimage_8000_split_v4\test\ai\sdv5_00017.png,sdv5_00017.png,test,sdv5,1,baseline,jpeg_q95,"jpeg(Q95,s0)",0.9997175335884094,1
data\splits\genimage_8000_split_v4\test\ai\vqdm_00052.png,vqdm_00052.png,test,vqdm,1,baseline,jpeg_q95,"jpeg(Q95,s0)",0.45493483543395996,0
data\splits\genimage_8000_split_v4\test\ai\adm_00036.png,adm_00036.png,test,adm,1,baseline,jpeg_q95,"jpeg(Q95,s0)",0.9993106126785278,1
data\splits\genimage_8000_split_v4\test\ai\biggan_00083.png,biggan_00083.png,test,biggan,1,baseline,jpeg_q95,"jpeg(Q95,s0)",0.9970728158950806,1
data\splits\genimage_8000_split_v4\test\ai\glide_00020.png,glide_00020.png,test,glide,1,baseline,jpeg_q95,"jpeg(Q95,s0)",1.0,1
data\splits\genimage_8000_split_v4\test\ai\midjourney_00054.png,midjourney_00054.png,test,midjourney,1,baseline,jpeg_q95,"jpeg(Q95,s0)",0.19848892092704773,0
data\splits\genimage_8000_split_v4\test\ai\adm_00032.png,adm_00032.png,test,adm,1,baseline,jpeg_q95,"jpeg(Q95,s0)",0.9999403953552246,1
data\splits\genimage_8000_split_v4\test\ai\glide_00058.png,glide_00058.png,test,glide,1,baseline,jpeg_q95,"jpeg(Q95,s0)",0.999742329120636,1
data\splits\genimage_8000_split_v4\test\ai\vqdm_00008.png,vqdm_00008.png,test,vqdm,1,baseline,jpeg_q95,"jpeg(Q95,s0)",0.9929637908935547,1
data\splits\genimage_8000_split_v4\test\ai\adm_00026.png,adm_00026.png,test,adm,1,baseline,jpeg_q95,"jpeg(Q95,s0)",0.9999948740005493,1
data\splits\genimage_8000_split_v4\test\ai\midjourney_00082.png,midjourney_00082.png,test,midjourney,1,baseline,jpeg_q95,"jpeg(Q95,s0)",0.9822289943695068,1
data\splits\genimage_8000_split_v4\test\ai\wukong_00012.png,wukong_00012.png,test,wukong,1,baseline,jpeg_q95,"jpeg(Q95,s0)",0.9272096753120422,1
data\splits\genimage_8000_split_v4\test\ai\glide_00048.png,glide_00048.png,test,glide,1,baseline,jpeg_q95,"jpeg(Q95,s0)",0.7434908747673035,1
data\splits\genimage_8000_split_v4\test\ai\midjourney_00033.png,midjourney_00033.png,test,midjourney,1,baseline,jpeg_q95,"jpeg(Q95,s0)",0.9999604225158691,1
data\splits\genimage_8000_split_v4\test\ai\vqdm_00060.png,vqdm_00060.png,test,vqdm,1,baseline,jpeg_q95,"jpeg(Q95,s0)",0.974765419960022,1
data\splits\genimage_8000_split_v4\test\ai\wukong_00052.png,wukong_00052.png,test,wukong,1,baseline,jpeg_q95,"jpeg(Q95,s0)",0.9999996423721313,1
data\splits\genimage_8000_split_v4\test\ai\adm_00021.png,adm_00021.png,test,adm,1,baseline,jpeg_q95,"jpeg(Q95,s0)",0.9825893640518188,1
data\splits\genimage_8000_split_v4\test\ai\wukong_00042.png,wukong_00042.png,test,wukong,1,baseline,jpeg_q95,"jpeg(Q95,s0)",0.8662059903144836,1
data\splits\genimage_8000_split_v4\test\ai\vqdm_00071.png,vqdm_00071.png,test,vqdm,1,baseline,jpeg_q95,"jpeg(Q95,s0)",0.9979131817817688,1
data\splits\genimage_8000_split_v4\test\ai\glide_00026.png,glide_00026.png,test,glide,1,baseline,jpeg_q95,"jpeg(Q95,s0)",1.0,1
data\splits\genimage_8000_split_v4\test\ai\biggan_00019.png,biggan_00019.png,test,biggan,1,baseline,jpeg_q95,"jpeg(Q95,s0)",0.9999958276748657,1
data\splits\genimage_8000_split_v4\test\ai\glide_00051.png,glide_00051.png,test,glide,1,baseline,jpeg_q95,"jpeg(Q95,s0)",0.9908506274223328,1
data\splits\genimage_8000_split_v4\test\ai\adm_00056.png,adm_00056.png,test,adm,1,baseline,jpeg_q95,"jpeg(Q95,s0)",0.9996799230575562,1
data\splits\genimage_8000_split_v4\test\ai\glide_00012.png,glide_00012.png,test,glide,1,baseline,jpeg_q95,"jpeg(Q95,s0)",0.9999986886978149,1
data\splits\genimage_8000_split_v4\test\ai\adm_00017.png,adm_00017.png,test,adm,1,baseline,jpeg_q95,"jpeg(Q95,s0)",0.7621082663536072,1
data\splits\genimage_8000_split_v4\test\ai\wukong_00020.png,wukong_00020.png,test,wukong,1,baseline,jpeg_q95,"jpeg(Q95,s0)",0.9942161440849304,1
data\splits\genimage_8000_split_v4\test\ai\sdv5_00069.png,sdv5_00069.png,test,sdv5,1,baseline,jpeg_q95,"jpeg(Q95,s0)",0.9575195908546448,1
data\splits\genimage_8000_split_v4\test\ai\vqdm_00064.png,vqdm_00064.png,test,vqdm,1,baseline,jpeg_q95,"jpeg(Q95,s0)",0.6541650295257568,1
data\splits\genimage_8000_split_v4\test\ai\wukong_00050.png,wukong_00050.png,test,wukong,1,baseline,jpeg_q95,"jpeg(Q95,s0)",0.9947798252105713,1
data\splits\genimage_8000_split_v4\test\ai\glide_00032.png,glide_00032.png,test,glide,1,baseline,jpeg_q95,"jpeg(Q95,s0)",0.9993146657943726,1
data\splits\genimage_8000_split_v4\test\ai\glide_00040.png,glide_00040.png,test,glide,1,baseline,jpeg_q95,"jpeg(Q95,s0)",0.9997218251228333,1
data\splits\genimage_8000_split_v4\test\ai\glide_00064.png,glide_00064.png,test,glide,1,baseline,jpeg_q95,"jpeg(Q95,s0)",0.8906123042106628,1
data\splits\genimage_8000_split_v4\test\ai\adm_00016.png,adm_00016.png,test,adm,1,baseline,jpeg_q95,"jpeg(Q95,s0)",0.9938405752182007,1
data\splits\genimage_8000_split_v4\test\ai\biggan_00066.png,biggan_00066.png,test,biggan,1,baseline,jpeg_q95,"jpeg(Q95,s0)",1.0,1
data\splits\genimage_8000_split_v4\test\ai\vqdm_00013.png,vqdm_00013.png,test,vqdm,1,baseline,jpeg_q95,"jpeg(Q95,s0)",0.022520791739225388,0
data\splits\genimage_8000_split_v4\test\ai\sdv5_00024.png,sdv5_00024.png,test,sdv5,1,baseline,jpeg_q95,"jpeg(Q95,s0)",0.9170925617218018,1
data\splits\genimage_8000_split_v4\test\ai\sdv5_00030.png,sdv5_00030.png,test,sdv5,1,baseline,jpeg_q95,"jpeg(Q95,s0)",0.9926234483718872,1
data\splits\genimage_8000_split_v4\test\ai\wukong_00051.png,wukong_00051.png,test,wukong,1,baseline,jpeg_q95,"jpeg(Q95,s0)",0.9970818161964417,1
data\splits\genimage_8000_split_v4\test\ai\sdv5_00077.png,sdv5_00077.png,test,sdv5,1,baseline,jpeg_q95,"jpeg(Q95,s0)",0.9999997615814209,1
data\splits\genimage_8000_split_v4\test\ai\biggan_00013.png,biggan_00013.png,test,biggan,1,baseline,jpeg_q95,"jpeg(Q95,s0)",0.9997784495353699,1
data\splits\genimage_8000_split_v4\test\ai\wukong_00064.png,wukong_00064.png,test,wukong,1,baseline,jpeg_q95,"jpeg(Q95,s0)",0.9999735355377197,1
data\splits\genimage_8000_split_v4\test\ai\vqdm_00025.png,vqdm_00025.png,test,vqdm,1,baseline,jpeg_q95,"jpeg(Q95,s0)",0.8993248343467712,1
data\splits\genimage_8000_split_v4\test\ai\glide_00002.png,glide_00002.png,test,glide,1,baseline,jpeg_q95,"jpeg(Q95,s0)",0.9999991655349731,1
data\splits\genimage_8000_split_v4\test\ai\midjourney_00079.png,midjourney_00079.png,test,midjourney,1,baseline,jpeg_q95,"jpeg(Q95,s0)",0.6503239274024963,1
data\splits\genimage_8000_split_v4\test\ai\wukong_00039.png,wukong_00039.png,test,wukong,1,baseline,jpeg_q95,"jpeg(Q95,s0)",0.8011243343353271,1
data\splits\genimage_8000_split_v4\test\ai\vqdm_00020.png,vqdm_00020.png,test,vqdm,1,baseline,jpeg_q95,"jpeg(Q95,s0)",0.9975188970565796,1
data\splits\genimage_8000_split_v4\test\ai\sdv5_00032.png,sdv5_00032.png,test,sdv5,1,baseline,jpeg_q95,"jpeg(Q95,s0)",0.9920573830604553,1
data\splits\genimage_8000_split_v4\test\ai\sdv5_00003.png,sdv5_00003.png,test,sdv5,1,baseline,jpeg_q95,"jpeg(Q95,s0)",0.07459591329097748,0
data\splits\genimage_8000_split_v4\test\ai\wukong_00078.png,wukong_00078.png,test,wukong,1,baseline,jpeg_q95,"jpeg(Q95,s0)",0.994985818862915,1
data\splits\genimage_8000_split_v4\test\ai\wukong_00065.png,wukong_00065.png,test,wukong,1,baseline,jpeg_q95,"jpeg(Q95,s0)",0.9996843338012695,1
data\splits\genimage_8000_split_v4\test\ai\biggan_00014.png,biggan_00014.png,test,biggan,1,baseline,jpeg_q95,"jpeg(Q95,s0)",0.9986396431922913,1
data\splits\genimage_8000_split_v4\test\ai\adm_00006.png,adm_00006.png,test,adm,1,baseline,jpeg_q95,"jpeg(Q95,s0)",1.0,1
data\splits\genimage_8000_split_v4\test\ai\wukong_00056.png,wukong_00056.png,test,wukong,1,baseline,jpeg_q95,"jpeg(Q95,s0)",0.9999872446060181,1
data\splits\genimage_8000_split_v4\test\ai\biggan_00005.png,biggan_00005.png,test,biggan,1,baseline,jpeg_q95,"jpeg(Q95,s0)",0.999998927116394,1
data\splits\genimage_8000_split_v4\test\ai\wukong_00002.png,wukong_00002.png,test,wukong,1,baseline,jpeg_q95,"jpeg(Q95,s0)",0.7673820853233337,1
data\splits\genimage_8000_split_v4\test\ai\wukong_00055.png,wukong_00055.png,test,wukong,1,baseline,jpeg_q95,"jpeg(Q95,s0)",0.032081395387649536,0
data\splits\genimage_8000_split_v4\test\ai\sdv5_00016.png,sdv5_00016.png,test,sdv5,1,baseline,jpeg_q95,"jpeg(Q95,s0)",0.7575739026069641,1
data\splits\genimage_8000_split_v4\test\ai\biggan_00065.png,biggan_00065.png,test,biggan,1,baseline,jpeg_q95,"jpeg(Q95,s0)",0.061484090983867645,0
data\splits\genimage_8000_split_v4\test\ai\vqdm_00019.png,vqdm_00019.png,test,vqdm,1,baseline,jpeg_q95,"jpeg(Q95,s0)",0.36794623732566833,0
data\splits\genimage_8000_split_v4\test\ai\adm_00038.png,adm_00038.png,test,adm,1,baseline,jpeg_q95,"jpeg(Q95,s0)",0.9999908208847046,1
data\splits\genimage_8000_split_v4\test\ai\sdv5_00044.png,sdv5_00044.png,test,sdv5,1,baseline,jpeg_q95,"jpeg(Q95,s0)",0.8455185890197754,1
data\splits\genimage_8000_split_v4\test\ai\midjourney_00084.png,midjourney_00084.png,test,midjourney,1,baseline,jpeg_q95,"jpeg(Q95,s0)",0.9998301267623901,1
data\splits\genimage_8000_split_v4\test\ai\midjourney_00025.png,midjourney_00025.png,test,midjourney,1,baseline,jpeg_q95,"jpeg(Q95,s0)",0.08431380987167358,0
data\splits\genimage_8000_split_v4\test\ai\biggan_00061.png,biggan_00061.png,test,biggan,1,baseline,jpeg_q95,"jpeg(Q95,s0)",0.9968098998069763,1
data\splits\genimage_8000_split_v4\test\ai\sdv5_00071.png,sdv5_00071.png,test,sdv5,1,baseline,jpeg_q95,"jpeg(Q95,s0)",0.9999988079071045,1
data\splits\genimage_8000_split_v4\test\ai\biggan_00074.png,biggan_00074.png,test,biggan,1,baseline,jpeg_q95,"jpeg(Q95,s0)",0.9999939203262329,1
data\splits\genimage_8000_split_v4\test\ai\vqdm_00077.png,vqdm_00077.png,test,vqdm,1,baseline,jpeg_q95,"jpeg(Q95,s0)",0.0714058056473732,0
data\splits\genimage_8000_split_v4\test\ai\midjourney_00001.png,midjourney_00001.png,test,midjourney,1,baseline,jpeg_q95,"jpeg(Q95,s0)",0.9993734955787659,1
data\splits\genimage_8000_split_v4\test\ai\biggan_00069.png,biggan_00069.png,test,biggan,1,baseline,jpeg_q95,"jpeg(Q95,s0)",0.9713925719261169,1
data\splits\genimage_8000_split_v4\test\ai\glide_00005.png,glide_00005.png,test,glide,1,baseline,jpeg_q95,"jpeg(Q95,s0)",0.9999873638153076,1
data\splits\genimage_8000_split_v4\test\ai\sdv5_00015.png,sdv5_00015.png,test,sdv5,1,baseline,jpeg_q95,"jpeg(Q95,s0)",0.7850547432899475,1
data\splits\genimage_8000_split_v4\test\ai\vqdm_00012.png,vqdm_00012.png,test,vqdm,1,baseline,jpeg_q95,"jpeg(Q95,s0)",0.86833655834198,1
data\splits\genimage_8000_split_v4\test\ai\wukong_00077.png,wukong_00077.png,test,wukong,1,baseline,jpeg_q95,"jpeg(Q95,s0)",0.27315959334373474,0
data\splits\genimage_8000_split_v4\test\ai\midjourney_00023.png,midjourney_00023.png,test,midjourney,1,baseline,jpeg_q95,"jpeg(Q95,s0)",0.23092971742153168,0
data\splits\genimage_8000_split_v4\test\ai\sdv5_00045.png,sdv5_00045.png,test,sdv5,1,baseline,jpeg_q95,"jpeg(Q95,s0)",0.86463862657547,1
data\splits\genimage_8000_split_v4\test\ai\adm_00033.png,adm_00033.png,test,adm,1,baseline,jpeg_q95,"jpeg(Q95,s0)",0.9995504021644592,1
data\splits\genimage_8000_split_v4\test\ai\wukong_00083.png,wukong_00083.png,test,wukong,1,baseline,jpeg_q95,"jpeg(Q95,s0)",0.9802184104919434,1
data\splits\genimage_8000_split_v4\test\ai\biggan_00034.png,biggan_00034.png,test,biggan,1,baseline,jpeg_q95,"jpeg(Q95,s0)",0.9999631643295288,1
data\splits\genimage_8000_split_v4\test\ai\biggan_00070.png,biggan_00070.png,test,biggan,1,baseline,jpeg_q95,"jpeg(Q95,s0)",0.9808714985847473,1
data\splits\genimage_8000_split_v4\test\ai\biggan_00076.png,biggan_00076.png,test,biggan,1,baseline,jpeg_q95,"jpeg(Q95,s0)",0.5784008502960205,1
data\splits\genimage_8000_split_v4\test\ai\midjourney_00067.png,midjourney_00067.png,test,midjourney,1,baseline,jpeg_q95,"jpeg(Q95,s0)",0.6752084493637085,1
data\splits\genimage_8000_split_v4\test\ai\biggan_00062.png,biggan_00062.png,test,biggan,1,baseline,jpeg_q95,"jpeg(Q95,s0)",0.9747303128242493,1
data\splits\genimage_8000_split_v4\test\ai\midjourney_00027.png,midjourney_00027.png,test,midjourney,1,baseline,jpeg_q95,"jpeg(Q95,s0)",0.9505206346511841,1
data\splits\genimage_8000_split_v4\test\ai\biggan_00077.png,biggan_00077.png,test,biggan,1,baseline,jpeg_q95,"jpeg(Q95,s0)",0.9974923133850098,1
data\splits\genimage_8000_split_v4\test\ai\wukong_00053.png,wukong_00053.png,test,wukong,1,baseline,jpeg_q95,"jpeg(Q95,s0)",0.9999998807907104,1
data\splits\genimage_8000_split_v4\test\ai\sdv5_00080.png,sdv5_00080.png,test,sdv5,1,baseline,jpeg_q95,"jpeg(Q95,s0)",1.0,1
data\splits\genimage_8000_split_v4\test\ai\glide_00035.png,glide_00035.png,test,glide,1,baseline,jpeg_q95,"jpeg(Q95,s0)",0.12052832543849945,0
data\splits\genimage_8000_split_v4\test\ai\adm_00022.png,adm_00022.png,test,adm,1,baseline,jpeg_q95,"jpeg(Q95,s0)",0.9999996423721313,1
data\splits\genimage_8000_split_v4\test\ai\vqdm_00070.png,vqdm_00070.png,test,vqdm,1,baseline,jpeg_q95,"jpeg(Q95,s0)",0.17592495679855347,0
data\splits\genimage_8000_split_v4\test\ai\wukong_00019.png,wukong_00019.png,test,wukong,1,baseline,jpeg_q95,"jpeg(Q95,s0)",0.8955820202827454,1
data\splits\genimage_8000_split_v4\test\ai\glide_00036.png,glide_00036.png,test,glide,1,baseline,jpeg_q95,"jpeg(Q95,s0)",0.9760720133781433,1
data\splits\genimage_8000_split_v4\test\ai\adm_00054.png,adm_00054.png,test,adm,1,baseline,jpeg_q95,"jpeg(Q95,s0)",0.9999973773956299,1
data\splits\genimage_8000_split_v4\test\ai\glide_00060.png,glide_00060.png,test,glide,1,baseline,jpeg_q95,"jpeg(Q95,s0)",0.9998964071273804,1
data\splits\genimage_8000_split_v4\test\ai\adm_00061.png,adm_00061.png,test,adm,1,baseline,jpeg_q95,"jpeg(Q95,s0)",0.9999988079071045,1
data\splits\genimage_8000_split_v4\test\ai\vqdm_00028.png,vqdm_00028.png,test,vqdm,1,baseline,jpeg_q95,"jpeg(Q95,s0)",0.8986082077026367,1
data\splits\genimage_8000_split_v4\test\ai\vqdm_00026.png,vqdm_00026.png,test,vqdm,1,baseline,jpeg_q95,"jpeg(Q95,s0)",0.6155140399932861,1
data\splits\genimage_8000_split_v4\test\ai\vqdm_00054.png,vqdm_00054.png,test,vqdm,1,baseline,jpeg_q95,"jpeg(Q95,s0)",0.004395102150738239,0
data\splits\genimage_8000_split_v4\test\ai\biggan_00021.png,biggan_00021.png,test,biggan,1,baseline,jpeg_q95,"jpeg(Q95,s0)",0.9100890159606934,1
data\splits\genimage_8000_split_v4\test\ai\vqdm_00005.png,vqdm_00005.png,test,vqdm,1,baseline,jpeg_q95,"jpeg(Q95,s0)",0.9981451034545898,1
data\splits\genimage_8000_split_v4\test\ai\glide_00055.png,glide_00055.png,test,glide,1,baseline,jpeg_q95,"jpeg(Q95,s0)",0.9544852375984192,1
data\splits\genimage_8000_split_v4\test\ai\biggan_00075.png,biggan_00075.png,test,biggan,1,baseline,jpeg_q95,"jpeg(Q95,s0)",0.18420810997486115,0
data\splits\genimage_8000_split_v4\test\ai\wukong_00046.png,wukong_00046.png,test,wukong,1,baseline,jpeg_q95,"jpeg(Q95,s0)",1.0,1
data\splits\genimage_8000_split_v4\test\ai\wukong_00084.png,wukong_00084.png,test,wukong,1,baseline,jpeg_q95,"jpeg(Q95,s0)",0.8506391644477844,1
data\splits\genimage_8000_split_v4\test\ai\wukong_00025.png,wukong_00025.png,test,wukong,1,baseline,jpeg_q95,"jpeg(Q95,s0)",0.9936202168464661,1
data\splits\genimage_8000_split_v4\test\ai\vqdm_00009.png,vqdm_00009.png,test,vqdm,1,baseline,jpeg_q95,"jpeg(Q95,s0)",0.9997476935386658,1
data\splits\genimage_8000_split_v4\test\ai\glide_00019.png,glide_00019.png,test,glide,1,baseline,jpeg_q95,"jpeg(Q95,s0)",1.0,1
data\splits\genimage_8000_split_v4\test\ai\biggan_00040.png,biggan_00040.png,test,biggan,1,baseline,jpeg_q95,"jpeg(Q95,s0)",1.0,1
data\splits\genimage_8000_split_v4\test\ai\vqdm_00007.png,vqdm_00007.png,test,vqdm,1,baseline,jpeg_q95,"jpeg(Q95,s0)",0.9827349781990051,1
data\splits\genimage_8000_split_v4\test\ai\vqdm_00076.png,vqdm_00076.png,test,vqdm,1,baseline,jpeg_q95,"jpeg(Q95,s0)",0.4810973107814789,0
data\splits\genimage_8000_split_v4\test\ai\glide_00066.png,glide_00066.png,test,glide,1,baseline,jpeg_q95,"jpeg(Q95,s0)",0.6141332983970642,1
data\splits\genimage_8000_split_v4\test\ai\biggan_00073.png,biggan_00073.png,test,biggan,1,baseline,jpeg_q95,"jpeg(Q95,s0)",0.9999903440475464,1
data\splits\genimage_8000_split_v4\test\ai\glide_00072.png,glide_00072.png,test,glide,1,baseline,jpeg_q95,"jpeg(Q95,s0)",0.9999969005584717,1
data\splits\genimage_8000_split_v4\test\ai\midjourney_00038.png,midjourney_00038.png,test,midjourney,1,baseline,jpeg_q95,"jpeg(Q95,s0)",0.6019782423973083,1
data\splits\genimage_8000_split_v4\test\ai\vqdm_00016.png,vqdm_00016.png,test,vqdm,1,baseline,jpeg_q95,"jpeg(Q95,s0)",0.00035416765604168177,0
data\splits\genimage_8000_split_v4\test\ai\glide_00006.png,glide_00006.png,test,glide,1,baseline,jpeg_q95,"jpeg(Q95,s0)",0.9975506663322449,1
data\splits\genimage_8000_split_v4\test\ai\glide_00065.png,glide_00065.png,test,glide,1,baseline,jpeg_q95,"jpeg(Q95,s0)",0.8308584094047546,1
data\splits\genimage_8000_split_v4\test\ai\adm_00055.png,adm_00055.png,test,adm,1,baseline,jpeg_q95,"jpeg(Q95,s0)",0.9997972846031189,1
data\splits\genimage_8000_split_v4\test\ai\midjourney_00073.png,midjourney_00073.png,test,midjourney,1,baseline,jpeg_q95,"jpeg(Q95,s0)",0.8423651456832886,1
data\splits\genimage_8000_split_v4\test\ai\midjourney_00020.png,midjourney_00020.png,test,midjourney,1,baseline,jpeg_q95,"jpeg(Q95,s0)",0.8807520270347595,1
data\splits\genimage_8000_split_v4\test\ai\sdv5_00012.png,sdv5_00012.png,test,sdv5,1,baseline,jpeg_q95,"jpeg(Q95,s0)",0.9999910593032837,1
data\splits\genimage_8000_split_v4\test\ai\wukong_00028.png,wukong_00028.png,test,wukong,1,baseline,jpeg_q95,"jpeg(Q95,s0)",0.9574811458587646,1
data\splits\genimage_8000_split_v4\test\ai\midjourney_00056.png,midjourney_00056.png,test,midjourney,1,baseline,jpeg_q95,"jpeg(Q95,s0)",0.8575055599212646,1
data\splits\genimage_8000_split_v4\test\ai\vqdm_00067.png,vqdm_00067.png,test,vqdm,1,baseline,jpeg_q95,"jpeg(Q95,s0)",0.02513708733022213,0
data\splits\genimage_8000_split_v4\test\ai\adm_00037.png,adm_00037.png,test,adm,1,baseline,jpeg_q95,"jpeg(Q95,s0)",1.0,1
data\splits\genimage_8000_split_v4\test\ai\adm_00064.png,adm_00064.png,test,adm,1,baseline,jpeg_q95,"jpeg(Q95,s0)",0.999319314956665,1
data\splits\genimage_8000_split_v4\test\ai\vqdm_00084.png,vqdm_00084.png,test,vqdm,1,baseline,jpeg_q95,"jpeg(Q95,s0)",0.9999719858169556,1
data\splits\genimage_8000_split_v4\test\ai\sdv5_00052.png,sdv5_00052.png,test,sdv5,1,baseline,jpeg_q95,"jpeg(Q95,s0)",0.9992656111717224,1
data\splits\genimage_8000_split_v4\test\ai\biggan_00035.png,biggan_00035.png,test,biggan,1,baseline,jpeg_q95,"jpeg(Q95,s0)",0.999656081199646,1
data\splits\genimage_8000_split_v4\test\ai\vqdm_00043.png,vqdm_00043.png,test,vqdm,1,baseline,jpeg_q95,"jpeg(Q95,s0)",0.9375301003456116,1
data\splits\genimage_8000_split_v4\test\ai\adm_00028.png,adm_00028.png,test,adm,1,baseline,jpeg_q95,"jpeg(Q95,s0)",0.9996802806854248,1
data\splits\genimage_8000_split_v4\test\ai\glide_00027.png,glide_00027.png,test,glide,1,baseline,jpeg_q95,"jpeg(Q95,s0)",0.9407283067703247,1
data\splits\genimage_8000_split_v4\test\ai\sdv5_00042.png,sdv5_00042.png,test,sdv5,1,baseline,jpeg_q95,"jpeg(Q95,s0)",0.9928314685821533,1
data\splits\genimage_8000_split_v4\test\ai\glide_00084.png,glide_00084.png,test,glide,1,baseline,jpeg_q95,"jpeg(Q95,s0)",0.9995822310447693,1
data\splits\genimage_8000_split_v4\test\ai\sdv5_00025.png,sdv5_00025.png,test,sdv5,1,baseline,jpeg_q95,"jpeg(Q95,s0)",0.9776555299758911,1
data\splits\genimage_8000_split_v4\test\ai\adm_00009.png,adm_00009.png,test,adm,1,baseline,jpeg_q95,"jpeg(Q95,s0)",0.9880775213241577,1
data\splits\genimage_8000_split_v4\test\ai\sdv5_00031.png,sdv5_00031.png,test,sdv5,1,baseline,jpeg_q95,"jpeg(Q95,s0)",0.9999997615814209,1
data\splits\genimage_8000_split_v4\test\ai\wukong_00000.png,wukong_00000.png,test,wukong,1,baseline,jpeg_q95,"jpeg(Q95,s0)",0.9913837909698486,1
data\splits\genimage_8000_split_v4\test\ai\wukong_00069.png,wukong_00069.png,test,wukong,1,baseline,jpeg_q95,"jpeg(Q95,s0)",0.7226852774620056,1
data\splits\genimage_8000_split_v4\test\ai\biggan_00015.png,biggan_00015.png,test,biggan,1,baseline,jpeg_q95,"jpeg(Q95,s0)",0.9990973472595215,1
data\splits\genimage_8000_split_v4\test\ai\glide_00062.png,glide_00062.png,test,glide,1,baseline,jpeg_q95,"jpeg(Q95,s0)",0.9999580383300781,1
data\splits\genimage_8000_split_v4\test\ai\adm_00076.png,adm_00076.png,test,adm,1,baseline,jpeg_q95,"jpeg(Q95,s0)",0.9999998807907104,1
data\splits\genimage_8000_split_v4\test\ai\vqdm_00015.png,vqdm_00015.png,test,vqdm,1,baseline,jpeg_q95,"jpeg(Q95,s0)",0.991504967212677,1
data\splits\genimage_8000_split_v4\test\ai\sdv5_00079.png,sdv5_00079.png,test,sdv5,1,baseline,jpeg_q95,"jpeg(Q95,s0)",0.9999958276748657,1
data\splits\genimage_8000_split_v4\test\ai\glide_00083.png,glide_00083.png,test,glide,1,baseline,jpeg_q95,"jpeg(Q95,s0)",0.9999167919158936,1
data\splits\genimage_8000_split_v4\test\ai\biggan_00039.png,biggan_00039.png,test,biggan,1,baseline,jpeg_q95,"jpeg(Q95,s0)",0.9924347400665283,1
data\splits\genimage_8000_split_v4\test\ai\adm_00080.png,adm_00080.png,test,adm,1,baseline,jpeg_q95,"jpeg(Q95,s0)",1.0,1
data\splits\genimage_8000_split_v4\test\ai\midjourney_00064.png,midjourney_00064.png,test,midjourney,1,baseline,jpeg_q95,"jpeg(Q95,s0)",0.9999113082885742,1
data\splits\genimage_8000_split_v4\test\ai\sdv5_00070.png,sdv5_00070.png,test,sdv5,1,baseline,jpeg_q95,"jpeg(Q95,s0)",0.979949414730072,1
data\splits\genimage_8000_split_v4\test\ai\glide_00073.png,glide_00073.png,test,glide,1,baseline,jpeg_q95,"jpeg(Q95,s0)",0.9996730089187622,1
data\splits\genimage_8000_split_v4\test\ai\vqdm_00018.png,vqdm_00018.png,test,vqdm,1,baseline,jpeg_q95,"jpeg(Q95,s0)",0.9999959468841553,1
data\splits\genimage_8000_split_v4\test\ai\adm_00053.png,adm_00053.png,test,adm,1,baseline,jpeg_q95,"jpeg(Q95,s0)",0.9886612892150879,1
data\splits\genimage_8000_split_v4\test\ai\biggan_00084.png,biggan_00084.png,test,biggan,1,baseline,jpeg_q95,"jpeg(Q95,s0)",0.9571290016174316,1
data\splits\genimage_8000_split_v4\test\ai\adm_00018.png,adm_00018.png,test,adm,1,baseline,jpeg_q95,"jpeg(Q95,s0)",0.9985277652740479,1
data\splits\genimage_8000_split_v4\test\ai\sdv5_00018.png,sdv5_00018.png,test,sdv5,1,baseline,jpeg_q95,"jpeg(Q95,s0)",0.9841190576553345,1
data\splits\genimage_8000_split_v4\test\ai\biggan_00020.png,biggan_00020.png,test,biggan,1,baseline,jpeg_q95,"jpeg(Q95,s0)",1.0,1
data\splits\genimage_8000_split_v4\test\ai\vqdm_00066.png,vqdm_00066.png,test,vqdm,1,baseline,jpeg_q95,"jpeg(Q95,s0)",0.9983044862747192,1
data\splits\genimage_8000_split_v4\test\ai\adm_00048.png,adm_00048.png,test,adm,1,baseline,jpeg_q95,"jpeg(Q95,s0)",0.9852545261383057,1
data\splits\genimage_8000_split_v4\test\ai\glide_00077.png,glide_00077.png,test,glide,1,baseline,jpeg_q95,"jpeg(Q95,s0)",0.9213725924491882,1
data\splits\genimage_8000_split_v4\test\ai\glide_00000.png,glide_00000.png,test,glide,1,baseline,jpeg_q95,"jpeg(Q95,s0)",0.9999901056289673,1
data\splits\genimage_8000_split_v4\test\ai\vqdm_00033.png,vqdm_00033.png,test,vqdm,1,baseline,jpeg_q95,"jpeg(Q95,s0)",0.7652862668037415,1
data\splits\genimage_8000_split_v4\test\ai\glide_00081.png,glide_00081.png,test,glide,1,baseline,jpeg_q95,"jpeg(Q95,s0)",1.0,1
data\splits\genimage_8000_split_v4\test\ai\adm_00075.png,adm_00075.png,test,adm,1,baseline,jpeg_q95,"jpeg(Q95,s0)",0.9995852112770081,1
data\splits\genimage_8000_split_v4\test\ai\midjourney_00012.png,midjourney_00012.png,test,midjourney,1,baseline,jpeg_q95,"jpeg(Q95,s0)",0.9998553991317749,1
data\splits\genimage_8000_split_v4\test\ai\glide_00028.png,glide_00028.png,test,glide,1,baseline,jpeg_q95,"jpeg(Q95,s0)",1.0,1
data\splits\genimage_8000_split_v4\test\ai\vqdm_00057.png,vqdm_00057.png,test,vqdm,1,baseline,jpeg_q95,"jpeg(Q95,s0)",0.9999992847442627,1
data\splits\genimage_8000_split_v4\test\ai\sdv5_00068.png,sdv5_00068.png,test,sdv5,1,baseline,jpeg_q95,"jpeg(Q95,s0)",0.817650556564331,1
data\splits\genimage_8000_split_v4\test\ai\vqdm_00036.png,vqdm_00036.png,test,vqdm,1,baseline,jpeg_q95,"jpeg(Q95,s0)",0.06071297824382782,0
data\splits\genimage_8000_split_v4\test\ai\adm_00001.png,adm_00001.png,test,adm,1,baseline,jpeg_q95,"jpeg(Q95,s0)",0.999992847442627,1
data\splits\genimage_8000_split_v4\test\ai\biggan_00054.png,biggan_00054.png,test,biggan,1,baseline,jpeg_q95,"jpeg(Q95,s0)",0.9980363249778748,1
data\splits\genimage_8000_split_v4\test\ai\vqdm_00058.png,vqdm_00058.png,test,vqdm,1,baseline,jpeg_q95,"jpeg(Q95,s0)",0.9919691681861877,1
data\splits\genimage_8000_split_v4\test\ai\sdv5_00035.png,sdv5_00035.png,test,sdv5,1,baseline,jpeg_q95,"jpeg(Q95,s0)",0.9871075749397278,1
data\splits\genimage_8000_split_v4\test\ai\glide_00018.png,glide_00018.png,test,glide,1,baseline,jpeg_q95,"jpeg(Q95,s0)",0.0270963367074728,0
data\splits\genimage_8000_split_v4\test\ai\adm_00008.png,adm_00008.png,test,adm,1,baseline,jpeg_q95,"jpeg(Q95,s0)",0.9999595880508423,1
data\splits\genimage_8000_split_v4\test\ai\biggan_00067.png,biggan_00067.png,test,biggan,1,baseline,jpeg_q95,"jpeg(Q95,s0)",0.9965366125106812,1
data\splits\genimage_8000_split_v4\test\ai\glide_00004.png,glide_00004.png,test,glide,1,baseline,jpeg_q95,"jpeg(Q95,s0)",0.9997344613075256,1
data\splits\genimage_8000_split_v4\test\ai\midjourney_00083.png,midjourney_00083.png,test,midjourney,1,baseline,jpeg_q95,"jpeg(Q95,s0)",0.9509716033935547,1
data\splits\genimage_8000_split_v4\test\ai\wukong_00026.png,wukong_00026.png,test,wukong,1,baseline,jpeg_q95,"jpeg(Q95,s0)",0.9998654127120972,1
data\splits\genimage_8000_split_v4\test\ai\sdv5_00028.png,sdv5_00028.png,test,sdv5,1,baseline,jpeg_q95,"jpeg(Q95,s0)",0.6715676188468933,1
data\splits\genimage_8000_split_v4\test\ai\midjourney_00042.png,midjourney_00042.png,test,midjourney,1,baseline,jpeg_q95,"jpeg(Q95,s0)",0.9999375343322754,1
data\splits\genimage_8000_split_v4\test\ai\adm_00060.png,adm_00060.png,test,adm,1,baseline,jpeg_q95,"jpeg(Q95,s0)",0.7737029194831848,1
data\splits\genimage_8000_split_v4\test\ai\glide_00003.png,glide_00003.png,test,glide,1,baseline,jpeg_q95,"jpeg(Q95,s0)",0.9999562501907349,1
data\splits\genimage_8000_split_v4\test\ai\glide_00025.png,glide_00025.png,test,glide,1,baseline,jpeg_q95,"jpeg(Q95,s0)",0.9998261332511902,1
data\splits\genimage_8000_split_v4\test\ai\biggan_00026.png,biggan_00026.png,test,biggan,1,baseline,jpeg_q95,"jpeg(Q95,s0)",0.9824103116989136,1
data\splits\genimage_8000_split_v4\test\ai\adm_00077.png,adm_00077.png,test,adm,1,baseline,jpeg_q95,"jpeg(Q95,s0)",1.0,1
data\splits\genimage_8000_split_v4\test\ai\adm_00047.png,adm_00047.png,test,adm,1,baseline,jpeg_q95,"jpeg(Q95,s0)",0.9998936653137207,1
data\splits\genimage_8000_split_v4\test\ai\sdv5_00033.png,sdv5_00033.png,test,sdv5,1,baseline,jpeg_q95,"jpeg(Q95,s0)",0.9993630051612854,1
data\splits\genimage_8000_split_v4\test\ai\midjourney_00032.png,midjourney_00032.png,test,midjourney,1,baseline,jpeg_q95,"jpeg(Q95,s0)",0.940968930721283,1
data\splits\genimage_8000_split_v4\test\ai\biggan_00064.png,biggan_00064.png,test,biggan,1,baseline,jpeg_q95,"jpeg(Q95,s0)",0.9826958179473877,1
data\splits\genimage_8000_split_v4\test\ai\vqdm_00074.png,vqdm_00074.png,test,vqdm,1,baseline,jpeg_q95,"jpeg(Q95,s0)",0.9999959468841553,1
data\splits\genimage_8000_split_v4\test\ai\biggan_00038.png,biggan_00038.png,test,biggan,1,baseline,jpeg_q95,"jpeg(Q95,s0)",0.9994364380836487,1
data\splits\genimage_8000_split_v4\test\ai\adm_00082.png,adm_00082.png,test,adm,1,baseline,jpeg_q95,"jpeg(Q95,s0)",1.0,1
data\splits\genimage_8000_split_v4\test\ai\wukong_00007.png,wukong_00007.png,test,wukong,1,baseline,jpeg_q95,"jpeg(Q95,s0)",0.907966673374176,1
data\splits\genimage_8000_split_v4\test\ai\wukong_00060.png,wukong_00060.png,test,wukong,1,baseline,jpeg_q95,"jpeg(Q95,s0)",1.0,1
data\splits\genimage_8000_split_v4\test\ai\sdv5_00041.png,sdv5_00041.png,test,sdv5,1,baseline,jpeg_q95,"jpeg(Q95,s0)",0.9967941641807556,1
data\splits\genimage_8000_split_v4\test\ai\vqdm_00038.png,vqdm_00038.png,test,vqdm,1,baseline,jpeg_q95,"jpeg(Q95,s0)",0.9986926913261414,1
data\splits\genimage_8000_split_v4\test\ai\wukong_00001.png,wukong_00001.png,test,wukong,1,baseline,jpeg_q95,"jpeg(Q95,s0)",0.9999946355819702,1
data\splits\genimage_8000_split_v4\test\ai\midjourney_00015.png,midjourney_00015.png,test,midjourney,1,baseline,jpeg_q95,"jpeg(Q95,s0)",0.9999477863311768,1
data\splits\genimage_8000_split_v4\test\ai\biggan_00047.png,biggan_00047.png,test,biggan,1,baseline,jpeg_q95,"jpeg(Q95,s0)",0.9999998807907104,1
data\splits\genimage_8000_split_v4\test\ai\glide_00030.png,glide_00030.png,test,glide,1,baseline,jpeg_q95,"jpeg(Q95,s0)",0.9962397813796997,1
data\splits\genimage_8000_split_v4\test\ai\vqdm_00047.png,vqdm_00047.png,test,vqdm,1,baseline,jpeg_q95,"jpeg(Q95,s0)",0.9102255702018738,1
data\splits\genimage_8000_split_v4\test\ai\sdv5_00084.png,sdv5_00084.png,test,sdv5,1,baseline,jpeg_q95,"jpeg(Q95,s0)",0.974405825138092,1
data\splits\genimage_8000_split_v4\test\ai\vqdm_00083.png,vqdm_00083.png,test,vqdm,1,baseline,jpeg_q95,"jpeg(Q95,s0)",0.9916274547576904,1
data\splits\genimage_8000_split_v4\test\ai\biggan_00068.png,biggan_00068.png,test,biggan,1,baseline,jpeg_q95,"jpeg(Q95,s0)",0.9998623132705688,1
data\splits\genimage_8000_split_v4\test\ai\sdv5_00058.png,sdv5_00058.png,test,sdv5,1,baseline,jpeg_q95,"jpeg(Q95,s0)",0.94841068983078,1
data\splits\genimage_8000_split_v4\test\ai\sdv5_00006.png,sdv5_00006.png,test,sdv5,1,baseline,jpeg_q95,"jpeg(Q95,s0)",0.999901294708252,1
data\splits\genimage_8000_split_v4\test\ai\biggan_00044.png,biggan_00044.png,test,biggan,1,baseline,jpeg_q95,"jpeg(Q95,s0)",0.9511268734931946,1
data\splits\genimage_8000_split_v4\test\ai\midjourney_00003.png,midjourney_00003.png,test,midjourney,1,baseline,jpeg_q95,"jpeg(Q95,s0)",0.9998075366020203,1
data\splits\genimage_8000_split_v4\test\ai\sdv5_00027.png,sdv5_00027.png,test,sdv5,1,baseline,jpeg_q95,"jpeg(Q95,s0)",0.9982935786247253,1
data\splits\genimage_8000_split_v4\test\ai\biggan_00072.png,biggan_00072.png,test,biggan,1,baseline,jpeg_q95,"jpeg(Q95,s0)",0.9973013997077942,1
data\splits\genimage_8000_split_v4\test\ai\vqdm_00030.png,vqdm_00030.png,test,vqdm,1,baseline,jpeg_q95,"jpeg(Q95,s0)",0.7377931475639343,1
data\splits\genimage_8000_split_v4\test\ai\vqdm_00085.png,vqdm_00085.png,test,vqdm,1,baseline,jpeg_q95,"jpeg(Q95,s0)",0.7865764498710632,1
data\splits\genimage_8000_split_v4\test\ai\wukong_00071.png,wukong_00071.png,test,wukong,1,baseline,jpeg_q95,"jpeg(Q95,s0)",0.9508105516433716,1
data\splits\genimage_8000_split_v4\test\ai\adm_00062.png,adm_00062.png,test,adm,1,baseline,jpeg_q95,"jpeg(Q95,s0)",0.9930122494697571,1
data\splits\genimage_8000_split_v4\test\ai\adm_00000.png,adm_00000.png,test,adm,1,baseline,jpeg_q95,"jpeg(Q95,s0)",0.9994224309921265,1
data\splits\genimage_8000_split_v4\test\ai\wukong_00044.png,wukong_00044.png,test,wukong,1,baseline,jpeg_q95,"jpeg(Q95,s0)",0.9999986886978149,1
data\splits\genimage_8000_split_v4\test\ai\glide_00075.png,glide_00075.png,test,glide,1,baseline,jpeg_q95,"jpeg(Q95,s0)",0.9808027744293213,1
data\splits\genimage_8000_split_v4\test\ai\vqdm_00040.png,vqdm_00040.png,test,vqdm,1,baseline,jpeg_q95,"jpeg(Q95,s0)",0.9910188913345337,1
data\splits\genimage_8000_split_v4\test\ai\wukong_00082.png,wukong_00082.png,test,wukong,1,baseline,jpeg_q95,"jpeg(Q95,s0)",1.0,1
data\splits\genimage_8000_split_v4\test\ai\midjourney_00019.png,midjourney_00019.png,test,midjourney,1,baseline,jpeg_q95,"jpeg(Q95,s0)",0.9956479668617249,1
data\splits\genimage_8000_split_v4\test\ai\adm_00065.png,adm_00065.png,test,adm,1,baseline,jpeg_q95,"jpeg(Q95,s0)",0.9996929168701172,1
data\splits\genimage_8000_split_v4\test\ai\midjourney_00022.png,midjourney_00022.png,test,midjourney,1,baseline,jpeg_q95,"jpeg(Q95,s0)",0.8757272362709045,1
data\splits\genimage_8000_split_v4\test\ai\midjourney_00052.png,midjourney_00052.png,test,midjourney,1,baseline,jpeg_q95,"jpeg(Q95,s0)",0.00027383596170693636,0
data\splits\genimage_8000_split_v4\test\ai\adm_00046.png,adm_00046.png,test,adm,1,baseline,jpeg_q95,"jpeg(Q95,s0)",1.0,1
data\splits\genimage_8000_split_v4\test\ai\wukong_00048.png,wukong_00048.png,test,wukong,1,baseline,jpeg_q95,"jpeg(Q95,s0)",0.959534227848053,1
data\splits\genimage_8000_split_v4\test\ai\vqdm_00045.png,vqdm_00045.png,test,vqdm,1,baseline,jpeg_q95,"jpeg(Q95,s0)",0.9999750852584839,1
data\splits\genimage_8000_split_v4\test\ai\biggan_00036.png,biggan_00036.png,test,biggan,1,baseline,jpeg_q95,"jpeg(Q95,s0)",0.9893821477890015,1
data\splits\genimage_8000_split_v4\test\ai\sdv5_00038.png,sdv5_00038.png,test,sdv5,1,baseline,jpeg_q95,"jpeg(Q95,s0)",0.9723663330078125,1
data\splits\genimage_8000_split_v4\test\ai\vqdm_00050.png,vqdm_00050.png,test,vqdm,1,baseline,jpeg_q95,"jpeg(Q95,s0)",0.14453858137130737,0
data\splits\genimage_8000_split_v4\test\ai\biggan_00041.png,biggan_00041.png,test,biggan,1,baseline,jpeg_q95,"jpeg(Q95,s0)",0.9999926090240479,1
data\splits\genimage_8000_split_v4\test\ai\vqdm_00051.png,vqdm_00051.png,test,vqdm,1,baseline,jpeg_q95,"jpeg(Q95,s0)",0.7020515203475952,1
data\splits\genimage_8000_split_v4\test\ai\glide_00054.png,glide_00054.png,test,glide,1,baseline,jpeg_q95,"jpeg(Q95,s0)",0.9975022673606873,1
data\splits\genimage_8000_split_v4\test\ai\sdv5_00062.png,sdv5_00062.png,test,sdv5,1,baseline,jpeg_q95,"jpeg(Q95,s0)",0.9999996423721313,1
data\splits\genimage_8000_split_v4\test\ai\sdv5_00060.png,sdv5_00060.png,test,sdv5,1,baseline,jpeg_q95,"jpeg(Q95,s0)",0.9949684739112854,1
data\splits\genimage_8000_split_v4\test\ai\glide_00079.png,glide_00079.png,test,glide,1,baseline,jpeg_q95,"jpeg(Q95,s0)",0.9110246300697327,1
data\splits\genimage_8000_split_v4\test\ai\midjourney_00004.png,midjourney_00004.png,test,midjourney,1,baseline,jpeg_q95,"jpeg(Q95,s0)",0.9901189804077148,1
data\splits\genimage_8000_split_v4\test\ai\wukong_00040.png,wukong_00040.png,test,wukong,1,baseline,jpeg_q95,"jpeg(Q95,s0)",0.9305590391159058,1
data\splits\genimage_8000_split_v4\test\ai\biggan_00060.png,biggan_00060.png,test,biggan,1,baseline,jpeg_q95,"jpeg(Q95,s0)",0.9948977828025818,1
data\splits\genimage_8000_split_v4\test\ai\wukong_00049.png,wukong_00049.png,test,wukong,1,baseline,jpeg_q95,"jpeg(Q95,s0)",0.9612092971801758,1
data\splits\genimage_8000_split_v4\test\ai\wukong_00035.png,wukong_00035.png,test,wukong,1,baseline,jpeg_q95,"jpeg(Q95,s0)",0.9795652627944946,1
data\splits\genimage_8000_split_v4\test\ai\adm_00010.png,adm_00010.png,test,adm,1,baseline,jpeg_q95,"jpeg(Q95,s0)",0.9985377788543701,1
data\splits\genimage_8000_split_v4\test\ai\sdv5_00064.png,sdv5_00064.png,test,sdv5,1,baseline,jpeg_q95,"jpeg(Q95,s0)",0.6767455339431763,1
data\splits\genimage_8000_split_v4\test\ai\adm_00059.png,adm_00059.png,test,adm,1,baseline,jpeg_q95,"jpeg(Q95,s0)",0.9999946355819702,1
data\splits\genimage_8000_split_v4\test\ai\midjourney_00048.png,midjourney_00048.png,test,midjourney,1,baseline,jpeg_q95,"jpeg(Q95,s0)",0.3559630215167999,0
data\splits\genimage_8000_split_v4\test\ai\midjourney_00016.png,midjourney_00016.png,test,midjourney,1,baseline,jpeg_q95,"jpeg(Q95,s0)",0.4012267291545868,0
data\splits\genimage_8000_split_v4\test\ai\biggan_00007.png,biggan_00007.png,test,biggan,1,baseline,jpeg_q95,"jpeg(Q95,s0)",0.10979139059782028,0
data\splits\genimage_8000_split_v4\test\ai\glide_00067.png,glide_00067.png,test,glide,1,baseline,jpeg_q95,"jpeg(Q95,s0)",1.0,1
data\splits\genimage_8000_split_v4\test\ai\glide_00046.png,glide_00046.png,test,glide,1,baseline,jpeg_q95,"jpeg(Q95,s0)",0.9969653487205505,1
data\splits\genimage_8000_split_v4\test\ai\vqdm_00053.png,vqdm_00053.png,test,vqdm,1,baseline,jpeg_q95,"jpeg(Q95,s0)",0.9999986886978149,1
data\splits\genimage_8000_split_v4\test\ai\adm_00071.png,adm_00071.png,test,adm,1,baseline,jpeg_q95,"jpeg(Q95,s0)",0.9999638795852661,1
data\splits\genimage_8000_split_v4\test\ai\glide_00022.png,glide_00022.png,test,glide,1,baseline,jpeg_q95,"jpeg(Q95,s0)",0.9999972581863403,1
data\splits\genimage_8000_split_v4\test\ai\sdv5_00082.png,sdv5_00082.png,test,sdv5,1,baseline,jpeg_q95,"jpeg(Q95,s0)",0.9992871880531311,1
data\splits\genimage_8000_split_v4\test\ai\vqdm_00003.png,vqdm_00003.png,test,vqdm,1,baseline,jpeg_q95,"jpeg(Q95,s0)",0.5212029814720154,1
data\splits\genimage_8000_split_v4\test\ai\midjourney_00035.png,midjourney_00035.png,test,midjourney,1,baseline,jpeg_q95,"jpeg(Q95,s0)",0.9852957725524902,1
data\splits\genimage_8000_split_v4\test\ai\glide_00031.png,glide_00031.png,test,glide,1,baseline,jpeg_q95,"jpeg(Q95,s0)",1.0,1
data\splits\genimage_8000_split_v4\test\ai\vqdm_00063.png,vqdm_00063.png,test,vqdm,1,baseline,jpeg_q95,"jpeg(Q95,s0)",0.7054930925369263,1
data\splits\genimage_8000_split_v4\test\ai\wukong_00016.png,wukong_00016.png,test,wukong,1,baseline,jpeg_q95,"jpeg(Q95,s0)",0.9953131675720215,1
data\splits\genimage_8000_split_v4\test\ai\wukong_00054.png,wukong_00054.png,test,wukong,1,baseline,jpeg_q95,"jpeg(Q95,s0)",0.9998051524162292,1
data\splits\genimage_8000_split_v4\test\ai\biggan_00002.png,biggan_00002.png,test,biggan,1,baseline,jpeg_q95,"jpeg(Q95,s0)",0.9844622611999512,1
data\splits\genimage_8000_split_v4\test\ai\adm_00049.png,adm_00049.png,test,adm,1,baseline,jpeg_q95,"jpeg(Q95,s0)",0.9999998807907104,1
data\splits\genimage_8000_split_v4\test\ai\sdv5_00002.png,sdv5_00002.png,test,sdv5,1,baseline,jpeg_q95,"jpeg(Q95,s0)",0.9997617602348328,1
data\splits\genimage_8000_split_v4\test\ai\biggan_00025.png,biggan_00025.png,test,biggan,1,baseline,jpeg_q95,"jpeg(Q95,s0)",0.9927915334701538,1
data\splits\genimage_8000_split_v4\test\ai\biggan_00071.png,biggan_00071.png,test,biggan,1,baseline,jpeg_q95,"jpeg(Q95,s0)",0.9999996423721313,1
data\splits\genimage_8000_split_v4\test\ai\biggan_00051.png,biggan_00051.png,test,biggan,1,baseline,jpeg_q95,"jpeg(Q95,s0)",0.0739765465259552,0
data\splits\genimage_8000_split_v4\test\ai\wukong_00081.png,wukong_00081.png,test,wukong,1,baseline,jpeg_q95,"jpeg(Q95,s0)",0.9185774326324463,1
data\splits\genimage_8000_split_v4\test\ai\sdv5_00022.png,sdv5_00022.png,test,sdv5,1,baseline,jpeg_q95,"jpeg(Q95,s0)",0.9838845133781433,1
data\splits\genimage_8000_split_v4\test\real\real_00486.jpeg,real_00486.jpeg,test,real,0,robust,clean,none,1.1691269037328311e-06,0
data\splits\genimage_8000_split_v4\test\real\real_00382.jpeg,real_00382.jpeg,test,real,0,robust,clean,none,1.0937009110867368e-11,0
data\splits\genimage_8000_split_v4\test\real\real_00117.jpeg,real_00117.jpeg,test,real,0,robust,clean,none,0.0025987911503762007,0
data\splits\genimage_8000_split_v4\test\real\real_00354.jpeg,real_00354.jpeg,test,real,0,robust,clean,none,3.099340922796401e-11,0
data\splits\genimage_8000_split_v4\test\real\real_00076.jpeg,real_00076.jpeg,test,real,0,robust,clean,none,9.028372005559504e-06,0
data\splits\genimage_8000_split_v4\test\real\real_00395.jpeg,real_00395.jpeg,test,real,0,robust,clean,none,4.762195544572023e-07,0
data\splits\genimage_8000_split_v4\test\real\real_00348.jpeg,real_00348.jpeg,test,real,0,robust,clean,none,0.4958578944206238,0
data\splits\genimage_8000_split_v4\test\real\real_00307.jpeg,real_00307.jpeg,test,real,0,robust,clean,none,3.1319648100550684e-19,0
data\splits\genimage_8000_split_v4\test\real\real_00438.jpeg,real_00438.jpeg,test,real,0,robust,clean,none,6.836652145150989e-38,0
data\splits\genimage_8000_split_v4\test\real\real_00393.jpeg,real_00393.jpeg,test,real,0,robust,clean,none,9.036417395691387e-06,0
data\splits\genimage_8000_split_v4\test\real\real_00566.jpeg,real_00566.jpeg,test,real,0,robust,clean,none,4.2051542550325394e-05,0
data\splits\genimage_8000_split_v4\test\real\real_00055.jpeg,real_00055.jpeg,test,real,0,robust,clean,none,0.38686421513557434,0
data\splits\genimage_8000_split_v4\test\real\real_00416.jpeg,real_00416.jpeg,test,real,0,robust,clean,none,0.10469978302717209,0
data\splits\genimage_8000_split_v4\test\real\real_00304.jpeg,real_00304.jpeg,test,real,0,robust,clean,none,6.125875200628545e-25,0
data\splits\genimage_8000_split_v4\test\real\real_00135.jpeg,real_00135.jpeg,test,real,0,robust,clean,none,0.7990938425064087,1
data\splits\genimage_8000_split_v4\test\real\real_00387.jpeg,real_00387.jpeg,test,real,0,robust,clean,none,2.850803815235281e-09,0
data\splits\genimage_8000_split_v4\test\real\real_00040.jpeg,real_00040.jpeg,test,real,0,robust,clean,none,7.934254853125822e-08,0
data\splits\genimage_8000_split_v4\test\real\real_00563.jpeg,real_00563.jpeg,test,real,0,robust,clean,none,0.0002576661645434797,0
data\splits\genimage_8000_split_v4\test\real\real_00457.jpeg,real_00457.jpeg,test,real,0,robust,clean,none,6.2842486769909556e-09,0
data\splits\genimage_8000_split_v4\test\real\real_00561.jpeg,real_00561.jpeg,test,real,0,robust,clean,none,1.3578750213127933e-06,0
data\splits\genimage_8000_split_v4\test\real\real_00288.jpeg,real_00288.jpeg,test,real,0,robust,clean,none,0.0006749153835698962,0
data\splits\genimage_8000_split_v4\test\real\real_00271.jpeg,real_00271.jpeg,test,real,0,robust,clean,none,0.0002712691784836352,0
data\splits\genimage_8000_split_v4\test\real\real_00185.jpeg,real_00185.jpeg,test,real,0,robust,clean,none,0.1941215991973877,0
data\splits\genimage_8000_split_v4\test\real\real_00216.jpeg,real_00216.jpeg,test,real,0,robust,clean,none,0.027097851037979126,0
data\splits\genimage_8000_split_v4\test\real\real_00180.jpeg,real_00180.jpeg,test,real,0,robust,clean,none,0.9698550701141357,1
data\splits\genimage_8000_split_v4\test\real\real_00189.jpeg,real_00189.jpeg,test,real,0,robust,clean,none,1.859012627392076e-06,0
data\splits\genimage_8000_split_v4\test\real\real_00396.jpeg,real_00396.jpeg,test,real,0,robust,clean,none,0.41918444633483887,0
data\splits\genimage_8000_split_v4\test\real\real_00131.jpeg,real_00131.jpeg,test,real,0,robust,clean,none,0.0036902783904224634,0
data\splits\genimage_8000_split_v4\test\real\real_00557.jpeg,real_00557.jpeg,test,real,0,robust,clean,none,2.2084158774696855e-13,0
data\splits\genimage_8000_split_v4\test\real\real_00266.jpeg,real_00266.jpeg,test,real,0,robust,clean,none,5.9994876210112125e-05,0
data\splits\genimage_8000_split_v4\test\real\real_00207.jpeg,real_00207.jpeg,test,real,0,robust,clean,none,6.389832506400149e-18,0
data\splits\genimage_8000_split_v4\test\real\real_00141.jpeg,real_00141.jpeg,test,real,0,robust,clean,none,0.6777946949005127,1
data\splits\genimage_8000_split_v4\test\real\real_00407.jpeg,real_00407.jpeg,test,real,0,robust,clean,none,0.9995074272155762,1
data\splits\genimage_8000_split_v4\test\real\real_00026.jpeg,real_00026.jpeg,test,real,0,robust,clean,none,0.9411168098449707,1
data\splits\genimage_8000_split_v4\test\real\real_00046.jpeg,real_00046.jpeg,test,real,0,robust,clean,none,6.025630341355281e-07,0
data\splits\genimage_8000_split_v4\test\real\real_00585.jpeg,real_00585.jpeg,test,real,0,robust,clean,none,3.397437240036178e-17,0
data\splits\genimage_8000_split_v4\test\real\real_00206.jpeg,real_00206.jpeg,test,real,0,robust,clean,none,0.8536785840988159,1
data\splits\genimage_8000_split_v4\test\real\real_00297.jpeg,real_00297.jpeg,test,real,0,robust,clean,none,1.2132055360325467e-07,0
data\splits\genimage_8000_split_v4\test\real\real_00401.jpeg,real_00401.jpeg,test,real,0,robust,clean,none,1.162860371550778e-05,0
data\splits\genimage_8000_split_v4\test\real\real_00339.jpeg,real_00339.jpeg,test,real,0,robust,clean,none,7.255605621522832e-13,0
data\splits\genimage_8000_split_v4\test\real\real_00403.jpeg,real_00403.jpeg,test,real,0,robust,clean,none,0.5193066596984863,1
data\splits\genimage_8000_split_v4\test\real\real_00344.jpeg,real_00344.jpeg,test,real,0,robust,clean,none,8.091419978484282e-09,0
data\splits\genimage_8000_split_v4\test\real\real_00560.jpeg,real_00560.jpeg,test,real,0,robust,clean,none,0.06444546580314636,0
data\splits\genimage_8000_split_v4\test\real\real_00553.jpeg,real_00553.jpeg,test,real,0,robust,clean,none,0.001497811172157526,0
data\splits\genimage_8000_split_v4\test\real\real_00598.jpeg,real_00598.jpeg,test,real,0,robust,clean,none,0.00020293450506869704,0
data\splits\genimage_8000_split_v4\test\real\real_00497.jpeg,real_00497.jpeg,test,real,0,robust,clean,none,6.642113703492214e-07,0
data\splits\genimage_8000_split_v4\test\real\real_00253.jpeg,real_00253.jpeg,test,real,0,robust,clean,none,1.079569411755582e-20,0
data\splits\genimage_8000_split_v4\test\real\real_00577.jpeg,real_00577.jpeg,test,real,0,robust,clean,none,2.903621994870596e-17,0
data\splits\genimage_8000_split_v4\test\real\real_00394.jpeg,real_00394.jpeg,test,real,0,robust,clean,none,0.009495777077972889,0
data\splits\genimage_8000_split_v4\test\real\real_00445.jpeg,real_00445.jpeg,test,real,0,robust,clean,none,0.8855944871902466,1
data\splits\genimage_8000_split_v4\test\real\real_00050.jpeg,real_00050.jpeg,test,real,0,robust,clean,none,0.6009403467178345,1
data\splits\genimage_8000_split_v4\test\real\real_00269.jpeg,real_00269.jpeg,test,real,0,robust,clean,none,2.233999790712815e-10,0
data\splits\genimage_8000_split_v4\test\real\real_00151.jpeg,real_00151.jpeg,test,real,0,robust,clean,none,0.9892149567604065,1
data\splits\genimage_8000_split_v4\test\real\real_00190.jpeg,real_00190.jpeg,test,real,0,robust,clean,none,3.265428150101002e-09,0
data\splits\genimage_8000_split_v4\test\real\real_00250.jpeg,real_00250.jpeg,test,real,0,robust,clean,none,4.895821081873919e-09,0
data\splits\genimage_8000_split_v4\test\real\real_00257.jpeg,real_00257.jpeg,test,real,0,robust,clean,none,0.0003821864374913275,0
data\splits\genimage_8000_split_v4\test\real\real_00008.jpeg,real_00008.jpeg,test,real,0,robust,clean,none,2.468887724468849e-13,0
data\splits\genimage_8000_split_v4\test\real\real_00398.jpeg,real_00398.jpeg,test,real,0,robust,clean,none,0.2369685024023056,0
data\splits\genimage_8000_split_v4\test\real\real_00322.jpeg,real_00322.jpeg,test,real,0,robust,clean,none,6.585624419130909e-07,0
data\splits\genimage_8000_split_v4\test\real\real_00230.jpeg,real_00230.jpeg,test,real,0,robust,clean,none,0.6163416504859924,1
data\splits\genimage_8000_split_v4\test\real\real_00219.jpeg,real_00219.jpeg,test,real,0,robust,clean,none,4.396959532582123e-11,0
data\splits\genimage_8000_split_v4\test\real\real_00550.jpeg,real_00550.jpeg,test,real,0,robust,clean,none,0.00019493818399496377,0
data\splits\genimage_8000_split_v4\test\real\real_00528.jpeg,real_00528.jpeg,test,real,0,robust,clean,none,5.216573117650114e-05,0
data\splits\genimage_8000_split_v4\test\real\real_00039.jpeg,real_00039.jpeg,test,real,0,robust,clean,none,1.7430998013878707e-06,0
data\splits\genimage_8000_split_v4\test\real\real_00274.jpeg,real_00274.jpeg,test,real,0,robust,clean,none,0.003844057209789753,0
data\splits\genimage_8000_split_v4\test\real\real_00414.jpeg,real_00414.jpeg,test,real,0,robust,clean,none,0.25871047377586365,0
data\splits\genimage_8000_split_v4\test\real\real_00038.jpeg,real_00038.jpeg,test,real,0,robust,clean,none,0.06155829876661301,0
data\splits\genimage_8000_split_v4\test\real\real_00434.jpeg,real_00434.jpeg,test,real,0,robust,clean,none,0.0766105055809021,0
data\splits\genimage_8000_split_v4\test\real\real_00279.jpeg,real_00279.jpeg,test,real,0,robust,clean,none,0.02223546802997589,0
data\splits\genimage_8000_split_v4\test\real\real_00077.jpeg,real_00077.jpeg,test,real,0,robust,clean,none,0.20697523653507233,0
data\splits\genimage_8000_split_v4\test\real\real_00312.jpeg,real_00312.jpeg,test,real,0,robust,clean,none,0.15888546407222748,0
data\splits\genimage_8000_split_v4\test\real\real_00482.jpeg,real_00482.jpeg,test,real,0,robust,clean,none,0.9989483952522278,1
data\splits\genimage_8000_split_v4\test\real\real_00178.jpeg,real_00178.jpeg,test,real,0,robust,clean,none,0.7547503709793091,1
data\splits\genimage_8000_split_v4\test\real\real_00535.jpeg,real_00535.jpeg,test,real,0,robust,clean,none,0.0006088788504712284,0
data\splits\genimage_8000_split_v4\test\real\real_00345.jpeg,real_00345.jpeg,test,real,0,robust,clean,none,5.251681045592704e-07,0
data\splits\genimage_8000_split_v4\test\real\real_00019.jpeg,real_00019.jpeg,test,real,0,robust,clean,none,0.006591117009520531,0
data\splits\genimage_8000_split_v4\test\real\real_00143.jpeg,real_00143.jpeg,test,real,0,robust,clean,none,0.03368184715509415,0
data\splits\genimage_8000_split_v4\test\real\real_00496.jpeg,real_00496.jpeg,test,real,0,robust,clean,none,1.526394655115837e-08,0
data\splits\genimage_8000_split_v4\test\real\real_00522.jpeg,real_00522.jpeg,test,real,0,robust,clean,none,3.8860121228302955e-23,0
data\splits\genimage_8000_split_v4\test\real\real_00451.jpeg,real_00451.jpeg,test,real,0,robust,clean,none,1.207259847646469e-10,0
data\splits\genimage_8000_split_v4\test\real\real_00371.jpeg,real_00371.jpeg,test,real,0,robust,clean,none,5.086511507129687e-12,0
data\splits\genimage_8000_split_v4\test\real\real_00060.jpeg,real_00060.jpeg,test,real,0,robust,clean,none,0.9995825886726379,1
data\splits\genimage_8000_split_v4\test\real\real_00410.jpeg,real_00410.jpeg,test,real,0,robust,clean,none,0.29984405636787415,0
data\splits\genimage_8000_split_v4\test\real\real_00248.jpeg,real_00248.jpeg,test,real,0,robust,clean,none,0.7476696372032166,1
data\splits\genimage_8000_split_v4\test\real\real_00043.jpeg,real_00043.jpeg,test,real,0,robust,clean,none,0.9566588997840881,1
data\splits\genimage_8000_split_v4\test\real\real_00104.jpeg,real_00104.jpeg,test,real,0,robust,clean,none,2.0271798562704335e-12,0
data\splits\genimage_8000_split_v4\test\real\real_00238.jpeg,real_00238.jpeg,test,real,0,robust,clean,none,4.3700151830528e-10,0
data\splits\genimage_8000_split_v4\test\real\real_00251.jpeg,real_00251.jpeg,test,real,0,robust,clean,none,1.4817240490128114e-10,0
data\splits\genimage_8000_split_v4\test\real\real_00017.jpeg,real_00017.jpeg,test,real,0,robust,clean,none,5.3628469720568006e-11,0
data\splits\genimage_8000_split_v4\test\real\real_00500.jpeg,real_00500.jpeg,test,real,0,robust,clean,none,1.8536241335256887e-13,0
data\splits\genimage_8000_split_v4\test\real\real_00056.jpeg,real_00056.jpeg,test,real,0,robust,clean,none,5.218811111262767e-06,0
data\splits\genimage_8000_split_v4\test\real\real_00227.jpeg,real_00227.jpeg,test,real,0,robust,clean,none,2.4105710849653406e-07,0
data\splits\genimage_8000_split_v4\test\real\real_00347.jpeg,real_00347.jpeg,test,real,0,robust,clean,none,6.794104775303955e-12,0
data\splits\genimage_8000_split_v4\test\real\real_00176.jpeg,real_00176.jpeg,test,real,0,robust,clean,none,0.9727206826210022,1
data\splits\genimage_8000_split_v4\test\real\real_00085.jpeg,real_00085.jpeg,test,real,0,robust,clean,none,3.0916136756773197e-14,0
data\splits\genimage_8000_split_v4\test\real\real_00586.jpeg,real_00586.jpeg,test,real,0,robust,clean,none,4.1776003771760994e-15,0
data\splits\genimage_8000_split_v4\test\real\real_00193.jpeg,real_00193.jpeg,test,real,0,robust,clean,none,7.936404244901496e-08,0
data\splits\genimage_8000_split_v4\test\real\real_00018.jpeg,real_00018.jpeg,test,real,0,robust,clean,none,0.9593272805213928,1
data\splits\genimage_8000_split_v4\test\real\real_00342.jpeg,real_00342.jpeg,test,real,0,robust,clean,none,0.02709672413766384,0
data\splits\genimage_8000_split_v4\test\real\real_00359.jpeg,real_00359.jpeg,test,real,0,robust,clean,none,0.9610826373100281,1
data\splits\genimage_8000_split_v4\test\real\real_00163.jpeg,real_00163.jpeg,test,real,0,robust,clean,none,0.177475243806839,0
data\splits\genimage_8000_split_v4\test\real\real_00527.jpeg,real_00527.jpeg,test,real,0,robust,clean,none,4.385084685054608e-05,0
data\splits\genimage_8000_split_v4\test\real\real_00444.jpeg,real_00444.jpeg,test,real,0,robust,clean,none,0.019925115630030632,0
data\splits\genimage_8000_split_v4\test\real\real_00440.jpeg,real_00440.jpeg,test,real,0,robust,clean,none,0.002886260859668255,0
data\splits\genimage_8000_split_v4\test\real\real_00096.jpeg,real_00096.jpeg,test,real,0,robust,clean,none,0.6219645142555237,1
data\splits\genimage_8000_split_v4\test\real\real_00165.jpeg,real_00165.jpeg,test,real,0,robust,clean,none,0.00042595641571097076,0
data\splits\genimage_8000_split_v4\test\real\real_00576.jpeg,real_00576.jpeg,test,real,0,robust,clean,none,0.9986371397972107,1
data\splits\genimage_8000_split_v4\test\real\real_00375.jpeg,real_00375.jpeg,test,real,0,robust,clean,none,0.003302992321550846,0
data\splits\genimage_8000_split_v4\test\real\real_00300.jpeg,real_00300.jpeg,test,real,0,robust,clean,none,1.2224122656334657e-06,0
data\splits\genimage_8000_split_v4\test\real\real_00503.jpeg,real_00503.jpeg,test,real,0,robust,clean,none,0.9978249073028564,1
data\splits\genimage_8000_split_v4\test\real\real_00499.jpeg,real_00499.jpeg,test,real,0,robust,clean,none,1.7691102982553275e-07,0
data\splits\genimage_8000_split_v4\test\real\real_00283.jpeg,real_00283.jpeg,test,real,0,robust,clean,none,7.912398134609456e-17,0
data\splits\genimage_8000_split_v4\test\real\real_00160.jpeg,real_00160.jpeg,test,real,0,robust,clean,none,0.45601212978363037,0
data\splits\genimage_8000_split_v4\test\real\real_00260.jpeg,real_00260.jpeg,test,real,0,robust,clean,none,5.655544100591214e-06,0
data\splits\genimage_8000_split_v4\test\real\real_00208.jpeg,real_00208.jpeg,test,real,0,robust,clean,none,1.4141572396435167e-17,0
data\splits\genimage_8000_split_v4\test\real\real_00262.jpeg,real_00262.jpeg,test,real,0,robust,clean,none,0.030170446261763573,0
data\splits\genimage_8000_split_v4\test\real\real_00213.jpeg,real_00213.jpeg,test,real,0,robust,clean,none,0.10896524786949158,0
data\splits\genimage_8000_split_v4\test\real\real_00476.jpeg,real_00476.jpeg,test,real,0,robust,clean,none,1.236401389256847e-13,0
data\splits\genimage_8000_split_v4\test\real\real_00092.jpeg,real_00092.jpeg,test,real,0,robust,clean,none,0.7093999981880188,1
data\splits\genimage_8000_split_v4\test\real\real_00324.jpeg,real_00324.jpeg,test,real,0,robust,clean,none,0.5920621156692505,1
data\splits\genimage_8000_split_v4\test\real\real_00425.jpeg,real_00425.jpeg,test,real,0,robust,clean,none,0.7294591665267944,1
data\splits\genimage_8000_split_v4\test\real\real_00559.jpeg,real_00559.jpeg,test,real,0,robust,clean,none,5.306162051965657e-07,0
data\splits\genimage_8000_split_v4\test\real\real_00015.jpeg,real_00015.jpeg,test,real,0,robust,clean,none,6.2539292761652505e-15,0
data\splits\genimage_8000_split_v4\test\real\real_00562.jpeg,real_00562.jpeg,test,real,0,robust,clean,none,5.212038740864955e-05,0
data\splits\genimage_8000_split_v4\test\real\real_00514.jpeg,real_00514.jpeg,test,real,0,robust,clean,none,3.1707811289777288e-12,0
data\splits\genimage_8000_split_v4\test\real\real_00580.jpeg,real_00580.jpeg,test,real,0,robust,clean,none,0.00038749678060412407,0
data\splits\genimage_8000_split_v4\test\real\real_00202.jpeg,real_00202.jpeg,test,real,0,robust,clean,none,0.08722513169050217,0
data\splits\genimage_8000_split_v4\test\real\real_00402.jpeg,real_00402.jpeg,test,real,0,robust,clean,none,1.1022452915676606e-11,0
data\splits\genimage_8000_split_v4\test\real\real_00057.jpeg,real_00057.jpeg,test,real,0,robust,clean,none,3.5022726322858037e-19,0
data\splits\genimage_8000_split_v4\test\real\real_00007.jpeg,real_00007.jpeg,test,real,0,robust,clean,none,0.005319620482623577,0
data\splits\genimage_8000_split_v4\test\real\real_00388.jpeg,real_00388.jpeg,test,real,0,robust,clean,none,0.0010886234231293201,0
data\splits\genimage_8000_split_v4\test\real\real_00016.jpeg,real_00016.jpeg,test,real,0,robust,clean,none,1.4528033404971021e-34,0
data\splits\genimage_8000_split_v4\test\real\real_00506.jpeg,real_00506.jpeg,test,real,0,robust,clean,none,0.28117287158966064,0
data\splits\genimage_8000_split_v4\test\real\real_00028.jpeg,real_00028.jpeg,test,real,0,robust,clean,none,1.7316292542091105e-06,0
data\splits\genimage_8000_split_v4\test\real\real_00572.jpeg,real_00572.jpeg,test,real,0,robust,clean,none,0.1501159518957138,0
data\splits\genimage_8000_split_v4\test\real\real_00381.jpeg,real_00381.jpeg,test,real,0,robust,clean,none,5.3780113375978544e-05,0
data\splits\genimage_8000_split_v4\test\real\real_00268.jpeg,real_00268.jpeg,test,real,0,robust,clean,none,0.10232529789209366,0
data\splits\genimage_8000_split_v4\test\real\real_00512.jpeg,real_00512.jpeg,test,real,0,robust,clean,none,0.024702994152903557,0
data\splits\genimage_8000_split_v4\test\real\real_00006.jpeg,real_00006.jpeg,test,real,0,robust,clean,none,0.7518687844276428,1
data\splits\genimage_8000_split_v4\test\real\real_00289.jpeg,real_00289.jpeg,test,real,0,robust,clean,none,2.6563247956801206e-05,0
data\splits\genimage_8000_split_v4\test\real\real_00519.jpeg,real_00519.jpeg,test,real,0,robust,clean,none,0.004660858307033777,0
data\splits\genimage_8000_split_v4\test\real\real_00252.jpeg,real_00252.jpeg,test,real,0,robust,clean,none,0.001689018215984106,0
data\splits\genimage_8000_split_v4\test\real\real_00211.jpeg,real_00211.jpeg,test,real,0,robust,clean,none,0.020123541355133057,0
data\splits\genimage_8000_split_v4\test\real\real_00147.jpeg,real_00147.jpeg,test,real,0,robust,clean,none,4.187617363982099e-09,0
data\splits\genimage_8000_split_v4\test\real\real_00181.jpeg,real_00181.jpeg,test,real,0,robust,clean,none,0.6998339891433716,1
data\splits\genimage_8000_split_v4\test\real\real_00458.jpeg,real_00458.jpeg,test,real,0,robust,clean,none,0.03401477634906769,0
data\splits\genimage_8000_split_v4\test\real\real_00329.jpeg,real_00329.jpeg,test,real,0,robust,clean,none,7.722077561622733e-21,0
data\splits\genimage_8000_split_v4\test\real\real_00545.jpeg,real_00545.jpeg,test,real,0,robust,clean,none,8.828193131193984e-06,0
data\splits\genimage_8000_split_v4\test\real\real_00568.jpeg,real_00568.jpeg,test,real,0,robust,clean,none,0.0001266151521122083,0
data\splits\genimage_8000_split_v4\test\real\real_00031.jpeg,real_00031.jpeg,test,real,0,robust,clean,none,5.226726915315803e-16,0
data\splits\genimage_8000_split_v4\test\real\real_00171.jpeg,real_00171.jpeg,test,real,0,robust,clean,none,6.3137613324215636e-06,0
data\splits\genimage_8000_split_v4\test\real\real_00320.jpeg,real_00320.jpeg,test,real,0,robust,clean,none,8.226373182651514e-08,0
data\splits\genimage_8000_split_v4\test\real\real_00083.jpeg,real_00083.jpeg,test,real,0,robust,clean,none,4.286218882043613e-07,0
data\splits\genimage_8000_split_v4\test\real\real_00012.jpeg,real_00012.jpeg,test,real,0,robust,clean,none,0.04863385856151581,0
data\splits\genimage_8000_split_v4\test\real\real_00357.jpeg,real_00357.jpeg,test,real,0,robust,clean,none,0.005126992240548134,0
data\splits\genimage_8000_split_v4\test\real\real_00346.jpeg,real_00346.jpeg,test,real,0,robust,clean,none,0.6832502484321594,1
data\splits\genimage_8000_split_v4\test\real\real_00450.jpeg,real_00450.jpeg,test,real,0,robust,clean,none,0.0012495249975472689,0
data\splits\genimage_8000_split_v4\test\real\real_00356.jpeg,real_00356.jpeg,test,real,0,robust,clean,none,0.7767049074172974,1
data\splits\genimage_8000_split_v4\test\real\real_00594.jpeg,real_00594.jpeg,test,real,0,robust,clean,none,0.04778390750288963,0
data\splits\genimage_8000_split_v4\test\real\real_00048.jpeg,real_00048.jpeg,test,real,0,robust,clean,none,0.018792999908328056,0
data\splits\genimage_8000_split_v4\test\real\real_00158.jpeg,real_00158.jpeg,test,real,0,robust,clean,none,1.2578045159236662e-12,0
data\splits\genimage_8000_split_v4\test\real\real_00521.jpeg,real_00521.jpeg,test,real,0,robust,clean,none,0.17746415734291077,0
data\splits\genimage_8000_split_v4\test\real\real_00285.jpeg,real_00285.jpeg,test,real,0,robust,clean,none,0.2766132652759552,0
data\splits\genimage_8000_split_v4\test\real\real_00270.jpeg,real_00270.jpeg,test,real,0,robust,clean,none,0.00019974532187916338,0
data\splits\genimage_8000_split_v4\test\real\real_00533.jpeg,real_00533.jpeg,test,real,0,robust,clean,none,0.024856727570295334,0
data\splits\genimage_8000_split_v4\test\real\real_00494.jpeg,real_00494.jpeg,test,real,0,robust,clean,none,0.0016235806979238987,0
data\splits\genimage_8000_split_v4\test\real\real_00317.jpeg,real_00317.jpeg,test,real,0,robust,clean,none,0.32436877489089966,0
data\splits\genimage_8000_split_v4\test\real\real_00296.jpeg,real_00296.jpeg,test,real,0,robust,clean,none,1.702763363667701e-24,0
data\splits\genimage_8000_split_v4\test\real\real_00237.jpeg,real_00237.jpeg,test,real,0,robust,clean,none,0.00010064449452329427,0
data\splits\genimage_8000_split_v4\test\real\real_00242.jpeg,real_00242.jpeg,test,real,0,robust,clean,none,0.0007685620803385973,0
data\splits\genimage_8000_split_v4\test\real\real_00584.jpeg,real_00584.jpeg,test,real,0,robust,clean,none,8.723472092242446e-06,0
data\splits\genimage_8000_split_v4\test\real\real_00570.jpeg,real_00570.jpeg,test,real,0,robust,clean,none,8.262036743644785e-08,0
data\splits\genimage_8000_split_v4\test\real\real_00133.jpeg,real_00133.jpeg,test,real,0,robust,clean,none,0.0010699847480282187,0
data\splits\genimage_8000_split_v4\test\real\real_00047.jpeg,real_00047.jpeg,test,real,0,robust,clean,none,3.028265282978282e-08,0
data\splits\genimage_8000_split_v4\test\real\real_00480.jpeg,real_00480.jpeg,test,real,0,robust,clean,none,3.846982144750655e-05,0
data\splits\genimage_8000_split_v4\test\real\real_00210.jpeg,real_00210.jpeg,test,real,0,robust,clean,none,0.014806664548814297,0
data\splits\genimage_8000_split_v4\test\real\real_00301.jpeg,real_00301.jpeg,test,real,0,robust,clean,none,0.8470137119293213,1
data\splits\genimage_8000_split_v4\test\real\real_00574.jpeg,real_00574.jpeg,test,real,0,robust,clean,none,0.48947370052337646,0
data\splits\genimage_8000_split_v4\test\real\real_00134.jpeg,real_00134.jpeg,test,real,0,robust,clean,none,0.1698041558265686,0
data\splits\genimage_8000_split_v4\test\real\real_00597.jpeg,real_00597.jpeg,test,real,0,robust,clean,none,0.9999339580535889,1
data\splits\genimage_8000_split_v4\test\real\real_00281.jpeg,real_00281.jpeg,test,real,0,robust,clean,none,0.4740968346595764,0
data\splits\genimage_8000_split_v4\test\real\real_00332.jpeg,real_00332.jpeg,test,real,0,robust,clean,none,0.290165513753891,0
data\splits\genimage_8000_split_v4\test\real\real_00415.jpeg,real_00415.jpeg,test,real,0,robust,clean,none,6.484231605293064e-15,0
data\splits\genimage_8000_split_v4\test\real\real_00093.jpeg,real_00093.jpeg,test,real,0,robust,clean,none,0.968491792678833,1
data\splits\genimage_8000_split_v4\test\real\real_00526.jpeg,real_00526.jpeg,test,real,0,robust,clean,none,6.787330875113184e-08,0
data\splits\genimage_8000_split_v4\test\real\real_00259.jpeg,real_00259.jpeg,test,real,0,robust,clean,none,0.0067090061493217945,0
data\splits\genimage_8000_split_v4\test\real\real_00128.jpeg,real_00128.jpeg,test,real,0,robust,clean,none,0.09244150668382645,0
data\splits\genimage_8000_split_v4\test\real\real_00173.jpeg,real_00173.jpeg,test,real,0,robust,clean,none,0.00019904434157069772,0
data\splits\genimage_8000_split_v4\test\real\real_00005.jpeg,real_00005.jpeg,test,real,0,robust,clean,none,2.2198900515297794e-17,0
data\splits\genimage_8000_split_v4\test\real\real_00532.jpeg,real_00532.jpeg,test,real,0,robust,clean,none,0.9660025835037231,1
data\splits\genimage_8000_split_v4\test\real\real_00061.jpeg,real_00061.jpeg,test,real,0,robust,clean,none,4.705626952209037e-16,0
data\splits\genimage_8000_split_v4\test\real\real_00313.jpeg,real_00313.jpeg,test,real,0,robust,clean,none,2.285451411454531e-10,0
data\splits\genimage_8000_split_v4\test\real\real_00130.jpeg,real_00130.jpeg,test,real,0,robust,clean,none,3.7684834636522724e-13,0
data\splits\genimage_8000_split_v4\test\real\real_00454.jpeg,real_00454.jpeg,test,real,0,robust,clean,none,1.7288227056530547e-13,0
data\splits\genimage_8000_split_v4\test\real\real_00204.jpeg,real_00204.jpeg,test,real,0,robust,clean,none,3.879464632077287e-16,0
data\splits\genimage_8000_split_v4\test\real\real_00337.jpeg,real_00337.jpeg,test,real,0,robust,clean,none,0.003726207185536623,0
data\splits\genimage_8000_split_v4\test\real\real_00195.jpeg,real_00195.jpeg,test,real,0,robust,clean,none,2.6841790509019026e-12,0
data\splits\genimage_8000_split_v4\test\real\real_00187.jpeg,real_00187.jpeg,test,real,0,robust,clean,none,6.517995643662289e-05,0
data\splits\genimage_8000_split_v4\test\real\real_00489.jpeg,real_00489.jpeg,test,real,0,robust,clean,none,6.435468824506074e-10,0
data\splits\genimage_8000_split_v4\test\real\real_00385.jpeg,real_00385.jpeg,test,real,0,robust,clean,none,0.00111268216278404,0
data\splits\genimage_8000_split_v4\test\real\real_00221.jpeg,real_00221.jpeg,test,real,0,robust,clean,none,3.763959630087577e-12,0
data\splits\genimage_8000_split_v4\test\real\real_00027.jpeg,real_00027.jpeg,test,real,0,robust,clean,none,0.36888208985328674,0
data\splits\genimage_8000_split_v4\test\real\real_00022.jpeg,real_00022.jpeg,test,real,0,robust,clean,none,6.020714221589053e-19,0
data\splits\genimage_8000_split_v4\test\real\real_00331.jpeg,real_00331.jpeg,test,real,0,robust,clean,none,0.3438718318939209,0
data\splits\genimage_8000_split_v4\test\real\real_00159.jpeg,real_00159.jpeg,test,real,0,robust,clean,none,6.800013885310818e-09,0
data\splits\genimage_8000_split_v4\test\real\real_00068.jpeg,real_00068.jpeg,test,real,0,robust,clean,none,0.6008138060569763,1
data\splits\genimage_8000_split_v4\test\real\real_00127.jpeg,real_00127.jpeg,test,real,0,robust,clean,none,8.743157549252574e-20,0
data\splits\genimage_8000_split_v4\test\real\real_00420.jpeg,real_00420.jpeg,test,real,0,robust,clean,none,0.002306608483195305,0
data\splits\genimage_8000_split_v4\test\real\real_00510.jpeg,real_00510.jpeg,test,real,0,robust,clean,none,3.3180253369711883e-18,0
data\splits\genimage_8000_split_v4\test\real\real_00106.jpeg,real_00106.jpeg,test,real,0,robust,clean,none,0.9876847267150879,1
data\splits\genimage_8000_split_v4\test\real\real_00599.jpeg,real_00599.jpeg,test,real,0,robust,clean,none,1.133104987616207e-08,0
data\splits\genimage_8000_split_v4\test\real\real_00419.jpeg,real_00419.jpeg,test,real,0,robust,clean,none,4.1680735307636496e-07,0
data\splits\genimage_8000_split_v4\test\real\real_00286.jpeg,real_00286.jpeg,test,real,0,robust,clean,none,0.19246415793895721,0
data\splits\genimage_8000_split_v4\test\real\real_00341.jpeg,real_00341.jpeg,test,real,0,robust,clean,none,0.1382758617401123,0
data\splits\genimage_8000_split_v4\test\real\real_00263.jpeg,real_00263.jpeg,test,real,0,robust,clean,none,4.691796493716538e-05,0
data\splits\genimage_8000_split_v4\test\real\real_00255.jpeg,real_00255.jpeg,test,real,0,robust,clean,none,0.9968181848526001,1
data\splits\genimage_8000_split_v4\test\real\real_00335.jpeg,real_00335.jpeg,test,real,0,robust,clean,none,1.9603807288604003e-07,0
data\splits\genimage_8000_split_v4\test\real\real_00174.jpeg,real_00174.jpeg,test,real,0,robust,clean,none,6.870295887750899e-09,0
data\splits\genimage_8000_split_v4\test\real\real_00243.jpeg,real_00243.jpeg,test,real,0,robust,clean,none,0.45093807578086853,0
data\splits\genimage_8000_split_v4\test\real\real_00140.jpeg,real_00140.jpeg,test,real,0,robust,clean,none,0.02159317024052143,0
data\splits\genimage_8000_split_v4\test\real\real_00582.jpeg,real_00582.jpeg,test,real,0,robust,clean,none,0.0007370105013251305,0
data\splits\genimage_8000_split_v4\test\real\real_00542.jpeg,real_00542.jpeg,test,real,0,robust,clean,none,0.05600358918309212,0
data\splits\genimage_8000_split_v4\test\real\real_00547.jpeg,real_00547.jpeg,test,real,0,robust,clean,none,2.524115280207277e-25,0
data\splits\genimage_8000_split_v4\test\real\real_00287.jpeg,real_00287.jpeg,test,real,0,robust,clean,none,0.8980366587638855,1
data\splits\genimage_8000_split_v4\test\real\real_00144.jpeg,real_00144.jpeg,test,real,0,robust,clean,none,8.069888757233912e-09,0
data\splits\genimage_8000_split_v4\test\real\real_00214.jpeg,real_00214.jpeg,test,real,0,robust,clean,none,0.027995392680168152,0
data\splits\genimage_8000_split_v4\test\real\real_00234.jpeg,real_00234.jpeg,test,real,0,robust,clean,none,0.9974921941757202,1
data\splits\genimage_8000_split_v4\test\real\real_00595.jpeg,real_00595.jpeg,test,real,0,robust,clean,none,8.843807108860346e-07,0
data\splits\genimage_8000_split_v4\test\real\real_00075.jpeg,real_00075.jpeg,test,real,0,robust,clean,none,2.8195311753756447e-13,0
data\splits\genimage_8000_split_v4\test\real\real_00295.jpeg,real_00295.jpeg,test,real,0,robust,clean,none,0.0772336795926094,0
data\splits\genimage_8000_split_v4\test\real\real_00070.jpeg,real_00070.jpeg,test,real,0,robust,clean,none,0.0011633748654276133,0
data\splits\genimage_8000_split_v4\test\real\real_00148.jpeg,real_00148.jpeg,test,real,0,robust,clean,none,3.317064400931713e-10,0
data\splits\genimage_8000_split_v4\test\real\real_00491.jpeg,real_00491.jpeg,test,real,0,robust,clean,none,3.4795277315424755e-05,0
data\splits\genimage_8000_split_v4\test\real\real_00090.jpeg,real_00090.jpeg,test,real,0,robust,clean,none,0.03468189388513565,0
data\splits\genimage_8000_split_v4\test\real\real_00063.jpeg,real_00063.jpeg,test,real,0,robust,clean,none,4.9467442295281217e-05,0
data\splits\genimage_8000_split_v4\test\real\real_00334.jpeg,real_00334.jpeg,test,real,0,robust,clean,none,0.1731802523136139,0
data\splits\genimage_8000_split_v4\test\real\real_00530.jpeg,real_00530.jpeg,test,real,0,robust,clean,none,0.004720873665064573,0
data\splits\genimage_8000_split_v4\test\real\real_00069.jpeg,real_00069.jpeg,test,real,0,robust,clean,none,0.008012069389224052,0
data\splits\genimage_8000_split_v4\test\real\real_00109.jpeg,real_00109.jpeg,test,real,0,robust,clean,none,0.0001044088858179748,0
data\splits\genimage_8000_split_v4\test\real\real_00321.jpeg,real_00321.jpeg,test,real,0,robust,clean,none,0.0014067100128158927,0
data\splits\genimage_8000_split_v4\test\real\real_00126.jpeg,real_00126.jpeg,test,real,0,robust,clean,none,0.0030120883602648973,0
data\splits\genimage_8000_split_v4\test\real\real_00358.jpeg,real_00358.jpeg,test,real,0,robust,clean,none,0.4861173927783966,0
data\splits\genimage_8000_split_v4\test\real\real_00364.jpeg,real_00364.jpeg,test,real,0,robust,clean,none,0.008356292732059956,0
data\splits\genimage_8000_split_v4\test\real\real_00209.jpeg,real_00209.jpeg,test,real,0,robust,clean,none,0.00035308903898112476,0
data\splits\genimage_8000_split_v4\test\real\real_00292.jpeg,real_00292.jpeg,test,real,0,robust,clean,none,0.26213720440864563,0
data\splits\genimage_8000_split_v4\test\real\real_00473.jpeg,real_00473.jpeg,test,real,0,robust,clean,none,1.9908126796391867e-12,0
data\splits\genimage_8000_split_v4\test\real\real_00367.jpeg,real_00367.jpeg,test,real,0,robust,clean,none,4.0164223058525295e-09,0
data\splits\genimage_8000_split_v4\test\real\real_00228.jpeg,real_00228.jpeg,test,real,0,robust,clean,none,0.022999506443738937,0
data\splits\genimage_8000_split_v4\test\real\real_00463.jpeg,real_00463.jpeg,test,real,0,robust,clean,none,0.004758627153933048,0
data\splits\genimage_8000_split_v4\test\real\real_00529.jpeg,real_00529.jpeg,test,real,0,robust,clean,none,0.9999408721923828,1
data\splits\genimage_8000_split_v4\test\real\real_00376.jpeg,real_00376.jpeg,test,real,0,robust,clean,none,6.711122976787998e-12,0
data\splits\genimage_8000_split_v4\test\real\real_00089.jpeg,real_00089.jpeg,test,real,0,robust,clean,none,0.0683702826499939,0
data\splits\genimage_8000_split_v4\test\real\real_00409.jpeg,real_00409.jpeg,test,real,0,robust,clean,none,6.398374718941113e-09,0
data\splits\genimage_8000_split_v4\test\real\real_00456.jpeg,real_00456.jpeg,test,real,0,robust,clean,none,2.3517223324970304e-12,0
data\splits\genimage_8000_split_v4\test\real\real_00378.jpeg,real_00378.jpeg,test,real,0,robust,clean,none,0.003120677312836051,0
data\splits\genimage_8000_split_v4\test\real\real_00596.jpeg,real_00596.jpeg,test,real,0,robust,clean,none,0.000519176188390702,0
data\splits\genimage_8000_split_v4\test\real\real_00477.jpeg,real_00477.jpeg,test,real,0,robust,clean,none,0.017785778269171715,0
data\splits\genimage_8000_split_v4\test\real\real_00261.jpeg,real_00261.jpeg,test,real,0,robust,clean,none,1.1327586646459054e-09,0
data\splits\genimage_8000_split_v4\test\real\real_00273.jpeg,real_00273.jpeg,test,real,0,robust,clean,none,0.5372317433357239,1
data\splits\genimage_8000_split_v4\test\real\real_00100.jpeg,real_00100.jpeg,test,real,0,robust,clean,none,2.8158610993891674e-20,0
data\splits\genimage_8000_split_v4\test\real\real_00080.jpeg,real_00080.jpeg,test,real,0,robust,clean,none,2.3769998122591396e-11,0
data\splits\genimage_8000_split_v4\test\real\real_00009.jpeg,real_00009.jpeg,test,real,0,robust,clean,none,0.9819616675376892,1
data\splits\genimage_8000_split_v4\test\real\real_00167.jpeg,real_00167.jpeg,test,real,0,robust,clean,none,0.0009850214701145887,0
data\splits\genimage_8000_split_v4\test\real\real_00571.jpeg,real_00571.jpeg,test,real,0,robust,clean,none,0.9970138072967529,1
data\splits\genimage_8000_split_v4\test\real\real_00218.jpeg,real_00218.jpeg,test,real,0,robust,clean,none,1.6988641604598342e-09,0
data\splits\genimage_8000_split_v4\test\real\real_00355.jpeg,real_00355.jpeg,test,real,0,robust,clean,none,0.030450895428657532,0
data\splits\genimage_8000_split_v4\test\real\real_00406.jpeg,real_00406.jpeg,test,real,0,robust,clean,none,0.15295715630054474,0
data\splits\genimage_8000_split_v4\test\real\real_00302.jpeg,real_00302.jpeg,test,real,0,robust,clean,none,0.2195071578025818,0
data\splits\genimage_8000_split_v4\test\real\real_00010.jpeg,real_00010.jpeg,test,real,0,robust,clean,none,0.17421920597553253,0
data\splits\genimage_8000_split_v4\test\real\real_00405.jpeg,real_00405.jpeg,test,real,0,robust,clean,none,0.0010265754535794258,0
data\splits\genimage_8000_split_v4\test\real\real_00447.jpeg,real_00447.jpeg,test,real,0,robust,clean,none,0.004135629162192345,0
data\splits\genimage_8000_split_v4\test\real\real_00379.jpeg,real_00379.jpeg,test,real,0,robust,clean,none,2.75478462263834e-09,0
data\splits\genimage_8000_split_v4\test\real\real_00319.jpeg,real_00319.jpeg,test,real,0,robust,clean,none,0.00012570257240440696,0
data\splits\genimage_8000_split_v4\test\real\real_00543.jpeg,real_00543.jpeg,test,real,0,robust,clean,none,0.0001608147140359506,0
data\splits\genimage_8000_split_v4\test\real\real_00539.jpeg,real_00539.jpeg,test,real,0,robust,clean,none,9.003153536468744e-06,0
data\splits\genimage_8000_split_v4\test\real\real_00579.jpeg,real_00579.jpeg,test,real,0,robust,clean,none,0.16854238510131836,0
data\splits\genimage_8000_split_v4\test\real\real_00459.jpeg,real_00459.jpeg,test,real,0,robust,clean,none,0.2429475337266922,0
data\splits\genimage_8000_split_v4\test\real\real_00587.jpeg,real_00587.jpeg,test,real,0,robust,clean,none,9.598565570962003e-19,0
data\splits\genimage_8000_split_v4\test\real\real_00114.jpeg,real_00114.jpeg,test,real,0,robust,clean,none,0.001334048225544393,0
data\splits\genimage_8000_split_v4\test\real\real_00479.jpeg,real_00479.jpeg,test,real,0,robust,clean,none,1.0304459888176628e-14,0
data\splits\genimage_8000_split_v4\test\real\real_00488.jpeg,real_00488.jpeg,test,real,0,robust,clean,none,0.6919930577278137,1
data\splits\genimage_8000_split_v4\test\real\real_00360.jpeg,real_00360.jpeg,test,real,0,robust,clean,none,1.661314419365567e-10,0
data\splits\genimage_8000_split_v4\test\real\real_00363.jpeg,real_00363.jpeg,test,real,0,robust,clean,none,0.03987165912985802,0
data\splits\genimage_8000_split_v4\test\real\real_00350.jpeg,real_00350.jpeg,test,real,0,robust,clean,none,2.7212482933691717e-08,0
data\splits\genimage_8000_split_v4\test\real\real_00441.jpeg,real_00441.jpeg,test,real,0,robust,clean,none,0.8486676812171936,1
data\splits\genimage_8000_split_v4\test\real\real_00003.jpeg,real_00003.jpeg,test,real,0,robust,clean,none,0.0035483490210026503,0
data\splits\genimage_8000_split_v4\test\real\real_00217.jpeg,real_00217.jpeg,test,real,0,robust,clean,none,8.419488994881874e-10,0
data\splits\genimage_8000_split_v4\test\real\real_00465.jpeg,real_00465.jpeg,test,real,0,robust,clean,none,0.9959301352500916,1
data\splits\genimage_8000_split_v4\test\real\real_00442.jpeg,real_00442.jpeg,test,real,0,robust,clean,none,0.00021572427067440003,0
data\splits\genimage_8000_split_v4\test\real\real_00233.jpeg,real_00233.jpeg,test,real,0,robust,clean,none,6.174147859638879e-09,0
data\splits\genimage_8000_split_v4\test\real\real_00161.jpeg,real_00161.jpeg,test,real,0,robust,clean,none,0.0020276084542274475,0
data\splits\genimage_8000_split_v4\test\real\real_00412.jpeg,real_00412.jpeg,test,real,0,robust,clean,none,0.38566854596138,0
data\splits\genimage_8000_split_v4\test\real\real_00468.jpeg,real_00468.jpeg,test,real,0,robust,clean,none,0.03800325095653534,0
data\splits\genimage_8000_split_v4\test\real\real_00125.jpeg,real_00125.jpeg,test,real,0,robust,clean,none,0.7408517599105835,1
data\splits\genimage_8000_split_v4\test\real\real_00186.jpeg,real_00186.jpeg,test,real,0,robust,clean,none,1.8366872609476559e-06,0
data\splits\genimage_8000_split_v4\test\real\real_00172.jpeg,real_00172.jpeg,test,real,0,robust,clean,none,6.69733850600096e-08,0
data\splits\genimage_8000_split_v4\test\real\real_00467.jpeg,real_00467.jpeg,test,real,0,robust,clean,none,1.5664332408960036e-07,0
data\splits\genimage_8000_split_v4\test\real\real_00323.jpeg,real_00323.jpeg,test,real,0,robust,clean,none,3.243021637899801e-06,0
data\splits\genimage_8000_split_v4\test\real\real_00203.jpeg,real_00203.jpeg,test,real,0,robust,clean,none,0.047464121133089066,0
data\splits\genimage_8000_split_v4\test\real\real_00552.jpeg,real_00552.jpeg,test,real,0,robust,clean,none,0.6611284613609314,1
data\splits\genimage_8000_split_v4\test\real\real_00034.jpeg,real_00034.jpeg,test,real,0,robust,clean,none,8.566100405005272e-06,0
data\splits\genimage_8000_split_v4\test\real\real_00142.jpeg,real_00142.jpeg,test,real,0,robust,clean,none,5.7155593822244555e-05,0
data\splits\genimage_8000_split_v4\test\real\real_00059.jpeg,real_00059.jpeg,test,real,0,robust,clean,none,2.116286729192396e-10,0
data\splits\genimage_8000_split_v4\test\real\real_00021.jpeg,real_00021.jpeg,test,real,0,robust,clean,none,0.037764403969049454,0
data\splits\genimage_8000_split_v4\test\real\real_00525.jpeg,real_00525.jpeg,test,real,0,robust,clean,none,0.0063080755062401295,0
data\splits\genimage_8000_split_v4\test\real\real_00275.jpeg,real_00275.jpeg,test,real,0,robust,clean,none,0.0024357764050364494,0
data\splits\genimage_8000_split_v4\test\real\real_00430.jpeg,real_00430.jpeg,test,real,0,robust,clean,none,4.985648633033021e-15,0
data\splits\genimage_8000_split_v4\test\real\real_00349.jpeg,real_00349.jpeg,test,real,0,robust,clean,none,1.2203858281149964e-19,0
data\splits\genimage_8000_split_v4\test\real\real_00373.jpeg,real_00373.jpeg,test,real,0,robust,clean,none,0.7988971471786499,1
data\splits\genimage_8000_split_v4\test\real\real_00078.jpeg,real_00078.jpeg,test,real,0,robust,clean,none,0.00042386192944832146,0
data\splits\genimage_8000_split_v4\test\real\real_00437.jpeg,real_00437.jpeg,test,real,0,robust,clean,none,1.3026172140939707e-08,0
data\splits\genimage_8000_split_v4\test\real\real_00520.jpeg,real_00520.jpeg,test,real,0,robust,clean,none,6.929672053956892e-07,0
data\splits\genimage_8000_split_v4\test\real\real_00564.jpeg,real_00564.jpeg,test,real,0,robust,clean,none,0.011476978659629822,0
data\splits\genimage_8000_split_v4\test\real\real_00578.jpeg,real_00578.jpeg,test,real,0,robust,clean,none,0.014169175177812576,0
data\splits\genimage_8000_split_v4\test\real\real_00225.jpeg,real_00225.jpeg,test,real,0,robust,clean,none,0.00021683578961528838,0
data\splits\genimage_8000_split_v4\test\real\real_00232.jpeg,real_00232.jpeg,test,real,0,robust,clean,none,3.966750417762332e-18,0
data\splits\genimage_8000_split_v4\test\real\real_00194.jpeg,real_00194.jpeg,test,real,0,robust,clean,none,1.8114011854580316e-23,0
data\splits\genimage_8000_split_v4\test\real\real_00278.jpeg,real_00278.jpeg,test,real,0,robust,clean,none,2.388422847086208e-13,0
data\splits\genimage_8000_split_v4\test\real\real_00168.jpeg,real_00168.jpeg,test,real,0,robust,clean,none,8.430807838522014e-07,0
data\splits\genimage_8000_split_v4\test\real\real_00145.jpeg,real_00145.jpeg,test,real,0,robust,clean,none,0.8379652500152588,1
data\splits\genimage_8000_split_v4\test\real\real_00495.jpeg,real_00495.jpeg,test,real,0,robust,clean,none,0.00025093590375036,0
data\splits\genimage_8000_split_v4\test\real\real_00236.jpeg,real_00236.jpeg,test,real,0,robust,clean,none,4.934621529173455e-07,0
data\splits\genimage_8000_split_v4\test\real\real_00121.jpeg,real_00121.jpeg,test,real,0,robust,clean,none,5.6513123445223884e-15,0
data\splits\genimage_8000_split_v4\test\real\real_00455.jpeg,real_00455.jpeg,test,real,0,robust,clean,none,0.0762033462524414,0
data\splits\genimage_8000_split_v4\test\real\real_00177.jpeg,real_00177.jpeg,test,real,0,robust,clean,none,0.00021560912136919796,0
data\splits\genimage_8000_split_v4\test\real\real_00485.jpeg,real_00485.jpeg,test,real,0,robust,clean,none,0.01733039878308773,0
data\splits\genimage_8000_split_v4\test\real\real_00136.jpeg,real_00136.jpeg,test,real,0,robust,clean,none,0.1045544296503067,0
data\splits\genimage_8000_split_v4\test\real\real_00054.jpeg,real_00054.jpeg,test,real,0,robust,clean,none,0.00012765896099153906,0
data\splits\genimage_8000_split_v4\test\real\real_00470.jpeg,real_00470.jpeg,test,real,0,robust,clean,none,1.2460940360976477e-20,0
data\splits\genimage_8000_split_v4\test\real\real_00118.jpeg,real_00118.jpeg,test,real,0,robust,clean,none,9.212723361962105e-10,0
data\splits\genimage_8000_split_v4\test\real\real_00153.jpeg,real_00153.jpeg,test,real,0,robust,clean,none,7.859914148866665e-06,0
data\splits\genimage_8000_split_v4\test\real\real_00384.jpeg,real_00384.jpeg,test,real,0,robust,clean,none,2.225487151008565e-06,0
data\splits\genimage_8000_split_v4\test\real\real_00115.jpeg,real_00115.jpeg,test,real,0,robust,clean,none,0.7501909732818604,1
data\splits\genimage_8000_split_v4\test\real\real_00101.jpeg,real_00101.jpeg,test,real,0,robust,clean,none,0.9950934648513794,1
data\splits\genimage_8000_split_v4\test\real\real_00327.jpeg,real_00327.jpeg,test,real,0,robust,clean,none,0.0014069551834836602,0
data\splits\genimage_8000_split_v4\test\real\real_00164.jpeg,real_00164.jpeg,test,real,0,robust,clean,none,4.3387088226154447e-05,0
data\splits\genimage_8000_split_v4\test\real\real_00538.jpeg,real_00538.jpeg,test,real,0,robust,clean,none,1.1479143040560302e-06,0
data\splits\genimage_8000_split_v4\test\real\real_00049.jpeg,real_00049.jpeg,test,real,0,robust,clean,none,0.8885951042175293,1
data\splits\genimage_8000_split_v4\test\real\real_00544.jpeg,real_00544.jpeg,test,real,0,robust,clean,none,0.005195939913392067,0
data\splits\genimage_8000_split_v4\test\real\real_00154.jpeg,real_00154.jpeg,test,real,0,robust,clean,none,9.417158164382045e-10,0
data\splits\genimage_8000_split_v4\test\real\real_00215.jpeg,real_00215.jpeg,test,real,0,robust,clean,none,0.0002915379009209573,0
data\splits\genimage_8000_split_v4\test\real\real_00124.jpeg,real_00124.jpeg,test,real,0,robust,clean,none,1.7214534568493193e-19,0
data\splits\genimage_8000_split_v4\test\real\real_00223.jpeg,real_00223.jpeg,test,real,0,robust,clean,none,0.00969860702753067,0
data\splits\genimage_8000_split_v4\test\real\real_00065.jpeg,real_00065.jpeg,test,real,0,robust,clean,none,3.1103747915040003e-06,0
data\splits\genimage_8000_split_v4\test\real\real_00282.jpeg,real_00282.jpeg,test,real,0,robust,clean,none,3.743627630115043e-11,0
data\splits\genimage_8000_split_v4\test\real\real_00267.jpeg,real_00267.jpeg,test,real,0,robust,clean,none,6.9041898314026184e-06,0
data\splits\genimage_8000_split_v4\test\real\real_00343.jpeg,real_00343.jpeg,test,real,0,robust,clean,none,0.30557987093925476,0
data\splits\genimage_8000_split_v4\test\real\real_00421.jpeg,real_00421.jpeg,test,real,0,robust,clean,none,3.050764898767729e-27,0
data\splits\genimage_8000_split_v4\test\real\real_00531.jpeg,real_00531.jpeg,test,real,0,robust,clean,none,2.1870981470328843e-07,0
data\splits\genimage_8000_split_v4\test\real\real_00575.jpeg,real_00575.jpeg,test,real,0,robust,clean,none,2.0003431927761994e-05,0
data\splits\genimage_8000_split_v4\test\real\real_00290.jpeg,real_00290.jpeg,test,real,0,robust,clean,none,8.610910384732051e-08,0
data\splits\genimage_8000_split_v4\test\real\real_00336.jpeg,real_00336.jpeg,test,real,0,robust,clean,none,8.238981931412822e-27,0
data\splits\genimage_8000_split_v4\test\real\real_00306.jpeg,real_00306.jpeg,test,real,0,robust,clean,none,0.12007661908864975,0
data\splits\genimage_8000_split_v4\test\real\real_00231.jpeg,real_00231.jpeg,test,real,0,robust,clean,none,0.12828429043293,0
data\splits\genimage_8000_split_v4\test\real\real_00002.jpeg,real_00002.jpeg,test,real,0,robust,clean,none,0.0067622046917676926,0
data\splits\genimage_8000_split_v4\test\real\real_00504.jpeg,real_00504.jpeg,test,real,0,robust,clean,none,0.0019706974271684885,0
data\splits\genimage_8000_split_v4\test\real\real_00536.jpeg,real_00536.jpeg,test,real,0,robust,clean,none,1.1260489145570318e-06,0
data\splits\genimage_8000_split_v4\test\real\real_00362.jpeg,real_00362.jpeg,test,real,0,robust,clean,none,0.00018337985966354609,0
data\splits\genimage_8000_split_v4\test\real\real_00199.jpeg,real_00199.jpeg,test,real,0,robust,clean,none,4.284967508283444e-05,0
data\splits\genimage_8000_split_v4\test\real\real_00023.jpeg,real_00023.jpeg,test,real,0,robust,clean,none,3.323298299047581e-16,0
data\splits\genimage_8000_split_v4\test\real\real_00433.jpeg,real_00433.jpeg,test,real,0,robust,clean,none,0.9963582158088684,1
data\splits\genimage_8000_split_v4\test\real\real_00484.jpeg,real_00484.jpeg,test,real,0,robust,clean,none,0.38959112763404846,0
data\splits\genimage_8000_split_v4\test\real\real_00110.jpeg,real_00110.jpeg,test,real,0,robust,clean,none,4.965751143615194e-10,0
data\splits\genimage_8000_split_v4\test\real\real_00305.jpeg,real_00305.jpeg,test,real,0,robust,clean,none,0.008818340487778187,0
data\splits\genimage_8000_split_v4\test\real\real_00352.jpeg,real_00352.jpeg,test,real,0,robust,clean,none,0.006159670650959015,0
data\splits\genimage_8000_split_v4\test\real\real_00256.jpeg,real_00256.jpeg,test,real,0,robust,clean,none,0.22038084268569946,0
data\splits\genimage_8000_split_v4\test\real\real_00404.jpeg,real_00404.jpeg,test,real,0,robust,clean,none,3.327066266933798e-08,0
data\splits\genimage_8000_split_v4\test\real\real_00523.jpeg,real_00523.jpeg,test,real,0,robust,clean,none,0.527975857257843,1
data\splits\genimage_8000_split_v4\test\real\real_00513.jpeg,real_00513.jpeg,test,real,0,robust,clean,none,0.23209716379642487,0
data\splits\genimage_8000_split_v4\test\real\real_00108.jpeg,real_00108.jpeg,test,real,0,robust,clean,none,0.23503103852272034,0
data\splits\genimage_8000_split_v4\test\real\real_00119.jpeg,real_00119.jpeg,test,real,0,robust,clean,none,0.17538931965827942,0
data\splits\genimage_8000_split_v4\test\real\real_00511.jpeg,real_00511.jpeg,test,real,0,robust,clean,none,0.04737686738371849,0
data\splits\genimage_8000_split_v4\test\real\real_00073.jpeg,real_00073.jpeg,test,real,0,robust,clean,none,2.0470492811921543e-24,0
data\splits\genimage_8000_split_v4\test\real\real_00469.jpeg,real_00469.jpeg,test,real,0,robust,clean,none,0.037164635956287384,0
data\splits\genimage_8000_split_v4\test\real\real_00035.jpeg,real_00035.jpeg,test,real,0,robust,clean,none,3.398369368030896e-14,0
data\splits\genimage_8000_split_v4\test\real\real_00427.jpeg,real_00427.jpeg,test,real,0,robust,clean,none,1.8346827346249484e-06,0
data\splits\genimage_8000_split_v4\test\real\real_00000.jpeg,real_00000.jpeg,test,real,0,robust,clean,none,1.5765114526278722e-17,0
data\splits\genimage_8000_split_v4\test\real\real_00066.jpeg,real_00066.jpeg,test,real,0,robust,clean,none,0.0012053020764142275,0
data\splits\genimage_8000_split_v4\test\real\real_00052.jpeg,real_00052.jpeg,test,real,0,robust,clean,none,1.6498063033642438e-19,0
data\splits\genimage_8000_split_v4\test\real\real_00483.jpeg,real_00483.jpeg,test,real,0,robust,clean,none,3.254348758349897e-16,0
data\splits\genimage_8000_split_v4\test\real\real_00020.jpeg,real_00020.jpeg,test,real,0,robust,clean,none,0.8203005790710449,1
data\splits\genimage_8000_split_v4\test\real\real_00540.jpeg,real_00540.jpeg,test,real,0,robust,clean,none,1.7021992704258082e-08,0
data\splits\genimage_8000_split_v4\test\real\real_00383.jpeg,real_00383.jpeg,test,real,0,robust,clean,none,0.0007730356301181018,0
data\splits\genimage_8000_split_v4\test\real\real_00129.jpeg,real_00129.jpeg,test,real,0,robust,clean,none,0.00024056737311184406,0
data\splits\genimage_8000_split_v4\test\real\real_00505.jpeg,real_00505.jpeg,test,real,0,robust,clean,none,9.473195214705013e-23,0
data\splits\genimage_8000_split_v4\test\real\real_00517.jpeg,real_00517.jpeg,test,real,0,robust,clean,none,7.475535676348954e-05,0
data\splits\genimage_8000_split_v4\test\real\real_00291.jpeg,real_00291.jpeg,test,real,0,robust,clean,none,6.044369001756422e-06,0
data\splits\genimage_8000_split_v4\test\real\real_00328.jpeg,real_00328.jpeg,test,real,0,robust,clean,none,0.8758813142776489,1
data\splits\genimage_8000_split_v4\test\real\real_00082.jpeg,real_00082.jpeg,test,real,0,robust,clean,none,3.436348428031977e-11,0
data\splits\genimage_8000_split_v4\test\real\real_00413.jpeg,real_00413.jpeg,test,real,0,robust,clean,none,0.00031372110242955387,0
data\splits\genimage_8000_split_v4\test\real\real_00201.jpeg,real_00201.jpeg,test,real,0,robust,clean,none,0.7723678350448608,1
data\splits\genimage_8000_split_v4\test\real\real_00422.jpeg,real_00422.jpeg,test,real,0,robust,clean,none,0.0006933335098437965,0
data\splits\genimage_8000_split_v4\test\real\real_00481.jpeg,real_00481.jpeg,test,real,0,robust,clean,none,0.9998410940170288,1
data\splits\genimage_8000_split_v4\test\real\real_00249.jpeg,real_00249.jpeg,test,real,0,robust,clean,none,1.1734952209963012e-07,0
data\splits\genimage_8000_split_v4\test\real\real_00591.jpeg,real_00591.jpeg,test,real,0,robust,clean,none,0.080828458070755,0
data\splits\genimage_8000_split_v4\test\real\real_00103.jpeg,real_00103.jpeg,test,real,0,robust,clean,none,0.04162462428212166,0
data\splits\genimage_8000_split_v4\test\real\real_00058.jpeg,real_00058.jpeg,test,real,0,robust,clean,none,1.7558484517336747e-26,0
data\splits\genimage_8000_split_v4\test\real\real_00029.jpeg,real_00029.jpeg,test,real,0,robust,clean,none,0.028800973668694496,0
data\splits\genimage_8000_split_v4\test\real\real_00551.jpeg,real_00551.jpeg,test,real,0,robust,clean,none,4.4031767743035743e-07,0
data\splits\genimage_8000_split_v4\test\real\real_00453.jpeg,real_00453.jpeg,test,real,0,robust,clean,none,1.0,1
data\splits\genimage_8000_split_v4\test\real\real_00041.jpeg,real_00041.jpeg,test,real,0,robust,clean,none,1.8173719581682235e-05,0
data\splits\genimage_8000_split_v4\test\real\real_00316.jpeg,real_00316.jpeg,test,real,0,robust,clean,none,2.0543804879480376e-08,0
data\splits\genimage_8000_split_v4\test\real\real_00449.jpeg,real_00449.jpeg,test,real,0,robust,clean,none,3.103438530160929e-06,0
data\splits\genimage_8000_split_v4\test\real\real_00198.jpeg,real_00198.jpeg,test,real,0,robust,clean,none,0.0006441083969548345,0
data\splits\genimage_8000_split_v4\test\real\real_00310.jpeg,real_00310.jpeg,test,real,0,robust,clean,none,0.004035376477986574,0
data\splits\genimage_8000_split_v4\test\real\real_00205.jpeg,real_00205.jpeg,test,real,0,robust,clean,none,2.261288972942471e-19,0
data\splits\genimage_8000_split_v4\test\real\real_00011.jpeg,real_00011.jpeg,test,real,0,robust,clean,none,0.002077837008982897,0
data\splits\genimage_8000_split_v4\test\real\real_00556.jpeg,real_00556.jpeg,test,real,0,robust,clean,none,6.35542455711402e-05,0
data\splits\genimage_8000_split_v4\test\real\real_00294.jpeg,real_00294.jpeg,test,real,0,robust,clean,none,1.2582180089482087e-11,0
data\splits\genimage_8000_split_v4\test\real\real_00112.jpeg,real_00112.jpeg,test,real,0,robust,clean,none,0.4615572392940521,0
data\splits\genimage_8000_split_v4\test\real\real_00170.jpeg,real_00170.jpeg,test,real,0,robust,clean,none,1.1258699069177606e-17,0
data\splits\genimage_8000_split_v4\test\real\real_00569.jpeg,real_00569.jpeg,test,real,0,robust,clean,none,1.747929231910028e-11,0
data\splits\genimage_8000_split_v4\test\real\real_00318.jpeg,real_00318.jpeg,test,real,0,robust,clean,none,0.003926242236047983,0
data\splits\genimage_8000_split_v4\test\real\real_00397.jpeg,real_00397.jpeg,test,real,0,robust,clean,none,0.00015828099276404828,0
data\splits\genimage_8000_split_v4\test\real\real_00014.jpeg,real_00014.jpeg,test,real,0,robust,clean,none,0.14648620784282684,0
data\splits\genimage_8000_split_v4\test\real\real_00196.jpeg,real_00196.jpeg,test,real,0,robust,clean,none,7.006492321624085e-45,0
data\splits\genimage_8000_split_v4\test\real\real_00191.jpeg,real_00191.jpeg,test,real,0,robust,clean,none,0.8179264664649963,1
data\splits\genimage_8000_split_v4\test\real\real_00192.jpeg,real_00192.jpeg,test,real,0,robust,clean,none,2.4140197460008694e-17,0
data\splits\genimage_8000_split_v4\test\real\real_00353.jpeg,real_00353.jpeg,test,real,0,robust,clean,none,0.9543395042419434,1
data\splits\genimage_8000_split_v4\test\real\real_00254.jpeg,real_00254.jpeg,test,real,0,robust,clean,none,9.776208731437919e-10,0
data\splits\genimage_8000_split_v4\test\real\real_00169.jpeg,real_00169.jpeg,test,real,0,robust,clean,none,2.572404312131682e-12,0
data\splits\genimage_8000_split_v4\test\real\real_00370.jpeg,real_00370.jpeg,test,real,0,robust,clean,none,4.3694044115963606e-26,0
data\splits\genimage_8000_split_v4\test\real\real_00004.jpeg,real_00004.jpeg,test,real,0,robust,clean,none,0.022446023300290108,0
data\splits\genimage_8000_split_v4\test\real\real_00368.jpeg,real_00368.jpeg,test,real,0,robust,clean,none,0.48750728368759155,0
data\splits\genimage_8000_split_v4\test\real\real_00417.jpeg,real_00417.jpeg,test,real,0,robust,clean,none,0.892333984375,1
data\splits\genimage_8000_split_v4\test\real\real_00333.jpeg,real_00333.jpeg,test,real,0,robust,clean,none,8.290219557238743e-05,0
data\splits\genimage_8000_split_v4\test\real\real_00123.jpeg,real_00123.jpeg,test,real,0,robust,clean,none,0.006556858774274588,0
data\splits\genimage_8000_split_v4\test\real\real_00380.jpeg,real_00380.jpeg,test,real,0,robust,clean,none,0.2691221833229065,0
data\splits\genimage_8000_split_v4\test\real\real_00179.jpeg,real_00179.jpeg,test,real,0,robust,clean,none,0.00011396959598641843,0
data\splits\genimage_8000_split_v4\test\real\real_00400.jpeg,real_00400.jpeg,test,real,0,robust,clean,none,2.8019437650073087e-06,0
data\splits\genimage_8000_split_v4\test\real\real_00369.jpeg,real_00369.jpeg,test,real,0,robust,clean,none,0.0008237098809331656,0
data\splits\genimage_8000_split_v4\test\real\real_00051.jpeg,real_00051.jpeg,test,real,0,robust,clean,none,0.3744569718837738,0
data\splits\genimage_8000_split_v4\test\real\real_00097.jpeg,real_00097.jpeg,test,real,0,robust,clean,none,1.583401535754092e-05,0
data\splits\genimage_8000_split_v4\test\real\real_00515.jpeg,real_00515.jpeg,test,real,0,robust,clean,none,2.787137418636121e-05,0
data\splits\genimage_8000_split_v4\test\real\real_00446.jpeg,real_00446.jpeg,test,real,0,robust,clean,none,0.0022341010626405478,0
data\splits\genimage_8000_split_v4\test\real\real_00155.jpeg,real_00155.jpeg,test,real,0,robust,clean,none,0.01001182571053505,0
data\splits\genimage_8000_split_v4\test\real\real_00277.jpeg,real_00277.jpeg,test,real,0,robust,clean,none,0.00014527750317938626,0
data\splits\genimage_8000_split_v4\test\real\real_00098.jpeg,real_00098.jpeg,test,real,0,robust,clean,none,3.210420818078319e-09,0
data\splits\genimage_8000_split_v4\test\real\real_00107.jpeg,real_00107.jpeg,test,real,0,robust,clean,none,0.00027211153064854443,0
data\splits\genimage_8000_split_v4\test\real\real_00087.jpeg,real_00087.jpeg,test,real,0,robust,clean,none,4.14662754337769e-05,0
data\splits\genimage_8000_split_v4\test\real\real_00565.jpeg,real_00565.jpeg,test,real,0,robust,clean,none,0.9287939667701721,1
data\splits\genimage_8000_split_v4\test\real\real_00280.jpeg,real_00280.jpeg,test,real,0,robust,clean,none,2.692093432832032e-21,0
data\splits\genimage_8000_split_v4\test\real\real_00507.jpeg,real_00507.jpeg,test,real,0,robust,clean,none,3.710873576535955e-16,0
data\splits\genimage_8000_split_v4\test\real\real_00326.jpeg,real_00326.jpeg,test,real,0,robust,clean,none,0.00010440420737722889,0
data\splits\genimage_8000_split_v4\test\real\real_00244.jpeg,real_00244.jpeg,test,real,0,robust,clean,none,1.315419935022299e-35,0
data\splits\genimage_8000_split_v4\test\real\real_00033.jpeg,real_00033.jpeg,test,real,0,robust,clean,none,0.18359248340129852,0
data\splits\genimage_8000_split_v4\test\real\real_00064.jpeg,real_00064.jpeg,test,real,0,robust,clean,none,1.593152120415211e-28,0
data\splits\genimage_8000_split_v4\test\real\real_00013.jpeg,real_00013.jpeg,test,real,0,robust,clean,none,1.2228115968862638e-15,0
data\splits\genimage_8000_split_v4\test\real\real_00183.jpeg,real_00183.jpeg,test,real,0,robust,clean,none,0.26109176874160767,0
data\splits\genimage_8000_split_v4\test\real\real_00030.jpeg,real_00030.jpeg,test,real,0,robust,clean,none,2.5021220153575996e-06,0
data\splits\genimage_8000_split_v4\test\real\real_00474.jpeg,real_00474.jpeg,test,real,0,robust,clean,none,7.812534749973565e-05,0
data\splits\genimage_8000_split_v4\test\real\real_00558.jpeg,real_00558.jpeg,test,real,0,robust,clean,none,8.290156188195397e-07,0
data\splits\genimage_8000_split_v4\test\real\real_00088.jpeg,real_00088.jpeg,test,real,0,robust,clean,none,2.604030122380476e-18,0
data\splits\genimage_8000_split_v4\test\real\real_00436.jpeg,real_00436.jpeg,test,real,0,robust,clean,none,0.9638060927391052,1
data\splits\genimage_8000_split_v4\test\real\real_00518.jpeg,real_00518.jpeg,test,real,0,robust,clean,none,3.3591235348851e-10,0
data\splits\genimage_8000_split_v4\test\real\real_00111.jpeg,real_00111.jpeg,test,real,0,robust,clean,none,0.0024991363752633333,0
data\splits\genimage_8000_split_v4\test\real\real_00122.jpeg,real_00122.jpeg,test,real,0,robust,clean,none,0.5633024573326111,1
data\splits\genimage_8000_split_v4\test\real\real_00461.jpeg,real_00461.jpeg,test,real,0,robust,clean,none,0.0071745277382433414,0
data\splits\genimage_8000_split_v4\test\real\real_00239.jpeg,real_00239.jpeg,test,real,0,robust,clean,none,0.0005595703260041773,0
data\splits\genimage_8000_split_v4\test\real\real_00408.jpeg,real_00408.jpeg,test,real,0,robust,clean,none,5.548815806832863e-07,0
data\splits\genimage_8000_split_v4\test\real\real_00460.jpeg,real_00460.jpeg,test,real,0,robust,clean,none,2.8298995955687014e-15,0
data\splits\genimage_8000_split_v4\test\real\real_00138.jpeg,real_00138.jpeg,test,real,0,robust,clean,none,0.0004481870273593813,0
data\splits\genimage_8000_split_v4\test\real\real_00429.jpeg,real_00429.jpeg,test,real,0,robust,clean,none,0.0021249065175652504,0
data\splits\genimage_8000_split_v4\test\real\real_00462.jpeg,real_00462.jpeg,test,real,0,robust,clean,none,5.747637473952381e-26,0
data\splits\genimage_8000_split_v4\test\real\real_00113.jpeg,real_00113.jpeg,test,real,0,robust,clean,none,0.0002770455612335354,0
data\splits\genimage_8000_split_v4\test\real\real_00391.jpeg,real_00391.jpeg,test,real,0,robust,clean,none,6.951024261070415e-05,0
data\splits\genimage_8000_split_v4\test\real\real_00303.jpeg,real_00303.jpeg,test,real,0,robust,clean,none,0.0001526444248156622,0
data\splits\genimage_8000_split_v4\test\real\real_00592.jpeg,real_00592.jpeg,test,real,0,robust,clean,none,0.0,0
data\splits\genimage_8000_split_v4\test\real\real_00157.jpeg,real_00157.jpeg,test,real,0,robust,clean,none,0.013249428011476994,0
data\splits\genimage_8000_split_v4\test\real\real_00475.jpeg,real_00475.jpeg,test,real,0,robust,clean,none,2.354075377297704e-06,0
data\splits\genimage_8000_split_v4\test\real\real_00071.jpeg,real_00071.jpeg,test,real,0,robust,clean,none,1.9272287318017334e-05,0
data\splits\genimage_8000_split_v4\test\real\real_00235.jpeg,real_00235.jpeg,test,real,0,robust,clean,none,1.0532669421081664e-06,0
data\splits\genimage_8000_split_v4\test\real\real_00067.jpeg,real_00067.jpeg,test,real,0,robust,clean,none,5.113265760152681e-18,0
data\splits\genimage_8000_split_v4\test\real\real_00502.jpeg,real_00502.jpeg,test,real,0,robust,clean,none,8.868612349033356e-05,0
data\splits\genimage_8000_split_v4\test\real\real_00099.jpeg,real_00099.jpeg,test,real,0,robust,clean,none,0.7954306602478027,1
data\splits\genimage_8000_split_v4\test\real\real_00508.jpeg,real_00508.jpeg,test,real,0,robust,clean,none,1.2594881582117523e-07,0
data\splits\genimage_8000_split_v4\test\real\real_00036.jpeg,real_00036.jpeg,test,real,0,robust,clean,none,5.023918780988623e-11,0
data\splits\genimage_8000_split_v4\test\real\real_00149.jpeg,real_00149.jpeg,test,real,0,robust,clean,none,3.6217166752180907e-17,0
data\splits\genimage_8000_split_v4\test\real\real_00220.jpeg,real_00220.jpeg,test,real,0,robust,clean,none,1.8885830286308192e-06,0
data\splits\genimage_8000_split_v4\test\real\real_00418.jpeg,real_00418.jpeg,test,real,0,robust,clean,none,1.61952840471713e-07,0
data\splits\genimage_8000_split_v4\test\real\real_00466.jpeg,real_00466.jpeg,test,real,0,robust,clean,none,0.9324800372123718,1
data\splits\genimage_8000_split_v4\test\real\real_00120.jpeg,real_00120.jpeg,test,real,0,robust,clean,none,1.526802122231441e-12,0
data\splits\genimage_8000_split_v4\test\real\real_00139.jpeg,real_00139.jpeg,test,real,0,robust,clean,none,0.03233470395207405,0
data\splits\genimage_8000_split_v4\test\real\real_00589.jpeg,real_00589.jpeg,test,real,0,robust,clean,none,0.8784465789794922,1
data\splits\genimage_8000_split_v4\test\real\real_00276.jpeg,real_00276.jpeg,test,real,0,robust,clean,none,0.2878367006778717,0
data\splits\genimage_8000_split_v4\test\real\real_00377.jpeg,real_00377.jpeg,test,real,0,robust,clean,none,0.0010748514905571938,0
data\splits\genimage_8000_split_v4\test\real\real_00175.jpeg,real_00175.jpeg,test,real,0,robust,clean,none,0.7197253108024597,1
data\splits\genimage_8000_split_v4\test\real\real_00001.jpeg,real_00001.jpeg,test,real,0,robust,clean,none,0.8178724646568298,1
data\splits\genimage_8000_split_v4\test\real\real_00424.jpeg,real_00424.jpeg,test,real,0,robust,clean,none,4.8826203496998843e-11,0
data\splits\genimage_8000_split_v4\test\real\real_00197.jpeg,real_00197.jpeg,test,real,0,robust,clean,none,1.7146697473338635e-12,0
data\splits\genimage_8000_split_v4\test\real\real_00246.jpeg,real_00246.jpeg,test,real,0,robust,clean,none,1.9705878457898507e-06,0
data\splits\genimage_8000_split_v4\test\real\real_00325.jpeg,real_00325.jpeg,test,real,0,robust,clean,none,4.389677997096442e-06,0
data\splits\genimage_8000_split_v4\test\real\real_00150.jpeg,real_00150.jpeg,test,real,0,robust,clean,none,1.1189734294703158e-07,0
data\splits\genimage_8000_split_v4\test\real\real_00501.jpeg,real_00501.jpeg,test,real,0,robust,clean,none,0.00041725169285200536,0
data\splits\genimage_8000_split_v4\test\real\real_00428.jpeg,real_00428.jpeg,test,real,0,robust,clean,none,1.682502988842316e-05,0
data\splits\genimage_8000_split_v4\test\real\real_00222.jpeg,real_00222.jpeg,test,real,0,robust,clean,none,0.00012022448936477304,0
data\splits\genimage_8000_split_v4\test\real\real_00045.jpeg,real_00045.jpeg,test,real,0,robust,clean,none,0.03512666001915932,0
data\splits\genimage_8000_split_v4\test\real\real_00338.jpeg,real_00338.jpeg,test,real,0,robust,clean,none,3.477633435977623e-05,0
data\splits\genimage_8000_split_v4\test\real\real_00390.jpeg,real_00390.jpeg,test,real,0,robust,clean,none,1.5301000644285523e-07,0
data\splits\genimage_8000_split_v4\test\real\real_00062.jpeg,real_00062.jpeg,test,real,0,robust,clean,none,0.0205899216234684,0
data\splits\genimage_8000_split_v4\test\real\real_00426.jpeg,real_00426.jpeg,test,real,0,robust,clean,none,1.098496866802634e-07,0
data\splits\genimage_8000_split_v4\test\real\real_00247.jpeg,real_00247.jpeg,test,real,0,robust,clean,none,0.12555921077728271,0
data\splits\genimage_8000_split_v4\test\real\real_00152.jpeg,real_00152.jpeg,test,real,0,robust,clean,none,0.014917895197868347,0
data\splits\genimage_8000_split_v4\test\real\real_00156.jpeg,real_00156.jpeg,test,real,0,robust,clean,none,0.17510412633419037,0
data\splits\genimage_8000_split_v4\test\real\real_00084.jpeg,real_00084.jpeg,test,real,0,robust,clean,none,0.00021347193978726864,0
data\splits\genimage_8000_split_v4\test\real\real_00212.jpeg,real_00212.jpeg,test,real,0,robust,clean,none,0.0019683917053043842,0
data\splits\genimage_8000_split_v4\test\real\real_00184.jpeg,real_00184.jpeg,test,real,0,robust,clean,none,0.02019210159778595,0
data\splits\genimage_8000_split_v4\test\real\real_00309.jpeg,real_00309.jpeg,test,real,0,robust,clean,none,0.055059436708688736,0
data\splits\genimage_8000_split_v4\test\real\real_00423.jpeg,real_00423.jpeg,test,real,0,robust,clean,none,0.03617219626903534,0
data\splits\genimage_8000_split_v4\test\real\real_00095.jpeg,real_00095.jpeg,test,real,0,robust,clean,none,0.004633075091987848,0
data\splits\genimage_8000_split_v4\test\real\real_00264.jpeg,real_00264.jpeg,test,real,0,robust,clean,none,0.05110114812850952,0
data\splits\genimage_8000_split_v4\test\real\real_00105.jpeg,real_00105.jpeg,test,real,0,robust,clean,none,0.002152768662199378,0
data\splits\genimage_8000_split_v4\test\real\real_00024.jpeg,real_00024.jpeg,test,real,0,robust,clean,none,6.3616102154237875e-21,0
data\splits\genimage_8000_split_v4\test\real\real_00293.jpeg,real_00293.jpeg,test,real,0,robust,clean,none,1.4589877916915128e-11,0
data\splits\genimage_8000_split_v4\test\real\real_00311.jpeg,real_00311.jpeg,test,real,0,robust,clean,none,0.0014379230560734868,0
data\splits\genimage_8000_split_v4\test\real\real_00032.jpeg,real_00032.jpeg,test,real,0,robust,clean,none,0.7560171484947205,1
data\splits\genimage_8000_split_v4\test\real\real_00374.jpeg,real_00374.jpeg,test,real,0,robust,clean,none,4.1279422913730046e-13,0
data\splits\genimage_8000_split_v4\test\real\real_00492.jpeg,real_00492.jpeg,test,real,0,robust,clean,none,1.0001122109290494e-12,0
data\splits\genimage_8000_split_v4\test\real\real_00162.jpeg,real_00162.jpeg,test,real,0,robust,clean,none,0.00012691215670201927,0
data\splits\genimage_8000_split_v4\test\real\real_00588.jpeg,real_00588.jpeg,test,real,0,robust,clean,none,7.867017615126315e-08,0
data\splits\genimage_8000_split_v4\test\real\real_00411.jpeg,real_00411.jpeg,test,real,0,robust,clean,none,8.33209483630526e-08,0
data\splits\genimage_8000_split_v4\test\real\real_00241.jpeg,real_00241.jpeg,test,real,0,robust,clean,none,0.0024318727664649487,0
data\splits\genimage_8000_split_v4\test\real\real_00432.jpeg,real_00432.jpeg,test,real,0,robust,clean,none,0.9846392869949341,1
data\splits\genimage_8000_split_v4\test\real\real_00025.jpeg,real_00025.jpeg,test,real,0,robust,clean,none,0.0032864112872630358,0
data\splits\genimage_8000_split_v4\test\real\real_00079.jpeg,real_00079.jpeg,test,real,0,robust,clean,none,0.02088070660829544,0
data\splits\genimage_8000_split_v4\test\real\real_00351.jpeg,real_00351.jpeg,test,real,0,robust,clean,none,0.3742114007472992,0
data\splits\genimage_8000_split_v4\test\real\real_00590.jpeg,real_00590.jpeg,test,real,0,robust,clean,none,1.0700914638520848e-17,0
data\splits\genimage_8000_split_v4\test\real\real_00240.jpeg,real_00240.jpeg,test,real,0,robust,clean,none,9.454625251237303e-05,0
data\splits\genimage_8000_split_v4\test\real\real_00583.jpeg,real_00583.jpeg,test,real,0,robust,clean,none,0.0002612229436635971,0
data\splits\genimage_8000_split_v4\test\real\real_00116.jpeg,real_00116.jpeg,test,real,0,robust,clean,none,0.052891168743371964,0
data\splits\genimage_8000_split_v4\test\real\real_00081.jpeg,real_00081.jpeg,test,real,0,robust,clean,none,0.0025281489361077547,0
data\splits\genimage_8000_split_v4\test\real\real_00224.jpeg,real_00224.jpeg,test,real,0,robust,clean,none,5.669390156981535e-05,0
data\splits\genimage_8000_split_v4\test\real\real_00372.jpeg,real_00372.jpeg,test,real,0,robust,clean,none,5.82637767365668e-07,0
data\splits\genimage_8000_split_v4\test\real\real_00074.jpeg,real_00074.jpeg,test,real,0,robust,clean,none,0.01606784202158451,0
data\splits\genimage_8000_split_v4\test\real\real_00555.jpeg,real_00555.jpeg,test,real,0,robust,clean,none,3.0072749845899693e-11,0
data\splits\genimage_8000_split_v4\test\real\real_00399.jpeg,real_00399.jpeg,test,real,0,robust,clean,none,3.0456891349228687e-12,0
data\splits\genimage_8000_split_v4\test\real\real_00308.jpeg,real_00308.jpeg,test,real,0,robust,clean,none,0.00942113809287548,0
data\splits\genimage_8000_split_v4\test\real\real_00132.jpeg,real_00132.jpeg,test,real,0,robust,clean,none,0.8156808018684387,1
data\splits\genimage_8000_split_v4\test\real\real_00478.jpeg,real_00478.jpeg,test,real,0,robust,clean,none,6.74899657102275e-14,0
data\splits\genimage_8000_split_v4\test\real\real_00435.jpeg,real_00435.jpeg,test,real,0,robust,clean,none,0.7612411379814148,1
data\splits\genimage_8000_split_v4\test\real\real_00072.jpeg,real_00072.jpeg,test,real,0,robust,clean,none,3.9294012488255703e-10,0
data\splits\genimage_8000_split_v4\test\real\real_00037.jpeg,real_00037.jpeg,test,real,0,robust,clean,none,0.6547042727470398,1
data\splits\genimage_8000_split_v4\test\real\real_00272.jpeg,real_00272.jpeg,test,real,0,robust,clean,none,0.9999239444732666,1
data\splits\genimage_8000_split_v4\test\real\real_00102.jpeg,real_00102.jpeg,test,real,0,robust,clean,none,1.0756685924206977e-06,0
data\splits\genimage_8000_split_v4\test\real\real_00044.jpeg,real_00044.jpeg,test,real,0,robust,clean,none,0.1621914803981781,0
data\splits\genimage_8000_split_v4\test\real\real_00546.jpeg,real_00546.jpeg,test,real,0,robust,clean,none,0.0013902474893257022,0
data\splits\genimage_8000_split_v4\test\real\real_00146.jpeg,real_00146.jpeg,test,real,0,robust,clean,none,6.287695669016102e-06,0
data\splits\genimage_8000_split_v4\test\real\real_00361.jpeg,real_00361.jpeg,test,real,0,robust,clean,none,5.551885919885535e-07,0
data\splits\genimage_8000_split_v4\test\real\real_00498.jpeg,real_00498.jpeg,test,real,0,robust,clean,none,6.144256076368038e-06,0
data\splits\genimage_8000_split_v4\test\real\real_00567.jpeg,real_00567.jpeg,test,real,0,robust,clean,none,8.593116046203345e-14,0
data\splits\genimage_8000_split_v4\test\real\real_00229.jpeg,real_00229.jpeg,test,real,0,robust,clean,none,0.005666819866746664,0
data\splits\genimage_8000_split_v4\test\real\real_00573.jpeg,real_00573.jpeg,test,real,0,robust,clean,none,3.728407635341192e-33,0
data\splits\genimage_8000_split_v4\test\real\real_00452.jpeg,real_00452.jpeg,test,real,0,robust,clean,none,0.00044792797416448593,0
data\splits\genimage_8000_split_v4\test\real\real_00258.jpeg,real_00258.jpeg,test,real,0,robust,clean,none,0.04976697638630867,0
data\splits\genimage_8000_split_v4\test\real\real_00581.jpeg,real_00581.jpeg,test,real,0,robust,clean,none,0.0015981643227860332,0
data\splits\genimage_8000_split_v4\test\real\real_00340.jpeg,real_00340.jpeg,test,real,0,robust,clean,none,0.5878822207450867,1
data\splits\genimage_8000_split_v4\test\real\real_00516.jpeg,real_00516.jpeg,test,real,0,robust,clean,none,2.0954422503835035e-16,0
data\splits\genimage_8000_split_v4\test\real\real_00524.jpeg,real_00524.jpeg,test,real,0,robust,clean,none,0.024087974801659584,0
data\splits\genimage_8000_split_v4\test\real\real_00554.jpeg,real_00554.jpeg,test,real,0,robust,clean,none,0.003286823397502303,0
data\splits\genimage_8000_split_v4\test\real\real_00299.jpeg,real_00299.jpeg,test,real,0,robust,clean,none,3.422875393645119e-36,0
data\splits\genimage_8000_split_v4\test\real\real_00439.jpeg,real_00439.jpeg,test,real,0,robust,clean,none,2.853695878002327e-05,0
data\splits\genimage_8000_split_v4\test\real\real_00166.jpeg,real_00166.jpeg,test,real,0,robust,clean,none,2.8843680222045975e-10,0
data\splits\genimage_8000_split_v4\test\real\real_00392.jpeg,real_00392.jpeg,test,real,0,robust,clean,none,8.323838846990839e-05,0
data\splits\genimage_8000_split_v4\test\real\real_00086.jpeg,real_00086.jpeg,test,real,0,robust,clean,none,0.005115245934575796,0
data\splits\genimage_8000_split_v4\test\real\real_00537.jpeg,real_00537.jpeg,test,real,0,robust,clean,none,0.9927667379379272,1
data\splits\genimage_8000_split_v4\test\real\real_00431.jpeg,real_00431.jpeg,test,real,0,robust,clean,none,1.2133952509429946e-07,0
data\splits\genimage_8000_split_v4\test\real\real_00389.jpeg,real_00389.jpeg,test,real,0,robust,clean,none,0.008090809918940067,0
data\splits\genimage_8000_split_v4\test\real\real_00534.jpeg,real_00534.jpeg,test,real,0,robust,clean,none,8.24906749130605e-07,0
data\splits\genimage_8000_split_v4\test\real\real_00541.jpeg,real_00541.jpeg,test,real,0,robust,clean,none,6.534671350040544e-13,0
data\splits\genimage_8000_split_v4\test\real\real_00094.jpeg,real_00094.jpeg,test,real,0,robust,clean,none,0.9958845973014832,1
data\splits\genimage_8000_split_v4\test\real\real_00226.jpeg,real_00226.jpeg,test,real,0,robust,clean,none,0.7959660291671753,1
data\splits\genimage_8000_split_v4\test\real\real_00200.jpeg,real_00200.jpeg,test,real,0,robust,clean,none,0.0546942763030529,0
data\splits\genimage_8000_split_v4\test\real\real_00330.jpeg,real_00330.jpeg,test,real,0,robust,clean,none,1.403162447344286e-10,0
data\splits\genimage_8000_split_v4\test\real\real_00091.jpeg,real_00091.jpeg,test,real,0,robust,clean,none,1.0,1
data\splits\genimage_8000_split_v4\test\real\real_00472.jpeg,real_00472.jpeg,test,real,0,robust,clean,none,2.904960910769105e-18,0
data\splits\genimage_8000_split_v4\test\real\real_00493.jpeg,real_00493.jpeg,test,real,0,robust,clean,none,1.3552853062037684e-08,0
data\splits\genimage_8000_split_v4\test\real\real_00053.jpeg,real_00053.jpeg,test,real,0,robust,clean,none,0.0005532949580810964,0
data\splits\genimage_8000_split_v4\test\real\real_00298.jpeg,real_00298.jpeg,test,real,0,robust,clean,none,0.1465013474225998,0
data\splits\genimage_8000_split_v4\test\real\real_00366.jpeg,real_00366.jpeg,test,real,0,robust,clean,none,4.533960236585699e-06,0
data\splits\genimage_8000_split_v4\test\real\real_00182.jpeg,real_00182.jpeg,test,real,0,robust,clean,none,1.1775229771283924e-13,0
data\splits\genimage_8000_split_v4\test\real\real_00490.jpeg,real_00490.jpeg,test,real,0,robust,clean,none,2.23999704758171e-05,0
data\splits\genimage_8000_split_v4\test\real\real_00593.jpeg,real_00593.jpeg,test,real,0,robust,clean,none,0.33969414234161377,0
data\splits\genimage_8000_split_v4\test\real\real_00137.jpeg,real_00137.jpeg,test,real,0,robust,clean,none,0.014227633364498615,0
data\splits\genimage_8000_split_v4\test\real\real_00314.jpeg,real_00314.jpeg,test,real,0,robust,clean,none,8.693560812389478e-05,0
data\splits\genimage_8000_split_v4\test\real\real_00471.jpeg,real_00471.jpeg,test,real,0,robust,clean,none,0.006550941150635481,0
data\splits\genimage_8000_split_v4\test\real\real_00365.jpeg,real_00365.jpeg,test,real,0,robust,clean,none,0.009220920503139496,0
data\splits\genimage_8000_split_v4\test\real\real_00042.jpeg,real_00042.jpeg,test,real,0,robust,clean,none,7.058461436991421e-38,0
data\splits\genimage_8000_split_v4\test\real\real_00448.jpeg,real_00448.jpeg,test,real,0,robust,clean,none,0.6179705858230591,1
data\splits\genimage_8000_split_v4\test\real\real_00188.jpeg,real_00188.jpeg,test,real,0,robust,clean,none,1.140920868891726e-08,0
data\splits\genimage_8000_split_v4\test\real\real_00245.jpeg,real_00245.jpeg,test,real,0,robust,clean,none,0.8678542375564575,1
data\splits\genimage_8000_split_v4\test\real\real_00509.jpeg,real_00509.jpeg,test,real,0,robust,clean,none,3.185475899362948e-19,0
data\splits\genimage_8000_split_v4\test\real\real_00265.jpeg,real_00265.jpeg,test,real,0,robust,clean,none,2.5266379566346586e-07,0
data\splits\genimage_8000_split_v4\test\real\real_00443.jpeg,real_00443.jpeg,test,real,0,robust,clean,none,6.15238816923519e-13,0
data\splits\genimage_8000_split_v4\test\real\real_00284.jpeg,real_00284.jpeg,test,real,0,robust,clean,none,5.601140440347763e-09,0
data\splits\genimage_8000_split_v4\test\real\real_00386.jpeg,real_00386.jpeg,test,real,0,robust,clean,none,1.975358591976839e-11,0
data\splits\genimage_8000_split_v4\test\real\real_00548.jpeg,real_00548.jpeg,test,real,0,robust,clean,none,1.9251544546743583e-23,0
data\splits\genimage_8000_split_v4\test\real\real_00487.jpeg,real_00487.jpeg,test,real,0,robust,clean,none,8.00217458163388e-06,0
data\splits\genimage_8000_split_v4\test\real\real_00549.jpeg,real_00549.jpeg,test,real,0,robust,clean,none,0.9996612071990967,1
data\splits\genimage_8000_split_v4\test\real\real_00315.jpeg,real_00315.jpeg,test,real,0,robust,clean,none,7.485322385036852e-06,0
data\splits\genimage_8000_split_v4\test\real\real_00464.jpeg,real_00464.jpeg,test,real,0,robust,clean,none,0.011807650327682495,0
data\splits\genimage_8000_split_v4\test\ai\midjourney_00068.png,midjourney_00068.png,test,midjourney,1,robust,clean,none,0.04272274300456047,0
data\splits\genimage_8000_split_v4\test\ai\vqdm_00062.png,vqdm_00062.png,test,vqdm,1,robust,clean,none,0.8537914752960205,1
data\splits\genimage_8000_split_v4\test\ai\adm_00019.png,adm_00019.png,test,adm,1,robust,clean,none,1.0,1
data\splits\genimage_8000_split_v4\test\ai\midjourney_00077.png,midjourney_00077.png,test,midjourney,1,robust,clean,none,0.08110307902097702,0
data\splits\genimage_8000_split_v4\test\ai\adm_00074.png,adm_00074.png,test,adm,1,robust,clean,none,0.9999997615814209,1
data\splits\genimage_8000_split_v4\test\ai\wukong_00038.png,wukong_00038.png,test,wukong,1,robust,clean,none,0.9999934434890747,1
data\splits\genimage_8000_split_v4\test\ai\biggan_00049.png,biggan_00049.png,test,biggan,1,robust,clean,none,0.9999946355819702,1
data\splits\genimage_8000_split_v4\test\ai\midjourney_00036.png,midjourney_00036.png,test,midjourney,1,robust,clean,none,0.8785063028335571,1
data\splits\genimage_8000_split_v4\test\ai\glide_00074.png,glide_00074.png,test,glide,1,robust,clean,none,0.9071695804595947,1
data\splits\genimage_8000_split_v4\test\ai\sdv5_00043.png,sdv5_00043.png,test,sdv5,1,robust,clean,none,0.7783281803131104,1
data\splits\genimage_8000_split_v4\test\ai\wukong_00067.png,wukong_00067.png,test,wukong,1,robust,clean,none,0.9999998807907104,1
data\splits\genimage_8000_split_v4\test\ai\vqdm_00041.png,vqdm_00041.png,test,vqdm,1,robust,clean,none,0.9954068660736084,1
data\splits\genimage_8000_split_v4\test\ai\wukong_00066.png,wukong_00066.png,test,wukong,1,robust,clean,none,0.5826794505119324,1
data\splits\genimage_8000_split_v4\test\ai\vqdm_00061.png,vqdm_00061.png,test,vqdm,1,robust,clean,none,1.0,1
data\splits\genimage_8000_split_v4\test\ai\biggan_00010.png,biggan_00010.png,test,biggan,1,robust,clean,none,0.9996114373207092,1
data\splits\genimage_8000_split_v4\test\ai\midjourney_00011.png,midjourney_00011.png,test,midjourney,1,robust,clean,none,0.9999984502792358,1
data\splits\genimage_8000_split_v4\test\ai\adm_00067.png,adm_00067.png,test,adm,1,robust,clean,none,0.9999868869781494,1
data\splits\genimage_8000_split_v4\test\ai\adm_00063.png,adm_00063.png,test,adm,1,robust,clean,none,0.9999957084655762,1
data\splits\genimage_8000_split_v4\test\ai\wukong_00015.png,wukong_00015.png,test,wukong,1,robust,clean,none,0.9981783628463745,1
data\splits\genimage_8000_split_v4\test\ai\vqdm_00004.png,vqdm_00004.png,test,vqdm,1,robust,clean,none,0.9260258674621582,1
data\splits\genimage_8000_split_v4\test\ai\midjourney_00005.png,midjourney_00005.png,test,midjourney,1,robust,clean,none,0.5010969638824463,1
data\splits\genimage_8000_split_v4\test\ai\adm_00014.png,adm_00014.png,test,adm,1,robust,clean,none,1.0,1
data\splits\genimage_8000_split_v4\test\ai\glide_00069.png,glide_00069.png,test,glide,1,robust,clean,none,0.9326386451721191,1
data\splits\genimage_8000_split_v4\test\ai\vqdm_00010.png,vqdm_00010.png,test,vqdm,1,robust,clean,none,1.0,1
data\splits\genimage_8000_split_v4\test\ai\sdv5_00046.png,sdv5_00046.png,test,sdv5,1,robust,clean,none,0.9999997615814209,1
data\splits\genimage_8000_split_v4\test\ai\wukong_00023.png,wukong_00023.png,test,wukong,1,robust,clean,none,0.9097753167152405,1
data\splits\genimage_8000_split_v4\test\ai\midjourney_00074.png,midjourney_00074.png,test,midjourney,1,robust,clean,none,0.30636417865753174,0
data\splits\genimage_8000_split_v4\test\ai\midjourney_00039.png,midjourney_00039.png,test,midjourney,1,robust,clean,none,0.3960323929786682,0
data\splits\genimage_8000_split_v4\test\ai\vqdm_00024.png,vqdm_00024.png,test,vqdm,1,robust,clean,none,0.9999557733535767,1
data\splits\genimage_8000_split_v4\test\ai\wukong_00075.png,wukong_00075.png,test,wukong,1,robust,clean,none,0.996170699596405,1
data\splits\genimage_8000_split_v4\test\ai\biggan_00050.png,biggan_00050.png,test,biggan,1,robust,clean,none,0.9892346858978271,1
data\splits\genimage_8000_split_v4\test\ai\midjourney_00059.png,midjourney_00059.png,test,midjourney,1,robust,clean,none,0.48443183302879333,0
data\splits\genimage_8000_split_v4\test\ai\biggan_00029.png,biggan_00029.png,test,biggan,1,robust,clean,none,0.9730474352836609,1
data\splits\genimage_8000_split_v4\test\ai\sdv5_00039.png,sdv5_00039.png,test,sdv5,1,robust,clean,none,0.9999678134918213,1
data\splits\genimage_8000_split_v4\test\ai\glide_00061.png,glide_00061.png,test,glide,1,robust,clean,none,0.42758581042289734,0
data\splits\genimage_8000_split_v4\test\ai\biggan_00012.png,biggan_00012.png,test,biggan,1,robust,clean,none,0.9999687671661377,1
data\splits\genimage_8000_split_v4\test\ai\biggan_00080.png,biggan_00080.png,test,biggan,1,robust,clean,none,0.9999829530715942,1
data\splits\genimage_8000_split_v4\test\ai\glide_00053.png,glide_00053.png,test,glide,1,robust,clean,none,0.8645972609519958,1
data\splits\genimage_8000_split_v4\test\ai\vqdm_00006.png,vqdm_00006.png,test,vqdm,1,robust,clean,none,0.9677042365074158,1
data\splits\genimage_8000_split_v4\test\ai\adm_00023.png,adm_00023.png,test,adm,1,robust,clean,none,1.0,1
data\splits\genimage_8000_split_v4\test\ai\sdv5_00054.png,sdv5_00054.png,test,sdv5,1,robust,clean,none,1.0,1
data\splits\genimage_8000_split_v4\test\ai\midjourney_00021.png,midjourney_00021.png,test,midjourney,1,robust,clean,none,0.9928522706031799,1
data\splits\genimage_8000_split_v4\test\ai\vqdm_00065.png,vqdm_00065.png,test,vqdm,1,robust,clean,none,0.34345969557762146,0
data\splits\genimage_8000_split_v4\test\ai\biggan_00055.png,biggan_00055.png,test,biggan,1,robust,clean,none,0.9999997615814209,1
data\splits\genimage_8000_split_v4\test\ai\wukong_00003.png,wukong_00003.png,test,wukong,1,robust,clean,none,0.9999833106994629,1
data\splits\genimage_8000_split_v4\test\ai\biggan_00022.png,biggan_00022.png,test,biggan,1,robust,clean,none,0.9998999834060669,1
data\splits\genimage_8000_split_v4\test\ai\biggan_00081.png,biggan_00081.png,test,biggan,1,robust,clean,none,0.7045839428901672,1
data\splits\genimage_8000_split_v4\test\ai\vqdm_00049.png,vqdm_00049.png,test,vqdm,1,robust,clean,none,0.9999994039535522,1
data\splits\genimage_8000_split_v4\test\ai\sdv5_00076.png,sdv5_00076.png,test,sdv5,1,robust,clean,none,1.0,1
data\splits\genimage_8000_split_v4\test\ai\vqdm_00011.png,vqdm_00011.png,test,vqdm,1,robust,clean,none,0.9923680424690247,1
data\splits\genimage_8000_split_v4\test\ai\adm_00039.png,adm_00039.png,test,adm,1,robust,clean,none,1.0,1
data\splits\genimage_8000_split_v4\test\ai\glide_00023.png,glide_00023.png,test,glide,1,robust,clean,none,0.9826948046684265,1
data\splits\genimage_8000_split_v4\test\ai\sdv5_00063.png,sdv5_00063.png,test,sdv5,1,robust,clean,none,0.9999562501907349,1
data\splits\genimage_8000_split_v4\test\ai\biggan_00059.png,biggan_00059.png,test,biggan,1,robust,clean,none,0.9996967315673828,1
data\splits\genimage_8000_split_v4\test\ai\glide_00015.png,glide_00015.png,test,glide,1,robust,clean,none,0.9077031016349792,1
data\splits\genimage_8000_split_v4\test\ai\wukong_00047.png,wukong_00047.png,test,wukong,1,robust,clean,none,0.4791102409362793,0
data\splits\genimage_8000_split_v4\test\ai\vqdm_00037.png,vqdm_00037.png,test,vqdm,1,robust,clean,none,0.9993523955345154,1
data\splits\genimage_8000_split_v4\test\ai\wukong_00080.png,wukong_00080.png,test,wukong,1,robust,clean,none,1.0,1
data\splits\genimage_8000_split_v4\test\ai\midjourney_00076.png,midjourney_00076.png,test,midjourney,1,robust,clean,none,0.9999622106552124,1
data\splits\genimage_8000_split_v4\test\ai\sdv5_00061.png,sdv5_00061.png,test,sdv5,1,robust,clean,none,1.0,1
data\splits\genimage_8000_split_v4\test\ai\adm_00029.png,adm_00029.png,test,adm,1,robust,clean,none,1.0,1
data\splits\genimage_8000_split_v4\test\ai\glide_00039.png,glide_00039.png,test,glide,1,robust,clean,none,1.0,1
data\splits\genimage_8000_split_v4\test\ai\adm_00072.png,adm_00072.png,test,adm,1,robust,clean,none,0.999957799911499,1
data\splits\genimage_8000_split_v4\test\ai\sdv5_00051.png,sdv5_00051.png,test,sdv5,1,robust,clean,none,1.0,1
data\splits\genimage_8000_split_v4\test\ai\sdv5_00066.png,sdv5_00066.png,test,sdv5,1,robust,clean,none,0.9054201245307922,1
data\splits\genimage_8000_split_v4\test\ai\midjourney_00078.png,midjourney_00078.png,test,midjourney,1,robust,clean,none,0.9999352693557739,1
data\splits\genimage_8000_split_v4\test\ai\vqdm_00017.png,vqdm_00017.png,test,vqdm,1,robust,clean,none,0.9087451100349426,1
data\splits\genimage_8000_split_v4\test\ai\sdv5_00073.png,sdv5_00073.png,test,sdv5,1,robust,clean,none,0.9999992847442627,1
data\splits\genimage_8000_split_v4\test\ai\midjourney_00045.png,midjourney_00045.png,test,midjourney,1,robust,clean,none,0.9999690055847168,1
data\splits\genimage_8000_split_v4\test\ai\vqdm_00073.png,vqdm_00073.png,test,vqdm,1,robust,clean,none,0.9086196422576904,1
data\splits\genimage_8000_split_v4\test\ai\sdv5_00008.png,sdv5_00008.png,test,sdv5,1,robust,clean,none,0.9999792575836182,1
data\splits\genimage_8000_split_v4\test\ai\midjourney_00061.png,midjourney_00061.png,test,midjourney,1,robust,clean,none,0.004258334171026945,0
data\splits\genimage_8000_split_v4\test\ai\adm_00015.png,adm_00015.png,test,adm,1,robust,clean,none,1.0,1
data\splits\genimage_8000_split_v4\test\ai\vqdm_00068.png,vqdm_00068.png,test,vqdm,1,robust,clean,none,0.9510234594345093,1
data\splits\genimage_8000_split_v4\test\ai\midjourney_00053.png,midjourney_00053.png,test,midjourney,1,robust,clean,none,1.0,1
data\splits\genimage_8000_split_v4\test\ai\sdv5_00050.png,sdv5_00050.png,test,sdv5,1,robust,clean,none,0.9999687671661377,1
data\splits\genimage_8000_split_v4\test\ai\glide_00050.png,glide_00050.png,test,glide,1,robust,clean,none,1.0,1
data\splits\genimage_8000_split_v4\test\ai\midjourney_00069.png,midjourney_00069.png,test,midjourney,1,robust,clean,none,0.9225717186927795,1
data\splits\genimage_8000_split_v4\test\ai\glide_00038.png,glide_00038.png,test,glide,1,robust,clean,none,0.9999996423721313,1
data\splits\genimage_8000_split_v4\test\ai\biggan_00011.png,biggan_00011.png,test,biggan,1,robust,clean,none,0.6165942549705505,1
data\splits\genimage_8000_split_v4\test\ai\biggan_00082.png,biggan_00082.png,test,biggan,1,robust,clean,none,0.9734160900115967,1
data\splits\genimage_8000_split_v4\test\ai\wukong_00005.png,wukong_00005.png,test,wukong,1,robust,clean,none,0.9999995231628418,1
data\splits\genimage_8000_split_v4\test\ai\wukong_00014.png,wukong_00014.png,test,wukong,1,robust,clean,none,0.9994331002235413,1
data\splits\genimage_8000_split_v4\test\ai\midjourney_00071.png,midjourney_00071.png,test,midjourney,1,robust,clean,none,9.517420096472051e-08,0
data\splits\genimage_8000_split_v4\test\ai\midjourney_00009.png,midjourney_00009.png,test,midjourney,1,robust,clean,none,0.9100106358528137,1
data\splits\genimage_8000_split_v4\test\ai\midjourney_00044.png,midjourney_00044.png,test,midjourney,1,robust,clean,none,0.9963847398757935,1
data\splits\genimage_8000_split_v4\test\ai\biggan_00017.png,biggan_00017.png,test,biggan,1,robust,clean,none,0.9999433755874634,1
data\splits\genimage_8000_split_v4\test\ai\glide_00082.png,glide_00082.png,test,glide,1,robust,clean,none,0.9999626874923706,1
data\splits\genimage_8000_split_v4\test\ai\glide_00037.png,glide_00037.png,test,glide,1,robust,clean,none,0.9992268085479736,1
data\splits\genimage_8000_split_v4\test\ai\adm_00027.png,adm_00027.png,test,adm,1,robust,clean,none,0.9999991655349731,1
data\splits\genimage_8000_split_v4\test\ai\midjourney_00024.png,midjourney_00024.png,test,midjourney,1,robust,clean,none,1.0,1
data\splits\genimage_8000_split_v4\test\ai\glide_00033.png,glide_00033.png,test,glide,1,robust,clean,none,1.0,1
data\splits\genimage_8000_split_v4\test\ai\midjourney_00007.png,midjourney_00007.png,test,midjourney,1,robust,clean,none,0.9998602867126465,1
data\splits\genimage_8000_split_v4\test\ai\sdv5_00072.png,sdv5_00072.png,test,sdv5,1,robust,clean,none,0.9951813817024231,1
data\splits\genimage_8000_split_v4\test\ai\wukong_00022.png,wukong_00022.png,test,wukong,1,robust,clean,none,0.9999995231628418,1
data\splits\genimage_8000_split_v4\test\ai\vqdm_00032.png,vqdm_00032.png,test,vqdm,1,robust,clean,none,0.20643997192382812,0
data\splits\genimage_8000_split_v4\test\ai\glide_00009.png,glide_00009.png,test,glide,1,robust,clean,none,1.0,1
data\splits\genimage_8000_split_v4\test\ai\biggan_00030.png,biggan_00030.png,test,biggan,1,robust,clean,none,0.9915772676467896,1
data\splits\genimage_8000_split_v4\test\ai\wukong_00057.png,wukong_00057.png,test,wukong,1,robust,clean,none,0.9999752044677734,1
data\splits\genimage_8000_split_v4\test\ai\adm_00079.png,adm_00079.png,test,adm,1,robust,clean,none,1.0,1
data\splits\genimage_8000_split_v4\test\ai\vqdm_00031.png,vqdm_00031.png,test,vqdm,1,robust,clean,none,0.9993471503257751,1
data\splits\genimage_8000_split_v4\test\ai\glide_00010.png,glide_00010.png,test,glide,1,robust,clean,none,1.0,1
data\splits\genimage_8000_split_v4\test\ai\wukong_00009.png,wukong_00009.png,test,wukong,1,robust,clean,none,0.9990271329879761,1
data\splits\genimage_8000_split_v4\test\ai\glide_00013.png,glide_00013.png,test,glide,1,robust,clean,none,0.9974512457847595,1
data\splits\genimage_8000_split_v4\test\ai\vqdm_00023.png,vqdm_00023.png,test,vqdm,1,robust,clean,none,0.27810707688331604,0
data\splits\genimage_8000_split_v4\test\ai\sdv5_00011.png,sdv5_00011.png,test,sdv5,1,robust,clean,none,0.9999125003814697,1
data\splits\genimage_8000_split_v4\test\ai\sdv5_00047.png,sdv5_00047.png,test,sdv5,1,robust,clean,none,1.0,1
data\splits\genimage_8000_split_v4\test\ai\sdv5_00009.png,sdv5_00009.png,test,sdv5,1,robust,clean,none,0.9768757820129395,1
data\splits\genimage_8000_split_v4\test\ai\sdv5_00010.png,sdv5_00010.png,test,sdv5,1,robust,clean,none,0.9999929666519165,1
data\splits\genimage_8000_split_v4\test\ai\glide_00076.png,glide_00076.png,test,glide,1,robust,clean,none,0.9999998807907104,1
data\splits\genimage_8000_split_v4\test\ai\adm_00081.png,adm_00081.png,test,adm,1,robust,clean,none,0.9999998807907104,1
data\splits\genimage_8000_split_v4\test\ai\sdv5_00023.png,sdv5_00023.png,test,sdv5,1,robust,clean,none,0.9999995231628418,1
data\splits\genimage_8000_split_v4\test\ai\biggan_00003.png,biggan_00003.png,test,biggan,1,robust,clean,none,0.9999022483825684,1
data\splits\genimage_8000_split_v4\test\ai\wukong_00061.png,wukong_00061.png,test,wukong,1,robust,clean,none,0.8661458492279053,1
data\splits\genimage_8000_split_v4\test\ai\adm_00085.png,adm_00085.png,test,adm,1,robust,clean,none,0.9332093000411987,1
data\splits\genimage_8000_split_v4\test\ai\midjourney_00014.png,midjourney_00014.png,test,midjourney,1,robust,clean,none,0.9985080361366272,1
data\splits\genimage_8000_split_v4\test\ai\vqdm_00042.png,vqdm_00042.png,test,vqdm,1,robust,clean,none,0.9987602233886719,1
data\splits\genimage_8000_split_v4\test\ai\wukong_00076.png,wukong_00076.png,test,wukong,1,robust,clean,none,0.9999933242797852,1
data\splits\genimage_8000_split_v4\test\ai\vqdm_00035.png,vqdm_00035.png,test,vqdm,1,robust,clean,none,0.05506192147731781,0
data\splits\genimage_8000_split_v4\test\ai\sdv5_00037.png,sdv5_00037.png,test,sdv5,1,robust,clean,none,0.3131624758243561,0
data\splits\genimage_8000_split_v4\test\ai\biggan_00000.png,biggan_00000.png,test,biggan,1,robust,clean,none,1.0,1
data\splits\genimage_8000_split_v4\test\ai\sdv5_00053.png,sdv5_00053.png,test,sdv5,1,robust,clean,none,1.0,1
data\splits\genimage_8000_split_v4\test\ai\midjourney_00034.png,midjourney_00034.png,test,midjourney,1,robust,clean,none,0.9999901056289673,1
data\splits\genimage_8000_split_v4\test\ai\wukong_00033.png,wukong_00033.png,test,wukong,1,robust,clean,none,0.9999301433563232,1
data\splits\genimage_8000_split_v4\test\ai\glide_00011.png,glide_00011.png,test,glide,1,robust,clean,none,0.9999977350234985,1
data\splits\genimage_8000_split_v4\test\ai\glide_00008.png,glide_00008.png,test,glide,1,robust,clean,none,0.9739429950714111,1
data\splits\genimage_8000_split_v4\test\ai\adm_00044.png,adm_00044.png,test,adm,1,robust,clean,none,0.9902999401092529,1
data\splits\genimage_8000_split_v4\test\ai\sdv5_00029.png,sdv5_00029.png,test,sdv5,1,robust,clean,none,0.9999972581863403,1
data\splits\genimage_8000_split_v4\test\ai\sdv5_00081.png,sdv5_00081.png,test,sdv5,1,robust,clean,none,0.9982550740242004,1
data\splits\genimage_8000_split_v4\test\ai\sdv5_00040.png,sdv5_00040.png,test,sdv5,1,robust,clean,none,0.021967025473713875,0
data\splits\genimage_8000_split_v4\test\ai\adm_00042.png,adm_00042.png,test,adm,1,robust,clean,none,0.9999994039535522,1
data\splits\genimage_8000_split_v4\test\ai\sdv5_00059.png,sdv5_00059.png,test,sdv5,1,robust,clean,none,0.9636524319648743,1
data\splits\genimage_8000_split_v4\test\ai\wukong_00017.png,wukong_00017.png,test,wukong,1,robust,clean,none,1.0,1
data\splits\genimage_8000_split_v4\test\ai\wukong_00058.png,wukong_00058.png,test,wukong,1,robust,clean,none,1.0,1
data\splits\genimage_8000_split_v4\test\ai\adm_00086.png,adm_00086.png,test,adm,1,robust,clean,none,1.0,1
data\splits\genimage_8000_split_v4\test\ai\midjourney_00049.png,midjourney_00049.png,test,midjourney,1,robust,clean,none,0.9989156723022461,1
data\splits\genimage_8000_split_v4\test\ai\midjourney_00065.png,midjourney_00065.png,test,midjourney,1,robust,clean,none,1.0,1
data\splits\genimage_8000_split_v4\test\ai\midjourney_00006.png,midjourney_00006.png,test,midjourney,1,robust,clean,none,0.981907069683075,1
data\splits\genimage_8000_split_v4\test\ai\wukong_00079.png,wukong_00079.png,test,wukong,1,robust,clean,none,0.9999624490737915,1
data\splits\genimage_8000_split_v4\test\ai\sdv5_00085.png,sdv5_00085.png,test,sdv5,1,robust,clean,none,1.0,1
data\splits\genimage_8000_split_v4\test\ai\sdv5_00065.png,sdv5_00065.png,test,sdv5,1,robust,clean,none,0.9999933242797852,1
data\splits\genimage_8000_split_v4\test\ai\wukong_00037.png,wukong_00037.png,test,wukong,1,robust,clean,none,0.9994995594024658,1
data\splits\genimage_8000_split_v4\test\ai\biggan_00032.png,biggan_00032.png,test,biggan,1,robust,clean,none,0.9972363710403442,1
data\splits\genimage_8000_split_v4\test\ai\wukong_00011.png,wukong_00011.png,test,wukong,1,robust,clean,none,1.0,1
data\splits\genimage_8000_split_v4\test\ai\biggan_00053.png,biggan_00053.png,test,biggan,1,robust,clean,none,1.0,1
data\splits\genimage_8000_split_v4\test\ai\sdv5_00005.png,sdv5_00005.png,test,sdv5,1,robust,clean,none,1.0,1
data\splits\genimage_8000_split_v4\test\ai\adm_00057.png,adm_00057.png,test,adm,1,robust,clean,none,0.999998927116394,1
data\splits\genimage_8000_split_v4\test\ai\wukong_00024.png,wukong_00024.png,test,wukong,1,robust,clean,none,0.9998610019683838,1
data\splits\genimage_8000_split_v4\test\ai\glide_00056.png,glide_00056.png,test,glide,1,robust,clean,none,1.0,1
data\splits\genimage_8000_split_v4\test\ai\adm_00004.png,adm_00004.png,test,adm,1,robust,clean,none,1.0,1
data\splits\genimage_8000_split_v4\test\ai\midjourney_00081.png,midjourney_00081.png,test,midjourney,1,robust,clean,none,2.1431535060401075e-05,0
data\splits\genimage_8000_split_v4\test\ai\sdv5_00083.png,sdv5_00083.png,test,sdv5,1,robust,clean,none,0.6837262511253357,1
data\splits\genimage_8000_split_v4\test\ai\glide_00042.png,glide_00042.png,test,glide,1,robust,clean,none,0.9777573943138123,1
data\splits\genimage_8000_split_v4\test\ai\glide_00029.png,glide_00029.png,test,glide,1,robust,clean,none,0.999789297580719,1
data\splits\genimage_8000_split_v4\test\ai\vqdm_00022.png,vqdm_00022.png,test,vqdm,1,robust,clean,none,0.9998651742935181,1
data\splits\genimage_8000_split_v4\test\ai\adm_00007.png,adm_00007.png,test,adm,1,robust,clean,none,1.0,1
data\splits\genimage_8000_split_v4\test\ai\vqdm_00082.png,vqdm_00082.png,test,vqdm,1,robust,clean,none,0.6454086899757385,1
data\splits\genimage_8000_split_v4\test\ai\glide_00052.png,glide_00052.png,test,glide,1,robust,clean,none,0.9980839490890503,1
data\splits\genimage_8000_split_v4\test\ai\adm_00066.png,adm_00066.png,test,adm,1,robust,clean,none,0.9996422529220581,1
data\splits\genimage_8000_split_v4\test\ai\sdv5_00026.png,sdv5_00026.png,test,sdv5,1,robust,clean,none,0.10793092101812363,0
data\splits\genimage_8000_split_v4\test\ai\wukong_00004.png,wukong_00004.png,test,wukong,1,robust,clean,none,1.0,1
data\splits\genimage_8000_split_v4\test\ai\wukong_00034.png,wukong_00034.png,test,wukong,1,robust,clean,none,0.999923586845398,1
data\splits\genimage_8000_split_v4\test\ai\adm_00073.png,adm_00073.png,test,adm,1,robust,clean,none,1.0,1
data\splits\genimage_8000_split_v4\test\ai\sdv5_00056.png,sdv5_00056.png,test,sdv5,1,robust,clean,none,0.9996091723442078,1
data\splits\genimage_8000_split_v4\test\ai\adm_00050.png,adm_00050.png,test,adm,1,robust,clean,none,0.9999945163726807,1
data\splits\genimage_8000_split_v4\test\ai\biggan_00004.png,biggan_00004.png,test,biggan,1,robust,clean,none,0.9992964267730713,1
data\splits\genimage_8000_split_v4\test\ai\midjourney_00063.png,midjourney_00063.png,test,midjourney,1,robust,clean,none,0.9999483823776245,1
data\splits\genimage_8000_split_v4\test\ai\glide_00007.png,glide_00007.png,test,glide,1,robust,clean,none,0.7257133722305298,1
data\splits\genimage_8000_split_v4\test\ai\vqdm_00059.png,vqdm_00059.png,test,vqdm,1,robust,clean,none,0.913833737373352,1
data\splits\genimage_8000_split_v4\test\ai\midjourney_00051.png,midjourney_00051.png,test,midjourney,1,robust,clean,none,0.010197443887591362,0
data\splits\genimage_8000_split_v4\test\ai\adm_00040.png,adm_00040.png,test,adm,1,robust,clean,none,0.9973787069320679,1
data\splits\genimage_8000_split_v4\test\ai\vqdm_00046.png,vqdm_00046.png,test,vqdm,1,robust,clean,none,0.04547727480530739,0
data\splits\genimage_8000_split_v4\test\ai\glide_00071.png,glide_00071.png,test,glide,1,robust,clean,none,0.9900063872337341,1
data\splits\genimage_8000_split_v4\test\ai\midjourney_00040.png,midjourney_00040.png,test,midjourney,1,robust,clean,none,0.9717464447021484,1
data\splits\genimage_8000_split_v4\test\ai\biggan_00056.png,biggan_00056.png,test,biggan,1,robust,clean,none,0.9998705387115479,1
data\splits\genimage_8000_split_v4\test\ai\wukong_00030.png,wukong_00030.png,test,wukong,1,robust,clean,none,0.9795743227005005,1
data\splits\genimage_8000_split_v4\test\ai\adm_00045.png,adm_00045.png,test,adm,1,robust,clean,none,1.0,1
data\splits\genimage_8000_split_v4\test\ai\vqdm_00069.png,vqdm_00069.png,test,vqdm,1,robust,clean,none,0.7871158719062805,1
data\splits\genimage_8000_split_v4\test\ai\sdv5_00013.png,sdv5_00013.png,test,sdv5,1,robust,clean,none,0.957252025604248,1
data\splits\genimage_8000_split_v4\test\ai\adm_00058.png,adm_00058.png,test,adm,1,robust,clean,none,0.9999979734420776,1
data\splits\genimage_8000_split_v4\test\ai\biggan_00037.png,biggan_00037.png,test,biggan,1,robust,clean,none,1.0,1
data\splits\genimage_8000_split_v4\test\ai\vqdm_00039.png,vqdm_00039.png,test,vqdm,1,robust,clean,none,0.9999935626983643,1
data\splits\genimage_8000_split_v4\test\ai\sdv5_00034.png,sdv5_00034.png,test,sdv5,1,robust,clean,none,0.9997081160545349,1
data\splits\genimage_8000_split_v4\test\ai\glide_00047.png,glide_00047.png,test,glide,1,robust,clean,none,0.9340060353279114,1
data\splits\genimage_8000_split_v4\test\ai\biggan_00063.png,biggan_00063.png,test,biggan,1,robust,clean,none,1.0,1
data\splits\genimage_8000_split_v4\test\ai\glide_00045.png,glide_00045.png,test,glide,1,robust,clean,none,0.9993932247161865,1
data\splits\genimage_8000_split_v4\test\ai\wukong_00027.png,wukong_00027.png,test,wukong,1,robust,clean,none,0.9993802309036255,1
data\splits\genimage_8000_split_v4\test\ai\vqdm_00027.png,vqdm_00027.png,test,vqdm,1,robust,clean,none,0.12681804597377777,0
data\splits\genimage_8000_split_v4\test\ai\glide_00024.png,glide_00024.png,test,glide,1,robust,clean,none,0.9999985694885254,1
data\splits\genimage_8000_split_v4\test\ai\wukong_00085.png,wukong_00085.png,test,wukong,1,robust,clean,none,0.9978353381156921,1
data\splits\genimage_8000_split_v4\test\ai\glide_00043.png,glide_00043.png,test,glide,1,robust,clean,none,0.9999858140945435,1
data\splits\genimage_8000_split_v4\test\ai\vqdm_00055.png,vqdm_00055.png,test,vqdm,1,robust,clean,none,0.9988288283348083,1
data\splits\genimage_8000_split_v4\test\ai\midjourney_00057.png,midjourney_00057.png,test,midjourney,1,robust,clean,none,0.9997578263282776,1
data\splits\genimage_8000_split_v4\test\ai\wukong_00062.png,wukong_00062.png,test,wukong,1,robust,clean,none,0.987133800983429,1
data\splits\genimage_8000_split_v4\test\ai\sdv5_00007.png,sdv5_00007.png,test,sdv5,1,robust,clean,none,1.0,1
data\splits\genimage_8000_split_v4\test\ai\biggan_00043.png,biggan_00043.png,test,biggan,1,robust,clean,none,0.16470111906528473,0
data\splits\genimage_8000_split_v4\test\ai\adm_00083.png,adm_00083.png,test,adm,1,robust,clean,none,1.0,1
data\splits\genimage_8000_split_v4\test\ai\adm_00052.png,adm_00052.png,test,adm,1,robust,clean,none,1.0,1
data\splits\genimage_8000_split_v4\test\ai\wukong_00032.png,wukong_00032.png,test,wukong,1,robust,clean,none,0.9998648166656494,1
data\splits\genimage_8000_split_v4\test\ai\midjourney_00047.png,midjourney_00047.png,test,midjourney,1,robust,clean,none,0.9999998807907104,1
data\splits\genimage_8000_split_v4\test\ai\midjourney_00072.png,midjourney_00072.png,test,midjourney,1,robust,clean,none,0.9931017160415649,1
data\splits\genimage_8000_split_v4\test\ai\wukong_00010.png,wukong_00010.png,test,wukong,1,robust,clean,none,0.9999945163726807,1
data\splits\genimage_8000_split_v4\test\ai\sdv5_00021.png,sdv5_00021.png,test,sdv5,1,robust,clean,none,0.9467306137084961,1
data\splits\genimage_8000_split_v4\test\ai\biggan_00009.png,biggan_00009.png,test,biggan,1,robust,clean,none,0.9999966621398926,1
data\splits\genimage_8000_split_v4\test\ai\wukong_00043.png,wukong_00043.png,test,wukong,1,robust,clean,none,1.0,1
data\splits\genimage_8000_split_v4\test\ai\vqdm_00034.png,vqdm_00034.png,test,vqdm,1,robust,clean,none,0.9999886751174927,1
data\splits\genimage_8000_split_v4\test\ai\biggan_00023.png,biggan_00023.png,test,biggan,1,robust,clean,none,0.9964009523391724,1
data\splits\genimage_8000_split_v4\test\ai\glide_00080.png,glide_00080.png,test,glide,1,robust,clean,none,0.9903630614280701,1
data\splits\genimage_8000_split_v4\test\ai\midjourney_00008.png,midjourney_00008.png,test,midjourney,1,robust,clean,none,0.9492158889770508,1
data\splits\genimage_8000_split_v4\test\ai\biggan_00024.png,biggan_00024.png,test,biggan,1,robust,clean,none,1.0,1
data\splits\genimage_8000_split_v4\test\ai\midjourney_00002.png,midjourney_00002.png,test,midjourney,1,robust,clean,none,0.990581750869751,1
data\splits\genimage_8000_split_v4\test\ai\midjourney_00000.png,midjourney_00000.png,test,midjourney,1,robust,clean,none,0.9765260815620422,1
data\splits\genimage_8000_split_v4\test\ai\adm_00084.png,adm_00084.png,test,adm,1,robust,clean,none,1.0,1
data\splits\genimage_8000_split_v4\test\ai\biggan_00042.png,biggan_00042.png,test,biggan,1,robust,clean,none,0.999998927116394,1
data\splits\genimage_8000_split_v4\test\ai\wukong_00018.png,wukong_00018.png,test,wukong,1,robust,clean,none,0.9999926090240479,1
data\splits\genimage_8000_split_v4\test\ai\vqdm_00021.png,vqdm_00021.png,test,vqdm,1,robust,clean,none,0.9999996423721313,1
data\splits\genimage_8000_split_v4\test\ai\sdv5_00057.png,sdv5_00057.png,test,sdv5,1,robust,clean,none,0.9989492297172546,1
data\splits\genimage_8000_split_v4\test\ai\midjourney_00029.png,midjourney_00029.png,test,midjourney,1,robust,clean,none,0.6857584714889526,1
data\splits\genimage_8000_split_v4\test\ai\sdv5_00004.png,sdv5_00004.png,test,sdv5,1,robust,clean,none,0.9997510313987732,1
data\splits\genimage_8000_split_v4\test\ai\wukong_00063.png,wukong_00063.png,test,wukong,1,robust,clean,none,0.9764106869697571,1
data\splits\genimage_8000_split_v4\test\ai\glide_00057.png,glide_00057.png,test,glide,1,robust,clean,none,0.9996553659439087,1
data\splits\genimage_8000_split_v4\test\ai\wukong_00074.png,wukong_00074.png,test,wukong,1,robust,clean,none,0.1784755289554596,0
data\splits\genimage_8000_split_v4\test\ai\adm_00070.png,adm_00070.png,test,adm,1,robust,clean,none,0.9896928668022156,1
data\splits\genimage_8000_split_v4\test\ai\midjourney_00018.png,midjourney_00018.png,test,midjourney,1,robust,clean,none,0.9889628291130066,1
data\splits\genimage_8000_split_v4\test\ai\vqdm_00081.png,vqdm_00081.png,test,vqdm,1,robust,clean,none,0.39690765738487244,0
data\splits\genimage_8000_split_v4\test\ai\vqdm_00075.png,vqdm_00075.png,test,vqdm,1,robust,clean,none,0.8051716089248657,1
data\splits\genimage_8000_split_v4\test\ai\glide_00059.png,glide_00059.png,test,glide,1,robust,clean,none,0.9999734163284302,1
data\splits\genimage_8000_split_v4\test\ai\vqdm_00002.png,vqdm_00002.png,test,vqdm,1,robust,clean,none,0.9862943291664124,1
data\splits\genimage_8000_split_v4\test\ai\biggan_00045.png,biggan_00045.png,test,biggan,1,robust,clean,none,1.0,1
data\splits\genimage_8000_split_v4\test\ai\sdv5_00075.png,sdv5_00075.png,test,sdv5,1,robust,clean,none,0.9997615218162537,1
data\splits\genimage_8000_split_v4\test\ai\sdv5_00055.png,sdv5_00055.png,test,sdv5,1,robust,clean,none,0.03750869259238243,0
data\splits\genimage_8000_split_v4\test\ai\wukong_00013.png,wukong_00013.png,test,wukong,1,robust,clean,none,1.0,1
data\splits\genimage_8000_split_v4\test\ai\adm_00068.png,adm_00068.png,test,adm,1,robust,clean,none,0.9999995231628418,1
data\splits\genimage_8000_split_v4\test\ai\midjourney_00010.png,midjourney_00010.png,test,midjourney,1,robust,clean,none,0.923933744430542,1
data\splits\genimage_8000_split_v4\test\ai\midjourney_00030.png,midjourney_00030.png,test,midjourney,1,robust,clean,none,0.944034218788147,1
data\splits\genimage_8000_split_v4\test\ai\sdv5_00074.png,sdv5_00074.png,test,sdv5,1,robust,clean,none,1.0,1
data\splits\genimage_8000_split_v4\test\ai\vqdm_00072.png,vqdm_00072.png,test,vqdm,1,robust,clean,none,0.9993419051170349,1
data\splits\genimage_8000_split_v4\test\ai\wukong_00031.png,wukong_00031.png,test,wukong,1,robust,clean,none,0.9996652603149414,1
data\splits\genimage_8000_split_v4\test\ai\vqdm_00080.png,vqdm_00080.png,test,vqdm,1,robust,clean,none,0.7812146544456482,1
data\splits\genimage_8000_split_v4\test\ai\midjourney_00043.png,midjourney_00043.png,test,midjourney,1,robust,clean,none,0.3173692524433136,0
data\splits\genimage_8000_split_v4\test\ai\vqdm_00001.png,vqdm_00001.png,test,vqdm,1,robust,clean,none,0.9965336322784424,1
data\splits\genimage_8000_split_v4\test\ai\glide_00021.png,glide_00021.png,test,glide,1,robust,clean,none,0.9999998807907104,1
data\splits\genimage_8000_split_v4\test\ai\midjourney_00037.png,midjourney_00037.png,test,midjourney,1,robust,clean,none,0.9397358894348145,1
data\splits\genimage_8000_split_v4\test\ai\biggan_00031.png,biggan_00031.png,test,biggan,1,robust,clean,none,0.9995031356811523,1
data\splits\genimage_8000_split_v4\test\ai\wukong_00072.png,wukong_00072.png,test,wukong,1,robust,clean,none,0.9987429976463318,1
data\splits\genimage_8000_split_v4\test\ai\midjourney_00055.png,midjourney_00055.png,test,midjourney,1,robust,clean,none,0.9975864887237549,1
data\splits\genimage_8000_split_v4\test\ai\glide_00070.png,glide_00070.png,test,glide,1,robust,clean,none,0.9999986886978149,1
data\splits\genimage_8000_split_v4\test\ai\biggan_00057.png,biggan_00057.png,test,biggan,1,robust,clean,none,0.9999998807907104,1
data\splits\genimage_8000_split_v4\test\ai\midjourney_00075.png,midjourney_00075.png,test,midjourney,1,robust,clean,none,0.9990887641906738,1
data\splits\genimage_8000_split_v4\test\ai\vqdm_00048.png,vqdm_00048.png,test,vqdm,1,robust,clean,none,0.9976918697357178,1
data\splits\genimage_8000_split_v4\test\ai\glide_00034.png,glide_00034.png,test,glide,1,robust,clean,none,1.0,1
data\splits\genimage_8000_split_v4\test\ai\sdv5_00078.png,sdv5_00078.png,test,sdv5,1,robust,clean,none,0.9995631575584412,1
data\splits\genimage_8000_split_v4\test\ai\midjourney_00062.png,midjourney_00062.png,test,midjourney,1,robust,clean,none,0.998547375202179,1
data\splits\genimage_8000_split_v4\test\ai\adm_00031.png,adm_00031.png,test,adm,1,robust,clean,none,0.9886195659637451,1
data\splits\genimage_8000_split_v4\test\ai\midjourney_00026.png,midjourney_00026.png,test,midjourney,1,robust,clean,none,0.9996374845504761,1
data\splits\genimage_8000_split_v4\test\ai\vqdm_00000.png,vqdm_00000.png,test,vqdm,1,robust,clean,none,0.9341875314712524,1
data\splits\genimage_8000_split_v4\test\ai\adm_00020.png,adm_00020.png,test,adm,1,robust,clean,none,1.0,1
data\splits\genimage_8000_split_v4\test\ai\adm_00012.png,adm_00012.png,test,adm,1,robust,clean,none,1.0,1
data\splits\genimage_8000_split_v4\test\ai\adm_00030.png,adm_00030.png,test,adm,1,robust,clean,none,1.0,1
data\splits\genimage_8000_split_v4\test\ai\midjourney_00070.png,midjourney_00070.png,test,midjourney,1,robust,clean,none,0.22287389636039734,0
data\splits\genimage_8000_split_v4\test\ai\adm_00041.png,adm_00041.png,test,adm,1,robust,clean,none,0.9999876022338867,1
data\splits\genimage_8000_split_v4\test\ai\adm_00078.png,adm_00078.png,test,adm,1,robust,clean,none,1.0,1
data\splits\genimage_8000_split_v4\test\ai\wukong_00068.png,wukong_00068.png,test,wukong,1,robust,clean,none,0.8866936564445496,1
data\splits\genimage_8000_split_v4\test\ai\biggan_00008.png,biggan_00008.png,test,biggan,1,robust,clean,none,0.9681698679924011,1
data\splits\genimage_8000_split_v4\test\ai\adm_00069.png,adm_00069.png,test,adm,1,robust,clean,none,1.0,1
data\splits\genimage_8000_split_v4\test\ai\vqdm_00056.png,vqdm_00056.png,test,vqdm,1,robust,clean,none,0.9895418882369995,1
data\splits\genimage_8000_split_v4\test\ai\sdv5_00036.png,sdv5_00036.png,test,sdv5,1,robust,clean,none,0.9998051524162292,1
data\splits\genimage_8000_split_v4\test\ai\vqdm_00079.png,vqdm_00079.png,test,vqdm,1,robust,clean,none,0.9841806888580322,1
data\splits\genimage_8000_split_v4\test\ai\midjourney_00017.png,midjourney_00017.png,test,midjourney,1,robust,clean,none,0.9415306448936462,1
data\splits\genimage_8000_split_v4\test\ai\biggan_00033.png,biggan_00033.png,test,biggan,1,robust,clean,none,0.999790608882904,1
data\splits\genimage_8000_split_v4\test\ai\biggan_00018.png,biggan_00018.png,test,biggan,1,robust,clean,none,0.9999207258224487,1
data\splits\genimage_8000_split_v4\test\ai\sdv5_00001.png,sdv5_00001.png,test,sdv5,1,robust,clean,none,0.9462379813194275,1
data\splits\genimage_8000_split_v4\test\ai\sdv5_00020.png,sdv5_00020.png,test,sdv5,1,robust,clean,none,0.9999985694885254,1
data\splits\genimage_8000_split_v4\test\ai\biggan_00048.png,biggan_00048.png,test,biggan,1,robust,clean,none,0.9999997615814209,1
data\splits\genimage_8000_split_v4\test\ai\biggan_00058.png,biggan_00058.png,test,biggan,1,robust,clean,none,0.999968409538269,1
data\splits\genimage_8000_split_v4\test\ai\midjourney_00066.png,midjourney_00066.png,test,midjourney,1,robust,clean,none,0.017553184181451797,0
data\splits\genimage_8000_split_v4\test\ai\midjourney_00080.png,midjourney_00080.png,test,midjourney,1,robust,clean,none,0.9626492261886597,1
data\splits\genimage_8000_split_v4\test\ai\adm_00005.png,adm_00005.png,test,adm,1,robust,clean,none,1.0,1
data\splits\genimage_8000_split_v4\test\ai\adm_00003.png,adm_00003.png,test,adm,1,robust,clean,none,1.0,1
data\splits\genimage_8000_split_v4\test\ai\adm_00024.png,adm_00024.png,test,adm,1,robust,clean,none,0.9999988079071045,1
data\splits\genimage_8000_split_v4\test\ai\sdv5_00000.png,sdv5_00000.png,test,sdv5,1,robust,clean,none,1.0,1
data\splits\genimage_8000_split_v4\test\ai\biggan_00001.png,biggan_00001.png,test,biggan,1,robust,clean,none,1.0,1
data\splits\genimage_8000_split_v4\test\ai\vqdm_00014.png,vqdm_00014.png,test,vqdm,1,robust,clean,none,0.9550961852073669,1
data\splits\genimage_8000_split_v4\test\ai\biggan_00028.png,biggan_00028.png,test,biggan,1,robust,clean,none,1.0,1
data\splits\genimage_8000_split_v4\test\ai\midjourney_00028.png,midjourney_00028.png,test,midjourney,1,robust,clean,none,0.14923134446144104,0
data\splits\genimage_8000_split_v4\test\ai\biggan_00027.png,biggan_00027.png,test,biggan,1,robust,clean,none,0.9999998807907104,1
data\splits\genimage_8000_split_v4\test\ai\sdv5_00049.png,sdv5_00049.png,test,sdv5,1,robust,clean,none,0.9999916553497314,1
data\splits\genimage_8000_split_v4\test\ai\vqdm_00029.png,vqdm_00029.png,test,vqdm,1,robust,clean,none,0.9999978542327881,1
data\splits\genimage_8000_split_v4\test\ai\adm_00035.png,adm_00035.png,test,adm,1,robust,clean,none,1.0,1
data\splits\genimage_8000_split_v4\test\ai\adm_00011.png,adm_00011.png,test,adm,1,robust,clean,none,1.0,1
data\splits\genimage_8000_split_v4\test\ai\biggan_00078.png,biggan_00078.png,test,biggan,1,robust,clean,none,0.9990847110748291,1
data\splits\genimage_8000_split_v4\test\ai\midjourney_00013.png,midjourney_00013.png,test,midjourney,1,robust,clean,none,0.9907870888710022,1
data\splits\genimage_8000_split_v4\test\ai\sdv5_00067.png,sdv5_00067.png,test,sdv5,1,robust,clean,none,0.8947232961654663,1
data\splits\genimage_8000_split_v4\test\ai\biggan_00006.png,biggan_00006.png,test,biggan,1,robust,clean,none,0.9882196187973022,1
data\splits\genimage_8000_split_v4\test\ai\vqdm_00078.png,vqdm_00078.png,test,vqdm,1,robust,clean,none,0.6954692602157593,1
data\splits\genimage_8000_split_v4\test\ai\glide_00049.png,glide_00049.png,test,glide,1,robust,clean,none,0.9538494348526001,1
data\splits\genimage_8000_split_v4\test\ai\midjourney_00050.png,midjourney_00050.png,test,midjourney,1,robust,clean,none,0.9999581575393677,1
data\splits\genimage_8000_split_v4\test\ai\glide_00017.png,glide_00017.png,test,glide,1,robust,clean,none,0.9999998807907104,1
data\splits\genimage_8000_split_v4\test\ai\wukong_00008.png,wukong_00008.png,test,wukong,1,robust,clean,none,0.9999837875366211,1
data\splits\genimage_8000_split_v4\test\ai\sdv5_00014.png,sdv5_00014.png,test,sdv5,1,robust,clean,none,0.9870676398277283,1
data\splits\genimage_8000_split_v4\test\ai\biggan_00052.png,biggan_00052.png,test,biggan,1,robust,clean,none,0.96001136302948,1
data\splits\genimage_8000_split_v4\test\ai\wukong_00059.png,wukong_00059.png,test,wukong,1,robust,clean,none,0.9995477795600891,1
data\splits\genimage_8000_split_v4\test\ai\glide_00078.png,glide_00078.png,test,glide,1,robust,clean,none,0.9999464750289917,1
data\splits\genimage_8000_split_v4\test\ai\adm_00034.png,adm_00034.png,test,adm,1,robust,clean,none,1.0,1
data\splits\genimage_8000_split_v4\test\ai\wukong_00006.png,wukong_00006.png,test,wukong,1,robust,clean,none,0.9999939203262329,1
data\splits\genimage_8000_split_v4\test\ai\biggan_00046.png,biggan_00046.png,test,biggan,1,robust,clean,none,1.0,1
data\splits\genimage_8000_split_v4\test\ai\wukong_00073.png,wukong_00073.png,test,wukong,1,robust,clean,none,0.9928574562072754,1
data\splits\genimage_8000_split_v4\test\ai\midjourney_00046.png,midjourney_00046.png,test,midjourney,1,robust,clean,none,0.9921762347221375,1
data\splits\genimage_8000_split_v4\test\ai\glide_00068.png,glide_00068.png,test,glide,1,robust,clean,none,0.9987919926643372,1
data\splits\genimage_8000_split_v4\test\ai\midjourney_00058.png,midjourney_00058.png,test,midjourney,1,robust,clean,none,0.846013069152832,1
data\splits\genimage_8000_split_v4\test\ai\glide_00001.png,glide_00001.png,test,glide,1,robust,clean,none,0.9999982118606567,1
data\splits\genimage_8000_split_v4\test\ai\glide_00041.png,glide_00041.png,test,glide,1,robust,clean,none,1.0,1
data\splits\genimage_8000_split_v4\test\ai\glide_00014.png,glide_00014.png,test,glide,1,robust,clean,none,0.9589389562606812,1
data\splits\genimage_8000_split_v4\test\ai\adm_00013.png,adm_00013.png,test,adm,1,robust,clean,none,0.9971887469291687,1
data\splits\genimage_8000_split_v4\test\ai\glide_00063.png,glide_00063.png,test,glide,1,robust,clean,none,0.9996761083602905,1
data\splits\genimage_8000_split_v4\test\ai\wukong_00045.png,wukong_00045.png,test,wukong,1,robust,clean,none,0.9980579018592834,1
data\splits\genimage_8000_split_v4\test\ai\biggan_00079.png,biggan_00079.png,test,biggan,1,robust,clean,none,1.0,1
data\splits\genimage_8000_split_v4\test\ai\adm_00002.png,adm_00002.png,test,adm,1,robust,clean,none,1.0,1
data\splits\genimage_8000_split_v4\test\ai\midjourney_00041.png,midjourney_00041.png,test,midjourney,1,robust,clean,none,0.5809879302978516,1
data\splits\genimage_8000_split_v4\test\ai\vqdm_00044.png,vqdm_00044.png,test,vqdm,1,robust,clean,none,0.9392061233520508,1
data\splits\genimage_8000_split_v4\test\ai\adm_00043.png,adm_00043.png,test,adm,1,robust,clean,none,0.9998762607574463,1
data\splits\genimage_8000_split_v4\test\ai\sdv5_00017.png,sdv5_00017.png,test,sdv5,1,robust,clean,none,0.9770992398262024,1
data\splits\genimage_8000_split_v4\test\ai\vqdm_00052.png,vqdm_00052.png,test,vqdm,1,robust,clean,none,0.969171404838562,1
data\splits\genimage_8000_split_v4\test\ai\adm_00036.png,adm_00036.png,test,adm,1,robust,clean,none,0.9999982118606567,1
data\splits\genimage_8000_split_v4\test\ai\biggan_00083.png,biggan_00083.png,test,biggan,1,robust,clean,none,0.9999867677688599,1
data\splits\genimage_8000_split_v4\test\ai\glide_00020.png,glide_00020.png,test,glide,1,robust,clean,none,1.0,1
data\splits\genimage_8000_split_v4\test\ai\midjourney_00054.png,midjourney_00054.png,test,midjourney,1,robust,clean,none,0.053717970848083496,0
data\splits\genimage_8000_split_v4\test\ai\adm_00032.png,adm_00032.png,test,adm,1,robust,clean,none,0.9999918937683105,1
data\splits\genimage_8000_split_v4\test\ai\glide_00058.png,glide_00058.png,test,glide,1,robust,clean,none,0.9999974966049194,1
data\splits\genimage_8000_split_v4\test\ai\vqdm_00008.png,vqdm_00008.png,test,vqdm,1,robust,clean,none,0.8486376404762268,1
data\splits\genimage_8000_split_v4\test\ai\adm_00026.png,adm_00026.png,test,adm,1,robust,clean,none,1.0,1
data\splits\genimage_8000_split_v4\test\ai\midjourney_00082.png,midjourney_00082.png,test,midjourney,1,robust,clean,none,0.9975698590278625,1
data\splits\genimage_8000_split_v4\test\ai\wukong_00012.png,wukong_00012.png,test,wukong,1,robust,clean,none,0.9972202777862549,1
data\splits\genimage_8000_split_v4\test\ai\glide_00048.png,glide_00048.png,test,glide,1,robust,clean,none,0.9896723031997681,1
data\splits\genimage_8000_split_v4\test\ai\midjourney_00033.png,midjourney_00033.png,test,midjourney,1,robust,clean,none,0.9996519088745117,1
data\splits\genimage_8000_split_v4\test\ai\vqdm_00060.png,vqdm_00060.png,test,vqdm,1,robust,clean,none,0.9955138564109802,1
data\splits\genimage_8000_split_v4\test\ai\wukong_00052.png,wukong_00052.png,test,wukong,1,robust,clean,none,1.0,1
data\splits\genimage_8000_split_v4\test\ai\adm_00021.png,adm_00021.png,test,adm,1,robust,clean,none,1.0,1
data\splits\genimage_8000_split_v4\test\ai\wukong_00042.png,wukong_00042.png,test,wukong,1,robust,clean,none,0.9947459697723389,1
data\splits\genimage_8000_split_v4\test\ai\vqdm_00071.png,vqdm_00071.png,test,vqdm,1,robust,clean,none,0.9999914169311523,1
data\splits\genimage_8000_split_v4\test\ai\glide_00026.png,glide_00026.png,test,glide,1,robust,clean,none,1.0,1
data\splits\genimage_8000_split_v4\test\ai\biggan_00019.png,biggan_00019.png,test,biggan,1,robust,clean,none,0.9998972415924072,1
data\splits\genimage_8000_split_v4\test\ai\glide_00051.png,glide_00051.png,test,glide,1,robust,clean,none,0.9897013902664185,1
data\splits\genimage_8000_split_v4\test\ai\adm_00056.png,adm_00056.png,test,adm,1,robust,clean,none,0.9999998807907104,1
data\splits\genimage_8000_split_v4\test\ai\glide_00012.png,glide_00012.png,test,glide,1,robust,clean,none,1.0,1
data\splits\genimage_8000_split_v4\test\ai\adm_00017.png,adm_00017.png,test,adm,1,robust,clean,none,0.9921426773071289,1
data\splits\genimage_8000_split_v4\test\ai\wukong_00020.png,wukong_00020.png,test,wukong,1,robust,clean,none,1.0,1
data\splits\genimage_8000_split_v4\test\ai\sdv5_00069.png,sdv5_00069.png,test,sdv5,1,robust,clean,none,0.9851610660552979,1
data\splits\genimage_8000_split_v4\test\ai\vqdm_00064.png,vqdm_00064.png,test,vqdm,1,robust,clean,none,0.9999929666519165,1
data\splits\genimage_8000_split_v4\test\ai\wukong_00050.png,wukong_00050.png,test,wukong,1,robust,clean,none,0.9999934434890747,1
data\splits\genimage_8000_split_v4\test\ai\glide_00032.png,glide_00032.png,test,glide,1,robust,clean,none,0.9906924366950989,1
data\splits\genimage_8000_split_v4\test\ai\glide_00040.png,glide_00040.png,test,glide,1,robust,clean,none,0.9901975393295288,1
data\splits\genimage_8000_split_v4\test\ai\glide_00064.png,glide_00064.png,test,glide,1,robust,clean,none,0.2647646367549896,0
data\splits\genimage_8000_split_v4\test\ai\adm_00016.png,adm_00016.png,test,adm,1,robust,clean,none,0.9999935626983643,1
data\splits\genimage_8000_split_v4\test\ai\biggan_00066.png,biggan_00066.png,test,biggan,1,robust,clean,none,1.0,1
data\splits\genimage_8000_split_v4\test\ai\vqdm_00013.png,vqdm_00013.png,test,vqdm,1,robust,clean,none,0.13478532433509827,0
data\splits\genimage_8000_split_v4\test\ai\sdv5_00024.png,sdv5_00024.png,test,sdv5,1,robust,clean,none,0.9931719303131104,1
data\splits\genimage_8000_split_v4\test\ai\sdv5_00030.png,sdv5_00030.png,test,sdv5,1,robust,clean,none,0.9998353719711304,1
data\splits\genimage_8000_split_v4\test\ai\wukong_00051.png,wukong_00051.png,test,wukong,1,robust,clean,none,1.0,1
data\splits\genimage_8000_split_v4\test\ai\sdv5_00077.png,sdv5_00077.png,test,sdv5,1,robust,clean,none,1.0,1
data\splits\genimage_8000_split_v4\test\ai\biggan_00013.png,biggan_00013.png,test,biggan,1,robust,clean,none,1.0,1
data\splits\genimage_8000_split_v4\test\ai\wukong_00064.png,wukong_00064.png,test,wukong,1,robust,clean,none,0.9999990463256836,1
data\splits\genimage_8000_split_v4\test\ai\vqdm_00025.png,vqdm_00025.png,test,vqdm,1,robust,clean,none,0.9884605407714844,1
data\splits\genimage_8000_split_v4\test\ai\glide_00002.png,glide_00002.png,test,glide,1,robust,clean,none,1.0,1
data\splits\genimage_8000_split_v4\test\ai\midjourney_00079.png,midjourney_00079.png,test,midjourney,1,robust,clean,none,0.9892551898956299,1
data\splits\genimage_8000_split_v4\test\ai\wukong_00039.png,wukong_00039.png,test,wukong,1,robust,clean,none,0.8866758346557617,1
data\splits\genimage_8000_split_v4\test\ai\vqdm_00020.png,vqdm_00020.png,test,vqdm,1,robust,clean,none,0.9998912811279297,1
data\splits\genimage_8000_split_v4\test\ai\sdv5_00032.png,sdv5_00032.png,test,sdv5,1,robust,clean,none,0.9999202489852905,1
data\splits\genimage_8000_split_v4\test\ai\sdv5_00003.png,sdv5_00003.png,test,sdv5,1,robust,clean,none,0.7215381264686584,1
data\splits\genimage_8000_split_v4\test\ai\wukong_00078.png,wukong_00078.png,test,wukong,1,robust,clean,none,0.9999998807907104,1
data\splits\genimage_8000_split_v4\test\ai\wukong_00065.png,wukong_00065.png,test,wukong,1,robust,clean,none,0.9999175071716309,1
data\splits\genimage_8000_split_v4\test\ai\biggan_00014.png,biggan_00014.png,test,biggan,1,robust,clean,none,0.952193558216095,1
data\splits\genimage_8000_split_v4\test\ai\adm_00006.png,adm_00006.png,test,adm,1,robust,clean,none,1.0,1
data\splits\genimage_8000_split_v4\test\ai\wukong_00056.png,wukong_00056.png,test,wukong,1,robust,clean,none,0.999868631362915,1
data\splits\genimage_8000_split_v4\test\ai\biggan_00005.png,biggan_00005.png,test,biggan,1,robust,clean,none,0.9999948740005493,1
data\splits\genimage_8000_split_v4\test\ai\wukong_00002.png,wukong_00002.png,test,wukong,1,robust,clean,none,0.9943951368331909,1
data\splits\genimage_8000_split_v4\test\ai\wukong_00055.png,wukong_00055.png,test,wukong,1,robust,clean,none,0.9904897212982178,1
data\splits\genimage_8000_split_v4\test\ai\sdv5_00016.png,sdv5_00016.png,test,sdv5,1,robust,clean,none,0.995062530040741,1
data\splits\genimage_8000_split_v4\test\ai\biggan_00065.png,biggan_00065.png,test,biggan,1,robust,clean,none,0.748744785785675,1
data\splits\genimage_8000_split_v4\test\ai\vqdm_00019.png,vqdm_00019.png,test,vqdm,1,robust,clean,none,0.3196395933628082,0
data\splits\genimage_8000_split_v4\test\ai\adm_00038.png,adm_00038.png,test,adm,1,robust,clean,none,0.9999995231628418,1
data\splits\genimage_8000_split_v4\test\ai\sdv5_00044.png,sdv5_00044.png,test,sdv5,1,robust,clean,none,0.8130921721458435,1
data\splits\genimage_8000_split_v4\test\ai\midjourney_00084.png,midjourney_00084.png,test,midjourney,1,robust,clean,none,1.0,1
data\splits\genimage_8000_split_v4\test\ai\midjourney_00025.png,midjourney_00025.png,test,midjourney,1,robust,clean,none,0.0818357840180397,0
data\splits\genimage_8000_split_v4\test\ai\biggan_00061.png,biggan_00061.png,test,biggan,1,robust,clean,none,0.9764178395271301,1
data\splits\genimage_8000_split_v4\test\ai\sdv5_00071.png,sdv5_00071.png,test,sdv5,1,robust,clean,none,1.0,1
data\splits\genimage_8000_split_v4\test\ai\biggan_00074.png,biggan_00074.png,test,biggan,1,robust,clean,none,0.9996798038482666,1
data\splits\genimage_8000_split_v4\test\ai\vqdm_00077.png,vqdm_00077.png,test,vqdm,1,robust,clean,none,0.6729280352592468,1
data\splits\genimage_8000_split_v4\test\ai\midjourney_00001.png,midjourney_00001.png,test,midjourney,1,robust,clean,none,0.9999986886978149,1
data\splits\genimage_8000_split_v4\test\ai\biggan_00069.png,biggan_00069.png,test,biggan,1,robust,clean,none,0.7505905032157898,1
data\splits\genimage_8000_split_v4\test\ai\glide_00005.png,glide_00005.png,test,glide,1,robust,clean,none,0.9999206066131592,1
data\splits\genimage_8000_split_v4\test\ai\sdv5_00015.png,sdv5_00015.png,test,sdv5,1,robust,clean,none,0.9998138546943665,1
data\splits\genimage_8000_split_v4\test\ai\vqdm_00012.png,vqdm_00012.png,test,vqdm,1,robust,clean,none,0.9997723698616028,1
data\splits\genimage_8000_split_v4\test\ai\wukong_00077.png,wukong_00077.png,test,wukong,1,robust,clean,none,0.5811735987663269,1
data\splits\genimage_8000_split_v4\test\ai\midjourney_00023.png,midjourney_00023.png,test,midjourney,1,robust,clean,none,0.2776752710342407,0
data\splits\genimage_8000_split_v4\test\ai\sdv5_00045.png,sdv5_00045.png,test,sdv5,1,robust,clean,none,0.9751819968223572,1
data\splits\genimage_8000_split_v4\test\ai\adm_00033.png,adm_00033.png,test,adm,1,robust,clean,none,0.9999983310699463,1
data\splits\genimage_8000_split_v4\test\ai\wukong_00083.png,wukong_00083.png,test,wukong,1,robust,clean,none,0.9750432372093201,1
data\splits\genimage_8000_split_v4\test\ai\biggan_00034.png,biggan_00034.png,test,biggan,1,robust,clean,none,1.0,1
data\splits\genimage_8000_split_v4\test\ai\biggan_00070.png,biggan_00070.png,test,biggan,1,robust,clean,none,0.9895622134208679,1
data\splits\genimage_8000_split_v4\test\ai\biggan_00076.png,biggan_00076.png,test,biggan,1,robust,clean,none,0.9978517293930054,1
data\splits\genimage_8000_split_v4\test\ai\midjourney_00067.png,midjourney_00067.png,test,midjourney,1,robust,clean,none,0.29992392659187317,0
data\splits\genimage_8000_split_v4\test\ai\biggan_00062.png,biggan_00062.png,test,biggan,1,robust,clean,none,1.0,1
data\splits\genimage_8000_split_v4\test\ai\midjourney_00027.png,midjourney_00027.png,test,midjourney,1,robust,clean,none,0.9990636706352234,1
data\splits\genimage_8000_split_v4\test\ai\biggan_00077.png,biggan_00077.png,test,biggan,1,robust,clean,none,0.9836158156394958,1
data\splits\genimage_8000_split_v4\test\ai\wukong_00053.png,wukong_00053.png,test,wukong,1,robust,clean,none,1.0,1
data\splits\genimage_8000_split_v4\test\ai\sdv5_00080.png,sdv5_00080.png,test,sdv5,1,robust,clean,none,1.0,1
data\splits\genimage_8000_split_v4\test\ai\glide_00035.png,glide_00035.png,test,glide,1,robust,clean,none,0.20765452086925507,0
data\splits\genimage_8000_split_v4\test\ai\adm_00022.png,adm_00022.png,test,adm,1,robust,clean,none,0.9999998807907104,1
data\splits\genimage_8000_split_v4\test\ai\vqdm_00070.png,vqdm_00070.png,test,vqdm,1,robust,clean,none,0.9518886208534241,1
data\splits\genimage_8000_split_v4\test\ai\wukong_00019.png,wukong_00019.png,test,wukong,1,robust,clean,none,0.9937025308609009,1
data\splits\genimage_8000_split_v4\test\ai\glide_00036.png,glide_00036.png,test,glide,1,robust,clean,none,0.984521210193634,1
data\splits\genimage_8000_split_v4\test\ai\adm_00054.png,adm_00054.png,test,adm,1,robust,clean,none,1.0,1
data\splits\genimage_8000_split_v4\test\ai\glide_00060.png,glide_00060.png,test,glide,1,robust,clean,none,0.9999580383300781,1
data\splits\genimage_8000_split_v4\test\ai\adm_00061.png,adm_00061.png,test,adm,1,robust,clean,none,0.9999991655349731,1
data\splits\genimage_8000_split_v4\test\ai\vqdm_00028.png,vqdm_00028.png,test,vqdm,1,robust,clean,none,0.7258806228637695,1
data\splits\genimage_8000_split_v4\test\ai\vqdm_00026.png,vqdm_00026.png,test,vqdm,1,robust,clean,none,0.5804237723350525,1
data\splits\genimage_8000_split_v4\test\ai\vqdm_00054.png,vqdm_00054.png,test,vqdm,1,robust,clean,none,0.30863916873931885,0
data\splits\genimage_8000_split_v4\test\ai\biggan_00021.png,biggan_00021.png,test,biggan,1,robust,clean,none,0.9800628423690796,1
data\splits\genimage_8000_split_v4\test\ai\vqdm_00005.png,vqdm_00005.png,test,vqdm,1,robust,clean,none,0.9999969005584717,1
data\splits\genimage_8000_split_v4\test\ai\glide_00055.png,glide_00055.png,test,glide,1,robust,clean,none,0.999854564666748,1
data\splits\genimage_8000_split_v4\test\ai\biggan_00075.png,biggan_00075.png,test,biggan,1,robust,clean,none,0.09922854602336884,0
data\splits\genimage_8000_split_v4\test\ai\wukong_00046.png,wukong_00046.png,test,wukong,1,robust,clean,none,1.0,1
data\splits\genimage_8000_split_v4\test\ai\wukong_00084.png,wukong_00084.png,test,wukong,1,robust,clean,none,0.9661468863487244,1
data\splits\genimage_8000_split_v4\test\ai\wukong_00025.png,wukong_00025.png,test,wukong,1,robust,clean,none,0.999355137348175,1
data\splits\genimage_8000_split_v4\test\ai\vqdm_00009.png,vqdm_00009.png,test,vqdm,1,robust,clean,none,0.9999798536300659,1
data\splits\genimage_8000_split_v4\test\ai\glide_00019.png,glide_00019.png,test,glide,1,robust,clean,none,1.0,1
data\splits\genimage_8000_split_v4\test\ai\biggan_00040.png,biggan_00040.png,test,biggan,1,robust,clean,none,0.9999786615371704,1
data\splits\genimage_8000_split_v4\test\ai\vqdm_00007.png,vqdm_00007.png,test,vqdm,1,robust,clean,none,0.9997935891151428,1
data\splits\genimage_8000_split_v4\test\ai\vqdm_00076.png,vqdm_00076.png,test,vqdm,1,robust,clean,none,0.6562154293060303,1
data\splits\genimage_8000_split_v4\test\ai\glide_00066.png,glide_00066.png,test,glide,1,robust,clean,none,0.015569944866001606,0
data\splits\genimage_8000_split_v4\test\ai\biggan_00073.png,biggan_00073.png,test,biggan,1,robust,clean,none,0.999994158744812,1
data\splits\genimage_8000_split_v4\test\ai\glide_00072.png,glide_00072.png,test,glide,1,robust,clean,none,1.0,1
data\splits\genimage_8000_split_v4\test\ai\midjourney_00038.png,midjourney_00038.png,test,midjourney,1,robust,clean,none,1.0,1
data\splits\genimage_8000_split_v4\test\ai\vqdm_00016.png,vqdm_00016.png,test,vqdm,1,robust,clean,none,2.3309480567945684e-08,0
data\splits\genimage_8000_split_v4\test\ai\glide_00006.png,glide_00006.png,test,glide,1,robust,clean,none,0.9982960820198059,1
data\splits\genimage_8000_split_v4\test\ai\glide_00065.png,glide_00065.png,test,glide,1,robust,clean,none,0.9991580247879028,1
data\splits\genimage_8000_split_v4\test\ai\adm_00055.png,adm_00055.png,test,adm,1,robust,clean,none,0.9999953508377075,1
data\splits\genimage_8000_split_v4\test\ai\midjourney_00073.png,midjourney_00073.png,test,midjourney,1,robust,clean,none,0.8185722231864929,1
data\splits\genimage_8000_split_v4\test\ai\midjourney_00020.png,midjourney_00020.png,test,midjourney,1,robust,clean,none,0.16298653185367584,0
data\splits\genimage_8000_split_v4\test\ai\sdv5_00012.png,sdv5_00012.png,test,sdv5,1,robust,clean,none,1.0,1
data\splits\genimage_8000_split_v4\test\ai\wukong_00028.png,wukong_00028.png,test,wukong,1,robust,clean,none,0.9861379265785217,1
data\splits\genimage_8000_split_v4\test\ai\midjourney_00056.png,midjourney_00056.png,test,midjourney,1,robust,clean,none,0.9998962879180908,1
data\splits\genimage_8000_split_v4\test\ai\vqdm_00067.png,vqdm_00067.png,test,vqdm,1,robust,clean,none,0.0003832161601167172,0
data\splits\genimage_8000_split_v4\test\ai\adm_00037.png,adm_00037.png,test,adm,1,robust,clean,none,1.0,1
data\splits\genimage_8000_split_v4\test\ai\adm_00064.png,adm_00064.png,test,adm,1,robust,clean,none,0.9999997615814209,1
data\splits\genimage_8000_split_v4\test\ai\vqdm_00084.png,vqdm_00084.png,test,vqdm,1,robust,clean,none,0.99998939037323,1
data\splits\genimage_8000_split_v4\test\ai\sdv5_00052.png,sdv5_00052.png,test,sdv5,1,robust,clean,none,1.0,1
data\splits\genimage_8000_split_v4\test\ai\biggan_00035.png,biggan_00035.png,test,biggan,1,robust,clean,none,0.9999940395355225,1
data\splits\genimage_8000_split_v4\test\ai\vqdm_00043.png,vqdm_00043.png,test,vqdm,1,robust,clean,none,0.799552857875824,1
data\splits\genimage_8000_split_v4\test\ai\adm_00028.png,adm_00028.png,test,adm,1,robust,clean,none,1.0,1
data\splits\genimage_8000_split_v4\test\ai\glide_00027.png,glide_00027.png,test,glide,1,robust,clean,none,0.9796665906906128,1
data\splits\genimage_8000_split_v4\test\ai\sdv5_00042.png,sdv5_00042.png,test,sdv5,1,robust,clean,none,1.0,1
data\splits\genimage_8000_split_v4\test\ai\glide_00084.png,glide_00084.png,test,glide,1,robust,clean,none,1.0,1
data\splits\genimage_8000_split_v4\test\ai\sdv5_00025.png,sdv5_00025.png,test,sdv5,1,robust,clean,none,0.9998613595962524,1
data\splits\genimage_8000_split_v4\test\ai\adm_00009.png,adm_00009.png,test,adm,1,robust,clean,none,0.9999277591705322,1
data\splits\genimage_8000_split_v4\test\ai\sdv5_00031.png,sdv5_00031.png,test,sdv5,1,robust,clean,none,0.9999878406524658,1
data\splits\genimage_8000_split_v4\test\ai\wukong_00000.png,wukong_00000.png,test,wukong,1,robust,clean,none,0.8820563554763794,1
data\splits\genimage_8000_split_v4\test\ai\wukong_00069.png,wukong_00069.png,test,wukong,1,robust,clean,none,0.9985004663467407,1
data\splits\genimage_8000_split_v4\test\ai\biggan_00015.png,biggan_00015.png,test,biggan,1,robust,clean,none,0.9999985694885254,1
data\splits\genimage_8000_split_v4\test\ai\glide_00062.png,glide_00062.png,test,glide,1,robust,clean,none,0.9999799728393555,1
data\splits\genimage_8000_split_v4\test\ai\adm_00076.png,adm_00076.png,test,adm,1,robust,clean,none,1.0,1
data\splits\genimage_8000_split_v4\test\ai\vqdm_00015.png,vqdm_00015.png,test,vqdm,1,robust,clean,none,0.9999827146530151,1
data\splits\genimage_8000_split_v4\test\ai\sdv5_00079.png,sdv5_00079.png,test,sdv5,1,robust,clean,none,0.9999936819076538,1
data\splits\genimage_8000_split_v4\test\ai\glide_00083.png,glide_00083.png,test,glide,1,robust,clean,none,0.9999902248382568,1
data\splits\genimage_8000_split_v4\test\ai\biggan_00039.png,biggan_00039.png,test,biggan,1,robust,clean,none,0.9993252754211426,1
data\splits\genimage_8000_split_v4\test\ai\adm_00080.png,adm_00080.png,test,adm,1,robust,clean,none,1.0,1
data\splits\genimage_8000_split_v4\test\ai\midjourney_00064.png,midjourney_00064.png,test,midjourney,1,robust,clean,none,0.9999881982803345,1
data\splits\genimage_8000_split_v4\test\ai\sdv5_00070.png,sdv5_00070.png,test,sdv5,1,robust,clean,none,0.9999903440475464,1
data\splits\genimage_8000_split_v4\test\ai\glide_00073.png,glide_00073.png,test,glide,1,robust,clean,none,0.9998273253440857,1
data\splits\genimage_8000_split_v4\test\ai\vqdm_00018.png,vqdm_00018.png,test,vqdm,1,robust,clean,none,1.0,1
data\splits\genimage_8000_split_v4\test\ai\adm_00053.png,adm_00053.png,test,adm,1,robust,clean,none,0.9999768733978271,1
data\splits\genimage_8000_split_v4\test\ai\biggan_00084.png,biggan_00084.png,test,biggan,1,robust,clean,none,0.9999982118606567,1
data\splits\genimage_8000_split_v4\test\ai\adm_00018.png,adm_00018.png,test,adm,1,robust,clean,none,0.9999611377716064,1
data\splits\genimage_8000_split_v4\test\ai\sdv5_00018.png,sdv5_00018.png,test,sdv5,1,robust,clean,none,0.7426729202270508,1
data\splits\genimage_8000_split_v4\test\ai\biggan_00020.png,biggan_00020.png,test,biggan,1,robust,clean,none,0.9999945163726807,1
data\splits\genimage_8000_split_v4\test\ai\vqdm_00066.png,vqdm_00066.png,test,vqdm,1,robust,clean,none,0.8907781839370728,1
data\splits\genimage_8000_split_v4\test\ai\adm_00048.png,adm_00048.png,test,adm,1,robust,clean,none,0.9999997615814209,1
data\splits\genimage_8000_split_v4\test\ai\glide_00077.png,glide_00077.png,test,glide,1,robust,clean,none,0.9246870279312134,1
data\splits\genimage_8000_split_v4\test\ai\glide_00000.png,glide_00000.png,test,glide,1,robust,clean,none,0.9999898672103882,1
data\splits\genimage_8000_split_v4\test\ai\vqdm_00033.png,vqdm_00033.png,test,vqdm,1,robust,clean,none,0.8338841199874878,1
data\splits\genimage_8000_split_v4\test\ai\glide_00081.png,glide_00081.png,test,glide,1,robust,clean,none,1.0,1
data\splits\genimage_8000_split_v4\test\ai\adm_00075.png,adm_00075.png,test,adm,1,robust,clean,none,0.9999891519546509,1
data\splits\genimage_8000_split_v4\test\ai\midjourney_00012.png,midjourney_00012.png,test,midjourney,1,robust,clean,none,0.9999969005584717,1
data\splits\genimage_8000_split_v4\test\ai\glide_00028.png,glide_00028.png,test,glide,1,robust,clean,none,1.0,1
data\splits\genimage_8000_split_v4\test\ai\vqdm_00057.png,vqdm_00057.png,test,vqdm,1,robust,clean,none,1.0,1
data\splits\genimage_8000_split_v4\test\ai\sdv5_00068.png,sdv5_00068.png,test,sdv5,1,robust,clean,none,0.9771948456764221,1
data\splits\genimage_8000_split_v4\test\ai\vqdm_00036.png,vqdm_00036.png,test,vqdm,1,robust,clean,none,0.6351782083511353,1
data\splits\genimage_8000_split_v4\test\ai\adm_00001.png,adm_00001.png,test,adm,1,robust,clean,none,1.0,1
data\splits\genimage_8000_split_v4\test\ai\biggan_00054.png,biggan_00054.png,test,biggan,1,robust,clean,none,0.9758013486862183,1
data\splits\genimage_8000_split_v4\test\ai\vqdm_00058.png,vqdm_00058.png,test,vqdm,1,robust,clean,none,1.0,1
data\splits\genimage_8000_split_v4\test\ai\sdv5_00035.png,sdv5_00035.png,test,sdv5,1,robust,clean,none,0.9998347759246826,1
data\splits\genimage_8000_split_v4\test\ai\glide_00018.png,glide_00018.png,test,glide,1,robust,clean,none,0.008185249753296375,0
data\splits\genimage_8000_split_v4\test\ai\adm_00008.png,adm_00008.png,test,adm,1,robust,clean,none,1.0,1
data\splits\genimage_8000_split_v4\test\ai\biggan_00067.png,biggan_00067.png,test,biggan,1,robust,clean,none,0.9999886751174927,1
data\splits\genimage_8000_split_v4\test\ai\glide_00004.png,glide_00004.png,test,glide,1,robust,clean,none,0.966970682144165,1
data\splits\genimage_8000_split_v4\test\ai\midjourney_00083.png,midjourney_00083.png,test,midjourney,1,robust,clean,none,0.9937800765037537,1
data\splits\genimage_8000_split_v4\test\ai\wukong_00026.png,wukong_00026.png,test,wukong,1,robust,clean,none,1.0,1
data\splits\genimage_8000_split_v4\test\ai\sdv5_00028.png,sdv5_00028.png,test,sdv5,1,robust,clean,none,0.9991819262504578,1
data\splits\genimage_8000_split_v4\test\ai\midjourney_00042.png,midjourney_00042.png,test,midjourney,1,robust,clean,none,0.9999998807907104,1
data\splits\genimage_8000_split_v4\test\ai\adm_00060.png,adm_00060.png,test,adm,1,robust,clean,none,0.9993740916252136,1
data\splits\genimage_8000_split_v4\test\ai\glide_00003.png,glide_00003.png,test,glide,1,robust,clean,none,0.9999922513961792,1
data\splits\genimage_8000_split_v4\test\ai\glide_00025.png,glide_00025.png,test,glide,1,robust,clean,none,0.9999831914901733,1
data\splits\genimage_8000_split_v4\test\ai\biggan_00026.png,biggan_00026.png,test,biggan,1,robust,clean,none,0.998016357421875,1
data\splits\genimage_8000_split_v4\test\ai\adm_00077.png,adm_00077.png,test,adm,1,robust,clean,none,1.0,1
data\splits\genimage_8000_split_v4\test\ai\adm_00047.png,adm_00047.png,test,adm,1,robust,clean,none,0.9999995231628418,1
data\splits\genimage_8000_split_v4\test\ai\sdv5_00033.png,sdv5_00033.png,test,sdv5,1,robust,clean,none,1.0,1
data\splits\genimage_8000_split_v4\test\ai\midjourney_00032.png,midjourney_00032.png,test,midjourney,1,robust,clean,none,0.9999856948852539,1
data\splits\genimage_8000_split_v4\test\ai\biggan_00064.png,biggan_00064.png,test,biggan,1,robust,clean,none,0.7761471271514893,1
data\splits\genimage_8000_split_v4\test\ai\vqdm_00074.png,vqdm_00074.png,test,vqdm,1,robust,clean,none,0.9999998807907104,1
data\splits\genimage_8000_split_v4\test\ai\biggan_00038.png,biggan_00038.png,test,biggan,1,robust,clean,none,0.9992806315422058,1
data\splits\genimage_8000_split_v4\test\ai\adm_00082.png,adm_00082.png,test,adm,1,robust,clean,none,1.0,1
data\splits\genimage_8000_split_v4\test\ai\wukong_00007.png,wukong_00007.png,test,wukong,1,robust,clean,none,0.9998483657836914,1
data\splits\genimage_8000_split_v4\test\ai\wukong_00060.png,wukong_00060.png,test,wukong,1,robust,clean,none,1.0,1
data\splits\genimage_8000_split_v4\test\ai\sdv5_00041.png,sdv5_00041.png,test,sdv5,1,robust,clean,none,0.9993987083435059,1
data\splits\genimage_8000_split_v4\test\ai\vqdm_00038.png,vqdm_00038.png,test,vqdm,1,robust,clean,none,0.9999991655349731,1
data\splits\genimage_8000_split_v4\test\ai\wukong_00001.png,wukong_00001.png,test,wukong,1,robust,clean,none,1.0,1
data\splits\genimage_8000_split_v4\test\ai\midjourney_00015.png,midjourney_00015.png,test,midjourney,1,robust,clean,none,0.9999996423721313,1
data\splits\genimage_8000_split_v4\test\ai\biggan_00047.png,biggan_00047.png,test,biggan,1,robust,clean,none,0.9999990463256836,1
data\splits\genimage_8000_split_v4\test\ai\glide_00030.png,glide_00030.png,test,glide,1,robust,clean,none,0.9998080134391785,1
data\splits\genimage_8000_split_v4\test\ai\vqdm_00047.png,vqdm_00047.png,test,vqdm,1,robust,clean,none,0.020580744370818138,0
data\splits\genimage_8000_split_v4\test\ai\sdv5_00084.png,sdv5_00084.png,test,sdv5,1,robust,clean,none,0.9988310933113098,1
data\splits\genimage_8000_split_v4\test\ai\vqdm_00083.png,vqdm_00083.png,test,vqdm,1,robust,clean,none,0.9999833106994629,1
data\splits\genimage_8000_split_v4\test\ai\biggan_00068.png,biggan_00068.png,test,biggan,1,robust,clean,none,0.997090220451355,1
data\splits\genimage_8000_split_v4\test\ai\sdv5_00058.png,sdv5_00058.png,test,sdv5,1,robust,clean,none,0.9999849796295166,1
data\splits\genimage_8000_split_v4\test\ai\sdv5_00006.png,sdv5_00006.png,test,sdv5,1,robust,clean,none,0.9993010759353638,1
data\splits\genimage_8000_split_v4\test\ai\biggan_00044.png,biggan_00044.png,test,biggan,1,robust,clean,none,0.9948506951332092,1
data\splits\genimage_8000_split_v4\test\ai\midjourney_00003.png,midjourney_00003.png,test,midjourney,1,robust,clean,none,0.9999954700469971,1
data\splits\genimage_8000_split_v4\test\ai\sdv5_00027.png,sdv5_00027.png,test,sdv5,1,robust,clean,none,0.9999656677246094,1
data\splits\genimage_8000_split_v4\test\ai\biggan_00072.png,biggan_00072.png,test,biggan,1,robust,clean,none,0.9999903440475464,1
data\splits\genimage_8000_split_v4\test\ai\vqdm_00030.png,vqdm_00030.png,test,vqdm,1,robust,clean,none,0.947858452796936,1
data\splits\genimage_8000_split_v4\test\ai\vqdm_00085.png,vqdm_00085.png,test,vqdm,1,robust,clean,none,0.8753267526626587,1
data\splits\genimage_8000_split_v4\test\ai\wukong_00071.png,wukong_00071.png,test,wukong,1,robust,clean,none,0.9999995231628418,1
data\splits\genimage_8000_split_v4\test\ai\adm_00062.png,adm_00062.png,test,adm,1,robust,clean,none,0.9995206594467163,1
data\splits\genimage_8000_split_v4\test\ai\adm_00000.png,adm_00000.png,test,adm,1,robust,clean,none,0.999996542930603,1
data\splits\genimage_8000_split_v4\test\ai\wukong_00044.png,wukong_00044.png,test,wukong,1,robust,clean,none,0.9999771118164062,1
data\splits\genimage_8000_split_v4\test\ai\glide_00075.png,glide_00075.png,test,glide,1,robust,clean,none,0.9667189717292786,1
data\splits\genimage_8000_split_v4\test\ai\vqdm_00040.png,vqdm_00040.png,test,vqdm,1,robust,clean,none,0.6211305856704712,1
data\splits\genimage_8000_split_v4\test\ai\wukong_00082.png,wukong_00082.png,test,wukong,1,robust,clean,none,1.0,1
data\splits\genimage_8000_split_v4\test\ai\midjourney_00019.png,midjourney_00019.png,test,midjourney,1,robust,clean,none,0.9985320568084717,1
data\splits\genimage_8000_split_v4\test\ai\adm_00065.png,adm_00065.png,test,adm,1,robust,clean,none,1.0,1
data\splits\genimage_8000_split_v4\test\ai\midjourney_00022.png,midjourney_00022.png,test,midjourney,1,robust,clean,none,0.9953639507293701,1
data\splits\genimage_8000_split_v4\test\ai\midjourney_00052.png,midjourney_00052.png,test,midjourney,1,robust,clean,none,0.003322105621919036,0
data\splits\genimage_8000_split_v4\test\ai\adm_00046.png,adm_00046.png,test,adm,1,robust,clean,none,1.0,1
data\splits\genimage_8000_split_v4\test\ai\wukong_00048.png,wukong_00048.png,test,wukong,1,robust,clean,none,0.9914103150367737,1
data\splits\genimage_8000_split_v4\test\ai\vqdm_00045.png,vqdm_00045.png,test,vqdm,1,robust,clean,none,0.999308705329895,1
data\splits\genimage_8000_split_v4\test\ai\biggan_00036.png,biggan_00036.png,test,biggan,1,robust,clean,none,0.9942591190338135,1
data\splits\genimage_8000_split_v4\test\ai\sdv5_00038.png,sdv5_00038.png,test,sdv5,1,robust,clean,none,0.963317334651947,1
data\splits\genimage_8000_split_v4\test\ai\vqdm_00050.png,vqdm_00050.png,test,vqdm,1,robust,clean,none,0.595850944519043,1
data\splits\genimage_8000_split_v4\test\ai\biggan_00041.png,biggan_00041.png,test,biggan,1,robust,clean,none,0.9999997615814209,1
data\splits\genimage_8000_split_v4\test\ai\vqdm_00051.png,vqdm_00051.png,test,vqdm,1,robust,clean,none,0.9864699244499207,1
data\splits\genimage_8000_split_v4\test\ai\glide_00054.png,glide_00054.png,test,glide,1,robust,clean,none,0.9932532906532288,1
data\splits\genimage_8000_split_v4\test\ai\sdv5_00062.png,sdv5_00062.png,test,sdv5,1,robust,clean,none,1.0,1
data\splits\genimage_8000_split_v4\test\ai\sdv5_00060.png,sdv5_00060.png,test,sdv5,1,robust,clean,none,0.995173990726471,1
data\splits\genimage_8000_split_v4\test\ai\glide_00079.png,glide_00079.png,test,glide,1,robust,clean,none,0.3180960416793823,0
data\splits\genimage_8000_split_v4\test\ai\midjourney_00004.png,midjourney_00004.png,test,midjourney,1,robust,clean,none,0.999987006187439,1
data\splits\genimage_8000_split_v4\test\ai\wukong_00040.png,wukong_00040.png,test,wukong,1,robust,clean,none,0.9999998807907104,1
data\splits\genimage_8000_split_v4\test\ai\biggan_00060.png,biggan_00060.png,test,biggan,1,robust,clean,none,0.9998388290405273,1
data\splits\genimage_8000_split_v4\test\ai\wukong_00049.png,wukong_00049.png,test,wukong,1,robust,clean,none,0.9793521165847778,1
data\splits\genimage_8000_split_v4\test\ai\wukong_00035.png,wukong_00035.png,test,wukong,1,robust,clean,none,0.6907841563224792,1
data\splits\genimage_8000_split_v4\test\ai\adm_00010.png,adm_00010.png,test,adm,1,robust,clean,none,0.9999910593032837,1
data\splits\genimage_8000_split_v4\test\ai\sdv5_00064.png,sdv5_00064.png,test,sdv5,1,robust,clean,none,0.7170472741127014,1
data\splits\genimage_8000_split_v4\test\ai\adm_00059.png,adm_00059.png,test,adm,1,robust,clean,none,0.9999997615814209,1
data\splits\genimage_8000_split_v4\test\ai\midjourney_00048.png,midjourney_00048.png,test,midjourney,1,robust,clean,none,0.9999924898147583,1
data\splits\genimage_8000_split_v4\test\ai\midjourney_00016.png,midjourney_00016.png,test,midjourney,1,robust,clean,none,0.9192919731140137,1
data\splits\genimage_8000_split_v4\test\ai\biggan_00007.png,biggan_00007.png,test,biggan,1,robust,clean,none,0.7159411311149597,1
data\splits\genimage_8000_split_v4\test\ai\glide_00067.png,glide_00067.png,test,glide,1,robust,clean,none,0.9979137778282166,1
data\splits\genimage_8000_split_v4\test\ai\glide_00046.png,glide_00046.png,test,glide,1,robust,clean,none,0.9993645548820496,1
data\splits\genimage_8000_split_v4\test\ai\vqdm_00053.png,vqdm_00053.png,test,vqdm,1,robust,clean,none,0.9999315738677979,1
data\splits\genimage_8000_split_v4\test\ai\adm_00071.png,adm_00071.png,test,adm,1,robust,clean,none,1.0,1
data\splits\genimage_8000_split_v4\test\ai\glide_00022.png,glide_00022.png,test,glide,1,robust,clean,none,0.9999995231628418,1
data\splits\genimage_8000_split_v4\test\ai\sdv5_00082.png,sdv5_00082.png,test,sdv5,1,robust,clean,none,0.9999997615814209,1
data\splits\genimage_8000_split_v4\test\ai\vqdm_00003.png,vqdm_00003.png,test,vqdm,1,robust,clean,none,0.9163852334022522,1
data\splits\genimage_8000_split_v4\test\ai\midjourney_00035.png,midjourney_00035.png,test,midjourney,1,robust,clean,none,0.9967843294143677,1
data\splits\genimage_8000_split_v4\test\ai\glide_00031.png,glide_00031.png,test,glide,1,robust,clean,none,0.9999992847442627,1
data\splits\genimage_8000_split_v4\test\ai\vqdm_00063.png,vqdm_00063.png,test,vqdm,1,robust,clean,none,0.9989728927612305,1
data\splits\genimage_8000_split_v4\test\ai\wukong_00016.png,wukong_00016.png,test,wukong,1,robust,clean,none,0.9999815225601196,1
data\splits\genimage_8000_split_v4\test\ai\wukong_00054.png,wukong_00054.png,test,wukong,1,robust,clean,none,0.9999998807907104,1
data\splits\genimage_8000_split_v4\test\ai\biggan_00002.png,biggan_00002.png,test,biggan,1,robust,clean,none,0.9883370995521545,1
data\splits\genimage_8000_split_v4\test\ai\adm_00049.png,adm_00049.png,test,adm,1,robust,clean,none,1.0,1
data\splits\genimage_8000_split_v4\test\ai\sdv5_00002.png,sdv5_00002.png,test,sdv5,1,robust,clean,none,1.0,1
data\splits\genimage_8000_split_v4\test\ai\biggan_00025.png,biggan_00025.png,test,biggan,1,robust,clean,none,0.9958925247192383,1
data\splits\genimage_8000_split_v4\test\ai\biggan_00071.png,biggan_00071.png,test,biggan,1,robust,clean,none,0.9998924732208252,1
data\splits\genimage_8000_split_v4\test\ai\biggan_00051.png,biggan_00051.png,test,biggan,1,robust,clean,none,0.47791409492492676,0
data\splits\genimage_8000_split_v4\test\ai\wukong_00081.png,wukong_00081.png,test,wukong,1,robust,clean,none,0.9989767074584961,1
data\splits\genimage_8000_split_v4\test\ai\sdv5_00022.png,sdv5_00022.png,test,sdv5,1,robust,clean,none,1.0,1
data\splits\genimage_8000_split_v4\test\real\real_00486.jpeg,real_00486.jpeg,test,real,0,robust,png,png-lossless,1.1691269037328311e-06,0
data\splits\genimage_8000_split_v4\test\real\real_00382.jpeg,real_00382.jpeg,test,real,0,robust,png,png-lossless,1.0937009110867368e-11,0
data\splits\genimage_8000_split_v4\test\real\real_00117.jpeg,real_00117.jpeg,test,real,0,robust,png,png-lossless,0.0025987911503762007,0
data\splits\genimage_8000_split_v4\test\real\real_00354.jpeg,real_00354.jpeg,test,real,0,robust,png,png-lossless,3.099340922796401e-11,0
data\splits\genimage_8000_split_v4\test\real\real_00076.jpeg,real_00076.jpeg,test,real,0,robust,png,png-lossless,9.028372005559504e-06,0
data\splits\genimage_8000_split_v4\test\real\real_00395.jpeg,real_00395.jpeg,test,real,0,robust,png,png-lossless,4.762195544572023e-07,0
data\splits\genimage_8000_split_v4\test\real\real_00348.jpeg,real_00348.jpeg,test,real,0,robust,png,png-lossless,0.4958578944206238,0
data\splits\genimage_8000_split_v4\test\real\real_00307.jpeg,real_00307.jpeg,test,real,0,robust,png,png-lossless,3.1319648100550684e-19,0
data\splits\genimage_8000_split_v4\test\real\real_00438.jpeg,real_00438.jpeg,test,real,0,robust,png,png-lossless,6.836652145150989e-38,0
data\splits\genimage_8000_split_v4\test\real\real_00393.jpeg,real_00393.jpeg,test,real,0,robust,png,png-lossless,9.036417395691387e-06,0
data\splits\genimage_8000_split_v4\test\real\real_00566.jpeg,real_00566.jpeg,test,real,0,robust,png,png-lossless,4.2051542550325394e-05,0
data\splits\genimage_8000_split_v4\test\real\real_00055.jpeg,real_00055.jpeg,test,real,0,robust,png,png-lossless,0.38686421513557434,0
data\splits\genimage_8000_split_v4\test\real\real_00416.jpeg,real_00416.jpeg,test,real,0,robust,png,png-lossless,0.10469978302717209,0
data\splits\genimage_8000_split_v4\test\real\real_00304.jpeg,real_00304.jpeg,test,real,0,robust,png,png-lossless,6.125875200628545e-25,0
data\splits\genimage_8000_split_v4\test\real\real_00135.jpeg,real_00135.jpeg,test,real,0,robust,png,png-lossless,0.7990938425064087,1
data\splits\genimage_8000_split_v4\test\real\real_00387.jpeg,real_00387.jpeg,test,real,0,robust,png,png-lossless,2.850803815235281e-09,0
data\splits\genimage_8000_split_v4\test\real\real_00040.jpeg,real_00040.jpeg,test,real,0,robust,png,png-lossless,7.934254853125822e-08,0
data\splits\genimage_8000_split_v4\test\real\real_00563.jpeg,real_00563.jpeg,test,real,0,robust,png,png-lossless,0.0002576661645434797,0
data\splits\genimage_8000_split_v4\test\real\real_00457.jpeg,real_00457.jpeg,test,real,0,robust,png,png-lossless,6.2842486769909556e-09,0
data\splits\genimage_8000_split_v4\test\real\real_00561.jpeg,real_00561.jpeg,test,real,0,robust,png,png-lossless,1.3578750213127933e-06,0
data\splits\genimage_8000_split_v4\test\real\real_00288.jpeg,real_00288.jpeg,test,real,0,robust,png,png-lossless,0.0006749153835698962,0
data\splits\genimage_8000_split_v4\test\real\real_00271.jpeg,real_00271.jpeg,test,real,0,robust,png,png-lossless,0.0002712691784836352,0
data\splits\genimage_8000_split_v4\test\real\real_00185.jpeg,real_00185.jpeg,test,real,0,robust,png,png-lossless,0.1941215991973877,0
data\splits\genimage_8000_split_v4\test\real\real_00216.jpeg,real_00216.jpeg,test,real,0,robust,png,png-lossless,0.027097851037979126,0
data\splits\genimage_8000_split_v4\test\real\real_00180.jpeg,real_00180.jpeg,test,real,0,robust,png,png-lossless,0.9698550701141357,1
data\splits\genimage_8000_split_v4\test\real\real_00189.jpeg,real_00189.jpeg,test,real,0,robust,png,png-lossless,1.859012627392076e-06,0
data\splits\genimage_8000_split_v4\test\real\real_00396.jpeg,real_00396.jpeg,test,real,0,robust,png,png-lossless,0.41918444633483887,0
data\splits\genimage_8000_split_v4\test\real\real_00131.jpeg,real_00131.jpeg,test,real,0,robust,png,png-lossless,0.0036902783904224634,0
data\splits\genimage_8000_split_v4\test\real\real_00557.jpeg,real_00557.jpeg,test,real,0,robust,png,png-lossless,2.2084158774696855e-13,0
data\splits\genimage_8000_split_v4\test\real\real_00266.jpeg,real_00266.jpeg,test,real,0,robust,png,png-lossless,5.9994876210112125e-05,0
data\splits\genimage_8000_split_v4\test\real\real_00207.jpeg,real_00207.jpeg,test,real,0,robust,png,png-lossless,6.389832506400149e-18,0
data\splits\genimage_8000_split_v4\test\real\real_00141.jpeg,real_00141.jpeg,test,real,0,robust,png,png-lossless,0.6777946949005127,1
data\splits\genimage_8000_split_v4\test\real\real_00407.jpeg,real_00407.jpeg,test,real,0,robust,png,png-lossless,0.9995074272155762,1
data\splits\genimage_8000_split_v4\test\real\real_00026.jpeg,real_00026.jpeg,test,real,0,robust,png,png-lossless,0.9411168098449707,1
data\splits\genimage_8000_split_v4\test\real\real_00046.jpeg,real_00046.jpeg,test,real,0,robust,png,png-lossless,6.025630341355281e-07,0
data\splits\genimage_8000_split_v4\test\real\real_00585.jpeg,real_00585.jpeg,test,real,0,robust,png,png-lossless,3.397437240036178e-17,0
data\splits\genimage_8000_split_v4\test\real\real_00206.jpeg,real_00206.jpeg,test,real,0,robust,png,png-lossless,0.8536785840988159,1
data\splits\genimage_8000_split_v4\test\real\real_00297.jpeg,real_00297.jpeg,test,real,0,robust,png,png-lossless,1.2132055360325467e-07,0
data\splits\genimage_8000_split_v4\test\real\real_00401.jpeg,real_00401.jpeg,test,real,0,robust,png,png-lossless,1.162860371550778e-05,0
data\splits\genimage_8000_split_v4\test\real\real_00339.jpeg,real_00339.jpeg,test,real,0,robust,png,png-lossless,7.255605621522832e-13,0
data\splits\genimage_8000_split_v4\test\real\real_00403.jpeg,real_00403.jpeg,test,real,0,robust,png,png-lossless,0.5193066596984863,1
data\splits\genimage_8000_split_v4\test\real\real_00344.jpeg,real_00344.jpeg,test,real,0,robust,png,png-lossless,8.091419978484282e-09,0
data\splits\genimage_8000_split_v4\test\real\real_00560.jpeg,real_00560.jpeg,test,real,0,robust,png,png-lossless,0.06444546580314636,0
data\splits\genimage_8000_split_v4\test\real\real_00553.jpeg,real_00553.jpeg,test,real,0,robust,png,png-lossless,0.001497811172157526,0
data\splits\genimage_8000_split_v4\test\real\real_00598.jpeg,real_00598.jpeg,test,real,0,robust,png,png-lossless,0.00020293450506869704,0
data\splits\genimage_8000_split_v4\test\real\real_00497.jpeg,real_00497.jpeg,test,real,0,robust,png,png-lossless,6.642113703492214e-07,0
data\splits\genimage_8000_split_v4\test\real\real_00253.jpeg,real_00253.jpeg,test,real,0,robust,png,png-lossless,1.079569411755582e-20,0
data\splits\genimage_8000_split_v4\test\real\real_00577.jpeg,real_00577.jpeg,test,real,0,robust,png,png-lossless,2.903621994870596e-17,0
data\splits\genimage_8000_split_v4\test\real\real_00394.jpeg,real_00394.jpeg,test,real,0,robust,png,png-lossless,0.009495777077972889,0
data\splits\genimage_8000_split_v4\test\real\real_00445.jpeg,real_00445.jpeg,test,real,0,robust,png,png-lossless,0.8855944871902466,1
data\splits\genimage_8000_split_v4\test\real\real_00050.jpeg,real_00050.jpeg,test,real,0,robust,png,png-lossless,0.6009403467178345,1
data\splits\genimage_8000_split_v4\test\real\real_00269.jpeg,real_00269.jpeg,test,real,0,robust,png,png-lossless,2.233999790712815e-10,0
data\splits\genimage_8000_split_v4\test\real\real_00151.jpeg,real_00151.jpeg,test,real,0,robust,png,png-lossless,0.9892149567604065,1
data\splits\genimage_8000_split_v4\test\real\real_00190.jpeg,real_00190.jpeg,test,real,0,robust,png,png-lossless,3.265428150101002e-09,0
data\splits\genimage_8000_split_v4\test\real\real_00250.jpeg,real_00250.jpeg,test,real,0,robust,png,png-lossless,4.895821081873919e-09,0
data\splits\genimage_8000_split_v4\test\real\real_00257.jpeg,real_00257.jpeg,test,real,0,robust,png,png-lossless,0.0003821864374913275,0
data\splits\genimage_8000_split_v4\test\real\real_00008.jpeg,real_00008.jpeg,test,real,0,robust,png,png-lossless,2.468887724468849e-13,0
data\splits\genimage_8000_split_v4\test\real\real_00398.jpeg,real_00398.jpeg,test,real,0,robust,png,png-lossless,0.2369685024023056,0
data\splits\genimage_8000_split_v4\test\real\real_00322.jpeg,real_00322.jpeg,test,real,0,robust,png,png-lossless,6.585624419130909e-07,0
data\splits\genimage_8000_split_v4\test\real\real_00230.jpeg,real_00230.jpeg,test,real,0,robust,png,png-lossless,0.6163416504859924,1
data\splits\genimage_8000_split_v4\test\real\real_00219.jpeg,real_00219.jpeg,test,real,0,robust,png,png-lossless,4.396959532582123e-11,0
data\splits\genimage_8000_split_v4\test\real\real_00550.jpeg,real_00550.jpeg,test,real,0,robust,png,png-lossless,0.00019493818399496377,0
data\splits\genimage_8000_split_v4\test\real\real_00528.jpeg,real_00528.jpeg,test,real,0,robust,png,png-lossless,5.216573117650114e-05,0
data\splits\genimage_8000_split_v4\test\real\real_00039.jpeg,real_00039.jpeg,test,real,0,robust,png,png-lossless,1.7430998013878707e-06,0
data\splits\genimage_8000_split_v4\test\real\real_00274.jpeg,real_00274.jpeg,test,real,0,robust,png,png-lossless,0.003844057209789753,0
data\splits\genimage_8000_split_v4\test\real\real_00414.jpeg,real_00414.jpeg,test,real,0,robust,png,png-lossless,0.25871047377586365,0
data\splits\genimage_8000_split_v4\test\real\real_00038.jpeg,real_00038.jpeg,test,real,0,robust,png,png-lossless,0.06155829876661301,0
data\splits\genimage_8000_split_v4\test\real\real_00434.jpeg,real_00434.jpeg,test,real,0,robust,png,png-lossless,0.0766105055809021,0
data\splits\genimage_8000_split_v4\test\real\real_00279.jpeg,real_00279.jpeg,test,real,0,robust,png,png-lossless,0.02223546802997589,0
data\splits\genimage_8000_split_v4\test\real\real_00077.jpeg,real_00077.jpeg,test,real,0,robust,png,png-lossless,0.20697523653507233,0
data\splits\genimage_8000_split_v4\test\real\real_00312.jpeg,real_00312.jpeg,test,real,0,robust,png,png-lossless,0.15888546407222748,0
data\splits\genimage_8000_split_v4\test\real\real_00482.jpeg,real_00482.jpeg,test,real,0,robust,png,png-lossless,0.9989483952522278,1
data\splits\genimage_8000_split_v4\test\real\real_00178.jpeg,real_00178.jpeg,test,real,0,robust,png,png-lossless,0.7547503709793091,1
data\splits\genimage_8000_split_v4\test\real\real_00535.jpeg,real_00535.jpeg,test,real,0,robust,png,png-lossless,0.0006088788504712284,0
data\splits\genimage_8000_split_v4\test\real\real_00345.jpeg,real_00345.jpeg,test,real,0,robust,png,png-lossless,5.251681045592704e-07,0
data\splits\genimage_8000_split_v4\test\real\real_00019.jpeg,real_00019.jpeg,test,real,0,robust,png,png-lossless,0.006591117009520531,0
data\splits\genimage_8000_split_v4\test\real\real_00143.jpeg,real_00143.jpeg,test,real,0,robust,png,png-lossless,0.03368184715509415,0
data\splits\genimage_8000_split_v4\test\real\real_00496.jpeg,real_00496.jpeg,test,real,0,robust,png,png-lossless,1.526394655115837e-08,0
data\splits\genimage_8000_split_v4\test\real\real_00522.jpeg,real_00522.jpeg,test,real,0,robust,png,png-lossless,3.8860121228302955e-23,0
data\splits\genimage_8000_split_v4\test\real\real_00451.jpeg,real_00451.jpeg,test,real,0,robust,png,png-lossless,1.207259847646469e-10,0
data\splits\genimage_8000_split_v4\test\real\real_00371.jpeg,real_00371.jpeg,test,real,0,robust,png,png-lossless,5.086511507129687e-12,0
data\splits\genimage_8000_split_v4\test\real\real_00060.jpeg,real_00060.jpeg,test,real,0,robust,png,png-lossless,0.9995825886726379,1
data\splits\genimage_8000_split_v4\test\real\real_00410.jpeg,real_00410.jpeg,test,real,0,robust,png,png-lossless,0.29984405636787415,0
data\splits\genimage_8000_split_v4\test\real\real_00248.jpeg,real_00248.jpeg,test,real,0,robust,png,png-lossless,0.7476696372032166,1
data\splits\genimage_8000_split_v4\test\real\real_00043.jpeg,real_00043.jpeg,test,real,0,robust,png,png-lossless,0.9566588997840881,1
data\splits\genimage_8000_split_v4\test\real\real_00104.jpeg,real_00104.jpeg,test,real,0,robust,png,png-lossless,2.0271798562704335e-12,0
data\splits\genimage_8000_split_v4\test\real\real_00238.jpeg,real_00238.jpeg,test,real,0,robust,png,png-lossless,4.3700151830528e-10,0
data\splits\genimage_8000_split_v4\test\real\real_00251.jpeg,real_00251.jpeg,test,real,0,robust,png,png-lossless,1.4817240490128114e-10,0
data\splits\genimage_8000_split_v4\test\real\real_00017.jpeg,real_00017.jpeg,test,real,0,robust,png,png-lossless,5.3628469720568006e-11,0
data\splits\genimage_8000_split_v4\test\real\real_00500.jpeg,real_00500.jpeg,test,real,0,robust,png,png-lossless,1.8536241335256887e-13,0
data\splits\genimage_8000_split_v4\test\real\real_00056.jpeg,real_00056.jpeg,test,real,0,robust,png,png-lossless,5.218811111262767e-06,0
data\splits\genimage_8000_split_v4\test\real\real_00227.jpeg,real_00227.jpeg,test,real,0,robust,png,png-lossless,2.4105710849653406e-07,0
data\splits\genimage_8000_split_v4\test\real\real_00347.jpeg,real_00347.jpeg,test,real,0,robust,png,png-lossless,6.794104775303955e-12,0
data\splits\genimage_8000_split_v4\test\real\real_00176.jpeg,real_00176.jpeg,test,real,0,robust,png,png-lossless,0.9727206826210022,1
data\splits\genimage_8000_split_v4\test\real\real_00085.jpeg,real_00085.jpeg,test,real,0,robust,png,png-lossless,3.0916136756773197e-14,0
data\splits\genimage_8000_split_v4\test\real\real_00586.jpeg,real_00586.jpeg,test,real,0,robust,png,png-lossless,4.1776003771760994e-15,0
data\splits\genimage_8000_split_v4\test\real\real_00193.jpeg,real_00193.jpeg,test,real,0,robust,png,png-lossless,7.936404244901496e-08,0
data\splits\genimage_8000_split_v4\test\real\real_00018.jpeg,real_00018.jpeg,test,real,0,robust,png,png-lossless,0.9593272805213928,1
data\splits\genimage_8000_split_v4\test\real\real_00342.jpeg,real_00342.jpeg,test,real,0,robust,png,png-lossless,0.02709672413766384,0
data\splits\genimage_8000_split_v4\test\real\real_00359.jpeg,real_00359.jpeg,test,real,0,robust,png,png-lossless,0.9610826373100281,1
data\splits\genimage_8000_split_v4\test\real\real_00163.jpeg,real_00163.jpeg,test,real,0,robust,png,png-lossless,0.177475243806839,0
data\splits\genimage_8000_split_v4\test\real\real_00527.jpeg,real_00527.jpeg,test,real,0,robust,png,png-lossless,4.385084685054608e-05,0
data\splits\genimage_8000_split_v4\test\real\real_00444.jpeg,real_00444.jpeg,test,real,0,robust,png,png-lossless,0.019925115630030632,0
data\splits\genimage_8000_split_v4\test\real\real_00440.jpeg,real_00440.jpeg,test,real,0,robust,png,png-lossless,0.002886260859668255,0
data\splits\genimage_8000_split_v4\test\real\real_00096.jpeg,real_00096.jpeg,test,real,0,robust,png,png-lossless,0.6219645142555237,1
data\splits\genimage_8000_split_v4\test\real\real_00165.jpeg,real_00165.jpeg,test,real,0,robust,png,png-lossless,0.00042595641571097076,0
data\splits\genimage_8000_split_v4\test\real\real_00576.jpeg,real_00576.jpeg,test,real,0,robust,png,png-lossless,0.9986371397972107,1
data\splits\genimage_8000_split_v4\test\real\real_00375.jpeg,real_00375.jpeg,test,real,0,robust,png,png-lossless,0.003302992321550846,0
data\splits\genimage_8000_split_v4\test\real\real_00300.jpeg,real_00300.jpeg,test,real,0,robust,png,png-lossless,1.2224122656334657e-06,0
data\splits\genimage_8000_split_v4\test\real\real_00503.jpeg,real_00503.jpeg,test,real,0,robust,png,png-lossless,0.9978249073028564,1
data\splits\genimage_8000_split_v4\test\real\real_00499.jpeg,real_00499.jpeg,test,real,0,robust,png,png-lossless,1.7691102982553275e-07,0
data\splits\genimage_8000_split_v4\test\real\real_00283.jpeg,real_00283.jpeg,test,real,0,robust,png,png-lossless,7.912398134609456e-17,0
data\splits\genimage_8000_split_v4\test\real\real_00160.jpeg,real_00160.jpeg,test,real,0,robust,png,png-lossless,0.45601212978363037,0
data\splits\genimage_8000_split_v4\test\real\real_00260.jpeg,real_00260.jpeg,test,real,0,robust,png,png-lossless,5.655544100591214e-06,0
data\splits\genimage_8000_split_v4\test\real\real_00208.jpeg,real_00208.jpeg,test,real,0,robust,png,png-lossless,1.4141572396435167e-17,0
data\splits\genimage_8000_split_v4\test\real\real_00262.jpeg,real_00262.jpeg,test,real,0,robust,png,png-lossless,0.030170446261763573,0
data\splits\genimage_8000_split_v4\test\real\real_00213.jpeg,real_00213.jpeg,test,real,0,robust,png,png-lossless,0.10896524786949158,0
data\splits\genimage_8000_split_v4\test\real\real_00476.jpeg,real_00476.jpeg,test,real,0,robust,png,png-lossless,1.236401389256847e-13,0
data\splits\genimage_8000_split_v4\test\real\real_00092.jpeg,real_00092.jpeg,test,real,0,robust,png,png-lossless,0.7093999981880188,1
data\splits\genimage_8000_split_v4\test\real\real_00324.jpeg,real_00324.jpeg,test,real,0,robust,png,png-lossless,0.5920621156692505,1
data\splits\genimage_8000_split_v4\test\real\real_00425.jpeg,real_00425.jpeg,test,real,0,robust,png,png-lossless,0.7294591665267944,1
data\splits\genimage_8000_split_v4\test\real\real_00559.jpeg,real_00559.jpeg,test,real,0,robust,png,png-lossless,5.306162051965657e-07,0
data\splits\genimage_8000_split_v4\test\real\real_00015.jpeg,real_00015.jpeg,test,real,0,robust,png,png-lossless,6.2539292761652505e-15,0
data\splits\genimage_8000_split_v4\test\real\real_00562.jpeg,real_00562.jpeg,test,real,0,robust,png,png-lossless,5.212038740864955e-05,0
data\splits\genimage_8000_split_v4\test\real\real_00514.jpeg,real_00514.jpeg,test,real,0,robust,png,png-lossless,3.1707811289777288e-12,0
data\splits\genimage_8000_split_v4\test\real\real_00580.jpeg,real_00580.jpeg,test,real,0,robust,png,png-lossless,0.00038749678060412407,0
data\splits\genimage_8000_split_v4\test\real\real_00202.jpeg,real_00202.jpeg,test,real,0,robust,png,png-lossless,0.08722513169050217,0
data\splits\genimage_8000_split_v4\test\real\real_00402.jpeg,real_00402.jpeg,test,real,0,robust,png,png-lossless,1.1022452915676606e-11,0
data\splits\genimage_8000_split_v4\test\real\real_00057.jpeg,real_00057.jpeg,test,real,0,robust,png,png-lossless,3.5022726322858037e-19,0
data\splits\genimage_8000_split_v4\test\real\real_00007.jpeg,real_00007.jpeg,test,real,0,robust,png,png-lossless,0.005319620482623577,0
data\splits\genimage_8000_split_v4\test\real\real_00388.jpeg,real_00388.jpeg,test,real,0,robust,png,png-lossless,0.0010886234231293201,0
data\splits\genimage_8000_split_v4\test\real\real_00016.jpeg,real_00016.jpeg,test,real,0,robust,png,png-lossless,1.4528033404971021e-34,0
data\splits\genimage_8000_split_v4\test\real\real_00506.jpeg,real_00506.jpeg,test,real,0,robust,png,png-lossless,0.28117287158966064,0
data\splits\genimage_8000_split_v4\test\real\real_00028.jpeg,real_00028.jpeg,test,real,0,robust,png,png-lossless,1.7316292542091105e-06,0
data\splits\genimage_8000_split_v4\test\real\real_00572.jpeg,real_00572.jpeg,test,real,0,robust,png,png-lossless,0.1501159518957138,0
data\splits\genimage_8000_split_v4\test\real\real_00381.jpeg,real_00381.jpeg,test,real,0,robust,png,png-lossless,5.3780113375978544e-05,0
data\splits\genimage_8000_split_v4\test\real\real_00268.jpeg,real_00268.jpeg,test,real,0,robust,png,png-lossless,0.10232529789209366,0
data\splits\genimage_8000_split_v4\test\real\real_00512.jpeg,real_00512.jpeg,test,real,0,robust,png,png-lossless,0.024702994152903557,0
data\splits\genimage_8000_split_v4\test\real\real_00006.jpeg,real_00006.jpeg,test,real,0,robust,png,png-lossless,0.7518687844276428,1
data\splits\genimage_8000_split_v4\test\real\real_00289.jpeg,real_00289.jpeg,test,real,0,robust,png,png-lossless,2.6563247956801206e-05,0
data\splits\genimage_8000_split_v4\test\real\real_00519.jpeg,real_00519.jpeg,test,real,0,robust,png,png-lossless,0.004660858307033777,0
data\splits\genimage_8000_split_v4\test\real\real_00252.jpeg,real_00252.jpeg,test,real,0,robust,png,png-lossless,0.001689018215984106,0
data\splits\genimage_8000_split_v4\test\real\real_00211.jpeg,real_00211.jpeg,test,real,0,robust,png,png-lossless,0.020123541355133057,0
data\splits\genimage_8000_split_v4\test\real\real_00147.jpeg,real_00147.jpeg,test,real,0,robust,png,png-lossless,4.187617363982099e-09,0
data\splits\genimage_8000_split_v4\test\real\real_00181.jpeg,real_00181.jpeg,test,real,0,robust,png,png-lossless,0.6998339891433716,1
data\splits\genimage_8000_split_v4\test\real\real_00458.jpeg,real_00458.jpeg,test,real,0,robust,png,png-lossless,0.03401477634906769,0
data\splits\genimage_8000_split_v4\test\real\real_00329.jpeg,real_00329.jpeg,test,real,0,robust,png,png-lossless,7.722077561622733e-21,0
data\splits\genimage_8000_split_v4\test\real\real_00545.jpeg,real_00545.jpeg,test,real,0,robust,png,png-lossless,8.828193131193984e-06,0
data\splits\genimage_8000_split_v4\test\real\real_00568.jpeg,real_00568.jpeg,test,real,0,robust,png,png-lossless,0.0001266151521122083,0
data\splits\genimage_8000_split_v4\test\real\real_00031.jpeg,real_00031.jpeg,test,real,0,robust,png,png-lossless,5.226726915315803e-16,0
data\splits\genimage_8000_split_v4\test\real\real_00171.jpeg,real_00171.jpeg,test,real,0,robust,png,png-lossless,6.3137613324215636e-06,0
data\splits\genimage_8000_split_v4\test\real\real_00320.jpeg,real_00320.jpeg,test,real,0,robust,png,png-lossless,8.226373182651514e-08,0
data\splits\genimage_8000_split_v4\test\real\real_00083.jpeg,real_00083.jpeg,test,real,0,robust,png,png-lossless,4.286218882043613e-07,0
data\splits\genimage_8000_split_v4\test\real\real_00012.jpeg,real_00012.jpeg,test,real,0,robust,png,png-lossless,0.04863385856151581,0
data\splits\genimage_8000_split_v4\test\real\real_00357.jpeg,real_00357.jpeg,test,real,0,robust,png,png-lossless,0.005126992240548134,0
data\splits\genimage_8000_split_v4\test\real\real_00346.jpeg,real_00346.jpeg,test,real,0,robust,png,png-lossless,0.6832502484321594,1
data\splits\genimage_8000_split_v4\test\real\real_00450.jpeg,real_00450.jpeg,test,real,0,robust,png,png-lossless,0.0012495249975472689,0
data\splits\genimage_8000_split_v4\test\real\real_00356.jpeg,real_00356.jpeg,test,real,0,robust,png,png-lossless,0.7767049074172974,1
data\splits\genimage_8000_split_v4\test\real\real_00594.jpeg,real_00594.jpeg,test,real,0,robust,png,png-lossless,0.04778390750288963,0
data\splits\genimage_8000_split_v4\test\real\real_00048.jpeg,real_00048.jpeg,test,real,0,robust,png,png-lossless,0.018792999908328056,0
data\splits\genimage_8000_split_v4\test\real\real_00158.jpeg,real_00158.jpeg,test,real,0,robust,png,png-lossless,1.2578045159236662e-12,0
data\splits\genimage_8000_split_v4\test\real\real_00521.jpeg,real_00521.jpeg,test,real,0,robust,png,png-lossless,0.17746415734291077,0
data\splits\genimage_8000_split_v4\test\real\real_00285.jpeg,real_00285.jpeg,test,real,0,robust,png,png-lossless,0.2766132652759552,0
data\splits\genimage_8000_split_v4\test\real\real_00270.jpeg,real_00270.jpeg,test,real,0,robust,png,png-lossless,0.00019974532187916338,0
data\splits\genimage_8000_split_v4\test\real\real_00533.jpeg,real_00533.jpeg,test,real,0,robust,png,png-lossless,0.024856727570295334,0
data\splits\genimage_8000_split_v4\test\real\real_00494.jpeg,real_00494.jpeg,test,real,0,robust,png,png-lossless,0.0016235806979238987,0
data\splits\genimage_8000_split_v4\test\real\real_00317.jpeg,real_00317.jpeg,test,real,0,robust,png,png-lossless,0.32436877489089966,0
data\splits\genimage_8000_split_v4\test\real\real_00296.jpeg,real_00296.jpeg,test,real,0,robust,png,png-lossless,1.702763363667701e-24,0
data\splits\genimage_8000_split_v4\test\real\real_00237.jpeg,real_00237.jpeg,test,real,0,robust,png,png-lossless,0.00010064449452329427,0
data\splits\genimage_8000_split_v4\test\real\real_00242.jpeg,real_00242.jpeg,test,real,0,robust,png,png-lossless,0.0007685620803385973,0
data\splits\genimage_8000_split_v4\test\real\real_00584.jpeg,real_00584.jpeg,test,real,0,robust,png,png-lossless,8.723472092242446e-06,0
data\splits\genimage_8000_split_v4\test\real\real_00570.jpeg,real_00570.jpeg,test,real,0,robust,png,png-lossless,8.262036743644785e-08,0
data\splits\genimage_8000_split_v4\test\real\real_00133.jpeg,real_00133.jpeg,test,real,0,robust,png,png-lossless,0.0010699847480282187,0
data\splits\genimage_8000_split_v4\test\real\real_00047.jpeg,real_00047.jpeg,test,real,0,robust,png,png-lossless,3.028265282978282e-08,0
data\splits\genimage_8000_split_v4\test\real\real_00480.jpeg,real_00480.jpeg,test,real,0,robust,png,png-lossless,3.846982144750655e-05,0
data\splits\genimage_8000_split_v4\test\real\real_00210.jpeg,real_00210.jpeg,test,real,0,robust,png,png-lossless,0.014806664548814297,0
data\splits\genimage_8000_split_v4\test\real\real_00301.jpeg,real_00301.jpeg,test,real,0,robust,png,png-lossless,0.8470137119293213,1
data\splits\genimage_8000_split_v4\test\real\real_00574.jpeg,real_00574.jpeg,test,real,0,robust,png,png-lossless,0.48947370052337646,0
data\splits\genimage_8000_split_v4\test\real\real_00134.jpeg,real_00134.jpeg,test,real,0,robust,png,png-lossless,0.1698041558265686,0
data\splits\genimage_8000_split_v4\test\real\real_00597.jpeg,real_00597.jpeg,test,real,0,robust,png,png-lossless,0.9999339580535889,1
data\splits\genimage_8000_split_v4\test\real\real_00281.jpeg,real_00281.jpeg,test,real,0,robust,png,png-lossless,0.4740968346595764,0
data\splits\genimage_8000_split_v4\test\real\real_00332.jpeg,real_00332.jpeg,test,real,0,robust,png,png-lossless,0.290165513753891,0
data\splits\genimage_8000_split_v4\test\real\real_00415.jpeg,real_00415.jpeg,test,real,0,robust,png,png-lossless,6.484231605293064e-15,0
data\splits\genimage_8000_split_v4\test\real\real_00093.jpeg,real_00093.jpeg,test,real,0,robust,png,png-lossless,0.968491792678833,1
data\splits\genimage_8000_split_v4\test\real\real_00526.jpeg,real_00526.jpeg,test,real,0,robust,png,png-lossless,6.787330875113184e-08,0
data\splits\genimage_8000_split_v4\test\real\real_00259.jpeg,real_00259.jpeg,test,real,0,robust,png,png-lossless,0.0067090061493217945,0
data\splits\genimage_8000_split_v4\test\real\real_00128.jpeg,real_00128.jpeg,test,real,0,robust,png,png-lossless,0.09244150668382645,0
data\splits\genimage_8000_split_v4\test\real\real_00173.jpeg,real_00173.jpeg,test,real,0,robust,png,png-lossless,0.00019904434157069772,0
data\splits\genimage_8000_split_v4\test\real\real_00005.jpeg,real_00005.jpeg,test,real,0,robust,png,png-lossless,2.2198900515297794e-17,0
data\splits\genimage_8000_split_v4\test\real\real_00532.jpeg,real_00532.jpeg,test,real,0,robust,png,png-lossless,0.9660025835037231,1
data\splits\genimage_8000_split_v4\test\real\real_00061.jpeg,real_00061.jpeg,test,real,0,robust,png,png-lossless,4.705626952209037e-16,0
data\splits\genimage_8000_split_v4\test\real\real_00313.jpeg,real_00313.jpeg,test,real,0,robust,png,png-lossless,2.285451411454531e-10,0
data\splits\genimage_8000_split_v4\test\real\real_00130.jpeg,real_00130.jpeg,test,real,0,robust,png,png-lossless,3.7684834636522724e-13,0
data\splits\genimage_8000_split_v4\test\real\real_00454.jpeg,real_00454.jpeg,test,real,0,robust,png,png-lossless,1.7288227056530547e-13,0
data\splits\genimage_8000_split_v4\test\real\real_00204.jpeg,real_00204.jpeg,test,real,0,robust,png,png-lossless,3.879464632077287e-16,0
data\splits\genimage_8000_split_v4\test\real\real_00337.jpeg,real_00337.jpeg,test,real,0,robust,png,png-lossless,0.003726207185536623,0
data\splits\genimage_8000_split_v4\test\real\real_00195.jpeg,real_00195.jpeg,test,real,0,robust,png,png-lossless,2.6841790509019026e-12,0
data\splits\genimage_8000_split_v4\test\real\real_00187.jpeg,real_00187.jpeg,test,real,0,robust,png,png-lossless,6.517995643662289e-05,0
data\splits\genimage_8000_split_v4\test\real\real_00489.jpeg,real_00489.jpeg,test,real,0,robust,png,png-lossless,6.435468824506074e-10,0
data\splits\genimage_8000_split_v4\test\real\real_00385.jpeg,real_00385.jpeg,test,real,0,robust,png,png-lossless,0.00111268216278404,0
data\splits\genimage_8000_split_v4\test\real\real_00221.jpeg,real_00221.jpeg,test,real,0,robust,png,png-lossless,3.763959630087577e-12,0
data\splits\genimage_8000_split_v4\test\real\real_00027.jpeg,real_00027.jpeg,test,real,0,robust,png,png-lossless,0.36888208985328674,0
data\splits\genimage_8000_split_v4\test\real\real_00022.jpeg,real_00022.jpeg,test,real,0,robust,png,png-lossless,6.020714221589053e-19,0
data\splits\genimage_8000_split_v4\test\real\real_00331.jpeg,real_00331.jpeg,test,real,0,robust,png,png-lossless,0.3438718318939209,0
data\splits\genimage_8000_split_v4\test\real\real_00159.jpeg,real_00159.jpeg,test,real,0,robust,png,png-lossless,6.800013885310818e-09,0
data\splits\genimage_8000_split_v4\test\real\real_00068.jpeg,real_00068.jpeg,test,real,0,robust,png,png-lossless,0.6008138060569763,1
data\splits\genimage_8000_split_v4\test\real\real_00127.jpeg,real_00127.jpeg,test,real,0,robust,png,png-lossless,8.743157549252574e-20,0
data\splits\genimage_8000_split_v4\test\real\real_00420.jpeg,real_00420.jpeg,test,real,0,robust,png,png-lossless,0.002306608483195305,0
data\splits\genimage_8000_split_v4\test\real\real_00510.jpeg,real_00510.jpeg,test,real,0,robust,png,png-lossless,3.3180253369711883e-18,0
data\splits\genimage_8000_split_v4\test\real\real_00106.jpeg,real_00106.jpeg,test,real,0,robust,png,png-lossless,0.9876847267150879,1
data\splits\genimage_8000_split_v4\test\real\real_00599.jpeg,real_00599.jpeg,test,real,0,robust,png,png-lossless,1.133104987616207e-08,0
data\splits\genimage_8000_split_v4\test\real\real_00419.jpeg,real_00419.jpeg,test,real,0,robust,png,png-lossless,4.1680735307636496e-07,0
data\splits\genimage_8000_split_v4\test\real\real_00286.jpeg,real_00286.jpeg,test,real,0,robust,png,png-lossless,0.19246415793895721,0
data\splits\genimage_8000_split_v4\test\real\real_00341.jpeg,real_00341.jpeg,test,real,0,robust,png,png-lossless,0.1382758617401123,0
data\splits\genimage_8000_split_v4\test\real\real_00263.jpeg,real_00263.jpeg,test,real,0,robust,png,png-lossless,4.691796493716538e-05,0
data\splits\genimage_8000_split_v4\test\real\real_00255.jpeg,real_00255.jpeg,test,real,0,robust,png,png-lossless,0.9968181848526001,1
data\splits\genimage_8000_split_v4\test\real\real_00335.jpeg,real_00335.jpeg,test,real,0,robust,png,png-lossless,1.9603807288604003e-07,0
data\splits\genimage_8000_split_v4\test\real\real_00174.jpeg,real_00174.jpeg,test,real,0,robust,png,png-lossless,6.870295887750899e-09,0
data\splits\genimage_8000_split_v4\test\real\real_00243.jpeg,real_00243.jpeg,test,real,0,robust,png,png-lossless,0.45093807578086853,0
data\splits\genimage_8000_split_v4\test\real\real_00140.jpeg,real_00140.jpeg,test,real,0,robust,png,png-lossless,0.02159317024052143,0
data\splits\genimage_8000_split_v4\test\real\real_00582.jpeg,real_00582.jpeg,test,real,0,robust,png,png-lossless,0.0007370105013251305,0
data\splits\genimage_8000_split_v4\test\real\real_00542.jpeg,real_00542.jpeg,test,real,0,robust,png,png-lossless,0.05600358918309212,0
data\splits\genimage_8000_split_v4\test\real\real_00547.jpeg,real_00547.jpeg,test,real,0,robust,png,png-lossless,2.524115280207277e-25,0
data\splits\genimage_8000_split_v4\test\real\real_00287.jpeg,real_00287.jpeg,test,real,0,robust,png,png-lossless,0.8980366587638855,1
data\splits\genimage_8000_split_v4\test\real\real_00144.jpeg,real_00144.jpeg,test,real,0,robust,png,png-lossless,8.069888757233912e-09,0
data\splits\genimage_8000_split_v4\test\real\real_00214.jpeg,real_00214.jpeg,test,real,0,robust,png,png-lossless,0.027995392680168152,0
data\splits\genimage_8000_split_v4\test\real\real_00234.jpeg,real_00234.jpeg,test,real,0,robust,png,png-lossless,0.9974921941757202,1
data\splits\genimage_8000_split_v4\test\real\real_00595.jpeg,real_00595.jpeg,test,real,0,robust,png,png-lossless,8.843807108860346e-07,0
data\splits\genimage_8000_split_v4\test\real\real_00075.jpeg,real_00075.jpeg,test,real,0,robust,png,png-lossless,2.8195311753756447e-13,0
data\splits\genimage_8000_split_v4\test\real\real_00295.jpeg,real_00295.jpeg,test,real,0,robust,png,png-lossless,0.0772336795926094,0
data\splits\genimage_8000_split_v4\test\real\real_00070.jpeg,real_00070.jpeg,test,real,0,robust,png,png-lossless,0.0011633748654276133,0
data\splits\genimage_8000_split_v4\test\real\real_00148.jpeg,real_00148.jpeg,test,real,0,robust,png,png-lossless,3.317064400931713e-10,0
data\splits\genimage_8000_split_v4\test\real\real_00491.jpeg,real_00491.jpeg,test,real,0,robust,png,png-lossless,3.4795277315424755e-05,0
data\splits\genimage_8000_split_v4\test\real\real_00090.jpeg,real_00090.jpeg,test,real,0,robust,png,png-lossless,0.03468189388513565,0
data\splits\genimage_8000_split_v4\test\real\real_00063.jpeg,real_00063.jpeg,test,real,0,robust,png,png-lossless,4.9467442295281217e-05,0
data\splits\genimage_8000_split_v4\test\real\real_00334.jpeg,real_00334.jpeg,test,real,0,robust,png,png-lossless,0.1731802523136139,0
data\splits\genimage_8000_split_v4\test\real\real_00530.jpeg,real_00530.jpeg,test,real,0,robust,png,png-lossless,0.004720873665064573,0
data\splits\genimage_8000_split_v4\test\real\real_00069.jpeg,real_00069.jpeg,test,real,0,robust,png,png-lossless,0.008012069389224052,0
data\splits\genimage_8000_split_v4\test\real\real_00109.jpeg,real_00109.jpeg,test,real,0,robust,png,png-lossless,0.0001044088858179748,0
data\splits\genimage_8000_split_v4\test\real\real_00321.jpeg,real_00321.jpeg,test,real,0,robust,png,png-lossless,0.0014067100128158927,0
data\splits\genimage_8000_split_v4\test\real\real_00126.jpeg,real_00126.jpeg,test,real,0,robust,png,png-lossless,0.0030120883602648973,0
data\splits\genimage_8000_split_v4\test\real\real_00358.jpeg,real_00358.jpeg,test,real,0,robust,png,png-lossless,0.4861173927783966,0
data\splits\genimage_8000_split_v4\test\real\real_00364.jpeg,real_00364.jpeg,test,real,0,robust,png,png-lossless,0.008356292732059956,0
data\splits\genimage_8000_split_v4\test\real\real_00209.jpeg,real_00209.jpeg,test,real,0,robust,png,png-lossless,0.00035308903898112476,0
data\splits\genimage_8000_split_v4\test\real\real_00292.jpeg,real_00292.jpeg,test,real,0,robust,png,png-lossless,0.26213720440864563,0
data\splits\genimage_8000_split_v4\test\real\real_00473.jpeg,real_00473.jpeg,test,real,0,robust,png,png-lossless,1.9908126796391867e-12,0
data\splits\genimage_8000_split_v4\test\real\real_00367.jpeg,real_00367.jpeg,test,real,0,robust,png,png-lossless,4.0164223058525295e-09,0
data\splits\genimage_8000_split_v4\test\real\real_00228.jpeg,real_00228.jpeg,test,real,0,robust,png,png-lossless,0.022999506443738937,0
data\splits\genimage_8000_split_v4\test\real\real_00463.jpeg,real_00463.jpeg,test,real,0,robust,png,png-lossless,0.004758627153933048,0
data\splits\genimage_8000_split_v4\test\real\real_00529.jpeg,real_00529.jpeg,test,real,0,robust,png,png-lossless,0.9999408721923828,1
data\splits\genimage_8000_split_v4\test\real\real_00376.jpeg,real_00376.jpeg,test,real,0,robust,png,png-lossless,6.711122976787998e-12,0
data\splits\genimage_8000_split_v4\test\real\real_00089.jpeg,real_00089.jpeg,test,real,0,robust,png,png-lossless,0.0683702826499939,0
data\splits\genimage_8000_split_v4\test\real\real_00409.jpeg,real_00409.jpeg,test,real,0,robust,png,png-lossless,6.398374718941113e-09,0
data\splits\genimage_8000_split_v4\test\real\real_00456.jpeg,real_00456.jpeg,test,real,0,robust,png,png-lossless,2.3517223324970304e-12,0
data\splits\genimage_8000_split_v4\test\real\real_00378.jpeg,real_00378.jpeg,test,real,0,robust,png,png-lossless,0.003120677312836051,0
data\splits\genimage_8000_split_v4\test\real\real_00596.jpeg,real_00596.jpeg,test,real,0,robust,png,png-lossless,0.000519176188390702,0
data\splits\genimage_8000_split_v4\test\real\real_00477.jpeg,real_00477.jpeg,test,real,0,robust,png,png-lossless,0.017785778269171715,0
data\splits\genimage_8000_split_v4\test\real\real_00261.jpeg,real_00261.jpeg,test,real,0,robust,png,png-lossless,1.1327586646459054e-09,0
data\splits\genimage_8000_split_v4\test\real\real_00273.jpeg,real_00273.jpeg,test,real,0,robust,png,png-lossless,0.5372317433357239,1
data\splits\genimage_8000_split_v4\test\real\real_00100.jpeg,real_00100.jpeg,test,real,0,robust,png,png-lossless,2.8158610993891674e-20,0
data\splits\genimage_8000_split_v4\test\real\real_00080.jpeg,real_00080.jpeg,test,real,0,robust,png,png-lossless,2.3769998122591396e-11,0
data\splits\genimage_8000_split_v4\test\real\real_00009.jpeg,real_00009.jpeg,test,real,0,robust,png,png-lossless,0.9819616675376892,1
data\splits\genimage_8000_split_v4\test\real\real_00167.jpeg,real_00167.jpeg,test,real,0,robust,png,png-lossless,0.0009850214701145887,0
data\splits\genimage_8000_split_v4\test\real\real_00571.jpeg,real_00571.jpeg,test,real,0,robust,png,png-lossless,0.9970138072967529,1
data\splits\genimage_8000_split_v4\test\real\real_00218.jpeg,real_00218.jpeg,test,real,0,robust,png,png-lossless,1.6988641604598342e-09,0
data\splits\genimage_8000_split_v4\test\real\real_00355.jpeg,real_00355.jpeg,test,real,0,robust,png,png-lossless,0.030450895428657532,0
data\splits\genimage_8000_split_v4\test\real\real_00406.jpeg,real_00406.jpeg,test,real,0,robust,png,png-lossless,0.15295715630054474,0
data\splits\genimage_8000_split_v4\test\real\real_00302.jpeg,real_00302.jpeg,test,real,0,robust,png,png-lossless,0.2195071578025818,0
data\splits\genimage_8000_split_v4\test\real\real_00010.jpeg,real_00010.jpeg,test,real,0,robust,png,png-lossless,0.17421920597553253,0
data\splits\genimage_8000_split_v4\test\real\real_00405.jpeg,real_00405.jpeg,test,real,0,robust,png,png-lossless,0.0010265754535794258,0
data\splits\genimage_8000_split_v4\test\real\real_00447.jpeg,real_00447.jpeg,test,real,0,robust,png,png-lossless,0.004135629162192345,0
data\splits\genimage_8000_split_v4\test\real\real_00379.jpeg,real_00379.jpeg,test,real,0,robust,png,png-lossless,2.75478462263834e-09,0
data\splits\genimage_8000_split_v4\test\real\real_00319.jpeg,real_00319.jpeg,test,real,0,robust,png,png-lossless,0.00012570257240440696,0
data\splits\genimage_8000_split_v4\test\real\real_00543.jpeg,real_00543.jpeg,test,real,0,robust,png,png-lossless,0.0001608147140359506,0
data\splits\genimage_8000_split_v4\test\real\real_00539.jpeg,real_00539.jpeg,test,real,0,robust,png,png-lossless,9.003153536468744e-06,0
data\splits\genimage_8000_split_v4\test\real\real_00579.jpeg,real_00579.jpeg,test,real,0,robust,png,png-lossless,0.16854238510131836,0
data\splits\genimage_8000_split_v4\test\real\real_00459.jpeg,real_00459.jpeg,test,real,0,robust,png,png-lossless,0.2429475337266922,0
data\splits\genimage_8000_split_v4\test\real\real_00587.jpeg,real_00587.jpeg,test,real,0,robust,png,png-lossless,9.598565570962003e-19,0
data\splits\genimage_8000_split_v4\test\real\real_00114.jpeg,real_00114.jpeg,test,real,0,robust,png,png-lossless,0.001334048225544393,0
data\splits\genimage_8000_split_v4\test\real\real_00479.jpeg,real_00479.jpeg,test,real,0,robust,png,png-lossless,1.0304459888176628e-14,0
data\splits\genimage_8000_split_v4\test\real\real_00488.jpeg,real_00488.jpeg,test,real,0,robust,png,png-lossless,0.6919930577278137,1
data\splits\genimage_8000_split_v4\test\real\real_00360.jpeg,real_00360.jpeg,test,real,0,robust,png,png-lossless,1.661314419365567e-10,0
data\splits\genimage_8000_split_v4\test\real\real_00363.jpeg,real_00363.jpeg,test,real,0,robust,png,png-lossless,0.03987165912985802,0
data\splits\genimage_8000_split_v4\test\real\real_00350.jpeg,real_00350.jpeg,test,real,0,robust,png,png-lossless,2.7212482933691717e-08,0
data\splits\genimage_8000_split_v4\test\real\real_00441.jpeg,real_00441.jpeg,test,real,0,robust,png,png-lossless,0.8486676812171936,1
data\splits\genimage_8000_split_v4\test\real\real_00003.jpeg,real_00003.jpeg,test,real,0,robust,png,png-lossless,0.0035483490210026503,0
data\splits\genimage_8000_split_v4\test\real\real_00217.jpeg,real_00217.jpeg,test,real,0,robust,png,png-lossless,8.419488994881874e-10,0
data\splits\genimage_8000_split_v4\test\real\real_00465.jpeg,real_00465.jpeg,test,real,0,robust,png,png-lossless,0.9959301352500916,1
data\splits\genimage_8000_split_v4\test\real\real_00442.jpeg,real_00442.jpeg,test,real,0,robust,png,png-lossless,0.00021572427067440003,0
data\splits\genimage_8000_split_v4\test\real\real_00233.jpeg,real_00233.jpeg,test,real,0,robust,png,png-lossless,6.174147859638879e-09,0
data\splits\genimage_8000_split_v4\test\real\real_00161.jpeg,real_00161.jpeg,test,real,0,robust,png,png-lossless,0.0020276084542274475,0
data\splits\genimage_8000_split_v4\test\real\real_00412.jpeg,real_00412.jpeg,test,real,0,robust,png,png-lossless,0.38566854596138,0
data\splits\genimage_8000_split_v4\test\real\real_00468.jpeg,real_00468.jpeg,test,real,0,robust,png,png-lossless,0.03800325095653534,0
data\splits\genimage_8000_split_v4\test\real\real_00125.jpeg,real_00125.jpeg,test,real,0,robust,png,png-lossless,0.7408517599105835,1
data\splits\genimage_8000_split_v4\test\real\real_00186.jpeg,real_00186.jpeg,test,real,0,robust,png,png-lossless,1.8366872609476559e-06,0
data\splits\genimage_8000_split_v4\test\real\real_00172.jpeg,real_00172.jpeg,test,real,0,robust,png,png-lossless,6.69733850600096e-08,0
data\splits\genimage_8000_split_v4\test\real\real_00467.jpeg,real_00467.jpeg,test,real,0,robust,png,png-lossless,1.5664332408960036e-07,0
data\splits\genimage_8000_split_v4\test\real\real_00323.jpeg,real_00323.jpeg,test,real,0,robust,png,png-lossless,3.243021637899801e-06,0
data\splits\genimage_8000_split_v4\test\real\real_00203.jpeg,real_00203.jpeg,test,real,0,robust,png,png-lossless,0.047464121133089066,0
data\splits\genimage_8000_split_v4\test\real\real_00552.jpeg,real_00552.jpeg,test,real,0,robust,png,png-lossless,0.6611284613609314,1
data\splits\genimage_8000_split_v4\test\real\real_00034.jpeg,real_00034.jpeg,test,real,0,robust,png,png-lossless,8.566100405005272e-06,0
data\splits\genimage_8000_split_v4\test\real\real_00142.jpeg,real_00142.jpeg,test,real,0,robust,png,png-lossless,5.7155593822244555e-05,0
data\splits\genimage_8000_split_v4\test\real\real_00059.jpeg,real_00059.jpeg,test,real,0,robust,png,png-lossless,2.116286729192396e-10,0
data\splits\genimage_8000_split_v4\test\real\real_00021.jpeg,real_00021.jpeg,test,real,0,robust,png,png-lossless,0.037764403969049454,0
data\splits\genimage_8000_split_v4\test\real\real_00525.jpeg,real_00525.jpeg,test,real,0,robust,png,png-lossless,0.0063080755062401295,0
data\splits\genimage_8000_split_v4\test\real\real_00275.jpeg,real_00275.jpeg,test,real,0,robust,png,png-lossless,0.0024357764050364494,0
data\splits\genimage_8000_split_v4\test\real\real_00430.jpeg,real_00430.jpeg,test,real,0,robust,png,png-lossless,4.985648633033021e-15,0
data\splits\genimage_8000_split_v4\test\real\real_00349.jpeg,real_00349.jpeg,test,real,0,robust,png,png-lossless,1.2203858281149964e-19,0
data\splits\genimage_8000_split_v4\test\real\real_00373.jpeg,real_00373.jpeg,test,real,0,robust,png,png-lossless,0.7988971471786499,1
data\splits\genimage_8000_split_v4\test\real\real_00078.jpeg,real_00078.jpeg,test,real,0,robust,png,png-lossless,0.00042386192944832146,0
data\splits\genimage_8000_split_v4\test\real\real_00437.jpeg,real_00437.jpeg,test,real,0,robust,png,png-lossless,1.3026172140939707e-08,0
data\splits\genimage_8000_split_v4\test\real\real_00520.jpeg,real_00520.jpeg,test,real,0,robust,png,png-lossless,6.929672053956892e-07,0
data\splits\genimage_8000_split_v4\test\real\real_00564.jpeg,real_00564.jpeg,test,real,0,robust,png,png-lossless,0.011476978659629822,0
data\splits\genimage_8000_split_v4\test\real\real_00578.jpeg,real_00578.jpeg,test,real,0,robust,png,png-lossless,0.014169175177812576,0
data\splits\genimage_8000_split_v4\test\real\real_00225.jpeg,real_00225.jpeg,test,real,0,robust,png,png-lossless,0.00021683578961528838,0
data\splits\genimage_8000_split_v4\test\real\real_00232.jpeg,real_00232.jpeg,test,real,0,robust,png,png-lossless,3.966750417762332e-18,0
data\splits\genimage_8000_split_v4\test\real\real_00194.jpeg,real_00194.jpeg,test,real,0,robust,png,png-lossless,1.8114011854580316e-23,0
data\splits\genimage_8000_split_v4\test\real\real_00278.jpeg,real_00278.jpeg,test,real,0,robust,png,png-lossless,2.388422847086208e-13,0
data\splits\genimage_8000_split_v4\test\real\real_00168.jpeg,real_00168.jpeg,test,real,0,robust,png,png-lossless,8.430807838522014e-07,0
data\splits\genimage_8000_split_v4\test\real\real_00145.jpeg,real_00145.jpeg,test,real,0,robust,png,png-lossless,0.8379652500152588,1
data\splits\genimage_8000_split_v4\test\real\real_00495.jpeg,real_00495.jpeg,test,real,0,robust,png,png-lossless,0.00025093590375036,0
data\splits\genimage_8000_split_v4\test\real\real_00236.jpeg,real_00236.jpeg,test,real,0,robust,png,png-lossless,4.934621529173455e-07,0
data\splits\genimage_8000_split_v4\test\real\real_00121.jpeg,real_00121.jpeg,test,real,0,robust,png,png-lossless,5.6513123445223884e-15,0
data\splits\genimage_8000_split_v4\test\real\real_00455.jpeg,real_00455.jpeg,test,real,0,robust,png,png-lossless,0.0762033462524414,0
data\splits\genimage_8000_split_v4\test\real\real_00177.jpeg,real_00177.jpeg,test,real,0,robust,png,png-lossless,0.00021560912136919796,0
data\splits\genimage_8000_split_v4\test\real\real_00485.jpeg,real_00485.jpeg,test,real,0,robust,png,png-lossless,0.01733039878308773,0
data\splits\genimage_8000_split_v4\test\real\real_00136.jpeg,real_00136.jpeg,test,real,0,robust,png,png-lossless,0.1045544296503067,0
data\splits\genimage_8000_split_v4\test\real\real_00054.jpeg,real_00054.jpeg,test,real,0,robust,png,png-lossless,0.00012765896099153906,0
data\splits\genimage_8000_split_v4\test\real\real_00470.jpeg,real_00470.jpeg,test,real,0,robust,png,png-lossless,1.2460940360976477e-20,0
data\splits\genimage_8000_split_v4\test\real\real_00118.jpeg,real_00118.jpeg,test,real,0,robust,png,png-lossless,9.212723361962105e-10,0
data\splits\genimage_8000_split_v4\test\real\real_00153.jpeg,real_00153.jpeg,test,real,0,robust,png,png-lossless,7.859914148866665e-06,0
data\splits\genimage_8000_split_v4\test\real\real_00384.jpeg,real_00384.jpeg,test,real,0,robust,png,png-lossless,2.225487151008565e-06,0
data\splits\genimage_8000_split_v4\test\real\real_00115.jpeg,real_00115.jpeg,test,real,0,robust,png,png-lossless,0.7501909732818604,1
data\splits\genimage_8000_split_v4\test\real\real_00101.jpeg,real_00101.jpeg,test,real,0,robust,png,png-lossless,0.9950934648513794,1
data\splits\genimage_8000_split_v4\test\real\real_00327.jpeg,real_00327.jpeg,test,real,0,robust,png,png-lossless,0.0014069551834836602,0
data\splits\genimage_8000_split_v4\test\real\real_00164.jpeg,real_00164.jpeg,test,real,0,robust,png,png-lossless,4.3387088226154447e-05,0
data\splits\genimage_8000_split_v4\test\real\real_00538.jpeg,real_00538.jpeg,test,real,0,robust,png,png-lossless,1.1479143040560302e-06,0
data\splits\genimage_8000_split_v4\test\real\real_00049.jpeg,real_00049.jpeg,test,real,0,robust,png,png-lossless,0.8885951042175293,1
data\splits\genimage_8000_split_v4\test\real\real_00544.jpeg,real_00544.jpeg,test,real,0,robust,png,png-lossless,0.005195939913392067,0
data\splits\genimage_8000_split_v4\test\real\real_00154.jpeg,real_00154.jpeg,test,real,0,robust,png,png-lossless,9.417158164382045e-10,0
data\splits\genimage_8000_split_v4\test\real\real_00215.jpeg,real_00215.jpeg,test,real,0,robust,png,png-lossless,0.0002915379009209573,0
data\splits\genimage_8000_split_v4\test\real\real_00124.jpeg,real_00124.jpeg,test,real,0,robust,png,png-lossless,1.7214534568493193e-19,0
data\splits\genimage_8000_split_v4\test\real\real_00223.jpeg,real_00223.jpeg,test,real,0,robust,png,png-lossless,0.00969860702753067,0
data\splits\genimage_8000_split_v4\test\real\real_00065.jpeg,real_00065.jpeg,test,real,0,robust,png,png-lossless,3.1103747915040003e-06,0
data\splits\genimage_8000_split_v4\test\real\real_00282.jpeg,real_00282.jpeg,test,real,0,robust,png,png-lossless,3.743627630115043e-11,0
data\splits\genimage_8000_split_v4\test\real\real_00267.jpeg,real_00267.jpeg,test,real,0,robust,png,png-lossless,6.9041898314026184e-06,0
data\splits\genimage_8000_split_v4\test\real\real_00343.jpeg,real_00343.jpeg,test,real,0,robust,png,png-lossless,0.30557987093925476,0
data\splits\genimage_8000_split_v4\test\real\real_00421.jpeg,real_00421.jpeg,test,real,0,robust,png,png-lossless,3.050764898767729e-27,0
data\splits\genimage_8000_split_v4\test\real\real_00531.jpeg,real_00531.jpeg,test,real,0,robust,png,png-lossless,2.1870981470328843e-07,0
data\splits\genimage_8000_split_v4\test\real\real_00575.jpeg,real_00575.jpeg,test,real,0,robust,png,png-lossless,2.0003431927761994e-05,0
data\splits\genimage_8000_split_v4\test\real\real_00290.jpeg,real_00290.jpeg,test,real,0,robust,png,png-lossless,8.610910384732051e-08,0
data\splits\genimage_8000_split_v4\test\real\real_00336.jpeg,real_00336.jpeg,test,real,0,robust,png,png-lossless,8.238981931412822e-27,0
data\splits\genimage_8000_split_v4\test\real\real_00306.jpeg,real_00306.jpeg,test,real,0,robust,png,png-lossless,0.12007661908864975,0
data\splits\genimage_8000_split_v4\test\real\real_00231.jpeg,real_00231.jpeg,test,real,0,robust,png,png-lossless,0.12828429043293,0
data\splits\genimage_8000_split_v4\test\real\real_00002.jpeg,real_00002.jpeg,test,real,0,robust,png,png-lossless,0.0067622046917676926,0
data\splits\genimage_8000_split_v4\test\real\real_00504.jpeg,real_00504.jpeg,test,real,0,robust,png,png-lossless,0.0019706974271684885,0
data\splits\genimage_8000_split_v4\test\real\real_00536.jpeg,real_00536.jpeg,test,real,0,robust,png,png-lossless,1.1260489145570318e-06,0
data\splits\genimage_8000_split_v4\test\real\real_00362.jpeg,real_00362.jpeg,test,real,0,robust,png,png-lossless,0.00018337985966354609,0
data\splits\genimage_8000_split_v4\test\real\real_00199.jpeg,real_00199.jpeg,test,real,0,robust,png,png-lossless,4.284967508283444e-05,0
data\splits\genimage_8000_split_v4\test\real\real_00023.jpeg,real_00023.jpeg,test,real,0,robust,png,png-lossless,3.323298299047581e-16,0
data\splits\genimage_8000_split_v4\test\real\real_00433.jpeg,real_00433.jpeg,test,real,0,robust,png,png-lossless,0.9963582158088684,1
data\splits\genimage_8000_split_v4\test\real\real_00484.jpeg,real_00484.jpeg,test,real,0,robust,png,png-lossless,0.38959112763404846,0
data\splits\genimage_8000_split_v4\test\real\real_00110.jpeg,real_00110.jpeg,test,real,0,robust,png,png-lossless,4.965751143615194e-10,0
data\splits\genimage_8000_split_v4\test\real\real_00305.jpeg,real_00305.jpeg,test,real,0,robust,png,png-lossless,0.008818340487778187,0
data\splits\genimage_8000_split_v4\test\real\real_00352.jpeg,real_00352.jpeg,test,real,0,robust,png,png-lossless,0.006159670650959015,0
data\splits\genimage_8000_split_v4\test\real\real_00256.jpeg,real_00256.jpeg,test,real,0,robust,png,png-lossless,0.22038084268569946,0
data\splits\genimage_8000_split_v4\test\real\real_00404.jpeg,real_00404.jpeg,test,real,0,robust,png,png-lossless,3.327066266933798e-08,0
data\splits\genimage_8000_split_v4\test\real\real_00523.jpeg,real_00523.jpeg,test,real,0,robust,png,png-lossless,0.527975857257843,1
data\splits\genimage_8000_split_v4\test\real\real_00513.jpeg,real_00513.jpeg,test,real,0,robust,png,png-lossless,0.23209716379642487,0
data\splits\genimage_8000_split_v4\test\real\real_00108.jpeg,real_00108.jpeg,test,real,0,robust,png,png-lossless,0.23503103852272034,0
data\splits\genimage_8000_split_v4\test\real\real_00119.jpeg,real_00119.jpeg,test,real,0,robust,png,png-lossless,0.17538931965827942,0
data\splits\genimage_8000_split_v4\test\real\real_00511.jpeg,real_00511.jpeg,test,real,0,robust,png,png-lossless,0.04737686738371849,0
data\splits\genimage_8000_split_v4\test\real\real_00073.jpeg,real_00073.jpeg,test,real,0,robust,png,png-lossless,2.0470492811921543e-24,0
data\splits\genimage_8000_split_v4\test\real\real_00469.jpeg,real_00469.jpeg,test,real,0,robust,png,png-lossless,0.037164635956287384,0
data\splits\genimage_8000_split_v4\test\real\real_00035.jpeg,real_00035.jpeg,test,real,0,robust,png,png-lossless,3.398369368030896e-14,0
data\splits\genimage_8000_split_v4\test\real\real_00427.jpeg,real_00427.jpeg,test,real,0,robust,png,png-lossless,1.8346827346249484e-06,0
data\splits\genimage_8000_split_v4\test\real\real_00000.jpeg,real_00000.jpeg,test,real,0,robust,png,png-lossless,1.5765114526278722e-17,0
data\splits\genimage_8000_split_v4\test\real\real_00066.jpeg,real_00066.jpeg,test,real,0,robust,png,png-lossless,0.0012053020764142275,0
data\splits\genimage_8000_split_v4\test\real\real_00052.jpeg,real_00052.jpeg,test,real,0,robust,png,png-lossless,1.6498063033642438e-19,0
data\splits\genimage_8000_split_v4\test\real\real_00483.jpeg,real_00483.jpeg,test,real,0,robust,png,png-lossless,3.254348758349897e-16,0
data\splits\genimage_8000_split_v4\test\real\real_00020.jpeg,real_00020.jpeg,test,real,0,robust,png,png-lossless,0.8203005790710449,1
data\splits\genimage_8000_split_v4\test\real\real_00540.jpeg,real_00540.jpeg,test,real,0,robust,png,png-lossless,1.7021992704258082e-08,0
data\splits\genimage_8000_split_v4\test\real\real_00383.jpeg,real_00383.jpeg,test,real,0,robust,png,png-lossless,0.0007730356301181018,0
data\splits\genimage_8000_split_v4\test\real\real_00129.jpeg,real_00129.jpeg,test,real,0,robust,png,png-lossless,0.00024056737311184406,0
data\splits\genimage_8000_split_v4\test\real\real_00505.jpeg,real_00505.jpeg,test,real,0,robust,png,png-lossless,9.473195214705013e-23,0
data\splits\genimage_8000_split_v4\test\real\real_00517.jpeg,real_00517.jpeg,test,real,0,robust,png,png-lossless,7.475535676348954e-05,0
data\splits\genimage_8000_split_v4\test\real\real_00291.jpeg,real_00291.jpeg,test,real,0,robust,png,png-lossless,6.044369001756422e-06,0
data\splits\genimage_8000_split_v4\test\real\real_00328.jpeg,real_00328.jpeg,test,real,0,robust,png,png-lossless,0.8758813142776489,1
data\splits\genimage_8000_split_v4\test\real\real_00082.jpeg,real_00082.jpeg,test,real,0,robust,png,png-lossless,3.436348428031977e-11,0
data\splits\genimage_8000_split_v4\test\real\real_00413.jpeg,real_00413.jpeg,test,real,0,robust,png,png-lossless,0.00031372110242955387,0
data\splits\genimage_8000_split_v4\test\real\real_00201.jpeg,real_00201.jpeg,test,real,0,robust,png,png-lossless,0.7723678350448608,1
data\splits\genimage_8000_split_v4\test\real\real_00422.jpeg,real_00422.jpeg,test,real,0,robust,png,png-lossless,0.0006933335098437965,0
data\splits\genimage_8000_split_v4\test\real\real_00481.jpeg,real_00481.jpeg,test,real,0,robust,png,png-lossless,0.9998410940170288,1
data\splits\genimage_8000_split_v4\test\real\real_00249.jpeg,real_00249.jpeg,test,real,0,robust,png,png-lossless,1.1734952209963012e-07,0
data\splits\genimage_8000_split_v4\test\real\real_00591.jpeg,real_00591.jpeg,test,real,0,robust,png,png-lossless,0.080828458070755,0
data\splits\genimage_8000_split_v4\test\real\real_00103.jpeg,real_00103.jpeg,test,real,0,robust,png,png-lossless,0.04162462428212166,0
data\splits\genimage_8000_split_v4\test\real\real_00058.jpeg,real_00058.jpeg,test,real,0,robust,png,png-lossless,1.7558484517336747e-26,0
data\splits\genimage_8000_split_v4\test\real\real_00029.jpeg,real_00029.jpeg,test,real,0,robust,png,png-lossless,0.028800973668694496,0
data\splits\genimage_8000_split_v4\test\real\real_00551.jpeg,real_00551.jpeg,test,real,0,robust,png,png-lossless,4.4031767743035743e-07,0
data\splits\genimage_8000_split_v4\test\real\real_00453.jpeg,real_00453.jpeg,test,real,0,robust,png,png-lossless,1.0,1
data\splits\genimage_8000_split_v4\test\real\real_00041.jpeg,real_00041.jpeg,test,real,0,robust,png,png-lossless,1.8173719581682235e-05,0
data\splits\genimage_8000_split_v4\test\real\real_00316.jpeg,real_00316.jpeg,test,real,0,robust,png,png-lossless,2.0543804879480376e-08,0
data\splits\genimage_8000_split_v4\test\real\real_00449.jpeg,real_00449.jpeg,test,real,0,robust,png,png-lossless,3.103438530160929e-06,0
data\splits\genimage_8000_split_v4\test\real\real_00198.jpeg,real_00198.jpeg,test,real,0,robust,png,png-lossless,0.0006441083969548345,0
data\splits\genimage_8000_split_v4\test\real\real_00310.jpeg,real_00310.jpeg,test,real,0,robust,png,png-lossless,0.004035376477986574,0
data\splits\genimage_8000_split_v4\test\real\real_00205.jpeg,real_00205.jpeg,test,real,0,robust,png,png-lossless,2.261288972942471e-19,0
data\splits\genimage_8000_split_v4\test\real\real_00011.jpeg,real_00011.jpeg,test,real,0,robust,png,png-lossless,0.002077837008982897,0
data\splits\genimage_8000_split_v4\test\real\real_00556.jpeg,real_00556.jpeg,test,real,0,robust,png,png-lossless,6.35542455711402e-05,0
data\splits\genimage_8000_split_v4\test\real\real_00294.jpeg,real_00294.jpeg,test,real,0,robust,png,png-lossless,1.2582180089482087e-11,0
data\splits\genimage_8000_split_v4\test\real\real_00112.jpeg,real_00112.jpeg,test,real,0,robust,png,png-lossless,0.4615572392940521,0
data\splits\genimage_8000_split_v4\test\real\real_00170.jpeg,real_00170.jpeg,test,real,0,robust,png,png-lossless,1.1258699069177606e-17,0
data\splits\genimage_8000_split_v4\test\real\real_00569.jpeg,real_00569.jpeg,test,real,0,robust,png,png-lossless,1.747929231910028e-11,0
data\splits\genimage_8000_split_v4\test\real\real_00318.jpeg,real_00318.jpeg,test,real,0,robust,png,png-lossless,0.003926242236047983,0
data\splits\genimage_8000_split_v4\test\real\real_00397.jpeg,real_00397.jpeg,test,real,0,robust,png,png-lossless,0.00015828099276404828,0
data\splits\genimage_8000_split_v4\test\real\real_00014.jpeg,real_00014.jpeg,test,real,0,robust,png,png-lossless,0.14648620784282684,0
data\splits\genimage_8000_split_v4\test\real\real_00196.jpeg,real_00196.jpeg,test,real,0,robust,png,png-lossless,7.006492321624085e-45,0
data\splits\genimage_8000_split_v4\test\real\real_00191.jpeg,real_00191.jpeg,test,real,0,robust,png,png-lossless,0.8179264664649963,1
data\splits\genimage_8000_split_v4\test\real\real_00192.jpeg,real_00192.jpeg,test,real,0,robust,png,png-lossless,2.4140197460008694e-17,0
data\splits\genimage_8000_split_v4\test\real\real_00353.jpeg,real_00353.jpeg,test,real,0,robust,png,png-lossless,0.9543395042419434,1
data\splits\genimage_8000_split_v4\test\real\real_00254.jpeg,real_00254.jpeg,test,real,0,robust,png,png-lossless,9.776208731437919e-10,0
data\splits\genimage_8000_split_v4\test\real\real_00169.jpeg,real_00169.jpeg,test,real,0,robust,png,png-lossless,2.572404312131682e-12,0
data\splits\genimage_8000_split_v4\test\real\real_00370.jpeg,real_00370.jpeg,test,real,0,robust,png,png-lossless,4.3694044115963606e-26,0
data\splits\genimage_8000_split_v4\test\real\real_00004.jpeg,real_00004.jpeg,test,real,0,robust,png,png-lossless,0.022446023300290108,0
data\splits\genimage_8000_split_v4\test\real\real_00368.jpeg,real_00368.jpeg,test,real,0,robust,png,png-lossless,0.48750728368759155,0
data\splits\genimage_8000_split_v4\test\real\real_00417.jpeg,real_00417.jpeg,test,real,0,robust,png,png-lossless,0.892333984375,1
data\splits\genimage_8000_split_v4\test\real\real_00333.jpeg,real_00333.jpeg,test,real,0,robust,png,png-lossless,8.290219557238743e-05,0
data\splits\genimage_8000_split_v4\test\real\real_00123.jpeg,real_00123.jpeg,test,real,0,robust,png,png-lossless,0.006556858774274588,0
data\splits\genimage_8000_split_v4\test\real\real_00380.jpeg,real_00380.jpeg,test,real,0,robust,png,png-lossless,0.2691221833229065,0
data\splits\genimage_8000_split_v4\test\real\real_00179.jpeg,real_00179.jpeg,test,real,0,robust,png,png-lossless,0.00011396959598641843,0
data\splits\genimage_8000_split_v4\test\real\real_00400.jpeg,real_00400.jpeg,test,real,0,robust,png,png-lossless,2.8019437650073087e-06,0
data\splits\genimage_8000_split_v4\test\real\real_00369.jpeg,real_00369.jpeg,test,real,0,robust,png,png-lossless,0.0008237098809331656,0
data\splits\genimage_8000_split_v4\test\real\real_00051.jpeg,real_00051.jpeg,test,real,0,robust,png,png-lossless,0.3744569718837738,0
data\splits\genimage_8000_split_v4\test\real\real_00097.jpeg,real_00097.jpeg,test,real,0,robust,png,png-lossless,1.583401535754092e-05,0
data\splits\genimage_8000_split_v4\test\real\real_00515.jpeg,real_00515.jpeg,test,real,0,robust,png,png-lossless,2.787137418636121e-05,0
data\splits\genimage_8000_split_v4\test\real\real_00446.jpeg,real_00446.jpeg,test,real,0,robust,png,png-lossless,0.0022341010626405478,0
data\splits\genimage_8000_split_v4\test\real\real_00155.jpeg,real_00155.jpeg,test,real,0,robust,png,png-lossless,0.01001182571053505,0
data\splits\genimage_8000_split_v4\test\real\real_00277.jpeg,real_00277.jpeg,test,real,0,robust,png,png-lossless,0.00014527750317938626,0
data\splits\genimage_8000_split_v4\test\real\real_00098.jpeg,real_00098.jpeg,test,real,0,robust,png,png-lossless,3.210420818078319e-09,0
data\splits\genimage_8000_split_v4\test\real\real_00107.jpeg,real_00107.jpeg,test,real,0,robust,png,png-lossless,0.00027211153064854443,0
data\splits\genimage_8000_split_v4\test\real\real_00087.jpeg,real_00087.jpeg,test,real,0,robust,png,png-lossless,4.14662754337769e-05,0
data\splits\genimage_8000_split_v4\test\real\real_00565.jpeg,real_00565.jpeg,test,real,0,robust,png,png-lossless,0.9287939667701721,1
data\splits\genimage_8000_split_v4\test\real\real_00280.jpeg,real_00280.jpeg,test,real,0,robust,png,png-lossless,2.692093432832032e-21,0
data\splits\genimage_8000_split_v4\test\real\real_00507.jpeg,real_00507.jpeg,test,real,0,robust,png,png-lossless,3.710873576535955e-16,0
data\splits\genimage_8000_split_v4\test\real\real_00326.jpeg,real_00326.jpeg,test,real,0,robust,png,png-lossless,0.00010440420737722889,0
data\splits\genimage_8000_split_v4\test\real\real_00244.jpeg,real_00244.jpeg,test,real,0,robust,png,png-lossless,1.315419935022299e-35,0
data\splits\genimage_8000_split_v4\test\real\real_00033.jpeg,real_00033.jpeg,test,real,0,robust,png,png-lossless,0.18359248340129852,0
data\splits\genimage_8000_split_v4\test\real\real_00064.jpeg,real_00064.jpeg,test,real,0,robust,png,png-lossless,1.593152120415211e-28,0
data\splits\genimage_8000_split_v4\test\real\real_00013.jpeg,real_00013.jpeg,test,real,0,robust,png,png-lossless,1.2228115968862638e-15,0
data\splits\genimage_8000_split_v4\test\real\real_00183.jpeg,real_00183.jpeg,test,real,0,robust,png,png-lossless,0.26109176874160767,0
data\splits\genimage_8000_split_v4\test\real\real_00030.jpeg,real_00030.jpeg,test,real,0,robust,png,png-lossless,2.5021220153575996e-06,0
data\splits\genimage_8000_split_v4\test\real\real_00474.jpeg,real_00474.jpeg,test,real,0,robust,png,png-lossless,7.812534749973565e-05,0
data\splits\genimage_8000_split_v4\test\real\real_00558.jpeg,real_00558.jpeg,test,real,0,robust,png,png-lossless,8.290156188195397e-07,0
data\splits\genimage_8000_split_v4\test\real\real_00088.jpeg,real_00088.jpeg,test,real,0,robust,png,png-lossless,2.604030122380476e-18,0
data\splits\genimage_8000_split_v4\test\real\real_00436.jpeg,real_00436.jpeg,test,real,0,robust,png,png-lossless,0.9638060927391052,1
data\splits\genimage_8000_split_v4\test\real\real_00518.jpeg,real_00518.jpeg,test,real,0,robust,png,png-lossless,3.3591235348851e-10,0
data\splits\genimage_8000_split_v4\test\real\real_00111.jpeg,real_00111.jpeg,test,real,0,robust,png,png-lossless,0.0024991363752633333,0
data\splits\genimage_8000_split_v4\test\real\real_00122.jpeg,real_00122.jpeg,test,real,0,robust,png,png-lossless,0.5633024573326111,1
data\splits\genimage_8000_split_v4\test\real\real_00461.jpeg,real_00461.jpeg,test,real,0,robust,png,png-lossless,0.0071745277382433414,0
data\splits\genimage_8000_split_v4\test\real\real_00239.jpeg,real_00239.jpeg,test,real,0,robust,png,png-lossless,0.0005595703260041773,0
data\splits\genimage_8000_split_v4\test\real\real_00408.jpeg,real_00408.jpeg,test,real,0,robust,png,png-lossless,5.548815806832863e-07,0
data\splits\genimage_8000_split_v4\test\real\real_00460.jpeg,real_00460.jpeg,test,real,0,robust,png,png-lossless,2.8298995955687014e-15,0
data\splits\genimage_8000_split_v4\test\real\real_00138.jpeg,real_00138.jpeg,test,real,0,robust,png,png-lossless,0.0004481870273593813,0
data\splits\genimage_8000_split_v4\test\real\real_00429.jpeg,real_00429.jpeg,test,real,0,robust,png,png-lossless,0.0021249065175652504,0
data\splits\genimage_8000_split_v4\test\real\real_00462.jpeg,real_00462.jpeg,test,real,0,robust,png,png-lossless,5.747637473952381e-26,0
data\splits\genimage_8000_split_v4\test\real\real_00113.jpeg,real_00113.jpeg,test,real,0,robust,png,png-lossless,0.0002770455612335354,0
data\splits\genimage_8000_split_v4\test\real\real_00391.jpeg,real_00391.jpeg,test,real,0,robust,png,png-lossless,6.951024261070415e-05,0
data\splits\genimage_8000_split_v4\test\real\real_00303.jpeg,real_00303.jpeg,test,real,0,robust,png,png-lossless,0.0001526444248156622,0
data\splits\genimage_8000_split_v4\test\real\real_00592.jpeg,real_00592.jpeg,test,real,0,robust,png,png-lossless,0.0,0
data\splits\genimage_8000_split_v4\test\real\real_00157.jpeg,real_00157.jpeg,test,real,0,robust,png,png-lossless,0.013249428011476994,0
data\splits\genimage_8000_split_v4\test\real\real_00475.jpeg,real_00475.jpeg,test,real,0,robust,png,png-lossless,2.354075377297704e-06,0
data\splits\genimage_8000_split_v4\test\real\real_00071.jpeg,real_00071.jpeg,test,real,0,robust,png,png-lossless,1.9272287318017334e-05,0
data\splits\genimage_8000_split_v4\test\real\real_00235.jpeg,real_00235.jpeg,test,real,0,robust,png,png-lossless,1.0532669421081664e-06,0
data\splits\genimage_8000_split_v4\test\real\real_00067.jpeg,real_00067.jpeg,test,real,0,robust,png,png-lossless,5.113265760152681e-18,0
data\splits\genimage_8000_split_v4\test\real\real_00502.jpeg,real_00502.jpeg,test,real,0,robust,png,png-lossless,8.868612349033356e-05,0
data\splits\genimage_8000_split_v4\test\real\real_00099.jpeg,real_00099.jpeg,test,real,0,robust,png,png-lossless,0.7954306602478027,1
data\splits\genimage_8000_split_v4\test\real\real_00508.jpeg,real_00508.jpeg,test,real,0,robust,png,png-lossless,1.2594881582117523e-07,0
data\splits\genimage_8000_split_v4\test\real\real_00036.jpeg,real_00036.jpeg,test,real,0,robust,png,png-lossless,5.023918780988623e-11,0
data\splits\genimage_8000_split_v4\test\real\real_00149.jpeg,real_00149.jpeg,test,real,0,robust,png,png-lossless,3.6217166752180907e-17,0
data\splits\genimage_8000_split_v4\test\real\real_00220.jpeg,real_00220.jpeg,test,real,0,robust,png,png-lossless,1.8885830286308192e-06,0
data\splits\genimage_8000_split_v4\test\real\real_00418.jpeg,real_00418.jpeg,test,real,0,robust,png,png-lossless,1.61952840471713e-07,0
data\splits\genimage_8000_split_v4\test\real\real_00466.jpeg,real_00466.jpeg,test,real,0,robust,png,png-lossless,0.9324800372123718,1
data\splits\genimage_8000_split_v4\test\real\real_00120.jpeg,real_00120.jpeg,test,real,0,robust,png,png-lossless,1.526802122231441e-12,0
data\splits\genimage_8000_split_v4\test\real\real_00139.jpeg,real_00139.jpeg,test,real,0,robust,png,png-lossless,0.03233470395207405,0
data\splits\genimage_8000_split_v4\test\real\real_00589.jpeg,real_00589.jpeg,test,real,0,robust,png,png-lossless,0.8784465789794922,1
data\splits\genimage_8000_split_v4\test\real\real_00276.jpeg,real_00276.jpeg,test,real,0,robust,png,png-lossless,0.2878367006778717,0
data\splits\genimage_8000_split_v4\test\real\real_00377.jpeg,real_00377.jpeg,test,real,0,robust,png,png-lossless,0.0010748514905571938,0
data\splits\genimage_8000_split_v4\test\real\real_00175.jpeg,real_00175.jpeg,test,real,0,robust,png,png-lossless,0.7197253108024597,1
data\splits\genimage_8000_split_v4\test\real\real_00001.jpeg,real_00001.jpeg,test,real,0,robust,png,png-lossless,0.8178724646568298,1
data\splits\genimage_8000_split_v4\test\real\real_00424.jpeg,real_00424.jpeg,test,real,0,robust,png,png-lossless,4.8826203496998843e-11,0
data\splits\genimage_8000_split_v4\test\real\real_00197.jpeg,real_00197.jpeg,test,real,0,robust,png,png-lossless,1.7146697473338635e-12,0
data\splits\genimage_8000_split_v4\test\real\real_00246.jpeg,real_00246.jpeg,test,real,0,robust,png,png-lossless,1.9705878457898507e-06,0
data\splits\genimage_8000_split_v4\test\real\real_00325.jpeg,real_00325.jpeg,test,real,0,robust,png,png-lossless,4.389677997096442e-06,0
data\splits\genimage_8000_split_v4\test\real\real_00150.jpeg,real_00150.jpeg,test,real,0,robust,png,png-lossless,1.1189734294703158e-07,0
data\splits\genimage_8000_split_v4\test\real\real_00501.jpeg,real_00501.jpeg,test,real,0,robust,png,png-lossless,0.00041725169285200536,0
data\splits\genimage_8000_split_v4\test\real\real_00428.jpeg,real_00428.jpeg,test,real,0,robust,png,png-lossless,1.682502988842316e-05,0
data\splits\genimage_8000_split_v4\test\real\real_00222.jpeg,real_00222.jpeg,test,real,0,robust,png,png-lossless,0.00012022448936477304,0
data\splits\genimage_8000_split_v4\test\real\real_00045.jpeg,real_00045.jpeg,test,real,0,robust,png,png-lossless,0.03512666001915932,0
data\splits\genimage_8000_split_v4\test\real\real_00338.jpeg,real_00338.jpeg,test,real,0,robust,png,png-lossless,3.477633435977623e-05,0
data\splits\genimage_8000_split_v4\test\real\real_00390.jpeg,real_00390.jpeg,test,real,0,robust,png,png-lossless,1.5301000644285523e-07,0
data\splits\genimage_8000_split_v4\test\real\real_00062.jpeg,real_00062.jpeg,test,real,0,robust,png,png-lossless,0.0205899216234684,0
data\splits\genimage_8000_split_v4\test\real\real_00426.jpeg,real_00426.jpeg,test,real,0,robust,png,png-lossless,1.098496866802634e-07,0
data\splits\genimage_8000_split_v4\test\real\real_00247.jpeg,real_00247.jpeg,test,real,0,robust,png,png-lossless,0.12555921077728271,0
data\splits\genimage_8000_split_v4\test\real\real_00152.jpeg,real_00152.jpeg,test,real,0,robust,png,png-lossless,0.014917895197868347,0
data\splits\genimage_8000_split_v4\test\real\real_00156.jpeg,real_00156.jpeg,test,real,0,robust,png,png-lossless,0.17510412633419037,0
data\splits\genimage_8000_split_v4\test\real\real_00084.jpeg,real_00084.jpeg,test,real,0,robust,png,png-lossless,0.00021347193978726864,0
data\splits\genimage_8000_split_v4\test\real\real_00212.jpeg,real_00212.jpeg,test,real,0,robust,png,png-lossless,0.0019683917053043842,0
data\splits\genimage_8000_split_v4\test\real\real_00184.jpeg,real_00184.jpeg,test,real,0,robust,png,png-lossless,0.02019210159778595,0
data\splits\genimage_8000_split_v4\test\real\real_00309.jpeg,real_00309.jpeg,test,real,0,robust,png,png-lossless,0.055059436708688736,0
data\splits\genimage_8000_split_v4\test\real\real_00423.jpeg,real_00423.jpeg,test,real,0,robust,png,png-lossless,0.03617219626903534,0
data\splits\genimage_8000_split_v4\test\real\real_00095.jpeg,real_00095.jpeg,test,real,0,robust,png,png-lossless,0.004633075091987848,0
data\splits\genimage_8000_split_v4\test\real\real_00264.jpeg,real_00264.jpeg,test,real,0,robust,png,png-lossless,0.05110114812850952,0
data\splits\genimage_8000_split_v4\test\real\real_00105.jpeg,real_00105.jpeg,test,real,0,robust,png,png-lossless,0.002152768662199378,0
data\splits\genimage_8000_split_v4\test\real\real_00024.jpeg,real_00024.jpeg,test,real,0,robust,png,png-lossless,6.3616102154237875e-21,0
data\splits\genimage_8000_split_v4\test\real\real_00293.jpeg,real_00293.jpeg,test,real,0,robust,png,png-lossless,1.4589877916915128e-11,0
data\splits\genimage_8000_split_v4\test\real\real_00311.jpeg,real_00311.jpeg,test,real,0,robust,png,png-lossless,0.0014379230560734868,0
data\splits\genimage_8000_split_v4\test\real\real_00032.jpeg,real_00032.jpeg,test,real,0,robust,png,png-lossless,0.7560171484947205,1
data\splits\genimage_8000_split_v4\test\real\real_00374.jpeg,real_00374.jpeg,test,real,0,robust,png,png-lossless,4.1279422913730046e-13,0
data\splits\genimage_8000_split_v4\test\real\real_00492.jpeg,real_00492.jpeg,test,real,0,robust,png,png-lossless,1.0001122109290494e-12,0
data\splits\genimage_8000_split_v4\test\real\real_00162.jpeg,real_00162.jpeg,test,real,0,robust,png,png-lossless,0.00012691215670201927,0
data\splits\genimage_8000_split_v4\test\real\real_00588.jpeg,real_00588.jpeg,test,real,0,robust,png,png-lossless,7.867017615126315e-08,0
data\splits\genimage_8000_split_v4\test\real\real_00411.jpeg,real_00411.jpeg,test,real,0,robust,png,png-lossless,8.33209483630526e-08,0
data\splits\genimage_8000_split_v4\test\real\real_00241.jpeg,real_00241.jpeg,test,real,0,robust,png,png-lossless,0.0024318727664649487,0
data\splits\genimage_8000_split_v4\test\real\real_00432.jpeg,real_00432.jpeg,test,real,0,robust,png,png-lossless,0.9846392869949341,1
data\splits\genimage_8000_split_v4\test\real\real_00025.jpeg,real_00025.jpeg,test,real,0,robust,png,png-lossless,0.0032864112872630358,0
data\splits\genimage_8000_split_v4\test\real\real_00079.jpeg,real_00079.jpeg,test,real,0,robust,png,png-lossless,0.02088070660829544,0
data\splits\genimage_8000_split_v4\test\real\real_00351.jpeg,real_00351.jpeg,test,real,0,robust,png,png-lossless,0.3742114007472992,0
data\splits\genimage_8000_split_v4\test\real\real_00590.jpeg,real_00590.jpeg,test,real,0,robust,png,png-lossless,1.0700914638520848e-17,0
data\splits\genimage_8000_split_v4\test\real\real_00240.jpeg,real_00240.jpeg,test,real,0,robust,png,png-lossless,9.454625251237303e-05,0
data\splits\genimage_8000_split_v4\test\real\real_00583.jpeg,real_00583.jpeg,test,real,0,robust,png,png-lossless,0.0002612229436635971,0
data\splits\genimage_8000_split_v4\test\real\real_00116.jpeg,real_00116.jpeg,test,real,0,robust,png,png-lossless,0.052891168743371964,0
data\splits\genimage_8000_split_v4\test\real\real_00081.jpeg,real_00081.jpeg,test,real,0,robust,png,png-lossless,0.0025281489361077547,0
data\splits\genimage_8000_split_v4\test\real\real_00224.jpeg,real_00224.jpeg,test,real,0,robust,png,png-lossless,5.669390156981535e-05,0
data\splits\genimage_8000_split_v4\test\real\real_00372.jpeg,real_00372.jpeg,test,real,0,robust,png,png-lossless,5.82637767365668e-07,0
data\splits\genimage_8000_split_v4\test\real\real_00074.jpeg,real_00074.jpeg,test,real,0,robust,png,png-lossless,0.01606784202158451,0
data\splits\genimage_8000_split_v4\test\real\real_00555.jpeg,real_00555.jpeg,test,real,0,robust,png,png-lossless,3.0072749845899693e-11,0
data\splits\genimage_8000_split_v4\test\real\real_00399.jpeg,real_00399.jpeg,test,real,0,robust,png,png-lossless,3.0456891349228687e-12,0
data\splits\genimage_8000_split_v4\test\real\real_00308.jpeg,real_00308.jpeg,test,real,0,robust,png,png-lossless,0.00942113809287548,0
data\splits\genimage_8000_split_v4\test\real\real_00132.jpeg,real_00132.jpeg,test,real,0,robust,png,png-lossless,0.8156808018684387,1
data\splits\genimage_8000_split_v4\test\real\real_00478.jpeg,real_00478.jpeg,test,real,0,robust,png,png-lossless,6.74899657102275e-14,0
data\splits\genimage_8000_split_v4\test\real\real_00435.jpeg,real_00435.jpeg,test,real,0,robust,png,png-lossless,0.7612411379814148,1
data\splits\genimage_8000_split_v4\test\real\real_00072.jpeg,real_00072.jpeg,test,real,0,robust,png,png-lossless,3.9294012488255703e-10,0
data\splits\genimage_8000_split_v4\test\real\real_00037.jpeg,real_00037.jpeg,test,real,0,robust,png,png-lossless,0.6547042727470398,1
data\splits\genimage_8000_split_v4\test\real\real_00272.jpeg,real_00272.jpeg,test,real,0,robust,png,png-lossless,0.9999239444732666,1
data\splits\genimage_8000_split_v4\test\real\real_00102.jpeg,real_00102.jpeg,test,real,0,robust,png,png-lossless,1.0756685924206977e-06,0
data\splits\genimage_8000_split_v4\test\real\real_00044.jpeg,real_00044.jpeg,test,real,0,robust,png,png-lossless,0.1621914803981781,0
data\splits\genimage_8000_split_v4\test\real\real_00546.jpeg,real_00546.jpeg,test,real,0,robust,png,png-lossless,0.0013902474893257022,0
data\splits\genimage_8000_split_v4\test\real\real_00146.jpeg,real_00146.jpeg,test,real,0,robust,png,png-lossless,6.287695669016102e-06,0
data\splits\genimage_8000_split_v4\test\real\real_00361.jpeg,real_00361.jpeg,test,real,0,robust,png,png-lossless,5.551885919885535e-07,0
data\splits\genimage_8000_split_v4\test\real\real_00498.jpeg,real_00498.jpeg,test,real,0,robust,png,png-lossless,6.144256076368038e-06,0
data\splits\genimage_8000_split_v4\test\real\real_00567.jpeg,real_00567.jpeg,test,real,0,robust,png,png-lossless,8.593116046203345e-14,0
data\splits\genimage_8000_split_v4\test\real\real_00229.jpeg,real_00229.jpeg,test,real,0,robust,png,png-lossless,0.005666819866746664,0
data\splits\genimage_8000_split_v4\test\real\real_00573.jpeg,real_00573.jpeg,test,real,0,robust,png,png-lossless,3.728407635341192e-33,0
data\splits\genimage_8000_split_v4\test\real\real_00452.jpeg,real_00452.jpeg,test,real,0,robust,png,png-lossless,0.00044792797416448593,0
data\splits\genimage_8000_split_v4\test\real\real_00258.jpeg,real_00258.jpeg,test,real,0,robust,png,png-lossless,0.04976697638630867,0
data\splits\genimage_8000_split_v4\test\real\real_00581.jpeg,real_00581.jpeg,test,real,0,robust,png,png-lossless,0.0015981643227860332,0
data\splits\genimage_8000_split_v4\test\real\real_00340.jpeg,real_00340.jpeg,test,real,0,robust,png,png-lossless,0.5878822207450867,1
data\splits\genimage_8000_split_v4\test\real\real_00516.jpeg,real_00516.jpeg,test,real,0,robust,png,png-lossless,2.0954422503835035e-16,0
data\splits\genimage_8000_split_v4\test\real\real_00524.jpeg,real_00524.jpeg,test,real,0,robust,png,png-lossless,0.024087974801659584,0
data\splits\genimage_8000_split_v4\test\real\real_00554.jpeg,real_00554.jpeg,test,real,0,robust,png,png-lossless,0.003286823397502303,0
data\splits\genimage_8000_split_v4\test\real\real_00299.jpeg,real_00299.jpeg,test,real,0,robust,png,png-lossless,3.422875393645119e-36,0
data\splits\genimage_8000_split_v4\test\real\real_00439.jpeg,real_00439.jpeg,test,real,0,robust,png,png-lossless,2.853695878002327e-05,0
data\splits\genimage_8000_split_v4\test\real\real_00166.jpeg,real_00166.jpeg,test,real,0,robust,png,png-lossless,2.8843680222045975e-10,0
data\splits\genimage_8000_split_v4\test\real\real_00392.jpeg,real_00392.jpeg,test,real,0,robust,png,png-lossless,8.323838846990839e-05,0
data\splits\genimage_8000_split_v4\test\real\real_00086.jpeg,real_00086.jpeg,test,real,0,robust,png,png-lossless,0.005115245934575796,0
data\splits\genimage_8000_split_v4\test\real\real_00537.jpeg,real_00537.jpeg,test,real,0,robust,png,png-lossless,0.9927667379379272,1
data\splits\genimage_8000_split_v4\test\real\real_00431.jpeg,real_00431.jpeg,test,real,0,robust,png,png-lossless,1.2133952509429946e-07,0
data\splits\genimage_8000_split_v4\test\real\real_00389.jpeg,real_00389.jpeg,test,real,0,robust,png,png-lossless,0.008090809918940067,0
data\splits\genimage_8000_split_v4\test\real\real_00534.jpeg,real_00534.jpeg,test,real,0,robust,png,png-lossless,8.24906749130605e-07,0
data\splits\genimage_8000_split_v4\test\real\real_00541.jpeg,real_00541.jpeg,test,real,0,robust,png,png-lossless,6.534671350040544e-13,0
data\splits\genimage_8000_split_v4\test\real\real_00094.jpeg,real_00094.jpeg,test,real,0,robust,png,png-lossless,0.9958845973014832,1
data\splits\genimage_8000_split_v4\test\real\real_00226.jpeg,real_00226.jpeg,test,real,0,robust,png,png-lossless,0.7959660291671753,1
data\splits\genimage_8000_split_v4\test\real\real_00200.jpeg,real_00200.jpeg,test,real,0,robust,png,png-lossless,0.0546942763030529,0
data\splits\genimage_8000_split_v4\test\real\real_00330.jpeg,real_00330.jpeg,test,real,0,robust,png,png-lossless,1.403162447344286e-10,0
data\splits\genimage_8000_split_v4\test\real\real_00091.jpeg,real_00091.jpeg,test,real,0,robust,png,png-lossless,1.0,1
data\splits\genimage_8000_split_v4\test\real\real_00472.jpeg,real_00472.jpeg,test,real,0,robust,png,png-lossless,2.904960910769105e-18,0
data\splits\genimage_8000_split_v4\test\real\real_00493.jpeg,real_00493.jpeg,test,real,0,robust,png,png-lossless,1.3552853062037684e-08,0
data\splits\genimage_8000_split_v4\test\real\real_00053.jpeg,real_00053.jpeg,test,real,0,robust,png,png-lossless,0.0005532949580810964,0
data\splits\genimage_8000_split_v4\test\real\real_00298.jpeg,real_00298.jpeg,test,real,0,robust,png,png-lossless,0.1465013474225998,0
data\splits\genimage_8000_split_v4\test\real\real_00366.jpeg,real_00366.jpeg,test,real,0,robust,png,png-lossless,4.533960236585699e-06,0
data\splits\genimage_8000_split_v4\test\real\real_00182.jpeg,real_00182.jpeg,test,real,0,robust,png,png-lossless,1.1775229771283924e-13,0
data\splits\genimage_8000_split_v4\test\real\real_00490.jpeg,real_00490.jpeg,test,real,0,robust,png,png-lossless,2.23999704758171e-05,0
data\splits\genimage_8000_split_v4\test\real\real_00593.jpeg,real_00593.jpeg,test,real,0,robust,png,png-lossless,0.33969414234161377,0
data\splits\genimage_8000_split_v4\test\real\real_00137.jpeg,real_00137.jpeg,test,real,0,robust,png,png-lossless,0.014227633364498615,0
data\splits\genimage_8000_split_v4\test\real\real_00314.jpeg,real_00314.jpeg,test,real,0,robust,png,png-lossless,8.693560812389478e-05,0
data\splits\genimage_8000_split_v4\test\real\real_00471.jpeg,real_00471.jpeg,test,real,0,robust,png,png-lossless,0.006550941150635481,0
data\splits\genimage_8000_split_v4\test\real\real_00365.jpeg,real_00365.jpeg,test,real,0,robust,png,png-lossless,0.009220920503139496,0
data\splits\genimage_8000_split_v4\test\real\real_00042.jpeg,real_00042.jpeg,test,real,0,robust,png,png-lossless,7.058461436991421e-38,0
data\splits\genimage_8000_split_v4\test\real\real_00448.jpeg,real_00448.jpeg,test,real,0,robust,png,png-lossless,0.6179705858230591,1
data\splits\genimage_8000_split_v4\test\real\real_00188.jpeg,real_00188.jpeg,test,real,0,robust,png,png-lossless,1.140920868891726e-08,0
data\splits\genimage_8000_split_v4\test\real\real_00245.jpeg,real_00245.jpeg,test,real,0,robust,png,png-lossless,0.8678542375564575,1
data\splits\genimage_8000_split_v4\test\real\real_00509.jpeg,real_00509.jpeg,test,real,0,robust,png,png-lossless,3.185475899362948e-19,0
data\splits\genimage_8000_split_v4\test\real\real_00265.jpeg,real_00265.jpeg,test,real,0,robust,png,png-lossless,2.5266379566346586e-07,0
data\splits\genimage_8000_split_v4\test\real\real_00443.jpeg,real_00443.jpeg,test,real,0,robust,png,png-lossless,6.15238816923519e-13,0
data\splits\genimage_8000_split_v4\test\real\real_00284.jpeg,real_00284.jpeg,test,real,0,robust,png,png-lossless,5.601140440347763e-09,0
data\splits\genimage_8000_split_v4\test\real\real_00386.jpeg,real_00386.jpeg,test,real,0,robust,png,png-lossless,1.975358591976839e-11,0
data\splits\genimage_8000_split_v4\test\real\real_00548.jpeg,real_00548.jpeg,test,real,0,robust,png,png-lossless,1.9251544546743583e-23,0
data\splits\genimage_8000_split_v4\test\real\real_00487.jpeg,real_00487.jpeg,test,real,0,robust,png,png-lossless,8.00217458163388e-06,0
data\splits\genimage_8000_split_v4\test\real\real_00549.jpeg,real_00549.jpeg,test,real,0,robust,png,png-lossless,0.9996612071990967,1
data\splits\genimage_8000_split_v4\test\real\real_00315.jpeg,real_00315.jpeg,test,real,0,robust,png,png-lossless,7.485322385036852e-06,0
data\splits\genimage_8000_split_v4\test\real\real_00464.jpeg,real_00464.jpeg,test,real,0,robust,png,png-lossless,0.011807650327682495,0
data\splits\genimage_8000_split_v4\test\ai\midjourney_00068.png,midjourney_00068.png,test,midjourney,1,robust,png,png-lossless,0.04272274300456047,0
data\splits\genimage_8000_split_v4\test\ai\vqdm_00062.png,vqdm_00062.png,test,vqdm,1,robust,png,png-lossless,0.8537914752960205,1
data\splits\genimage_8000_split_v4\test\ai\adm_00019.png,adm_00019.png,test,adm,1,robust,png,png-lossless,1.0,1
data\splits\genimage_8000_split_v4\test\ai\midjourney_00077.png,midjourney_00077.png,test,midjourney,1,robust,png,png-lossless,0.08110307902097702,0
data\splits\genimage_8000_split_v4\test\ai\adm_00074.png,adm_00074.png,test,adm,1,robust,png,png-lossless,0.9999997615814209,1
data\splits\genimage_8000_split_v4\test\ai\wukong_00038.png,wukong_00038.png,test,wukong,1,robust,png,png-lossless,0.9999934434890747,1
data\splits\genimage_8000_split_v4\test\ai\biggan_00049.png,biggan_00049.png,test,biggan,1,robust,png,png-lossless,0.9999946355819702,1
data\splits\genimage_8000_split_v4\test\ai\midjourney_00036.png,midjourney_00036.png,test,midjourney,1,robust,png,png-lossless,0.8785063028335571,1
data\splits\genimage_8000_split_v4\test\ai\glide_00074.png,glide_00074.png,test,glide,1,robust,png,png-lossless,0.9071695804595947,1
data\splits\genimage_8000_split_v4\test\ai\sdv5_00043.png,sdv5_00043.png,test,sdv5,1,robust,png,png-lossless,0.7783281803131104,1
data\splits\genimage_8000_split_v4\test\ai\wukong_00067.png,wukong_00067.png,test,wukong,1,robust,png,png-lossless,0.9999998807907104,1
data\splits\genimage_8000_split_v4\test\ai\vqdm_00041.png,vqdm_00041.png,test,vqdm,1,robust,png,png-lossless,0.9954068660736084,1
data\splits\genimage_8000_split_v4\test\ai\wukong_00066.png,wukong_00066.png,test,wukong,1,robust,png,png-lossless,0.5826794505119324,1
data\splits\genimage_8000_split_v4\test\ai\vqdm_00061.png,vqdm_00061.png,test,vqdm,1,robust,png,png-lossless,1.0,1
data\splits\genimage_8000_split_v4\test\ai\biggan_00010.png,biggan_00010.png,test,biggan,1,robust,png,png-lossless,0.9996114373207092,1
data\splits\genimage_8000_split_v4\test\ai\midjourney_00011.png,midjourney_00011.png,test,midjourney,1,robust,png,png-lossless,0.9999984502792358,1
data\splits\genimage_8000_split_v4\test\ai\adm_00067.png,adm_00067.png,test,adm,1,robust,png,png-lossless,0.9999868869781494,1
data\splits\genimage_8000_split_v4\test\ai\adm_00063.png,adm_00063.png,test,adm,1,robust,png,png-lossless,0.9999957084655762,1
data\splits\genimage_8000_split_v4\test\ai\wukong_00015.png,wukong_00015.png,test,wukong,1,robust,png,png-lossless,0.9981783628463745,1
data\splits\genimage_8000_split_v4\test\ai\vqdm_00004.png,vqdm_00004.png,test,vqdm,1,robust,png,png-lossless,0.9260258674621582,1
data\splits\genimage_8000_split_v4\test\ai\midjourney_00005.png,midjourney_00005.png,test,midjourney,1,robust,png,png-lossless,0.5010969638824463,1
data\splits\genimage_8000_split_v4\test\ai\adm_00014.png,adm_00014.png,test,adm,1,robust,png,png-lossless,1.0,1
data\splits\genimage_8000_split_v4\test\ai\glide_00069.png,glide_00069.png,test,glide,1,robust,png,png-lossless,0.9326386451721191,1
data\splits\genimage_8000_split_v4\test\ai\vqdm_00010.png,vqdm_00010.png,test,vqdm,1,robust,png,png-lossless,1.0,1
data\splits\genimage_8000_split_v4\test\ai\sdv5_00046.png,sdv5_00046.png,test,sdv5,1,robust,png,png-lossless,0.9999997615814209,1
data\splits\genimage_8000_split_v4\test\ai\wukong_00023.png,wukong_00023.png,test,wukong,1,robust,png,png-lossless,0.9097753167152405,1
data\splits\genimage_8000_split_v4\test\ai\midjourney_00074.png,midjourney_00074.png,test,midjourney,1,robust,png,png-lossless,0.30636417865753174,0
data\splits\genimage_8000_split_v4\test\ai\midjourney_00039.png,midjourney_00039.png,test,midjourney,1,robust,png,png-lossless,0.3960323929786682,0
data\splits\genimage_8000_split_v4\test\ai\vqdm_00024.png,vqdm_00024.png,test,vqdm,1,robust,png,png-lossless,0.9999557733535767,1
data\splits\genimage_8000_split_v4\test\ai\wukong_00075.png,wukong_00075.png,test,wukong,1,robust,png,png-lossless,0.996170699596405,1
data\splits\genimage_8000_split_v4\test\ai\biggan_00050.png,biggan_00050.png,test,biggan,1,robust,png,png-lossless,0.9892346858978271,1
data\splits\genimage_8000_split_v4\test\ai\midjourney_00059.png,midjourney_00059.png,test,midjourney,1,robust,png,png-lossless,0.48443183302879333,0
data\splits\genimage_8000_split_v4\test\ai\biggan_00029.png,biggan_00029.png,test,biggan,1,robust,png,png-lossless,0.9730474352836609,1
data\splits\genimage_8000_split_v4\test\ai\sdv5_00039.png,sdv5_00039.png,test,sdv5,1,robust,png,png-lossless,0.9999678134918213,1
data\splits\genimage_8000_split_v4\test\ai\glide_00061.png,glide_00061.png,test,glide,1,robust,png,png-lossless,0.42758581042289734,0
data\splits\genimage_8000_split_v4\test\ai\biggan_00012.png,biggan_00012.png,test,biggan,1,robust,png,png-lossless,0.9999687671661377,1
data\splits\genimage_8000_split_v4\test\ai\biggan_00080.png,biggan_00080.png,test,biggan,1,robust,png,png-lossless,0.9999829530715942,1
data\splits\genimage_8000_split_v4\test\ai\glide_00053.png,glide_00053.png,test,glide,1,robust,png,png-lossless,0.8645972609519958,1
data\splits\genimage_8000_split_v4\test\ai\vqdm_00006.png,vqdm_00006.png,test,vqdm,1,robust,png,png-lossless,0.9677042365074158,1
data\splits\genimage_8000_split_v4\test\ai\adm_00023.png,adm_00023.png,test,adm,1,robust,png,png-lossless,1.0,1
data\splits\genimage_8000_split_v4\test\ai\sdv5_00054.png,sdv5_00054.png,test,sdv5,1,robust,png,png-lossless,1.0,1
data\splits\genimage_8000_split_v4\test\ai\midjourney_00021.png,midjourney_00021.png,test,midjourney,1,robust,png,png-lossless,0.9928522706031799,1
data\splits\genimage_8000_split_v4\test\ai\vqdm_00065.png,vqdm_00065.png,test,vqdm,1,robust,png,png-lossless,0.34345969557762146,0
data\splits\genimage_8000_split_v4\test\ai\biggan_00055.png,biggan_00055.png,test,biggan,1,robust,png,png-lossless,0.9999997615814209,1
data\splits\genimage_8000_split_v4\test\ai\wukong_00003.png,wukong_00003.png,test,wukong,1,robust,png,png-lossless,0.9999833106994629,1
data\splits\genimage_8000_split_v4\test\ai\biggan_00022.png,biggan_00022.png,test,biggan,1,robust,png,png-lossless,0.9998999834060669,1
data\splits\genimage_8000_split_v4\test\ai\biggan_00081.png,biggan_00081.png,test,biggan,1,robust,png,png-lossless,0.7045839428901672,1
data\splits\genimage_8000_split_v4\test\ai\vqdm_00049.png,vqdm_00049.png,test,vqdm,1,robust,png,png-lossless,0.9999994039535522,1
data\splits\genimage_8000_split_v4\test\ai\sdv5_00076.png,sdv5_00076.png,test,sdv5,1,robust,png,png-lossless,1.0,1
data\splits\genimage_8000_split_v4\test\ai\vqdm_00011.png,vqdm_00011.png,test,vqdm,1,robust,png,png-lossless,0.9923680424690247,1
data\splits\genimage_8000_split_v4\test\ai\adm_00039.png,adm_00039.png,test,adm,1,robust,png,png-lossless,1.0,1
data\splits\genimage_8000_split_v4\test\ai\glide_00023.png,glide_00023.png,test,glide,1,robust,png,png-lossless,0.9826948046684265,1
data\splits\genimage_8000_split_v4\test\ai\sdv5_00063.png,sdv5_00063.png,test,sdv5,1,robust,png,png-lossless,0.9999562501907349,1
data\splits\genimage_8000_split_v4\test\ai\biggan_00059.png,biggan_00059.png,test,biggan,1,robust,png,png-lossless,0.9996967315673828,1
data\splits\genimage_8000_split_v4\test\ai\glide_00015.png,glide_00015.png,test,glide,1,robust,png,png-lossless,0.9077031016349792,1
data\splits\genimage_8000_split_v4\test\ai\wukong_00047.png,wukong_00047.png,test,wukong,1,robust,png,png-lossless,0.4791102409362793,0
data\splits\genimage_8000_split_v4\test\ai\vqdm_00037.png,vqdm_00037.png,test,vqdm,1,robust,png,png-lossless,0.9993523955345154,1
data\splits\genimage_8000_split_v4\test\ai\wukong_00080.png,wukong_00080.png,test,wukong,1,robust,png,png-lossless,1.0,1
data\splits\genimage_8000_split_v4\test\ai\midjourney_00076.png,midjourney_00076.png,test,midjourney,1,robust,png,png-lossless,0.9999622106552124,1
data\splits\genimage_8000_split_v4\test\ai\sdv5_00061.png,sdv5_00061.png,test,sdv5,1,robust,png,png-lossless,1.0,1
data\splits\genimage_8000_split_v4\test\ai\adm_00029.png,adm_00029.png,test,adm,1,robust,png,png-lossless,1.0,1
data\splits\genimage_8000_split_v4\test\ai\glide_00039.png,glide_00039.png,test,glide,1,robust,png,png-lossless,1.0,1
data\splits\genimage_8000_split_v4\test\ai\adm_00072.png,adm_00072.png,test,adm,1,robust,png,png-lossless,0.999957799911499,1
data\splits\genimage_8000_split_v4\test\ai\sdv5_00051.png,sdv5_00051.png,test,sdv5,1,robust,png,png-lossless,1.0,1
data\splits\genimage_8000_split_v4\test\ai\sdv5_00066.png,sdv5_00066.png,test,sdv5,1,robust,png,png-lossless,0.9054201245307922,1
data\splits\genimage_8000_split_v4\test\ai\midjourney_00078.png,midjourney_00078.png,test,midjourney,1,robust,png,png-lossless,0.9999352693557739,1
data\splits\genimage_8000_split_v4\test\ai\vqdm_00017.png,vqdm_00017.png,test,vqdm,1,robust,png,png-lossless,0.9087451100349426,1
data\splits\genimage_8000_split_v4\test\ai\sdv5_00073.png,sdv5_00073.png,test,sdv5,1,robust,png,png-lossless,0.9999992847442627,1
data\splits\genimage_8000_split_v4\test\ai\midjourney_00045.png,midjourney_00045.png,test,midjourney,1,robust,png,png-lossless,0.9999690055847168,1
data\splits\genimage_8000_split_v4\test\ai\vqdm_00073.png,vqdm_00073.png,test,vqdm,1,robust,png,png-lossless,0.9086196422576904,1
data\splits\genimage_8000_split_v4\test\ai\sdv5_00008.png,sdv5_00008.png,test,sdv5,1,robust,png,png-lossless,0.9999792575836182,1
data\splits\genimage_8000_split_v4\test\ai\midjourney_00061.png,midjourney_00061.png,test,midjourney,1,robust,png,png-lossless,0.004258334171026945,0
data\splits\genimage_8000_split_v4\test\ai\adm_00015.png,adm_00015.png,test,adm,1,robust,png,png-lossless,1.0,1
data\splits\genimage_8000_split_v4\test\ai\vqdm_00068.png,vqdm_00068.png,test,vqdm,1,robust,png,png-lossless,0.9510234594345093,1
data\splits\genimage_8000_split_v4\test\ai\midjourney_00053.png,midjourney_00053.png,test,midjourney,1,robust,png,png-lossless,1.0,1
data\splits\genimage_8000_split_v4\test\ai\sdv5_00050.png,sdv5_00050.png,test,sdv5,1,robust,png,png-lossless,0.9999687671661377,1
data\splits\genimage_8000_split_v4\test\ai\glide_00050.png,glide_00050.png,test,glide,1,robust,png,png-lossless,1.0,1
data\splits\genimage_8000_split_v4\test\ai\midjourney_00069.png,midjourney_00069.png,test,midjourney,1,robust,png,png-lossless,0.9225717186927795,1
data\splits\genimage_8000_split_v4\test\ai\glide_00038.png,glide_00038.png,test,glide,1,robust,png,png-lossless,0.9999996423721313,1
data\splits\genimage_8000_split_v4\test\ai\biggan_00011.png,biggan_00011.png,test,biggan,1,robust,png,png-lossless,0.6165942549705505,1
data\splits\genimage_8000_split_v4\test\ai\biggan_00082.png,biggan_00082.png,test,biggan,1,robust,png,png-lossless,0.9734160900115967,1
data\splits\genimage_8000_split_v4\test\ai\wukong_00005.png,wukong_00005.png,test,wukong,1,robust,png,png-lossless,0.9999995231628418,1
data\splits\genimage_8000_split_v4\test\ai\wukong_00014.png,wukong_00014.png,test,wukong,1,robust,png,png-lossless,0.9994331002235413,1
data\splits\genimage_8000_split_v4\test\ai\midjourney_00071.png,midjourney_00071.png,test,midjourney,1,robust,png,png-lossless,9.517420096472051e-08,0
data\splits\genimage_8000_split_v4\test\ai\midjourney_00009.png,midjourney_00009.png,test,midjourney,1,robust,png,png-lossless,0.9100106358528137,1
data\splits\genimage_8000_split_v4\test\ai\midjourney_00044.png,midjourney_00044.png,test,midjourney,1,robust,png,png-lossless,0.9963847398757935,1
data\splits\genimage_8000_split_v4\test\ai\biggan_00017.png,biggan_00017.png,test,biggan,1,robust,png,png-lossless,0.9999433755874634,1
data\splits\genimage_8000_split_v4\test\ai\glide_00082.png,glide_00082.png,test,glide,1,robust,png,png-lossless,0.9999626874923706,1
data\splits\genimage_8000_split_v4\test\ai\glide_00037.png,glide_00037.png,test,glide,1,robust,png,png-lossless,0.9992268085479736,1
data\splits\genimage_8000_split_v4\test\ai\adm_00027.png,adm_00027.png,test,adm,1,robust,png,png-lossless,0.9999991655349731,1
data\splits\genimage_8000_split_v4\test\ai\midjourney_00024.png,midjourney_00024.png,test,midjourney,1,robust,png,png-lossless,1.0,1
data\splits\genimage_8000_split_v4\test\ai\glide_00033.png,glide_00033.png,test,glide,1,robust,png,png-lossless,1.0,1
data\splits\genimage_8000_split_v4\test\ai\midjourney_00007.png,midjourney_00007.png,test,midjourney,1,robust,png,png-lossless,0.9998602867126465,1
data\splits\genimage_8000_split_v4\test\ai\sdv5_00072.png,sdv5_00072.png,test,sdv5,1,robust,png,png-lossless,0.9951813817024231,1
data\splits\genimage_8000_split_v4\test\ai\wukong_00022.png,wukong_00022.png,test,wukong,1,robust,png,png-lossless,0.9999995231628418,1
data\splits\genimage_8000_split_v4\test\ai\vqdm_00032.png,vqdm_00032.png,test,vqdm,1,robust,png,png-lossless,0.20643997192382812,0
data\splits\genimage_8000_split_v4\test\ai\glide_00009.png,glide_00009.png,test,glide,1,robust,png,png-lossless,1.0,1
data\splits\genimage_8000_split_v4\test\ai\biggan_00030.png,biggan_00030.png,test,biggan,1,robust,png,png-lossless,0.9915772676467896,1
data\splits\genimage_8000_split_v4\test\ai\wukong_00057.png,wukong_00057.png,test,wukong,1,robust,png,png-lossless,0.9999752044677734,1
data\splits\genimage_8000_split_v4\test\ai\adm_00079.png,adm_00079.png,test,adm,1,robust,png,png-lossless,1.0,1
data\splits\genimage_8000_split_v4\test\ai\vqdm_00031.png,vqdm_00031.png,test,vqdm,1,robust,png,png-lossless,0.9993471503257751,1
data\splits\genimage_8000_split_v4\test\ai\glide_00010.png,glide_00010.png,test,glide,1,robust,png,png-lossless,1.0,1
data\splits\genimage_8000_split_v4\test\ai\wukong_00009.png,wukong_00009.png,test,wukong,1,robust,png,png-lossless,0.9990271329879761,1
data\splits\genimage_8000_split_v4\test\ai\glide_00013.png,glide_00013.png,test,glide,1,robust,png,png-lossless,0.9974512457847595,1
data\splits\genimage_8000_split_v4\test\ai\vqdm_00023.png,vqdm_00023.png,test,vqdm,1,robust,png,png-lossless,0.27810707688331604,0
data\splits\genimage_8000_split_v4\test\ai\sdv5_00011.png,sdv5_00011.png,test,sdv5,1,robust,png,png-lossless,0.9999125003814697,1
data\splits\genimage_8000_split_v4\test\ai\sdv5_00047.png,sdv5_00047.png,test,sdv5,1,robust,png,png-lossless,1.0,1
data\splits\genimage_8000_split_v4\test\ai\sdv5_00009.png,sdv5_00009.png,test,sdv5,1,robust,png,png-lossless,0.9768757820129395,1
data\splits\genimage_8000_split_v4\test\ai\sdv5_00010.png,sdv5_00010.png,test,sdv5,1,robust,png,png-lossless,0.9999929666519165,1
data\splits\genimage_8000_split_v4\test\ai\glide_00076.png,glide_00076.png,test,glide,1,robust,png,png-lossless,0.9999998807907104,1
data\splits\genimage_8000_split_v4\test\ai\adm_00081.png,adm_00081.png,test,adm,1,robust,png,png-lossless,0.9999998807907104,1
data\splits\genimage_8000_split_v4\test\ai\sdv5_00023.png,sdv5_00023.png,test,sdv5,1,robust,png,png-lossless,0.9999995231628418,1
data\splits\genimage_8000_split_v4\test\ai\biggan_00003.png,biggan_00003.png,test,biggan,1,robust,png,png-lossless,0.9999022483825684,1
data\splits\genimage_8000_split_v4\test\ai\wukong_00061.png,wukong_00061.png,test,wukong,1,robust,png,png-lossless,0.8661458492279053,1
data\splits\genimage_8000_split_v4\test\ai\adm_00085.png,adm_00085.png,test,adm,1,robust,png,png-lossless,0.9332093000411987,1
data\splits\genimage_8000_split_v4\test\ai\midjourney_00014.png,midjourney_00014.png,test,midjourney,1,robust,png,png-lossless,0.9985080361366272,1
data\splits\genimage_8000_split_v4\test\ai\vqdm_00042.png,vqdm_00042.png,test,vqdm,1,robust,png,png-lossless,0.9987602233886719,1
data\splits\genimage_8000_split_v4\test\ai\wukong_00076.png,wukong_00076.png,test,wukong,1,robust,png,png-lossless,0.9999933242797852,1
data\splits\genimage_8000_split_v4\test\ai\vqdm_00035.png,vqdm_00035.png,test,vqdm,1,robust,png,png-lossless,0.05506192147731781,0
data\splits\genimage_8000_split_v4\test\ai\sdv5_00037.png,sdv5_00037.png,test,sdv5,1,robust,png,png-lossless,0.3131624758243561,0
data\splits\genimage_8000_split_v4\test\ai\biggan_00000.png,biggan_00000.png,test,biggan,1,robust,png,png-lossless,1.0,1
data\splits\genimage_8000_split_v4\test\ai\sdv5_00053.png,sdv5_00053.png,test,sdv5,1,robust,png,png-lossless,1.0,1
data\splits\genimage_8000_split_v4\test\ai\midjourney_00034.png,midjourney_00034.png,test,midjourney,1,robust,png,png-lossless,0.9999901056289673,1
data\splits\genimage_8000_split_v4\test\ai\wukong_00033.png,wukong_00033.png,test,wukong,1,robust,png,png-lossless,0.9999301433563232,1
data\splits\genimage_8000_split_v4\test\ai\glide_00011.png,glide_00011.png,test,glide,1,robust,png,png-lossless,0.9999977350234985,1
data\splits\genimage_8000_split_v4\test\ai\glide_00008.png,glide_00008.png,test,glide,1,robust,png,png-lossless,0.9739429950714111,1
data\splits\genimage_8000_split_v4\test\ai\adm_00044.png,adm_00044.png,test,adm,1,robust,png,png-lossless,0.9902999401092529,1
data\splits\genimage_8000_split_v4\test\ai\sdv5_00029.png,sdv5_00029.png,test,sdv5,1,robust,png,png-lossless,0.9999972581863403,1
data\splits\genimage_8000_split_v4\test\ai\sdv5_00081.png,sdv5_00081.png,test,sdv5,1,robust,png,png-lossless,0.9982550740242004,1
data\splits\genimage_8000_split_v4\test\ai\sdv5_00040.png,sdv5_00040.png,test,sdv5,1,robust,png,png-lossless,0.021967025473713875,0
data\splits\genimage_8000_split_v4\test\ai\adm_00042.png,adm_00042.png,test,adm,1,robust,png,png-lossless,0.9999994039535522,1
data\splits\genimage_8000_split_v4\test\ai\sdv5_00059.png,sdv5_00059.png,test,sdv5,1,robust,png,png-lossless,0.9636524319648743,1
data\splits\genimage_8000_split_v4\test\ai\wukong_00017.png,wukong_00017.png,test,wukong,1,robust,png,png-lossless,1.0,1
data\splits\genimage_8000_split_v4\test\ai\wukong_00058.png,wukong_00058.png,test,wukong,1,robust,png,png-lossless,1.0,1
data\splits\genimage_8000_split_v4\test\ai\adm_00086.png,adm_00086.png,test,adm,1,robust,png,png-lossless,1.0,1
data\splits\genimage_8000_split_v4\test\ai\midjourney_00049.png,midjourney_00049.png,test,midjourney,1,robust,png,png-lossless,0.9989156723022461,1
data\splits\genimage_8000_split_v4\test\ai\midjourney_00065.png,midjourney_00065.png,test,midjourney,1,robust,png,png-lossless,1.0,1
data\splits\genimage_8000_split_v4\test\ai\midjourney_00006.png,midjourney_00006.png,test,midjourney,1,robust,png,png-lossless,0.981907069683075,1
data\splits\genimage_8000_split_v4\test\ai\wukong_00079.png,wukong_00079.png,test,wukong,1,robust,png,png-lossless,0.9999624490737915,1
data\splits\genimage_8000_split_v4\test\ai\sdv5_00085.png,sdv5_00085.png,test,sdv5,1,robust,png,png-lossless,1.0,1
data\splits\genimage_8000_split_v4\test\ai\sdv5_00065.png,sdv5_00065.png,test,sdv5,1,robust,png,png-lossless,0.9999933242797852,1
data\splits\genimage_8000_split_v4\test\ai\wukong_00037.png,wukong_00037.png,test,wukong,1,robust,png,png-lossless,0.9994995594024658,1
data\splits\genimage_8000_split_v4\test\ai\biggan_00032.png,biggan_00032.png,test,biggan,1,robust,png,png-lossless,0.9972363710403442,1
data\splits\genimage_8000_split_v4\test\ai\wukong_00011.png,wukong_00011.png,test,wukong,1,robust,png,png-lossless,1.0,1
data\splits\genimage_8000_split_v4\test\ai\biggan_00053.png,biggan_00053.png,test,biggan,1,robust,png,png-lossless,1.0,1
data\splits\genimage_8000_split_v4\test\ai\sdv5_00005.png,sdv5_00005.png,test,sdv5,1,robust,png,png-lossless,1.0,1
data\splits\genimage_8000_split_v4\test\ai\adm_00057.png,adm_00057.png,test,adm,1,robust,png,png-lossless,0.999998927116394,1
data\splits\genimage_8000_split_v4\test\ai\wukong_00024.png,wukong_00024.png,test,wukong,1,robust,png,png-lossless,0.9998610019683838,1
data\splits\genimage_8000_split_v4\test\ai\glide_00056.png,glide_00056.png,test,glide,1,robust,png,png-lossless,1.0,1
data\splits\genimage_8000_split_v4\test\ai\adm_00004.png,adm_00004.png,test,adm,1,robust,png,png-lossless,1.0,1
data\splits\genimage_8000_split_v4\test\ai\midjourney_00081.png,midjourney_00081.png,test,midjourney,1,robust,png,png-lossless,2.1431535060401075e-05,0
data\splits\genimage_8000_split_v4\test\ai\sdv5_00083.png,sdv5_00083.png,test,sdv5,1,robust,png,png-lossless,0.6837262511253357,1
data\splits\genimage_8000_split_v4\test\ai\glide_00042.png,glide_00042.png,test,glide,1,robust,png,png-lossless,0.9777573943138123,1
data\splits\genimage_8000_split_v4\test\ai\glide_00029.png,glide_00029.png,test,glide,1,robust,png,png-lossless,0.999789297580719,1
data\splits\genimage_8000_split_v4\test\ai\vqdm_00022.png,vqdm_00022.png,test,vqdm,1,robust,png,png-lossless,0.9998651742935181,1
data\splits\genimage_8000_split_v4\test\ai\adm_00007.png,adm_00007.png,test,adm,1,robust,png,png-lossless,1.0,1
data\splits\genimage_8000_split_v4\test\ai\vqdm_00082.png,vqdm_00082.png,test,vqdm,1,robust,png,png-lossless,0.6454086899757385,1
data\splits\genimage_8000_split_v4\test\ai\glide_00052.png,glide_00052.png,test,glide,1,robust,png,png-lossless,0.9980839490890503,1
data\splits\genimage_8000_split_v4\test\ai\adm_00066.png,adm_00066.png,test,adm,1,robust,png,png-lossless,0.9996422529220581,1
data\splits\genimage_8000_split_v4\test\ai\sdv5_00026.png,sdv5_00026.png,test,sdv5,1,robust,png,png-lossless,0.10793092101812363,0
data\splits\genimage_8000_split_v4\test\ai\wukong_00004.png,wukong_00004.png,test,wukong,1,robust,png,png-lossless,1.0,1
data\splits\genimage_8000_split_v4\test\ai\wukong_00034.png,wukong_00034.png,test,wukong,1,robust,png,png-lossless,0.999923586845398,1
data\splits\genimage_8000_split_v4\test\ai\adm_00073.png,adm_00073.png,test,adm,1,robust,png,png-lossless,1.0,1
data\splits\genimage_8000_split_v4\test\ai\sdv5_00056.png,sdv5_00056.png,test,sdv5,1,robust,png,png-lossless,0.9996091723442078,1
data\splits\genimage_8000_split_v4\test\ai\adm_00050.png,adm_00050.png,test,adm,1,robust,png,png-lossless,0.9999945163726807,1
data\splits\genimage_8000_split_v4\test\ai\biggan_00004.png,biggan_00004.png,test,biggan,1,robust,png,png-lossless,0.9992964267730713,1
data\splits\genimage_8000_split_v4\test\ai\midjourney_00063.png,midjourney_00063.png,test,midjourney,1,robust,png,png-lossless,0.9999483823776245,1
data\splits\genimage_8000_split_v4\test\ai\glide_00007.png,glide_00007.png,test,glide,1,robust,png,png-lossless,0.7257133722305298,1
data\splits\genimage_8000_split_v4\test\ai\vqdm_00059.png,vqdm_00059.png,test,vqdm,1,robust,png,png-lossless,0.913833737373352,1
data\splits\genimage_8000_split_v4\test\ai\midjourney_00051.png,midjourney_00051.png,test,midjourney,1,robust,png,png-lossless,0.010197443887591362,0
data\splits\genimage_8000_split_v4\test\ai\adm_00040.png,adm_00040.png,test,adm,1,robust,png,png-lossless,0.9973787069320679,1
data\splits\genimage_8000_split_v4\test\ai\vqdm_00046.png,vqdm_00046.png,test,vqdm,1,robust,png,png-lossless,0.04547727480530739,0
data\splits\genimage_8000_split_v4\test\ai\glide_00071.png,glide_00071.png,test,glide,1,robust,png,png-lossless,0.9900063872337341,1
data\splits\genimage_8000_split_v4\test\ai\midjourney_00040.png,midjourney_00040.png,test,midjourney,1,robust,png,png-lossless,0.9717464447021484,1
data\splits\genimage_8000_split_v4\test\ai\biggan_00056.png,biggan_00056.png,test,biggan,1,robust,png,png-lossless,0.9998705387115479,1
data\splits\genimage_8000_split_v4\test\ai\wukong_00030.png,wukong_00030.png,test,wukong,1,robust,png,png-lossless,0.9795743227005005,1
data\splits\genimage_8000_split_v4\test\ai\adm_00045.png,adm_00045.png,test,adm,1,robust,png,png-lossless,1.0,1
data\splits\genimage_8000_split_v4\test\ai\vqdm_00069.png,vqdm_00069.png,test,vqdm,1,robust,png,png-lossless,0.7871158719062805,1
data\splits\genimage_8000_split_v4\test\ai\sdv5_00013.png,sdv5_00013.png,test,sdv5,1,robust,png,png-lossless,0.957252025604248,1
data\splits\genimage_8000_split_v4\test\ai\adm_00058.png,adm_00058.png,test,adm,1,robust,png,png-lossless,0.9999979734420776,1
data\splits\genimage_8000_split_v4\test\ai\biggan_00037.png,biggan_00037.png,test,biggan,1,robust,png,png-lossless,1.0,1
data\splits\genimage_8000_split_v4\test\ai\vqdm_00039.png,vqdm_00039.png,test,vqdm,1,robust,png,png-lossless,0.9999935626983643,1
data\splits\genimage_8000_split_v4\test\ai\sdv5_00034.png,sdv5_00034.png,test,sdv5,1,robust,png,png-lossless,0.9997081160545349,1
data\splits\genimage_8000_split_v4\test\ai\glide_00047.png,glide_00047.png,test,glide,1,robust,png,png-lossless,0.9340060353279114,1
data\splits\genimage_8000_split_v4\test\ai\biggan_00063.png,biggan_00063.png,test,biggan,1,robust,png,png-lossless,1.0,1
data\splits\genimage_8000_split_v4\test\ai\glide_00045.png,glide_00045.png,test,glide,1,robust,png,png-lossless,0.9993932247161865,1
data\splits\genimage_8000_split_v4\test\ai\wukong_00027.png,wukong_00027.png,test,wukong,1,robust,png,png-lossless,0.9993802309036255,1
data\splits\genimage_8000_split_v4\test\ai\vqdm_00027.png,vqdm_00027.png,test,vqdm,1,robust,png,png-lossless,0.12681804597377777,0
data\splits\genimage_8000_split_v4\test\ai\glide_00024.png,glide_00024.png,test,glide,1,robust,png,png-lossless,0.9999985694885254,1
data\splits\genimage_8000_split_v4\test\ai\wukong_00085.png,wukong_00085.png,test,wukong,1,robust,png,png-lossless,0.9978353381156921,1
data\splits\genimage_8000_split_v4\test\ai\glide_00043.png,glide_00043.png,test,glide,1,robust,png,png-lossless,0.9999858140945435,1
data\splits\genimage_8000_split_v4\test\ai\vqdm_00055.png,vqdm_00055.png,test,vqdm,1,robust,png,png-lossless,0.9988288283348083,1
data\splits\genimage_8000_split_v4\test\ai\midjourney_00057.png,midjourney_00057.png,test,midjourney,1,robust,png,png-lossless,0.9997578263282776,1
data\splits\genimage_8000_split_v4\test\ai\wukong_00062.png,wukong_00062.png,test,wukong,1,robust,png,png-lossless,0.987133800983429,1
data\splits\genimage_8000_split_v4\test\ai\sdv5_00007.png,sdv5_00007.png,test,sdv5,1,robust,png,png-lossless,1.0,1
data\splits\genimage_8000_split_v4\test\ai\biggan_00043.png,biggan_00043.png,test,biggan,1,robust,png,png-lossless,0.16470111906528473,0
data\splits\genimage_8000_split_v4\test\ai\adm_00083.png,adm_00083.png,test,adm,1,robust,png,png-lossless,1.0,1
data\splits\genimage_8000_split_v4\test\ai\adm_00052.png,adm_00052.png,test,adm,1,robust,png,png-lossless,1.0,1
data\splits\genimage_8000_split_v4\test\ai\wukong_00032.png,wukong_00032.png,test,wukong,1,robust,png,png-lossless,0.9998648166656494,1
data\splits\genimage_8000_split_v4\test\ai\midjourney_00047.png,midjourney_00047.png,test,midjourney,1,robust,png,png-lossless,0.9999998807907104,1
data\splits\genimage_8000_split_v4\test\ai\midjourney_00072.png,midjourney_00072.png,test,midjourney,1,robust,png,png-lossless,0.9931017160415649,1
data\splits\genimage_8000_split_v4\test\ai\wukong_00010.png,wukong_00010.png,test,wukong,1,robust,png,png-lossless,0.9999945163726807,1
data\splits\genimage_8000_split_v4\test\ai\sdv5_00021.png,sdv5_00021.png,test,sdv5,1,robust,png,png-lossless,0.9467306137084961,1
data\splits\genimage_8000_split_v4\test\ai\biggan_00009.png,biggan_00009.png,test,biggan,1,robust,png,png-lossless,0.9999966621398926,1
data\splits\genimage_8000_split_v4\test\ai\wukong_00043.png,wukong_00043.png,test,wukong,1,robust,png,png-lossless,1.0,1
data\splits\genimage_8000_split_v4\test\ai\vqdm_00034.png,vqdm_00034.png,test,vqdm,1,robust,png,png-lossless,0.9999886751174927,1
data\splits\genimage_8000_split_v4\test\ai\biggan_00023.png,biggan_00023.png,test,biggan,1,robust,png,png-lossless,0.9964009523391724,1
data\splits\genimage_8000_split_v4\test\ai\glide_00080.png,glide_00080.png,test,glide,1,robust,png,png-lossless,0.9903630614280701,1
data\splits\genimage_8000_split_v4\test\ai\midjourney_00008.png,midjourney_00008.png,test,midjourney,1,robust,png,png-lossless,0.9492158889770508,1
data\splits\genimage_8000_split_v4\test\ai\biggan_00024.png,biggan_00024.png,test,biggan,1,robust,png,png-lossless,1.0,1
data\splits\genimage_8000_split_v4\test\ai\midjourney_00002.png,midjourney_00002.png,test,midjourney,1,robust,png,png-lossless,0.990581750869751,1
data\splits\genimage_8000_split_v4\test\ai\midjourney_00000.png,midjourney_00000.png,test,midjourney,1,robust,png,png-lossless,0.9765260815620422,1
data\splits\genimage_8000_split_v4\test\ai\adm_00084.png,adm_00084.png,test,adm,1,robust,png,png-lossless,1.0,1
data\splits\genimage_8000_split_v4\test\ai\biggan_00042.png,biggan_00042.png,test,biggan,1,robust,png,png-lossless,0.999998927116394,1
data\splits\genimage_8000_split_v4\test\ai\wukong_00018.png,wukong_00018.png,test,wukong,1,robust,png,png-lossless,0.9999926090240479,1
data\splits\genimage_8000_split_v4\test\ai\vqdm_00021.png,vqdm_00021.png,test,vqdm,1,robust,png,png-lossless,0.9999996423721313,1
data\splits\genimage_8000_split_v4\test\ai\sdv5_00057.png,sdv5_00057.png,test,sdv5,1,robust,png,png-lossless,0.9989492297172546,1
data\splits\genimage_8000_split_v4\test\ai\midjourney_00029.png,midjourney_00029.png,test,midjourney,1,robust,png,png-lossless,0.6857584714889526,1
data\splits\genimage_8000_split_v4\test\ai\sdv5_00004.png,sdv5_00004.png,test,sdv5,1,robust,png,png-lossless,0.9997510313987732,1
data\splits\genimage_8000_split_v4\test\ai\wukong_00063.png,wukong_00063.png,test,wukong,1,robust,png,png-lossless,0.9764106869697571,1
data\splits\genimage_8000_split_v4\test\ai\glide_00057.png,glide_00057.png,test,glide,1,robust,png,png-lossless,0.9996553659439087,1
data\splits\genimage_8000_split_v4\test\ai\wukong_00074.png,wukong_00074.png,test,wukong,1,robust,png,png-lossless,0.1784755289554596,0
data\splits\genimage_8000_split_v4\test\ai\adm_00070.png,adm_00070.png,test,adm,1,robust,png,png-lossless,0.9896928668022156,1
data\splits\genimage_8000_split_v4\test\ai\midjourney_00018.png,midjourney_00018.png,test,midjourney,1,robust,png,png-lossless,0.9889628291130066,1
data\splits\genimage_8000_split_v4\test\ai\vqdm_00081.png,vqdm_00081.png,test,vqdm,1,robust,png,png-lossless,0.39690765738487244,0
data\splits\genimage_8000_split_v4\test\ai\vqdm_00075.png,vqdm_00075.png,test,vqdm,1,robust,png,png-lossless,0.8051716089248657,1
data\splits\genimage_8000_split_v4\test\ai\glide_00059.png,glide_00059.png,test,glide,1,robust,png,png-lossless,0.9999734163284302,1
data\splits\genimage_8000_split_v4\test\ai\vqdm_00002.png,vqdm_00002.png,test,vqdm,1,robust,png,png-lossless,0.9862943291664124,1
data\splits\genimage_8000_split_v4\test\ai\biggan_00045.png,biggan_00045.png,test,biggan,1,robust,png,png-lossless,1.0,1
data\splits\genimage_8000_split_v4\test\ai\sdv5_00075.png,sdv5_00075.png,test,sdv5,1,robust,png,png-lossless,0.9997615218162537,1
data\splits\genimage_8000_split_v4\test\ai\sdv5_00055.png,sdv5_00055.png,test,sdv5,1,robust,png,png-lossless,0.03750869259238243,0
data\splits\genimage_8000_split_v4\test\ai\wukong_00013.png,wukong_00013.png,test,wukong,1,robust,png,png-lossless,1.0,1
data\splits\genimage_8000_split_v4\test\ai\adm_00068.png,adm_00068.png,test,adm,1,robust,png,png-lossless,0.9999995231628418,1
data\splits\genimage_8000_split_v4\test\ai\midjourney_00010.png,midjourney_00010.png,test,midjourney,1,robust,png,png-lossless,0.923933744430542,1
data\splits\genimage_8000_split_v4\test\ai\midjourney_00030.png,midjourney_00030.png,test,midjourney,1,robust,png,png-lossless,0.944034218788147,1
data\splits\genimage_8000_split_v4\test\ai\sdv5_00074.png,sdv5_00074.png,test,sdv5,1,robust,png,png-lossless,1.0,1
data\splits\genimage_8000_split_v4\test\ai\vqdm_00072.png,vqdm_00072.png,test,vqdm,1,robust,png,png-lossless,0.9993419051170349,1
data\splits\genimage_8000_split_v4\test\ai\wukong_00031.png,wukong_00031.png,test,wukong,1,robust,png,png-lossless,0.9996652603149414,1
data\splits\genimage_8000_split_v4\test\ai\vqdm_00080.png,vqdm_00080.png,test,vqdm,1,robust,png,png-lossless,0.7812146544456482,1
data\splits\genimage_8000_split_v4\test\ai\midjourney_00043.png,midjourney_00043.png,test,midjourney,1,robust,png,png-lossless,0.3173692524433136,0
data\splits\genimage_8000_split_v4\test\ai\vqdm_00001.png,vqdm_00001.png,test,vqdm,1,robust,png,png-lossless,0.9965336322784424,1
data\splits\genimage_8000_split_v4\test\ai\glide_00021.png,glide_00021.png,test,glide,1,robust,png,png-lossless,0.9999998807907104,1
data\splits\genimage_8000_split_v4\test\ai\midjourney_00037.png,midjourney_00037.png,test,midjourney,1,robust,png,png-lossless,0.9397358894348145,1
data\splits\genimage_8000_split_v4\test\ai\biggan_00031.png,biggan_00031.png,test,biggan,1,robust,png,png-lossless,0.9995031356811523,1
data\splits\genimage_8000_split_v4\test\ai\wukong_00072.png,wukong_00072.png,test,wukong,1,robust,png,png-lossless,0.9987429976463318,1
data\splits\genimage_8000_split_v4\test\ai\midjourney_00055.png,midjourney_00055.png,test,midjourney,1,robust,png,png-lossless,0.9975864887237549,1
data\splits\genimage_8000_split_v4\test\ai\glide_00070.png,glide_00070.png,test,glide,1,robust,png,png-lossless,0.9999986886978149,1
data\splits\genimage_8000_split_v4\test\ai\biggan_00057.png,biggan_00057.png,test,biggan,1,robust,png,png-lossless,0.9999998807907104,1
data\splits\genimage_8000_split_v4\test\ai\midjourney_00075.png,midjourney_00075.png,test,midjourney,1,robust,png,png-lossless,0.9990887641906738,1
data\splits\genimage_8000_split_v4\test\ai\vqdm_00048.png,vqdm_00048.png,test,vqdm,1,robust,png,png-lossless,0.9976918697357178,1
data\splits\genimage_8000_split_v4\test\ai\glide_00034.png,glide_00034.png,test,glide,1,robust,png,png-lossless,1.0,1
data\splits\genimage_8000_split_v4\test\ai\sdv5_00078.png,sdv5_00078.png,test,sdv5,1,robust,png,png-lossless,0.9995631575584412,1
data\splits\genimage_8000_split_v4\test\ai\midjourney_00062.png,midjourney_00062.png,test,midjourney,1,robust,png,png-lossless,0.998547375202179,1
data\splits\genimage_8000_split_v4\test\ai\adm_00031.png,adm_00031.png,test,adm,1,robust,png,png-lossless,0.9886195659637451,1
data\splits\genimage_8000_split_v4\test\ai\midjourney_00026.png,midjourney_00026.png,test,midjourney,1,robust,png,png-lossless,0.9996374845504761,1
data\splits\genimage_8000_split_v4\test\ai\vqdm_00000.png,vqdm_00000.png,test,vqdm,1,robust,png,png-lossless,0.9341875314712524,1
data\splits\genimage_8000_split_v4\test\ai\adm_00020.png,adm_00020.png,test,adm,1,robust,png,png-lossless,1.0,1
data\splits\genimage_8000_split_v4\test\ai\adm_00012.png,adm_00012.png,test,adm,1,robust,png,png-lossless,1.0,1
data\splits\genimage_8000_split_v4\test\ai\adm_00030.png,adm_00030.png,test,adm,1,robust,png,png-lossless,1.0,1
data\splits\genimage_8000_split_v4\test\ai\midjourney_00070.png,midjourney_00070.png,test,midjourney,1,robust,png,png-lossless,0.22287389636039734,0
data\splits\genimage_8000_split_v4\test\ai\adm_00041.png,adm_00041.png,test,adm,1,robust,png,png-lossless,0.9999876022338867,1
data\splits\genimage_8000_split_v4\test\ai\adm_00078.png,adm_00078.png,test,adm,1,robust,png,png-lossless,1.0,1
data\splits\genimage_8000_split_v4\test\ai\wukong_00068.png,wukong_00068.png,test,wukong,1,robust,png,png-lossless,0.8866936564445496,1
data\splits\genimage_8000_split_v4\test\ai\biggan_00008.png,biggan_00008.png,test,biggan,1,robust,png,png-lossless,0.9681698679924011,1
data\splits\genimage_8000_split_v4\test\ai\adm_00069.png,adm_00069.png,test,adm,1,robust,png,png-lossless,1.0,1
data\splits\genimage_8000_split_v4\test\ai\vqdm_00056.png,vqdm_00056.png,test,vqdm,1,robust,png,png-lossless,0.9895418882369995,1
data\splits\genimage_8000_split_v4\test\ai\sdv5_00036.png,sdv5_00036.png,test,sdv5,1,robust,png,png-lossless,0.9998051524162292,1
data\splits\genimage_8000_split_v4\test\ai\vqdm_00079.png,vqdm_00079.png,test,vqdm,1,robust,png,png-lossless,0.9841806888580322,1
data\splits\genimage_8000_split_v4\test\ai\midjourney_00017.png,midjourney_00017.png,test,midjourney,1,robust,png,png-lossless,0.9415306448936462,1
data\splits\genimage_8000_split_v4\test\ai\biggan_00033.png,biggan_00033.png,test,biggan,1,robust,png,png-lossless,0.999790608882904,1
data\splits\genimage_8000_split_v4\test\ai\biggan_00018.png,biggan_00018.png,test,biggan,1,robust,png,png-lossless,0.9999207258224487,1
data\splits\genimage_8000_split_v4\test\ai\sdv5_00001.png,sdv5_00001.png,test,sdv5,1,robust,png,png-lossless,0.9462379813194275,1
data\splits\genimage_8000_split_v4\test\ai\sdv5_00020.png,sdv5_00020.png,test,sdv5,1,robust,png,png-lossless,0.9999985694885254,1
data\splits\genimage_8000_split_v4\test\ai\biggan_00048.png,biggan_00048.png,test,biggan,1,robust,png,png-lossless,0.9999997615814209,1
data\splits\genimage_8000_split_v4\test\ai\biggan_00058.png,biggan_00058.png,test,biggan,1,robust,png,png-lossless,0.999968409538269,1
data\splits\genimage_8000_split_v4\test\ai\midjourney_00066.png,midjourney_00066.png,test,midjourney,1,robust,png,png-lossless,0.017553184181451797,0
data\splits\genimage_8000_split_v4\test\ai\midjourney_00080.png,midjourney_00080.png,test,midjourney,1,robust,png,png-lossless,0.9626492261886597,1
data\splits\genimage_8000_split_v4\test\ai\adm_00005.png,adm_00005.png,test,adm,1,robust,png,png-lossless,1.0,1
data\splits\genimage_8000_split_v4\test\ai\adm_00003.png,adm_00003.png,test,adm,1,robust,png,png-lossless,1.0,1
data\splits\genimage_8000_split_v4\test\ai\adm_00024.png,adm_00024.png,test,adm,1,robust,png,png-lossless,0.9999988079071045,1
data\splits\genimage_8000_split_v4\test\ai\sdv5_00000.png,sdv5_00000.png,test,sdv5,1,robust,png,png-lossless,1.0,1
data\splits\genimage_8000_split_v4\test\ai\biggan_00001.png,biggan_00001.png,test,biggan,1,robust,png,png-lossless,1.0,1
data\splits\genimage_8000_split_v4\test\ai\vqdm_00014.png,vqdm_00014.png,test,vqdm,1,robust,png,png-lossless,0.9550961852073669,1
data\splits\genimage_8000_split_v4\test\ai\biggan_00028.png,biggan_00028.png,test,biggan,1,robust,png,png-lossless,1.0,1
data\splits\genimage_8000_split_v4\test\ai\midjourney_00028.png,midjourney_00028.png,test,midjourney,1,robust,png,png-lossless,0.14923134446144104,0
data\splits\genimage_8000_split_v4\test\ai\biggan_00027.png,biggan_00027.png,test,biggan,1,robust,png,png-lossless,0.9999998807907104,1
data\splits\genimage_8000_split_v4\test\ai\sdv5_00049.png,sdv5_00049.png,test,sdv5,1,robust,png,png-lossless,0.9999916553497314,1
data\splits\genimage_8000_split_v4\test\ai\vqdm_00029.png,vqdm_00029.png,test,vqdm,1,robust,png,png-lossless,0.9999978542327881,1
data\splits\genimage_8000_split_v4\test\ai\adm_00035.png,adm_00035.png,test,adm,1,robust,png,png-lossless,1.0,1
data\splits\genimage_8000_split_v4\test\ai\adm_00011.png,adm_00011.png,test,adm,1,robust,png,png-lossless,1.0,1
data\splits\genimage_8000_split_v4\test\ai\biggan_00078.png,biggan_00078.png,test,biggan,1,robust,png,png-lossless,0.9990847110748291,1
data\splits\genimage_8000_split_v4\test\ai\midjourney_00013.png,midjourney_00013.png,test,midjourney,1,robust,png,png-lossless,0.9907870888710022,1
data\splits\genimage_8000_split_v4\test\ai\sdv5_00067.png,sdv5_00067.png,test,sdv5,1,robust,png,png-lossless,0.8947232961654663,1
data\splits\genimage_8000_split_v4\test\ai\biggan_00006.png,biggan_00006.png,test,biggan,1,robust,png,png-lossless,0.9882196187973022,1
data\splits\genimage_8000_split_v4\test\ai\vqdm_00078.png,vqdm_00078.png,test,vqdm,1,robust,png,png-lossless,0.6954692602157593,1
data\splits\genimage_8000_split_v4\test\ai\glide_00049.png,glide_00049.png,test,glide,1,robust,png,png-lossless,0.9538494348526001,1
data\splits\genimage_8000_split_v4\test\ai\midjourney_00050.png,midjourney_00050.png,test,midjourney,1,robust,png,png-lossless,0.9999581575393677,1
data\splits\genimage_8000_split_v4\test\ai\glide_00017.png,glide_00017.png,test,glide,1,robust,png,png-lossless,0.9999998807907104,1
data\splits\genimage_8000_split_v4\test\ai\wukong_00008.png,wukong_00008.png,test,wukong,1,robust,png,png-lossless,0.9999837875366211,1
data\splits\genimage_8000_split_v4\test\ai\sdv5_00014.png,sdv5_00014.png,test,sdv5,1,robust,png,png-lossless,0.9870676398277283,1
data\splits\genimage_8000_split_v4\test\ai\biggan_00052.png,biggan_00052.png,test,biggan,1,robust,png,png-lossless,0.96001136302948,1
data\splits\genimage_8000_split_v4\test\ai\wukong_00059.png,wukong_00059.png,test,wukong,1,robust,png,png-lossless,0.9995477795600891,1
data\splits\genimage_8000_split_v4\test\ai\glide_00078.png,glide_00078.png,test,glide,1,robust,png,png-lossless,0.9999464750289917,1
data\splits\genimage_8000_split_v4\test\ai\adm_00034.png,adm_00034.png,test,adm,1,robust,png,png-lossless,1.0,1
data\splits\genimage_8000_split_v4\test\ai\wukong_00006.png,wukong_00006.png,test,wukong,1,robust,png,png-lossless,0.9999939203262329,1
data\splits\genimage_8000_split_v4\test\ai\biggan_00046.png,biggan_00046.png,test,biggan,1,robust,png,png-lossless,1.0,1
data\splits\genimage_8000_split_v4\test\ai\wukong_00073.png,wukong_00073.png,test,wukong,1,robust,png,png-lossless,0.9928574562072754,1
data\splits\genimage_8000_split_v4\test\ai\midjourney_00046.png,midjourney_00046.png,test,midjourney,1,robust,png,png-lossless,0.9921762347221375,1
data\splits\genimage_8000_split_v4\test\ai\glide_00068.png,glide_00068.png,test,glide,1,robust,png,png-lossless,0.9987919926643372,1
data\splits\genimage_8000_split_v4\test\ai\midjourney_00058.png,midjourney_00058.png,test,midjourney,1,robust,png,png-lossless,0.846013069152832,1
data\splits\genimage_8000_split_v4\test\ai\glide_00001.png,glide_00001.png,test,glide,1,robust,png,png-lossless,0.9999982118606567,1
data\splits\genimage_8000_split_v4\test\ai\glide_00041.png,glide_00041.png,test,glide,1,robust,png,png-lossless,1.0,1
data\splits\genimage_8000_split_v4\test\ai\glide_00014.png,glide_00014.png,test,glide,1,robust,png,png-lossless,0.9589389562606812,1
data\splits\genimage_8000_split_v4\test\ai\adm_00013.png,adm_00013.png,test,adm,1,robust,png,png-lossless,0.9971887469291687,1
data\splits\genimage_8000_split_v4\test\ai\glide_00063.png,glide_00063.png,test,glide,1,robust,png,png-lossless,0.9996761083602905,1
data\splits\genimage_8000_split_v4\test\ai\wukong_00045.png,wukong_00045.png,test,wukong,1,robust,png,png-lossless,0.9980579018592834,1
data\splits\genimage_8000_split_v4\test\ai\biggan_00079.png,biggan_00079.png,test,biggan,1,robust,png,png-lossless,1.0,1
data\splits\genimage_8000_split_v4\test\ai\adm_00002.png,adm_00002.png,test,adm,1,robust,png,png-lossless,1.0,1
data\splits\genimage_8000_split_v4\test\ai\midjourney_00041.png,midjourney_00041.png,test,midjourney,1,robust,png,png-lossless,0.5809879302978516,1
data\splits\genimage_8000_split_v4\test\ai\vqdm_00044.png,vqdm_00044.png,test,vqdm,1,robust,png,png-lossless,0.9392061233520508,1
data\splits\genimage_8000_split_v4\test\ai\adm_00043.png,adm_00043.png,test,adm,1,robust,png,png-lossless,0.9998762607574463,1
data\splits\genimage_8000_split_v4\test\ai\sdv5_00017.png,sdv5_00017.png,test,sdv5,1,robust,png,png-lossless,0.9770992398262024,1
data\splits\genimage_8000_split_v4\test\ai\vqdm_00052.png,vqdm_00052.png,test,vqdm,1,robust,png,png-lossless,0.969171404838562,1
data\splits\genimage_8000_split_v4\test\ai\adm_00036.png,adm_00036.png,test,adm,1,robust,png,png-lossless,0.9999982118606567,1
data\splits\genimage_8000_split_v4\test\ai\biggan_00083.png,biggan_00083.png,test,biggan,1,robust,png,png-lossless,0.9999867677688599,1
data\splits\genimage_8000_split_v4\test\ai\glide_00020.png,glide_00020.png,test,glide,1,robust,png,png-lossless,1.0,1
data\splits\genimage_8000_split_v4\test\ai\midjourney_00054.png,midjourney_00054.png,test,midjourney,1,robust,png,png-lossless,0.053717970848083496,0
data\splits\genimage_8000_split_v4\test\ai\adm_00032.png,adm_00032.png,test,adm,1,robust,png,png-lossless,0.9999918937683105,1
data\splits\genimage_8000_split_v4\test\ai\glide_00058.png,glide_00058.png,test,glide,1,robust,png,png-lossless,0.9999974966049194,1
data\splits\genimage_8000_split_v4\test\ai\vqdm_00008.png,vqdm_00008.png,test,vqdm,1,robust,png,png-lossless,0.8486376404762268,1
data\splits\genimage_8000_split_v4\test\ai\adm_00026.png,adm_00026.png,test,adm,1,robust,png,png-lossless,1.0,1
data\splits\genimage_8000_split_v4\test\ai\midjourney_00082.png,midjourney_00082.png,test,midjourney,1,robust,png,png-lossless,0.9975698590278625,1
data\splits\genimage_8000_split_v4\test\ai\wukong_00012.png,wukong_00012.png,test,wukong,1,robust,png,png-lossless,0.9972202777862549,1
data\splits\genimage_8000_split_v4\test\ai\glide_00048.png,glide_00048.png,test,glide,1,robust,png,png-lossless,0.9896723031997681,1
data\splits\genimage_8000_split_v4\test\ai\midjourney_00033.png,midjourney_00033.png,test,midjourney,1,robust,png,png-lossless,0.9996519088745117,1
data\splits\genimage_8000_split_v4\test\ai\vqdm_00060.png,vqdm_00060.png,test,vqdm,1,robust,png,png-lossless,0.9955138564109802,1
data\splits\genimage_8000_split_v4\test\ai\wukong_00052.png,wukong_00052.png,test,wukong,1,robust,png,png-lossless,1.0,1
data\splits\genimage_8000_split_v4\test\ai\adm_00021.png,adm_00021.png,test,adm,1,robust,png,png-lossless,1.0,1
data\splits\genimage_8000_split_v4\test\ai\wukong_00042.png,wukong_00042.png,test,wukong,1,robust,png,png-lossless,0.9947459697723389,1
data\splits\genimage_8000_split_v4\test\ai\vqdm_00071.png,vqdm_00071.png,test,vqdm,1,robust,png,png-lossless,0.9999914169311523,1
data\splits\genimage_8000_split_v4\test\ai\glide_00026.png,glide_00026.png,test,glide,1,robust,png,png-lossless,1.0,1
data\splits\genimage_8000_split_v4\test\ai\biggan_00019.png,biggan_00019.png,test,biggan,1,robust,png,png-lossless,0.9998972415924072,1
data\splits\genimage_8000_split_v4\test\ai\glide_00051.png,glide_00051.png,test,glide,1,robust,png,png-lossless,0.9897013902664185,1
data\splits\genimage_8000_split_v4\test\ai\adm_00056.png,adm_00056.png,test,adm,1,robust,png,png-lossless,0.9999998807907104,1
data\splits\genimage_8000_split_v4\test\ai\glide_00012.png,glide_00012.png,test,glide,1,robust,png,png-lossless,1.0,1
data\splits\genimage_8000_split_v4\test\ai\adm_00017.png,adm_00017.png,test,adm,1,robust,png,png-lossless,0.9921426773071289,1
data\splits\genimage_8000_split_v4\test\ai\wukong_00020.png,wukong_00020.png,test,wukong,1,robust,png,png-lossless,1.0,1
data\splits\genimage_8000_split_v4\test\ai\sdv5_00069.png,sdv5_00069.png,test,sdv5,1,robust,png,png-lossless,0.9851610660552979,1
data\splits\genimage_8000_split_v4\test\ai\vqdm_00064.png,vqdm_00064.png,test,vqdm,1,robust,png,png-lossless,0.9999929666519165,1
data\splits\genimage_8000_split_v4\test\ai\wukong_00050.png,wukong_00050.png,test,wukong,1,robust,png,png-lossless,0.9999934434890747,1
data\splits\genimage_8000_split_v4\test\ai\glide_00032.png,glide_00032.png,test,glide,1,robust,png,png-lossless,0.9906924366950989,1
data\splits\genimage_8000_split_v4\test\ai\glide_00040.png,glide_00040.png,test,glide,1,robust,png,png-lossless,0.9901975393295288,1
data\splits\genimage_8000_split_v4\test\ai\glide_00064.png,glide_00064.png,test,glide,1,robust,png,png-lossless,0.2647646367549896,0
data\splits\genimage_8000_split_v4\test\ai\adm_00016.png,adm_00016.png,test,adm,1,robust,png,png-lossless,0.9999935626983643,1
data\splits\genimage_8000_split_v4\test\ai\biggan_00066.png,biggan_00066.png,test,biggan,1,robust,png,png-lossless,1.0,1
data\splits\genimage_8000_split_v4\test\ai\vqdm_00013.png,vqdm_00013.png,test,vqdm,1,robust,png,png-lossless,0.13478532433509827,0
data\splits\genimage_8000_split_v4\test\ai\sdv5_00024.png,sdv5_00024.png,test,sdv5,1,robust,png,png-lossless,0.9931719303131104,1
data\splits\genimage_8000_split_v4\test\ai\sdv5_00030.png,sdv5_00030.png,test,sdv5,1,robust,png,png-lossless,0.9998353719711304,1
data\splits\genimage_8000_split_v4\test\ai\wukong_00051.png,wukong_00051.png,test,wukong,1,robust,png,png-lossless,1.0,1
data\splits\genimage_8000_split_v4\test\ai\sdv5_00077.png,sdv5_00077.png,test,sdv5,1,robust,png,png-lossless,1.0,1
data\splits\genimage_8000_split_v4\test\ai\biggan_00013.png,biggan_00013.png,test,biggan,1,robust,png,png-lossless,1.0,1
data\splits\genimage_8000_split_v4\test\ai\wukong_00064.png,wukong_00064.png,test,wukong,1,robust,png,png-lossless,0.9999990463256836,1
data\splits\genimage_8000_split_v4\test\ai\vqdm_00025.png,vqdm_00025.png,test,vqdm,1,robust,png,png-lossless,0.9884605407714844,1
data\splits\genimage_8000_split_v4\test\ai\glide_00002.png,glide_00002.png,test,glide,1,robust,png,png-lossless,1.0,1
data\splits\genimage_8000_split_v4\test\ai\midjourney_00079.png,midjourney_00079.png,test,midjourney,1,robust,png,png-lossless,0.9892551898956299,1
data\splits\genimage_8000_split_v4\test\ai\wukong_00039.png,wukong_00039.png,test,wukong,1,robust,png,png-lossless,0.8866758346557617,1
data\splits\genimage_8000_split_v4\test\ai\vqdm_00020.png,vqdm_00020.png,test,vqdm,1,robust,png,png-lossless,0.9998912811279297,1
data\splits\genimage_8000_split_v4\test\ai\sdv5_00032.png,sdv5_00032.png,test,sdv5,1,robust,png,png-lossless,0.9999202489852905,1
data\splits\genimage_8000_split_v4\test\ai\sdv5_00003.png,sdv5_00003.png,test,sdv5,1,robust,png,png-lossless,0.7215381264686584,1
data\splits\genimage_8000_split_v4\test\ai\wukong_00078.png,wukong_00078.png,test,wukong,1,robust,png,png-lossless,0.9999998807907104,1
data\splits\genimage_8000_split_v4\test\ai\wukong_00065.png,wukong_00065.png,test,wukong,1,robust,png,png-lossless,0.9999175071716309,1
data\splits\genimage_8000_split_v4\test\ai\biggan_00014.png,biggan_00014.png,test,biggan,1,robust,png,png-lossless,0.952193558216095,1
data\splits\genimage_8000_split_v4\test\ai\adm_00006.png,adm_00006.png,test,adm,1,robust,png,png-lossless,1.0,1
data\splits\genimage_8000_split_v4\test\ai\wukong_00056.png,wukong_00056.png,test,wukong,1,robust,png,png-lossless,0.999868631362915,1
data\splits\genimage_8000_split_v4\test\ai\biggan_00005.png,biggan_00005.png,test,biggan,1,robust,png,png-lossless,0.9999948740005493,1
data\splits\genimage_8000_split_v4\test\ai\wukong_00002.png,wukong_00002.png,test,wukong,1,robust,png,png-lossless,0.9943951368331909,1
data\splits\genimage_8000_split_v4\test\ai\wukong_00055.png,wukong_00055.png,test,wukong,1,robust,png,png-lossless,0.9904897212982178,1
data\splits\genimage_8000_split_v4\test\ai\sdv5_00016.png,sdv5_00016.png,test,sdv5,1,robust,png,png-lossless,0.995062530040741,1
data\splits\genimage_8000_split_v4\test\ai\biggan_00065.png,biggan_00065.png,test,biggan,1,robust,png,png-lossless,0.748744785785675,1
data\splits\genimage_8000_split_v4\test\ai\vqdm_00019.png,vqdm_00019.png,test,vqdm,1,robust,png,png-lossless,0.3196395933628082,0
data\splits\genimage_8000_split_v4\test\ai\adm_00038.png,adm_00038.png,test,adm,1,robust,png,png-lossless,0.9999995231628418,1
data\splits\genimage_8000_split_v4\test\ai\sdv5_00044.png,sdv5_00044.png,test,sdv5,1,robust,png,png-lossless,0.8130921721458435,1
data\splits\genimage_8000_split_v4\test\ai\midjourney_00084.png,midjourney_00084.png,test,midjourney,1,robust,png,png-lossless,1.0,1
data\splits\genimage_8000_split_v4\test\ai\midjourney_00025.png,midjourney_00025.png,test,midjourney,1,robust,png,png-lossless,0.0818357840180397,0
data\splits\genimage_8000_split_v4\test\ai\biggan_00061.png,biggan_00061.png,test,biggan,1,robust,png,png-lossless,0.9764178395271301,1
data\splits\genimage_8000_split_v4\test\ai\sdv5_00071.png,sdv5_00071.png,test,sdv5,1,robust,png,png-lossless,1.0,1
data\splits\genimage_8000_split_v4\test\ai\biggan_00074.png,biggan_00074.png,test,biggan,1,robust,png,png-lossless,0.9996798038482666,1
data\splits\genimage_8000_split_v4\test\ai\vqdm_00077.png,vqdm_00077.png,test,vqdm,1,robust,png,png-lossless,0.6729280352592468,1
data\splits\genimage_8000_split_v4\test\ai\midjourney_00001.png,midjourney_00001.png,test,midjourney,1,robust,png,png-lossless,0.9999986886978149,1
data\splits\genimage_8000_split_v4\test\ai\biggan_00069.png,biggan_00069.png,test,biggan,1,robust,png,png-lossless,0.7505905032157898,1
data\splits\genimage_8000_split_v4\test\ai\glide_00005.png,glide_00005.png,test,glide,1,robust,png,png-lossless,0.9999206066131592,1
data\splits\genimage_8000_split_v4\test\ai\sdv5_00015.png,sdv5_00015.png,test,sdv5,1,robust,png,png-lossless,0.9998138546943665,1
data\splits\genimage_8000_split_v4\test\ai\vqdm_00012.png,vqdm_00012.png,test,vqdm,1,robust,png,png-lossless,0.9997723698616028,1
data\splits\genimage_8000_split_v4\test\ai\wukong_00077.png,wukong_00077.png,test,wukong,1,robust,png,png-lossless,0.5811735987663269,1
data\splits\genimage_8000_split_v4\test\ai\midjourney_00023.png,midjourney_00023.png,test,midjourney,1,robust,png,png-lossless,0.2776752710342407,0
data\splits\genimage_8000_split_v4\test\ai\sdv5_00045.png,sdv5_00045.png,test,sdv5,1,robust,png,png-lossless,0.9751819968223572,1
data\splits\genimage_8000_split_v4\test\ai\adm_00033.png,adm_00033.png,test,adm,1,robust,png,png-lossless,0.9999983310699463,1
data\splits\genimage_8000_split_v4\test\ai\wukong_00083.png,wukong_00083.png,test,wukong,1,robust,png,png-lossless,0.9750432372093201,1
data\splits\genimage_8000_split_v4\test\ai\biggan_00034.png,biggan_00034.png,test,biggan,1,robust,png,png-lossless,1.0,1
data\splits\genimage_8000_split_v4\test\ai\biggan_00070.png,biggan_00070.png,test,biggan,1,robust,png,png-lossless,0.9895622134208679,1
data\splits\genimage_8000_split_v4\test\ai\biggan_00076.png,biggan_00076.png,test,biggan,1,robust,png,png-lossless,0.9978517293930054,1
data\splits\genimage_8000_split_v4\test\ai\midjourney_00067.png,midjourney_00067.png,test,midjourney,1,robust,png,png-lossless,0.29992392659187317,0
data\splits\genimage_8000_split_v4\test\ai\biggan_00062.png,biggan_00062.png,test,biggan,1,robust,png,png-lossless,1.0,1
data\splits\genimage_8000_split_v4\test\ai\midjourney_00027.png,midjourney_00027.png,test,midjourney,1,robust,png,png-lossless,0.9990636706352234,1
data\splits\genimage_8000_split_v4\test\ai\biggan_00077.png,biggan_00077.png,test,biggan,1,robust,png,png-lossless,0.9836158156394958,1
data\splits\genimage_8000_split_v4\test\ai\wukong_00053.png,wukong_00053.png,test,wukong,1,robust,png,png-lossless,1.0,1
data\splits\genimage_8000_split_v4\test\ai\sdv5_00080.png,sdv5_00080.png,test,sdv5,1,robust,png,png-lossless,1.0,1
data\splits\genimage_8000_split_v4\test\ai\glide_00035.png,glide_00035.png,test,glide,1,robust,png,png-lossless,0.20765452086925507,0
data\splits\genimage_8000_split_v4\test\ai\adm_00022.png,adm_00022.png,test,adm,1,robust,png,png-lossless,0.9999998807907104,1
data\splits\genimage_8000_split_v4\test\ai\vqdm_00070.png,vqdm_00070.png,test,vqdm,1,robust,png,png-lossless,0.9518886208534241,1
data\splits\genimage_8000_split_v4\test\ai\wukong_00019.png,wukong_00019.png,test,wukong,1,robust,png,png-lossless,0.9937025308609009,1
data\splits\genimage_8000_split_v4\test\ai\glide_00036.png,glide_00036.png,test,glide,1,robust,png,png-lossless,0.984521210193634,1
data\splits\genimage_8000_split_v4\test\ai\adm_00054.png,adm_00054.png,test,adm,1,robust,png,png-lossless,1.0,1
data\splits\genimage_8000_split_v4\test\ai\glide_00060.png,glide_00060.png,test,glide,1,robust,png,png-lossless,0.9999580383300781,1
data\splits\genimage_8000_split_v4\test\ai\adm_00061.png,adm_00061.png,test,adm,1,robust,png,png-lossless,0.9999991655349731,1
data\splits\genimage_8000_split_v4\test\ai\vqdm_00028.png,vqdm_00028.png,test,vqdm,1,robust,png,png-lossless,0.7258806228637695,1
data\splits\genimage_8000_split_v4\test\ai\vqdm_00026.png,vqdm_00026.png,test,vqdm,1,robust,png,png-lossless,0.5804237723350525,1
data\splits\genimage_8000_split_v4\test\ai\vqdm_00054.png,vqdm_00054.png,test,vqdm,1,robust,png,png-lossless,0.30863916873931885,0
data\splits\genimage_8000_split_v4\test\ai\biggan_00021.png,biggan_00021.png,test,biggan,1,robust,png,png-lossless,0.9800628423690796,1
data\splits\genimage_8000_split_v4\test\ai\vqdm_00005.png,vqdm_00005.png,test,vqdm,1,robust,png,png-lossless,0.9999969005584717,1
data\splits\genimage_8000_split_v4\test\ai\glide_00055.png,glide_00055.png,test,glide,1,robust,png,png-lossless,0.999854564666748,1
data\splits\genimage_8000_split_v4\test\ai\biggan_00075.png,biggan_00075.png,test,biggan,1,robust,png,png-lossless,0.09922854602336884,0
data\splits\genimage_8000_split_v4\test\ai\wukong_00046.png,wukong_00046.png,test,wukong,1,robust,png,png-lossless,1.0,1
data\splits\genimage_8000_split_v4\test\ai\wukong_00084.png,wukong_00084.png,test,wukong,1,robust,png,png-lossless,0.9661468863487244,1
data\splits\genimage_8000_split_v4\test\ai\wukong_00025.png,wukong_00025.png,test,wukong,1,robust,png,png-lossless,0.999355137348175,1
data\splits\genimage_8000_split_v4\test\ai\vqdm_00009.png,vqdm_00009.png,test,vqdm,1,robust,png,png-lossless,0.9999798536300659,1
data\splits\genimage_8000_split_v4\test\ai\glide_00019.png,glide_00019.png,test,glide,1,robust,png,png-lossless,1.0,1
data\splits\genimage_8000_split_v4\test\ai\biggan_00040.png,biggan_00040.png,test,biggan,1,robust,png,png-lossless,0.9999786615371704,1
data\splits\genimage_8000_split_v4\test\ai\vqdm_00007.png,vqdm_00007.png,test,vqdm,1,robust,png,png-lossless,0.9997935891151428,1
data\splits\genimage_8000_split_v4\test\ai\vqdm_00076.png,vqdm_00076.png,test,vqdm,1,robust,png,png-lossless,0.6562154293060303,1
data\splits\genimage_8000_split_v4\test\ai\glide_00066.png,glide_00066.png,test,glide,1,robust,png,png-lossless,0.015569944866001606,0
data\splits\genimage_8000_split_v4\test\ai\biggan_00073.png,biggan_00073.png,test,biggan,1,robust,png,png-lossless,0.999994158744812,1
data\splits\genimage_8000_split_v4\test\ai\glide_00072.png,glide_00072.png,test,glide,1,robust,png,png-lossless,1.0,1
data\splits\genimage_8000_split_v4\test\ai\midjourney_00038.png,midjourney_00038.png,test,midjourney,1,robust,png,png-lossless,1.0,1
data\splits\genimage_8000_split_v4\test\ai\vqdm_00016.png,vqdm_00016.png,test,vqdm,1,robust,png,png-lossless,2.3309480567945684e-08,0
data\splits\genimage_8000_split_v4\test\ai\glide_00006.png,glide_00006.png,test,glide,1,robust,png,png-lossless,0.9982960820198059,1
data\splits\genimage_8000_split_v4\test\ai\glide_00065.png,glide_00065.png,test,glide,1,robust,png,png-lossless,0.9991580247879028,1
data\splits\genimage_8000_split_v4\test\ai\adm_00055.png,adm_00055.png,test,adm,1,robust,png,png-lossless,0.9999953508377075,1
data\splits\genimage_8000_split_v4\test\ai\midjourney_00073.png,midjourney_00073.png,test,midjourney,1,robust,png,png-lossless,0.8185722231864929,1
data\splits\genimage_8000_split_v4\test\ai\midjourney_00020.png,midjourney_00020.png,test,midjourney,1,robust,png,png-lossless,0.16298653185367584,0
data\splits\genimage_8000_split_v4\test\ai\sdv5_00012.png,sdv5_00012.png,test,sdv5,1,robust,png,png-lossless,1.0,1
data\splits\genimage_8000_split_v4\test\ai\wukong_00028.png,wukong_00028.png,test,wukong,1,robust,png,png-lossless,0.9861379265785217,1
data\splits\genimage_8000_split_v4\test\ai\midjourney_00056.png,midjourney_00056.png,test,midjourney,1,robust,png,png-lossless,0.9998962879180908,1
data\splits\genimage_8000_split_v4\test\ai\vqdm_00067.png,vqdm_00067.png,test,vqdm,1,robust,png,png-lossless,0.0003832161601167172,0
data\splits\genimage_8000_split_v4\test\ai\adm_00037.png,adm_00037.png,test,adm,1,robust,png,png-lossless,1.0,1
data\splits\genimage_8000_split_v4\test\ai\adm_00064.png,adm_00064.png,test,adm,1,robust,png,png-lossless,0.9999997615814209,1
data\splits\genimage_8000_split_v4\test\ai\vqdm_00084.png,vqdm_00084.png,test,vqdm,1,robust,png,png-lossless,0.99998939037323,1
data\splits\genimage_8000_split_v4\test\ai\sdv5_00052.png,sdv5_00052.png,test,sdv5,1,robust,png,png-lossless,1.0,1
data\splits\genimage_8000_split_v4\test\ai\biggan_00035.png,biggan_00035.png,test,biggan,1,robust,png,png-lossless,0.9999940395355225,1
data\splits\genimage_8000_split_v4\test\ai\vqdm_00043.png,vqdm_00043.png,test,vqdm,1,robust,png,png-lossless,0.799552857875824,1
data\splits\genimage_8000_split_v4\test\ai\adm_00028.png,adm_00028.png,test,adm,1,robust,png,png-lossless,1.0,1
data\splits\genimage_8000_split_v4\test\ai\glide_00027.png,glide_00027.png,test,glide,1,robust,png,png-lossless,0.9796665906906128,1
data\splits\genimage_8000_split_v4\test\ai\sdv5_00042.png,sdv5_00042.png,test,sdv5,1,robust,png,png-lossless,1.0,1
data\splits\genimage_8000_split_v4\test\ai\glide_00084.png,glide_00084.png,test,glide,1,robust,png,png-lossless,1.0,1
data\splits\genimage_8000_split_v4\test\ai\sdv5_00025.png,sdv5_00025.png,test,sdv5,1,robust,png,png-lossless,0.9998613595962524,1
data\splits\genimage_8000_split_v4\test\ai\adm_00009.png,adm_00009.png,test,adm,1,robust,png,png-lossless,0.9999277591705322,1
data\splits\genimage_8000_split_v4\test\ai\sdv5_00031.png,sdv5_00031.png,test,sdv5,1,robust,png,png-lossless,0.9999878406524658,1
data\splits\genimage_8000_split_v4\test\ai\wukong_00000.png,wukong_00000.png,test,wukong,1,robust,png,png-lossless,0.8820563554763794,1
data\splits\genimage_8000_split_v4\test\ai\wukong_00069.png,wukong_00069.png,test,wukong,1,robust,png,png-lossless,0.9985004663467407,1
data\splits\genimage_8000_split_v4\test\ai\biggan_00015.png,biggan_00015.png,test,biggan,1,robust,png,png-lossless,0.9999985694885254,1
data\splits\genimage_8000_split_v4\test\ai\glide_00062.png,glide_00062.png,test,glide,1,robust,png,png-lossless,0.9999799728393555,1
data\splits\genimage_8000_split_v4\test\ai\adm_00076.png,adm_00076.png,test,adm,1,robust,png,png-lossless,1.0,1
data\splits\genimage_8000_split_v4\test\ai\vqdm_00015.png,vqdm_00015.png,test,vqdm,1,robust,png,png-lossless,0.9999827146530151,1
data\splits\genimage_8000_split_v4\test\ai\sdv5_00079.png,sdv5_00079.png,test,sdv5,1,robust,png,png-lossless,0.9999936819076538,1
data\splits\genimage_8000_split_v4\test\ai\glide_00083.png,glide_00083.png,test,glide,1,robust,png,png-lossless,0.9999902248382568,1
data\splits\genimage_8000_split_v4\test\ai\biggan_00039.png,biggan_00039.png,test,biggan,1,robust,png,png-lossless,0.9993252754211426,1
data\splits\genimage_8000_split_v4\test\ai\adm_00080.png,adm_00080.png,test,adm,1,robust,png,png-lossless,1.0,1
data\splits\genimage_8000_split_v4\test\ai\midjourney_00064.png,midjourney_00064.png,test,midjourney,1,robust,png,png-lossless,0.9999881982803345,1
data\splits\genimage_8000_split_v4\test\ai\sdv5_00070.png,sdv5_00070.png,test,sdv5,1,robust,png,png-lossless,0.9999903440475464,1
data\splits\genimage_8000_split_v4\test\ai\glide_00073.png,glide_00073.png,test,glide,1,robust,png,png-lossless,0.9998273253440857,1
data\splits\genimage_8000_split_v4\test\ai\vqdm_00018.png,vqdm_00018.png,test,vqdm,1,robust,png,png-lossless,1.0,1
data\splits\genimage_8000_split_v4\test\ai\adm_00053.png,adm_00053.png,test,adm,1,robust,png,png-lossless,0.9999768733978271,1
data\splits\genimage_8000_split_v4\test\ai\biggan_00084.png,biggan_00084.png,test,biggan,1,robust,png,png-lossless,0.9999982118606567,1
data\splits\genimage_8000_split_v4\test\ai\adm_00018.png,adm_00018.png,test,adm,1,robust,png,png-lossless,0.9999611377716064,1
data\splits\genimage_8000_split_v4\test\ai\sdv5_00018.png,sdv5_00018.png,test,sdv5,1,robust,png,png-lossless,0.7426729202270508,1
data\splits\genimage_8000_split_v4\test\ai\biggan_00020.png,biggan_00020.png,test,biggan,1,robust,png,png-lossless,0.9999945163726807,1
data\splits\genimage_8000_split_v4\test\ai\vqdm_00066.png,vqdm_00066.png,test,vqdm,1,robust,png,png-lossless,0.8907781839370728,1
data\splits\genimage_8000_split_v4\test\ai\adm_00048.png,adm_00048.png,test,adm,1,robust,png,png-lossless,0.9999997615814209,1
data\splits\genimage_8000_split_v4\test\ai\glide_00077.png,glide_00077.png,test,glide,1,robust,png,png-lossless,0.9246870279312134,1
data\splits\genimage_8000_split_v4\test\ai\glide_00000.png,glide_00000.png,test,glide,1,robust,png,png-lossless,0.9999898672103882,1
data\splits\genimage_8000_split_v4\test\ai\vqdm_00033.png,vqdm_00033.png,test,vqdm,1,robust,png,png-lossless,0.8338841199874878,1
data\splits\genimage_8000_split_v4\test\ai\glide_00081.png,glide_00081.png,test,glide,1,robust,png,png-lossless,1.0,1
data\splits\genimage_8000_split_v4\test\ai\adm_00075.png,adm_00075.png,test,adm,1,robust,png,png-lossless,0.9999891519546509,1
data\splits\genimage_8000_split_v4\test\ai\midjourney_00012.png,midjourney_00012.png,test,midjourney,1,robust,png,png-lossless,0.9999969005584717,1
data\splits\genimage_8000_split_v4\test\ai\glide_00028.png,glide_00028.png,test,glide,1,robust,png,png-lossless,1.0,1
data\splits\genimage_8000_split_v4\test\ai\vqdm_00057.png,vqdm_00057.png,test,vqdm,1,robust,png,png-lossless,1.0,1
data\splits\genimage_8000_split_v4\test\ai\sdv5_00068.png,sdv5_00068.png,test,sdv5,1,robust,png,png-lossless,0.9771948456764221,1
data\splits\genimage_8000_split_v4\test\ai\vqdm_00036.png,vqdm_00036.png,test,vqdm,1,robust,png,png-lossless,0.6351782083511353,1
data\splits\genimage_8000_split_v4\test\ai\adm_00001.png,adm_00001.png,test,adm,1,robust,png,png-lossless,1.0,1
data\splits\genimage_8000_split_v4\test\ai\biggan_00054.png,biggan_00054.png,test,biggan,1,robust,png,png-lossless,0.9758013486862183,1
data\splits\genimage_8000_split_v4\test\ai\vqdm_00058.png,vqdm_00058.png,test,vqdm,1,robust,png,png-lossless,1.0,1
data\splits\genimage_8000_split_v4\test\ai\sdv5_00035.png,sdv5_00035.png,test,sdv5,1,robust,png,png-lossless,0.9998347759246826,1
data\splits\genimage_8000_split_v4\test\ai\glide_00018.png,glide_00018.png,test,glide,1,robust,png,png-lossless,0.008185249753296375,0
data\splits\genimage_8000_split_v4\test\ai\adm_00008.png,adm_00008.png,test,adm,1,robust,png,png-lossless,1.0,1
data\splits\genimage_8000_split_v4\test\ai\biggan_00067.png,biggan_00067.png,test,biggan,1,robust,png,png-lossless,0.9999886751174927,1
data\splits\genimage_8000_split_v4\test\ai\glide_00004.png,glide_00004.png,test,glide,1,robust,png,png-lossless,0.966970682144165,1
data\splits\genimage_8000_split_v4\test\ai\midjourney_00083.png,midjourney_00083.png,test,midjourney,1,robust,png,png-lossless,0.9937800765037537,1
data\splits\genimage_8000_split_v4\test\ai\wukong_00026.png,wukong_00026.png,test,wukong,1,robust,png,png-lossless,1.0,1
data\splits\genimage_8000_split_v4\test\ai\sdv5_00028.png,sdv5_00028.png,test,sdv5,1,robust,png,png-lossless,0.9991819262504578,1
data\splits\genimage_8000_split_v4\test\ai\midjourney_00042.png,midjourney_00042.png,test,midjourney,1,robust,png,png-lossless,0.9999998807907104,1
data\splits\genimage_8000_split_v4\test\ai\adm_00060.png,adm_00060.png,test,adm,1,robust,png,png-lossless,0.9993740916252136,1
data\splits\genimage_8000_split_v4\test\ai\glide_00003.png,glide_00003.png,test,glide,1,robust,png,png-lossless,0.9999922513961792,1
data\splits\genimage_8000_split_v4\test\ai\glide_00025.png,glide_00025.png,test,glide,1,robust,png,png-lossless,0.9999831914901733,1
data\splits\genimage_8000_split_v4\test\ai\biggan_00026.png,biggan_00026.png,test,biggan,1,robust,png,png-lossless,0.998016357421875,1
data\splits\genimage_8000_split_v4\test\ai\adm_00077.png,adm_00077.png,test,adm,1,robust,png,png-lossless,1.0,1
data\splits\genimage_8000_split_v4\test\ai\adm_00047.png,adm_00047.png,test,adm,1,robust,png,png-lossless,0.9999995231628418,1
data\splits\genimage_8000_split_v4\test\ai\sdv5_00033.png,sdv5_00033.png,test,sdv5,1,robust,png,png-lossless,1.0,1
data\splits\genimage_8000_split_v4\test\ai\midjourney_00032.png,midjourney_00032.png,test,midjourney,1,robust,png,png-lossless,0.9999856948852539,1
data\splits\genimage_8000_split_v4\test\ai\biggan_00064.png,biggan_00064.png,test,biggan,1,robust,png,png-lossless,0.7761471271514893,1
data\splits\genimage_8000_split_v4\test\ai\vqdm_00074.png,vqdm_00074.png,test,vqdm,1,robust,png,png-lossless,0.9999998807907104,1
data\splits\genimage_8000_split_v4\test\ai\biggan_00038.png,biggan_00038.png,test,biggan,1,robust,png,png-lossless,0.9992806315422058,1
data\splits\genimage_8000_split_v4\test\ai\adm_00082.png,adm_00082.png,test,adm,1,robust,png,png-lossless,1.0,1
data\splits\genimage_8000_split_v4\test\ai\wukong_00007.png,wukong_00007.png,test,wukong,1,robust,png,png-lossless,0.9998483657836914,1
data\splits\genimage_8000_split_v4\test\ai\wukong_00060.png,wukong_00060.png,test,wukong,1,robust,png,png-lossless,1.0,1
data\splits\genimage_8000_split_v4\test\ai\sdv5_00041.png,sdv5_00041.png,test,sdv5,1,robust,png,png-lossless,0.9993987083435059,1
data\splits\genimage_8000_split_v4\test\ai\vqdm_00038.png,vqdm_00038.png,test,vqdm,1,robust,png,png-lossless,0.9999991655349731,1
data\splits\genimage_8000_split_v4\test\ai\wukong_00001.png,wukong_00001.png,test,wukong,1,robust,png,png-lossless,1.0,1
data\splits\genimage_8000_split_v4\test\ai\midjourney_00015.png,midjourney_00015.png,test,midjourney,1,robust,png,png-lossless,0.9999996423721313,1
data\splits\genimage_8000_split_v4\test\ai\biggan_00047.png,biggan_00047.png,test,biggan,1,robust,png,png-lossless,0.9999990463256836,1
data\splits\genimage_8000_split_v4\test\ai\glide_00030.png,glide_00030.png,test,glide,1,robust,png,png-lossless,0.9998080134391785,1
data\splits\genimage_8000_split_v4\test\ai\vqdm_00047.png,vqdm_00047.png,test,vqdm,1,robust,png,png-lossless,0.020580744370818138,0
data\splits\genimage_8000_split_v4\test\ai\sdv5_00084.png,sdv5_00084.png,test,sdv5,1,robust,png,png-lossless,0.9988310933113098,1
data\splits\genimage_8000_split_v4\test\ai\vqdm_00083.png,vqdm_00083.png,test,vqdm,1,robust,png,png-lossless,0.9999833106994629,1
data\splits\genimage_8000_split_v4\test\ai\biggan_00068.png,biggan_00068.png,test,biggan,1,robust,png,png-lossless,0.997090220451355,1
data\splits\genimage_8000_split_v4\test\ai\sdv5_00058.png,sdv5_00058.png,test,sdv5,1,robust,png,png-lossless,0.9999849796295166,1
data\splits\genimage_8000_split_v4\test\ai\sdv5_00006.png,sdv5_00006.png,test,sdv5,1,robust,png,png-lossless,0.9993010759353638,1
data\splits\genimage_8000_split_v4\test\ai\biggan_00044.png,biggan_00044.png,test,biggan,1,robust,png,png-lossless,0.9948506951332092,1
data\splits\genimage_8000_split_v4\test\ai\midjourney_00003.png,midjourney_00003.png,test,midjourney,1,robust,png,png-lossless,0.9999954700469971,1
data\splits\genimage_8000_split_v4\test\ai\sdv5_00027.png,sdv5_00027.png,test,sdv5,1,robust,png,png-lossless,0.9999656677246094,1
data\splits\genimage_8000_split_v4\test\ai\biggan_00072.png,biggan_00072.png,test,biggan,1,robust,png,png-lossless,0.9999903440475464,1
data\splits\genimage_8000_split_v4\test\ai\vqdm_00030.png,vqdm_00030.png,test,vqdm,1,robust,png,png-lossless,0.947858452796936,1
data\splits\genimage_8000_split_v4\test\ai\vqdm_00085.png,vqdm_00085.png,test,vqdm,1,robust,png,png-lossless,0.8753267526626587,1
data\splits\genimage_8000_split_v4\test\ai\wukong_00071.png,wukong_00071.png,test,wukong,1,robust,png,png-lossless,0.9999995231628418,1
data\splits\genimage_8000_split_v4\test\ai\adm_00062.png,adm_00062.png,test,adm,1,robust,png,png-lossless,0.9995206594467163,1
data\splits\genimage_8000_split_v4\test\ai\adm_00000.png,adm_00000.png,test,adm,1,robust,png,png-lossless,0.999996542930603,1
data\splits\genimage_8000_split_v4\test\ai\wukong_00044.png,wukong_00044.png,test,wukong,1,robust,png,png-lossless,0.9999771118164062,1
data\splits\genimage_8000_split_v4\test\ai\glide_00075.png,glide_00075.png,test,glide,1,robust,png,png-lossless,0.9667189717292786,1
data\splits\genimage_8000_split_v4\test\ai\vqdm_00040.png,vqdm_00040.png,test,vqdm,1,robust,png,png-lossless,0.6211305856704712,1
data\splits\genimage_8000_split_v4\test\ai\wukong_00082.png,wukong_00082.png,test,wukong,1,robust,png,png-lossless,1.0,1
data\splits\genimage_8000_split_v4\test\ai\midjourney_00019.png,midjourney_00019.png,test,midjourney,1,robust,png,png-lossless,0.9985320568084717,1
data\splits\genimage_8000_split_v4\test\ai\adm_00065.png,adm_00065.png,test,adm,1,robust,png,png-lossless,1.0,1
data\splits\genimage_8000_split_v4\test\ai\midjourney_00022.png,midjourney_00022.png,test,midjourney,1,robust,png,png-lossless,0.9953639507293701,1
data\splits\genimage_8000_split_v4\test\ai\midjourney_00052.png,midjourney_00052.png,test,midjourney,1,robust,png,png-lossless,0.003322105621919036,0
data\splits\genimage_8000_split_v4\test\ai\adm_00046.png,adm_00046.png,test,adm,1,robust,png,png-lossless,1.0,1
data\splits\genimage_8000_split_v4\test\ai\wukong_00048.png,wukong_00048.png,test,wukong,1,robust,png,png-lossless,0.9914103150367737,1
data\splits\genimage_8000_split_v4\test\ai\vqdm_00045.png,vqdm_00045.png,test,vqdm,1,robust,png,png-lossless,0.999308705329895,1
data\splits\genimage_8000_split_v4\test\ai\biggan_00036.png,biggan_00036.png,test,biggan,1,robust,png,png-lossless,0.9942591190338135,1
data\splits\genimage_8000_split_v4\test\ai\sdv5_00038.png,sdv5_00038.png,test,sdv5,1,robust,png,png-lossless,0.963317334651947,1
data\splits\genimage_8000_split_v4\test\ai\vqdm_00050.png,vqdm_00050.png,test,vqdm,1,robust,png,png-lossless,0.595850944519043,1
data\splits\genimage_8000_split_v4\test\ai\biggan_00041.png,biggan_00041.png,test,biggan,1,robust,png,png-lossless,0.9999997615814209,1
data\splits\genimage_8000_split_v4\test\ai\vqdm_00051.png,vqdm_00051.png,test,vqdm,1,robust,png,png-lossless,0.9864699244499207,1
data\splits\genimage_8000_split_v4\test\ai\glide_00054.png,glide_00054.png,test,glide,1,robust,png,png-lossless,0.9932532906532288,1
data\splits\genimage_8000_split_v4\test\ai\sdv5_00062.png,sdv5_00062.png,test,sdv5,1,robust,png,png-lossless,1.0,1
data\splits\genimage_8000_split_v4\test\ai\sdv5_00060.png,sdv5_00060.png,test,sdv5,1,robust,png,png-lossless,0.995173990726471,1
data\splits\genimage_8000_split_v4\test\ai\glide_00079.png,glide_00079.png,test,glide,1,robust,png,png-lossless,0.3180960416793823,0
data\splits\genimage_8000_split_v4\test\ai\midjourney_00004.png,midjourney_00004.png,test,midjourney,1,robust,png,png-lossless,0.999987006187439,1
data\splits\genimage_8000_split_v4\test\ai\wukong_00040.png,wukong_00040.png,test,wukong,1,robust,png,png-lossless,0.9999998807907104,1
data\splits\genimage_8000_split_v4\test\ai\biggan_00060.png,biggan_00060.png,test,biggan,1,robust,png,png-lossless,0.9998388290405273,1
data\splits\genimage_8000_split_v4\test\ai\wukong_00049.png,wukong_00049.png,test,wukong,1,robust,png,png-lossless,0.9793521165847778,1
data\splits\genimage_8000_split_v4\test\ai\wukong_00035.png,wukong_00035.png,test,wukong,1,robust,png,png-lossless,0.6907841563224792,1
data\splits\genimage_8000_split_v4\test\ai\adm_00010.png,adm_00010.png,test,adm,1,robust,png,png-lossless,0.9999910593032837,1
data\splits\genimage_8000_split_v4\test\ai\sdv5_00064.png,sdv5_00064.png,test,sdv5,1,robust,png,png-lossless,0.7170472741127014,1
data\splits\genimage_8000_split_v4\test\ai\adm_00059.png,adm_00059.png,test,adm,1,robust,png,png-lossless,0.9999997615814209,1
data\splits\genimage_8000_split_v4\test\ai\midjourney_00048.png,midjourney_00048.png,test,midjourney,1,robust,png,png-lossless,0.9999924898147583,1
data\splits\genimage_8000_split_v4\test\ai\midjourney_00016.png,midjourney_00016.png,test,midjourney,1,robust,png,png-lossless,0.9192919731140137,1
data\splits\genimage_8000_split_v4\test\ai\biggan_00007.png,biggan_00007.png,test,biggan,1,robust,png,png-lossless,0.7159411311149597,1
data\splits\genimage_8000_split_v4\test\ai\glide_00067.png,glide_00067.png,test,glide,1,robust,png,png-lossless,0.9979137778282166,1
data\splits\genimage_8000_split_v4\test\ai\glide_00046.png,glide_00046.png,test,glide,1,robust,png,png-lossless,0.9993645548820496,1
data\splits\genimage_8000_split_v4\test\ai\vqdm_00053.png,vqdm_00053.png,test,vqdm,1,robust,png,png-lossless,0.9999315738677979,1
data\splits\genimage_8000_split_v4\test\ai\adm_00071.png,adm_00071.png,test,adm,1,robust,png,png-lossless,1.0,1
data\splits\genimage_8000_split_v4\test\ai\glide_00022.png,glide_00022.png,test,glide,1,robust,png,png-lossless,0.9999995231628418,1
data\splits\genimage_8000_split_v4\test\ai\sdv5_00082.png,sdv5_00082.png,test,sdv5,1,robust,png,png-lossless,0.9999997615814209,1
data\splits\genimage_8000_split_v4\test\ai\vqdm_00003.png,vqdm_00003.png,test,vqdm,1,robust,png,png-lossless,0.9163852334022522,1
data\splits\genimage_8000_split_v4\test\ai\midjourney_00035.png,midjourney_00035.png,test,midjourney,1,robust,png,png-lossless,0.9967843294143677,1
data\splits\genimage_8000_split_v4\test\ai\glide_00031.png,glide_00031.png,test,glide,1,robust,png,png-lossless,0.9999992847442627,1
data\splits\genimage_8000_split_v4\test\ai\vqdm_00063.png,vqdm_00063.png,test,vqdm,1,robust,png,png-lossless,0.9989728927612305,1
data\splits\genimage_8000_split_v4\test\ai\wukong_00016.png,wukong_00016.png,test,wukong,1,robust,png,png-lossless,0.9999815225601196,1
data\splits\genimage_8000_split_v4\test\ai\wukong_00054.png,wukong_00054.png,test,wukong,1,robust,png,png-lossless,0.9999998807907104,1
data\splits\genimage_8000_split_v4\test\ai\biggan_00002.png,biggan_00002.png,test,biggan,1,robust,png,png-lossless,0.9883370995521545,1
data\splits\genimage_8000_split_v4\test\ai\adm_00049.png,adm_00049.png,test,adm,1,robust,png,png-lossless,1.0,1
data\splits\genimage_8000_split_v4\test\ai\sdv5_00002.png,sdv5_00002.png,test,sdv5,1,robust,png,png-lossless,1.0,1
data\splits\genimage_8000_split_v4\test\ai\biggan_00025.png,biggan_00025.png,test,biggan,1,robust,png,png-lossless,0.9958925247192383,1
data\splits\genimage_8000_split_v4\test\ai\biggan_00071.png,biggan_00071.png,test,biggan,1,robust,png,png-lossless,0.9998924732208252,1
data\splits\genimage_8000_split_v4\test\ai\biggan_00051.png,biggan_00051.png,test,biggan,1,robust,png,png-lossless,0.47791409492492676,0
data\splits\genimage_8000_split_v4\test\ai\wukong_00081.png,wukong_00081.png,test,wukong,1,robust,png,png-lossless,0.9989767074584961,1
data\splits\genimage_8000_split_v4\test\ai\sdv5_00022.png,sdv5_00022.png,test,sdv5,1,robust,png,png-lossless,1.0,1
data\splits\genimage_8000_split_v4\test\real\real_00486.jpeg,real_00486.jpeg,test,real,0,robust,jpeg_q95,"jpeg(Q95,s0)",1.05417041140754e-06,0
data\splits\genimage_8000_split_v4\test\real\real_00382.jpeg,real_00382.jpeg,test,real,0,robust,jpeg_q95,"jpeg(Q95,s0)",1.1494376631060454e-11,0
data\splits\genimage_8000_split_v4\test\real\real_00117.jpeg,real_00117.jpeg,test,real,0,robust,jpeg_q95,"jpeg(Q95,s0)",0.0020360357593744993,0
data\splits\genimage_8000_split_v4\test\real\real_00354.jpeg,real_00354.jpeg,test,real,0,robust,jpeg_q95,"jpeg(Q95,s0)",4.8271790210885346e-12,0
data\splits\genimage_8000_split_v4\test\real\real_00076.jpeg,real_00076.jpeg,test,real,0,robust,jpeg_q95,"jpeg(Q95,s0)",7.327339972107438e-06,0
data\splits\genimage_8000_split_v4\test\real\real_00395.jpeg,real_00395.jpeg,test,real,0,robust,jpeg_q95,"jpeg(Q95,s0)",1.7777915672922973e-07,0
data\splits\genimage_8000_split_v4\test\real\real_00348.jpeg,real_00348.jpeg,test,real,0,robust,jpeg_q95,"jpeg(Q95,s0)",0.47023138403892517,0
data\splits\genimage_8000_split_v4\test\real\real_00307.jpeg,real_00307.jpeg,test,real,0,robust,jpeg_q95,"jpeg(Q95,s0)",5.117282549207239e-19,0
data\splits\genimage_8000_split_v4\test\real\real_00438.jpeg,real_00438.jpeg,test,real,0,robust,jpeg_q95,"jpeg(Q95,s0)",2.544566313583948e-37,0
data\splits\genimage_8000_split_v4\test\real\real_00393.jpeg,real_00393.jpeg,test,real,0,robust,jpeg_q95,"jpeg(Q95,s0)",1.1050487955799326e-05,0
data\splits\genimage_8000_split_v4\test\real\real_00566.jpeg,real_00566.jpeg,test,real,0,robust,jpeg_q95,"jpeg(Q95,s0)",5.9322366723790765e-05,0
data\splits\genimage_8000_split_v4\test\real\real_00055.jpeg,real_00055.jpeg,test,real,0,robust,jpeg_q95,"jpeg(Q95,s0)",0.38224464654922485,0
data\splits\genimage_8000_split_v4\test\real\real_00416.jpeg,real_00416.jpeg,test,real,0,robust,jpeg_q95,"jpeg(Q95,s0)",0.09716129302978516,0
data\splits\genimage_8000_split_v4\test\real\real_00304.jpeg,real_00304.jpeg,test,real,0,robust,jpeg_q95,"jpeg(Q95,s0)",5.3435115510381595e-25,0
data\splits\genimage_8000_split_v4\test\real\real_00135.jpeg,real_00135.jpeg,test,real,0,robust,jpeg_q95,"jpeg(Q95,s0)",0.8150963187217712,1
data\splits\genimage_8000_split_v4\test\real\real_00387.jpeg,real_00387.jpeg,test,real,0,robust,jpeg_q95,"jpeg(Q95,s0)",2.669845455827158e-09,0
data\splits\genimage_8000_split_v4\test\real\real_00040.jpeg,real_00040.jpeg,test,real,0,robust,jpeg_q95,"jpeg(Q95,s0)",7.601479268259936e-08,0
data\splits\genimage_8000_split_v4\test\real\real_00563.jpeg,real_00563.jpeg,test,real,0,robust,jpeg_q95,"jpeg(Q95,s0)",4.091061055078171e-05,0
data\splits\genimage_8000_split_v4\test\real\real_00457.jpeg,real_00457.jpeg,test,real,0,robust,jpeg_q95,"jpeg(Q95,s0)",2.59494870036292e-09,0
data\splits\genimage_8000_split_v4\test\real\real_00561.jpeg,real_00561.jpeg,test,real,0,robust,jpeg_q95,"jpeg(Q95,s0)",6.698142556160747e-07,0
data\splits\genimage_8000_split_v4\test\real\real_00288.jpeg,real_00288.jpeg,test,real,0,robust,jpeg_q95,"jpeg(Q95,s0)",0.0005026940489187837,0
data\splits\genimage_8000_split_v4\test\real\real_00271.jpeg,real_00271.jpeg,test,real,0,robust,jpeg_q95,"jpeg(Q95,s0)",0.00023340075858868659,0
data\splits\genimage_8000_split_v4\test\real\real_00185.jpeg,real_00185.jpeg,test,real,0,robust,jpeg_q95,"jpeg(Q95,s0)",0.1672927588224411,0
data\splits\genimage_8000_split_v4\test\real\real_00216.jpeg,real_00216.jpeg,test,real,0,robust,jpeg_q95,"jpeg(Q95,s0)",0.02632415108382702,0
data\splits\genimage_8000_split_v4\test\real\real_00180.jpeg,real_00180.jpeg,test,real,0,robust,jpeg_q95,"jpeg(Q95,s0)",0.9697220921516418,1
data\splits\genimage_8000_split_v4\test\real\real_00189.jpeg,real_00189.jpeg,test,real,0,robust,jpeg_q95,"jpeg(Q95,s0)",3.2762652608653298e-06,0
data\splits\genimage_8000_split_v4\test\real\real_00396.jpeg,real_00396.jpeg,test,real,0,robust,jpeg_q95,"jpeg(Q95,s0)",0.45559537410736084,0
data\splits\genimage_8000_split_v4\test\real\real_00131.jpeg,real_00131.jpeg,test,real,0,robust,jpeg_q95,"jpeg(Q95,s0)",0.0060111465863883495,0
data\splits\genimage_8000_split_v4\test\real\real_00557.jpeg,real_00557.jpeg,test,real,0,robust,jpeg_q95,"jpeg(Q95,s0)",2.080439905636014e-13,0
data\splits\genimage_8000_split_v4\test\real\real_00266.jpeg,real_00266.jpeg,test,real,0,robust,jpeg_q95,"jpeg(Q95,s0)",5.973888619337231e-05,0
data\splits\genimage_8000_split_v4\test\real\real_00207.jpeg,real_00207.jpeg,test,real,0,robust,jpeg_q95,"jpeg(Q95,s0)",7.250074571609338e-20,0
data\splits\genimage_8000_split_v4\test\real\real_00141.jpeg,real_00141.jpeg,test,real,0,robust,jpeg_q95,"jpeg(Q95,s0)",0.6575438380241394,1
data\splits\genimage_8000_split_v4\test\real\real_00407.jpeg,real_00407.jpeg,test,real,0,robust,jpeg_q95,"jpeg(Q95,s0)",0.999349057674408,1
data\splits\genimage_8000_split_v4\test\real\real_00026.jpeg,real_00026.jpeg,test,real,0,robust,jpeg_q95,"jpeg(Q95,s0)",0.9356821179389954,1
data\splits\genimage_8000_split_v4\test\real\real_00046.jpeg,real_00046.jpeg,test,real,0,robust,jpeg_q95,"jpeg(Q95,s0)",3.058456172766455e-07,0
data\splits\genimage_8000_split_v4\test\real\real_00585.jpeg,real_00585.jpeg,test,real,0,robust,jpeg_q95,"jpeg(Q95,s0)",6.596487762617308e-19,0
data\splits\genimage_8000_split_v4\test\real\real_00206.jpeg,real_00206.jpeg,test,real,0,robust,jpeg_q95,"jpeg(Q95,s0)",0.8421773910522461,1
data\splits\genimage_8000_split_v4\test\real\real_00297.jpeg,real_00297.jpeg,test,real,0,robust,jpeg_q95,"jpeg(Q95,s0)",7.052540240692906e-08,0
data\splits\genimage_8000_split_v4\test\real\real_00401.jpeg,real_00401.jpeg,test,real,0,robust,jpeg_q95,"jpeg(Q95,s0)",7.354558874794748e-06,0
data\splits\genimage_8000_split_v4\test\real\real_00339.jpeg,real_00339.jpeg,test,real,0,robust,jpeg_q95,"jpeg(Q95,s0)",1.0729964009317805e-12,0
data\splits\genimage_8000_split_v4\test\real\real_00403.jpeg,real_00403.jpeg,test,real,0,robust,jpeg_q95,"jpeg(Q95,s0)",0.5096646547317505,1
data\splits\genimage_8000_split_v4\test\real\real_00344.jpeg,real_00344.jpeg,test,real,0,robust,jpeg_q95,"jpeg(Q95,s0)",1.3847970770086704e-08,0
data\splits\genimage_8000_split_v4\test\real\real_00560.jpeg,real_00560.jpeg,test,real,0,robust,jpeg_q95,"jpeg(Q95,s0)",0.04933256283402443,0
data\splits\genimage_8000_split_v4\test\real\real_00553.jpeg,real_00553.jpeg,test,real,0,robust,jpeg_q95,"jpeg(Q95,s0)",0.001737165730446577,0
data\splits\genimage_8000_split_v4\test\real\real_00598.jpeg,real_00598.jpeg,test,real,0,robust,jpeg_q95,"jpeg(Q95,s0)",0.00023305609647650272,0
data\splits\genimage_8000_split_v4\test\real\real_00497.jpeg,real_00497.jpeg,test,real,0,robust,jpeg_q95,"jpeg(Q95,s0)",4.319741435665492e-07,0
data\splits\genimage_8000_split_v4\test\real\real_00253.jpeg,real_00253.jpeg,test,real,0,robust,jpeg_q95,"jpeg(Q95,s0)",9.149198539969834e-20,0
data\splits\genimage_8000_split_v4\test\real\real_00577.jpeg,real_00577.jpeg,test,real,0,robust,jpeg_q95,"jpeg(Q95,s0)",4.7879936933145766e-17,0
data\splits\genimage_8000_split_v4\test\real\real_00394.jpeg,real_00394.jpeg,test,real,0,robust,jpeg_q95,"jpeg(Q95,s0)",0.010468345135450363,0
data\splits\genimage_8000_split_v4\test\real\real_00445.jpeg,real_00445.jpeg,test,real,0,robust,jpeg_q95,"jpeg(Q95,s0)",0.8750820159912109,1
data\splits\genimage_8000_split_v4\test\real\real_00050.jpeg,real_00050.jpeg,test,real,0,robust,jpeg_q95,"jpeg(Q95,s0)",0.5739132165908813,1
data\splits\genimage_8000_split_v4\test\real\real_00269.jpeg,real_00269.jpeg,test,real,0,robust,jpeg_q95,"jpeg(Q95,s0)",3.176825746908918e-10,0
data\splits\genimage_8000_split_v4\test\real\real_00151.jpeg,real_00151.jpeg,test,real,0,robust,jpeg_q95,"jpeg(Q95,s0)",0.9901040196418762,1
data\splits\genimage_8000_split_v4\test\real\real_00190.jpeg,real_00190.jpeg,test,real,0,robust,jpeg_q95,"jpeg(Q95,s0)",2.2802970622848306e-09,0
data\splits\genimage_8000_split_v4\test\real\real_00250.jpeg,real_00250.jpeg,test,real,0,robust,jpeg_q95,"jpeg(Q95,s0)",1.3445896840380556e-08,0
data\splits\genimage_8000_split_v4\test\real\real_00257.jpeg,real_00257.jpeg,test,real,0,robust,jpeg_q95,"jpeg(Q95,s0)",0.00047025163075886667,0
data\splits\genimage_8000_split_v4\test\real\real_00008.jpeg,real_00008.jpeg,test,real,0,robust,jpeg_q95,"jpeg(Q95,s0)",4.061578886258889e-14,0
data\splits\genimage_8000_split_v4\test\real\real_00398.jpeg,real_00398.jpeg,test,real,0,robust,jpeg_q95,"jpeg(Q95,s0)",0.24644923210144043,0
data\splits\genimage_8000_split_v4\test\real\real_00322.jpeg,real_00322.jpeg,test,real,0,robust,jpeg_q95,"jpeg(Q95,s0)",4.667316773065977e-07,0
data\splits\genimage_8000_split_v4\test\real\real_00230.jpeg,real_00230.jpeg,test,real,0,robust,jpeg_q95,"jpeg(Q95,s0)",0.6214223504066467,1
data\splits\genimage_8000_split_v4\test\real\real_00219.jpeg,real_00219.jpeg,test,real,0,robust,jpeg_q95,"jpeg(Q95,s0)",3.53371013006587e-11,0
data\splits\genimage_8000_split_v4\test\real\real_00550.jpeg,real_00550.jpeg,test,real,0,robust,jpeg_q95,"jpeg(Q95,s0)",0.00013652716006617993,0
data\splits\genimage_8000_split_v4\test\real\real_00528.jpeg,real_00528.jpeg,test,real,0,robust,jpeg_q95,"jpeg(Q95,s0)",0.00011156836990267038,0
data\splits\genimage_8000_split_v4\test\real\real_00039.jpeg,real_00039.jpeg,test,real,0,robust,jpeg_q95,"jpeg(Q95,s0)",2.063077999991947e-06,0
data\splits\genimage_8000_split_v4\test\real\real_00274.jpeg,real_00274.jpeg,test,real,0,robust,jpeg_q95,"jpeg(Q95,s0)",0.003345177508890629,0
data\splits\genimage_8000_split_v4\test\real\real_00414.jpeg,real_00414.jpeg,test,real,0,robust,jpeg_q95,"jpeg(Q95,s0)",0.2600387632846832,0
data\splits\genimage_8000_split_v4\test\real\real_00038.jpeg,real_00038.jpeg,test,real,0,robust,jpeg_q95,"jpeg(Q95,s0)",0.05324307084083557,0
data\splits\genimage_8000_split_v4\test\real\real_00434.jpeg,real_00434.jpeg,test,real,0,robust,jpeg_q95,"jpeg(Q95,s0)",0.08573731034994125,0
data\splits\genimage_8000_split_v4\test\real\real_00279.jpeg,real_00279.jpeg,test,real,0,robust,jpeg_q95,"jpeg(Q95,s0)",0.022257352247834206,0
data\splits\genimage_8000_split_v4\test\real\real_00077.jpeg,real_00077.jpeg,test,real,0,robust,jpeg_q95,"jpeg(Q95,s0)",0.1980448216199875,0
data\splits\genimage_8000_split_v4\test\real\real_00312.jpeg,real_00312.jpeg,test,real,0,robust,jpeg_q95,"jpeg(Q95,s0)",0.1328868567943573,0
data\splits\genimage_8000_split_v4\test\real\real_00482.jpeg,real_00482.jpeg,test,real,0,robust,jpeg_q95,"jpeg(Q95,s0)",0.9987701773643494,1
data\splits\genimage_8000_split_v4\test\real\real_00178.jpeg,real_00178.jpeg,test,real,0,robust,jpeg_q95,"jpeg(Q95,s0)",0.7517724633216858,1
data\splits\genimage_8000_split_v4\test\real\real_00535.jpeg,real_00535.jpeg,test,real,0,robust,jpeg_q95,"jpeg(Q95,s0)",0.0005969404592178762,0
data\splits\genimage_8000_split_v4\test\real\real_00345.jpeg,real_00345.jpeg,test,real,0,robust,jpeg_q95,"jpeg(Q95,s0)",5.120455170981586e-07,0
data\splits\genimage_8000_split_v4\test\real\real_00019.jpeg,real_00019.jpeg,test,real,0,robust,jpeg_q95,"jpeg(Q95,s0)",0.007278024218976498,0
data\splits\genimage_8000_split_v4\test\real\real_00143.jpeg,real_00143.jpeg,test,real,0,robust,jpeg_q95,"jpeg(Q95,s0)",0.029183458536863327,0
data\splits\genimage_8000_split_v4\test\real\real_00496.jpeg,real_00496.jpeg,test,real,0,robust,jpeg_q95,"jpeg(Q95,s0)",1.2901870682924255e-08,0
data\splits\genimage_8000_split_v4\test\real\real_00522.jpeg,real_00522.jpeg,test,real,0,robust,jpeg_q95,"jpeg(Q95,s0)",1.9330578943115866e-23,0
data\splits\genimage_8000_split_v4\test\real\real_00451.jpeg,real_00451.jpeg,test,real,0,robust,jpeg_q95,"jpeg(Q95,s0)",3.3656202824694503e-10,0
data\splits\genimage_8000_split_v4\test\real\real_00371.jpeg,real_00371.jpeg,test,real,0,robust,jpeg_q95,"jpeg(Q95,s0)",6.332360715432736e-14,0
data\splits\genimage_8000_split_v4\test\real\real_00060.jpeg,real_00060.jpeg,test,real,0,robust,jpeg_q95,"jpeg(Q95,s0)",0.9994251728057861,1
data\splits\genimage_8000_split_v4\test\real\real_00410.jpeg,real_00410.jpeg,test,real,0,robust,jpeg_q95,"jpeg(Q95,s0)",0.26778751611709595,0
data\splits\genimage_8000_split_v4\test\real\real_00248.jpeg,real_00248.jpeg,test,real,0,robust,jpeg_q95,"jpeg(Q95,s0)",0.7109100222587585,1
data\splits\genimage_8000_split_v4\test\real\real_00043.jpeg,real_00043.jpeg,test,real,0,robust,jpeg_q95,"jpeg(Q95,s0)",0.950695276260376,1
data\splits\genimage_8000_split_v4\test\real\real_00104.jpeg,real_00104.jpeg,test,real,0,robust,jpeg_q95,"jpeg(Q95,s0)",3.7892920138477004e-13,0
data\splits\genimage_8000_split_v4\test\real\real_00238.jpeg,real_00238.jpeg,test,real,0,robust,jpeg_q95,"jpeg(Q95,s0)",4.6298070932593305e-10,0
data\splits\genimage_8000_split_v4\test\real\real_00251.jpeg,real_00251.jpeg,test,real,0,robust,jpeg_q95,"jpeg(Q95,s0)",1.4078886667601154e-10,0
data\splits\genimage_8000_split_v4\test\real\real_00017.jpeg,real_00017.jpeg,test,real,0,robust,jpeg_q95,"jpeg(Q95,s0)",6.34521046816161e-11,0
data\splits\genimage_8000_split_v4\test\real\real_00500.jpeg,real_00500.jpeg,test,real,0,robust,jpeg_q95,"jpeg(Q95,s0)",4.370047618044992e-14,0
data\splits\genimage_8000_split_v4\test\real\real_00056.jpeg,real_00056.jpeg,test,real,0,robust,jpeg_q95,"jpeg(Q95,s0)",5.156009137863293e-06,0
data\splits\genimage_8000_split_v4\test\real\real_00227.jpeg,real_00227.jpeg,test,real,0,robust,jpeg_q95,"jpeg(Q95,s0)",1.44013698744061e-08,0
data\splits\genimage_8000_split_v4\test\real\real_00347.jpeg,real_00347.jpeg,test,real,0,robust,jpeg_q95,"jpeg(Q95,s0)",1.2266725179024829e-12,0
data\splits\genimage_8000_split_v4\test\real\real_00176.jpeg,real_00176.jpeg,test,real,0,robust,jpeg_q95,"jpeg(Q95,s0)",0.9704126715660095,1
data\splits\genimage_8000_split_v4\test\real\real_00085.jpeg,real_00085.jpeg,test,real,0,robust,jpeg_q95,"jpeg(Q95,s0)",4.2956052804426006e-14,0
data\splits\genimage_8000_split_v4\test\real\real_00586.jpeg,real_00586.jpeg,test,real,0,robust,jpeg_q95,"jpeg(Q95,s0)",3.7671862326935524e-15,0
data\splits\genimage_8000_split_v4\test\real\real_00193.jpeg,real_00193.jpeg,test,real,0,robust,jpeg_q95,"jpeg(Q95,s0)",3.98171913218448e-08,0
data\splits\genimage_8000_split_v4\test\real\real_00018.jpeg,real_00018.jpeg,test,real,0,robust,jpeg_q95,"jpeg(Q95,s0)",0.9573034644126892,1
data\splits\genimage_8000_split_v4\test\real\real_00342.jpeg,real_00342.jpeg,test,real,0,robust,jpeg_q95,"jpeg(Q95,s0)",0.031565554440021515,0
data\splits\genimage_8000_split_v4\test\real\real_00359.jpeg,real_00359.jpeg,test,real,0,robust,jpeg_q95,"jpeg(Q95,s0)",0.9575513005256653,1
data\splits\genimage_8000_split_v4\test\real\real_00163.jpeg,real_00163.jpeg,test,real,0,robust,jpeg_q95,"jpeg(Q95,s0)",0.2038227915763855,0
data\splits\genimage_8000_split_v4\test\real\real_00527.jpeg,real_00527.jpeg,test,real,0,robust,jpeg_q95,"jpeg(Q95,s0)",3.7489404348889366e-05,0
data\splits\genimage_8000_split_v4\test\real\real_00444.jpeg,real_00444.jpeg,test,real,0,robust,jpeg_q95,"jpeg(Q95,s0)",0.018466034904122353,0
data\splits\genimage_8000_split_v4\test\real\real_00440.jpeg,real_00440.jpeg,test,real,0,robust,jpeg_q95,"jpeg(Q95,s0)",0.0018543500918895006,0
data\splits\genimage_8000_split_v4\test\real\real_00096.jpeg,real_00096.jpeg,test,real,0,robust,jpeg_q95,"jpeg(Q95,s0)",0.6047832369804382,1
data\splits\genimage_8000_split_v4\test\real\real_00165.jpeg,real_00165.jpeg,test,real,0,robust,jpeg_q95,"jpeg(Q95,s0)",0.00021080946316942573,0
data\splits\genimage_8000_split_v4\test\real\real_00576.jpeg,real_00576.jpeg,test,real,0,robust,jpeg_q95,"jpeg(Q95,s0)",0.9976015686988831,1
data\splits\genimage_8000_split_v4\test\real\real_00375.jpeg,real_00375.jpeg,test,real,0,robust,jpeg_q95,"jpeg(Q95,s0)",0.0027275378815829754,0
data\splits\genimage_8000_split_v4\test\real\real_00300.jpeg,real_00300.jpeg,test,real,0,robust,jpeg_q95,"jpeg(Q95,s0)",1.3119096138325403e-06,0
data\splits\genimage_8000_split_v4\test\real\real_00503.jpeg,real_00503.jpeg,test,real,0,robust,jpeg_q95,"jpeg(Q95,s0)",0.997503936290741,1
data\splits\genimage_8000_split_v4\test\real\real_00499.jpeg,real_00499.jpeg,test,real,0,robust,jpeg_q95,"jpeg(Q95,s0)",7.663933843105042e-08,0
data\splits\genimage_8000_split_v4\test\real\real_00283.jpeg,real_00283.jpeg,test,real,0,robust,jpeg_q95,"jpeg(Q95,s0)",1.4642223131310642e-16,0
data\splits\genimage_8000_split_v4\test\real\real_00160.jpeg,real_00160.jpeg,test,real,0,robust,jpeg_q95,"jpeg(Q95,s0)",0.41564884781837463,0
data\splits\genimage_8000_split_v4\test\real\real_00260.jpeg,real_00260.jpeg,test,real,0,robust,jpeg_q95,"jpeg(Q95,s0)",5.667903224093607e-06,0
data\splits\genimage_8000_split_v4\test\real\real_00208.jpeg,real_00208.jpeg,test,real,0,robust,jpeg_q95,"jpeg(Q95,s0)",2.9327973995378927e-18,0
data\splits\genimage_8000_split_v4\test\real\real_00262.jpeg,real_00262.jpeg,test,real,0,robust,jpeg_q95,"jpeg(Q95,s0)",0.015918413177132607,0
data\splits\genimage_8000_split_v4\test\real\real_00213.jpeg,real_00213.jpeg,test,real,0,robust,jpeg_q95,"jpeg(Q95,s0)",0.09332871437072754,0
data\splits\genimage_8000_split_v4\test\real\real_00476.jpeg,real_00476.jpeg,test,real,0,robust,jpeg_q95,"jpeg(Q95,s0)",1.6924569384846322e-13,0
data\splits\genimage_8000_split_v4\test\real\real_00092.jpeg,real_00092.jpeg,test,real,0,robust,jpeg_q95,"jpeg(Q95,s0)",0.7048555016517639,1
data\splits\genimage_8000_split_v4\test\real\real_00324.jpeg,real_00324.jpeg,test,real,0,robust,jpeg_q95,"jpeg(Q95,s0)",0.5535992383956909,1
data\splits\genimage_8000_split_v4\test\real\real_00425.jpeg,real_00425.jpeg,test,real,0,robust,jpeg_q95,"jpeg(Q95,s0)",0.7235780358314514,1
data\splits\genimage_8000_split_v4\test\real\real_00559.jpeg,real_00559.jpeg,test,real,0,robust,jpeg_q95,"jpeg(Q95,s0)",5.502033673110418e-07,0
data\splits\genimage_8000_split_v4\test\real\real_00015.jpeg,real_00015.jpeg,test,real,0,robust,jpeg_q95,"jpeg(Q95,s0)",5.4924000697715355e-15,0
data\splits\genimage_8000_split_v4\test\real\real_00562.jpeg,real_00562.jpeg,test,real,0,robust,jpeg_q95,"jpeg(Q95,s0)",5.094067091704346e-05,0
data\splits\genimage_8000_split_v4\test\real\real_00514.jpeg,real_00514.jpeg,test,real,0,robust,jpeg_q95,"jpeg(Q95,s0)",8.289501897407181e-12,0
data\splits\genimage_8000_split_v4\test\real\real_00580.jpeg,real_00580.jpeg,test,real,0,robust,jpeg_q95,"jpeg(Q95,s0)",0.00034343241713941097,0
data\splits\genimage_8000_split_v4\test\real\real_00202.jpeg,real_00202.jpeg,test,real,0,robust,jpeg_q95,"jpeg(Q95,s0)",0.07421492040157318,0
data\splits\genimage_8000_split_v4\test\real\real_00402.jpeg,real_00402.jpeg,test,real,0,robust,jpeg_q95,"jpeg(Q95,s0)",1.1464183768961078e-11,0
data\splits\genimage_8000_split_v4\test\real\real_00057.jpeg,real_00057.jpeg,test,real,0,robust,jpeg_q95,"jpeg(Q95,s0)",6.651443316069858e-20,0
data\splits\genimage_8000_split_v4\test\real\real_00007.jpeg,real_00007.jpeg,test,real,0,robust,jpeg_q95,"jpeg(Q95,s0)",0.00575612997636199,0
data\splits\genimage_8000_split_v4\test\real\real_00388.jpeg,real_00388.jpeg,test,real,0,robust,jpeg_q95,"jpeg(Q95,s0)",0.0009696179768070579,0
data\splits\genimage_8000_split_v4\test\real\real_00016.jpeg,real_00016.jpeg,test,real,0,robust,jpeg_q95,"jpeg(Q95,s0)",1.008014599327432e-33,0
data\splits\genimage_8000_split_v4\test\real\real_00506.jpeg,real_00506.jpeg,test,real,0,robust,jpeg_q95,"jpeg(Q95,s0)",0.2625299394130707,0
data\splits\genimage_8000_split_v4\test\real\real_00028.jpeg,real_00028.jpeg,test,real,0,robust,jpeg_q95,"jpeg(Q95,s0)",2.803266852424713e-06,0
data\splits\genimage_8000_split_v4\test\real\real_00572.jpeg,real_00572.jpeg,test,real,0,robust,jpeg_q95,"jpeg(Q95,s0)",0.15856508910655975,0
data\splits\genimage_8000_split_v4\test\real\real_00381.jpeg,real_00381.jpeg,test,real,0,robust,jpeg_q95,"jpeg(Q95,s0)",7.764635665807873e-05,0
data\splits\genimage_8000_split_v4\test\real\real_00268.jpeg,real_00268.jpeg,test,real,0,robust,jpeg_q95,"jpeg(Q95,s0)",0.08219097554683685,0
data\splits\genimage_8000_split_v4\test\real\real_00512.jpeg,real_00512.jpeg,test,real,0,robust,jpeg_q95,"jpeg(Q95,s0)",0.019765332341194153,0
data\splits\genimage_8000_split_v4\test\real\real_00006.jpeg,real_00006.jpeg,test,real,0,robust,jpeg_q95,"jpeg(Q95,s0)",0.7346974015235901,1
data\splits\genimage_8000_split_v4\test\real\real_00289.jpeg,real_00289.jpeg,test,real,0,robust,jpeg_q95,"jpeg(Q95,s0)",2.514016341592651e-05,0
data\splits\genimage_8000_split_v4\test\real\real_00519.jpeg,real_00519.jpeg,test,real,0,robust,jpeg_q95,"jpeg(Q95,s0)",0.004263930022716522,0
data\splits\genimage_8000_split_v4\test\real\real_00252.jpeg,real_00252.jpeg,test,real,0,robust,jpeg_q95,"jpeg(Q95,s0)",0.0015630540437996387,0
data\splits\genimage_8000_split_v4\test\real\real_00211.jpeg,real_00211.jpeg,test,real,0,robust,jpeg_q95,"jpeg(Q95,s0)",0.018844839185476303,0
data\splits\genimage_8000_split_v4\test\real\real_00147.jpeg,real_00147.jpeg,test,real,0,robust,jpeg_q95,"jpeg(Q95,s0)",2.9224693776086497e-09,0
data\splits\genimage_8000_split_v4\test\real\real_00181.jpeg,real_00181.jpeg,test,real,0,robust,jpeg_q95,"jpeg(Q95,s0)",0.679965078830719,1
data\splits\genimage_8000_split_v4\test\real\real_00458.jpeg,real_00458.jpeg,test,real,0,robust,jpeg_q95,"jpeg(Q95,s0)",0.0347953662276268,0
data\splits\genimage_8000_split_v4\test\real\real_00329.jpeg,real_00329.jpeg,test,real,0,robust,jpeg_q95,"jpeg(Q95,s0)",2.5200327164479348e-20,0
data\splits\genimage_8000_split_v4\test\real\real_00545.jpeg,real_00545.jpeg,test,real,0,robust,jpeg_q95,"jpeg(Q95,s0)",4.229923433740623e-06,0
data\splits\genimage_8000_split_v4\test\real\real_00568.jpeg,real_00568.jpeg,test,real,0,robust,jpeg_q95,"jpeg(Q95,s0)",8.679594611749053e-05,0
data\splits\genimage_8000_split_v4\test\real\real_00031.jpeg,real_00031.jpeg,test,real,0,robust,jpeg_q95,"jpeg(Q95,s0)",4.4190772943396837e-16,0
data\splits\genimage_8000_split_v4\test\real\real_00171.jpeg,real_00171.jpeg,test,real,0,robust,jpeg_q95,"jpeg(Q95,s0)",6.037270850356435e-06,0
data\splits\genimage_8000_split_v4\test\real\real_00320.jpeg,real_00320.jpeg,test,real,0,robust,jpeg_q95,"jpeg(Q95,s0)",5.314660356248169e-08,0
data\splits\genimage_8000_split_v4\test\real\real_00083.jpeg,real_00083.jpeg,test,real,0,robust,jpeg_q95,"jpeg(Q95,s0)",3.888496280524123e-07,0
data\splits\genimage_8000_split_v4\test\real\real_00012.jpeg,real_00012.jpeg,test,real,0,robust,jpeg_q95,"jpeg(Q95,s0)",0.04950854182243347,0
data\splits\genimage_8000_split_v4\test\real\real_00357.jpeg,real_00357.jpeg,test,real,0,robust,jpeg_q95,"jpeg(Q95,s0)",0.0056375605054199696,0
data\splits\genimage_8000_split_v4\test\real\real_00346.jpeg,real_00346.jpeg,test,real,0,robust,jpeg_q95,"jpeg(Q95,s0)",0.6749624013900757,1
data\splits\genimage_8000_split_v4\test\real\real_00450.jpeg,real_00450.jpeg,test,real,0,robust,jpeg_q95,"jpeg(Q95,s0)",0.0011816949117928743,0
data\splits\genimage_8000_split_v4\test\real\real_00356.jpeg,real_00356.jpeg,test,real,0,robust,jpeg_q95,"jpeg(Q95,s0)",0.713422417640686,1
data\splits\genimage_8000_split_v4\test\real\real_00594.jpeg,real_00594.jpeg,test,real,0,robust,jpeg_q95,"jpeg(Q95,s0)",0.035280775278806686,0
data\splits\genimage_8000_split_v4\test\real\real_00048.jpeg,real_00048.jpeg,test,real,0,robust,jpeg_q95,"jpeg(Q95,s0)",0.0183260478079319,0
data\splits\genimage_8000_split_v4\test\real\real_00158.jpeg,real_00158.jpeg,test,real,0,robust,jpeg_q95,"jpeg(Q95,s0)",1.828164627060841e-13,0
data\splits\genimage_8000_split_v4\test\real\real_00521.jpeg,real_00521.jpeg,test,real,0,robust,jpeg_q95,"jpeg(Q95,s0)",0.1868826150894165,0
data\splits\genimage_8000_split_v4\test\real\real_00285.jpeg,real_00285.jpeg,test,real,0,robust,jpeg_q95,"jpeg(Q95,s0)",0.27322685718536377,0
data\splits\genimage_8000_split_v4\test\real\real_00270.jpeg,real_00270.jpeg,test,real,0,robust,jpeg_q95,"jpeg(Q95,s0)",0.0003976929874625057,0
data\splits\genimage_8000_split_v4\test\real\real_00533.jpeg,real_00533.jpeg,test,real,0,robust,jpeg_q95,"jpeg(Q95,s0)",0.020564962178468704,0
data\splits\genimage_8000_split_v4\test\real\real_00494.jpeg,real_00494.jpeg,test,real,0,robust,jpeg_q95,"jpeg(Q95,s0)",0.0009533246047794819,0
data\splits\genimage_8000_split_v4\test\real\real_00317.jpeg,real_00317.jpeg,test,real,0,robust,jpeg_q95,"jpeg(Q95,s0)",0.35605132579803467,0
data\splits\genimage_8000_split_v4\test\real\real_00296.jpeg,real_00296.jpeg,test,real,0,robust,jpeg_q95,"jpeg(Q95,s0)",1.4325428471165884e-23,0
data\splits\genimage_8000_split_v4\test\real\real_00237.jpeg,real_00237.jpeg,test,real,0,robust,jpeg_q95,"jpeg(Q95,s0)",0.00012605161464307457,0
data\splits\genimage_8000_split_v4\test\real\real_00242.jpeg,real_00242.jpeg,test,real,0,robust,jpeg_q95,"jpeg(Q95,s0)",0.00040412385715171695,0
data\splits\genimage_8000_split_v4\test\real\real_00584.jpeg,real_00584.jpeg,test,real,0,robust,jpeg_q95,"jpeg(Q95,s0)",7.670822924410459e-06,0
data\splits\genimage_8000_split_v4\test\real\real_00570.jpeg,real_00570.jpeg,test,real,0,robust,jpeg_q95,"jpeg(Q95,s0)",2.0412143442172237e-07,0
data\splits\genimage_8000_split_v4\test\real\real_00133.jpeg,real_00133.jpeg,test,real,0,robust,jpeg_q95,"jpeg(Q95,s0)",0.0004467239778023213,0
data\splits\genimage_8000_split_v4\test\real\real_00047.jpeg,real_00047.jpeg,test,real,0,robust,jpeg_q95,"jpeg(Q95,s0)",2.3778287783216e-08,0
data\splits\genimage_8000_split_v4\test\real\real_00480.jpeg,real_00480.jpeg,test,real,0,robust,jpeg_q95,"jpeg(Q95,s0)",1.5643743608961813e-05,0
data\splits\genimage_8000_split_v4\test\real\real_00210.jpeg,real_00210.jpeg,test,real,0,robust,jpeg_q95,"jpeg(Q95,s0)",0.01009042002260685,0
data\splits\genimage_8000_split_v4\test\real\real_00301.jpeg,real_00301.jpeg,test,real,0,robust,jpeg_q95,"jpeg(Q95,s0)",0.8088541030883789,1
data\splits\genimage_8000_split_v4\test\real\real_00574.jpeg,real_00574.jpeg,test,real,0,robust,jpeg_q95,"jpeg(Q95,s0)",0.4404086768627167,0
data\splits\genimage_8000_split_v4\test\real\real_00134.jpeg,real_00134.jpeg,test,real,0,robust,jpeg_q95,"jpeg(Q95,s0)",0.17879360914230347,0
data\splits\genimage_8000_split_v4\test\real\real_00597.jpeg,real_00597.jpeg,test,real,0,robust,jpeg_q95,"jpeg(Q95,s0)",0.9999217987060547,1
data\splits\genimage_8000_split_v4\test\real\real_00281.jpeg,real_00281.jpeg,test,real,0,robust,jpeg_q95,"jpeg(Q95,s0)",0.4997885823249817,0
data\splits\genimage_8000_split_v4\test\real\real_00332.jpeg,real_00332.jpeg,test,real,0,robust,jpeg_q95,"jpeg(Q95,s0)",0.21021777391433716,0
data\splits\genimage_8000_split_v4\test\real\real_00415.jpeg,real_00415.jpeg,test,real,0,robust,jpeg_q95,"jpeg(Q95,s0)",1.3211468492823914e-14,0
data\splits\genimage_8000_split_v4\test\real\real_00093.jpeg,real_00093.jpeg,test,real,0,robust,jpeg_q95,"jpeg(Q95,s0)",0.9335930347442627,1
data\splits\genimage_8000_split_v4\test\real\real_00526.jpeg,real_00526.jpeg,test,real,0,robust,jpeg_q95,"jpeg(Q95,s0)",9.193509953320245e-08,0
data\splits\genimage_8000_split_v4\test\real\real_00259.jpeg,real_00259.jpeg,test,real,0,robust,jpeg_q95,"jpeg(Q95,s0)",0.008580125868320465,0
data\splits\genimage_8000_split_v4\test\real\real_00128.jpeg,real_00128.jpeg,test,real,0,robust,jpeg_q95,"jpeg(Q95,s0)",0.08738359808921814,0
data\splits\genimage_8000_split_v4\test\real\real_00173.jpeg,real_00173.jpeg,test,real,0,robust,jpeg_q95,"jpeg(Q95,s0)",0.0002253387647215277,0
data\splits\genimage_8000_split_v4\test\real\real_00005.jpeg,real_00005.jpeg,test,real,0,robust,jpeg_q95,"jpeg(Q95,s0)",5.051653543098914e-17,0
data\splits\genimage_8000_split_v4\test\real\real_00532.jpeg,real_00532.jpeg,test,real,0,robust,jpeg_q95,"jpeg(Q95,s0)",0.9634192585945129,1
data\splits\genimage_8000_split_v4\test\real\real_00061.jpeg,real_00061.jpeg,test,real,0,robust,jpeg_q95,"jpeg(Q95,s0)",6.113900356893791e-17,0
data\splits\genimage_8000_split_v4\test\real\real_00313.jpeg,real_00313.jpeg,test,real,0,robust,jpeg_q95,"jpeg(Q95,s0)",3.3385436082333797e-10,0
data\splits\genimage_8000_split_v4\test\real\real_00130.jpeg,real_00130.jpeg,test,real,0,robust,jpeg_q95,"jpeg(Q95,s0)",1.550389455489895e-13,0
data\splits\genimage_8000_split_v4\test\real\real_00454.jpeg,real_00454.jpeg,test,real,0,robust,jpeg_q95,"jpeg(Q95,s0)",9.822860163070588e-14,0
data\splits\genimage_8000_split_v4\test\real\real_00204.jpeg,real_00204.jpeg,test,real,0,robust,jpeg_q95,"jpeg(Q95,s0)",1.0941529567311703e-16,0
data\splits\genimage_8000_split_v4\test\real\real_00337.jpeg,real_00337.jpeg,test,real,0,robust,jpeg_q95,"jpeg(Q95,s0)",0.005622792523354292,0
data\splits\genimage_8000_split_v4\test\real\real_00195.jpeg,real_00195.jpeg,test,real,0,robust,jpeg_q95,"jpeg(Q95,s0)",1.7791288190946442e-12,0
data\splits\genimage_8000_split_v4\test\real\real_00187.jpeg,real_00187.jpeg,test,real,0,robust,jpeg_q95,"jpeg(Q95,s0)",0.00011803755478467792,0
data\splits\genimage_8000_split_v4\test\real\real_00489.jpeg,real_00489.jpeg,test,real,0,robust,jpeg_q95,"jpeg(Q95,s0)",4.4031386869924916e-10,0
data\splits\genimage_8000_split_v4\test\real\real_00385.jpeg,real_00385.jpeg,test,real,0,robust,jpeg_q95,"jpeg(Q95,s0)",0.0008189116488210857,0
data\splits\genimage_8000_split_v4\test\real\real_00221.jpeg,real_00221.jpeg,test,real,0,robust,jpeg_q95,"jpeg(Q95,s0)",4.56841639170924e-12,0
data\splits\genimage_8000_split_v4\test\real\real_00027.jpeg,real_00027.jpeg,test,real,0,robust,jpeg_q95,"jpeg(Q95,s0)",0.3789547383785248,0
data\splits\genimage_8000_split_v4\test\real\real_00022.jpeg,real_00022.jpeg,test,real,0,robust,jpeg_q95,"jpeg(Q95,s0)",9.830012774305871e-19,0
data\splits\genimage_8000_split_v4\test\real\real_00331.jpeg,real_00331.jpeg,test,real,0,robust,jpeg_q95,"jpeg(Q95,s0)",0.29676520824432373,0
data\splits\genimage_8000_split_v4\test\real\real_00159.jpeg,real_00159.jpeg,test,real,0,robust,jpeg_q95,"jpeg(Q95,s0)",4.375930728883759e-09,0
data\splits\genimage_8000_split_v4\test\real\real_00068.jpeg,real_00068.jpeg,test,real,0,robust,jpeg_q95,"jpeg(Q95,s0)",0.4622040092945099,0
data\splits\genimage_8000_split_v4\test\real\real_00127.jpeg,real_00127.jpeg,test,real,0,robust,jpeg_q95,"jpeg(Q95,s0)",1.448293603165933e-19,0
data\splits\genimage_8000_split_v4\test\real\real_00420.jpeg,real_00420.jpeg,test,real,0,robust,jpeg_q95,"jpeg(Q95,s0)",0.002513512969017029,0
data\splits\genimage_8000_split_v4\test\real\real_00510.jpeg,real_00510.jpeg,test,real,0,robust,jpeg_q95,"jpeg(Q95,s0)",1.4722525535664076e-18,0
data\splits\genimage_8000_split_v4\test\real\real_00106.jpeg,real_00106.jpeg,test,real,0,robust,jpeg_q95,"jpeg(Q95,s0)",0.9848184585571289,1
data\splits\genimage_8000_split_v4\test\real\real_00599.jpeg,real_00599.jpeg,test,real,0,robust,jpeg_q95,"jpeg(Q95,s0)",3.2102862590477343e-09,0
data\splits\genimage_8000_split_v4\test\real\real_00419.jpeg,real_00419.jpeg,test,real,0,robust,jpeg_q95,"jpeg(Q95,s0)",7.934270485066008e-08,0
data\splits\genimage_8000_split_v4\test\real\real_00286.jpeg,real_00286.jpeg,test,real,0,robust,jpeg_q95,"jpeg(Q95,s0)",0.16134874522686005,0
data\splits\genimage_8000_split_v4\test\real\real_00341.jpeg,real_00341.jpeg,test,real,0,robust,jpeg_q95,"jpeg(Q95,s0)",0.17507316172122955,0
data\splits\genimage_8000_split_v4\test\real\real_00263.jpeg,real_00263.jpeg,test,real,0,robust,jpeg_q95,"jpeg(Q95,s0)",3.139969703624956e-05,0
data\splits\genimage_8000_split_v4\test\real\real_00255.jpeg,real_00255.jpeg,test,real,0,robust,jpeg_q95,"jpeg(Q95,s0)",0.9963957667350769,1
data\splits\genimage_8000_split_v4\test\real\real_00335.jpeg,real_00335.jpeg,test,real,0,robust,jpeg_q95,"jpeg(Q95,s0)",8.518386351852314e-08,0
data\splits\genimage_8000_split_v4\test\real\real_00174.jpeg,real_00174.jpeg,test,real,0,robust,jpeg_q95,"jpeg(Q95,s0)",3.836731821138528e-09,0
data\splits\genimage_8000_split_v4\test\real\real_00243.jpeg,real_00243.jpeg,test,real,0,robust,jpeg_q95,"jpeg(Q95,s0)",0.4179660379886627,0
data\splits\genimage_8000_split_v4\test\real\real_00140.jpeg,real_00140.jpeg,test,real,0,robust,jpeg_q95,"jpeg(Q95,s0)",0.010540766641497612,0
data\splits\genimage_8000_split_v4\test\real\real_00582.jpeg,real_00582.jpeg,test,real,0,robust,jpeg_q95,"jpeg(Q95,s0)",0.0001882870856206864,0
data\splits\genimage_8000_split_v4\test\real\real_00542.jpeg,real_00542.jpeg,test,real,0,robust,jpeg_q95,"jpeg(Q95,s0)",0.02832416445016861,0
data\splits\genimage_8000_split_v4\test\real\real_00547.jpeg,real_00547.jpeg,test,real,0,robust,jpeg_q95,"jpeg(Q95,s0)",4.875591802573396e-27,0
data\splits\genimage_8000_split_v4\test\real\real_00287.jpeg,real_00287.jpeg,test,real,0,robust,jpeg_q95,"jpeg(Q95,s0)",0.8949775695800781,1
data\splits\genimage_8000_split_v4\test\real\real_00144.jpeg,real_00144.jpeg,test,real,0,robust,jpeg_q95,"jpeg(Q95,s0)",6.651303507965167e-09,0
data\splits\genimage_8000_split_v4\test\real\real_00214.jpeg,real_00214.jpeg,test,real,0,robust,jpeg_q95,"jpeg(Q95,s0)",0.028681064024567604,0
data\splits\genimage_8000_split_v4\test\real\real_00234.jpeg,real_00234.jpeg,test,real,0,robust,jpeg_q95,"jpeg(Q95,s0)",0.9975860118865967,1
data\splits\genimage_8000_split_v4\test\real\real_00595.jpeg,real_00595.jpeg,test,real,0,robust,jpeg_q95,"jpeg(Q95,s0)",6.82656491335365e-07,0
data\splits\genimage_8000_split_v4\test\real\real_00075.jpeg,real_00075.jpeg,test,real,0,robust,jpeg_q95,"jpeg(Q95,s0)",1.2163275215585495e-13,0
data\splits\genimage_8000_split_v4\test\real\real_00295.jpeg,real_00295.jpeg,test,real,0,robust,jpeg_q95,"jpeg(Q95,s0)",0.06264107674360275,0
data\splits\genimage_8000_split_v4\test\real\real_00070.jpeg,real_00070.jpeg,test,real,0,robust,jpeg_q95,"jpeg(Q95,s0)",0.0007219077087938786,0
data\splits\genimage_8000_split_v4\test\real\real_00148.jpeg,real_00148.jpeg,test,real,0,robust,jpeg_q95,"jpeg(Q95,s0)",3.926449165803092e-10,0
data\splits\genimage_8000_split_v4\test\real\real_00491.jpeg,real_00491.jpeg,test,real,0,robust,jpeg_q95,"jpeg(Q95,s0)",1.075825002772035e-05,0
data\splits\genimage_8000_split_v4\test\real\real_00090.jpeg,real_00090.jpeg,test,real,0,robust,jpeg_q95,"jpeg(Q95,s0)",0.02541428990662098,0
data\splits\genimage_8000_split_v4\test\real\real_00063.jpeg,real_00063.jpeg,test,real,0,robust,jpeg_q95,"jpeg(Q95,s0)",3.847481275442988e-05,0
data\splits\genimage_8000_split_v4\test\real\real_00334.jpeg,real_00334.jpeg,test,real,0,robust,jpeg_q95,"jpeg(Q95,s0)",0.19390293955802917,0
data\splits\genimage_8000_split_v4\test\real\real_00530.jpeg,real_00530.jpeg,test,real,0,robust,jpeg_q95,"jpeg(Q95,s0)",0.0032373787835240364,0
data\splits\genimage_8000_split_v4\test\real\real_00069.jpeg,real_00069.jpeg,test,real,0,robust,jpeg_q95,"jpeg(Q95,s0)",0.005893079098314047,0
data\splits\genimage_8000_split_v4\test\real\real_00109.jpeg,real_00109.jpeg,test,real,0,robust,jpeg_q95,"jpeg(Q95,s0)",6.547281373059377e-05,0
data\splits\genimage_8000_split_v4\test\real\real_00321.jpeg,real_00321.jpeg,test,real,0,robust,jpeg_q95,"jpeg(Q95,s0)",0.0012363001005724072,0
data\splits\genimage_8000_split_v4\test\real\real_00126.jpeg,real_00126.jpeg,test,real,0,robust,jpeg_q95,"jpeg(Q95,s0)",0.003406840143725276,0
data\splits\genimage_8000_split_v4\test\real\real_00358.jpeg,real_00358.jpeg,test,real,0,robust,jpeg_q95,"jpeg(Q95,s0)",0.5229924321174622,1
data\splits\genimage_8000_split_v4\test\real\real_00364.jpeg,real_00364.jpeg,test,real,0,robust,jpeg_q95,"jpeg(Q95,s0)",0.008055903017520905,0
data\splits\genimage_8000_split_v4\test\real\real_00209.jpeg,real_00209.jpeg,test,real,0,robust,jpeg_q95,"jpeg(Q95,s0)",0.0003817265387624502,0
data\splits\genimage_8000_split_v4\test\real\real_00292.jpeg,real_00292.jpeg,test,real,0,robust,jpeg_q95,"jpeg(Q95,s0)",0.2260035276412964,0
data\splits\genimage_8000_split_v4\test\real\real_00473.jpeg,real_00473.jpeg,test,real,0,robust,jpeg_q95,"jpeg(Q95,s0)",4.931652308748369e-12,0
data\splits\genimage_8000_split_v4\test\real\real_00367.jpeg,real_00367.jpeg,test,real,0,robust,jpeg_q95,"jpeg(Q95,s0)",5.5470463777851364e-09,0
data\splits\genimage_8000_split_v4\test\real\real_00228.jpeg,real_00228.jpeg,test,real,0,robust,jpeg_q95,"jpeg(Q95,s0)",0.018291812390089035,0
data\splits\genimage_8000_split_v4\test\real\real_00463.jpeg,real_00463.jpeg,test,real,0,robust,jpeg_q95,"jpeg(Q95,s0)",0.001826607040129602,0
data\splits\genimage_8000_split_v4\test\real\real_00529.jpeg,real_00529.jpeg,test,real,0,robust,jpeg_q95,"jpeg(Q95,s0)",0.9999346733093262,1
data\splits\genimage_8000_split_v4\test\real\real_00376.jpeg,real_00376.jpeg,test,real,0,robust,jpeg_q95,"jpeg(Q95,s0)",1.1316388798254806e-11,0
data\splits\genimage_8000_split_v4\test\real\real_00089.jpeg,real_00089.jpeg,test,real,0,robust,jpeg_q95,"jpeg(Q95,s0)",0.06637606024742126,0
data\splits\genimage_8000_split_v4\test\real\real_00409.jpeg,real_00409.jpeg,test,real,0,robust,jpeg_q95,"jpeg(Q95,s0)",7.1942567458904705e-09,0
data\splits\genimage_8000_split_v4\test\real\real_00456.jpeg,real_00456.jpeg,test,real,0,robust,jpeg_q95,"jpeg(Q95,s0)",5.6319844621288695e-12,0
data\splits\genimage_8000_split_v4\test\real\real_00378.jpeg,real_00378.jpeg,test,real,0,robust,jpeg_q95,"jpeg(Q95,s0)",0.0029499903321266174,0
data\splits\genimage_8000_split_v4\test\real\real_00596.jpeg,real_00596.jpeg,test,real,0,robust,jpeg_q95,"jpeg(Q95,s0)",0.00027390470495447516,0
data\splits\genimage_8000_split_v4\test\real\real_00477.jpeg,real_00477.jpeg,test,real,0,robust,jpeg_q95,"jpeg(Q95,s0)",0.008854272775352001,0
data\splits\genimage_8000_split_v4\test\real\real_00261.jpeg,real_00261.jpeg,test,real,0,robust,jpeg_q95,"jpeg(Q95,s0)",1.5869926484057828e-09,0
data\splits\genimage_8000_split_v4\test\real\real_00273.jpeg,real_00273.jpeg,test,real,0,robust,jpeg_q95,"jpeg(Q95,s0)",0.5614525079727173,1
data\splits\genimage_8000_split_v4\test\real\real_00100.jpeg,real_00100.jpeg,test,real,0,robust,jpeg_q95,"jpeg(Q95,s0)",6.305873105539345e-20,0
data\splits\genimage_8000_split_v4\test\real\real_00080.jpeg,real_00080.jpeg,test,real,0,robust,jpeg_q95,"jpeg(Q95,s0)",2.3820740518987193e-11,0
data\splits\genimage_8000_split_v4\test\real\real_00009.jpeg,real_00009.jpeg,test,real,0,robust,jpeg_q95,"jpeg(Q95,s0)",0.9770904779434204,1
data\splits\genimage_8000_split_v4\test\real\real_00167.jpeg,real_00167.jpeg,test,real,0,robust,jpeg_q95,"jpeg(Q95,s0)",0.0015624610241502523,0
data\splits\genimage_8000_split_v4\test\real\real_00571.jpeg,real_00571.jpeg,test,real,0,robust,jpeg_q95,"jpeg(Q95,s0)",0.9978647828102112,1
data\splits\genimage_8000_split_v4\test\real\real_00218.jpeg,real_00218.jpeg,test,real,0,robust,jpeg_q95,"jpeg(Q95,s0)",1.585700570849724e-09,0
data\splits\genimage_8000_split_v4\test\real\real_00355.jpeg,real_00355.jpeg,test,real,0,robust,jpeg_q95,"jpeg(Q95,s0)",0.012746185064315796,0
data\splits\genimage_8000_split_v4\test\real\real_00406.jpeg,real_00406.jpeg,test,real,0,robust,jpeg_q95,"jpeg(Q95,s0)",0.15316592156887054,0
data\splits\genimage_8000_split_v4\test\real\real_00302.jpeg,real_00302.jpeg,test,real,0,robust,jpeg_q95,"jpeg(Q95,s0)",0.19478954374790192,0
data\splits\genimage_8000_split_v4\test\real\real_00010.jpeg,real_00010.jpeg,test,real,0,robust,jpeg_q95,"jpeg(Q95,s0)",0.17095279693603516,0
data\splits\genimage_8000_split_v4\test\real\real_00405.jpeg,real_00405.jpeg,test,real,0,robust,jpeg_q95,"jpeg(Q95,s0)",0.0009073244873434305,0
data\splits\genimage_8000_split_v4\test\real\real_00447.jpeg,real_00447.jpeg,test,real,0,robust,jpeg_q95,"jpeg(Q95,s0)",0.0037968335673213005,0
data\splits\genimage_8000_split_v4\test\real\real_00379.jpeg,real_00379.jpeg,test,real,0,robust,jpeg_q95,"jpeg(Q95,s0)",4.5110155610927904e-09,0
data\splits\genimage_8000_split_v4\test\real\real_00319.jpeg,real_00319.jpeg,test,real,0,robust,jpeg_q95,"jpeg(Q95,s0)",0.00010155843483516946,0
data\splits\genimage_8000_split_v4\test\real\real_00543.jpeg,real_00543.jpeg,test,real,0,robust,jpeg_q95,"jpeg(Q95,s0)",0.0001426672824891284,0
data\splits\genimage_8000_split_v4\test\real\real_00539.jpeg,real_00539.jpeg,test,real,0,robust,jpeg_q95,"jpeg(Q95,s0)",8.378153324883897e-06,0
data\splits\genimage_8000_split_v4\test\real\real_00579.jpeg,real_00579.jpeg,test,real,0,robust,jpeg_q95,"jpeg(Q95,s0)",0.17781978845596313,0
data\splits\genimage_8000_split_v4\test\real\real_00459.jpeg,real_00459.jpeg,test,real,0,robust,jpeg_q95,"jpeg(Q95,s0)",0.24530981481075287,0
data\splits\genimage_8000_split_v4\test\real\real_00587.jpeg,real_00587.jpeg,test,real,0,robust,jpeg_q95,"jpeg(Q95,s0)",5.867441272998157e-19,0
data\splits\genimage_8000_split_v4\test\real\real_00114.jpeg,real_00114.jpeg,test,real,0,robust,jpeg_q95,"jpeg(Q95,s0)",0.0011659307638183236,0
data\splits\genimage_8000_split_v4\test\real\real_00479.jpeg,real_00479.jpeg,test,real,0,robust,jpeg_q95,"jpeg(Q95,s0)",2.788747982134009e-15,0
data\splits\genimage_8000_split_v4\test\real\real_00488.jpeg,real_00488.jpeg,test,real,0,robust,jpeg_q95,"jpeg(Q95,s0)",0.8120867609977722,1
data\splits\genimage_8000_split_v4\test\real\real_00360.jpeg,real_00360.jpeg,test,real,0,robust,jpeg_q95,"jpeg(Q95,s0)",1.03312448873627e-10,0
data\splits\genimage_8000_split_v4\test\real\real_00363.jpeg,real_00363.jpeg,test,real,0,robust,jpeg_q95,"jpeg(Q95,s0)",0.03398359566926956,0
data\splits\genimage_8000_split_v4\test\real\real_00350.jpeg,real_00350.jpeg,test,real,0,robust,jpeg_q95,"jpeg(Q95,s0)",1.2394527182379989e-08,0
data\splits\genimage_8000_split_v4\test\real\real_00441.jpeg,real_00441.jpeg,test,real,0,robust,jpeg_q95,"jpeg(Q95,s0)",0.8146319389343262,1
data\splits\genimage_8000_split_v4\test\real\real_00003.jpeg,real_00003.jpeg,test,real,0,robust,jpeg_q95,"jpeg(Q95,s0)",0.0028886026702821255,0
data\splits\genimage_8000_split_v4\test\real\real_00217.jpeg,real_00217.jpeg,test,real,0,robust,jpeg_q95,"jpeg(Q95,s0)",1.2287491024665087e-09,0
data\splits\genimage_8000_split_v4\test\real\real_00465.jpeg,real_00465.jpeg,test,real,0,robust,jpeg_q95,"jpeg(Q95,s0)",0.9946718811988831,1
data\splits\genimage_8000_split_v4\test\real\real_00442.jpeg,real_00442.jpeg,test,real,0,robust,jpeg_q95,"jpeg(Q95,s0)",0.00013082603982184082,0
data\splits\genimage_8000_split_v4\test\real\real_00233.jpeg,real_00233.jpeg,test,real,0,robust,jpeg_q95,"jpeg(Q95,s0)",5.107791078984292e-09,0
data\splits\genimage_8000_split_v4\test\real\real_00161.jpeg,real_00161.jpeg,test,real,0,robust,jpeg_q95,"jpeg(Q95,s0)",0.0031122334767132998,0
data\splits\genimage_8000_split_v4\test\real\real_00412.jpeg,real_00412.jpeg,test,real,0,robust,jpeg_q95,"jpeg(Q95,s0)",0.22489452362060547,0
data\splits\genimage_8000_split_v4\test\real\real_00468.jpeg,real_00468.jpeg,test,real,0,robust,jpeg_q95,"jpeg(Q95,s0)",0.037823550403118134,0
data\splits\genimage_8000_split_v4\test\real\real_00125.jpeg,real_00125.jpeg,test,real,0,robust,jpeg_q95,"jpeg(Q95,s0)",0.7055525779724121,1
data\splits\genimage_8000_split_v4\test\real\real_00186.jpeg,real_00186.jpeg,test,real,0,robust,jpeg_q95,"jpeg(Q95,s0)",2.575714688646258e-06,0
data\splits\genimage_8000_split_v4\test\real\real_00172.jpeg,real_00172.jpeg,test,real,0,robust,jpeg_q95,"jpeg(Q95,s0)",2.8436474508453102e-08,0
data\splits\genimage_8000_split_v4\test\real\real_00467.jpeg,real_00467.jpeg,test,real,0,robust,jpeg_q95,"jpeg(Q95,s0)",3.091858857828811e-08,0
data\splits\genimage_8000_split_v4\test\real\real_00323.jpeg,real_00323.jpeg,test,real,0,robust,jpeg_q95,"jpeg(Q95,s0)",2.4967448553070426e-06,0
data\splits\genimage_8000_split_v4\test\real\real_00203.jpeg,real_00203.jpeg,test,real,0,robust,jpeg_q95,"jpeg(Q95,s0)",0.04835295304656029,0
data\splits\genimage_8000_split_v4\test\real\real_00552.jpeg,real_00552.jpeg,test,real,0,robust,jpeg_q95,"jpeg(Q95,s0)",0.6715617179870605,1
data\splits\genimage_8000_split_v4\test\real\real_00034.jpeg,real_00034.jpeg,test,real,0,robust,jpeg_q95,"jpeg(Q95,s0)",8.467377483611926e-06,0
data\splits\genimage_8000_split_v4\test\real\real_00142.jpeg,real_00142.jpeg,test,real,0,robust,jpeg_q95,"jpeg(Q95,s0)",2.7714124371414073e-05,0
data\splits\genimage_8000_split_v4\test\real\real_00059.jpeg,real_00059.jpeg,test,real,0,robust,jpeg_q95,"jpeg(Q95,s0)",2.9977225562971554e-11,0
data\splits\genimage_8000_split_v4\test\real\real_00021.jpeg,real_00021.jpeg,test,real,0,robust,jpeg_q95,"jpeg(Q95,s0)",0.04363114386796951,0
data\splits\genimage_8000_split_v4\test\real\real_00525.jpeg,real_00525.jpeg,test,real,0,robust,jpeg_q95,"jpeg(Q95,s0)",0.004166843369603157,0
data\splits\genimage_8000_split_v4\test\real\real_00275.jpeg,real_00275.jpeg,test,real,0,robust,jpeg_q95,"jpeg(Q95,s0)",0.002232771599665284,0
data\splits\genimage_8000_split_v4\test\real\real_00430.jpeg,real_00430.jpeg,test,real,0,robust,jpeg_q95,"jpeg(Q95,s0)",5.454524568018586e-15,0
data\splits\genimage_8000_split_v4\test\real\real_00349.jpeg,real_00349.jpeg,test,real,0,robust,jpeg_q95,"jpeg(Q95,s0)",1.0780226163218505e-19,0
data\splits\genimage_8000_split_v4\test\real\real_00373.jpeg,real_00373.jpeg,test,real,0,robust,jpeg_q95,"jpeg(Q95,s0)",0.8316223621368408,1
data\splits\genimage_8000_split_v4\test\real\real_00078.jpeg,real_00078.jpeg,test,real,0,robust,jpeg_q95,"jpeg(Q95,s0)",0.0006469273357652128,0
data\splits\genimage_8000_split_v4\test\real\real_00437.jpeg,real_00437.jpeg,test,real,0,robust,jpeg_q95,"jpeg(Q95,s0)",1.3865731673945447e-08,0
data\splits\genimage_8000_split_v4\test\real\real_00520.jpeg,real_00520.jpeg,test,real,0,robust,jpeg_q95,"jpeg(Q95,s0)",1.1346576229698258e-06,0
data\splits\genimage_8000_split_v4\test\real\real_00564.jpeg,real_00564.jpeg,test,real,0,robust,jpeg_q95,"jpeg(Q95,s0)",0.011798728257417679,0
data\splits\genimage_8000_split_v4\test\real\real_00578.jpeg,real_00578.jpeg,test,real,0,robust,jpeg_q95,"jpeg(Q95,s0)",0.012288291938602924,0
data\splits\genimage_8000_split_v4\test\real\real_00225.jpeg,real_00225.jpeg,test,real,0,robust,jpeg_q95,"jpeg(Q95,s0)",0.00022363332391250879,0
data\splits\genimage_8000_split_v4\test\real\real_00232.jpeg,real_00232.jpeg,test,real,0,robust,jpeg_q95,"jpeg(Q95,s0)",2.1464559798339666e-20,0
data\splits\genimage_8000_split_v4\test\real\real_00194.jpeg,real_00194.jpeg,test,real,0,robust,jpeg_q95,"jpeg(Q95,s0)",1.45859766063859e-23,0
data\splits\genimage_8000_split_v4\test\real\real_00278.jpeg,real_00278.jpeg,test,real,0,robust,jpeg_q95,"jpeg(Q95,s0)",3.556308486628648e-14,0
data\splits\genimage_8000_split_v4\test\real\real_00168.jpeg,real_00168.jpeg,test,real,0,robust,jpeg_q95,"jpeg(Q95,s0)",5.062248646936496e-07,0
data\splits\genimage_8000_split_v4\test\real\real_00145.jpeg,real_00145.jpeg,test,real,0,robust,jpeg_q95,"jpeg(Q95,s0)",0.8391973972320557,1
data\splits\genimage_8000_split_v4\test\real\real_00495.jpeg,real_00495.jpeg,test,real,0,robust,jpeg_q95,"jpeg(Q95,s0)",0.00023883208632469177,0
data\splits\genimage_8000_split_v4\test\real\real_00236.jpeg,real_00236.jpeg,test,real,0,robust,jpeg_q95,"jpeg(Q95,s0)",1.0688097518141149e-07,0
data\splits\genimage_8000_split_v4\test\real\real_00121.jpeg,real_00121.jpeg,test,real,0,robust,jpeg_q95,"jpeg(Q95,s0)",3.06447846699226e-14,0
data\splits\genimage_8000_split_v4\test\real\real_00455.jpeg,real_00455.jpeg,test,real,0,robust,jpeg_q95,"jpeg(Q95,s0)",0.06403820216655731,0
data\splits\genimage_8000_split_v4\test\real\real_00177.jpeg,real_00177.jpeg,test,real,0,robust,jpeg_q95,"jpeg(Q95,s0)",0.00018550145614426583,0
data\splits\genimage_8000_split_v4\test\real\real_00485.jpeg,real_00485.jpeg,test,real,0,robust,jpeg_q95,"jpeg(Q95,s0)",0.018054001033306122,0
data\splits\genimage_8000_split_v4\test\real\real_00136.jpeg,real_00136.jpeg,test,real,0,robust,jpeg_q95,"jpeg(Q95,s0)",0.11093208193778992,0
data\splits\genimage_8000_split_v4\test\real\real_00054.jpeg,real_00054.jpeg,test,real,0,robust,jpeg_q95,"jpeg(Q95,s0)",0.00016073390725068748,0
data\splits\genimage_8000_split_v4\test\real\real_00470.jpeg,real_00470.jpeg,test,real,0,robust,jpeg_q95,"jpeg(Q95,s0)",5.834294207148596e-20,0
data\splits\genimage_8000_split_v4\test\real\real_00118.jpeg,real_00118.jpeg,test,real,0,robust,jpeg_q95,"jpeg(Q95,s0)",5.715086182078721e-10,0
data\splits\genimage_8000_split_v4\test\real\real_00153.jpeg,real_00153.jpeg,test,real,0,robust,jpeg_q95,"jpeg(Q95,s0)",6.990765086811734e-06,0
data\splits\genimage_8000_split_v4\test\real\real_00384.jpeg,real_00384.jpeg,test,real,0,robust,jpeg_q95,"jpeg(Q95,s0)",2.0335039607743965e-06,0
data\splits\genimage_8000_split_v4\test\real\real_00115.jpeg,real_00115.jpeg,test,real,0,robust,jpeg_q95,"jpeg(Q95,s0)",0.8211758732795715,1
data\splits\genimage_8000_split_v4\test\real\real_00101.jpeg,real_00101.jpeg,test,real,0,robust,jpeg_q95,"jpeg(Q95,s0)",0.994879961013794,1
data\splits\genimage_8000_split_v4\test\real\real_00327.jpeg,real_00327.jpeg,test,real,0,robust,jpeg_q95,"jpeg(Q95,s0)",0.0011517100501805544,0
data\splits\genimage_8000_split_v4\test\real\real_00164.jpeg,real_00164.jpeg,test,real,0,robust,jpeg_q95,"jpeg(Q95,s0)",5.028844316257164e-05,0
data\splits\genimage_8000_split_v4\test\real\real_00538.jpeg,real_00538.jpeg,test,real,0,robust,jpeg_q95,"jpeg(Q95,s0)",1.1423065870985738e-06,0
data\splits\genimage_8000_split_v4\test\real\real_00049.jpeg,real_00049.jpeg,test,real,0,robust,jpeg_q95,"jpeg(Q95,s0)",0.882345974445343,1
data\splits\genimage_8000_split_v4\test\real\real_00544.jpeg,real_00544.jpeg,test,real,0,robust,jpeg_q95,"jpeg(Q95,s0)",0.005444220267236233,0
data\splits\genimage_8000_split_v4\test\real\real_00154.jpeg,real_00154.jpeg,test,real,0,robust,jpeg_q95,"jpeg(Q95,s0)",7.595616358102575e-10,0
data\splits\genimage_8000_split_v4\test\real\real_00215.jpeg,real_00215.jpeg,test,real,0,robust,jpeg_q95,"jpeg(Q95,s0)",0.00027440962730906904,0
data\splits\genimage_8000_split_v4\test\real\real_00124.jpeg,real_00124.jpeg,test,real,0,robust,jpeg_q95,"jpeg(Q95,s0)",7.050099942674235e-21,0
data\splits\genimage_8000_split_v4\test\real\real_00223.jpeg,real_00223.jpeg,test,real,0,robust,jpeg_q95,"jpeg(Q95,s0)",0.00998455099761486,0
data\splits\genimage_8000_split_v4\test\real\real_00065.jpeg,real_00065.jpeg,test,real,0,robust,jpeg_q95,"jpeg(Q95,s0)",1.2949352822033688e-05,0
data\splits\genimage_8000_split_v4\test\real\real_00282.jpeg,real_00282.jpeg,test,real,0,robust,jpeg_q95,"jpeg(Q95,s0)",1.8836678744582613e-11,0
data\splits\genimage_8000_split_v4\test\real\real_00267.jpeg,real_00267.jpeg,test,real,0,robust,jpeg_q95,"jpeg(Q95,s0)",4.518972673395183e-06,0
data\splits\genimage_8000_split_v4\test\real\real_00343.jpeg,real_00343.jpeg,test,real,0,robust,jpeg_q95,"jpeg(Q95,s0)",0.32781916856765747,0
data\splits\genimage_8000_split_v4\test\real\real_00421.jpeg,real_00421.jpeg,test,real,0,robust,jpeg_q95,"jpeg(Q95,s0)",2.9568800510247288e-27,0
data\splits\genimage_8000_split_v4\test\real\real_00531.jpeg,real_00531.jpeg,test,real,0,robust,jpeg_q95,"jpeg(Q95,s0)",2.2892368178872857e-07,0
data\splits\genimage_8000_split_v4\test\real\real_00575.jpeg,real_00575.jpeg,test,real,0,robust,jpeg_q95,"jpeg(Q95,s0)",3.079826637986116e-05,0
data\splits\genimage_8000_split_v4\test\real\real_00290.jpeg,real_00290.jpeg,test,real,0,robust,jpeg_q95,"jpeg(Q95,s0)",2.401026222287328e-08,0
data\splits\genimage_8000_split_v4\test\real\real_00336.jpeg,real_00336.jpeg,test,real,0,robust,jpeg_q95,"jpeg(Q95,s0)",9.439370732325637e-28,0
data\splits\genimage_8000_split_v4\test\real\real_00306.jpeg,real_00306.jpeg,test,real,0,robust,jpeg_q95,"jpeg(Q95,s0)",0.14316508173942566,0
data\splits\genimage_8000_split_v4\test\real\real_00231.jpeg,real_00231.jpeg,test,real,0,robust,jpeg_q95,"jpeg(Q95,s0)",0.1693764477968216,0
data\splits\genimage_8000_split_v4\test\real\real_00002.jpeg,real_00002.jpeg,test,real,0,robust,jpeg_q95,"jpeg(Q95,s0)",0.00689725112169981,0
data\splits\genimage_8000_split_v4\test\real\real_00504.jpeg,real_00504.jpeg,test,real,0,robust,jpeg_q95,"jpeg(Q95,s0)",0.0016195516800507903,0
data\splits\genimage_8000_split_v4\test\real\real_00536.jpeg,real_00536.jpeg,test,real,0,robust,jpeg_q95,"jpeg(Q95,s0)",1.3556676776715904e-06,0
data\splits\genimage_8000_split_v4\test\real\real_00362.jpeg,real_00362.jpeg,test,real,0,robust,jpeg_q95,"jpeg(Q95,s0)",0.00019658486417029053,0
data\splits\genimage_8000_split_v4\test\real\real_00199.jpeg,real_00199.jpeg,test,real,0,robust,jpeg_q95,"jpeg(Q95,s0)",4.024235386168584e-05,0
data\splits\genimage_8000_split_v4\test\real\real_00023.jpeg,real_00023.jpeg,test,real,0,robust,jpeg_q95,"jpeg(Q95,s0)",3.864973751234338e-16,0
data\splits\genimage_8000_split_v4\test\real\real_00433.jpeg,real_00433.jpeg,test,real,0,robust,jpeg_q95,"jpeg(Q95,s0)",0.9967783093452454,1
data\splits\genimage_8000_split_v4\test\real\real_00484.jpeg,real_00484.jpeg,test,real,0,robust,jpeg_q95,"jpeg(Q95,s0)",0.3873230516910553,0
data\splits\genimage_8000_split_v4\test\real\real_00110.jpeg,real_00110.jpeg,test,real,0,robust,jpeg_q95,"jpeg(Q95,s0)",8.040876853243617e-10,0
data\splits\genimage_8000_split_v4\test\real\real_00305.jpeg,real_00305.jpeg,test,real,0,robust,jpeg_q95,"jpeg(Q95,s0)",0.006144806742668152,0
data\splits\genimage_8000_split_v4\test\real\real_00352.jpeg,real_00352.jpeg,test,real,0,robust,jpeg_q95,"jpeg(Q95,s0)",0.0035826407838612795,0
data\splits\genimage_8000_split_v4\test\real\real_00256.jpeg,real_00256.jpeg,test,real,0,robust,jpeg_q95,"jpeg(Q95,s0)",0.2354612797498703,0
data\splits\genimage_8000_split_v4\test\real\real_00404.jpeg,real_00404.jpeg,test,real,0,robust,jpeg_q95,"jpeg(Q95,s0)",3.172941376305971e-08,0
data\splits\genimage_8000_split_v4\test\real\real_00523.jpeg,real_00523.jpeg,test,real,0,robust,jpeg_q95,"jpeg(Q95,s0)",0.49615025520324707,0
data\splits\genimage_8000_split_v4\test\real\real_00513.jpeg,real_00513.jpeg,test,real,0,robust,jpeg_q95,"jpeg(Q95,s0)",0.23690436780452728,0
data\splits\genimage_8000_split_v4\test\real\real_00108.jpeg,real_00108.jpeg,test,real,0,robust,jpeg_q95,"jpeg(Q95,s0)",0.24071110785007477,0
data\splits\genimage_8000_split_v4\test\real\real_00119.jpeg,real_00119.jpeg,test,real,0,robust,jpeg_q95,"jpeg(Q95,s0)",0.15495489537715912,0
data\splits\genimage_8000_split_v4\test\real\real_00511.jpeg,real_00511.jpeg,test,real,0,robust,jpeg_q95,"jpeg(Q95,s0)",0.04625201225280762,0
data\splits\genimage_8000_split_v4\test\real\real_00073.jpeg,real_00073.jpeg,test,real,0,robust,jpeg_q95,"jpeg(Q95,s0)",4.5459776132023085e-25,0
data\splits\genimage_8000_split_v4\test\real\real_00469.jpeg,real_00469.jpeg,test,real,0,robust,jpeg_q95,"jpeg(Q95,s0)",0.045458778738975525,0
data\splits\genimage_8000_split_v4\test\real\real_00035.jpeg,real_00035.jpeg,test,real,0,robust,jpeg_q95,"jpeg(Q95,s0)",3.2138496779219455e-14,0
data\splits\genimage_8000_split_v4\test\real\real_00427.jpeg,real_00427.jpeg,test,real,0,robust,jpeg_q95,"jpeg(Q95,s0)",1.195927779917838e-06,0
data\splits\genimage_8000_split_v4\test\real\real_00000.jpeg,real_00000.jpeg,test,real,0,robust,jpeg_q95,"jpeg(Q95,s0)",3.48966059914645e-17,0
data\splits\genimage_8000_split_v4\test\real\real_00066.jpeg,real_00066.jpeg,test,real,0,robust,jpeg_q95,"jpeg(Q95,s0)",0.0011078031966462731,0
data\splits\genimage_8000_split_v4\test\real\real_00052.jpeg,real_00052.jpeg,test,real,0,robust,jpeg_q95,"jpeg(Q95,s0)",1.6425720919195847e-19,0
data\splits\genimage_8000_split_v4\test\real\real_00483.jpeg,real_00483.jpeg,test,real,0,robust,jpeg_q95,"jpeg(Q95,s0)",4.092579180397653e-16,0
data\splits\genimage_8000_split_v4\test\real\real_00020.jpeg,real_00020.jpeg,test,real,0,robust,jpeg_q95,"jpeg(Q95,s0)",0.8121539354324341,1
data\splits\genimage_8000_split_v4\test\real\real_00540.jpeg,real_00540.jpeg,test,real,0,robust,jpeg_q95,"jpeg(Q95,s0)",1.4659299552022276e-08,0
data\splits\genimage_8000_split_v4\test\real\real_00383.jpeg,real_00383.jpeg,test,real,0,robust,jpeg_q95,"jpeg(Q95,s0)",0.00049571692943573,0
data\splits\genimage_8000_split_v4\test\real\real_00129.jpeg,real_00129.jpeg,test,real,0,robust,jpeg_q95,"jpeg(Q95,s0)",0.0002576612459961325,0
data\splits\genimage_8000_split_v4\test\real\real_00505.jpeg,real_00505.jpeg,test,real,0,robust,jpeg_q95,"jpeg(Q95,s0)",9.566451826565344e-23,0
data\splits\genimage_8000_split_v4\test\real\real_00517.jpeg,real_00517.jpeg,test,real,0,robust,jpeg_q95,"jpeg(Q95,s0)",3.0878018151270226e-05,0
data\splits\genimage_8000_split_v4\test\real\real_00291.jpeg,real_00291.jpeg,test,real,0,robust,jpeg_q95,"jpeg(Q95,s0)",6.77098751111771e-06,0
data\splits\genimage_8000_split_v4\test\real\real_00328.jpeg,real_00328.jpeg,test,real,0,robust,jpeg_q95,"jpeg(Q95,s0)",0.878644585609436,1
data\splits\genimage_8000_split_v4\test\real\real_00082.jpeg,real_00082.jpeg,test,real,0,robust,jpeg_q95,"jpeg(Q95,s0)",3.7311102124570894e-11,0
data\splits\genimage_8000_split_v4\test\real\real_00413.jpeg,real_00413.jpeg,test,real,0,robust,jpeg_q95,"jpeg(Q95,s0)",9.530278475722298e-05,0
data\splits\genimage_8000_split_v4\test\real\real_00201.jpeg,real_00201.jpeg,test,real,0,robust,jpeg_q95,"jpeg(Q95,s0)",0.7833781838417053,1
data\splits\genimage_8000_split_v4\test\real\real_00422.jpeg,real_00422.jpeg,test,real,0,robust,jpeg_q95,"jpeg(Q95,s0)",0.00028582572122104466,0
data\splits\genimage_8000_split_v4\test\real\real_00481.jpeg,real_00481.jpeg,test,real,0,robust,jpeg_q95,"jpeg(Q95,s0)",0.999811589717865,1
data\splits\genimage_8000_split_v4\test\real\real_00249.jpeg,real_00249.jpeg,test,real,0,robust,jpeg_q95,"jpeg(Q95,s0)",1.5218255100535316e-07,0
data\splits\genimage_8000_split_v4\test\real\real_00591.jpeg,real_00591.jpeg,test,real,0,robust,jpeg_q95,"jpeg(Q95,s0)",0.0823574960231781,0
data\splits\genimage_8000_split_v4\test\real\real_00103.jpeg,real_00103.jpeg,test,real,0,robust,jpeg_q95,"jpeg(Q95,s0)",0.04426996782422066,0
data\splits\genimage_8000_split_v4\test\real\real_00058.jpeg,real_00058.jpeg,test,real,0,robust,jpeg_q95,"jpeg(Q95,s0)",2.6085617538866976e-27,0
data\splits\genimage_8000_split_v4\test\real\real_00029.jpeg,real_00029.jpeg,test,real,0,robust,jpeg_q95,"jpeg(Q95,s0)",0.019685856997966766,0
data\splits\genimage_8000_split_v4\test\real\real_00551.jpeg,real_00551.jpeg,test,real,0,robust,jpeg_q95,"jpeg(Q95,s0)",3.067394516165223e-07,0
data\splits\genimage_8000_split_v4\test\real\real_00453.jpeg,real_00453.jpeg,test,real,0,robust,jpeg_q95,"jpeg(Q95,s0)",1.0,1
data\splits\genimage_8000_split_v4\test\real\real_00041.jpeg,real_00041.jpeg,test,real,0,robust,jpeg_q95,"jpeg(Q95,s0)",1.6559666619286872e-05,0
data\splits\genimage_8000_split_v4\test\real\real_00316.jpeg,real_00316.jpeg,test,real,0,robust,jpeg_q95,"jpeg(Q95,s0)",3.207307130992376e-08,0
data\splits\genimage_8000_split_v4\test\real\real_00449.jpeg,real_00449.jpeg,test,real,0,robust,jpeg_q95,"jpeg(Q95,s0)",3.145205710097798e-06,0
data\splits\genimage_8000_split_v4\test\real\real_00198.jpeg,real_00198.jpeg,test,real,0,robust,jpeg_q95,"jpeg(Q95,s0)",0.0008032137411646545,0
data\splits\genimage_8000_split_v4\test\real\real_00310.jpeg,real_00310.jpeg,test,real,0,robust,jpeg_q95,"jpeg(Q95,s0)",0.0010111131705343723,0
data\splits\genimage_8000_split_v4\test\real\real_00205.jpeg,real_00205.jpeg,test,real,0,robust,jpeg_q95,"jpeg(Q95,s0)",1.0150372587717299e-18,0
data\splits\genimage_8000_split_v4\test\real\real_00011.jpeg,real_00011.jpeg,test,real,0,robust,jpeg_q95,"jpeg(Q95,s0)",0.0023693598341196775,0
data\splits\genimage_8000_split_v4\test\real\real_00556.jpeg,real_00556.jpeg,test,real,0,robust,jpeg_q95,"jpeg(Q95,s0)",6.562058115378022e-05,0
data\splits\genimage_8000_split_v4\test\real\real_00294.jpeg,real_00294.jpeg,test,real,0,robust,jpeg_q95,"jpeg(Q95,s0)",1.3430651556178841e-11,0
data\splits\genimage_8000_split_v4\test\real\real_00112.jpeg,real_00112.jpeg,test,real,0,robust,jpeg_q95,"jpeg(Q95,s0)",0.3709113895893097,0
data\splits\genimage_8000_split_v4\test\real\real_00170.jpeg,real_00170.jpeg,test,real,0,robust,jpeg_q95,"jpeg(Q95,s0)",9.006572465687655e-18,0
data\splits\genimage_8000_split_v4\test\real\real_00569.jpeg,real_00569.jpeg,test,real,0,robust,jpeg_q95,"jpeg(Q95,s0)",3.521267695830166e-12,0
data\splits\genimage_8000_split_v4\test\real\real_00318.jpeg,real_00318.jpeg,test,real,0,robust,jpeg_q95,"jpeg(Q95,s0)",0.0038363193161785603,0
data\splits\genimage_8000_split_v4\test\real\real_00397.jpeg,real_00397.jpeg,test,real,0,robust,jpeg_q95,"jpeg(Q95,s0)",9.048500214703381e-05,0
data\splits\genimage_8000_split_v4\test\real\real_00014.jpeg,real_00014.jpeg,test,real,0,robust,jpeg_q95,"jpeg(Q95,s0)",0.15146151185035706,0
data\splits\genimage_8000_split_v4\test\real\real_00196.jpeg,real_00196.jpeg,test,real,0,robust,jpeg_q95,"jpeg(Q95,s0)",4.203895392974451e-45,0
data\splits\genimage_8000_split_v4\test\real\real_00191.jpeg,real_00191.jpeg,test,real,0,robust,jpeg_q95,"jpeg(Q95,s0)",0.785208523273468,1
data\splits\genimage_8000_split_v4\test\real\real_00192.jpeg,real_00192.jpeg,test,real,0,robust,jpeg_q95,"jpeg(Q95,s0)",6.958731349357475e-18,0
data\splits\genimage_8000_split_v4\test\real\real_00353.jpeg,real_00353.jpeg,test,real,0,robust,jpeg_q95,"jpeg(Q95,s0)",0.963494598865509,1
data\splits\genimage_8000_split_v4\test\real\real_00254.jpeg,real_00254.jpeg,test,real,0,robust,jpeg_q95,"jpeg(Q95,s0)",5.77477177188257e-10,0
data\splits\genimage_8000_split_v4\test\real\real_00169.jpeg,real_00169.jpeg,test,real,0,robust,jpeg_q95,"jpeg(Q95,s0)",5.104839077493817e-13,0
data\splits\genimage_8000_split_v4\test\real\real_00370.jpeg,real_00370.jpeg,test,real,0,robust,jpeg_q95,"jpeg(Q95,s0)",3.781057773638139e-26,0
data\splits\genimage_8000_split_v4\test\real\real_00004.jpeg,real_00004.jpeg,test,real,0,robust,jpeg_q95,"jpeg(Q95,s0)",0.021297616884112358,0
data\splits\genimage_8000_split_v4\test\real\real_00368.jpeg,real_00368.jpeg,test,real,0,robust,jpeg_q95,"jpeg(Q95,s0)",0.4822764992713928,0
data\splits\genimage_8000_split_v4\test\real\real_00417.jpeg,real_00417.jpeg,test,real,0,robust,jpeg_q95,"jpeg(Q95,s0)",0.9211563467979431,1
data\splits\genimage_8000_split_v4\test\real\real_00333.jpeg,real_00333.jpeg,test,real,0,robust,jpeg_q95,"jpeg(Q95,s0)",3.3091149816755205e-05,0
data\splits\genimage_8000_split_v4\test\real\real_00123.jpeg,real_00123.jpeg,test,real,0,robust,jpeg_q95,"jpeg(Q95,s0)",0.003816114040091634,0
data\splits\genimage_8000_split_v4\test\real\real_00380.jpeg,real_00380.jpeg,test,real,0,robust,jpeg_q95,"jpeg(Q95,s0)",0.23745647072792053,0
data\splits\genimage_8000_split_v4\test\real\real_00179.jpeg,real_00179.jpeg,test,real,0,robust,jpeg_q95,"jpeg(Q95,s0)",0.00010407012450741604,0
data\splits\genimage_8000_split_v4\test\real\real_00400.jpeg,real_00400.jpeg,test,real,0,robust,jpeg_q95,"jpeg(Q95,s0)",1.331715452579374e-06,0
data\splits\genimage_8000_split_v4\test\real\real_00369.jpeg,real_00369.jpeg,test,real,0,robust,jpeg_q95,"jpeg(Q95,s0)",0.0006863169255666435,0
data\splits\genimage_8000_split_v4\test\real\real_00051.jpeg,real_00051.jpeg,test,real,0,robust,jpeg_q95,"jpeg(Q95,s0)",0.3304375410079956,0
data\splits\genimage_8000_split_v4\test\real\real_00097.jpeg,real_00097.jpeg,test,real,0,robust,jpeg_q95,"jpeg(Q95,s0)",1.9850849639624357e-05,0
data\splits\genimage_8000_split_v4\test\real\real_00515.jpeg,real_00515.jpeg,test,real,0,robust,jpeg_q95,"jpeg(Q95,s0)",1.7360029232804663e-05,0
data\splits\genimage_8000_split_v4\test\real\real_00446.jpeg,real_00446.jpeg,test,real,0,robust,jpeg_q95,"jpeg(Q95,s0)",0.0005941386334598064,0
data\splits\genimage_8000_split_v4\test\real\real_00155.jpeg,real_00155.jpeg,test,real,0,robust,jpeg_q95,"jpeg(Q95,s0)",0.005979666952043772,0
data\splits\genimage_8000_split_v4\test\real\real_00277.jpeg,real_00277.jpeg,test,real,0,robust,jpeg_q95,"jpeg(Q95,s0)",0.00016307721671182662,0
data\splits\genimage_8000_split_v4\test\real\real_00098.jpeg,real_00098.jpeg,test,real,0,robust,jpeg_q95,"jpeg(Q95,s0)",3.336985354707167e-09,0
data\splits\genimage_8000_split_v4\test\real\real_00107.jpeg,real_00107.jpeg,test,real,0,robust,jpeg_q95,"jpeg(Q95,s0)",0.00012985117791686207,0
data\splits\genimage_8000_split_v4\test\real\real_00087.jpeg,real_00087.jpeg,test,real,0,robust,jpeg_q95,"jpeg(Q95,s0)",3.595066664274782e-05,0
data\splits\genimage_8000_split_v4\test\real\real_00565.jpeg,real_00565.jpeg,test,real,0,robust,jpeg_q95,"jpeg(Q95,s0)",0.919005811214447,1
data\splits\genimage_8000_split_v4\test\real\real_00280.jpeg,real_00280.jpeg,test,real,0,robust,jpeg_q95,"jpeg(Q95,s0)",2.7888673041005925e-21,0
data\splits\genimage_8000_split_v4\test\real\real_00507.jpeg,real_00507.jpeg,test,real,0,robust,jpeg_q95,"jpeg(Q95,s0)",1.6758726855927624e-16,0
data\splits\genimage_8000_split_v4\test\real\real_00326.jpeg,real_00326.jpeg,test,real,0,robust,jpeg_q95,"jpeg(Q95,s0)",9.30608730413951e-05,0
data\splits\genimage_8000_split_v4\test\real\real_00244.jpeg,real_00244.jpeg,test,real,0,robust,jpeg_q95,"jpeg(Q95,s0)",4.7401702077186684e-36,0
data\splits\genimage_8000_split_v4\test\real\real_00033.jpeg,real_00033.jpeg,test,real,0,robust,jpeg_q95,"jpeg(Q95,s0)",0.17380081117153168,0
data\splits\genimage_8000_split_v4\test\real\real_00064.jpeg,real_00064.jpeg,test,real,0,robust,jpeg_q95,"jpeg(Q95,s0)",7.091416995346862e-30,0
data\splits\genimage_8000_split_v4\test\real\real_00013.jpeg,real_00013.jpeg,test,real,0,robust,jpeg_q95,"jpeg(Q95,s0)",1.077947257686505e-14,0
data\splits\genimage_8000_split_v4\test\real\real_00183.jpeg,real_00183.jpeg,test,real,0,robust,jpeg_q95,"jpeg(Q95,s0)",0.20524053275585175,0
data\splits\genimage_8000_split_v4\test\real\real_00030.jpeg,real_00030.jpeg,test,real,0,robust,jpeg_q95,"jpeg(Q95,s0)",2.8754450340784388e-06,0
data\splits\genimage_8000_split_v4\test\real\real_00474.jpeg,real_00474.jpeg,test,real,0,robust,jpeg_q95,"jpeg(Q95,s0)",9.371864143759012e-05,0
data\splits\genimage_8000_split_v4\test\real\real_00558.jpeg,real_00558.jpeg,test,real,0,robust,jpeg_q95,"jpeg(Q95,s0)",3.0852555710225715e-07,0
data\splits\genimage_8000_split_v4\test\real\real_00088.jpeg,real_00088.jpeg,test,real,0,robust,jpeg_q95,"jpeg(Q95,s0)",4.221019430808962e-19,0
data\splits\genimage_8000_split_v4\test\real\real_00436.jpeg,real_00436.jpeg,test,real,0,robust,jpeg_q95,"jpeg(Q95,s0)",0.9675562381744385,1
data\splits\genimage_8000_split_v4\test\real\real_00518.jpeg,real_00518.jpeg,test,real,0,robust,jpeg_q95,"jpeg(Q95,s0)",3.04848611631936e-11,0
data\splits\genimage_8000_split_v4\test\real\real_00111.jpeg,real_00111.jpeg,test,real,0,robust,jpeg_q95,"jpeg(Q95,s0)",0.0019947742111980915,0
data\splits\genimage_8000_split_v4\test\real\real_00122.jpeg,real_00122.jpeg,test,real,0,robust,jpeg_q95,"jpeg(Q95,s0)",0.5660201907157898,1
data\splits\genimage_8000_split_v4\test\real\real_00461.jpeg,real_00461.jpeg,test,real,0,robust,jpeg_q95,"jpeg(Q95,s0)",0.004485296085476875,0
data\splits\genimage_8000_split_v4\test\real\real_00239.jpeg,real_00239.jpeg,test,real,0,robust,jpeg_q95,"jpeg(Q95,s0)",0.0005944374715909362,0
data\splits\genimage_8000_split_v4\test\real\real_00408.jpeg,real_00408.jpeg,test,real,0,robust,jpeg_q95,"jpeg(Q95,s0)",5.657252586388495e-07,0
data\splits\genimage_8000_split_v4\test\real\real_00460.jpeg,real_00460.jpeg,test,real,0,robust,jpeg_q95,"jpeg(Q95,s0)",1.2044784157758917e-15,0
data\splits\genimage_8000_split_v4\test\real\real_00138.jpeg,real_00138.jpeg,test,real,0,robust,jpeg_q95,"jpeg(Q95,s0)",0.00028270494658499956,0
data\splits\genimage_8000_split_v4\test\real\real_00429.jpeg,real_00429.jpeg,test,real,0,robust,jpeg_q95,"jpeg(Q95,s0)",0.0017897860379889607,0
data\splits\genimage_8000_split_v4\test\real\real_00462.jpeg,real_00462.jpeg,test,real,0,robust,jpeg_q95,"jpeg(Q95,s0)",5.443269668517244e-26,0
data\splits\genimage_8000_split_v4\test\real\real_00113.jpeg,real_00113.jpeg,test,real,0,robust,jpeg_q95,"jpeg(Q95,s0)",0.00023496951325796545,0
data\splits\genimage_8000_split_v4\test\real\real_00391.jpeg,real_00391.jpeg,test,real,0,robust,jpeg_q95,"jpeg(Q95,s0)",9.512484393781051e-05,0
data\splits\genimage_8000_split_v4\test\real\real_00303.jpeg,real_00303.jpeg,test,real,0,robust,jpeg_q95,"jpeg(Q95,s0)",0.0001690452772891149,0
data\splits\genimage_8000_split_v4\test\real\real_00592.jpeg,real_00592.jpeg,test,real,0,robust,jpeg_q95,"jpeg(Q95,s0)",0.0,0
data\splits\genimage_8000_split_v4\test\real\real_00157.jpeg,real_00157.jpeg,test,real,0,robust,jpeg_q95,"jpeg(Q95,s0)",0.013425747863948345,0
data\splits\genimage_8000_split_v4\test\real\real_00475.jpeg,real_00475.jpeg,test,real,0,robust,jpeg_q95,"jpeg(Q95,s0)",3.238385716031189e-06,0
data\splits\genimage_8000_split_v4\test\real\real_00071.jpeg,real_00071.jpeg,test,real,0,robust,jpeg_q95,"jpeg(Q95,s0)",1.023154709400842e-05,0
data\splits\genimage_8000_split_v4\test\real\real_00235.jpeg,real_00235.jpeg,test,real,0,robust,jpeg_q95,"jpeg(Q95,s0)",8.402008120356186e-07,0
data\splits\genimage_8000_split_v4\test\real\real_00067.jpeg,real_00067.jpeg,test,real,0,robust,jpeg_q95,"jpeg(Q95,s0)",1.2490799480826367e-17,0
data\splits\genimage_8000_split_v4\test\real\real_00502.jpeg,real_00502.jpeg,test,real,0,robust,jpeg_q95,"jpeg(Q95,s0)",6.760217365808785e-05,0
data\splits\genimage_8000_split_v4\test\real\real_00099.jpeg,real_00099.jpeg,test,real,0,robust,jpeg_q95,"jpeg(Q95,s0)",0.7825642824172974,1
data\splits\genimage_8000_split_v4\test\real\real_00508.jpeg,real_00508.jpeg,test,real,0,robust,jpeg_q95,"jpeg(Q95,s0)",7.156240400263414e-08,0
data\splits\genimage_8000_split_v4\test\real\real_00036.jpeg,real_00036.jpeg,test,real,0,robust,jpeg_q95,"jpeg(Q95,s0)",1.7444221414586458e-11,0
data\splits\genimage_8000_split_v4\test\real\real_00149.jpeg,real_00149.jpeg,test,real,0,robust,jpeg_q95,"jpeg(Q95,s0)",1.4249929747957163e-17,0
data\splits\genimage_8000_split_v4\test\real\real_00220.jpeg,real_00220.jpeg,test,real,0,robust,jpeg_q95,"jpeg(Q95,s0)",3.431367986195255e-06,0
data\splits\genimage_8000_split_v4\test\real\real_00418.jpeg,real_00418.jpeg,test,real,0,robust,jpeg_q95,"jpeg(Q95,s0)",6.972901900326178e-08,0
data\splits\genimage_8000_split_v4\test\real\real_00466.jpeg,real_00466.jpeg,test,real,0,robust,jpeg_q95,"jpeg(Q95,s0)",0.9346649050712585,1
data\splits\genimage_8000_split_v4\test\real\real_00120.jpeg,real_00120.jpeg,test,real,0,robust,jpeg_q95,"jpeg(Q95,s0)",2.2864605174477415e-12,0
data\splits\genimage_8000_split_v4\test\real\real_00139.jpeg,real_00139.jpeg,test,real,0,robust,jpeg_q95,"jpeg(Q95,s0)",0.017221791669726372,0
data\splits\genimage_8000_split_v4\test\real\real_00589.jpeg,real_00589.jpeg,test,real,0,robust,jpeg_q95,"jpeg(Q95,s0)",0.8646835088729858,1
data\splits\genimage_8000_split_v4\test\real\real_00276.jpeg,real_00276.jpeg,test,real,0,robust,jpeg_q95,"jpeg(Q95,s0)",0.2439582347869873,0
data\splits\genimage_8000_split_v4\test\real\real_00377.jpeg,real_00377.jpeg,test,real,0,robust,jpeg_q95,"jpeg(Q95,s0)",0.0005465306458063424,0
data\splits\genimage_8000_split_v4\test\real\real_00175.jpeg,real_00175.jpeg,test,real,0,robust,jpeg_q95,"jpeg(Q95,s0)",0.6520869135856628,1
data\splits\genimage_8000_split_v4\test\real\real_00001.jpeg,real_00001.jpeg,test,real,0,robust,jpeg_q95,"jpeg(Q95,s0)",0.8078886270523071,1
data\splits\genimage_8000_split_v4\test\real\real_00424.jpeg,real_00424.jpeg,test,real,0,robust,jpeg_q95,"jpeg(Q95,s0)",9.610072460031205e-11,0
data\splits\genimage_8000_split_v4\test\real\real_00197.jpeg,real_00197.jpeg,test,real,0,robust,jpeg_q95,"jpeg(Q95,s0)",1.7551979834828924e-12,0
data\splits\genimage_8000_split_v4\test\real\real_00246.jpeg,real_00246.jpeg,test,real,0,robust,jpeg_q95,"jpeg(Q95,s0)",2.7666633286571596e-06,0
data\splits\genimage_8000_split_v4\test\real\real_00325.jpeg,real_00325.jpeg,test,real,0,robust,jpeg_q95,"jpeg(Q95,s0)",5.179418621992227e-06,0
data\splits\genimage_8000_split_v4\test\real\real_00150.jpeg,real_00150.jpeg,test,real,0,robust,jpeg_q95,"jpeg(Q95,s0)",1.206668684972101e-07,0
data\splits\genimage_8000_split_v4\test\real\real_00501.jpeg,real_00501.jpeg,test,real,0,robust,jpeg_q95,"jpeg(Q95,s0)",0.0005697479355148971,0
data\splits\genimage_8000_split_v4\test\real\real_00428.jpeg,real_00428.jpeg,test,real,0,robust,jpeg_q95,"jpeg(Q95,s0)",1.640157279325649e-05,0
data\splits\genimage_8000_split_v4\test\real\real_00222.jpeg,real_00222.jpeg,test,real,0,robust,jpeg_q95,"jpeg(Q95,s0)",4.886267925030552e-05,0
data\splits\genimage_8000_split_v4\test\real\real_00045.jpeg,real_00045.jpeg,test,real,0,robust,jpeg_q95,"jpeg(Q95,s0)",0.02803676761686802,0
data\splits\genimage_8000_split_v4\test\real\real_00338.jpeg,real_00338.jpeg,test,real,0,robust,jpeg_q95,"jpeg(Q95,s0)",3.239781653974205e-05,0
data\splits\genimage_8000_split_v4\test\real\real_00390.jpeg,real_00390.jpeg,test,real,0,robust,jpeg_q95,"jpeg(Q95,s0)",3.047599728134287e-09,0
data\splits\genimage_8000_split_v4\test\real\real_00062.jpeg,real_00062.jpeg,test,real,0,robust,jpeg_q95,"jpeg(Q95,s0)",0.021013790741562843,0
data\splits\genimage_8000_split_v4\test\real\real_00426.jpeg,real_00426.jpeg,test,real,0,robust,jpeg_q95,"jpeg(Q95,s0)",1.4692898275825428e-07,0
data\splits\genimage_8000_split_v4\test\real\real_00247.jpeg,real_00247.jpeg,test,real,0,robust,jpeg_q95,"jpeg(Q95,s0)",0.15358717739582062,0
data\splits\genimage_8000_split_v4\test\real\real_00152.jpeg,real_00152.jpeg,test,real,0,robust,jpeg_q95,"jpeg(Q95,s0)",0.010639281012117863,0
data\splits\genimage_8000_split_v4\test\real\real_00156.jpeg,real_00156.jpeg,test,real,0,robust,jpeg_q95,"jpeg(Q95,s0)",0.1673087328672409,0
data\splits\genimage_8000_split_v4\test\real\real_00084.jpeg,real_00084.jpeg,test,real,0,robust,jpeg_q95,"jpeg(Q95,s0)",7.078424823703244e-05,0
data\splits\genimage_8000_split_v4\test\real\real_00212.jpeg,real_00212.jpeg,test,real,0,robust,jpeg_q95,"jpeg(Q95,s0)",0.0024490372743457556,0
data\splits\genimage_8000_split_v4\test\real\real_00184.jpeg,real_00184.jpeg,test,real,0,robust,jpeg_q95,"jpeg(Q95,s0)",0.017528776079416275,0
data\splits\genimage_8000_split_v4\test\real\real_00309.jpeg,real_00309.jpeg,test,real,0,robust,jpeg_q95,"jpeg(Q95,s0)",0.039987288415431976,0
data\splits\genimage_8000_split_v4\test\real\real_00423.jpeg,real_00423.jpeg,test,real,0,robust,jpeg_q95,"jpeg(Q95,s0)",0.020739657804369926,0
data\splits\genimage_8000_split_v4\test\real\real_00095.jpeg,real_00095.jpeg,test,real,0,robust,jpeg_q95,"jpeg(Q95,s0)",0.004245949909090996,0
data\splits\genimage_8000_split_v4\test\real\real_00264.jpeg,real_00264.jpeg,test,real,0,robust,jpeg_q95,"jpeg(Q95,s0)",0.04460938274860382,0
data\splits\genimage_8000_split_v4\test\real\real_00105.jpeg,real_00105.jpeg,test,real,0,robust,jpeg_q95,"jpeg(Q95,s0)",0.001956530613824725,0
data\splits\genimage_8000_split_v4\test\real\real_00024.jpeg,real_00024.jpeg,test,real,0,robust,jpeg_q95,"jpeg(Q95,s0)",4.037520268659613e-21,0
data\splits\genimage_8000_split_v4\test\real\real_00293.jpeg,real_00293.jpeg,test,real,0,robust,jpeg_q95,"jpeg(Q95,s0)",4.280919802673866e-12,0
data\splits\genimage_8000_split_v4\test\real\real_00311.jpeg,real_00311.jpeg,test,real,0,robust,jpeg_q95,"jpeg(Q95,s0)",0.0012466289335861802,0
data\splits\genimage_8000_split_v4\test\real\real_00032.jpeg,real_00032.jpeg,test,real,0,robust,jpeg_q95,"jpeg(Q95,s0)",0.7365958094596863,1
data\splits\genimage_8000_split_v4\test\real\real_00374.jpeg,real_00374.jpeg,test,real,0,robust,jpeg_q95,"jpeg(Q95,s0)",2.1986820458903822e-13,0
data\splits\genimage_8000_split_v4\test\real\real_00492.jpeg,real_00492.jpeg,test,real,0,robust,jpeg_q95,"jpeg(Q95,s0)",1.605751528922436e-13,0
data\splits\genimage_8000_split_v4\test\real\real_00162.jpeg,real_00162.jpeg,test,real,0,robust,jpeg_q95,"jpeg(Q95,s0)",0.0001344373304164037,0
data\splits\genimage_8000_split_v4\test\real\real_00588.jpeg,real_00588.jpeg,test,real,0,robust,jpeg_q95,"jpeg(Q95,s0)",4.757692195767049e-08,0
data\splits\genimage_8000_split_v4\test\real\real_00411.jpeg,real_00411.jpeg,test,real,0,robust,jpeg_q95,"jpeg(Q95,s0)",5.2578442932826874e-08,0
data\splits\genimage_8000_split_v4\test\real\real_00241.jpeg,real_00241.jpeg,test,real,0,robust,jpeg_q95,"jpeg(Q95,s0)",0.00199106615036726,0
data\splits\genimage_8000_split_v4\test\real\real_00432.jpeg,real_00432.jpeg,test,real,0,robust,jpeg_q95,"jpeg(Q95,s0)",0.9811765551567078,1
data\splits\genimage_8000_split_v4\test\real\real_00025.jpeg,real_00025.jpeg,test,real,0,robust,jpeg_q95,"jpeg(Q95,s0)",0.0012180715566501021,0
data\splits\genimage_8000_split_v4\test\real\real_00079.jpeg,real_00079.jpeg,test,real,0,robust,jpeg_q95,"jpeg(Q95,s0)",0.017395736649632454,0
data\splits\genimage_8000_split_v4\test\real\real_00351.jpeg,real_00351.jpeg,test,real,0,robust,jpeg_q95,"jpeg(Q95,s0)",0.17503948509693146,0
data\splits\genimage_8000_split_v4\test\real\real_00590.jpeg,real_00590.jpeg,test,real,0,robust,jpeg_q95,"jpeg(Q95,s0)",2.613444264931942e-18,0
data\splits\genimage_8000_split_v4\test\real\real_00240.jpeg,real_00240.jpeg,test,real,0,robust,jpeg_q95,"jpeg(Q95,s0)",5.8769830502569675e-05,0
data\splits\genimage_8000_split_v4\test\real\real_00583.jpeg,real_00583.jpeg,test,real,0,robust,jpeg_q95,"jpeg(Q95,s0)",0.00020743087225127965,0
data\splits\genimage_8000_split_v4\test\real\real_00116.jpeg,real_00116.jpeg,test,real,0,robust,jpeg_q95,"jpeg(Q95,s0)",0.0480675995349884,0
data\splits\genimage_8000_split_v4\test\real\real_00081.jpeg,real_00081.jpeg,test,real,0,robust,jpeg_q95,"jpeg(Q95,s0)",0.002300309482961893,0
data\splits\genimage_8000_split_v4\test\real\real_00224.jpeg,real_00224.jpeg,test,real,0,robust,jpeg_q95,"jpeg(Q95,s0)",6.622337969020009e-05,0
data\splits\genimage_8000_split_v4\test\real\real_00372.jpeg,real_00372.jpeg,test,real,0,robust,jpeg_q95,"jpeg(Q95,s0)",1.1528907180036185e-06,0
data\splits\genimage_8000_split_v4\test\real\real_00074.jpeg,real_00074.jpeg,test,real,0,robust,jpeg_q95,"jpeg(Q95,s0)",0.022848166525363922,0
data\splits\genimage_8000_split_v4\test\real\real_00555.jpeg,real_00555.jpeg,test,real,0,robust,jpeg_q95,"jpeg(Q95,s0)",3.495400149877703e-11,0
data\splits\genimage_8000_split_v4\test\real\real_00399.jpeg,real_00399.jpeg,test,real,0,robust,jpeg_q95,"jpeg(Q95,s0)",2.2229388468852918e-11,0
data\splits\genimage_8000_split_v4\test\real\real_00308.jpeg,real_00308.jpeg,test,real,0,robust,jpeg_q95,"jpeg(Q95,s0)",0.00865160208195448,0
data\splits\genimage_8000_split_v4\test\real\real_00132.jpeg,real_00132.jpeg,test,real,0,robust,jpeg_q95,"jpeg(Q95,s0)",0.8454674482345581,1
data\splits\genimage_8000_split_v4\test\real\real_00478.jpeg,real_00478.jpeg,test,real,0,robust,jpeg_q95,"jpeg(Q95,s0)",1.2102887268772289e-11,0
data\splits\genimage_8000_split_v4\test\real\real_00435.jpeg,real_00435.jpeg,test,real,0,robust,jpeg_q95,"jpeg(Q95,s0)",0.776314377784729,1
data\splits\genimage_8000_split_v4\test\real\real_00072.jpeg,real_00072.jpeg,test,real,0,robust,jpeg_q95,"jpeg(Q95,s0)",3.5508390672234214e-10,0
data\splits\genimage_8000_split_v4\test\real\real_00037.jpeg,real_00037.jpeg,test,real,0,robust,jpeg_q95,"jpeg(Q95,s0)",0.6279000043869019,1
data\splits\genimage_8000_split_v4\test\real\real_00272.jpeg,real_00272.jpeg,test,real,0,robust,jpeg_q95,"jpeg(Q95,s0)",0.9998916387557983,1
data\splits\genimage_8000_split_v4\test\real\real_00102.jpeg,real_00102.jpeg,test,real,0,robust,jpeg_q95,"jpeg(Q95,s0)",1.1615319408520008e-06,0
data\splits\genimage_8000_split_v4\test\real\real_00044.jpeg,real_00044.jpeg,test,real,0,robust,jpeg_q95,"jpeg(Q95,s0)",0.14747191965579987,0
data\splits\genimage_8000_split_v4\test\real\real_00546.jpeg,real_00546.jpeg,test,real,0,robust,jpeg_q95,"jpeg(Q95,s0)",0.0008073055068962276,0
data\splits\genimage_8000_split_v4\test\real\real_00146.jpeg,real_00146.jpeg,test,real,0,robust,jpeg_q95,"jpeg(Q95,s0)",3.0594237614423037e-06,0
data\splits\genimage_8000_split_v4\test\real\real_00361.jpeg,real_00361.jpeg,test,real,0,robust,jpeg_q95,"jpeg(Q95,s0)",2.958483662496292e-07,0
data\splits\genimage_8000_split_v4\test\real\real_00498.jpeg,real_00498.jpeg,test,real,0,robust,jpeg_q95,"jpeg(Q95,s0)",3.9027804632496554e-06,0
data\splits\genimage_8000_split_v4\test\real\real_00567.jpeg,real_00567.jpeg,test,real,0,robust,jpeg_q95,"jpeg(Q95,s0)",5.3365437204877866e-14,0
data\splits\genimage_8000_split_v4\test\real\real_00229.jpeg,real_00229.jpeg,test,real,0,robust,jpeg_q95,"jpeg(Q95,s0)",0.0050881896167993546,0
data\splits\genimage_8000_split_v4\test\real\real_00573.jpeg,real_00573.jpeg,test,real,0,robust,jpeg_q95,"jpeg(Q95,s0)",1.956384489020334e-35,0
data\splits\genimage_8000_split_v4\test\real\real_00452.jpeg,real_00452.jpeg,test,real,0,robust,jpeg_q95,"jpeg(Q95,s0)",0.0002424403210170567,0
data\splits\genimage_8000_split_v4\test\real\real_00258.jpeg,real_00258.jpeg,test,real,0,robust,jpeg_q95,"jpeg(Q95,s0)",0.04798811301589012,0
data\splits\genimage_8000_split_v4\test\real\real_00581.jpeg,real_00581.jpeg,test,real,0,robust,jpeg_q95,"jpeg(Q95,s0)",0.0011363676749169827,0
data\splits\genimage_8000_split_v4\test\real\real_00340.jpeg,real_00340.jpeg,test,real,0,robust,jpeg_q95,"jpeg(Q95,s0)",0.5901297926902771,1
data\splits\genimage_8000_split_v4\test\real\real_00516.jpeg,real_00516.jpeg,test,real,0,robust,jpeg_q95,"jpeg(Q95,s0)",1.1064547371702222e-17,0
data\splits\genimage_8000_split_v4\test\real\real_00524.jpeg,real_00524.jpeg,test,real,0,robust,jpeg_q95,"jpeg(Q95,s0)",0.0298569705337286,0
data\splits\genimage_8000_split_v4\test\real\real_00554.jpeg,real_00554.jpeg,test,real,0,robust,jpeg_q95,"jpeg(Q95,s0)",0.003239256562665105,0
data\splits\genimage_8000_split_v4\test\real\real_00299.jpeg,real_00299.jpeg,test,real,0,robust,jpeg_q95,"jpeg(Q95,s0)",9.506981318900919e-36,0
data\splits\genimage_8000_split_v4\test\real\real_00439.jpeg,real_00439.jpeg,test,real,0,robust,jpeg_q95,"jpeg(Q95,s0)",3.955242209485732e-05,0
data\splits\genimage_8000_split_v4\test\real\real_00166.jpeg,real_00166.jpeg,test,real,0,robust,jpeg_q95,"jpeg(Q95,s0)",1.0845074144283373e-10,0
data\splits\genimage_8000_split_v4\test\real\real_00392.jpeg,real_00392.jpeg,test,real,0,robust,jpeg_q95,"jpeg(Q95,s0)",1.3670334737980738e-05,0
data\splits\genimage_8000_split_v4\test\real\real_00086.jpeg,real_00086.jpeg,test,real,0,robust,jpeg_q95,"jpeg(Q95,s0)",0.004103942308574915,0
data\splits\genimage_8000_split_v4\test\real\real_00537.jpeg,real_00537.jpeg,test,real,0,robust,jpeg_q95,"jpeg(Q95,s0)",0.9942008852958679,1
data\splits\genimage_8000_split_v4\test\real\real_00431.jpeg,real_00431.jpeg,test,real,0,robust,jpeg_q95,"jpeg(Q95,s0)",2.0186151061807323e-07,0
data\splits\genimage_8000_split_v4\test\real\real_00389.jpeg,real_00389.jpeg,test,real,0,robust,jpeg_q95,"jpeg(Q95,s0)",0.008520015515387058,0
data\splits\genimage_8000_split_v4\test\real\real_00534.jpeg,real_00534.jpeg,test,real,0,robust,jpeg_q95,"jpeg(Q95,s0)",1.5066410696817911e-06,0
data\splits\genimage_8000_split_v4\test\real\real_00541.jpeg,real_00541.jpeg,test,real,0,robust,jpeg_q95,"jpeg(Q95,s0)",2.627034603307904e-13,0
data\splits\genimage_8000_split_v4\test\real\real_00094.jpeg,real_00094.jpeg,test,real,0,robust,jpeg_q95,"jpeg(Q95,s0)",0.995759904384613,1
data\splits\genimage_8000_split_v4\test\real\real_00226.jpeg,real_00226.jpeg,test,real,0,robust,jpeg_q95,"jpeg(Q95,s0)",0.7106884717941284,1
data\splits\genimage_8000_split_v4\test\real\real_00200.jpeg,real_00200.jpeg,test,real,0,robust,jpeg_q95,"jpeg(Q95,s0)",0.05968763306736946,0
data\splits\genimage_8000_split_v4\test\real\real_00330.jpeg,real_00330.jpeg,test,real,0,robust,jpeg_q95,"jpeg(Q95,s0)",1.5403642250610972e-10,0
data\splits\genimage_8000_split_v4\test\real\real_00091.jpeg,real_00091.jpeg,test,real,0,robust,jpeg_q95,"jpeg(Q95,s0)",1.0,1
data\splits\genimage_8000_split_v4\test\real\real_00472.jpeg,real_00472.jpeg,test,real,0,robust,jpeg_q95,"jpeg(Q95,s0)",1.0636566604309123e-18,0
data\splits\genimage_8000_split_v4\test\real\real_00493.jpeg,real_00493.jpeg,test,real,0,robust,jpeg_q95,"jpeg(Q95,s0)",3.36089400754247e-09,0
data\splits\genimage_8000_split_v4\test\real\real_00053.jpeg,real_00053.jpeg,test,real,0,robust,jpeg_q95,"jpeg(Q95,s0)",0.0006635749596171081,0
data\splits\genimage_8000_split_v4\test\real\real_00298.jpeg,real_00298.jpeg,test,real,0,robust,jpeg_q95,"jpeg(Q95,s0)",0.1347288191318512,0
data\splits\genimage_8000_split_v4\test\real\real_00366.jpeg,real_00366.jpeg,test,real,0,robust,jpeg_q95,"jpeg(Q95,s0)",4.99664702147129e-06,0
data\splits\genimage_8000_split_v4\test\real\real_00182.jpeg,real_00182.jpeg,test,real,0,robust,jpeg_q95,"jpeg(Q95,s0)",2.8698433061392914e-13,0
data\splits\genimage_8000_split_v4\test\real\real_00490.jpeg,real_00490.jpeg,test,real,0,robust,jpeg_q95,"jpeg(Q95,s0)",2.1140771423233673e-05,0
data\splits\genimage_8000_split_v4\test\real\real_00593.jpeg,real_00593.jpeg,test,real,0,robust,jpeg_q95,"jpeg(Q95,s0)",0.27900823950767517,0
data\splits\genimage_8000_split_v4\test\real\real_00137.jpeg,real_00137.jpeg,test,real,0,robust,jpeg_q95,"jpeg(Q95,s0)",0.008509057573974133,0
data\splits\genimage_8000_split_v4\test\real\real_00314.jpeg,real_00314.jpeg,test,real,0,robust,jpeg_q95,"jpeg(Q95,s0)",4.390993490233086e-05,0
data\splits\genimage_8000_split_v4\test\real\real_00471.jpeg,real_00471.jpeg,test,real,0,robust,jpeg_q95,"jpeg(Q95,s0)",0.00683098379522562,0
data\splits\genimage_8000_split_v4\test\real\real_00365.jpeg,real_00365.jpeg,test,real,0,robust,jpeg_q95,"jpeg(Q95,s0)",0.006643560249358416,0
data\splits\genimage_8000_split_v4\test\real\real_00042.jpeg,real_00042.jpeg,test,real,0,robust,jpeg_q95,"jpeg(Q95,s0)",7.016368112681261e-38,0
data\splits\genimage_8000_split_v4\test\real\real_00448.jpeg,real_00448.jpeg,test,real,0,robust,jpeg_q95,"jpeg(Q95,s0)",0.49419814348220825,0
data\splits\genimage_8000_split_v4\test\real\real_00188.jpeg,real_00188.jpeg,test,real,0,robust,jpeg_q95,"jpeg(Q95,s0)",1.9857113731092113e-09,0
data\splits\genimage_8000_split_v4\test\real\real_00245.jpeg,real_00245.jpeg,test,real,0,robust,jpeg_q95,"jpeg(Q95,s0)",0.9062480330467224,1
data\splits\genimage_8000_split_v4\test\real\real_00509.jpeg,real_00509.jpeg,test,real,0,robust,jpeg_q95,"jpeg(Q95,s0)",5.161334569716633e-19,0
data\splits\genimage_8000_split_v4\test\real\real_00265.jpeg,real_00265.jpeg,test,real,0,robust,jpeg_q95,"jpeg(Q95,s0)",1.6505795485954877e-07,0
data\splits\genimage_8000_split_v4\test\real\real_00443.jpeg,real_00443.jpeg,test,real,0,robust,jpeg_q95,"jpeg(Q95,s0)",8.651646700484975e-14,0
data\splits\genimage_8000_split_v4\test\real\real_00284.jpeg,real_00284.jpeg,test,real,0,robust,jpeg_q95,"jpeg(Q95,s0)",3.1817635193220895e-09,0
data\splits\genimage_8000_split_v4\test\real\real_00386.jpeg,real_00386.jpeg,test,real,0,robust,jpeg_q95,"jpeg(Q95,s0)",2.9023116375481717e-12,0
data\splits\genimage_8000_split_v4\test\real\real_00548.jpeg,real_00548.jpeg,test,real,0,robust,jpeg_q95,"jpeg(Q95,s0)",1.7445078317336433e-23,0
data\splits\genimage_8000_split_v4\test\real\real_00487.jpeg,real_00487.jpeg,test,real,0,robust,jpeg_q95,"jpeg(Q95,s0)",1.0997606295859441e-05,0
data\splits\genimage_8000_split_v4\test\real\real_00549.jpeg,real_00549.jpeg,test,real,0,robust,jpeg_q95,"jpeg(Q95,s0)",0.9996287822723389,1
data\splits\genimage_8000_split_v4\test\real\real_00315.jpeg,real_00315.jpeg,test,real,0,robust,jpeg_q95,"jpeg(Q95,s0)",4.273299509804929e-06,0
data\splits\genimage_8000_split_v4\test\real\real_00464.jpeg,real_00464.jpeg,test,real,0,robust,jpeg_q95,"jpeg(Q95,s0)",0.009426946751773357,0
data\splits\genimage_8000_split_v4\test\ai\midjourney_00068.png,midjourney_00068.png,test,midjourney,1,robust,jpeg_q95,"jpeg(Q95,s0)",0.015206991694867611,0
data\splits\genimage_8000_split_v4\test\ai\vqdm_00062.png,vqdm_00062.png,test,vqdm,1,robust,jpeg_q95,"jpeg(Q95,s0)",0.8822758197784424,1
data\splits\genimage_8000_split_v4\test\ai\adm_00019.png,adm_00019.png,test,adm,1,robust,jpeg_q95,"jpeg(Q95,s0)",1.0,1
data\splits\genimage_8000_split_v4\test\ai\midjourney_00077.png,midjourney_00077.png,test,midjourney,1,robust,jpeg_q95,"jpeg(Q95,s0)",0.07559867948293686,0
data\splits\genimage_8000_split_v4\test\ai\adm_00074.png,adm_00074.png,test,adm,1,robust,jpeg_q95,"jpeg(Q95,s0)",0.9999994039535522,1
data\splits\genimage_8000_split_v4\test\ai\wukong_00038.png,wukong_00038.png,test,wukong,1,robust,jpeg_q95,"jpeg(Q95,s0)",0.9999924898147583,1
data\splits\genimage_8000_split_v4\test\ai\biggan_00049.png,biggan_00049.png,test,biggan,1,robust,jpeg_q95,"jpeg(Q95,s0)",0.9999724626541138,1
data\splits\genimage_8000_split_v4\test\ai\midjourney_00036.png,midjourney_00036.png,test,midjourney,1,robust,jpeg_q95,"jpeg(Q95,s0)",0.7806075811386108,1
data\splits\genimage_8000_split_v4\test\ai\glide_00074.png,glide_00074.png,test,glide,1,robust,jpeg_q95,"jpeg(Q95,s0)",0.8461782336235046,1
data\splits\genimage_8000_split_v4\test\ai\sdv5_00043.png,sdv5_00043.png,test,sdv5,1,robust,jpeg_q95,"jpeg(Q95,s0)",0.7594072818756104,1
data\splits\genimage_8000_split_v4\test\ai\wukong_00067.png,wukong_00067.png,test,wukong,1,robust,jpeg_q95,"jpeg(Q95,s0)",0.9999998807907104,1
data\splits\genimage_8000_split_v4\test\ai\vqdm_00041.png,vqdm_00041.png,test,vqdm,1,robust,jpeg_q95,"jpeg(Q95,s0)",0.9931163191795349,1
data\splits\genimage_8000_split_v4\test\ai\wukong_00066.png,wukong_00066.png,test,wukong,1,robust,jpeg_q95,"jpeg(Q95,s0)",0.5717003345489502,1
data\splits\genimage_8000_split_v4\test\ai\vqdm_00061.png,vqdm_00061.png,test,vqdm,1,robust,jpeg_q95,"jpeg(Q95,s0)",1.0,1
data\splits\genimage_8000_split_v4\test\ai\biggan_00010.png,biggan_00010.png,test,biggan,1,robust,jpeg_q95,"jpeg(Q95,s0)",0.998847484588623,1
data\splits\genimage_8000_split_v4\test\ai\midjourney_00011.png,midjourney_00011.png,test,midjourney,1,robust,jpeg_q95,"jpeg(Q95,s0)",0.9999977350234985,1
data\splits\genimage_8000_split_v4\test\ai\adm_00067.png,adm_00067.png,test,adm,1,robust,jpeg_q95,"jpeg(Q95,s0)",0.9999915361404419,1
data\splits\genimage_8000_split_v4\test\ai\adm_00063.png,adm_00063.png,test,adm,1,robust,jpeg_q95,"jpeg(Q95,s0)",0.9999940395355225,1
data\splits\genimage_8000_split_v4\test\ai\wukong_00015.png,wukong_00015.png,test,wukong,1,robust,jpeg_q95,"jpeg(Q95,s0)",0.9979069232940674,1
data\splits\genimage_8000_split_v4\test\ai\vqdm_00004.png,vqdm_00004.png,test,vqdm,1,robust,jpeg_q95,"jpeg(Q95,s0)",0.9039049744606018,1
data\splits\genimage_8000_split_v4\test\ai\midjourney_00005.png,midjourney_00005.png,test,midjourney,1,robust,jpeg_q95,"jpeg(Q95,s0)",0.46145811676979065,0
data\splits\genimage_8000_split_v4\test\ai\adm_00014.png,adm_00014.png,test,adm,1,robust,jpeg_q95,"jpeg(Q95,s0)",1.0,1
data\splits\genimage_8000_split_v4\test\ai\glide_00069.png,glide_00069.png,test,glide,1,robust,jpeg_q95,"jpeg(Q95,s0)",0.9069033265113831,1
data\splits\genimage_8000_split_v4\test\ai\vqdm_00010.png,vqdm_00010.png,test,vqdm,1,robust,jpeg_q95,"jpeg(Q95,s0)",1.0,1
data\splits\genimage_8000_split_v4\test\ai\sdv5_00046.png,sdv5_00046.png,test,sdv5,1,robust,jpeg_q95,"jpeg(Q95,s0)",0.999998927116394,1
data\splits\genimage_8000_split_v4\test\ai\wukong_00023.png,wukong_00023.png,test,wukong,1,robust,jpeg_q95,"jpeg(Q95,s0)",0.8871259689331055,1
data\splits\genimage_8000_split_v4\test\ai\midjourney_00074.png,midjourney_00074.png,test,midjourney,1,robust,jpeg_q95,"jpeg(Q95,s0)",0.26868677139282227,0
data\splits\genimage_8000_split_v4\test\ai\midjourney_00039.png,midjourney_00039.png,test,midjourney,1,robust,jpeg_q95,"jpeg(Q95,s0)",0.27275460958480835,0
data\splits\genimage_8000_split_v4\test\ai\vqdm_00024.png,vqdm_00024.png,test,vqdm,1,robust,jpeg_q95,"jpeg(Q95,s0)",0.99989914894104,1
data\splits\genimage_8000_split_v4\test\ai\wukong_00075.png,wukong_00075.png,test,wukong,1,robust,jpeg_q95,"jpeg(Q95,s0)",0.995934009552002,1
data\splits\genimage_8000_split_v4\test\ai\biggan_00050.png,biggan_00050.png,test,biggan,1,robust,jpeg_q95,"jpeg(Q95,s0)",0.98879075050354,1
data\splits\genimage_8000_split_v4\test\ai\midjourney_00059.png,midjourney_00059.png,test,midjourney,1,robust,jpeg_q95,"jpeg(Q95,s0)",0.44455283880233765,0
data\splits\genimage_8000_split_v4\test\ai\biggan_00029.png,biggan_00029.png,test,biggan,1,robust,jpeg_q95,"jpeg(Q95,s0)",0.815576434135437,1
data\splits\genimage_8000_split_v4\test\ai\sdv5_00039.png,sdv5_00039.png,test,sdv5,1,robust,jpeg_q95,"jpeg(Q95,s0)",0.9999290704727173,1
data\splits\genimage_8000_split_v4\test\ai\glide_00061.png,glide_00061.png,test,glide,1,robust,jpeg_q95,"jpeg(Q95,s0)",0.3333580195903778,0
data\splits\genimage_8000_split_v4\test\ai\biggan_00012.png,biggan_00012.png,test,biggan,1,robust,jpeg_q95,"jpeg(Q95,s0)",0.9998586177825928,1
data\splits\genimage_8000_split_v4\test\ai\biggan_00080.png,biggan_00080.png,test,biggan,1,robust,jpeg_q95,"jpeg(Q95,s0)",0.9999203681945801,1
data\splits\genimage_8000_split_v4\test\ai\glide_00053.png,glide_00053.png,test,glide,1,robust,jpeg_q95,"jpeg(Q95,s0)",0.7590482234954834,1
data\splits\genimage_8000_split_v4\test\ai\vqdm_00006.png,vqdm_00006.png,test,vqdm,1,robust,jpeg_q95,"jpeg(Q95,s0)",0.964743971824646,1
data\splits\genimage_8000_split_v4\test\ai\adm_00023.png,adm_00023.png,test,adm,1,robust,jpeg_q95,"jpeg(Q95,s0)",1.0,1
data\splits\genimage_8000_split_v4\test\ai\sdv5_00054.png,sdv5_00054.png,test,sdv5,1,robust,jpeg_q95,"jpeg(Q95,s0)",1.0,1
data\splits\genimage_8000_split_v4\test\ai\midjourney_00021.png,midjourney_00021.png,test,midjourney,1,robust,jpeg_q95,"jpeg(Q95,s0)",0.9917024970054626,1
data\splits\genimage_8000_split_v4\test\ai\vqdm_00065.png,vqdm_00065.png,test,vqdm,1,robust,jpeg_q95,"jpeg(Q95,s0)",0.2899706959724426,0
data\splits\genimage_8000_split_v4\test\ai\biggan_00055.png,biggan_00055.png,test,biggan,1,robust,jpeg_q95,"jpeg(Q95,s0)",0.9999980926513672,1
data\splits\genimage_8000_split_v4\test\ai\wukong_00003.png,wukong_00003.png,test,wukong,1,robust,jpeg_q95,"jpeg(Q95,s0)",0.9999721050262451,1
data\splits\genimage_8000_split_v4\test\ai\biggan_00022.png,biggan_00022.png,test,biggan,1,robust,jpeg_q95,"jpeg(Q95,s0)",0.9998979568481445,1
data\splits\genimage_8000_split_v4\test\ai\biggan_00081.png,biggan_00081.png,test,biggan,1,robust,jpeg_q95,"jpeg(Q95,s0)",0.6708511114120483,1
data\splits\genimage_8000_split_v4\test\ai\vqdm_00049.png,vqdm_00049.png,test,vqdm,1,robust,jpeg_q95,"jpeg(Q95,s0)",0.9999985694885254,1
data\splits\genimage_8000_split_v4\test\ai\sdv5_00076.png,sdv5_00076.png,test,sdv5,1,robust,jpeg_q95,"jpeg(Q95,s0)",1.0,1
data\splits\genimage_8000_split_v4\test\ai\vqdm_00011.png,vqdm_00011.png,test,vqdm,1,robust,jpeg_q95,"jpeg(Q95,s0)",0.9875768423080444,1
data\splits\genimage_8000_split_v4\test\ai\adm_00039.png,adm_00039.png,test,adm,1,robust,jpeg_q95,"jpeg(Q95,s0)",1.0,1
data\splits\genimage_8000_split_v4\test\ai\glide_00023.png,glide_00023.png,test,glide,1,robust,jpeg_q95,"jpeg(Q95,s0)",0.9978815913200378,1
data\splits\genimage_8000_split_v4\test\ai\sdv5_00063.png,sdv5_00063.png,test,sdv5,1,robust,jpeg_q95,"jpeg(Q95,s0)",0.9999516010284424,1
data\splits\genimage_8000_split_v4\test\ai\biggan_00059.png,biggan_00059.png,test,biggan,1,robust,jpeg_q95,"jpeg(Q95,s0)",0.9995006322860718,1
data\splits\genimage_8000_split_v4\test\ai\glide_00015.png,glide_00015.png,test,glide,1,robust,jpeg_q95,"jpeg(Q95,s0)",0.7942811250686646,1
data\splits\genimage_8000_split_v4\test\ai\wukong_00047.png,wukong_00047.png,test,wukong,1,robust,jpeg_q95,"jpeg(Q95,s0)",0.41960498690605164,0
data\splits\genimage_8000_split_v4\test\ai\vqdm_00037.png,vqdm_00037.png,test,vqdm,1,robust,jpeg_q95,"jpeg(Q95,s0)",0.9989703893661499,1
data\splits\genimage_8000_split_v4\test\ai\wukong_00080.png,wukong_00080.png,test,wukong,1,robust,jpeg_q95,"jpeg(Q95,s0)",1.0,1
data\splits\genimage_8000_split_v4\test\ai\midjourney_00076.png,midjourney_00076.png,test,midjourney,1,robust,jpeg_q95,"jpeg(Q95,s0)",0.9999641180038452,1
data\splits\genimage_8000_split_v4\test\ai\sdv5_00061.png,sdv5_00061.png,test,sdv5,1,robust,jpeg_q95,"jpeg(Q95,s0)",1.0,1
data\splits\genimage_8000_split_v4\test\ai\adm_00029.png,adm_00029.png,test,adm,1,robust,jpeg_q95,"jpeg(Q95,s0)",1.0,1
data\splits\genimage_8000_split_v4\test\ai\glide_00039.png,glide_00039.png,test,glide,1,robust,jpeg_q95,"jpeg(Q95,s0)",0.9999995231628418,1
data\splits\genimage_8000_split_v4\test\ai\adm_00072.png,adm_00072.png,test,adm,1,robust,jpeg_q95,"jpeg(Q95,s0)",0.9999707937240601,1
data\splits\genimage_8000_split_v4\test\ai\sdv5_00051.png,sdv5_00051.png,test,sdv5,1,robust,jpeg_q95,"jpeg(Q95,s0)",1.0,1
data\splits\genimage_8000_split_v4\test\ai\sdv5_00066.png,sdv5_00066.png,test,sdv5,1,robust,jpeg_q95,"jpeg(Q95,s0)",0.9027996063232422,1
data\splits\genimage_8000_split_v4\test\ai\midjourney_00078.png,midjourney_00078.png,test,midjourney,1,robust,jpeg_q95,"jpeg(Q95,s0)",0.9999209642410278,1
data\splits\genimage_8000_split_v4\test\ai\vqdm_00017.png,vqdm_00017.png,test,vqdm,1,robust,jpeg_q95,"jpeg(Q95,s0)",0.9141606688499451,1
data\splits\genimage_8000_split_v4\test\ai\sdv5_00073.png,sdv5_00073.png,test,sdv5,1,robust,jpeg_q95,"jpeg(Q95,s0)",0.9999843835830688,1
data\splits\genimage_8000_split_v4\test\ai\midjourney_00045.png,midjourney_00045.png,test,midjourney,1,robust,jpeg_q95,"jpeg(Q95,s0)",0.9999574422836304,1
data\splits\genimage_8000_split_v4\test\ai\vqdm_00073.png,vqdm_00073.png,test,vqdm,1,robust,jpeg_q95,"jpeg(Q95,s0)",0.8455415368080139,1
data\splits\genimage_8000_split_v4\test\ai\sdv5_00008.png,sdv5_00008.png,test,sdv5,1,robust,jpeg_q95,"jpeg(Q95,s0)",0.9999725818634033,1
data\splits\genimage_8000_split_v4\test\ai\midjourney_00061.png,midjourney_00061.png,test,midjourney,1,robust,jpeg_q95,"jpeg(Q95,s0)",0.0038312855176627636,0
data\splits\genimage_8000_split_v4\test\ai\adm_00015.png,adm_00015.png,test,adm,1,robust,jpeg_q95,"jpeg(Q95,s0)",1.0,1
data\splits\genimage_8000_split_v4\test\ai\vqdm_00068.png,vqdm_00068.png,test,vqdm,1,robust,jpeg_q95,"jpeg(Q95,s0)",0.7533625364303589,1
data\splits\genimage_8000_split_v4\test\ai\midjourney_00053.png,midjourney_00053.png,test,midjourney,1,robust,jpeg_q95,"jpeg(Q95,s0)",1.0,1
data\splits\genimage_8000_split_v4\test\ai\sdv5_00050.png,sdv5_00050.png,test,sdv5,1,robust,jpeg_q95,"jpeg(Q95,s0)",0.999963641166687,1
data\splits\genimage_8000_split_v4\test\ai\glide_00050.png,glide_00050.png,test,glide,1,robust,jpeg_q95,"jpeg(Q95,s0)",1.0,1
data\splits\genimage_8000_split_v4\test\ai\midjourney_00069.png,midjourney_00069.png,test,midjourney,1,robust,jpeg_q95,"jpeg(Q95,s0)",0.9120588898658752,1
data\splits\genimage_8000_split_v4\test\ai\glide_00038.png,glide_00038.png,test,glide,1,robust,jpeg_q95,"jpeg(Q95,s0)",0.9999812841415405,1
data\splits\genimage_8000_split_v4\test\ai\biggan_00011.png,biggan_00011.png,test,biggan,1,robust,jpeg_q95,"jpeg(Q95,s0)",0.6401060819625854,1
data\splits\genimage_8000_split_v4\test\ai\biggan_00082.png,biggan_00082.png,test,biggan,1,robust,jpeg_q95,"jpeg(Q95,s0)",0.9731642603874207,1
data\splits\genimage_8000_split_v4\test\ai\wukong_00005.png,wukong_00005.png,test,wukong,1,robust,jpeg_q95,"jpeg(Q95,s0)",0.9999991655349731,1
data\splits\genimage_8000_split_v4\test\ai\wukong_00014.png,wukong_00014.png,test,wukong,1,robust,jpeg_q95,"jpeg(Q95,s0)",0.9983862638473511,1
data\splits\genimage_8000_split_v4\test\ai\midjourney_00071.png,midjourney_00071.png,test,midjourney,1,robust,jpeg_q95,"jpeg(Q95,s0)",9.099532150003142e-08,0
data\splits\genimage_8000_split_v4\test\ai\midjourney_00009.png,midjourney_00009.png,test,midjourney,1,robust,jpeg_q95,"jpeg(Q95,s0)",0.9074411988258362,1
data\splits\genimage_8000_split_v4\test\ai\midjourney_00044.png,midjourney_00044.png,test,midjourney,1,robust,jpeg_q95,"jpeg(Q95,s0)",0.9951344132423401,1
data\splits\genimage_8000_split_v4\test\ai\biggan_00017.png,biggan_00017.png,test,biggan,1,robust,jpeg_q95,"jpeg(Q95,s0)",0.9999649524688721,1
data\splits\genimage_8000_split_v4\test\ai\glide_00082.png,glide_00082.png,test,glide,1,robust,jpeg_q95,"jpeg(Q95,s0)",0.9995996356010437,1
data\splits\genimage_8000_split_v4\test\ai\glide_00037.png,glide_00037.png,test,glide,1,robust,jpeg_q95,"jpeg(Q95,s0)",0.9985694885253906,1
data\splits\genimage_8000_split_v4\test\ai\adm_00027.png,adm_00027.png,test,adm,1,robust,jpeg_q95,"jpeg(Q95,s0)",0.9999983310699463,1
data\splits\genimage_8000_split_v4\test\ai\midjourney_00024.png,midjourney_00024.png,test,midjourney,1,robust,jpeg_q95,"jpeg(Q95,s0)",0.9999998807907104,1
data\splits\genimage_8000_split_v4\test\ai\glide_00033.png,glide_00033.png,test,glide,1,robust,jpeg_q95,"jpeg(Q95,s0)",0.9999996423721313,1
data\splits\genimage_8000_split_v4\test\ai\midjourney_00007.png,midjourney_00007.png,test,midjourney,1,robust,jpeg_q95,"jpeg(Q95,s0)",0.999833345413208,1
data\splits\genimage_8000_split_v4\test\ai\sdv5_00072.png,sdv5_00072.png,test,sdv5,1,robust,jpeg_q95,"jpeg(Q95,s0)",0.9945964217185974,1
data\splits\genimage_8000_split_v4\test\ai\wukong_00022.png,wukong_00022.png,test,wukong,1,robust,jpeg_q95,"jpeg(Q95,s0)",0.9999990463256836,1
data\splits\genimage_8000_split_v4\test\ai\vqdm_00032.png,vqdm_00032.png,test,vqdm,1,robust,jpeg_q95,"jpeg(Q95,s0)",0.2355787456035614,0
data\splits\genimage_8000_split_v4\test\ai\glide_00009.png,glide_00009.png,test,glide,1,robust,jpeg_q95,"jpeg(Q95,s0)",1.0,1
data\splits\genimage_8000_split_v4\test\ai\biggan_00030.png,biggan_00030.png,test,biggan,1,robust,jpeg_q95,"jpeg(Q95,s0)",0.9905998110771179,1
data\splits\genimage_8000_split_v4\test\ai\wukong_00057.png,wukong_00057.png,test,wukong,1,robust,jpeg_q95,"jpeg(Q95,s0)",0.9999673366546631,1
data\splits\genimage_8000_split_v4\test\ai\adm_00079.png,adm_00079.png,test,adm,1,robust,jpeg_q95,"jpeg(Q95,s0)",1.0,1
data\splits\genimage_8000_split_v4\test\ai\vqdm_00031.png,vqdm_00031.png,test,vqdm,1,robust,jpeg_q95,"jpeg(Q95,s0)",0.999396562576294,1
data\splits\genimage_8000_split_v4\test\ai\glide_00010.png,glide_00010.png,test,glide,1,robust,jpeg_q95,"jpeg(Q95,s0)",1.0,1
data\splits\genimage_8000_split_v4\test\ai\wukong_00009.png,wukong_00009.png,test,wukong,1,robust,jpeg_q95,"jpeg(Q95,s0)",0.9985533356666565,1
data\splits\genimage_8000_split_v4\test\ai\glide_00013.png,glide_00013.png,test,glide,1,robust,jpeg_q95,"jpeg(Q95,s0)",0.981086790561676,1
data\splits\genimage_8000_split_v4\test\ai\vqdm_00023.png,vqdm_00023.png,test,vqdm,1,robust,jpeg_q95,"jpeg(Q95,s0)",0.3006260395050049,0
data\splits\genimage_8000_split_v4\test\ai\sdv5_00011.png,sdv5_00011.png,test,sdv5,1,robust,jpeg_q95,"jpeg(Q95,s0)",0.9995189905166626,1
data\splits\genimage_8000_split_v4\test\ai\sdv5_00047.png,sdv5_00047.png,test,sdv5,1,robust,jpeg_q95,"jpeg(Q95,s0)",1.0,1
data\splits\genimage_8000_split_v4\test\ai\sdv5_00009.png,sdv5_00009.png,test,sdv5,1,robust,jpeg_q95,"jpeg(Q95,s0)",0.9682267308235168,1
data\splits\genimage_8000_split_v4\test\ai\sdv5_00010.png,sdv5_00010.png,test,sdv5,1,robust,jpeg_q95,"jpeg(Q95,s0)",0.9999922513961792,1
data\splits\genimage_8000_split_v4\test\ai\glide_00076.png,glide_00076.png,test,glide,1,robust,jpeg_q95,"jpeg(Q95,s0)",0.9999979734420776,1
data\splits\genimage_8000_split_v4\test\ai\adm_00081.png,adm_00081.png,test,adm,1,robust,jpeg_q95,"jpeg(Q95,s0)",0.9999997615814209,1
data\splits\genimage_8000_split_v4\test\ai\sdv5_00023.png,sdv5_00023.png,test,sdv5,1,robust,jpeg_q95,"jpeg(Q95,s0)",0.9999991655349731,1
data\splits\genimage_8000_split_v4\test\ai\biggan_00003.png,biggan_00003.png,test,biggan,1,robust,jpeg_q95,"jpeg(Q95,s0)",0.9998512268066406,1
data\splits\genimage_8000_split_v4\test\ai\wukong_00061.png,wukong_00061.png,test,wukong,1,robust,jpeg_q95,"jpeg(Q95,s0)",0.8191514611244202,1
data\splits\genimage_8000_split_v4\test\ai\adm_00085.png,adm_00085.png,test,adm,1,robust,jpeg_q95,"jpeg(Q95,s0)",0.8943467736244202,1
data\splits\genimage_8000_split_v4\test\ai\midjourney_00014.png,midjourney_00014.png,test,midjourney,1,robust,jpeg_q95,"jpeg(Q95,s0)",0.9990441203117371,1
data\splits\genimage_8000_split_v4\test\ai\vqdm_00042.png,vqdm_00042.png,test,vqdm,1,robust,jpeg_q95,"jpeg(Q95,s0)",0.9960312247276306,1
data\splits\genimage_8000_split_v4\test\ai\wukong_00076.png,wukong_00076.png,test,wukong,1,robust,jpeg_q95,"jpeg(Q95,s0)",0.9999927282333374,1
data\splits\genimage_8000_split_v4\test\ai\vqdm_00035.png,vqdm_00035.png,test,vqdm,1,robust,jpeg_q95,"jpeg(Q95,s0)",0.02235298603773117,0
data\splits\genimage_8000_split_v4\test\ai\sdv5_00037.png,sdv5_00037.png,test,sdv5,1,robust,jpeg_q95,"jpeg(Q95,s0)",0.24622339010238647,0
data\splits\genimage_8000_split_v4\test\ai\biggan_00000.png,biggan_00000.png,test,biggan,1,robust,jpeg_q95,"jpeg(Q95,s0)",1.0,1
data\splits\genimage_8000_split_v4\test\ai\sdv5_00053.png,sdv5_00053.png,test,sdv5,1,robust,jpeg_q95,"jpeg(Q95,s0)",0.9999998807907104,1
data\splits\genimage_8000_split_v4\test\ai\midjourney_00034.png,midjourney_00034.png,test,midjourney,1,robust,jpeg_q95,"jpeg(Q95,s0)",0.9999872446060181,1
data\splits\genimage_8000_split_v4\test\ai\wukong_00033.png,wukong_00033.png,test,wukong,1,robust,jpeg_q95,"jpeg(Q95,s0)",0.9993025064468384,1
data\splits\genimage_8000_split_v4\test\ai\glide_00011.png,glide_00011.png,test,glide,1,robust,jpeg_q95,"jpeg(Q95,s0)",0.9996969699859619,1
data\splits\genimage_8000_split_v4\test\ai\glide_00008.png,glide_00008.png,test,glide,1,robust,jpeg_q95,"jpeg(Q95,s0)",0.9670073390007019,1
data\splits\genimage_8000_split_v4\test\ai\adm_00044.png,adm_00044.png,test,adm,1,robust,jpeg_q95,"jpeg(Q95,s0)",0.9879693984985352,1
data\splits\genimage_8000_split_v4\test\ai\sdv5_00029.png,sdv5_00029.png,test,sdv5,1,robust,jpeg_q95,"jpeg(Q95,s0)",0.9999973773956299,1
data\splits\genimage_8000_split_v4\test\ai\sdv5_00081.png,sdv5_00081.png,test,sdv5,1,robust,jpeg_q95,"jpeg(Q95,s0)",0.9979885816574097,1
data\splits\genimage_8000_split_v4\test\ai\sdv5_00040.png,sdv5_00040.png,test,sdv5,1,robust,jpeg_q95,"jpeg(Q95,s0)",0.014475690200924873,0
data\splits\genimage_8000_split_v4\test\ai\adm_00042.png,adm_00042.png,test,adm,1,robust,jpeg_q95,"jpeg(Q95,s0)",0.9999992847442627,1
data\splits\genimage_8000_split_v4\test\ai\sdv5_00059.png,sdv5_00059.png,test,sdv5,1,robust,jpeg_q95,"jpeg(Q95,s0)",0.9453660249710083,1
data\splits\genimage_8000_split_v4\test\ai\wukong_00017.png,wukong_00017.png,test,wukong,1,robust,jpeg_q95,"jpeg(Q95,s0)",1.0,1
data\splits\genimage_8000_split_v4\test\ai\wukong_00058.png,wukong_00058.png,test,wukong,1,robust,jpeg_q95,"jpeg(Q95,s0)",1.0,1
data\splits\genimage_8000_split_v4\test\ai\adm_00086.png,adm_00086.png,test,adm,1,robust,jpeg_q95,"jpeg(Q95,s0)",1.0,1
data\splits\genimage_8000_split_v4\test\ai\midjourney_00049.png,midjourney_00049.png,test,midjourney,1,robust,jpeg_q95,"jpeg(Q95,s0)",0.998847484588623,1
data\splits\genimage_8000_split_v4\test\ai\midjourney_00065.png,midjourney_00065.png,test,midjourney,1,robust,jpeg_q95,"jpeg(Q95,s0)",1.0,1
data\splits\genimage_8000_split_v4\test\ai\midjourney_00006.png,midjourney_00006.png,test,midjourney,1,robust,jpeg_q95,"jpeg(Q95,s0)",0.982399582862854,1
data\splits\genimage_8000_split_v4\test\ai\wukong_00079.png,wukong_00079.png,test,wukong,1,robust,jpeg_q95,"jpeg(Q95,s0)",0.9999526739120483,1
data\splits\genimage_8000_split_v4\test\ai\sdv5_00085.png,sdv5_00085.png,test,sdv5,1,robust,jpeg_q95,"jpeg(Q95,s0)",1.0,1
data\splits\genimage_8000_split_v4\test\ai\sdv5_00065.png,sdv5_00065.png,test,sdv5,1,robust,jpeg_q95,"jpeg(Q95,s0)",0.9999912977218628,1
data\splits\genimage_8000_split_v4\test\ai\wukong_00037.png,wukong_00037.png,test,wukong,1,robust,jpeg_q95,"jpeg(Q95,s0)",0.9994731545448303,1
data\splits\genimage_8000_split_v4\test\ai\biggan_00032.png,biggan_00032.png,test,biggan,1,robust,jpeg_q95,"jpeg(Q95,s0)",0.9987882971763611,1
data\splits\genimage_8000_split_v4\test\ai\wukong_00011.png,wukong_00011.png,test,wukong,1,robust,jpeg_q95,"jpeg(Q95,s0)",1.0,1
data\splits\genimage_8000_split_v4\test\ai\biggan_00053.png,biggan_00053.png,test,biggan,1,robust,jpeg_q95,"jpeg(Q95,s0)",1.0,1
data\splits\genimage_8000_split_v4\test\ai\sdv5_00005.png,sdv5_00005.png,test,sdv5,1,robust,jpeg_q95,"jpeg(Q95,s0)",1.0,1
data\splits\genimage_8000_split_v4\test\ai\adm_00057.png,adm_00057.png,test,adm,1,robust,jpeg_q95,"jpeg(Q95,s0)",0.9999990463256836,1
data\splits\genimage_8000_split_v4\test\ai\wukong_00024.png,wukong_00024.png,test,wukong,1,robust,jpeg_q95,"jpeg(Q95,s0)",0.9998217225074768,1
data\splits\genimage_8000_split_v4\test\ai\glide_00056.png,glide_00056.png,test,glide,1,robust,jpeg_q95,"jpeg(Q95,s0)",1.0,1
data\splits\genimage_8000_split_v4\test\ai\adm_00004.png,adm_00004.png,test,adm,1,robust,jpeg_q95,"jpeg(Q95,s0)",1.0,1
data\splits\genimage_8000_split_v4\test\ai\midjourney_00081.png,midjourney_00081.png,test,midjourney,1,robust,jpeg_q95,"jpeg(Q95,s0)",1.7017802747432142e-05,0
data\splits\genimage_8000_split_v4\test\ai\sdv5_00083.png,sdv5_00083.png,test,sdv5,1,robust,jpeg_q95,"jpeg(Q95,s0)",0.7273932695388794,1
data\splits\genimage_8000_split_v4\test\ai\glide_00042.png,glide_00042.png,test,glide,1,robust,jpeg_q95,"jpeg(Q95,s0)",0.9414845108985901,1
data\splits\genimage_8000_split_v4\test\ai\glide_00029.png,glide_00029.png,test,glide,1,robust,jpeg_q95,"jpeg(Q95,s0)",0.996532678604126,1
data\splits\genimage_8000_split_v4\test\ai\vqdm_00022.png,vqdm_00022.png,test,vqdm,1,robust,jpeg_q95,"jpeg(Q95,s0)",0.9998083710670471,1
data\splits\genimage_8000_split_v4\test\ai\adm_00007.png,adm_00007.png,test,adm,1,robust,jpeg_q95,"jpeg(Q95,s0)",1.0,1
data\splits\genimage_8000_split_v4\test\ai\vqdm_00082.png,vqdm_00082.png,test,vqdm,1,robust,jpeg_q95,"jpeg(Q95,s0)",0.4956413209438324,0
data\splits\genimage_8000_split_v4\test\ai\glide_00052.png,glide_00052.png,test,glide,1,robust,jpeg_q95,"jpeg(Q95,s0)",0.9917269945144653,1
data\splits\genimage_8000_split_v4\test\ai\adm_00066.png,adm_00066.png,test,adm,1,robust,jpeg_q95,"jpeg(Q95,s0)",0.9994046688079834,1
data\splits\genimage_8000_split_v4\test\ai\sdv5_00026.png,sdv5_00026.png,test,sdv5,1,robust,jpeg_q95,"jpeg(Q95,s0)",0.11149854958057404,0
data\splits\genimage_8000_split_v4\test\ai\wukong_00004.png,wukong_00004.png,test,wukong,1,robust,jpeg_q95,"jpeg(Q95,s0)",1.0,1
data\splits\genimage_8000_split_v4\test\ai\wukong_00034.png,wukong_00034.png,test,wukong,1,robust,jpeg_q95,"jpeg(Q95,s0)",0.9998975992202759,1
data\splits\genimage_8000_split_v4\test\ai\adm_00073.png,adm_00073.png,test,adm,1,robust,jpeg_q95,"jpeg(Q95,s0)",1.0,1
data\splits\genimage_8000_split_v4\test\ai\sdv5_00056.png,sdv5_00056.png,test,sdv5,1,robust,jpeg_q95,"jpeg(Q95,s0)",0.9996392726898193,1
data\splits\genimage_8000_split_v4\test\ai\adm_00050.png,adm_00050.png,test,adm,1,robust,jpeg_q95,"jpeg(Q95,s0)",0.9999905824661255,1
data\splits\genimage_8000_split_v4\test\ai\biggan_00004.png,biggan_00004.png,test,biggan,1,robust,jpeg_q95,"jpeg(Q95,s0)",0.9985124468803406,1
data\splits\genimage_8000_split_v4\test\ai\midjourney_00063.png,midjourney_00063.png,test,midjourney,1,robust,jpeg_q95,"jpeg(Q95,s0)",0.9999303817749023,1
data\splits\genimage_8000_split_v4\test\ai\glide_00007.png,glide_00007.png,test,glide,1,robust,jpeg_q95,"jpeg(Q95,s0)",0.8280081152915955,1
data\splits\genimage_8000_split_v4\test\ai\vqdm_00059.png,vqdm_00059.png,test,vqdm,1,robust,jpeg_q95,"jpeg(Q95,s0)",0.8830649256706238,1
data\splits\genimage_8000_split_v4\test\ai\midjourney_00051.png,midjourney_00051.png,test,midjourney,1,robust,jpeg_q95,"jpeg(Q95,s0)",0.008787138387560844,0
data\splits\genimage_8000_split_v4\test\ai\adm_00040.png,adm_00040.png,test,adm,1,robust,jpeg_q95,"jpeg(Q95,s0)",0.9973957538604736,1
data\splits\genimage_8000_split_v4\test\ai\vqdm_00046.png,vqdm_00046.png,test,vqdm,1,robust,jpeg_q95,"jpeg(Q95,s0)",0.016558030620217323,0
data\splits\genimage_8000_split_v4\test\ai\glide_00071.png,glide_00071.png,test,glide,1,robust,jpeg_q95,"jpeg(Q95,s0)",0.9891807436943054,1
data\splits\genimage_8000_split_v4\test\ai\midjourney_00040.png,midjourney_00040.png,test,midjourney,1,robust,jpeg_q95,"jpeg(Q95,s0)",0.9598017930984497,1
data\splits\genimage_8000_split_v4\test\ai\biggan_00056.png,biggan_00056.png,test,biggan,1,robust,jpeg_q95,"jpeg(Q95,s0)",0.9997654557228088,1
data\splits\genimage_8000_split_v4\test\ai\wukong_00030.png,wukong_00030.png,test,wukong,1,robust,jpeg_q95,"jpeg(Q95,s0)",0.9771540760993958,1
data\splits\genimage_8000_split_v4\test\ai\adm_00045.png,adm_00045.png,test,adm,1,robust,jpeg_q95,"jpeg(Q95,s0)",1.0,1
data\splits\genimage_8000_split_v4\test\ai\vqdm_00069.png,vqdm_00069.png,test,vqdm,1,robust,jpeg_q95,"jpeg(Q95,s0)",0.6970005035400391,1
data\splits\genimage_8000_split_v4\test\ai\sdv5_00013.png,sdv5_00013.png,test,sdv5,1,robust,jpeg_q95,"jpeg(Q95,s0)",0.957522988319397,1
data\splits\genimage_8000_split_v4\test\ai\adm_00058.png,adm_00058.png,test,adm,1,robust,jpeg_q95,"jpeg(Q95,s0)",0.9999821186065674,1
data\splits\genimage_8000_split_v4\test\ai\biggan_00037.png,biggan_00037.png,test,biggan,1,robust,jpeg_q95,"jpeg(Q95,s0)",1.0,1
data\splits\genimage_8000_split_v4\test\ai\vqdm_00039.png,vqdm_00039.png,test,vqdm,1,robust,jpeg_q95,"jpeg(Q95,s0)",0.9999897480010986,1
data\splits\genimage_8000_split_v4\test\ai\sdv5_00034.png,sdv5_00034.png,test,sdv5,1,robust,jpeg_q95,"jpeg(Q95,s0)",0.9996248483657837,1
data\splits\genimage_8000_split_v4\test\ai\glide_00047.png,glide_00047.png,test,glide,1,robust,jpeg_q95,"jpeg(Q95,s0)",0.9270667433738708,1
data\splits\genimage_8000_split_v4\test\ai\biggan_00063.png,biggan_00063.png,test,biggan,1,robust,jpeg_q95,"jpeg(Q95,s0)",1.0,1
data\splits\genimage_8000_split_v4\test\ai\glide_00045.png,glide_00045.png,test,glide,1,robust,jpeg_q95,"jpeg(Q95,s0)",0.999451220035553,1
data\splits\genimage_8000_split_v4\test\ai\wukong_00027.png,wukong_00027.png,test,wukong,1,robust,jpeg_q95,"jpeg(Q95,s0)",0.9994294047355652,1
data\splits\genimage_8000_split_v4\test\ai\vqdm_00027.png,vqdm_00027.png,test,vqdm,1,robust,jpeg_q95,"jpeg(Q95,s0)",0.0634588673710823,0
data\splits\genimage_8000_split_v4\test\ai\glide_00024.png,glide_00024.png,test,glide,1,robust,jpeg_q95,"jpeg(Q95,s0)",0.9999656677246094,1
data\splits\genimage_8000_split_v4\test\ai\wukong_00085.png,wukong_00085.png,test,wukong,1,robust,jpeg_q95,"jpeg(Q95,s0)",0.9909267425537109,1
data\splits\genimage_8000_split_v4\test\ai\glide_00043.png,glide_00043.png,test,glide,1,robust,jpeg_q95,"jpeg(Q95,s0)",0.999969482421875,1
data\splits\genimage_8000_split_v4\test\ai\vqdm_00055.png,vqdm_00055.png,test,vqdm,1,robust,jpeg_q95,"jpeg(Q95,s0)",0.9986661672592163,1
data\splits\genimage_8000_split_v4\test\ai\midjourney_00057.png,midjourney_00057.png,test,midjourney,1,robust,jpeg_q95,"jpeg(Q95,s0)",0.9998501539230347,1
data\splits\genimage_8000_split_v4\test\ai\wukong_00062.png,wukong_00062.png,test,wukong,1,robust,jpeg_q95,"jpeg(Q95,s0)",0.9839825630187988,1
data\splits\genimage_8000_split_v4\test\ai\sdv5_00007.png,sdv5_00007.png,test,sdv5,1,robust,jpeg_q95,"jpeg(Q95,s0)",1.0,1
data\splits\genimage_8000_split_v4\test\ai\biggan_00043.png,biggan_00043.png,test,biggan,1,robust,jpeg_q95,"jpeg(Q95,s0)",0.12152744084596634,0
data\splits\genimage_8000_split_v4\test\ai\adm_00083.png,adm_00083.png,test,adm,1,robust,jpeg_q95,"jpeg(Q95,s0)",1.0,1
data\splits\genimage_8000_split_v4\test\ai\adm_00052.png,adm_00052.png,test,adm,1,robust,jpeg_q95,"jpeg(Q95,s0)",1.0,1
data\splits\genimage_8000_split_v4\test\ai\wukong_00032.png,wukong_00032.png,test,wukong,1,robust,jpeg_q95,"jpeg(Q95,s0)",0.9997441172599792,1
data\splits\genimage_8000_split_v4\test\ai\midjourney_00047.png,midjourney_00047.png,test,midjourney,1,robust,jpeg_q95,"jpeg(Q95,s0)",0.9999998807907104,1
data\splits\genimage_8000_split_v4\test\ai\midjourney_00072.png,midjourney_00072.png,test,midjourney,1,robust,jpeg_q95,"jpeg(Q95,s0)",0.9929311275482178,1
data\splits\genimage_8000_split_v4\test\ai\wukong_00010.png,wukong_00010.png,test,wukong,1,robust,jpeg_q95,"jpeg(Q95,s0)",0.9999905824661255,1
data\splits\genimage_8000_split_v4\test\ai\sdv5_00021.png,sdv5_00021.png,test,sdv5,1,robust,jpeg_q95,"jpeg(Q95,s0)",0.9234270453453064,1
data\splits\genimage_8000_split_v4\test\ai\biggan_00009.png,biggan_00009.png,test,biggan,1,robust,jpeg_q95,"jpeg(Q95,s0)",0.9999992847442627,1
data\splits\genimage_8000_split_v4\test\ai\wukong_00043.png,wukong_00043.png,test,wukong,1,robust,jpeg_q95,"jpeg(Q95,s0)",1.0,1
data\splits\genimage_8000_split_v4\test\ai\vqdm_00034.png,vqdm_00034.png,test,vqdm,1,robust,jpeg_q95,"jpeg(Q95,s0)",0.9999415874481201,1
data\splits\genimage_8000_split_v4\test\ai\biggan_00023.png,biggan_00023.png,test,biggan,1,robust,jpeg_q95,"jpeg(Q95,s0)",0.9934078454971313,1
data\splits\genimage_8000_split_v4\test\ai\glide_00080.png,glide_00080.png,test,glide,1,robust,jpeg_q95,"jpeg(Q95,s0)",0.9882488250732422,1
data\splits\genimage_8000_split_v4\test\ai\midjourney_00008.png,midjourney_00008.png,test,midjourney,1,robust,jpeg_q95,"jpeg(Q95,s0)",0.9453011155128479,1
data\splits\genimage_8000_split_v4\test\ai\biggan_00024.png,biggan_00024.png,test,biggan,1,robust,jpeg_q95,"jpeg(Q95,s0)",1.0,1
data\splits\genimage_8000_split_v4\test\ai\midjourney_00002.png,midjourney_00002.png,test,midjourney,1,robust,jpeg_q95,"jpeg(Q95,s0)",0.9894343018531799,1
data\splits\genimage_8000_split_v4\test\ai\midjourney_00000.png,midjourney_00000.png,test,midjourney,1,robust,jpeg_q95,"jpeg(Q95,s0)",0.9676525592803955,1
data\splits\genimage_8000_split_v4\test\ai\adm_00084.png,adm_00084.png,test,adm,1,robust,jpeg_q95,"jpeg(Q95,s0)",1.0,1
data\splits\genimage_8000_split_v4\test\ai\biggan_00042.png,biggan_00042.png,test,biggan,1,robust,jpeg_q95,"jpeg(Q95,s0)",0.9999994039535522,1
data\splits\genimage_8000_split_v4\test\ai\wukong_00018.png,wukong_00018.png,test,wukong,1,robust,jpeg_q95,"jpeg(Q95,s0)",0.9999940395355225,1
data\splits\genimage_8000_split_v4\test\ai\vqdm_00021.png,vqdm_00021.png,test,vqdm,1,robust,jpeg_q95,"jpeg(Q95,s0)",0.999997615814209,1
data\splits\genimage_8000_split_v4\test\ai\sdv5_00057.png,sdv5_00057.png,test,sdv5,1,robust,jpeg_q95,"jpeg(Q95,s0)",0.9988301396369934,1
data\splits\genimage_8000_split_v4\test\ai\midjourney_00029.png,midjourney_00029.png,test,midjourney,1,robust,jpeg_q95,"jpeg(Q95,s0)",0.6748923659324646,1
data\splits\genimage_8000_split_v4\test\ai\sdv5_00004.png,sdv5_00004.png,test,sdv5,1,robust,jpeg_q95,"jpeg(Q95,s0)",0.9995546936988831,1
data\splits\genimage_8000_split_v4\test\ai\wukong_00063.png,wukong_00063.png,test,wukong,1,robust,jpeg_q95,"jpeg(Q95,s0)",0.5672295689582825,1
data\splits\genimage_8000_split_v4\test\ai\glide_00057.png,glide_00057.png,test,glide,1,robust,jpeg_q95,"jpeg(Q95,s0)",0.9981081485748291,1
data\splits\genimage_8000_split_v4\test\ai\wukong_00074.png,wukong_00074.png,test,wukong,1,robust,jpeg_q95,"jpeg(Q95,s0)",0.15526875853538513,0
data\splits\genimage_8000_split_v4\test\ai\adm_00070.png,adm_00070.png,test,adm,1,robust,jpeg_q95,"jpeg(Q95,s0)",0.9771292805671692,1
data\splits\genimage_8000_split_v4\test\ai\midjourney_00018.png,midjourney_00018.png,test,midjourney,1,robust,jpeg_q95,"jpeg(Q95,s0)",0.9879399538040161,1
data\splits\genimage_8000_split_v4\test\ai\vqdm_00081.png,vqdm_00081.png,test,vqdm,1,robust,jpeg_q95,"jpeg(Q95,s0)",0.38107553124427795,0
data\splits\genimage_8000_split_v4\test\ai\vqdm_00075.png,vqdm_00075.png,test,vqdm,1,robust,jpeg_q95,"jpeg(Q95,s0)",0.7819585204124451,1
data\splits\genimage_8000_split_v4\test\ai\glide_00059.png,glide_00059.png,test,glide,1,robust,jpeg_q95,"jpeg(Q95,s0)",0.999338686466217,1
data\splits\genimage_8000_split_v4\test\ai\vqdm_00002.png,vqdm_00002.png,test,vqdm,1,robust,jpeg_q95,"jpeg(Q95,s0)",0.9834097623825073,1
data\splits\genimage_8000_split_v4\test\ai\biggan_00045.png,biggan_00045.png,test,biggan,1,robust,jpeg_q95,"jpeg(Q95,s0)",1.0,1
data\splits\genimage_8000_split_v4\test\ai\sdv5_00075.png,sdv5_00075.png,test,sdv5,1,robust,jpeg_q95,"jpeg(Q95,s0)",0.9997323155403137,1
data\splits\genimage_8000_split_v4\test\ai\sdv5_00055.png,sdv5_00055.png,test,sdv5,1,robust,jpeg_q95,"jpeg(Q95,s0)",0.027452532202005386,0
data\splits\genimage_8000_split_v4\test\ai\wukong_00013.png,wukong_00013.png,test,wukong,1,robust,jpeg_q95,"jpeg(Q95,s0)",1.0,1
data\splits\genimage_8000_split_v4\test\ai\adm_00068.png,adm_00068.png,test,adm,1,robust,jpeg_q95,"jpeg(Q95,s0)",0.9999992847442627,1
data\splits\genimage_8000_split_v4\test\ai\midjourney_00010.png,midjourney_00010.png,test,midjourney,1,robust,jpeg_q95,"jpeg(Q95,s0)",0.9136062264442444,1
data\splits\genimage_8000_split_v4\test\ai\midjourney_00030.png,midjourney_00030.png,test,midjourney,1,robust,jpeg_q95,"jpeg(Q95,s0)",0.9351908564567566,1
data\splits\genimage_8000_split_v4\test\ai\sdv5_00074.png,sdv5_00074.png,test,sdv5,1,robust,jpeg_q95,"jpeg(Q95,s0)",0.9999998807907104,1
data\splits\genimage_8000_split_v4\test\ai\vqdm_00072.png,vqdm_00072.png,test,vqdm,1,robust,jpeg_q95,"jpeg(Q95,s0)",0.9985811710357666,1
data\splits\genimage_8000_split_v4\test\ai\wukong_00031.png,wukong_00031.png,test,wukong,1,robust,jpeg_q95,"jpeg(Q95,s0)",0.9995946288108826,1
data\splits\genimage_8000_split_v4\test\ai\vqdm_00080.png,vqdm_00080.png,test,vqdm,1,robust,jpeg_q95,"jpeg(Q95,s0)",0.7960559129714966,1
data\splits\genimage_8000_split_v4\test\ai\midjourney_00043.png,midjourney_00043.png,test,midjourney,1,robust,jpeg_q95,"jpeg(Q95,s0)",0.29342421889305115,0
data\splits\genimage_8000_split_v4\test\ai\vqdm_00001.png,vqdm_00001.png,test,vqdm,1,robust,jpeg_q95,"jpeg(Q95,s0)",0.9954808950424194,1
data\splits\genimage_8000_split_v4\test\ai\glide_00021.png,glide_00021.png,test,glide,1,robust,jpeg_q95,"jpeg(Q95,s0)",0.9999998807907104,1
data\splits\genimage_8000_split_v4\test\ai\midjourney_00037.png,midjourney_00037.png,test,midjourney,1,robust,jpeg_q95,"jpeg(Q95,s0)",0.9182759523391724,1
data\splits\genimage_8000_split_v4\test\ai\biggan_00031.png,biggan_00031.png,test,biggan,1,robust,jpeg_q95,"jpeg(Q95,s0)",0.9998332262039185,1
data\splits\genimage_8000_split_v4\test\ai\wukong_00072.png,wukong_00072.png,test,wukong,1,robust,jpeg_q95,"jpeg(Q95,s0)",0.998060405254364,1
data\splits\genimage_8000_split_v4\test\ai\midjourney_00055.png,midjourney_00055.png,test,midjourney,1,robust,jpeg_q95,"jpeg(Q95,s0)",0.9968326687812805,1
data\splits\genimage_8000_split_v4\test\ai\glide_00070.png,glide_00070.png,test,glide,1,robust,jpeg_q95,"jpeg(Q95,s0)",0.9999984502792358,1
data\splits\genimage_8000_split_v4\test\ai\biggan_00057.png,biggan_00057.png,test,biggan,1,robust,jpeg_q95,"jpeg(Q95,s0)",1.0,1
data\splits\genimage_8000_split_v4\test\ai\midjourney_00075.png,midjourney_00075.png,test,midjourney,1,robust,jpeg_q95,"jpeg(Q95,s0)",0.9992857575416565,1
data\splits\genimage_8000_split_v4\test\ai\vqdm_00048.png,vqdm_00048.png,test,vqdm,1,robust,jpeg_q95,"jpeg(Q95,s0)",0.9970550537109375,1
data\splits\genimage_8000_split_v4\test\ai\glide_00034.png,glide_00034.png,test,glide,1,robust,jpeg_q95,"jpeg(Q95,s0)",1.0,1
data\splits\genimage_8000_split_v4\test\ai\sdv5_00078.png,sdv5_00078.png,test,sdv5,1,robust,jpeg_q95,"jpeg(Q95,s0)",0.9993706345558167,1
data\splits\genimage_8000_split_v4\test\ai\midjourney_00062.png,midjourney_00062.png,test,midjourney,1,robust,jpeg_q95,"jpeg(Q95,s0)",0.9985546469688416,1
data\splits\genimage_8000_split_v4\test\ai\adm_00031.png,adm_00031.png,test,adm,1,robust,jpeg_q95,"jpeg(Q95,s0)",0.9869858622550964,1
data\splits\genimage_8000_split_v4\test\ai\midjourney_00026.png,midjourney_00026.png,test,midjourney,1,robust,jpeg_q95,"jpeg(Q95,s0)",0.9988621473312378,1
data\splits\genimage_8000_split_v4\test\ai\vqdm_00000.png,vqdm_00000.png,test,vqdm,1,robust,jpeg_q95,"jpeg(Q95,s0)",0.9373392462730408,1
data\splits\genimage_8000_split_v4\test\ai\adm_00020.png,adm_00020.png,test,adm,1,robust,jpeg_q95,"jpeg(Q95,s0)",1.0,1
data\splits\genimage_8000_split_v4\test\ai\adm_00012.png,adm_00012.png,test,adm,1,robust,jpeg_q95,"jpeg(Q95,s0)",1.0,1
data\splits\genimage_8000_split_v4\test\ai\adm_00030.png,adm_00030.png,test,adm,1,robust,jpeg_q95,"jpeg(Q95,s0)",0.9999998807907104,1
data\splits\genimage_8000_split_v4\test\ai\midjourney_00070.png,midjourney_00070.png,test,midjourney,1,robust,jpeg_q95,"jpeg(Q95,s0)",0.2027529925107956,0
data\splits\genimage_8000_split_v4\test\ai\adm_00041.png,adm_00041.png,test,adm,1,robust,jpeg_q95,"jpeg(Q95,s0)",0.9999881982803345,1
data\splits\genimage_8000_split_v4\test\ai\adm_00078.png,adm_00078.png,test,adm,1,robust,jpeg_q95,"jpeg(Q95,s0)",1.0,1
data\splits\genimage_8000_split_v4\test\ai\wukong_00068.png,wukong_00068.png,test,wukong,1,robust,jpeg_q95,"jpeg(Q95,s0)",0.8504907488822937,1
data\splits\genimage_8000_split_v4\test\ai\biggan_00008.png,biggan_00008.png,test,biggan,1,robust,jpeg_q95,"jpeg(Q95,s0)",0.9355819225311279,1
data\splits\genimage_8000_split_v4\test\ai\adm_00069.png,adm_00069.png,test,adm,1,robust,jpeg_q95,"jpeg(Q95,s0)",1.0,1
data\splits\genimage_8000_split_v4\test\ai\vqdm_00056.png,vqdm_00056.png,test,vqdm,1,robust,jpeg_q95,"jpeg(Q95,s0)",0.9834567904472351,1
data\splits\genimage_8000_split_v4\test\ai\sdv5_00036.png,sdv5_00036.png,test,sdv5,1,robust,jpeg_q95,"jpeg(Q95,s0)",0.9996222257614136,1
data\splits\genimage_8000_split_v4\test\ai\vqdm_00079.png,vqdm_00079.png,test,vqdm,1,robust,jpeg_q95,"jpeg(Q95,s0)",0.9794281125068665,1
data\splits\genimage_8000_split_v4\test\ai\midjourney_00017.png,midjourney_00017.png,test,midjourney,1,robust,jpeg_q95,"jpeg(Q95,s0)",0.9085878133773804,1
data\splits\genimage_8000_split_v4\test\ai\biggan_00033.png,biggan_00033.png,test,biggan,1,robust,jpeg_q95,"jpeg(Q95,s0)",0.9998284578323364,1
data\splits\genimage_8000_split_v4\test\ai\biggan_00018.png,biggan_00018.png,test,biggan,1,robust,jpeg_q95,"jpeg(Q95,s0)",0.9999654293060303,1
data\splits\genimage_8000_split_v4\test\ai\sdv5_00001.png,sdv5_00001.png,test,sdv5,1,robust,jpeg_q95,"jpeg(Q95,s0)",0.9429771900177002,1
data\splits\genimage_8000_split_v4\test\ai\sdv5_00020.png,sdv5_00020.png,test,sdv5,1,robust,jpeg_q95,"jpeg(Q95,s0)",0.9999978542327881,1
data\splits\genimage_8000_split_v4\test\ai\biggan_00048.png,biggan_00048.png,test,biggan,1,robust,jpeg_q95,"jpeg(Q95,s0)",0.9999996423721313,1
data\splits\genimage_8000_split_v4\test\ai\biggan_00058.png,biggan_00058.png,test,biggan,1,robust,jpeg_q95,"jpeg(Q95,s0)",0.9994468092918396,1
data\splits\genimage_8000_split_v4\test\ai\midjourney_00066.png,midjourney_00066.png,test,midjourney,1,robust,jpeg_q95,"jpeg(Q95,s0)",0.014037826098501682,0
data\splits\genimage_8000_split_v4\test\ai\midjourney_00080.png,midjourney_00080.png,test,midjourney,1,robust,jpeg_q95,"jpeg(Q95,s0)",0.9446012377738953,1
data\splits\genimage_8000_split_v4\test\ai\adm_00005.png,adm_00005.png,test,adm,1,robust,jpeg_q95,"jpeg(Q95,s0)",0.9999998807907104,1
data\splits\genimage_8000_split_v4\test\ai\adm_00003.png,adm_00003.png,test,adm,1,robust,jpeg_q95,"jpeg(Q95,s0)",1.0,1
data\splits\genimage_8000_split_v4\test\ai\adm_00024.png,adm_00024.png,test,adm,1,robust,jpeg_q95,"jpeg(Q95,s0)",0.9999990463256836,1
data\splits\genimage_8000_split_v4\test\ai\sdv5_00000.png,sdv5_00000.png,test,sdv5,1,robust,jpeg_q95,"jpeg(Q95,s0)",1.0,1
data\splits\genimage_8000_split_v4\test\ai\biggan_00001.png,biggan_00001.png,test,biggan,1,robust,jpeg_q95,"jpeg(Q95,s0)",1.0,1
data\splits\genimage_8000_split_v4\test\ai\vqdm_00014.png,vqdm_00014.png,test,vqdm,1,robust,jpeg_q95,"jpeg(Q95,s0)",0.9665085673332214,1
data\splits\genimage_8000_split_v4\test\ai\biggan_00028.png,biggan_00028.png,test,biggan,1,robust,jpeg_q95,"jpeg(Q95,s0)",1.0,1
data\splits\genimage_8000_split_v4\test\ai\midjourney_00028.png,midjourney_00028.png,test,midjourney,1,robust,jpeg_q95,"jpeg(Q95,s0)",0.14603152871131897,0
data\splits\genimage_8000_split_v4\test\ai\biggan_00027.png,biggan_00027.png,test,biggan,1,robust,jpeg_q95,"jpeg(Q95,s0)",1.0,1
data\splits\genimage_8000_split_v4\test\ai\sdv5_00049.png,sdv5_00049.png,test,sdv5,1,robust,jpeg_q95,"jpeg(Q95,s0)",0.9999804496765137,1
data\splits\genimage_8000_split_v4\test\ai\vqdm_00029.png,vqdm_00029.png,test,vqdm,1,robust,jpeg_q95,"jpeg(Q95,s0)",0.9999849796295166,1
data\splits\genimage_8000_split_v4\test\ai\adm_00035.png,adm_00035.png,test,adm,1,robust,jpeg_q95,"jpeg(Q95,s0)",1.0,1
data\splits\genimage_8000_split_v4\test\ai\adm_00011.png,adm_00011.png,test,adm,1,robust,jpeg_q95,"jpeg(Q95,s0)",1.0,1
data\splits\genimage_8000_split_v4\test\ai\biggan_00078.png,biggan_00078.png,test,biggan,1,robust,jpeg_q95,"jpeg(Q95,s0)",0.9975003600120544,1
data\splits\genimage_8000_split_v4\test\ai\midjourney_00013.png,midjourney_00013.png,test,midjourney,1,robust,jpeg_q95,"jpeg(Q95,s0)",0.9898028373718262,1
data\splits\genimage_8000_split_v4\test\ai\sdv5_00067.png,sdv5_00067.png,test,sdv5,1,robust,jpeg_q95,"jpeg(Q95,s0)",0.898791491985321,1
data\splits\genimage_8000_split_v4\test\ai\biggan_00006.png,biggan_00006.png,test,biggan,1,robust,jpeg_q95,"jpeg(Q95,s0)",0.9845842719078064,1
data\splits\genimage_8000_split_v4\test\ai\vqdm_00078.png,vqdm_00078.png,test,vqdm,1,robust,jpeg_q95,"jpeg(Q95,s0)",0.5764746069908142,1
data\splits\genimage_8000_split_v4\test\ai\glide_00049.png,glide_00049.png,test,glide,1,robust,jpeg_q95,"jpeg(Q95,s0)",0.8536904454231262,1
data\splits\genimage_8000_split_v4\test\ai\midjourney_00050.png,midjourney_00050.png,test,midjourney,1,robust,jpeg_q95,"jpeg(Q95,s0)",0.9999371767044067,1
data\splits\genimage_8000_split_v4\test\ai\glide_00017.png,glide_00017.png,test,glide,1,robust,jpeg_q95,"jpeg(Q95,s0)",0.9999995231628418,1
data\splits\genimage_8000_split_v4\test\ai\wukong_00008.png,wukong_00008.png,test,wukong,1,robust,jpeg_q95,"jpeg(Q95,s0)",0.9999845027923584,1
data\splits\genimage_8000_split_v4\test\ai\sdv5_00014.png,sdv5_00014.png,test,sdv5,1,robust,jpeg_q95,"jpeg(Q95,s0)",0.9796018600463867,1
data\splits\genimage_8000_split_v4\test\ai\biggan_00052.png,biggan_00052.png,test,biggan,1,robust,jpeg_q95,"jpeg(Q95,s0)",0.9578930735588074,1
data\splits\genimage_8000_split_v4\test\ai\wukong_00059.png,wukong_00059.png,test,wukong,1,robust,jpeg_q95,"jpeg(Q95,s0)",0.9993957281112671,1
data\splits\genimage_8000_split_v4\test\ai\glide_00078.png,glide_00078.png,test,glide,1,robust,jpeg_q95,"jpeg(Q95,s0)",0.9998701810836792,1
data\splits\genimage_8000_split_v4\test\ai\adm_00034.png,adm_00034.png,test,adm,1,robust,jpeg_q95,"jpeg(Q95,s0)",1.0,1
data\splits\genimage_8000_split_v4\test\ai\wukong_00006.png,wukong_00006.png,test,wukong,1,robust,jpeg_q95,"jpeg(Q95,s0)",0.9999792575836182,1
data\splits\genimage_8000_split_v4\test\ai\biggan_00046.png,biggan_00046.png,test,biggan,1,robust,jpeg_q95,"jpeg(Q95,s0)",1.0,1
data\splits\genimage_8000_split_v4\test\ai\wukong_00073.png,wukong_00073.png,test,wukong,1,robust,jpeg_q95,"jpeg(Q95,s0)",0.9916887879371643,1
data\splits\genimage_8000_split_v4\test\ai\midjourney_00046.png,midjourney_00046.png,test,midjourney,1,robust,jpeg_q95,"jpeg(Q95,s0)",0.978205144405365,1
data\splits\genimage_8000_split_v4\test\ai\glide_00068.png,glide_00068.png,test,glide,1,robust,jpeg_q95,"jpeg(Q95,s0)",0.9790560603141785,1
data\splits\genimage_8000_split_v4\test\ai\midjourney_00058.png,midjourney_00058.png,test,midjourney,1,robust,jpeg_q95,"jpeg(Q95,s0)",0.8460559248924255,1
data\splits\genimage_8000_split_v4\test\ai\glide_00001.png,glide_00001.png,test,glide,1,robust,jpeg_q95,"jpeg(Q95,s0)",0.9999881982803345,1
data\splits\genimage_8000_split_v4\test\ai\glide_00041.png,glide_00041.png,test,glide,1,robust,jpeg_q95,"jpeg(Q95,s0)",1.0,1
data\splits\genimage_8000_split_v4\test\ai\glide_00014.png,glide_00014.png,test,glide,1,robust,jpeg_q95,"jpeg(Q95,s0)",0.7905763387680054,1
data\splits\genimage_8000_split_v4\test\ai\adm_00013.png,adm_00013.png,test,adm,1,robust,jpeg_q95,"jpeg(Q95,s0)",0.9982218146324158,1
data\splits\genimage_8000_split_v4\test\ai\glide_00063.png,glide_00063.png,test,glide,1,robust,jpeg_q95,"jpeg(Q95,s0)",0.9909268617630005,1
data\splits\genimage_8000_split_v4\test\ai\wukong_00045.png,wukong_00045.png,test,wukong,1,robust,jpeg_q95,"jpeg(Q95,s0)",0.9985536932945251,1
data\splits\genimage_8000_split_v4\test\ai\biggan_00079.png,biggan_00079.png,test,biggan,1,robust,jpeg_q95,"jpeg(Q95,s0)",0.9999998807907104,1
data\splits\genimage_8000_split_v4\test\ai\adm_00002.png,adm_00002.png,test,adm,1,robust,jpeg_q95,"jpeg(Q95,s0)",1.0,1
data\splits\genimage_8000_split_v4\test\ai\midjourney_00041.png,midjourney_00041.png,test,midjourney,1,robust,jpeg_q95,"jpeg(Q95,s0)",0.3805272877216339,0
data\splits\genimage_8000_split_v4\test\ai\vqdm_00044.png,vqdm_00044.png,test,vqdm,1,robust,jpeg_q95,"jpeg(Q95,s0)",0.9022887945175171,1
data\splits\genimage_8000_split_v4\test\ai\adm_00043.png,adm_00043.png,test,adm,1,robust,jpeg_q95,"jpeg(Q95,s0)",0.999967098236084,1
data\splits\genimage_8000_split_v4\test\ai\sdv5_00017.png,sdv5_00017.png,test,sdv5,1,robust,jpeg_q95,"jpeg(Q95,s0)",0.9656662940979004,1
data\splits\genimage_8000_split_v4\test\ai\vqdm_00052.png,vqdm_00052.png,test,vqdm,1,robust,jpeg_q95,"jpeg(Q95,s0)",0.8972300291061401,1
data\splits\genimage_8000_split_v4\test\ai\adm_00036.png,adm_00036.png,test,adm,1,robust,jpeg_q95,"jpeg(Q95,s0)",0.9999911785125732,1
data\splits\genimage_8000_split_v4\test\ai\biggan_00083.png,biggan_00083.png,test,biggan,1,robust,jpeg_q95,"jpeg(Q95,s0)",0.9999966621398926,1
data\splits\genimage_8000_split_v4\test\ai\glide_00020.png,glide_00020.png,test,glide,1,robust,jpeg_q95,"jpeg(Q95,s0)",1.0,1
data\splits\genimage_8000_split_v4\test\ai\midjourney_00054.png,midjourney_00054.png,test,midjourney,1,robust,jpeg_q95,"jpeg(Q95,s0)",0.041966382414102554,0
data\splits\genimage_8000_split_v4\test\ai\adm_00032.png,adm_00032.png,test,adm,1,robust,jpeg_q95,"jpeg(Q95,s0)",0.9999896287918091,1
data\splits\genimage_8000_split_v4\test\ai\glide_00058.png,glide_00058.png,test,glide,1,robust,jpeg_q95,"jpeg(Q95,s0)",0.9999666213989258,1
data\splits\genimage_8000_split_v4\test\ai\vqdm_00008.png,vqdm_00008.png,test,vqdm,1,robust,jpeg_q95,"jpeg(Q95,s0)",0.7473559975624084,1
data\splits\genimage_8000_split_v4\test\ai\adm_00026.png,adm_00026.png,test,adm,1,robust,jpeg_q95,"jpeg(Q95,s0)",1.0,1
data\splits\genimage_8000_split_v4\test\ai\midjourney_00082.png,midjourney_00082.png,test,midjourney,1,robust,jpeg_q95,"jpeg(Q95,s0)",0.9967875480651855,1
data\splits\genimage_8000_split_v4\test\ai\wukong_00012.png,wukong_00012.png,test,wukong,1,robust,jpeg_q95,"jpeg(Q95,s0)",0.9835327863693237,1
data\splits\genimage_8000_split_v4\test\ai\glide_00048.png,glide_00048.png,test,glide,1,robust,jpeg_q95,"jpeg(Q95,s0)",0.9743990302085876,1
data\splits\genimage_8000_split_v4\test\ai\midjourney_00033.png,midjourney_00033.png,test,midjourney,1,robust,jpeg_q95,"jpeg(Q95,s0)",0.9995150566101074,1
data\splits\genimage_8000_split_v4\test\ai\vqdm_00060.png,vqdm_00060.png,test,vqdm,1,robust,jpeg_q95,"jpeg(Q95,s0)",0.9904662370681763,1
data\splits\genimage_8000_split_v4\test\ai\wukong_00052.png,wukong_00052.png,test,wukong,1,robust,jpeg_q95,"jpeg(Q95,s0)",1.0,1
data\splits\genimage_8000_split_v4\test\ai\adm_00021.png,adm_00021.png,test,adm,1,robust,jpeg_q95,"jpeg(Q95,s0)",0.9999998807907104,1
data\splits\genimage_8000_split_v4\test\ai\wukong_00042.png,wukong_00042.png,test,wukong,1,robust,jpeg_q95,"jpeg(Q95,s0)",0.994428277015686,1
data\splits\genimage_8000_split_v4\test\ai\vqdm_00071.png,vqdm_00071.png,test,vqdm,1,robust,jpeg_q95,"jpeg(Q95,s0)",0.9998965263366699,1
data\splits\genimage_8000_split_v4\test\ai\glide_00026.png,glide_00026.png,test,glide,1,robust,jpeg_q95,"jpeg(Q95,s0)",1.0,1
data\splits\genimage_8000_split_v4\test\ai\biggan_00019.png,biggan_00019.png,test,biggan,1,robust,jpeg_q95,"jpeg(Q95,s0)",0.9999818801879883,1
data\splits\genimage_8000_split_v4\test\ai\glide_00051.png,glide_00051.png,test,glide,1,robust,jpeg_q95,"jpeg(Q95,s0)",0.9804501533508301,1
data\splits\genimage_8000_split_v4\test\ai\adm_00056.png,adm_00056.png,test,adm,1,robust,jpeg_q95,"jpeg(Q95,s0)",0.9999998807907104,1
data\splits\genimage_8000_split_v4\test\ai\glide_00012.png,glide_00012.png,test,glide,1,robust,jpeg_q95,"jpeg(Q95,s0)",1.0,1
data\splits\genimage_8000_split_v4\test\ai\adm_00017.png,adm_00017.png,test,adm,1,robust,jpeg_q95,"jpeg(Q95,s0)",0.9883809089660645,1
data\splits\genimage_8000_split_v4\test\ai\wukong_00020.png,wukong_00020.png,test,wukong,1,robust,jpeg_q95,"jpeg(Q95,s0)",1.0,1
data\splits\genimage_8000_split_v4\test\ai\sdv5_00069.png,sdv5_00069.png,test,sdv5,1,robust,jpeg_q95,"jpeg(Q95,s0)",0.9820323586463928,1
data\splits\genimage_8000_split_v4\test\ai\vqdm_00064.png,vqdm_00064.png,test,vqdm,1,robust,jpeg_q95,"jpeg(Q95,s0)",0.9999673366546631,1
data\splits\genimage_8000_split_v4\test\ai\wukong_00050.png,wukong_00050.png,test,wukong,1,robust,jpeg_q95,"jpeg(Q95,s0)",0.999983549118042,1
data\splits\genimage_8000_split_v4\test\ai\glide_00032.png,glide_00032.png,test,glide,1,robust,jpeg_q95,"jpeg(Q95,s0)",0.9505774974822998,1
data\splits\genimage_8000_split_v4\test\ai\glide_00040.png,glide_00040.png,test,glide,1,robust,jpeg_q95,"jpeg(Q95,s0)",0.956599235534668,1
data\splits\genimage_8000_split_v4\test\ai\glide_00064.png,glide_00064.png,test,glide,1,robust,jpeg_q95,"jpeg(Q95,s0)",0.3128441274166107,0
data\splits\genimage_8000_split_v4\test\ai\adm_00016.png,adm_00016.png,test,adm,1,robust,jpeg_q95,"jpeg(Q95,s0)",0.9999985694885254,1
data\splits\genimage_8000_split_v4\test\ai\biggan_00066.png,biggan_00066.png,test,biggan,1,robust,jpeg_q95,"jpeg(Q95,s0)",1.0,1
data\splits\genimage_8000_split_v4\test\ai\vqdm_00013.png,vqdm_00013.png,test,vqdm,1,robust,jpeg_q95,"jpeg(Q95,s0)",0.14126555621623993,0
data\splits\genimage_8000_split_v4\test\ai\sdv5_00024.png,sdv5_00024.png,test,sdv5,1,robust,jpeg_q95,"jpeg(Q95,s0)",0.9926530122756958,1
data\splits\genimage_8000_split_v4\test\ai\sdv5_00030.png,sdv5_00030.png,test,sdv5,1,robust,jpeg_q95,"jpeg(Q95,s0)",0.9997593760490417,1
data\splits\genimage_8000_split_v4\test\ai\wukong_00051.png,wukong_00051.png,test,wukong,1,robust,jpeg_q95,"jpeg(Q95,s0)",0.9999998807907104,1
data\splits\genimage_8000_split_v4\test\ai\sdv5_00077.png,sdv5_00077.png,test,sdv5,1,robust,jpeg_q95,"jpeg(Q95,s0)",1.0,1
data\splits\genimage_8000_split_v4\test\ai\biggan_00013.png,biggan_00013.png,test,biggan,1,robust,jpeg_q95,"jpeg(Q95,s0)",1.0,1
data\splits\genimage_8000_split_v4\test\ai\wukong_00064.png,wukong_00064.png,test,wukong,1,robust,jpeg_q95,"jpeg(Q95,s0)",0.9999984502792358,1
data\splits\genimage_8000_split_v4\test\ai\vqdm_00025.png,vqdm_00025.png,test,vqdm,1,robust,jpeg_q95,"jpeg(Q95,s0)",0.9898660778999329,1
data\splits\genimage_8000_split_v4\test\ai\glide_00002.png,glide_00002.png,test,glide,1,robust,jpeg_q95,"jpeg(Q95,s0)",1.0,1
data\splits\genimage_8000_split_v4\test\ai\midjourney_00079.png,midjourney_00079.png,test,midjourney,1,robust,jpeg_q95,"jpeg(Q95,s0)",0.9847619533538818,1
data\splits\genimage_8000_split_v4\test\ai\wukong_00039.png,wukong_00039.png,test,wukong,1,robust,jpeg_q95,"jpeg(Q95,s0)",0.8880866169929504,1
data\splits\genimage_8000_split_v4\test\ai\vqdm_00020.png,vqdm_00020.png,test,vqdm,1,robust,jpeg_q95,"jpeg(Q95,s0)",0.9999070167541504,1
data\splits\genimage_8000_split_v4\test\ai\sdv5_00032.png,sdv5_00032.png,test,sdv5,1,robust,jpeg_q95,"jpeg(Q95,s0)",0.9998224377632141,1
data\splits\genimage_8000_split_v4\test\ai\sdv5_00003.png,sdv5_00003.png,test,sdv5,1,robust,jpeg_q95,"jpeg(Q95,s0)",0.726627767086029,1
data\splits\genimage_8000_split_v4\test\ai\wukong_00078.png,wukong_00078.png,test,wukong,1,robust,jpeg_q95,"jpeg(Q95,s0)",0.9999992847442627,1
data\splits\genimage_8000_split_v4\test\ai\wukong_00065.png,wukong_00065.png,test,wukong,1,robust,jpeg_q95,"jpeg(Q95,s0)",0.999889612197876,1
data\splits\genimage_8000_split_v4\test\ai\biggan_00014.png,biggan_00014.png,test,biggan,1,robust,jpeg_q95,"jpeg(Q95,s0)",0.9066885113716125,1
data\splits\genimage_8000_split_v4\test\ai\adm_00006.png,adm_00006.png,test,adm,1,robust,jpeg_q95,"jpeg(Q95,s0)",1.0,1
data\splits\genimage_8000_split_v4\test\ai\wukong_00056.png,wukong_00056.png,test,wukong,1,robust,jpeg_q95,"jpeg(Q95,s0)",0.9997939467430115,1
data\splits\genimage_8000_split_v4\test\ai\biggan_00005.png,biggan_00005.png,test,biggan,1,robust,jpeg_q95,"jpeg(Q95,s0)",0.9999366998672485,1
data\splits\genimage_8000_split_v4\test\ai\wukong_00002.png,wukong_00002.png,test,wukong,1,robust,jpeg_q95,"jpeg(Q95,s0)",0.9953180551528931,1
data\splits\genimage_8000_split_v4\test\ai\wukong_00055.png,wukong_00055.png,test,wukong,1,robust,jpeg_q95,"jpeg(Q95,s0)",0.9846082329750061,1
data\splits\genimage_8000_split_v4\test\ai\sdv5_00016.png,sdv5_00016.png,test,sdv5,1,robust,jpeg_q95,"jpeg(Q95,s0)",0.9908485412597656,1
data\splits\genimage_8000_split_v4\test\ai\biggan_00065.png,biggan_00065.png,test,biggan,1,robust,jpeg_q95,"jpeg(Q95,s0)",0.5527982711791992,1
data\splits\genimage_8000_split_v4\test\ai\vqdm_00019.png,vqdm_00019.png,test,vqdm,1,robust,jpeg_q95,"jpeg(Q95,s0)",0.1878284066915512,0
data\splits\genimage_8000_split_v4\test\ai\adm_00038.png,adm_00038.png,test,adm,1,robust,jpeg_q95,"jpeg(Q95,s0)",0.9999985694885254,1
data\splits\genimage_8000_split_v4\test\ai\sdv5_00044.png,sdv5_00044.png,test,sdv5,1,robust,jpeg_q95,"jpeg(Q95,s0)",0.7478065490722656,1
data\splits\genimage_8000_split_v4\test\ai\midjourney_00084.png,midjourney_00084.png,test,midjourney,1,robust,jpeg_q95,"jpeg(Q95,s0)",1.0,1
data\splits\genimage_8000_split_v4\test\ai\midjourney_00025.png,midjourney_00025.png,test,midjourney,1,robust,jpeg_q95,"jpeg(Q95,s0)",0.06627648323774338,0
data\splits\genimage_8000_split_v4\test\ai\biggan_00061.png,biggan_00061.png,test,biggan,1,robust,jpeg_q95,"jpeg(Q95,s0)",0.9811914563179016,1
data\splits\genimage_8000_split_v4\test\ai\sdv5_00071.png,sdv5_00071.png,test,sdv5,1,robust,jpeg_q95,"jpeg(Q95,s0)",1.0,1
data\splits\genimage_8000_split_v4\test\ai\biggan_00074.png,biggan_00074.png,test,biggan,1,robust,jpeg_q95,"jpeg(Q95,s0)",0.9985631108283997,1
data\splits\genimage_8000_split_v4\test\ai\vqdm_00077.png,vqdm_00077.png,test,vqdm,1,robust,jpeg_q95,"jpeg(Q95,s0)",0.4221895933151245,0
data\splits\genimage_8000_split_v4\test\ai\midjourney_00001.png,midjourney_00001.png,test,midjourney,1,robust,jpeg_q95,"jpeg(Q95,s0)",0.9999951124191284,1
data\splits\genimage_8000_split_v4\test\ai\biggan_00069.png,biggan_00069.png,test,biggan,1,robust,jpeg_q95,"jpeg(Q95,s0)",0.825504720211029,1
data\splits\genimage_8000_split_v4\test\ai\glide_00005.png,glide_00005.png,test,glide,1,robust,jpeg_q95,"jpeg(Q95,s0)",0.9995232820510864,1
data\splits\genimage_8000_split_v4\test\ai\sdv5_00015.png,sdv5_00015.png,test,sdv5,1,robust,jpeg_q95,"jpeg(Q95,s0)",0.9997345805168152,1
data\splits\genimage_8000_split_v4\test\ai\vqdm_00012.png,vqdm_00012.png,test,vqdm,1,robust,jpeg_q95,"jpeg(Q95,s0)",0.9998639822006226,1
data\splits\genimage_8000_split_v4\test\ai\wukong_00077.png,wukong_00077.png,test,wukong,1,robust,jpeg_q95,"jpeg(Q95,s0)",0.4269574284553528,0
data\splits\genimage_8000_split_v4\test\ai\midjourney_00023.png,midjourney_00023.png,test,midjourney,1,robust,jpeg_q95,"jpeg(Q95,s0)",0.24799641966819763,0
data\splits\genimage_8000_split_v4\test\ai\sdv5_00045.png,sdv5_00045.png,test,sdv5,1,robust,jpeg_q95,"jpeg(Q95,s0)",0.9621344804763794,1
data\splits\genimage_8000_split_v4\test\ai\adm_00033.png,adm_00033.png,test,adm,1,robust,jpeg_q95,"jpeg(Q95,s0)",0.9999967813491821,1
data\splits\genimage_8000_split_v4\test\ai\wukong_00083.png,wukong_00083.png,test,wukong,1,robust,jpeg_q95,"jpeg(Q95,s0)",0.9588984847068787,1
data\splits\genimage_8000_split_v4\test\ai\biggan_00034.png,biggan_00034.png,test,biggan,1,robust,jpeg_q95,"jpeg(Q95,s0)",1.0,1
data\splits\genimage_8000_split_v4\test\ai\biggan_00070.png,biggan_00070.png,test,biggan,1,robust,jpeg_q95,"jpeg(Q95,s0)",0.983613133430481,1
data\splits\genimage_8000_split_v4\test\ai\biggan_00076.png,biggan_00076.png,test,biggan,1,robust,jpeg_q95,"jpeg(Q95,s0)",0.9936487078666687,1
data\splits\genimage_8000_split_v4\test\ai\midjourney_00067.png,midjourney_00067.png,test,midjourney,1,robust,jpeg_q95,"jpeg(Q95,s0)",0.2492057830095291,0
data\splits\genimage_8000_split_v4\test\ai\biggan_00062.png,biggan_00062.png,test,biggan,1,robust,jpeg_q95,"jpeg(Q95,s0)",1.0,1
data\splits\genimage_8000_split_v4\test\ai\midjourney_00027.png,midjourney_00027.png,test,midjourney,1,robust,jpeg_q95,"jpeg(Q95,s0)",0.9987492561340332,1
data\splits\genimage_8000_split_v4\test\ai\biggan_00077.png,biggan_00077.png,test,biggan,1,robust,jpeg_q95,"jpeg(Q95,s0)",0.9179738163948059,1
data\splits\genimage_8000_split_v4\test\ai\wukong_00053.png,wukong_00053.png,test,wukong,1,robust,jpeg_q95,"jpeg(Q95,s0)",1.0,1
data\splits\genimage_8000_split_v4\test\ai\sdv5_00080.png,sdv5_00080.png,test,sdv5,1,robust,jpeg_q95,"jpeg(Q95,s0)",1.0,1
data\splits\genimage_8000_split_v4\test\ai\glide_00035.png,glide_00035.png,test,glide,1,robust,jpeg_q95,"jpeg(Q95,s0)",0.1740737408399582,0
data\splits\genimage_8000_split_v4\test\ai\adm_00022.png,adm_00022.png,test,adm,1,robust,jpeg_q95,"jpeg(Q95,s0)",0.9999998807907104,1
data\splits\genimage_8000_split_v4\test\ai\vqdm_00070.png,vqdm_00070.png,test,vqdm,1,robust,jpeg_q95,"jpeg(Q95,s0)",0.9138706922531128,1
data\splits\genimage_8000_split_v4\test\ai\wukong_00019.png,wukong_00019.png,test,wukong,1,robust,jpeg_q95,"jpeg(Q95,s0)",0.9892828464508057,1
data\splits\genimage_8000_split_v4\test\ai\glide_00036.png,glide_00036.png,test,glide,1,robust,jpeg_q95,"jpeg(Q95,s0)",0.7423220872879028,1
data\splits\genimage_8000_split_v4\test\ai\adm_00054.png,adm_00054.png,test,adm,1,robust,jpeg_q95,"jpeg(Q95,s0)",1.0,1
data\splits\genimage_8000_split_v4\test\ai\glide_00060.png,glide_00060.png,test,glide,1,robust,jpeg_q95,"jpeg(Q95,s0)",0.9996159076690674,1
data\splits\genimage_8000_split_v4\test\ai\adm_00061.png,adm_00061.png,test,adm,1,robust,jpeg_q95,"jpeg(Q95,s0)",0.9999990463256836,1
data\splits\genimage_8000_split_v4\test\ai\vqdm_00028.png,vqdm_00028.png,test,vqdm,1,robust,jpeg_q95,"jpeg(Q95,s0)",0.5627062916755676,1
data\splits\genimage_8000_split_v4\test\ai\vqdm_00026.png,vqdm_00026.png,test,vqdm,1,robust,jpeg_q95,"jpeg(Q95,s0)",0.3612805902957916,0
data\splits\genimage_8000_split_v4\test\ai\vqdm_00054.png,vqdm_00054.png,test,vqdm,1,robust,jpeg_q95,"jpeg(Q95,s0)",0.23149484395980835,0
data\splits\genimage_8000_split_v4\test\ai\biggan_00021.png,biggan_00021.png,test,biggan,1,robust,jpeg_q95,"jpeg(Q95,s0)",0.9828929305076599,1
data\splits\genimage_8000_split_v4\test\ai\vqdm_00005.png,vqdm_00005.png,test,vqdm,1,robust,jpeg_q95,"jpeg(Q95,s0)",0.9999938011169434,1
data\splits\genimage_8000_split_v4\test\ai\glide_00055.png,glide_00055.png,test,glide,1,robust,jpeg_q95,"jpeg(Q95,s0)",0.9964350461959839,1
data\splits\genimage_8000_split_v4\test\ai\biggan_00075.png,biggan_00075.png,test,biggan,1,robust,jpeg_q95,"jpeg(Q95,s0)",0.04208111763000488,0
data\splits\genimage_8000_split_v4\test\ai\wukong_00046.png,wukong_00046.png,test,wukong,1,robust,jpeg_q95,"jpeg(Q95,s0)",1.0,1
data\splits\genimage_8000_split_v4\test\ai\wukong_00084.png,wukong_00084.png,test,wukong,1,robust,jpeg_q95,"jpeg(Q95,s0)",0.9408605098724365,1
data\splits\genimage_8000_split_v4\test\ai\wukong_00025.png,wukong_00025.png,test,wukong,1,robust,jpeg_q95,"jpeg(Q95,s0)",0.9993237257003784,1
data\splits\genimage_8000_split_v4\test\ai\vqdm_00009.png,vqdm_00009.png,test,vqdm,1,robust,jpeg_q95,"jpeg(Q95,s0)",0.999995231628418,1
data\splits\genimage_8000_split_v4\test\ai\glide_00019.png,glide_00019.png,test,glide,1,robust,jpeg_q95,"jpeg(Q95,s0)",1.0,1
data\splits\genimage_8000_split_v4\test\ai\biggan_00040.png,biggan_00040.png,test,biggan,1,robust,jpeg_q95,"jpeg(Q95,s0)",0.9999673366546631,1
data\splits\genimage_8000_split_v4\test\ai\vqdm_00007.png,vqdm_00007.png,test,vqdm,1,robust,jpeg_q95,"jpeg(Q95,s0)",0.9994833469390869,1
data\splits\genimage_8000_split_v4\test\ai\vqdm_00076.png,vqdm_00076.png,test,vqdm,1,robust,jpeg_q95,"jpeg(Q95,s0)",0.608069658279419,1
data\splits\genimage_8000_split_v4\test\ai\glide_00066.png,glide_00066.png,test,glide,1,robust,jpeg_q95,"jpeg(Q95,s0)",0.006875775288790464,0
data\splits\genimage_8000_split_v4\test\ai\biggan_00073.png,biggan_00073.png,test,biggan,1,robust,jpeg_q95,"jpeg(Q95,s0)",0.9999986886978149,1
data\splits\genimage_8000_split_v4\test\ai\glide_00072.png,glide_00072.png,test,glide,1,robust,jpeg_q95,"jpeg(Q95,s0)",0.9999998807907104,1
data\splits\genimage_8000_split_v4\test\ai\midjourney_00038.png,midjourney_00038.png,test,midjourney,1,robust,jpeg_q95,"jpeg(Q95,s0)",1.0,1
data\splits\genimage_8000_split_v4\test\ai\vqdm_00016.png,vqdm_00016.png,test,vqdm,1,robust,jpeg_q95,"jpeg(Q95,s0)",6.976580424478129e-10,0
data\splits\genimage_8000_split_v4\test\ai\glide_00006.png,glide_00006.png,test,glide,1,robust,jpeg_q95,"jpeg(Q95,s0)",0.9975615739822388,1
data\splits\genimage_8000_split_v4\test\ai\glide_00065.png,glide_00065.png,test,glide,1,robust,jpeg_q95,"jpeg(Q95,s0)",0.9911413192749023,1
data\splits\genimage_8000_split_v4\test\ai\adm_00055.png,adm_00055.png,test,adm,1,robust,jpeg_q95,"jpeg(Q95,s0)",0.9999780654907227,1
data\splits\genimage_8000_split_v4\test\ai\midjourney_00073.png,midjourney_00073.png,test,midjourney,1,robust,jpeg_q95,"jpeg(Q95,s0)",0.7713712453842163,1
data\splits\genimage_8000_split_v4\test\ai\midjourney_00020.png,midjourney_00020.png,test,midjourney,1,robust,jpeg_q95,"jpeg(Q95,s0)",0.12233561277389526,0
data\splits\genimage_8000_split_v4\test\ai\sdv5_00012.png,sdv5_00012.png,test,sdv5,1,robust,jpeg_q95,"jpeg(Q95,s0)",1.0,1
data\splits\genimage_8000_split_v4\test\ai\wukong_00028.png,wukong_00028.png,test,wukong,1,robust,jpeg_q95,"jpeg(Q95,s0)",0.9857071042060852,1
data\splits\genimage_8000_split_v4\test\ai\midjourney_00056.png,midjourney_00056.png,test,midjourney,1,robust,jpeg_q95,"jpeg(Q95,s0)",0.9998158812522888,1
data\splits\genimage_8000_split_v4\test\ai\vqdm_00067.png,vqdm_00067.png,test,vqdm,1,robust,jpeg_q95,"jpeg(Q95,s0)",0.00022724043810740113,0
data\splits\genimage_8000_split_v4\test\ai\adm_00037.png,adm_00037.png,test,adm,1,robust,jpeg_q95,"jpeg(Q95,s0)",1.0,1
data\splits\genimage_8000_split_v4\test\ai\adm_00064.png,adm_00064.png,test,adm,1,robust,jpeg_q95,"jpeg(Q95,s0)",0.9999992847442627,1
data\splits\genimage_8000_split_v4\test\ai\vqdm_00084.png,vqdm_00084.png,test,vqdm,1,robust,jpeg_q95,"jpeg(Q95,s0)",0.9999794960021973,1
data\splits\genimage_8000_split_v4\test\ai\sdv5_00052.png,sdv5_00052.png,test,sdv5,1,robust,jpeg_q95,"jpeg(Q95,s0)",1.0,1
data\splits\genimage_8000_split_v4\test\ai\biggan_00035.png,biggan_00035.png,test,biggan,1,robust,jpeg_q95,"jpeg(Q95,s0)",0.9997003078460693,1
data\splits\genimage_8000_split_v4\test\ai\vqdm_00043.png,vqdm_00043.png,test,vqdm,1,robust,jpeg_q95,"jpeg(Q95,s0)",0.7608752846717834,1
data\splits\genimage_8000_split_v4\test\ai\adm_00028.png,adm_00028.png,test,adm,1,robust,jpeg_q95,"jpeg(Q95,s0)",1.0,1
data\splits\genimage_8000_split_v4\test\ai\glide_00027.png,glide_00027.png,test,glide,1,robust,jpeg_q95,"jpeg(Q95,s0)",0.9838901162147522,1
data\splits\genimage_8000_split_v4\test\ai\sdv5_00042.png,sdv5_00042.png,test,sdv5,1,robust,jpeg_q95,"jpeg(Q95,s0)",1.0,1
data\splits\genimage_8000_split_v4\test\ai\glide_00084.png,glide_00084.png,test,glide,1,robust,jpeg_q95,"jpeg(Q95,s0)",0.9999998807907104,1
data\splits\genimage_8000_split_v4\test\ai\sdv5_00025.png,sdv5_00025.png,test,sdv5,1,robust,jpeg_q95,"jpeg(Q95,s0)",0.9998422861099243,1
data\splits\genimage_8000_split_v4\test\ai\adm_00009.png,adm_00009.png,test,adm,1,robust,jpeg_q95,"jpeg(Q95,s0)",0.9999533891677856,1
data\splits\genimage_8000_split_v4\test\ai\sdv5_00031.png,sdv5_00031.png,test,sdv5,1,robust,jpeg_q95,"jpeg(Q95,s0)",0.9999412298202515,1
data\splits\genimage_8000_split_v4\test\ai\wukong_00000.png,wukong_00000.png,test,wukong,1,robust,jpeg_q95,"jpeg(Q95,s0)",0.8809206485748291,1
data\splits\genimage_8000_split_v4\test\ai\wukong_00069.png,wukong_00069.png,test,wukong,1,robust,jpeg_q95,"jpeg(Q95,s0)",0.9975312948226929,1
data\splits\genimage_8000_split_v4\test\ai\biggan_00015.png,biggan_00015.png,test,biggan,1,robust,jpeg_q95,"jpeg(Q95,s0)",0.9999954700469971,1
data\splits\genimage_8000_split_v4\test\ai\glide_00062.png,glide_00062.png,test,glide,1,robust,jpeg_q95,"jpeg(Q95,s0)",0.9999600648880005,1
data\splits\genimage_8000_split_v4\test\ai\adm_00076.png,adm_00076.png,test,adm,1,robust,jpeg_q95,"jpeg(Q95,s0)",1.0,1
data\splits\genimage_8000_split_v4\test\ai\vqdm_00015.png,vqdm_00015.png,test,vqdm,1,robust,jpeg_q95,"jpeg(Q95,s0)",0.9999558925628662,1
data\splits\genimage_8000_split_v4\test\ai\sdv5_00079.png,sdv5_00079.png,test,sdv5,1,robust,jpeg_q95,"jpeg(Q95,s0)",0.9999905824661255,1
data\splits\genimage_8000_split_v4\test\ai\glide_00083.png,glide_00083.png,test,glide,1,robust,jpeg_q95,"jpeg(Q95,s0)",0.9999301433563232,1
data\splits\genimage_8000_split_v4\test\ai\biggan_00039.png,biggan_00039.png,test,biggan,1,robust,jpeg_q95,"jpeg(Q95,s0)",0.999506950378418,1
data\splits\genimage_8000_split_v4\test\ai\adm_00080.png,adm_00080.png,test,adm,1,robust,jpeg_q95,"jpeg(Q95,s0)",1.0,1
data\splits\genimage_8000_split_v4\test\ai\midjourney_00064.png,midjourney_00064.png,test,midjourney,1,robust,jpeg_q95,"jpeg(Q95,s0)",0.9999775886535645,1
data\splits\genimage_8000_split_v4\test\ai\sdv5_00070.png,sdv5_00070.png,test,sdv5,1,robust,jpeg_q95,"jpeg(Q95,s0)",0.9999852180480957,1
data\splits\genimage_8000_split_v4\test\ai\glide_00073.png,glide_00073.png,test,glide,1,robust,jpeg_q95,"jpeg(Q95,s0)",0.9997444748878479,1
data\splits\genimage_8000_split_v4\test\ai\vqdm_00018.png,vqdm_00018.png,test,vqdm,1,robust,jpeg_q95,"jpeg(Q95,s0)",1.0,1
data\splits\genimage_8000_split_v4\test\ai\adm_00053.png,adm_00053.png,test,adm,1,robust,jpeg_q95,"jpeg(Q95,s0)",0.9999656677246094,1
data\splits\genimage_8000_split_v4\test\ai\biggan_00084.png,biggan_00084.png,test,biggan,1,robust,jpeg_q95,"jpeg(Q95,s0)",0.9999988079071045,1
data\splits\genimage_8000_split_v4\test\ai\adm_00018.png,adm_00018.png,test,adm,1,robust,jpeg_q95,"jpeg(Q95,s0)",0.9997838139533997,1
data\splits\genimage_8000_split_v4\test\ai\sdv5_00018.png,sdv5_00018.png,test,sdv5,1,robust,jpeg_q95,"jpeg(Q95,s0)",0.6953786611557007,1
data\splits\genimage_8000_split_v4\test\ai\biggan_00020.png,biggan_00020.png,test,biggan,1,robust,jpeg_q95,"jpeg(Q95,s0)",0.9999864101409912,1
data\splits\genimage_8000_split_v4\test\ai\vqdm_00066.png,vqdm_00066.png,test,vqdm,1,robust,jpeg_q95,"jpeg(Q95,s0)",0.8861659169197083,1
data\splits\genimage_8000_split_v4\test\ai\adm_00048.png,adm_00048.png,test,adm,1,robust,jpeg_q95,"jpeg(Q95,s0)",0.9999947547912598,1
data\splits\genimage_8000_split_v4\test\ai\glide_00077.png,glide_00077.png,test,glide,1,robust,jpeg_q95,"jpeg(Q95,s0)",0.9381254315376282,1
data\splits\genimage_8000_split_v4\test\ai\glide_00000.png,glide_00000.png,test,glide,1,robust,jpeg_q95,"jpeg(Q95,s0)",0.9999864101409912,1
data\splits\genimage_8000_split_v4\test\ai\vqdm_00033.png,vqdm_00033.png,test,vqdm,1,robust,jpeg_q95,"jpeg(Q95,s0)",0.8192034363746643,1
data\splits\genimage_8000_split_v4\test\ai\glide_00081.png,glide_00081.png,test,glide,1,robust,jpeg_q95,"jpeg(Q95,s0)",1.0,1
data\splits\genimage_8000_split_v4\test\ai\adm_00075.png,adm_00075.png,test,adm,1,robust,jpeg_q95,"jpeg(Q95,s0)",0.999992847442627,1
data\splits\genimage_8000_split_v4\test\ai\midjourney_00012.png,midjourney_00012.png,test,midjourney,1,robust,jpeg_q95,"jpeg(Q95,s0)",0.9999920129776001,1
data\splits\genimage_8000_split_v4\test\ai\glide_00028.png,glide_00028.png,test,glide,1,robust,jpeg_q95,"jpeg(Q95,s0)",1.0,1
data\splits\genimage_8000_split_v4\test\ai\vqdm_00057.png,vqdm_00057.png,test,vqdm,1,robust,jpeg_q95,"jpeg(Q95,s0)",1.0,1
data\splits\genimage_8000_split_v4\test\ai\sdv5_00068.png,sdv5_00068.png,test,sdv5,1,robust,jpeg_q95,"jpeg(Q95,s0)",0.9605757594108582,1
data\splits\genimage_8000_split_v4\test\ai\vqdm_00036.png,vqdm_00036.png,test,vqdm,1,robust,jpeg_q95,"jpeg(Q95,s0)",0.6021590828895569,1
data\splits\genimage_8000_split_v4\test\ai\adm_00001.png,adm_00001.png,test,adm,1,robust,jpeg_q95,"jpeg(Q95,s0)",1.0,1
data\splits\genimage_8000_split_v4\test\ai\biggan_00054.png,biggan_00054.png,test,biggan,1,robust,jpeg_q95,"jpeg(Q95,s0)",0.9831398129463196,1
data\splits\genimage_8000_split_v4\test\ai\vqdm_00058.png,vqdm_00058.png,test,vqdm,1,robust,jpeg_q95,"jpeg(Q95,s0)",0.9999994039535522,1
data\splits\genimage_8000_split_v4\test\ai\sdv5_00035.png,sdv5_00035.png,test,sdv5,1,robust,jpeg_q95,"jpeg(Q95,s0)",0.9995802044868469,1
data\splits\genimage_8000_split_v4\test\ai\glide_00018.png,glide_00018.png,test,glide,1,robust,jpeg_q95,"jpeg(Q95,s0)",0.0035896061453968287,0
data\splits\genimage_8000_split_v4\test\ai\adm_00008.png,adm_00008.png,test,adm,1,robust,jpeg_q95,"jpeg(Q95,s0)",0.9999997615814209,1
data\splits\genimage_8000_split_v4\test\ai\biggan_00067.png,biggan_00067.png,test,biggan,1,robust,jpeg_q95,"jpeg(Q95,s0)",0.9997598528862,1
data\splits\genimage_8000_split_v4\test\ai\glide_00004.png,glide_00004.png,test,glide,1,robust,jpeg_q95,"jpeg(Q95,s0)",0.9047693610191345,1
data\splits\genimage_8000_split_v4\test\ai\midjourney_00083.png,midjourney_00083.png,test,midjourney,1,robust,jpeg_q95,"jpeg(Q95,s0)",0.9938073754310608,1
data\splits\genimage_8000_split_v4\test\ai\wukong_00026.png,wukong_00026.png,test,wukong,1,robust,jpeg_q95,"jpeg(Q95,s0)",1.0,1
data\splits\genimage_8000_split_v4\test\ai\sdv5_00028.png,sdv5_00028.png,test,sdv5,1,robust,jpeg_q95,"jpeg(Q95,s0)",0.9991839528083801,1
data\splits\genimage_8000_split_v4\test\ai\midjourney_00042.png,midjourney_00042.png,test,midjourney,1,robust,jpeg_q95,"jpeg(Q95,s0)",0.9999991655349731,1
data\splits\genimage_8000_split_v4\test\ai\adm_00060.png,adm_00060.png,test,adm,1,robust,jpeg_q95,"jpeg(Q95,s0)",0.9993804693222046,1
data\splits\genimage_8000_split_v4\test\ai\glide_00003.png,glide_00003.png,test,glide,1,robust,jpeg_q95,"jpeg(Q95,s0)",0.9999780654907227,1
data\splits\genimage_8000_split_v4\test\ai\glide_00025.png,glide_00025.png,test,glide,1,robust,jpeg_q95,"jpeg(Q95,s0)",0.9999568462371826,1
data\splits\genimage_8000_split_v4\test\ai\biggan_00026.png,biggan_00026.png,test,biggan,1,robust,jpeg_q95,"jpeg(Q95,s0)",0.9996761083602905,1
data\splits\genimage_8000_split_v4\test\ai\adm_00077.png,adm_00077.png,test,adm,1,robust,jpeg_q95,"jpeg(Q95,s0)",1.0,1
data\splits\genimage_8000_split_v4\test\ai\adm_00047.png,adm_00047.png,test,adm,1,robust,jpeg_q95,"jpeg(Q95,s0)",0.9999953508377075,1
data\splits\genimage_8000_split_v4\test\ai\sdv5_00033.png,sdv5_00033.png,test,sdv5,1,robust,jpeg_q95,"jpeg(Q95,s0)",1.0,1
data\splits\genimage_8000_split_v4\test\ai\midjourney_00032.png,midjourney_00032.png,test,midjourney,1,robust,jpeg_q95,"jpeg(Q95,s0)",0.9999774694442749,1
data\splits\genimage_8000_split_v4\test\ai\biggan_00064.png,biggan_00064.png,test,biggan,1,robust,jpeg_q95,"jpeg(Q95,s0)",0.8364400863647461,1
data\splits\genimage_8000_split_v4\test\ai\vqdm_00074.png,vqdm_00074.png,test,vqdm,1,robust,jpeg_q95,"jpeg(Q95,s0)",0.9999998807907104,1
data\splits\genimage_8000_split_v4\test\ai\biggan_00038.png,biggan_00038.png,test,biggan,1,robust,jpeg_q95,"jpeg(Q95,s0)",0.9991655349731445,1
data\splits\genimage_8000_split_v4\test\ai\adm_00082.png,adm_00082.png,test,adm,1,robust,jpeg_q95,"jpeg(Q95,s0)",1.0,1
data\splits\genimage_8000_split_v4\test\ai\wukong_00007.png,wukong_00007.png,test,wukong,1,robust,jpeg_q95,"jpeg(Q95,s0)",0.9998787641525269,1
data\splits\genimage_8000_split_v4\test\ai\wukong_00060.png,wukong_00060.png,test,wukong,1,robust,jpeg_q95,"jpeg(Q95,s0)",1.0,1
data\splits\genimage_8000_split_v4\test\ai\sdv5_00041.png,sdv5_00041.png,test,sdv5,1,robust,jpeg_q95,"jpeg(Q95,s0)",0.9992401599884033,1
data\splits\genimage_8000_split_v4\test\ai\vqdm_00038.png,vqdm_00038.png,test,vqdm,1,robust,jpeg_q95,"jpeg(Q95,s0)",0.9999992847442627,1
data\splits\genimage_8000_split_v4\test\ai\wukong_00001.png,wukong_00001.png,test,wukong,1,robust,jpeg_q95,"jpeg(Q95,s0)",1.0,1
data\splits\genimage_8000_split_v4\test\ai\midjourney_00015.png,midjourney_00015.png,test,midjourney,1,robust,jpeg_q95,"jpeg(Q95,s0)",0.9999992847442627,1
data\splits\genimage_8000_split_v4\test\ai\biggan_00047.png,biggan_00047.png,test,biggan,1,robust,jpeg_q95,"jpeg(Q95,s0)",0.9999997615814209,1
data\splits\genimage_8000_split_v4\test\ai\glide_00030.png,glide_00030.png,test,glide,1,robust,jpeg_q95,"jpeg(Q95,s0)",0.9955778121948242,1
data\splits\genimage_8000_split_v4\test\ai\vqdm_00047.png,vqdm_00047.png,test,vqdm,1,robust,jpeg_q95,"jpeg(Q95,s0)",0.010026776231825352,0
data\splits\genimage_8000_split_v4\test\ai\sdv5_00084.png,sdv5_00084.png,test,sdv5,1,robust,jpeg_q95,"jpeg(Q95,s0)",0.9986222982406616,1
data\splits\genimage_8000_split_v4\test\ai\vqdm_00083.png,vqdm_00083.png,test,vqdm,1,robust,jpeg_q95,"jpeg(Q95,s0)",0.9999713897705078,1
data\splits\genimage_8000_split_v4\test\ai\biggan_00068.png,biggan_00068.png,test,biggan,1,robust,jpeg_q95,"jpeg(Q95,s0)",0.9989425539970398,1
data\splits\genimage_8000_split_v4\test\ai\sdv5_00058.png,sdv5_00058.png,test,sdv5,1,robust,jpeg_q95,"jpeg(Q95,s0)",0.9999746084213257,1
data\splits\genimage_8000_split_v4\test\ai\sdv5_00006.png,sdv5_00006.png,test,sdv5,1,robust,jpeg_q95,"jpeg(Q95,s0)",0.998464822769165,1
data\splits\genimage_8000_split_v4\test\ai\biggan_00044.png,biggan_00044.png,test,biggan,1,robust,jpeg_q95,"jpeg(Q95,s0)",0.9878485202789307,1
data\splits\genimage_8000_split_v4\test\ai\midjourney_00003.png,midjourney_00003.png,test,midjourney,1,robust,jpeg_q95,"jpeg(Q95,s0)",0.999995231628418,1
data\splits\genimage_8000_split_v4\test\ai\sdv5_00027.png,sdv5_00027.png,test,sdv5,1,robust,jpeg_q95,"jpeg(Q95,s0)",0.9999526739120483,1
data\splits\genimage_8000_split_v4\test\ai\biggan_00072.png,biggan_00072.png,test,biggan,1,robust,jpeg_q95,"jpeg(Q95,s0)",0.999969482421875,1
data\splits\genimage_8000_split_v4\test\ai\vqdm_00030.png,vqdm_00030.png,test,vqdm,1,robust,jpeg_q95,"jpeg(Q95,s0)",0.9211651682853699,1
data\splits\genimage_8000_split_v4\test\ai\vqdm_00085.png,vqdm_00085.png,test,vqdm,1,robust,jpeg_q95,"jpeg(Q95,s0)",0.8459264039993286,1
data\splits\genimage_8000_split_v4\test\ai\wukong_00071.png,wukong_00071.png,test,wukong,1,robust,jpeg_q95,"jpeg(Q95,s0)",0.9999994039535522,1
data\splits\genimage_8000_split_v4\test\ai\adm_00062.png,adm_00062.png,test,adm,1,robust,jpeg_q95,"jpeg(Q95,s0)",0.9996064305305481,1
data\splits\genimage_8000_split_v4\test\ai\adm_00000.png,adm_00000.png,test,adm,1,robust,jpeg_q95,"jpeg(Q95,s0)",0.9999951124191284,1
data\splits\genimage_8000_split_v4\test\ai\wukong_00044.png,wukong_00044.png,test,wukong,1,robust,jpeg_q95,"jpeg(Q95,s0)",0.999819815158844,1
data\splits\genimage_8000_split_v4\test\ai\glide_00075.png,glide_00075.png,test,glide,1,robust,jpeg_q95,"jpeg(Q95,s0)",0.9379289746284485,1
data\splits\genimage_8000_split_v4\test\ai\vqdm_00040.png,vqdm_00040.png,test,vqdm,1,robust,jpeg_q95,"jpeg(Q95,s0)",0.6693165302276611,1
data\splits\genimage_8000_split_v4\test\ai\wukong_00082.png,wukong_00082.png,test,wukong,1,robust,jpeg_q95,"jpeg(Q95,s0)",1.0,1
data\splits\genimage_8000_split_v4\test\ai\midjourney_00019.png,midjourney_00019.png,test,midjourney,1,robust,jpeg_q95,"jpeg(Q95,s0)",0.9983034133911133,1
data\splits\genimage_8000_split_v4\test\ai\adm_00065.png,adm_00065.png,test,adm,1,robust,jpeg_q95,"jpeg(Q95,s0)",1.0,1
data\splits\genimage_8000_split_v4\test\ai\midjourney_00022.png,midjourney_00022.png,test,midjourney,1,robust,jpeg_q95,"jpeg(Q95,s0)",0.9948561191558838,1
data\splits\genimage_8000_split_v4\test\ai\midjourney_00052.png,midjourney_00052.png,test,midjourney,1,robust,jpeg_q95,"jpeg(Q95,s0)",0.002943694358691573,0
data\splits\genimage_8000_split_v4\test\ai\adm_00046.png,adm_00046.png,test,adm,1,robust,jpeg_q95,"jpeg(Q95,s0)",1.0,1
data\splits\genimage_8000_split_v4\test\ai\wukong_00048.png,wukong_00048.png,test,wukong,1,robust,jpeg_q95,"jpeg(Q95,s0)",0.9907536506652832,1
data\splits\genimage_8000_split_v4\test\ai\vqdm_00045.png,vqdm_00045.png,test,vqdm,1,robust,jpeg_q95,"jpeg(Q95,s0)",0.9987435936927795,1
data\splits\genimage_8000_split_v4\test\ai\biggan_00036.png,biggan_00036.png,test,biggan,1,robust,jpeg_q95,"jpeg(Q95,s0)",0.9933750033378601,1
data\splits\genimage_8000_split_v4\test\ai\sdv5_00038.png,sdv5_00038.png,test,sdv5,1,robust,jpeg_q95,"jpeg(Q95,s0)",0.9610097408294678,1
data\splits\genimage_8000_split_v4\test\ai\vqdm_00050.png,vqdm_00050.png,test,vqdm,1,robust,jpeg_q95,"jpeg(Q95,s0)",0.6061031222343445,1
data\splits\genimage_8000_split_v4\test\ai\biggan_00041.png,biggan_00041.png,test,biggan,1,robust,jpeg_q95,"jpeg(Q95,s0)",0.9999995231628418,1
data\splits\genimage_8000_split_v4\test\ai\vqdm_00051.png,vqdm_00051.png,test,vqdm,1,robust,jpeg_q95,"jpeg(Q95,s0)",0.9742318987846375,1
data\splits\genimage_8000_split_v4\test\ai\glide_00054.png,glide_00054.png,test,glide,1,robust,jpeg_q95,"jpeg(Q95,s0)",0.9501975178718567,1
data\splits\genimage_8000_split_v4\test\ai\sdv5_00062.png,sdv5_00062.png,test,sdv5,1,robust,jpeg_q95,"jpeg(Q95,s0)",1.0,1
data\splits\genimage_8000_split_v4\test\ai\sdv5_00060.png,sdv5_00060.png,test,sdv5,1,robust,jpeg_q95,"jpeg(Q95,s0)",0.9934371113777161,1
data\splits\genimage_8000_split_v4\test\ai\glide_00079.png,glide_00079.png,test,glide,1,robust,jpeg_q95,"jpeg(Q95,s0)",0.14614637196063995,0
data\splits\genimage_8000_split_v4\test\ai\midjourney_00004.png,midjourney_00004.png,test,midjourney,1,robust,jpeg_q95,"jpeg(Q95,s0)",0.9999542236328125,1
data\splits\genimage_8000_split_v4\test\ai\wukong_00040.png,wukong_00040.png,test,wukong,1,robust,jpeg_q95,"jpeg(Q95,s0)",0.9999998807907104,1
data\splits\genimage_8000_split_v4\test\ai\biggan_00060.png,biggan_00060.png,test,biggan,1,robust,jpeg_q95,"jpeg(Q95,s0)",0.9999327659606934,1
data\splits\genimage_8000_split_v4\test\ai\wukong_00049.png,wukong_00049.png,test,wukong,1,robust,jpeg_q95,"jpeg(Q95,s0)",0.9811254739761353,1
data\splits\genimage_8000_split_v4\test\ai\wukong_00035.png,wukong_00035.png,test,wukong,1,robust,jpeg_q95,"jpeg(Q95,s0)",0.7440294623374939,1
data\splits\genimage_8000_split_v4\test\ai\adm_00010.png,adm_00010.png,test,adm,1,robust,jpeg_q95,"jpeg(Q95,s0)",0.9999855756759644,1
data\splits\genimage_8000_split_v4\test\ai\sdv5_00064.png,sdv5_00064.png,test,sdv5,1,robust,jpeg_q95,"jpeg(Q95,s0)",0.6811839938163757,1
data\splits\genimage_8000_split_v4\test\ai\adm_00059.png,adm_00059.png,test,adm,1,robust,jpeg_q95,"jpeg(Q95,s0)",0.9999998807907104,1
data\splits\genimage_8000_split_v4\test\ai\midjourney_00048.png,midjourney_00048.png,test,midjourney,1,robust,jpeg_q95,"jpeg(Q95,s0)",0.9999845027923584,1
data\splits\genimage_8000_split_v4\test\ai\midjourney_00016.png,midjourney_00016.png,test,midjourney,1,robust,jpeg_q95,"jpeg(Q95,s0)",0.9115612506866455,1
data\splits\genimage_8000_split_v4\test\ai\biggan_00007.png,biggan_00007.png,test,biggan,1,robust,jpeg_q95,"jpeg(Q95,s0)",0.5736401081085205,1
data\splits\genimage_8000_split_v4\test\ai\glide_00067.png,glide_00067.png,test,glide,1,robust,jpeg_q95,"jpeg(Q95,s0)",0.9923822283744812,1
data\splits\genimage_8000_split_v4\test\ai\glide_00046.png,glide_00046.png,test,glide,1,robust,jpeg_q95,"jpeg(Q95,s0)",0.9946186542510986,1
data\splits\genimage_8000_split_v4\test\ai\vqdm_00053.png,vqdm_00053.png,test,vqdm,1,robust,jpeg_q95,"jpeg(Q95,s0)",0.9999213218688965,1
data\splits\genimage_8000_split_v4\test\ai\adm_00071.png,adm_00071.png,test,adm,1,robust,jpeg_q95,"jpeg(Q95,s0)",0.9999998807907104,1
data\splits\genimage_8000_split_v4\test\ai\glide_00022.png,glide_00022.png,test,glide,1,robust,jpeg_q95,"jpeg(Q95,s0)",0.9999986886978149,1
data\splits\genimage_8000_split_v4\test\ai\sdv5_00082.png,sdv5_00082.png,test,sdv5,1,robust,jpeg_q95,"jpeg(Q95,s0)",0.9999995231628418,1
data\splits\genimage_8000_split_v4\test\ai\vqdm_00003.png,vqdm_00003.png,test,vqdm,1,robust,jpeg_q95,"jpeg(Q95,s0)",0.8808556199073792,1
data\splits\genimage_8000_split_v4\test\ai\midjourney_00035.png,midjourney_00035.png,test,midjourney,1,robust,jpeg_q95,"jpeg(Q95,s0)",0.9860591292381287,1
data\splits\genimage_8000_split_v4\test\ai\glide_00031.png,glide_00031.png,test,glide,1,robust,jpeg_q95,"jpeg(Q95,s0)",0.9999971389770508,1
data\splits\genimage_8000_split_v4\test\ai\vqdm_00063.png,vqdm_00063.png,test,vqdm,1,robust,jpeg_q95,"jpeg(Q95,s0)",0.9995604157447815,1
data\splits\genimage_8000_split_v4\test\ai\wukong_00016.png,wukong_00016.png,test,wukong,1,robust,jpeg_q95,"jpeg(Q95,s0)",0.9999566078186035,1
data\splits\genimage_8000_split_v4\test\ai\wukong_00054.png,wukong_00054.png,test,wukong,1,robust,jpeg_q95,"jpeg(Q95,s0)",0.9999996423721313,1
data\splits\genimage_8000_split_v4\test\ai\biggan_00002.png,biggan_00002.png,test,biggan,1,robust,jpeg_q95,"jpeg(Q95,s0)",0.9477432370185852,1
data\splits\genimage_8000_split_v4\test\ai\adm_00049.png,adm_00049.png,test,adm,1,robust,jpeg_q95,"jpeg(Q95,s0)",1.0,1
data\splits\genimage_8000_split_v4\test\ai\sdv5_00002.png,sdv5_00002.png,test,sdv5,1,robust,jpeg_q95,"jpeg(Q95,s0)",1.0,1
data\splits\genimage_8000_split_v4\test\ai\biggan_00025.png,biggan_00025.png,test,biggan,1,robust,jpeg_q95,"jpeg(Q95,s0)",0.988135814666748,1
data\splits\genimage_8000_split_v4\test\ai\biggan_00071.png,biggan_00071.png,test,biggan,1,robust,jpeg_q95,"jpeg(Q95,s0)",0.999934196472168,1
data\splits\genimage_8000_split_v4\test\ai\biggan_00051.png,biggan_00051.png,test,biggan,1,robust,jpeg_q95,"jpeg(Q95,s0)",0.47132736444473267,0
data\splits\genimage_8000_split_v4\test\ai\wukong_00081.png,wukong_00081.png,test,wukong,1,robust,jpeg_q95,"jpeg(Q95,s0)",0.9988694787025452,1
data\splits\genimage_8000_split_v4\test\ai\sdv5_00022.png,sdv5_00022.png,test,sdv5,1,robust,jpeg_q95,"jpeg(Q95,s0)",1.0,1
