filename,split,generator,true_label,pred_label,ai_prob,condition,jpeg_quality
real_00486.jpeg,test,real,0,0,4.8520287236897275e-06,clean,
real_00382.jpeg,test,real,0,0,2.2681410882796627e-06,clean,
real_00117.jpeg,test,real,0,0,0.01613054797053337,clean,
real_00354.jpeg,test,real,0,0,2.897909098464879e-06,clean,
real_00076.jpeg,test,real,0,0,0.0032622527796775103,clean,
real_00395.jpeg,test,real,0,0,1.0483491678314749e-05,clean,
real_00348.jpeg,test,real,0,0,0.40026527643203735,clean,
real_00307.jpeg,test,real,0,0,0.00011307554814266041,clean,
real_00438.jpeg,test,real,0,0,3.29099481000128e-09,clean,
real_00393.jpeg,test,real,0,0,0.0010418527526780963,clean,
real_00566.jpeg,test,real,0,0,0.000142701028380543,clean,
real_00055.jpeg,test,real,0,0,0.11507343500852585,clean,
real_00416.jpeg,test,real,0,0,0.0009264262625947595,clean,
real_00304.jpeg,test,real,0,0,1.1957493883940629e-09,clean,
real_00135.jpeg,test,real,0,0,0.28308138251304626,clean,
real_00387.jpeg,test,real,0,0,2.6960973453782344e-09,clean,
real_00040.jpeg,test,real,0,0,2.1362688130466267e-05,clean,
real_00563.jpeg,test,real,0,0,0.0021208026446402073,clean,
real_00457.jpeg,test,real,0,0,0.27199462056159973,clean,
real_00561.jpeg,test,real,0,0,1.0695091077650432e-05,clean,
real_00288.jpeg,test,real,0,0,0.24048905074596405,clean,
real_00271.jpeg,test,real,0,0,0.010981664061546326,clean,
real_00185.jpeg,test,real,0,0,0.09169576317071915,clean,
real_00216.jpeg,test,real,0,0,0.00102913414593786,clean,
real_00180.jpeg,test,real,0,1,0.7446795105934143,clean,
real_00189.jpeg,test,real,0,0,0.07495918869972229,clean,
real_00396.jpeg,test,real,0,0,0.008015390485525131,clean,
real_00131.jpeg,test,real,0,0,0.00032014932367019355,clean,
real_00557.jpeg,test,real,0,0,0.0028484531212598085,clean,
real_00266.jpeg,test,real,0,0,9.913799914329502e-08,clean,
real_00207.jpeg,test,real,0,0,3.0364109989022836e-05,clean,
real_00141.jpeg,test,real,0,1,0.9617990255355835,clean,
real_00407.jpeg,test,real,0,1,0.9998760223388672,clean,
real_00026.jpeg,test,real,0,0,0.19499234855175018,clean,
real_00046.jpeg,test,real,0,0,0.0017167478799819946,clean,
real_00585.jpeg,test,real,0,0,0.0005882573896087706,clean,
real_00206.jpeg,test,real,0,1,0.977711021900177,clean,
real_00297.jpeg,test,real,0,0,0.0012491584056988358,clean,
real_00401.jpeg,test,real,0,0,3.18562779284548e-05,clean,
real_00339.jpeg,test,real,0,0,0.00426094327121973,clean,
real_00403.jpeg,test,real,0,1,0.8010417222976685,clean,
real_00344.jpeg,test,real,0,0,0.0012767501175403595,clean,
real_00560.jpeg,test,real,0,0,0.03302033990621567,clean,
real_00553.jpeg,test,real,0,0,0.01314416155219078,clean,
real_00598.jpeg,test,real,0,0,0.00034340962884016335,clean,
real_00497.jpeg,test,real,0,0,0.0644509345293045,clean,
real_00253.jpeg,test,real,0,0,2.502291180251498e-13,clean,
real_00577.jpeg,test,real,0,0,1.339647042186698e-07,clean,
real_00394.jpeg,test,real,0,0,0.0034135491587221622,clean,
real_00445.jpeg,test,real,0,0,0.24803735315799713,clean,
real_00050.jpeg,test,real,0,0,0.06384836882352829,clean,
real_00269.jpeg,test,real,0,0,4.898290353594348e-05,clean,
real_00151.jpeg,test,real,0,1,0.9067183136940002,clean,
real_00190.jpeg,test,real,0,0,1.5522907403919817e-07,clean,
real_00250.jpeg,test,real,0,0,0.006123346742242575,clean,
real_00257.jpeg,test,real,0,0,0.01912732608616352,clean,
real_00008.jpeg,test,real,0,0,7.843605089874472e-06,clean,
real_00398.jpeg,test,real,0,0,0.14975866675376892,clean,
real_00322.jpeg,test,real,0,0,0.0017663638573139906,clean,
real_00230.jpeg,test,real,0,0,0.34259840846061707,clean,
real_00219.jpeg,test,real,0,0,0.007566995918750763,clean,
real_00550.jpeg,test,real,0,0,0.00828379113227129,clean,
real_00528.jpeg,test,real,0,0,0.0002799215435516089,clean,
real_00039.jpeg,test,real,0,0,0.013438759371638298,clean,
real_00274.jpeg,test,real,0,1,0.5651842951774597,clean,
real_00414.jpeg,test,real,0,0,0.19399197399616241,clean,
real_00038.jpeg,test,real,0,0,0.025880543515086174,clean,
real_00434.jpeg,test,real,0,0,0.028431104496121407,clean,
real_00279.jpeg,test,real,0,0,0.0028967889957129955,clean,
real_00077.jpeg,test,real,0,0,0.09160711616277695,clean,
real_00312.jpeg,test,real,0,0,0.19390563666820526,clean,
real_00482.jpeg,test,real,0,0,0.003594251349568367,clean,
real_00178.jpeg,test,real,0,0,0.39102301001548767,clean,
real_00535.jpeg,test,real,0,0,0.09985512495040894,clean,
real_00345.jpeg,test,real,0,0,0.0019260342232882977,clean,
real_00019.jpeg,test,real,0,0,0.0005098758265376091,clean,
real_00143.jpeg,test,real,0,0,0.00028924967045895755,clean,
real_00496.jpeg,test,real,0,0,0.02350708097219467,clean,
real_00522.jpeg,test,real,0,0,5.245300179444745e-13,clean,
real_00451.jpeg,test,real,0,0,4.9232789933739696e-06,clean,
real_00371.jpeg,test,real,0,0,1.0495617061678786e-05,clean,
real_00060.jpeg,test,real,0,1,0.577775239944458,clean,
real_00410.jpeg,test,real,0,0,0.24620573222637177,clean,
real_00248.jpeg,test,real,0,1,0.6184008121490479,clean,
real_00043.jpeg,test,real,0,1,0.898965060710907,clean,
real_00104.jpeg,test,real,0,0,0.0001023784134304151,clean,
real_00238.jpeg,test,real,0,0,0.00022808961512055248,clean,
real_00251.jpeg,test,real,0,0,0.00047648046165704727,clean,
real_00017.jpeg,test,real,0,0,5.172091914573684e-05,clean,
real_00500.jpeg,test,real,0,0,0.0047601694241166115,clean,
real_00056.jpeg,test,real,0,0,0.0038507990539073944,clean,
real_00227.jpeg,test,real,0,0,0.0009589141700416803,clean,
real_00347.jpeg,test,real,0,0,3.29693449430124e-07,clean,
real_00176.jpeg,test,real,0,1,0.5747901201248169,clean,
real_00085.jpeg,test,real,0,0,4.191965126665309e-05,clean,
real_00586.jpeg,test,real,0,0,4.578585048875539e-06,clean,
real_00193.jpeg,test,real,0,0,6.74770271871239e-05,clean,
real_00018.jpeg,test,real,0,1,0.9847474694252014,clean,
real_00342.jpeg,test,real,0,0,0.03321094810962677,clean,
real_00359.jpeg,test,real,0,1,0.977895200252533,clean,
real_00163.jpeg,test,real,0,0,0.45718100666999817,clean,
real_00527.jpeg,test,real,0,0,0.00010531963926041499,clean,
real_00444.jpeg,test,real,0,0,0.0005800933577120304,clean,
real_00440.jpeg,test,real,0,0,0.014482944272458553,clean,
real_00096.jpeg,test,real,0,0,0.27352187037467957,clean,
real_00165.jpeg,test,real,0,0,0.0843668282032013,clean,
real_00576.jpeg,test,real,0,1,0.9787413477897644,clean,
real_00375.jpeg,test,real,0,0,0.0025277931708842516,clean,
real_00300.jpeg,test,real,0,0,0.0001536438358016312,clean,
real_00503.jpeg,test,real,0,0,0.35134008526802063,clean,
real_00499.jpeg,test,real,0,0,0.008066832087934017,clean,
real_00283.jpeg,test,real,0,0,9.516174372947717e-07,clean,
real_00160.jpeg,test,real,0,1,0.6864017844200134,clean,
real_00260.jpeg,test,real,0,0,0.017883427441120148,clean,
real_00208.jpeg,test,real,0,0,2.6008217801631872e-08,clean,
real_00262.jpeg,test,real,0,0,0.013524206355214119,clean,
real_00213.jpeg,test,real,0,0,0.17966772615909576,clean,
real_00476.jpeg,test,real,0,0,2.0143233996350318e-05,clean,
real_00092.jpeg,test,real,0,1,0.6847933530807495,clean,
real_00324.jpeg,test,real,0,1,0.7781888246536255,clean,
real_00425.jpeg,test,real,0,1,0.7108865976333618,clean,
real_00559.jpeg,test,real,0,0,5.746326223743381e-06,clean,
real_00015.jpeg,test,real,0,0,7.08577658770082e-08,clean,
real_00562.jpeg,test,real,0,0,0.011805658228695393,clean,
real_00514.jpeg,test,real,0,0,2.2015062570244354e-13,clean,
real_00580.jpeg,test,real,0,0,6.986563676036894e-05,clean,
real_00202.jpeg,test,real,0,0,0.009506138041615486,clean,
real_00402.jpeg,test,real,0,0,9.570648273893312e-08,clean,
real_00057.jpeg,test,real,0,0,9.335202776128426e-06,clean,
real_00007.jpeg,test,real,0,0,0.12425186485052109,clean,
real_00388.jpeg,test,real,0,0,0.37695154547691345,clean,
real_00016.jpeg,test,real,0,0,4.4202561610973135e-09,clean,
real_00506.jpeg,test,real,0,0,0.11494755744934082,clean,
real_00028.jpeg,test,real,0,0,0.002463857876136899,clean,
real_00572.jpeg,test,real,0,1,0.5448701977729797,clean,
real_00381.jpeg,test,real,0,0,0.029633747413754463,clean,
real_00268.jpeg,test,real,0,0,0.030888352543115616,clean,
real_00512.jpeg,test,real,0,0,0.058889538049697876,clean,
real_00006.jpeg,test,real,0,1,0.9834011197090149,clean,
real_00289.jpeg,test,real,0,0,0.034994617104530334,clean,
real_00519.jpeg,test,real,0,0,0.00029004772659391165,clean,
real_00252.jpeg,test,real,0,0,2.6581735710351495e-06,clean,
real_00211.jpeg,test,real,0,0,2.3765676814946346e-05,clean,
real_00147.jpeg,test,real,0,0,0.026762990280985832,clean,
real_00181.jpeg,test,real,0,1,0.9869791269302368,clean,
real_00458.jpeg,test,real,0,0,0.0003525672946125269,clean,
real_00329.jpeg,test,real,0,0,3.092091219514259e-06,clean,
real_00545.jpeg,test,real,0,0,0.0162335317581892,clean,
real_00568.jpeg,test,real,0,0,0.014904193580150604,clean,
real_00031.jpeg,test,real,0,0,0.002875558566302061,clean,
real_00171.jpeg,test,real,0,0,8.255109605670441e-06,clean,
real_00320.jpeg,test,real,0,0,8.939493272919208e-05,clean,
real_00083.jpeg,test,real,0,0,0.0017966852756217122,clean,
real_00012.jpeg,test,real,0,1,0.7418694496154785,clean,
real_00357.jpeg,test,real,0,0,0.010954058729112148,clean,
real_00346.jpeg,test,real,0,0,0.0041647981852293015,clean,
real_00450.jpeg,test,real,0,0,0.47520166635513306,clean,
real_00356.jpeg,test,real,0,0,0.0680345669388771,clean,
real_00594.jpeg,test,real,0,0,0.003830945584923029,clean,
real_00048.jpeg,test,real,0,0,0.1908537745475769,clean,
real_00158.jpeg,test,real,0,0,2.090466114168521e-05,clean,
real_00521.jpeg,test,real,0,0,0.07206971943378448,clean,
real_00285.jpeg,test,real,0,0,0.18917064368724823,clean,
real_00270.jpeg,test,real,0,0,6.0205100453458726e-05,clean,
real_00533.jpeg,test,real,0,0,0.1150217279791832,clean,
real_00494.jpeg,test,real,0,0,0.001354868640191853,clean,
real_00317.jpeg,test,real,0,0,0.25548484921455383,clean,
real_00296.jpeg,test,real,0,0,1.7433609173167497e-05,clean,
real_00237.jpeg,test,real,0,0,2.267373247377691e-06,clean,
real_00242.jpeg,test,real,0,0,0.12524278461933136,clean,
real_00584.jpeg,test,real,0,1,0.9799115061759949,clean,
real_00570.jpeg,test,real,0,0,0.03161042556166649,clean,
real_00133.jpeg,test,real,0,0,0.0035225965548306704,clean,
real_00047.jpeg,test,real,0,0,0.00028844745247624815,clean,
real_00480.jpeg,test,real,0,0,0.0009204193484038115,clean,
real_00210.jpeg,test,real,0,0,0.00048500968841835856,clean,
real_00301.jpeg,test,real,0,0,0.08777250349521637,clean,
real_00574.jpeg,test,real,0,0,0.18337370455265045,clean,
real_00134.jpeg,test,real,0,0,0.20300158858299255,clean,
real_00597.jpeg,test,real,0,1,0.9099763631820679,clean,
real_00281.jpeg,test,real,0,1,0.6958840489387512,clean,
real_00332.jpeg,test,real,0,0,0.05118441954255104,clean,
real_00415.jpeg,test,real,0,0,1.78032205440104e-05,clean,
real_00093.jpeg,test,real,0,0,0.022314652800559998,clean,
real_00526.jpeg,test,real,0,0,3.2205977618104953e-07,clean,
real_00259.jpeg,test,real,0,0,3.384504816494882e-05,clean,
real_00128.jpeg,test,real,0,0,0.23507775366306305,clean,
real_00173.jpeg,test,real,0,0,0.006009523291140795,clean,
real_00005.jpeg,test,real,0,0,1.739681454449027e-10,clean,
real_00532.jpeg,test,real,0,1,0.7602807879447937,clean,
real_00061.jpeg,test,real,0,0,2.1558901153184706e-07,clean,
real_00313.jpeg,test,real,0,0,4.18914423789829e-05,clean,
real_00130.jpeg,test,real,0,0,0.0004335739940870553,clean,
real_00454.jpeg,test,real,0,0,1.9323324522702023e-05,clean,
real_00204.jpeg,test,real,0,0,0.0008583017042838037,clean,
real_00337.jpeg,test,real,0,0,0.023313259705901146,clean,
real_00195.jpeg,test,real,0,0,0.00045074764057062566,clean,
real_00187.jpeg,test,real,0,0,6.173444262458361e-07,clean,
real_00489.jpeg,test,real,0,0,1.1030971336367656e-07,clean,
real_00385.jpeg,test,real,0,0,0.026598505675792694,clean,
real_00221.jpeg,test,real,0,0,5.2850631618639454e-05,clean,
real_00027.jpeg,test,real,0,1,0.690143346786499,clean,
real_00022.jpeg,test,real,0,0,5.4164225730346516e-05,clean,
real_00331.jpeg,test,real,0,0,0.2812685966491699,clean,
real_00159.jpeg,test,real,0,0,2.3326663267653203e-06,clean,
real_00068.jpeg,test,real,0,0,0.09793122112751007,clean,
real_00127.jpeg,test,real,0,0,8.881892767931276e-07,clean,
real_00420.jpeg,test,real,0,0,0.15634958446025848,clean,
real_00510.jpeg,test,real,0,0,1.5286928828572854e-05,clean,
real_00106.jpeg,test,real,0,0,0.029621923342347145,clean,
real_00599.jpeg,test,real,0,0,3.1602892704540864e-05,clean,
real_00419.jpeg,test,real,0,0,0.0002284273796249181,clean,
real_00286.jpeg,test,real,0,0,0.24400866031646729,clean,
real_00341.jpeg,test,real,0,0,0.004601545166224241,clean,
real_00263.jpeg,test,real,0,0,0.0015050740912556648,clean,
real_00255.jpeg,test,real,0,1,0.6581994295120239,clean,
real_00335.jpeg,test,real,0,0,0.0014486904256045818,clean,
real_00174.jpeg,test,real,0,0,0.0007152133621275425,clean,
real_00243.jpeg,test,real,0,0,0.21733678877353668,clean,
real_00140.jpeg,test,real,0,0,0.36333200335502625,clean,
real_00582.jpeg,test,real,0,0,0.00012156193406553939,clean,
real_00542.jpeg,test,real,0,1,0.512963593006134,clean,
real_00547.jpeg,test,real,0,0,7.318837447201076e-08,clean,
real_00287.jpeg,test,real,0,1,0.7438385486602783,clean,
real_00144.jpeg,test,real,0,0,0.004179798066616058,clean,
real_00214.jpeg,test,real,0,0,0.00017784125520847738,clean,
real_00234.jpeg,test,real,0,1,0.6454870700836182,clean,
real_00595.jpeg,test,real,0,0,0.0002130869688699022,clean,
real_00075.jpeg,test,real,0,0,9.538669853981219e-11,clean,
real_00295.jpeg,test,real,0,0,0.02362668141722679,clean,
real_00070.jpeg,test,real,0,0,0.005713666323572397,clean,
real_00148.jpeg,test,real,0,0,2.9009623858655686e-07,clean,
real_00491.jpeg,test,real,0,0,0.19402603805065155,clean,
real_00090.jpeg,test,real,0,0,0.001982427202165127,clean,
real_00063.jpeg,test,real,0,0,0.13050124049186707,clean,
real_00334.jpeg,test,real,0,0,0.003867171471938491,clean,
real_00530.jpeg,test,real,0,0,0.0015444123419001698,clean,
real_00069.jpeg,test,real,0,0,0.010226492770016193,clean,
real_00109.jpeg,test,real,0,0,1.399919801770011e-05,clean,
real_00321.jpeg,test,real,0,0,0.41165849566459656,clean,
real_00126.jpeg,test,real,0,0,0.2387944757938385,clean,
real_00358.jpeg,test,real,0,0,0.205881729722023,clean,
real_00364.jpeg,test,real,0,0,0.0010426284279674292,clean,
real_00209.jpeg,test,real,0,0,0.028630198910832405,clean,
real_00292.jpeg,test,real,0,0,0.11507083475589752,clean,
real_00473.jpeg,test,real,0,0,0.0040817707777023315,clean,
real_00367.jpeg,test,real,0,0,0.00010105936962645501,clean,
real_00228.jpeg,test,real,0,0,0.004430525470525026,clean,
real_00463.jpeg,test,real,0,0,1.7751295899870456e-06,clean,
real_00529.jpeg,test,real,0,1,0.9756244421005249,clean,
real_00376.jpeg,test,real,0,0,1.5228606571326964e-06,clean,
real_00089.jpeg,test,real,0,0,0.031421661376953125,clean,
real_00409.jpeg,test,real,0,0,7.335712143685669e-05,clean,
real_00456.jpeg,test,real,0,0,0.0005220887251198292,clean,
real_00378.jpeg,test,real,0,0,0.015499085187911987,clean,
real_00596.jpeg,test,real,0,0,0.019353797659277916,clean,
real_00477.jpeg,test,real,0,0,0.041184842586517334,clean,
real_00261.jpeg,test,real,0,0,2.1842392925464083e-06,clean,
real_00273.jpeg,test,real,0,0,0.17322362959384918,clean,
real_00100.jpeg,test,real,0,0,6.339705843627641e-11,clean,
real_00080.jpeg,test,real,0,0,9.153090445579437e-07,clean,
real_00009.jpeg,test,real,0,1,0.9067477583885193,clean,
real_00167.jpeg,test,real,0,0,4.805485454006941e-10,clean,
real_00571.jpeg,test,real,0,1,0.9657089710235596,clean,
real_00218.jpeg,test,real,0,0,1.0815331734193023e-05,clean,
real_00355.jpeg,test,real,0,0,0.023517552763223648,clean,
real_00406.jpeg,test,real,0,0,0.1293024718761444,clean,
real_00302.jpeg,test,real,0,0,0.24899053573608398,clean,
real_00010.jpeg,test,real,0,1,0.8660140037536621,clean,
real_00405.jpeg,test,real,0,0,4.248590630595572e-05,clean,
real_00447.jpeg,test,real,0,0,0.0004463687655515969,clean,
real_00379.jpeg,test,real,0,0,0.0059226020239293575,clean,
real_00319.jpeg,test,real,0,0,0.36390483379364014,clean,
real_00543.jpeg,test,real,0,0,0.35795268416404724,clean,
real_00539.jpeg,test,real,0,0,0.09924427419900894,clean,
real_00579.jpeg,test,real,0,0,0.05810173228383064,clean,
real_00459.jpeg,test,real,0,1,0.554283082485199,clean,
real_00587.jpeg,test,real,0,0,5.159441318625113e-09,clean,
real_00114.jpeg,test,real,0,0,0.00043660341179929674,clean,
real_00479.jpeg,test,real,0,0,1.0650958756741602e-05,clean,
real_00488.jpeg,test,real,0,0,0.04876350983977318,clean,
real_00360.jpeg,test,real,0,0,3.637147892732173e-05,clean,
real_00363.jpeg,test,real,0,0,0.10198050737380981,clean,
real_00350.jpeg,test,real,0,0,2.7427441295913013e-07,clean,
real_00441.jpeg,test,real,0,1,0.8260117173194885,clean,
real_00003.jpeg,test,real,0,0,0.49141886830329895,clean,
real_00217.jpeg,test,real,0,0,1.7036078361343243e-06,clean,
real_00465.jpeg,test,real,0,1,0.9944783449172974,clean,
real_00442.jpeg,test,real,0,0,0.0014830685686320066,clean,
real_00233.jpeg,test,real,0,0,0.00012019675341434777,clean,
real_00161.jpeg,test,real,0,0,0.000163733318913728,clean,
real_00412.jpeg,test,real,0,0,0.016581976786255836,clean,
real_00468.jpeg,test,real,0,0,0.002380126854404807,clean,
real_00125.jpeg,test,real,0,0,0.29726681113243103,clean,
real_00186.jpeg,test,real,0,0,7.891526365710888e-07,clean,
real_00172.jpeg,test,real,0,0,2.951977648990578e-06,clean,
real_00467.jpeg,test,real,0,0,0.0020353400614112616,clean,
real_00323.jpeg,test,real,0,0,2.4425191440968774e-05,clean,
real_00203.jpeg,test,real,0,0,0.008948211558163166,clean,
real_00552.jpeg,test,real,0,0,0.03257593512535095,clean,
real_00034.jpeg,test,real,0,0,0.002003948437049985,clean,
real_00142.jpeg,test,real,0,0,0.06976132839918137,clean,
real_00059.jpeg,test,real,0,0,4.3117818648852335e-08,clean,
real_00021.jpeg,test,real,0,0,0.08044003695249557,clean,
real_00525.jpeg,test,real,0,0,0.00010480200580786914,clean,
real_00275.jpeg,test,real,0,0,0.33335521817207336,clean,
real_00430.jpeg,test,real,0,0,0.00011755667946999893,clean,
real_00349.jpeg,test,real,0,0,8.937068862735487e-09,clean,
real_00373.jpeg,test,real,0,1,0.8937119245529175,clean,
real_00078.jpeg,test,real,0,0,0.012231755070388317,clean,
real_00437.jpeg,test,real,0,0,1.6961655546765542e-07,clean,
real_00520.jpeg,test,real,0,0,6.906251655891538e-06,clean,
real_00564.jpeg,test,real,0,0,0.023267962038517,clean,
real_00578.jpeg,test,real,0,0,0.044086672365665436,clean,
real_00225.jpeg,test,real,0,0,0.000984378857538104,clean,
real_00232.jpeg,test,real,0,0,1.9393752154428512e-05,clean,
real_00194.jpeg,test,real,0,0,3.4190972275638387e-10,clean,
real_00278.jpeg,test,real,0,0,2.001177563215606e-06,clean,
real_00168.jpeg,test,real,0,0,5.983181472402066e-05,clean,
real_00145.jpeg,test,real,0,1,0.7164462208747864,clean,
real_00495.jpeg,test,real,0,0,1.5182249626377597e-05,clean,
real_00236.jpeg,test,real,0,0,0.0006106182700023055,clean,
real_00121.jpeg,test,real,0,0,0.009897432290017605,clean,
real_00455.jpeg,test,real,0,0,0.34459590911865234,clean,
real_00177.jpeg,test,real,0,1,0.5275627970695496,clean,
real_00485.jpeg,test,real,0,0,0.0014232777757570148,clean,
real_00136.jpeg,test,real,0,0,0.18620625138282776,clean,
real_00054.jpeg,test,real,0,0,0.00010007889795815572,clean,
real_00470.jpeg,test,real,0,0,5.9513013184187e-06,clean,
real_00118.jpeg,test,real,0,0,3.9550378971853206e-08,clean,
real_00153.jpeg,test,real,0,0,0.002069159410893917,clean,
real_00384.jpeg,test,real,0,0,0.00031455373391509056,clean,
real_00115.jpeg,test,real,0,0,0.005569457542151213,clean,
real_00101.jpeg,test,real,0,0,0.12209931761026382,clean,
real_00327.jpeg,test,real,0,0,0.12037744373083115,clean,
real_00164.jpeg,test,real,0,0,0.00550053408369422,clean,
real_00538.jpeg,test,real,0,0,0.00012429419439285994,clean,
real_00049.jpeg,test,real,0,0,0.23537632822990417,clean,
real_00544.jpeg,test,real,0,0,0.001562280929647386,clean,
real_00154.jpeg,test,real,0,0,6.436017429223284e-06,clean,
real_00215.jpeg,test,real,0,0,0.24242261052131653,clean,
real_00124.jpeg,test,real,0,0,4.1376409853910445e-07,clean,
real_00223.jpeg,test,real,0,0,0.01797613874077797,clean,
real_00065.jpeg,test,real,0,1,0.8905003070831299,clean,
real_00282.jpeg,test,real,0,0,8.189665095414966e-06,clean,
real_00267.jpeg,test,real,0,0,0.001320978975854814,clean,
real_00343.jpeg,test,real,0,0,0.02422899380326271,clean,
real_00421.jpeg,test,real,0,0,1.7193701323803268e-11,clean,
real_00531.jpeg,test,real,0,0,0.001016144291497767,clean,
real_00575.jpeg,test,real,0,0,0.002149671083316207,clean,
real_00290.jpeg,test,real,0,0,8.104665903374553e-05,clean,
real_00336.jpeg,test,real,0,0,1.9868277856271988e-10,clean,
real_00306.jpeg,test,real,0,0,0.1555052548646927,clean,
real_00231.jpeg,test,real,0,0,0.0009371110936626792,clean,
real_00002.jpeg,test,real,0,0,0.11460796743631363,clean,
real_00504.jpeg,test,real,0,0,0.004814806394279003,clean,
real_00536.jpeg,test,real,0,0,0.0001739622966852039,clean,
real_00362.jpeg,test,real,0,0,0.002813371131196618,clean,
real_00199.jpeg,test,real,0,0,0.009336543269455433,clean,
real_00023.jpeg,test,real,0,0,5.583895472227596e-06,clean,
real_00433.jpeg,test,real,0,0,0.20845822989940643,clean,
real_00484.jpeg,test,real,0,0,0.4429207146167755,clean,
real_00110.jpeg,test,real,0,0,6.013613165123388e-05,clean,
real_00305.jpeg,test,real,0,0,0.334876149892807,clean,
real_00352.jpeg,test,real,0,0,0.10970661044120789,clean,
real_00256.jpeg,test,real,0,0,0.007460594177246094,clean,
real_00404.jpeg,test,real,0,0,0.059639666229486465,clean,
real_00523.jpeg,test,real,0,0,0.054447777569293976,clean,
real_00513.jpeg,test,real,0,0,0.25618329644203186,clean,
real_00108.jpeg,test,real,0,0,0.010856111533939838,clean,
real_00119.jpeg,test,real,0,0,0.2541455030441284,clean,
real_00511.jpeg,test,real,0,0,0.05532384291291237,clean,
real_00073.jpeg,test,real,0,0,1.231592938744086e-09,clean,
real_00469.jpeg,test,real,0,0,0.00924073625355959,clean,
real_00035.jpeg,test,real,0,0,1.211968651659845e-06,clean,
real_00427.jpeg,test,real,0,0,6.071012194297509e-06,clean,
real_00000.jpeg,test,real,0,0,0.0005514634540304542,clean,
real_00066.jpeg,test,real,0,0,0.0005167708150111139,clean,
real_00052.jpeg,test,real,0,0,1.0929123163805343e-05,clean,
real_00483.jpeg,test,real,0,0,3.741417685887427e-06,clean,
real_00020.jpeg,test,real,0,1,0.6997111439704895,clean,
real_00540.jpeg,test,real,0,0,0.0007543165702372789,clean,
real_00383.jpeg,test,real,0,0,6.359353574225679e-05,clean,
real_00129.jpeg,test,real,0,0,2.2785033593208937e-07,clean,
real_00505.jpeg,test,real,0,0,1.1253752270345974e-11,clean,
real_00517.jpeg,test,real,0,0,0.001468170084990561,clean,
real_00291.jpeg,test,real,0,0,6.1338946579780895e-06,clean,
real_00328.jpeg,test,real,0,0,0.38905829191207886,clean,
real_00082.jpeg,test,real,0,0,1.2037821406352123e-08,clean,
real_00413.jpeg,test,real,0,0,0.01049098651856184,clean,
real_00201.jpeg,test,real,0,0,0.03058597445487976,clean,
real_00422.jpeg,test,real,0,0,0.414060115814209,clean,
real_00481.jpeg,test,real,0,1,0.9700323343276978,clean,
real_00249.jpeg,test,real,0,0,8.551384780730586e-06,clean,
real_00591.jpeg,test,real,0,1,0.5740042924880981,clean,
real_00103.jpeg,test,real,0,0,0.209745392203331,clean,
real_00058.jpeg,test,real,0,0,1.079516209756548e-08,clean,
real_00029.jpeg,test,real,0,1,0.5320468544960022,clean,
real_00551.jpeg,test,real,0,0,3.3420525141991675e-05,clean,
real_00453.jpeg,test,real,0,1,1.0,clean,
real_00041.jpeg,test,real,0,0,0.000706236925907433,clean,
real_00316.jpeg,test,real,0,0,0.00026470638113096356,clean,
real_00449.jpeg,test,real,0,0,0.0024007908068597317,clean,
real_00198.jpeg,test,real,0,0,0.004307609982788563,clean,
real_00310.jpeg,test,real,0,0,0.01751231588423252,clean,
real_00205.jpeg,test,real,0,0,0.00019059587793890387,clean,
real_00011.jpeg,test,real,0,0,0.0844002217054367,clean,
real_00556.jpeg,test,real,0,0,0.0005055560613982379,clean,
real_00294.jpeg,test,real,0,0,5.819168291054666e-05,clean,
real_00112.jpeg,test,real,0,1,0.8475586771965027,clean,
real_00170.jpeg,test,real,0,0,3.7009747757110745e-05,clean,
real_00569.jpeg,test,real,0,0,2.2162264201597281e-07,clean,
real_00318.jpeg,test,real,0,0,0.0010367447976022959,clean,
real_00397.jpeg,test,real,0,0,0.0001379392488161102,clean,
real_00014.jpeg,test,real,0,0,0.014074355363845825,clean,
real_00196.jpeg,test,real,0,0,7.907871802297566e-17,clean,
real_00191.jpeg,test,real,0,1,0.6210742592811584,clean,
real_00192.jpeg,test,real,0,0,4.689694410586753e-09,clean,
real_00353.jpeg,test,real,0,1,0.6829676628112793,clean,
real_00254.jpeg,test,real,0,0,2.1632376956404187e-06,clean,
real_00169.jpeg,test,real,0,0,4.7352404664025016e-08,clean,
real_00370.jpeg,test,real,0,0,5.151510121259584e-11,clean,
real_00004.jpeg,test,real,0,0,0.020236071199178696,clean,
real_00368.jpeg,test,real,0,0,0.15581485629081726,clean,
real_00417.jpeg,test,real,0,0,0.4964846074581146,clean,
real_00333.jpeg,test,real,0,0,0.01893191784620285,clean,
real_00123.jpeg,test,real,0,0,0.00486570643261075,clean,
real_00380.jpeg,test,real,0,0,0.047970306128263474,clean,
real_00179.jpeg,test,real,0,0,9.488702744420152e-06,clean,
real_00400.jpeg,test,real,0,0,0.00010451586422277614,clean,
real_00369.jpeg,test,real,0,0,0.20223507285118103,clean,
real_00051.jpeg,test,real,0,0,0.374126136302948,clean,
real_00097.jpeg,test,real,0,0,7.372511277026206e-07,clean,
real_00515.jpeg,test,real,0,0,0.0010095075704157352,clean,
real_00446.jpeg,test,real,0,0,0.008514586836099625,clean,
real_00155.jpeg,test,real,0,0,0.007720038760453463,clean,
real_00277.jpeg,test,real,0,0,0.00017045375716406852,clean,
real_00098.jpeg,test,real,0,0,3.942460898542777e-05,clean,
real_00107.jpeg,test,real,0,0,0.13555926084518433,clean,
real_00087.jpeg,test,real,0,0,1.0565809134277515e-06,clean,
real_00565.jpeg,test,real,0,0,0.004830028861761093,clean,
real_00280.jpeg,test,real,0,0,1.845663462063385e-07,clean,
real_00507.jpeg,test,real,0,0,1.0959078089456398e-08,clean,
real_00326.jpeg,test,real,0,0,0.175434410572052,clean,
real_00244.jpeg,test,real,0,0,2.3513196276229173e-15,clean,
real_00033.jpeg,test,real,0,0,0.008380668237805367,clean,
real_00064.jpeg,test,real,0,0,3.6231800437484807e-14,clean,
real_00013.jpeg,test,real,0,0,1.2651987901790562e-08,clean,
real_00183.jpeg,test,real,0,0,0.18584755063056946,clean,
real_00030.jpeg,test,real,0,0,0.0007271073991432786,clean,
real_00474.jpeg,test,real,0,0,0.002864609006792307,clean,
real_00558.jpeg,test,real,0,0,0.012726100161671638,clean,
real_00088.jpeg,test,real,0,0,0.033715661615133286,clean,
real_00436.jpeg,test,real,0,1,0.6867978572845459,clean,
real_00518.jpeg,test,real,0,0,2.437595321680419e-05,clean,
real_00111.jpeg,test,real,0,0,3.9513062802143395e-05,clean,
real_00122.jpeg,test,real,0,0,0.43992558121681213,clean,
real_00461.jpeg,test,real,0,0,0.022727731615304947,clean,
real_00239.jpeg,test,real,0,0,0.00040302061825059354,clean,
real_00408.jpeg,test,real,0,0,3.2508496587979607e-06,clean,
real_00460.jpeg,test,real,0,0,0.0031235283240675926,clean,
real_00138.jpeg,test,real,0,0,0.010329424403607845,clean,
real_00429.jpeg,test,real,0,0,7.424115028697997e-05,clean,
real_00462.jpeg,test,real,0,0,7.014370096043721e-13,clean,
real_00113.jpeg,test,real,0,0,0.3299183249473572,clean,
real_00391.jpeg,test,real,0,0,3.0135150154819712e-05,clean,
real_00303.jpeg,test,real,0,0,2.6684524527809117e-06,clean,
real_00592.jpeg,test,real,0,0,2.639634664281749e-18,clean,
real_00157.jpeg,test,real,0,0,0.01668841950595379,clean,
real_00475.jpeg,test,real,0,0,1.5087177416717168e-05,clean,
real_00071.jpeg,test,real,0,0,0.24682694673538208,clean,
real_00235.jpeg,test,real,0,0,8.565558528061956e-05,clean,
real_00067.jpeg,test,real,0,0,0.00022914067085366696,clean,
real_00502.jpeg,test,real,0,0,0.0038639414124190807,clean,
real_00099.jpeg,test,real,0,0,0.10457941889762878,clean,
real_00508.jpeg,test,real,0,0,0.00021826953161507845,clean,
real_00036.jpeg,test,real,0,0,0.0002245537907583639,clean,
real_00149.jpeg,test,real,0,0,5.667061611647206e-11,clean,
real_00220.jpeg,test,real,0,0,0.0004562409012578428,clean,
real_00418.jpeg,test,real,0,0,0.0004557725042104721,clean,
real_00466.jpeg,test,real,0,0,0.37017399072647095,clean,
real_00120.jpeg,test,real,0,0,0.005165216512978077,clean,
real_00139.jpeg,test,real,0,0,0.21002288162708282,clean,
real_00589.jpeg,test,real,0,1,0.9929554462432861,clean,
real_00276.jpeg,test,real,0,0,0.012459964491426945,clean,
real_00377.jpeg,test,real,0,0,0.10919810831546783,clean,
real_00175.jpeg,test,real,0,0,0.10845907032489777,clean,
real_00001.jpeg,test,real,0,0,0.48066797852516174,clean,
real_00424.jpeg,test,real,0,0,7.572762115160003e-06,clean,
real_00197.jpeg,test,real,0,0,0.00018531865498516709,clean,
real_00246.jpeg,test,real,0,0,0.0018830030458047986,clean,
real_00325.jpeg,test,real,0,0,0.005464224610477686,clean,
real_00150.jpeg,test,real,0,0,3.676185755807637e-08,clean,
real_00501.jpeg,test,real,0,0,5.942128336755559e-05,clean,
real_00428.jpeg,test,real,0,0,0.02894766256213188,clean,
real_00222.jpeg,test,real,0,0,0.2022400051355362,clean,
real_00045.jpeg,test,real,0,0,0.013759134337306023,clean,
real_00338.jpeg,test,real,0,0,0.0006691858870908618,clean,
real_00390.jpeg,test,real,0,0,0.00024972204118967056,clean,
real_00062.jpeg,test,real,0,0,0.2789677381515503,clean,
real_00426.jpeg,test,real,0,0,0.0005557842087000608,clean,
real_00247.jpeg,test,real,0,0,0.0973891094326973,clean,
real_00152.jpeg,test,real,0,0,0.005952415056526661,clean,
real_00156.jpeg,test,real,0,0,0.0006159901386126876,clean,
real_00084.jpeg,test,real,0,0,0.013983651995658875,clean,
real_00212.jpeg,test,real,0,0,0.07016132771968842,clean,
real_00184.jpeg,test,real,0,0,0.017554236575961113,clean,
real_00309.jpeg,test,real,0,0,0.0010146023705601692,clean,
real_00423.jpeg,test,real,0,0,0.26035863161087036,clean,
real_00095.jpeg,test,real,0,0,0.0007880890625528991,clean,
real_00264.jpeg,test,real,0,0,0.0050575570203363895,clean,
real_00105.jpeg,test,real,0,0,0.0370674692094326,clean,
real_00024.jpeg,test,real,0,0,1.5927673402416076e-08,clean,
real_00293.jpeg,test,real,0,0,8.58706869166781e-07,clean,
real_00311.jpeg,test,real,0,0,0.009996209293603897,clean,
real_00032.jpeg,test,real,0,0,0.18577761948108673,clean,
real_00374.jpeg,test,real,0,0,3.504941560095176e-05,clean,
real_00492.jpeg,test,real,0,0,6.890577060403302e-05,clean,
real_00162.jpeg,test,real,0,0,0.01921735517680645,clean,
real_00588.jpeg,test,real,0,0,0.0005709174438379705,clean,
real_00411.jpeg,test,real,0,0,0.0004380715254228562,clean,
real_00241.jpeg,test,real,0,0,0.10682664066553116,clean,
real_00432.jpeg,test,real,0,0,0.41888687014579773,clean,
real_00025.jpeg,test,real,0,0,0.0004743170866277069,clean,
real_00079.jpeg,test,real,0,1,0.5753284096717834,clean,
real_00351.jpeg,test,real,0,0,0.10850236564874649,clean,
real_00590.jpeg,test,real,0,0,8.519389638195207e-09,clean,
real_00240.jpeg,test,real,0,0,0.0003077964938711375,clean,
real_00583.jpeg,test,real,0,0,5.835661431774497e-05,clean,
real_00116.jpeg,test,real,0,0,0.11297972500324249,clean,
real_00081.jpeg,test,real,0,0,0.0010228661121800542,clean,
real_00224.jpeg,test,real,0,0,0.07381366193294525,clean,
real_00372.jpeg,test,real,0,0,0.001994336722418666,clean,
real_00074.jpeg,test,real,0,0,0.00039314079913310707,clean,
real_00555.jpeg,test,real,0,0,6.279437911871355e-06,clean,
real_00399.jpeg,test,real,0,0,1.0357701285101939e-05,clean,
real_00308.jpeg,test,real,0,0,0.04377100244164467,clean,
real_00132.jpeg,test,real,0,0,0.11308538168668747,clean,
real_00478.jpeg,test,real,0,0,0.0123081523925066,clean,
real_00435.jpeg,test,real,0,0,5.345084719010629e-05,clean,
real_00072.jpeg,test,real,0,0,0.002832959173247218,clean,
real_00037.jpeg,test,real,0,0,0.49243655800819397,clean,
real_00272.jpeg,test,real,0,1,0.973100483417511,clean,
real_00102.jpeg,test,real,0,0,0.04124689847230911,clean,
real_00044.jpeg,test,real,0,0,0.05690177530050278,clean,
real_00546.jpeg,test,real,0,0,0.01065805647522211,clean,
real_00146.jpeg,test,real,0,0,4.247950346325524e-05,clean,
real_00361.jpeg,test,real,0,0,0.002781862858682871,clean,
real_00498.jpeg,test,real,0,1,0.6176325678825378,clean,
real_00567.jpeg,test,real,0,0,1.198838077698383e-07,clean,
real_00229.jpeg,test,real,0,0,0.0008916962542571127,clean,
real_00573.jpeg,test,real,0,0,6.612752258661203e-06,clean,
real_00452.jpeg,test,real,0,0,0.13261860609054565,clean,
real_00258.jpeg,test,real,0,0,0.08797513693571091,clean,
real_00581.jpeg,test,real,0,0,0.01230369508266449,clean,
real_00340.jpeg,test,real,0,0,0.12246736139059067,clean,
real_00516.jpeg,test,real,0,0,0.0014521131524816155,clean,
real_00524.jpeg,test,real,0,0,0.0008374238386750221,clean,
real_00554.jpeg,test,real,0,0,0.0019298071274533868,clean,
real_00299.jpeg,test,real,0,0,1.3819738242659696e-08,clean,
real_00439.jpeg,test,real,0,0,0.001557924086228013,clean,
real_00166.jpeg,test,real,0,0,9.015603836814989e-07,clean,
real_00392.jpeg,test,real,0,0,0.03580290079116821,clean,
real_00086.jpeg,test,real,0,0,8.680946848471649e-06,clean,
real_00537.jpeg,test,real,0,0,0.2629873752593994,clean,
real_00431.jpeg,test,real,0,0,4.9712121835909784e-05,clean,
real_00389.jpeg,test,real,0,0,4.71121438749833e-06,clean,
real_00534.jpeg,test,real,0,0,1.1788960364356171e-05,clean,
real_00541.jpeg,test,real,0,0,1.7572649113617445e-08,clean,
real_00094.jpeg,test,real,0,1,0.9842897057533264,clean,
real_00226.jpeg,test,real,0,0,0.0006760695832781494,clean,
real_00200.jpeg,test,real,0,0,0.005591738037765026,clean,
real_00330.jpeg,test,real,0,0,0.0057097687385976315,clean,
real_00091.jpeg,test,real,0,0,0.29710644483566284,clean,
real_00472.jpeg,test,real,0,0,3.332637985020703e-11,clean,
real_00493.jpeg,test,real,0,0,1.9984806840511737e-06,clean,
real_00053.jpeg,test,real,0,0,1.2866881604622904e-07,clean,
real_00298.jpeg,test,real,0,0,0.021896347403526306,clean,
real_00366.jpeg,test,real,0,0,0.0016277225222438574,clean,
real_00182.jpeg,test,real,0,0,2.0043205950059928e-05,clean,
real_00490.jpeg,test,real,0,0,0.007143194321542978,clean,
real_00593.jpeg,test,real,0,0,0.25834569334983826,clean,
real_00137.jpeg,test,real,0,0,0.02331690862774849,clean,
real_00314.jpeg,test,real,0,0,0.06628374010324478,clean,
real_00471.jpeg,test,real,0,0,0.011898191645741463,clean,
real_00365.jpeg,test,real,0,0,0.0007300575380213559,clean,
real_00042.jpeg,test,real,0,0,1.9132784245812218e-09,clean,
real_00448.jpeg,test,real,0,0,0.31307747960090637,clean,
real_00188.jpeg,test,real,0,0,1.3208518794272095e-06,clean,
real_00245.jpeg,test,real,0,0,0.19869869947433472,clean,
real_00509.jpeg,test,real,0,0,5.187544957152568e-06,clean,
real_00265.jpeg,test,real,0,0,0.000570976291783154,clean,
real_00443.jpeg,test,real,0,0,0.00014565589663106948,clean,
real_00284.jpeg,test,real,0,0,0.00271301600150764,clean,
real_00386.jpeg,test,real,0,0,7.732348421995994e-06,clean,
real_00548.jpeg,test,real,0,0,1.3649822676597978e-06,clean,
real_00487.jpeg,test,real,0,0,0.00019720193813554943,clean,
real_00549.jpeg,test,real,0,1,0.7486872673034668,clean,
real_00315.jpeg,test,real,0,0,3.9133861719165e-05,clean,
real_00464.jpeg,test,real,0,0,0.0008533810614608228,clean,
midjourney_00068.png,test,midjourney,1,0,0.01764982007443905,clean,
vqdm_00062.png,test,vqdm,1,0,0.21103893220424652,clean,
adm_00019.png,test,adm,1,1,0.9993763566017151,clean,
midjourney_00077.png,test,midjourney,1,0,0.0006826963508501649,clean,
adm_00074.png,test,adm,1,1,0.9999986886978149,clean,
wukong_00038.png,test,wukong,1,1,0.9999681711196899,clean,
biggan_00049.png,test,biggan,1,1,0.9986304044723511,clean,
midjourney_00036.png,test,midjourney,1,1,0.5640317797660828,clean,
glide_00074.png,test,glide,1,1,0.9997509121894836,clean,
sdv5_00043.png,test,sdv5,1,0,0.25008177757263184,clean,
wukong_00067.png,test,wukong,1,1,0.9916142225265503,clean,
vqdm_00041.png,test,vqdm,1,1,0.9551100134849548,clean,
wukong_00066.png,test,wukong,1,0,0.12809999287128448,clean,
vqdm_00061.png,test,vqdm,1,1,1.0,clean,
biggan_00010.png,test,biggan,1,1,1.0,clean,
midjourney_00011.png,test,midjourney,1,1,0.9997932314872742,clean,
adm_00067.png,test,adm,1,1,0.9999587535858154,clean,
adm_00063.png,test,adm,1,1,0.9997383952140808,clean,
wukong_00015.png,test,wukong,1,1,0.9637126922607422,clean,
vqdm_00004.png,test,vqdm,1,1,0.9690579175949097,clean,
midjourney_00005.png,test,midjourney,1,1,0.5040595531463623,clean,
adm_00014.png,test,adm,1,1,1.0,clean,
glide_00069.png,test,glide,1,1,0.9999985694885254,clean,
vqdm_00010.png,test,vqdm,1,1,1.0,clean,
sdv5_00046.png,test,sdv5,1,1,0.9993287324905396,clean,
wukong_00023.png,test,wukong,1,1,0.902436375617981,clean,
midjourney_00074.png,test,midjourney,1,1,0.8814974427223206,clean,
midjourney_00039.png,test,midjourney,1,1,0.932361900806427,clean,
vqdm_00024.png,test,vqdm,1,1,0.9999978542327881,clean,
wukong_00075.png,test,wukong,1,1,0.8963252902030945,clean,
biggan_00050.png,test,biggan,1,1,1.0,clean,
midjourney_00059.png,test,midjourney,1,1,0.7453251481056213,clean,
biggan_00029.png,test,biggan,1,1,0.9999998807907104,clean,
sdv5_00039.png,test,sdv5,1,1,0.9947152733802795,clean,
glide_00061.png,test,glide,1,0,0.12906190752983093,clean,
biggan_00012.png,test,biggan,1,1,0.9999901056289673,clean,
biggan_00080.png,test,biggan,1,1,1.0,clean,
glide_00053.png,test,glide,1,1,0.9964936375617981,clean,
vqdm_00006.png,test,vqdm,1,1,0.8679614663124084,clean,
adm_00023.png,test,adm,1,1,1.0,clean,
sdv5_00054.png,test,sdv5,1,1,0.9988884329795837,clean,
midjourney_00021.png,test,midjourney,1,1,0.9956240057945251,clean,
vqdm_00065.png,test,vqdm,1,0,0.10036002844572067,clean,
biggan_00055.png,test,biggan,1,1,0.9999744892120361,clean,
wukong_00003.png,test,wukong,1,1,0.9993945360183716,clean,
biggan_00022.png,test,biggan,1,1,0.9720577001571655,clean,
biggan_00081.png,test,biggan,1,1,0.7348662614822388,clean,
vqdm_00049.png,test,vqdm,1,1,0.963546097278595,clean,
sdv5_00076.png,test,sdv5,1,1,0.9999337196350098,clean,
vqdm_00011.png,test,vqdm,1,1,0.996867835521698,clean,
adm_00039.png,test,adm,1,1,1.0,clean,
glide_00023.png,test,glide,1,1,0.9986395239830017,clean,
sdv5_00063.png,test,sdv5,1,1,0.9976133108139038,clean,
biggan_00059.png,test,biggan,1,1,0.9999996423721313,clean,
glide_00015.png,test,glide,1,1,0.9999996423721313,clean,
wukong_00047.png,test,wukong,1,1,0.9318459630012512,clean,
vqdm_00037.png,test,vqdm,1,1,0.99153733253479,clean,
wukong_00080.png,test,wukong,1,1,0.9999887943267822,clean,
midjourney_00076.png,test,midjourney,1,1,0.9986183643341064,clean,
sdv5_00061.png,test,sdv5,1,1,0.9999998807907104,clean,
adm_00029.png,test,adm,1,1,0.9999949932098389,clean,
glide_00039.png,test,glide,1,1,0.9999997615814209,clean,
adm_00072.png,test,adm,1,1,0.9975996613502502,clean,
sdv5_00051.png,test,sdv5,1,1,1.0,clean,
sdv5_00066.png,test,sdv5,1,1,0.8486893177032471,clean,
midjourney_00078.png,test,midjourney,1,1,0.9999891519546509,clean,
vqdm_00017.png,test,vqdm,1,0,0.012247452512383461,clean,
sdv5_00073.png,test,sdv5,1,1,0.9980292916297913,clean,
midjourney_00045.png,test,midjourney,1,1,0.9306157827377319,clean,
vqdm_00073.png,test,vqdm,1,1,0.6919798254966736,clean,
sdv5_00008.png,test,sdv5,1,1,0.9999840259552002,clean,
midjourney_00061.png,test,midjourney,1,0,0.049863576889038086,clean,
adm_00015.png,test,adm,1,1,0.9999998807907104,clean,
vqdm_00068.png,test,vqdm,1,1,0.9833974242210388,clean,
midjourney_00053.png,test,midjourney,1,1,0.9999982118606567,clean,
sdv5_00050.png,test,sdv5,1,1,0.999581515789032,clean,
glide_00050.png,test,glide,1,1,0.9999998807907104,clean,
midjourney_00069.png,test,midjourney,1,1,0.6049802899360657,clean,
glide_00038.png,test,glide,1,1,0.9997575879096985,clean,
biggan_00011.png,test,biggan,1,1,0.9813119769096375,clean,
biggan_00082.png,test,biggan,1,1,0.9999754428863525,clean,
wukong_00005.png,test,wukong,1,1,0.999893069267273,clean,
wukong_00014.png,test,wukong,1,1,0.999941349029541,clean,
midjourney_00071.png,test,midjourney,1,0,0.006289463955909014,clean,
midjourney_00009.png,test,midjourney,1,1,0.6986677050590515,clean,
midjourney_00044.png,test,midjourney,1,1,0.9753853678703308,clean,
biggan_00017.png,test,biggan,1,1,0.9999397993087769,clean,
glide_00082.png,test,glide,1,1,0.9988476037979126,clean,
glide_00037.png,test,glide,1,0,0.3789370357990265,clean,
adm_00027.png,test,adm,1,1,0.9999276399612427,clean,
midjourney_00024.png,test,midjourney,1,1,0.999998927116394,clean,
glide_00033.png,test,glide,1,1,0.9999980926513672,clean,
midjourney_00007.png,test,midjourney,1,1,0.9855965971946716,clean,
sdv5_00072.png,test,sdv5,1,1,0.6935890913009644,clean,
wukong_00022.png,test,wukong,1,1,0.9985824823379517,clean,
vqdm_00032.png,test,vqdm,1,0,0.0009836176177486777,clean,
glide_00009.png,test,glide,1,1,1.0,clean,
biggan_00030.png,test,biggan,1,1,0.982954204082489,clean,
wukong_00057.png,test,wukong,1,1,0.9589765667915344,clean,
adm_00079.png,test,adm,1,1,1.0,clean,
vqdm_00031.png,test,vqdm,1,1,0.9879751801490784,clean,
glide_00010.png,test,glide,1,1,1.0,clean,
wukong_00009.png,test,wukong,1,1,0.9984757304191589,clean,
glide_00013.png,test,glide,1,1,0.9995630383491516,clean,
vqdm_00023.png,test,vqdm,1,1,0.5619804263114929,clean,
sdv5_00011.png,test,sdv5,1,1,0.9888867735862732,clean,
sdv5_00047.png,test,sdv5,1,1,0.999991774559021,clean,
sdv5_00009.png,test,sdv5,1,1,0.9700915813446045,clean,
sdv5_00010.png,test,sdv5,1,1,0.9339901208877563,clean,
glide_00076.png,test,glide,1,1,1.0,clean,
adm_00081.png,test,adm,1,1,0.999998927116394,clean,
sdv5_00023.png,test,sdv5,1,1,0.9999780654907227,clean,
biggan_00003.png,test,biggan,1,1,0.9998847246170044,clean,
wukong_00061.png,test,wukong,1,1,0.6361591815948486,clean,
adm_00085.png,test,adm,1,1,0.9870033860206604,clean,
midjourney_00014.png,test,midjourney,1,1,0.9556778073310852,clean,
vqdm_00042.png,test,vqdm,1,1,0.9991068243980408,clean,
wukong_00076.png,test,wukong,1,1,0.9993108510971069,clean,
vqdm_00035.png,test,vqdm,1,1,0.6531538963317871,clean,
sdv5_00037.png,test,sdv5,1,1,0.6762850284576416,clean,
biggan_00000.png,test,biggan,1,1,0.9999964237213135,clean,
sdv5_00053.png,test,sdv5,1,1,0.9999991655349731,clean,
midjourney_00034.png,test,midjourney,1,1,0.9968716502189636,clean,
wukong_00033.png,test,wukong,1,1,0.9432145953178406,clean,
glide_00011.png,test,glide,1,1,0.9996238946914673,clean,
glide_00008.png,test,glide,1,1,0.9999998807907104,clean,
adm_00044.png,test,adm,1,1,0.9836861491203308,clean,
sdv5_00029.png,test,sdv5,1,1,0.9999747276306152,clean,
sdv5_00081.png,test,sdv5,1,1,0.9999904632568359,clean,
sdv5_00040.png,test,sdv5,1,1,0.5059831142425537,clean,
adm_00042.png,test,adm,1,1,0.9999736547470093,clean,
sdv5_00059.png,test,sdv5,1,1,0.9613252878189087,clean,
wukong_00017.png,test,wukong,1,1,0.9999291896820068,clean,
wukong_00058.png,test,wukong,1,1,0.9999986886978149,clean,
adm_00086.png,test,adm,1,1,0.9999998807907104,clean,
midjourney_00049.png,test,midjourney,1,1,0.979606568813324,clean,
midjourney_00065.png,test,midjourney,1,1,0.9999998807907104,clean,
midjourney_00006.png,test,midjourney,1,1,0.9836236238479614,clean,
wukong_00079.png,test,wukong,1,1,0.9995296001434326,clean,
sdv5_00085.png,test,sdv5,1,1,1.0,clean,
sdv5_00065.png,test,sdv5,1,1,0.9650469422340393,clean,
wukong_00037.png,test,wukong,1,1,0.9772694110870361,clean,
biggan_00032.png,test,biggan,1,1,0.9998036026954651,clean,
wukong_00011.png,test,wukong,1,1,0.999976634979248,clean,
biggan_00053.png,test,biggan,1,1,1.0,clean,
sdv5_00005.png,test,sdv5,1,1,0.9783217310905457,clean,
adm_00057.png,test,adm,1,1,0.9751171469688416,clean,
wukong_00024.png,test,wukong,1,1,0.9949972629547119,clean,
glide_00056.png,test,glide,1,1,1.0,clean,
adm_00004.png,test,adm,1,1,1.0,clean,
midjourney_00081.png,test,midjourney,1,0,0.00037848108331672847,clean,
sdv5_00083.png,test,sdv5,1,0,0.047517940402030945,clean,
glide_00042.png,test,glide,1,1,0.9999750852584839,clean,
glide_00029.png,test,glide,1,1,0.8319520354270935,clean,
vqdm_00022.png,test,vqdm,1,1,0.99928218126297,clean,
adm_00007.png,test,adm,1,1,0.9999793767929077,clean,
vqdm_00082.png,test,vqdm,1,0,0.34297454357147217,clean,
glide_00052.png,test,glide,1,1,1.0,clean,
adm_00066.png,test,adm,1,1,0.9740176200866699,clean,
sdv5_00026.png,test,sdv5,1,1,0.5156049132347107,clean,
wukong_00004.png,test,wukong,1,1,0.9999963045120239,clean,
wukong_00034.png,test,wukong,1,1,0.9997310042381287,clean,
adm_00073.png,test,adm,1,1,0.9999997615814209,clean,
sdv5_00056.png,test,sdv5,1,1,0.9011369347572327,clean,
adm_00050.png,test,adm,1,1,0.9915334582328796,clean,
biggan_00004.png,test,biggan,1,1,0.999955415725708,clean,
midjourney_00063.png,test,midjourney,1,1,0.9130178689956665,clean,
glide_00007.png,test,glide,1,1,0.9451491832733154,clean,
vqdm_00059.png,test,vqdm,1,0,0.4742571711540222,clean,
midjourney_00051.png,test,midjourney,1,0,0.14375440776348114,clean,
adm_00040.png,test,adm,1,1,0.9851318001747131,clean,
vqdm_00046.png,test,vqdm,1,0,0.4824335277080536,clean,
glide_00071.png,test,glide,1,1,0.9999982118606567,clean,
midjourney_00040.png,test,midjourney,1,1,0.8187536597251892,clean,
biggan_00056.png,test,biggan,1,1,0.9962605834007263,clean,
wukong_00030.png,test,wukong,1,1,0.9338828921318054,clean,
adm_00045.png,test,adm,1,1,0.9999988079071045,clean,
vqdm_00069.png,test,vqdm,1,1,0.9569701552391052,clean,
sdv5_00013.png,test,sdv5,1,1,0.9788993000984192,clean,
adm_00058.png,test,adm,1,1,0.9873502850532532,clean,
biggan_00037.png,test,biggan,1,1,1.0,clean,
vqdm_00039.png,test,vqdm,1,1,0.9994785189628601,clean,
sdv5_00034.png,test,sdv5,1,1,0.9999386072158813,clean,
glide_00047.png,test,glide,1,1,0.9988143444061279,clean,
biggan_00063.png,test,biggan,1,1,0.9999997615814209,clean,
glide_00045.png,test,glide,1,1,0.9133939146995544,clean,
wukong_00027.png,test,wukong,1,1,0.9930025935173035,clean,
vqdm_00027.png,test,vqdm,1,0,0.1826290637254715,clean,
glide_00024.png,test,glide,1,1,0.9999994039535522,clean,
wukong_00085.png,test,wukong,1,1,0.9996442794799805,clean,
glide_00043.png,test,glide,1,1,0.9999994039535522,clean,
vqdm_00055.png,test,vqdm,1,1,0.996565043926239,clean,
midjourney_00057.png,test,midjourney,1,1,0.999911904335022,clean,
wukong_00062.png,test,wukong,1,1,0.9475825428962708,clean,
sdv5_00007.png,test,sdv5,1,1,0.9979739785194397,clean,
biggan_00043.png,test,biggan,1,1,0.618696928024292,clean,
adm_00083.png,test,adm,1,1,0.9999357461929321,clean,
adm_00052.png,test,adm,1,1,0.9999967813491821,clean,
wukong_00032.png,test,wukong,1,1,0.998788058757782,clean,
midjourney_00047.png,test,midjourney,1,1,0.9999744892120361,clean,
midjourney_00072.png,test,midjourney,1,1,0.9996138215065002,clean,
wukong_00010.png,test,wukong,1,1,0.9975706934928894,clean,
sdv5_00021.png,test,sdv5,1,1,0.9954169988632202,clean,
biggan_00009.png,test,biggan,1,1,0.9841815233230591,clean,
wukong_00043.png,test,wukong,1,1,0.9998202919960022,clean,
vqdm_00034.png,test,vqdm,1,1,0.9720146656036377,clean,
biggan_00023.png,test,biggan,1,1,0.9998406171798706,clean,
glide_00080.png,test,glide,1,1,0.9999995231628418,clean,
midjourney_00008.png,test,midjourney,1,1,0.68944251537323,clean,
biggan_00024.png,test,biggan,1,1,0.9999995231628418,clean,
midjourney_00002.png,test,midjourney,1,1,0.9381617307662964,clean,
midjourney_00000.png,test,midjourney,1,1,0.8480472564697266,clean,
adm_00084.png,test,adm,1,1,1.0,clean,
biggan_00042.png,test,biggan,1,1,0.9999927282333374,clean,
wukong_00018.png,test,wukong,1,1,0.999997615814209,clean,
vqdm_00021.png,test,vqdm,1,1,0.9781734347343445,clean,
sdv5_00057.png,test,sdv5,1,1,0.9739461541175842,clean,
midjourney_00029.png,test,midjourney,1,1,0.7259048223495483,clean,
sdv5_00004.png,test,sdv5,1,0,0.4889998733997345,clean,
wukong_00063.png,test,wukong,1,0,0.2683502435684204,clean,
glide_00057.png,test,glide,1,1,0.9996480941772461,clean,
wukong_00074.png,test,wukong,1,0,0.28376251459121704,clean,
adm_00070.png,test,adm,1,1,0.9985709190368652,clean,
midjourney_00018.png,test,midjourney,1,1,0.9994018077850342,clean,
vqdm_00081.png,test,vqdm,1,1,0.8349535465240479,clean,
vqdm_00075.png,test,vqdm,1,1,0.9216299057006836,clean,
glide_00059.png,test,glide,1,1,0.9951489567756653,clean,
vqdm_00002.png,test,vqdm,1,0,0.20819932222366333,clean,
biggan_00045.png,test,biggan,1,1,1.0,clean,
sdv5_00075.png,test,sdv5,1,1,0.9779677391052246,clean,
sdv5_00055.png,test,sdv5,1,0,0.07499999552965164,clean,
wukong_00013.png,test,wukong,1,1,0.9999818801879883,clean,
adm_00068.png,test,adm,1,1,0.9999058246612549,clean,
midjourney_00010.png,test,midjourney,1,0,0.2182358354330063,clean,
midjourney_00030.png,test,midjourney,1,1,0.9934472441673279,clean,
sdv5_00074.png,test,sdv5,1,1,0.9999929666519165,clean,
vqdm_00072.png,test,vqdm,1,1,0.9922811388969421,clean,
wukong_00031.png,test,wukong,1,1,0.999993085861206,clean,
vqdm_00080.png,test,vqdm,1,1,0.9988623857498169,clean,
midjourney_00043.png,test,midjourney,1,0,0.035898659378290176,clean,
vqdm_00001.png,test,vqdm,1,1,0.7955998778343201,clean,
glide_00021.png,test,glide,1,1,0.9999926090240479,clean,
midjourney_00037.png,test,midjourney,1,0,0.009502663277089596,clean,
biggan_00031.png,test,biggan,1,1,0.9999998807907104,clean,
wukong_00072.png,test,wukong,1,1,0.9798754453659058,clean,
midjourney_00055.png,test,midjourney,1,1,0.9987518787384033,clean,
glide_00070.png,test,glide,1,1,1.0,clean,
biggan_00057.png,test,biggan,1,1,0.9976480603218079,clean,
midjourney_00075.png,test,midjourney,1,1,0.9983431100845337,clean,
vqdm_00048.png,test,vqdm,1,1,0.9464726448059082,clean,
glide_00034.png,test,glide,1,1,1.0,clean,
sdv5_00078.png,test,sdv5,1,1,0.913715660572052,clean,
midjourney_00062.png,test,midjourney,1,1,0.6705304384231567,clean,
adm_00031.png,test,adm,1,0,0.4414544403553009,clean,
midjourney_00026.png,test,midjourney,1,1,0.7845082879066467,clean,
vqdm_00000.png,test,vqdm,1,1,0.8843103647232056,clean,
adm_00020.png,test,adm,1,1,0.9983745813369751,clean,
adm_00012.png,test,adm,1,1,0.9999897480010986,clean,
adm_00030.png,test,adm,1,1,0.9999973773956299,clean,
midjourney_00070.png,test,midjourney,1,1,0.8656415939331055,clean,
adm_00041.png,test,adm,1,1,0.9998890161514282,clean,
adm_00078.png,test,adm,1,1,0.9999974966049194,clean,
wukong_00068.png,test,wukong,1,1,0.9098594784736633,clean,
biggan_00008.png,test,biggan,1,1,0.9908089637756348,clean,
adm_00069.png,test,adm,1,1,1.0,clean,
vqdm_00056.png,test,vqdm,1,1,0.9999727010726929,clean,
sdv5_00036.png,test,sdv5,1,1,0.9983623623847961,clean,
vqdm_00079.png,test,vqdm,1,1,0.9695209264755249,clean,
midjourney_00017.png,test,midjourney,1,1,0.5933518409729004,clean,
biggan_00033.png,test,biggan,1,1,0.999995231628418,clean,
biggan_00018.png,test,biggan,1,1,0.9999934434890747,clean,
sdv5_00001.png,test,sdv5,1,1,0.7154070734977722,clean,
sdv5_00020.png,test,sdv5,1,1,0.981507420539856,clean,
biggan_00048.png,test,biggan,1,1,0.9995843768119812,clean,
biggan_00058.png,test,biggan,1,1,1.0,clean,
midjourney_00066.png,test,midjourney,1,0,0.38411465287208557,clean,
midjourney_00080.png,test,midjourney,1,0,0.31877321004867554,clean,
adm_00005.png,test,adm,1,1,0.9999984502792358,clean,
adm_00003.png,test,adm,1,1,0.9999984502792358,clean,
adm_00024.png,test,adm,1,1,0.9998373985290527,clean,
sdv5_00000.png,test,sdv5,1,1,0.9999219179153442,clean,
biggan_00001.png,test,biggan,1,1,0.999790608882904,clean,
vqdm_00014.png,test,vqdm,1,1,0.9994550347328186,clean,
biggan_00028.png,test,biggan,1,1,1.0,clean,
midjourney_00028.png,test,midjourney,1,0,0.07081451267004013,clean,
biggan_00027.png,test,biggan,1,1,0.9998329877853394,clean,
sdv5_00049.png,test,sdv5,1,1,0.9999220371246338,clean,
vqdm_00029.png,test,vqdm,1,1,0.9955850839614868,clean,
adm_00035.png,test,adm,1,1,0.9999769926071167,clean,
adm_00011.png,test,adm,1,1,1.0,clean,
biggan_00078.png,test,biggan,1,1,0.9999853372573853,clean,
midjourney_00013.png,test,midjourney,1,1,0.9913950562477112,clean,
sdv5_00067.png,test,sdv5,1,1,0.9748479127883911,clean,
biggan_00006.png,test,biggan,1,1,0.9994418025016785,clean,
vqdm_00078.png,test,vqdm,1,1,0.5178540945053101,clean,
glide_00049.png,test,glide,1,1,0.9981321692466736,clean,
midjourney_00050.png,test,midjourney,1,1,0.9999392032623291,clean,
glide_00017.png,test,glide,1,1,1.0,clean,
wukong_00008.png,test,wukong,1,1,0.9998974800109863,clean,
sdv5_00014.png,test,sdv5,1,1,0.9746047258377075,clean,
biggan_00052.png,test,biggan,1,1,0.9109281301498413,clean,
wukong_00059.png,test,wukong,1,1,0.9834898710250854,clean,
glide_00078.png,test,glide,1,1,1.0,clean,
adm_00034.png,test,adm,1,1,1.0,clean,
wukong_00006.png,test,wukong,1,1,0.930930495262146,clean,
biggan_00046.png,test,biggan,1,1,1.0,clean,
wukong_00073.png,test,wukong,1,1,0.5572040677070618,clean,
midjourney_00046.png,test,midjourney,1,1,0.9997859597206116,clean,
glide_00068.png,test,glide,1,1,0.9999990463256836,clean,
midjourney_00058.png,test,midjourney,1,1,0.6275762915611267,clean,
glide_00001.png,test,glide,1,1,0.9999972581863403,clean,
glide_00041.png,test,glide,1,1,1.0,clean,
glide_00014.png,test,glide,1,1,0.978548526763916,clean,
adm_00013.png,test,adm,1,1,0.9959719777107239,clean,
glide_00063.png,test,glide,1,1,0.999998927116394,clean,
wukong_00045.png,test,wukong,1,1,0.9907580614089966,clean,
biggan_00079.png,test,biggan,1,1,0.9999963045120239,clean,
adm_00002.png,test,adm,1,1,1.0,clean,
midjourney_00041.png,test,midjourney,1,1,0.9995884299278259,clean,
vqdm_00044.png,test,vqdm,1,1,0.9997956156730652,clean,
adm_00043.png,test,adm,1,1,0.9484956860542297,clean,
sdv5_00017.png,test,sdv5,1,1,0.9997431635856628,clean,
vqdm_00052.png,test,vqdm,1,1,0.7138418555259705,clean,
adm_00036.png,test,adm,1,1,0.9997391104698181,clean,
biggan_00083.png,test,biggan,1,1,0.98751300573349,clean,
glide_00020.png,test,glide,1,1,1.0,clean,
midjourney_00054.png,test,midjourney,1,0,0.208768829703331,clean,
adm_00032.png,test,adm,1,1,0.9999781847000122,clean,
glide_00058.png,test,glide,1,1,0.9999529123306274,clean,
vqdm_00008.png,test,vqdm,1,1,0.9988364577293396,clean,
adm_00026.png,test,adm,1,1,0.9999994039535522,clean,
midjourney_00082.png,test,midjourney,1,1,0.9911921620368958,clean,
wukong_00012.png,test,wukong,1,1,0.9973069429397583,clean,
glide_00048.png,test,glide,1,1,0.9093680381774902,clean,
midjourney_00033.png,test,midjourney,1,1,0.9999665021896362,clean,
vqdm_00060.png,test,vqdm,1,1,0.9952711462974548,clean,
wukong_00052.png,test,wukong,1,1,0.9999998807907104,clean,
adm_00021.png,test,adm,1,1,0.9960830211639404,clean,
wukong_00042.png,test,wukong,1,1,0.8714285492897034,clean,
vqdm_00071.png,test,vqdm,1,1,0.9999074935913086,clean,
glide_00026.png,test,glide,1,1,1.0,clean,
biggan_00019.png,test,biggan,1,1,0.9999969005584717,clean,
glide_00051.png,test,glide,1,1,0.9993785619735718,clean,
adm_00056.png,test,adm,1,1,0.9995998740196228,clean,
glide_00012.png,test,glide,1,1,1.0,clean,
adm_00017.png,test,adm,1,1,0.8892115354537964,clean,
wukong_00020.png,test,wukong,1,1,0.9982372522354126,clean,
sdv5_00069.png,test,sdv5,1,1,0.9642571210861206,clean,
vqdm_00064.png,test,vqdm,1,1,0.8311523795127869,clean,
wukong_00050.png,test,wukong,1,1,0.9976332187652588,clean,
glide_00032.png,test,glide,1,1,0.9999947547912598,clean,
glide_00040.png,test,glide,1,1,0.9999881982803345,clean,
glide_00064.png,test,glide,1,1,0.8921522498130798,clean,
adm_00016.png,test,adm,1,1,0.9894165396690369,clean,
biggan_00066.png,test,biggan,1,1,1.0,clean,
vqdm_00013.png,test,vqdm,1,0,0.025979379191994667,clean,
sdv5_00024.png,test,sdv5,1,1,0.9189407825469971,clean,
sdv5_00030.png,test,sdv5,1,1,0.9968686699867249,clean,
wukong_00051.png,test,wukong,1,1,0.9979569911956787,clean,
sdv5_00077.png,test,sdv5,1,1,0.9999997615814209,clean,
biggan_00013.png,test,biggan,1,1,0.9998581409454346,clean,
wukong_00064.png,test,wukong,1,1,0.999984622001648,clean,
vqdm_00025.png,test,vqdm,1,1,0.9703331589698792,clean,
glide_00002.png,test,glide,1,1,1.0,clean,
midjourney_00079.png,test,midjourney,1,1,0.7129371762275696,clean,
wukong_00039.png,test,wukong,1,1,0.7993617653846741,clean,
vqdm_00020.png,test,vqdm,1,1,0.9977782368659973,clean,
sdv5_00032.png,test,sdv5,1,1,0.9942508935928345,clean,
sdv5_00003.png,test,sdv5,1,0,0.11231021583080292,clean,
wukong_00078.png,test,wukong,1,1,0.9968814849853516,clean,
wukong_00065.png,test,wukong,1,1,0.9999226331710815,clean,
biggan_00014.png,test,biggan,1,1,0.9998993873596191,clean,
adm_00006.png,test,adm,1,1,1.0,clean,
wukong_00056.png,test,wukong,1,1,0.9999905824661255,clean,
biggan_00005.png,test,biggan,1,1,1.0,clean,
wukong_00002.png,test,wukong,1,1,0.7415708303451538,clean,
wukong_00055.png,test,wukong,1,0,0.10313917696475983,clean,
sdv5_00016.png,test,sdv5,1,1,0.8296056985855103,clean,
biggan_00065.png,test,biggan,1,0,0.37837889790534973,clean,
vqdm_00019.png,test,vqdm,1,1,0.5213478803634644,clean,
adm_00038.png,test,adm,1,1,0.9999979734420776,clean,
sdv5_00044.png,test,sdv5,1,1,0.875619649887085,clean,
midjourney_00084.png,test,midjourney,1,1,0.9998655319213867,clean,
midjourney_00025.png,test,midjourney,1,0,0.09480325132608414,clean,
biggan_00061.png,test,biggan,1,1,0.9990606904029846,clean,
sdv5_00071.png,test,sdv5,1,1,0.9999990463256836,clean,
biggan_00074.png,test,biggan,1,1,1.0,clean,
vqdm_00077.png,test,vqdm,1,0,0.20925761759281158,clean,
midjourney_00001.png,test,midjourney,1,1,0.9996823072433472,clean,
biggan_00069.png,test,biggan,1,1,0.9934192299842834,clean,
glide_00005.png,test,glide,1,1,0.9999996423721313,clean,
sdv5_00015.png,test,sdv5,1,1,0.8042109608650208,clean,
vqdm_00012.png,test,vqdm,1,1,0.856987476348877,clean,
wukong_00077.png,test,wukong,1,0,0.37056949734687805,clean,
midjourney_00023.png,test,midjourney,1,0,0.23189273476600647,clean,
sdv5_00045.png,test,sdv5,1,1,0.9026293158531189,clean,
adm_00033.png,test,adm,1,1,0.999835729598999,clean,
wukong_00083.png,test,wukong,1,1,0.9883954524993896,clean,
biggan_00034.png,test,biggan,1,1,1.0,clean,
biggan_00070.png,test,biggan,1,1,0.999480664730072,clean,
biggan_00076.png,test,biggan,1,1,0.871271550655365,clean,
midjourney_00067.png,test,midjourney,1,1,0.6887333393096924,clean,
biggan_00062.png,test,biggan,1,1,0.9995180368423462,clean,
midjourney_00027.png,test,midjourney,1,1,0.961310088634491,clean,
biggan_00077.png,test,biggan,1,1,0.9999933242797852,clean,
wukong_00053.png,test,wukong,1,1,0.9999998807907104,clean,
sdv5_00080.png,test,sdv5,1,1,1.0,clean,
glide_00035.png,test,glide,1,0,0.26957324147224426,clean,
adm_00022.png,test,adm,1,1,0.9999997615814209,clean,
vqdm_00070.png,test,vqdm,1,0,0.36552929878234863,clean,
wukong_00019.png,test,wukong,1,1,0.9224219918251038,clean,
glide_00036.png,test,glide,1,1,0.9969139099121094,clean,
adm_00054.png,test,adm,1,1,0.9999982118606567,clean,
glide_00060.png,test,glide,1,1,0.9999985694885254,clean,
adm_00061.png,test,adm,1,1,0.9999994039535522,clean,
vqdm_00028.png,test,vqdm,1,1,0.9478273987770081,clean,
vqdm_00026.png,test,vqdm,1,1,0.797950267791748,clean,
vqdm_00054.png,test,vqdm,1,0,0.006496970541775227,clean,
biggan_00021.png,test,biggan,1,1,0.862599790096283,clean,
vqdm_00005.png,test,vqdm,1,1,0.9994367957115173,clean,
glide_00055.png,test,glide,1,1,0.9995788931846619,clean,
biggan_00075.png,test,biggan,1,0,0.40768536925315857,clean,
wukong_00046.png,test,wukong,1,1,1.0,clean,
wukong_00084.png,test,wukong,1,1,0.8862252831459045,clean,
wukong_00025.png,test,wukong,1,1,0.9938856959342957,clean,
vqdm_00009.png,test,vqdm,1,1,0.9964042901992798,clean,
glide_00019.png,test,glide,1,1,1.0,clean,
biggan_00040.png,test,biggan,1,1,1.0,clean,
vqdm_00007.png,test,vqdm,1,1,0.9912742972373962,clean,
vqdm_00076.png,test,vqdm,1,1,0.5260531902313232,clean,
glide_00066.png,test,glide,1,1,0.8009770512580872,clean,
biggan_00073.png,test,biggan,1,1,0.9999933242797852,clean,
glide_00072.png,test,glide,1,1,0.9999998807907104,clean,
midjourney_00038.png,test,midjourney,1,1,0.6220917105674744,clean,
vqdm_00016.png,test,vqdm,1,0,0.0019044872606173158,clean,
glide_00006.png,test,glide,1,1,0.999301552772522,clean,
glide_00065.png,test,glide,1,1,0.9999924898147583,clean,
adm_00055.png,test,adm,1,1,0.9999918937683105,clean,
midjourney_00073.png,test,midjourney,1,1,0.8931626081466675,clean,
midjourney_00020.png,test,midjourney,1,1,0.880580484867096,clean,
sdv5_00012.png,test,sdv5,1,1,0.9998587369918823,clean,
wukong_00028.png,test,wukong,1,1,0.9634316563606262,clean,
midjourney_00056.png,test,midjourney,1,1,0.8985916376113892,clean,
vqdm_00067.png,test,vqdm,1,0,0.037710316479206085,clean,
adm_00037.png,test,adm,1,1,1.0,clean,
adm_00064.png,test,adm,1,1,0.9996826648712158,clean,
vqdm_00084.png,test,vqdm,1,1,0.999998927116394,clean,
sdv5_00052.png,test,sdv5,1,1,0.9996849298477173,clean,
biggan_00035.png,test,biggan,1,1,0.9999991655349731,clean,
vqdm_00043.png,test,vqdm,1,1,0.9495148062705994,clean,
adm_00028.png,test,adm,1,1,0.9993892908096313,clean,
glide_00027.png,test,glide,1,1,0.9701340198516846,clean,
sdv5_00042.png,test,sdv5,1,1,0.994110643863678,clean,
glide_00084.png,test,glide,1,1,0.9999920129776001,clean,
sdv5_00025.png,test,sdv5,1,1,0.9809513092041016,clean,
adm_00009.png,test,adm,1,1,0.8011277914047241,clean,
sdv5_00031.png,test,sdv5,1,1,1.0,clean,
wukong_00000.png,test,wukong,1,1,0.9914366602897644,clean,
wukong_00069.png,test,wukong,1,1,0.7514649629592896,clean,
biggan_00015.png,test,biggan,1,1,0.9999117851257324,clean,
glide_00062.png,test,glide,1,1,0.9999923706054688,clean,
adm_00076.png,test,adm,1,1,1.0,clean,
vqdm_00015.png,test,vqdm,1,1,0.9947762489318848,clean,
sdv5_00079.png,test,sdv5,1,1,0.9999983310699463,clean,
glide_00083.png,test,glide,1,1,0.9999979734420776,clean,
biggan_00039.png,test,biggan,1,1,0.994491696357727,clean,
adm_00080.png,test,adm,1,1,1.0,clean,
midjourney_00064.png,test,midjourney,1,1,0.9999336004257202,clean,
sdv5_00070.png,test,sdv5,1,1,0.9850192070007324,clean,
glide_00073.png,test,glide,1,1,0.9999754428863525,clean,
vqdm_00018.png,test,vqdm,1,1,0.9999979734420776,clean,
adm_00053.png,test,adm,1,1,0.9952607750892639,clean,
biggan_00084.png,test,biggan,1,1,0.9970801472663879,clean,
adm_00018.png,test,adm,1,1,0.9991174340248108,clean,
sdv5_00018.png,test,sdv5,1,1,0.9867017865180969,clean,
biggan_00020.png,test,biggan,1,1,1.0,clean,
vqdm_00066.png,test,vqdm,1,1,0.9989393353462219,clean,
adm_00048.png,test,adm,1,1,0.9985442161560059,clean,
glide_00077.png,test,glide,1,1,0.859941303730011,clean,
glide_00000.png,test,glide,1,1,0.9999927282333374,clean,
vqdm_00033.png,test,vqdm,1,1,0.8333741426467896,clean,
glide_00081.png,test,glide,1,1,1.0,clean,
adm_00075.png,test,adm,1,1,0.999765932559967,clean,
midjourney_00012.png,test,midjourney,1,1,0.9999568462371826,clean,
glide_00028.png,test,glide,1,1,1.0,clean,
vqdm_00057.png,test,vqdm,1,1,0.9999997615814209,clean,
sdv5_00068.png,test,sdv5,1,1,0.8740246295928955,clean,
vqdm_00036.png,test,vqdm,1,0,0.07427099347114563,clean,
adm_00001.png,test,adm,1,1,0.9999955892562866,clean,
biggan_00054.png,test,biggan,1,1,0.9993798732757568,clean,
vqdm_00058.png,test,vqdm,1,1,0.9936936497688293,clean,
sdv5_00035.png,test,sdv5,1,1,0.9936538934707642,clean,
glide_00018.png,test,glide,1,0,0.01954532228410244,clean,
adm_00008.png,test,adm,1,1,0.9999997615814209,clean,
biggan_00067.png,test,biggan,1,1,0.9999899864196777,clean,
glide_00004.png,test,glide,1,1,0.9999886751174927,clean,
midjourney_00083.png,test,midjourney,1,1,0.9511720538139343,clean,
wukong_00026.png,test,wukong,1,1,0.9998651742935181,clean,
sdv5_00028.png,test,sdv5,1,1,0.6546558141708374,clean,
midjourney_00042.png,test,midjourney,1,1,0.9999767541885376,clean,
adm_00060.png,test,adm,1,1,0.9489518404006958,clean,
glide_00003.png,test,glide,1,1,0.9999990463256836,clean,
glide_00025.png,test,glide,1,1,0.9999655485153198,clean,
biggan_00026.png,test,biggan,1,1,0.9526981115341187,clean,
adm_00077.png,test,adm,1,1,1.0,clean,
adm_00047.png,test,adm,1,1,0.9999923706054688,clean,
sdv5_00033.png,test,sdv5,1,1,0.9994454979896545,clean,
midjourney_00032.png,test,midjourney,1,1,0.9818131923675537,clean,
biggan_00064.png,test,biggan,1,1,0.99788898229599,clean,
vqdm_00074.png,test,vqdm,1,1,0.999997615814209,clean,
biggan_00038.png,test,biggan,1,1,0.9993714690208435,clean,
adm_00082.png,test,adm,1,1,1.0,clean,
wukong_00007.png,test,wukong,1,1,0.9103839993476868,clean,
wukong_00060.png,test,wukong,1,1,1.0,clean,
sdv5_00041.png,test,sdv5,1,1,0.9969570636749268,clean,
vqdm_00038.png,test,vqdm,1,1,0.9990806579589844,clean,
wukong_00001.png,test,wukong,1,1,0.9999994039535522,clean,
midjourney_00015.png,test,midjourney,1,1,0.9999741315841675,clean,
biggan_00047.png,test,biggan,1,1,0.9999994039535522,clean,
glide_00030.png,test,glide,1,1,0.9995100498199463,clean,
vqdm_00047.png,test,vqdm,1,1,0.9653161764144897,clean,
sdv5_00084.png,test,sdv5,1,1,0.9793627262115479,clean,
vqdm_00083.png,test,vqdm,1,1,0.9943998456001282,clean,
biggan_00068.png,test,biggan,1,1,0.9999878406524658,clean,
sdv5_00058.png,test,sdv5,1,1,0.9548256397247314,clean,
sdv5_00006.png,test,sdv5,1,1,0.9999860525131226,clean,
biggan_00044.png,test,biggan,1,1,0.9994275569915771,clean,
midjourney_00003.png,test,midjourney,1,1,0.9998171925544739,clean,
sdv5_00027.png,test,sdv5,1,1,0.9986507296562195,clean,
biggan_00072.png,test,biggan,1,1,0.9996200799942017,clean,
vqdm_00030.png,test,vqdm,1,1,0.811121940612793,clean,
vqdm_00085.png,test,vqdm,1,1,0.8277490139007568,clean,
wukong_00071.png,test,wukong,1,1,0.9687915444374084,clean,
adm_00062.png,test,adm,1,1,0.9931932091712952,clean,
adm_00000.png,test,adm,1,1,0.9997467398643494,clean,
wukong_00044.png,test,wukong,1,1,0.9999995231628418,clean,
glide_00075.png,test,glide,1,1,0.9976848363876343,clean,
vqdm_00040.png,test,vqdm,1,1,0.9963932633399963,clean,
wukong_00082.png,test,wukong,1,1,1.0,clean,
midjourney_00019.png,test,midjourney,1,1,0.9944697618484497,clean,
adm_00065.png,test,adm,1,1,0.9999725818634033,clean,
midjourney_00022.png,test,midjourney,1,1,0.8933247327804565,clean,
midjourney_00052.png,test,midjourney,1,0,0.0003313682973384857,clean,
adm_00046.png,test,adm,1,1,1.0,clean,
wukong_00048.png,test,wukong,1,1,0.960232138633728,clean,
vqdm_00045.png,test,vqdm,1,1,0.9999916553497314,clean,
biggan_00036.png,test,biggan,1,1,0.9999091625213623,clean,
sdv5_00038.png,test,sdv5,1,1,0.9755621552467346,clean,
vqdm_00050.png,test,vqdm,1,0,0.15303051471710205,clean,
biggan_00041.png,test,biggan,1,1,0.9999998807907104,clean,
vqdm_00051.png,test,vqdm,1,1,0.774127185344696,clean,
glide_00054.png,test,glide,1,1,0.9999397993087769,clean,
sdv5_00062.png,test,sdv5,1,1,0.9999997615814209,clean,
sdv5_00060.png,test,sdv5,1,1,0.9974167346954346,clean,
glide_00079.png,test,glide,1,1,0.9928319454193115,clean,
midjourney_00004.png,test,midjourney,1,1,0.9973286390304565,clean,
wukong_00040.png,test,wukong,1,1,0.9452286958694458,clean,
biggan_00060.png,test,biggan,1,1,0.9899040460586548,clean,
wukong_00049.png,test,wukong,1,1,0.961048424243927,clean,
wukong_00035.png,test,wukong,1,1,0.9798765778541565,clean,
adm_00010.png,test,adm,1,1,0.9991306662559509,clean,
sdv5_00064.png,test,sdv5,1,1,0.7218536734580994,clean,
adm_00059.png,test,adm,1,1,0.9999912977218628,clean,
midjourney_00048.png,test,midjourney,1,0,0.43760889768600464,clean,
midjourney_00016.png,test,midjourney,1,0,0.40306556224823,clean,
biggan_00007.png,test,biggan,1,1,0.5989991426467896,clean,
glide_00067.png,test,glide,1,1,1.0,clean,
glide_00046.png,test,glide,1,1,0.9998409748077393,clean,
vqdm_00053.png,test,vqdm,1,1,0.9999995231628418,clean,
adm_00071.png,test,adm,1,1,0.999990701675415,clean,
glide_00022.png,test,glide,1,1,1.0,clean,
sdv5_00082.png,test,sdv5,1,1,0.999580442905426,clean,
vqdm_00003.png,test,vqdm,1,1,0.6727665662765503,clean,
midjourney_00035.png,test,midjourney,1,1,0.9965080618858337,clean,
glide_00031.png,test,glide,1,1,1.0,clean,
vqdm_00063.png,test,vqdm,1,1,0.6084316968917847,clean,
wukong_00016.png,test,wukong,1,1,0.9983768463134766,clean,
wukong_00054.png,test,wukong,1,1,0.999923825263977,clean,
biggan_00002.png,test,biggan,1,1,0.9999992847442627,clean,
adm_00049.png,test,adm,1,1,1.0,clean,
sdv5_00002.png,test,sdv5,1,1,0.9998416900634766,clean,
biggan_00025.png,test,biggan,1,1,0.9995991587638855,clean,
biggan_00071.png,test,biggan,1,1,1.0,clean,
biggan_00051.png,test,biggan,1,0,0.19560495018959045,clean,
wukong_00081.png,test,wukong,1,1,0.9291216135025024,clean,
sdv5_00022.png,test,sdv5,1,1,0.9949182868003845,clean,
real_00486.jpeg,test,real,0,0,2.5001111225719796e-06,jpeg_q90,90
real_00382.jpeg,test,real,0,0,3.306326470919885e-05,jpeg_q90,90
real_00117.jpeg,test,real,0,0,0.019730351865291595,jpeg_q90,90
real_00354.jpeg,test,real,0,0,1.209209585795179e-05,jpeg_q90,90
real_00076.jpeg,test,real,0,0,0.0035963491536676884,jpeg_q90,90
real_00395.jpeg,test,real,0,0,1.5666137187508866e-05,jpeg_q90,90
real_00348.jpeg,test,real,0,0,0.4244455099105835,jpeg_q90,90
real_00307.jpeg,test,real,0,0,1.8928471035906114e-05,jpeg_q90,90
real_00438.jpeg,test,real,0,0,3.139952464703555e-10,jpeg_q90,90
real_00393.jpeg,test,real,0,0,0.0012274015462026,jpeg_q90,90
real_00566.jpeg,test,real,0,0,0.0001800379395717755,jpeg_q90,90
real_00055.jpeg,test,real,0,0,0.08696509897708893,jpeg_q90,90
real_00416.jpeg,test,real,0,0,0.0003635692992247641,jpeg_q90,90
real_00304.jpeg,test,real,0,0,2.040991908813794e-08,jpeg_q90,90
real_00135.jpeg,test,real,0,0,0.3133571743965149,jpeg_q90,90
real_00387.jpeg,test,real,0,0,1.2687486616869137e-08,jpeg_q90,90
real_00040.jpeg,test,real,0,0,2.7791644242824987e-05,jpeg_q90,90
real_00563.jpeg,test,real,0,0,0.006224064622074366,jpeg_q90,90
real_00457.jpeg,test,real,0,0,0.35325342416763306,jpeg_q90,90
real_00561.jpeg,test,real,0,0,8.520223673258442e-06,jpeg_q90,90
real_00288.jpeg,test,real,0,0,0.18418027460575104,jpeg_q90,90
real_00271.jpeg,test,real,0,0,0.010775740258395672,jpeg_q90,90
real_00185.jpeg,test,real,0,0,0.08540429919958115,jpeg_q90,90
real_00216.jpeg,test,real,0,0,0.0011348125990480185,jpeg_q90,90
real_00180.jpeg,test,real,0,1,0.793754518032074,jpeg_q90,90
real_00189.jpeg,test,real,0,0,0.07945264130830765,jpeg_q90,90
real_00396.jpeg,test,real,0,0,0.01876402087509632,jpeg_q90,90
real_00131.jpeg,test,real,0,0,0.0005609198124147952,jpeg_q90,90
real_00557.jpeg,test,real,0,0,0.00437943497672677,jpeg_q90,90
real_00266.jpeg,test,real,0,0,1.4071578391394723e-07,jpeg_q90,90
real_00207.jpeg,test,real,0,0,0.0003025445039384067,jpeg_q90,90
real_00141.jpeg,test,real,0,1,0.9825314879417419,jpeg_q90,90
real_00407.jpeg,test,real,0,1,0.9998346567153931,jpeg_q90,90
real_00026.jpeg,test,real,0,0,0.22487740218639374,jpeg_q90,90
real_00046.jpeg,test,real,0,0,0.0025021799374371767,jpeg_q90,90
real_00585.jpeg,test,real,0,0,0.00030544149922207,jpeg_q90,90
real_00206.jpeg,test,real,0,1,0.9817016124725342,jpeg_q90,90
real_00297.jpeg,test,real,0,0,0.0028425040654838085,jpeg_q90,90
real_00401.jpeg,test,real,0,0,4.053805605508387e-05,jpeg_q90,90
real_00339.jpeg,test,real,0,0,0.0063325753435492516,jpeg_q90,90
real_00403.jpeg,test,real,0,1,0.7638310790061951,jpeg_q90,90
real_00344.jpeg,test,real,0,0,0.001844789949245751,jpeg_q90,90
real_00560.jpeg,test,real,0,0,0.03505856916308403,jpeg_q90,90
real_00553.jpeg,test,real,0,0,0.02958684042096138,jpeg_q90,90
real_00598.jpeg,test,real,0,0,0.0007960033253766596,jpeg_q90,90
real_00497.jpeg,test,real,0,0,0.10098156332969666,jpeg_q90,90
real_00253.jpeg,test,real,0,0,5.707245656974558e-13,jpeg_q90,90
real_00577.jpeg,test,real,0,0,2.406432315638085e-07,jpeg_q90,90
real_00394.jpeg,test,real,0,0,0.01501960027962923,jpeg_q90,90
real_00445.jpeg,test,real,0,0,0.35530686378479004,jpeg_q90,90
real_00050.jpeg,test,real,0,0,0.13779613375663757,jpeg_q90,90
real_00269.jpeg,test,real,0,0,5.557169788517058e-05,jpeg_q90,90
real_00151.jpeg,test,real,0,1,0.9113252758979797,jpeg_q90,90
real_00190.jpeg,test,real,0,0,2.4234216766672034e-07,jpeg_q90,90
real_00250.jpeg,test,real,0,0,0.003632836975157261,jpeg_q90,90
real_00257.jpeg,test,real,0,0,0.08984891325235367,jpeg_q90,90
real_00008.jpeg,test,real,0,0,1.9196513676433824e-05,jpeg_q90,90
real_00398.jpeg,test,real,0,0,0.10612180083990097,jpeg_q90,90
real_00322.jpeg,test,real,0,0,0.0009921635501086712,jpeg_q90,90
real_00230.jpeg,test,real,0,0,0.36679261922836304,jpeg_q90,90
real_00219.jpeg,test,real,0,0,0.023458637297153473,jpeg_q90,90
real_00550.jpeg,test,real,0,0,0.0036816385108977556,jpeg_q90,90
real_00528.jpeg,test,real,0,0,0.0020547250751405954,jpeg_q90,90
real_00039.jpeg,test,real,0,0,0.005473623517900705,jpeg_q90,90
real_00274.jpeg,test,real,0,1,0.5074881315231323,jpeg_q90,90
real_00414.jpeg,test,real,0,0,0.26311150193214417,jpeg_q90,90
real_00038.jpeg,test,real,0,0,0.016246672719717026,jpeg_q90,90
real_00434.jpeg,test,real,0,0,0.01995258219540119,jpeg_q90,90
real_00279.jpeg,test,real,0,0,0.002981948433443904,jpeg_q90,90
real_00077.jpeg,test,real,0,0,0.09749041497707367,jpeg_q90,90
real_00312.jpeg,test,real,0,0,0.49481624364852905,jpeg_q90,90
real_00482.jpeg,test,real,0,0,0.013624897226691246,jpeg_q90,90
real_00178.jpeg,test,real,0,0,0.39383506774902344,jpeg_q90,90
real_00535.jpeg,test,real,0,0,0.09828481078147888,jpeg_q90,90
real_00345.jpeg,test,real,0,0,0.003978176973760128,jpeg_q90,90
real_00019.jpeg,test,real,0,0,0.000783485418651253,jpeg_q90,90
real_00143.jpeg,test,real,0,0,0.0005262605845928192,jpeg_q90,90
real_00496.jpeg,test,real,0,0,0.03488008677959442,jpeg_q90,90
real_00522.jpeg,test,real,0,0,7.104610411264034e-13,jpeg_q90,90
real_00451.jpeg,test,real,0,0,4.6610630306531675e-06,jpeg_q90,90
real_00371.jpeg,test,real,0,0,2.24954892473761e-05,jpeg_q90,90
real_00060.jpeg,test,real,0,1,0.5928104519844055,jpeg_q90,90
real_00410.jpeg,test,real,0,0,0.22940823435783386,jpeg_q90,90
real_00248.jpeg,test,real,0,1,0.5235224962234497,jpeg_q90,90
real_00043.jpeg,test,real,0,1,0.9107205867767334,jpeg_q90,90
real_00104.jpeg,test,real,0,0,0.0001472638687118888,jpeg_q90,90
real_00238.jpeg,test,real,0,0,0.00035024122917093337,jpeg_q90,90
real_00251.jpeg,test,real,0,0,0.0005699521279893816,jpeg_q90,90
real_00017.jpeg,test,real,0,0,0.0001135901766247116,jpeg_q90,90
real_00500.jpeg,test,real,0,0,0.004014969803392887,jpeg_q90,90
real_00056.jpeg,test,real,0,0,0.007171311881393194,jpeg_q90,90
real_00227.jpeg,test,real,0,0,4.501234343479155e-06,jpeg_q90,90
real_00347.jpeg,test,real,0,0,4.661730145016918e-06,jpeg_q90,90
real_00176.jpeg,test,real,0,1,0.5857368111610413,jpeg_q90,90
real_00085.jpeg,test,real,0,0,0.00020894422777928412,jpeg_q90,90
real_00586.jpeg,test,real,0,0,1.5501973393838853e-05,jpeg_q90,90
real_00193.jpeg,test,real,0,0,7.865210500312969e-05,jpeg_q90,90
real_00018.jpeg,test,real,0,1,0.9843804836273193,jpeg_q90,90
real_00342.jpeg,test,real,0,0,0.02537328004837036,jpeg_q90,90
real_00359.jpeg,test,real,0,1,0.9829794764518738,jpeg_q90,90
real_00163.jpeg,test,real,0,0,0.472644567489624,jpeg_q90,90
real_00527.jpeg,test,real,0,0,0.0010230389889329672,jpeg_q90,90
real_00444.jpeg,test,real,0,0,0.0008280381443910301,jpeg_q90,90
real_00440.jpeg,test,real,0,0,0.017839346081018448,jpeg_q90,90
real_00096.jpeg,test,real,0,0,0.24101801216602325,jpeg_q90,90
real_00165.jpeg,test,real,0,0,0.12962280213832855,jpeg_q90,90
real_00576.jpeg,test,real,0,1,0.9611891508102417,jpeg_q90,90
real_00375.jpeg,test,real,0,0,0.0034291998017579317,jpeg_q90,90
real_00300.jpeg,test,real,0,0,0.0001186276858788915,jpeg_q90,90
real_00503.jpeg,test,real,0,0,0.3370703160762787,jpeg_q90,90
real_00499.jpeg,test,real,0,0,0.004647332709282637,jpeg_q90,90
real_00283.jpeg,test,real,0,0,2.4466698960168287e-06,jpeg_q90,90
real_00160.jpeg,test,real,0,1,0.6861541271209717,jpeg_q90,90
real_00260.jpeg,test,real,0,0,0.020718617364764214,jpeg_q90,90
real_00208.jpeg,test,real,0,0,7.686478653567974e-08,jpeg_q90,90
real_00262.jpeg,test,real,0,0,0.01671522669494152,jpeg_q90,90
real_00213.jpeg,test,real,0,0,0.19681496918201447,jpeg_q90,90
real_00476.jpeg,test,real,0,0,0.00033656402956694365,jpeg_q90,90
real_00092.jpeg,test,real,0,1,0.5264303088188171,jpeg_q90,90
real_00324.jpeg,test,real,0,1,0.8195951581001282,jpeg_q90,90
real_00425.jpeg,test,real,0,1,0.7167755961418152,jpeg_q90,90
real_00559.jpeg,test,real,0,0,1.0006399861595128e-05,jpeg_q90,90
real_00015.jpeg,test,real,0,0,1.0996284345310414e-06,jpeg_q90,90
real_00562.jpeg,test,real,0,0,0.03574635460972786,jpeg_q90,90
real_00514.jpeg,test,real,0,0,2.208695032424046e-12,jpeg_q90,90
real_00580.jpeg,test,real,0,0,9.311991016147658e-05,jpeg_q90,90
real_00202.jpeg,test,real,0,0,0.009242042899131775,jpeg_q90,90
real_00402.jpeg,test,real,0,0,5.984260553759668e-08,jpeg_q90,90
real_00057.jpeg,test,real,0,0,9.611736459191889e-06,jpeg_q90,90
real_00007.jpeg,test,real,0,0,0.15930518507957458,jpeg_q90,90
real_00388.jpeg,test,real,0,0,0.37271177768707275,jpeg_q90,90
real_00016.jpeg,test,real,0,0,1.440175445566183e-08,jpeg_q90,90
real_00506.jpeg,test,real,0,0,0.10178274661302567,jpeg_q90,90
real_00028.jpeg,test,real,0,0,0.0015259687788784504,jpeg_q90,90
real_00572.jpeg,test,real,0,1,0.5485146045684814,jpeg_q90,90
real_00381.jpeg,test,real,0,0,0.07191193848848343,jpeg_q90,90
real_00268.jpeg,test,real,0,0,0.025209035724401474,jpeg_q90,90
real_00512.jpeg,test,real,0,0,0.0559539720416069,jpeg_q90,90
real_00006.jpeg,test,real,0,1,0.9847107529640198,jpeg_q90,90
real_00289.jpeg,test,real,0,0,0.04767854884266853,jpeg_q90,90
real_00519.jpeg,test,real,0,0,0.0012506191851571202,jpeg_q90,90
real_00252.jpeg,test,real,0,0,1.2440979844541289e-05,jpeg_q90,90
real_00211.jpeg,test,real,0,0,0.00022578268544748425,jpeg_q90,90
real_00147.jpeg,test,real,0,0,0.010800011456012726,jpeg_q90,90
real_00181.jpeg,test,real,0,1,0.9867908358573914,jpeg_q90,90
real_00458.jpeg,test,real,0,0,0.00010759859287645668,jpeg_q90,90
real_00329.jpeg,test,real,0,0,4.679422545450507e-06,jpeg_q90,90
real_00545.jpeg,test,real,0,0,0.017392143607139587,jpeg_q90,90
real_00568.jpeg,test,real,0,0,0.015059687197208405,jpeg_q90,90
real_00031.jpeg,test,real,0,0,0.005873988848179579,jpeg_q90,90
real_00171.jpeg,test,real,0,0,6.461725206463598e-06,jpeg_q90,90
real_00320.jpeg,test,real,0,0,0.00013447244418784976,jpeg_q90,90
real_00083.jpeg,test,real,0,0,0.0017852341989055276,jpeg_q90,90
real_00012.jpeg,test,real,0,1,0.7516622543334961,jpeg_q90,90
real_00357.jpeg,test,real,0,0,0.001957447500899434,jpeg_q90,90
real_00346.jpeg,test,real,0,0,0.006828651763498783,jpeg_q90,90
real_00450.jpeg,test,real,0,1,0.500727117061615,jpeg_q90,90
real_00356.jpeg,test,real,0,0,0.05831613764166832,jpeg_q90,90
real_00594.jpeg,test,real,0,0,0.0068097044713795185,jpeg_q90,90
real_00048.jpeg,test,real,0,0,0.15914852917194366,jpeg_q90,90
real_00158.jpeg,test,real,0,0,1.2601416528923437e-05,jpeg_q90,90
real_00521.jpeg,test,real,0,0,0.09718339890241623,jpeg_q90,90
real_00285.jpeg,test,real,0,0,0.1766376495361328,jpeg_q90,90
real_00270.jpeg,test,real,0,0,0.00014213933900464326,jpeg_q90,90
real_00533.jpeg,test,real,0,0,0.12211450934410095,jpeg_q90,90
real_00494.jpeg,test,real,0,0,0.0019719433039426804,jpeg_q90,90
real_00317.jpeg,test,real,0,0,0.31904828548431396,jpeg_q90,90
real_00296.jpeg,test,real,0,0,1.100018607758102e-06,jpeg_q90,90
real_00237.jpeg,test,real,0,0,2.789093514365959e-06,jpeg_q90,90
real_00242.jpeg,test,real,0,0,0.07056985795497894,jpeg_q90,90
real_00584.jpeg,test,real,0,1,0.9774537682533264,jpeg_q90,90
real_00570.jpeg,test,real,0,0,0.048228807747364044,jpeg_q90,90
real_00133.jpeg,test,real,0,0,0.004523790907114744,jpeg_q90,90
real_00047.jpeg,test,real,0,0,0.00020368859986774623,jpeg_q90,90
real_00480.jpeg,test,real,0,0,0.0012226629769429564,jpeg_q90,90
real_00210.jpeg,test,real,0,0,0.0005642496980726719,jpeg_q90,90
real_00301.jpeg,test,real,0,0,0.0707983747124672,jpeg_q90,90
real_00574.jpeg,test,real,0,0,0.14191384613513947,jpeg_q90,90
real_00134.jpeg,test,real,0,0,0.3249914050102234,jpeg_q90,90
real_00597.jpeg,test,real,0,1,0.9132469296455383,jpeg_q90,90
real_00281.jpeg,test,real,0,1,0.6909427642822266,jpeg_q90,90
real_00332.jpeg,test,real,0,0,0.0287806186825037,jpeg_q90,90
real_00415.jpeg,test,real,0,0,2.530478741391562e-05,jpeg_q90,90
real_00093.jpeg,test,real,0,0,0.08141734451055527,jpeg_q90,90
real_00526.jpeg,test,real,0,0,3.997932651600422e-07,jpeg_q90,90
real_00259.jpeg,test,real,0,0,0.0002553078520577401,jpeg_q90,90
real_00128.jpeg,test,real,0,0,0.2211029976606369,jpeg_q90,90
real_00173.jpeg,test,real,0,0,0.004359779413789511,jpeg_q90,90
real_00005.jpeg,test,real,0,0,1.8982287963709155e-10,jpeg_q90,90
real_00532.jpeg,test,real,0,1,0.840525209903717,jpeg_q90,90
real_00061.jpeg,test,real,0,0,1.578596311446745e-05,jpeg_q90,90
real_00313.jpeg,test,real,0,0,1.9124814571114257e-05,jpeg_q90,90
real_00130.jpeg,test,real,0,0,0.0007977943168953061,jpeg_q90,90
real_00454.jpeg,test,real,0,0,6.99820666341111e-05,jpeg_q90,90
real_00204.jpeg,test,real,0,0,0.0010076252510771155,jpeg_q90,90
real_00337.jpeg,test,real,0,0,0.0783476009964943,jpeg_q90,90
real_00195.jpeg,test,real,0,0,0.0007394852000288665,jpeg_q90,90
real_00187.jpeg,test,real,0,0,6.602176085834799e-07,jpeg_q90,90
real_00489.jpeg,test,real,0,0,1.7914118188855355e-07,jpeg_q90,90
real_00385.jpeg,test,real,0,0,0.017147714272141457,jpeg_q90,90
real_00221.jpeg,test,real,0,0,9.613853035261855e-05,jpeg_q90,90
real_00027.jpeg,test,real,0,1,0.6555086374282837,jpeg_q90,90
real_00022.jpeg,test,real,0,0,7.929577259346843e-05,jpeg_q90,90
real_00331.jpeg,test,real,0,0,0.24484996497631073,jpeg_q90,90
real_00159.jpeg,test,real,0,0,1.6843255252751987e-06,jpeg_q90,90
real_00068.jpeg,test,real,0,0,0.15142518281936646,jpeg_q90,90
real_00127.jpeg,test,real,0,0,1.1465358511486556e-06,jpeg_q90,90
real_00420.jpeg,test,real,0,0,0.2808137834072113,jpeg_q90,90
real_00510.jpeg,test,real,0,0,0.0002697202726267278,jpeg_q90,90
real_00106.jpeg,test,real,0,0,0.01720830798149109,jpeg_q90,90
real_00599.jpeg,test,real,0,0,0.00010740526340669021,jpeg_q90,90
real_00419.jpeg,test,real,0,0,0.0004452871799003333,jpeg_q90,90
real_00286.jpeg,test,real,0,0,0.20068807899951935,jpeg_q90,90
real_00341.jpeg,test,real,0,0,0.005624424200505018,jpeg_q90,90
real_00263.jpeg,test,real,0,0,0.0029570194892585278,jpeg_q90,90
real_00255.jpeg,test,real,0,1,0.6928381323814392,jpeg_q90,90
real_00335.jpeg,test,real,0,0,0.005713549442589283,jpeg_q90,90
real_00174.jpeg,test,real,0,0,0.0007095494074746966,jpeg_q90,90
real_00243.jpeg,test,real,0,0,0.2317102551460266,jpeg_q90,90
real_00140.jpeg,test,real,0,0,0.38035160303115845,jpeg_q90,90
real_00582.jpeg,test,real,0,0,5.778209742857143e-05,jpeg_q90,90
real_00542.jpeg,test,real,0,0,0.13802210986614227,jpeg_q90,90
real_00547.jpeg,test,real,0,0,4.420694921236645e-09,jpeg_q90,90
real_00287.jpeg,test,real,0,1,0.7820910215377808,jpeg_q90,90
real_00144.jpeg,test,real,0,0,0.002088552573695779,jpeg_q90,90
real_00214.jpeg,test,real,0,0,0.00013800027954857796,jpeg_q90,90
real_00234.jpeg,test,real,0,1,0.5990629196166992,jpeg_q90,90
real_00595.jpeg,test,real,0,0,0.00025441363686695695,jpeg_q90,90
real_00075.jpeg,test,real,0,0,1.0577493742003341e-10,jpeg_q90,90
real_00295.jpeg,test,real,0,0,0.01517811045050621,jpeg_q90,90
real_00070.jpeg,test,real,0,0,0.004895967431366444,jpeg_q90,90
real_00148.jpeg,test,real,0,0,9.461489298701053e-07,jpeg_q90,90
real_00491.jpeg,test,real,0,1,0.5505069494247437,jpeg_q90,90
real_00090.jpeg,test,real,0,0,0.00283702090382576,jpeg_q90,90
real_00063.jpeg,test,real,0,0,0.10466676950454712,jpeg_q90,90
real_00334.jpeg,test,real,0,0,0.0017878157086670399,jpeg_q90,90
real_00530.jpeg,test,real,0,0,0.0016537012998014688,jpeg_q90,90
real_00069.jpeg,test,real,0,0,0.00958611723035574,jpeg_q90,90
real_00109.jpeg,test,real,0,0,7.078724593156949e-07,jpeg_q90,90
real_00321.jpeg,test,real,0,0,0.4234456717967987,jpeg_q90,90
real_00126.jpeg,test,real,0,0,0.25817713141441345,jpeg_q90,90
real_00358.jpeg,test,real,0,0,0.3331022262573242,jpeg_q90,90
real_00364.jpeg,test,real,0,0,0.0010201436234638095,jpeg_q90,90
real_00209.jpeg,test,real,0,0,0.04997887462377548,jpeg_q90,90
real_00292.jpeg,test,real,0,0,0.1375809609889984,jpeg_q90,90
real_00473.jpeg,test,real,0,0,0.00894953589886427,jpeg_q90,90
real_00367.jpeg,test,real,0,0,3.904056211467832e-05,jpeg_q90,90
real_00228.jpeg,test,real,0,0,0.005464750342071056,jpeg_q90,90
real_00463.jpeg,test,real,0,0,2.2214603632164653e-06,jpeg_q90,90
real_00529.jpeg,test,real,0,1,0.9760668873786926,jpeg_q90,90
real_00376.jpeg,test,real,0,0,2.6108923520951066e-06,jpeg_q90,90
real_00089.jpeg,test,real,0,0,0.021501243114471436,jpeg_q90,90
real_00409.jpeg,test,real,0,0,8.488240564474836e-05,jpeg_q90,90
real_00456.jpeg,test,real,0,0,0.004435802809894085,jpeg_q90,90
real_00378.jpeg,test,real,0,0,0.020539239048957825,jpeg_q90,90
real_00596.jpeg,test,real,0,0,0.030179733410477638,jpeg_q90,90
real_00477.jpeg,test,real,0,0,0.026445768773555756,jpeg_q90,90
real_00261.jpeg,test,real,0,0,2.7540456812857883e-06,jpeg_q90,90
real_00273.jpeg,test,real,0,0,0.15584023296833038,jpeg_q90,90
real_00100.jpeg,test,real,0,0,1.5542202247420533e-10,jpeg_q90,90
real_00080.jpeg,test,real,0,0,1.4749898582522292e-06,jpeg_q90,90
real_00009.jpeg,test,real,0,1,0.8975275754928589,jpeg_q90,90
real_00167.jpeg,test,real,0,0,1.8322456885044858e-09,jpeg_q90,90
real_00571.jpeg,test,real,0,1,0.9578390717506409,jpeg_q90,90
real_00218.jpeg,test,real,0,0,1.8504148101783358e-05,jpeg_q90,90
real_00355.jpeg,test,real,0,0,0.026142194867134094,jpeg_q90,90
real_00406.jpeg,test,real,0,0,0.10005738586187363,jpeg_q90,90
real_00302.jpeg,test,real,0,0,0.20023639500141144,jpeg_q90,90
real_00010.jpeg,test,real,0,1,0.8552696704864502,jpeg_q90,90
real_00405.jpeg,test,real,0,0,0.00014703095075674355,jpeg_q90,90
real_00447.jpeg,test,real,0,0,0.00040610769065096974,jpeg_q90,90
real_00379.jpeg,test,real,0,0,0.005308180116117001,jpeg_q90,90
real_00319.jpeg,test,real,0,1,0.5175345540046692,jpeg_q90,90
real_00543.jpeg,test,real,0,0,0.2604106366634369,jpeg_q90,90
real_00539.jpeg,test,real,0,0,0.0871504545211792,jpeg_q90,90
real_00579.jpeg,test,real,0,0,0.056289516389369965,jpeg_q90,90
real_00459.jpeg,test,real,0,1,0.6982392072677612,jpeg_q90,90
real_00587.jpeg,test,real,0,0,3.3134827503999986e-07,jpeg_q90,90
real_00114.jpeg,test,real,0,0,0.0003328193270135671,jpeg_q90,90
real_00479.jpeg,test,real,0,0,4.96951506647747e-05,jpeg_q90,90
real_00488.jpeg,test,real,0,0,0.02106500044465065,jpeg_q90,90
real_00360.jpeg,test,real,0,0,3.700649904203601e-05,jpeg_q90,90
real_00363.jpeg,test,real,0,0,0.11406023800373077,jpeg_q90,90
real_00350.jpeg,test,real,0,0,2.1668972749466775e-07,jpeg_q90,90
real_00441.jpeg,test,real,0,1,0.832487940788269,jpeg_q90,90
real_00003.jpeg,test,real,0,0,0.49897170066833496,jpeg_q90,90
real_00217.jpeg,test,real,0,0,3.5857274269801565e-06,jpeg_q90,90
real_00465.jpeg,test,real,0,1,0.9986121654510498,jpeg_q90,90
real_00442.jpeg,test,real,0,0,0.0036860662512481213,jpeg_q90,90
real_00233.jpeg,test,real,0,0,0.00020976545056328177,jpeg_q90,90
real_00161.jpeg,test,real,0,0,0.00020212115487083793,jpeg_q90,90
real_00412.jpeg,test,real,0,0,0.05483308061957359,jpeg_q90,90
real_00468.jpeg,test,real,0,0,0.0020382378716021776,jpeg_q90,90
real_00125.jpeg,test,real,0,0,0.27245455980300903,jpeg_q90,90
real_00186.jpeg,test,real,0,0,3.410282545246446e-07,jpeg_q90,90
real_00172.jpeg,test,real,0,0,1.1389029168640263e-06,jpeg_q90,90
real_00467.jpeg,test,real,0,0,0.0028201548848301172,jpeg_q90,90
real_00323.jpeg,test,real,0,0,4.095229996892158e-06,jpeg_q90,90
real_00203.jpeg,test,real,0,0,0.005497816484421492,jpeg_q90,90
real_00552.jpeg,test,real,0,0,0.031683299690485,jpeg_q90,90
real_00034.jpeg,test,real,0,0,0.0027594403363764286,jpeg_q90,90
real_00142.jpeg,test,real,0,0,0.10203156620264053,jpeg_q90,90
real_00059.jpeg,test,real,0,0,5.879768893990445e-10,jpeg_q90,90
real_00021.jpeg,test,real,0,0,0.08544155210256577,jpeg_q90,90
real_00525.jpeg,test,real,0,0,0.00022181890381034464,jpeg_q90,90
real_00275.jpeg,test,real,0,0,0.309894859790802,jpeg_q90,90
real_00430.jpeg,test,real,0,0,0.0002746271784417331,jpeg_q90,90
real_00349.jpeg,test,real,0,0,5.434916516833255e-08,jpeg_q90,90
real_00373.jpeg,test,real,0,1,0.7585716247558594,jpeg_q90,90
real_00078.jpeg,test,real,0,0,0.01611919328570366,jpeg_q90,90
real_00437.jpeg,test,real,0,0,8.807681410871737e-07,jpeg_q90,90
real_00520.jpeg,test,real,0,0,8.112438081298023e-06,jpeg_q90,90
real_00564.jpeg,test,real,0,0,0.015390098094940186,jpeg_q90,90
real_00578.jpeg,test,real,0,0,0.02656788006424904,jpeg_q90,90
real_00225.jpeg,test,real,0,0,0.0014187429333105683,jpeg_q90,90
real_00232.jpeg,test,real,0,0,2.19500780076487e-05,jpeg_q90,90
real_00194.jpeg,test,real,0,0,2.890646610964609e-10,jpeg_q90,90
real_00278.jpeg,test,real,0,0,3.995903171016835e-06,jpeg_q90,90
real_00168.jpeg,test,real,0,0,8.652026735944673e-05,jpeg_q90,90
real_00145.jpeg,test,real,0,1,0.7065176963806152,jpeg_q90,90
real_00495.jpeg,test,real,0,0,4.653293581213802e-05,jpeg_q90,90
real_00236.jpeg,test,real,0,0,0.0010802256874740124,jpeg_q90,90
real_00121.jpeg,test,real,0,0,0.012261662632226944,jpeg_q90,90
real_00455.jpeg,test,real,0,0,0.461675226688385,jpeg_q90,90
real_00177.jpeg,test,real,0,1,0.5041471719741821,jpeg_q90,90
real_00485.jpeg,test,real,0,0,0.0021229772828519344,jpeg_q90,90
real_00136.jpeg,test,real,0,0,0.12810656428337097,jpeg_q90,90
real_00054.jpeg,test,real,0,0,7.986515265656635e-05,jpeg_q90,90
real_00470.jpeg,test,real,0,0,5.157651685294695e-06,jpeg_q90,90
real_00118.jpeg,test,real,0,0,6.147042341808628e-08,jpeg_q90,90
real_00153.jpeg,test,real,0,0,0.005155603401362896,jpeg_q90,90
real_00384.jpeg,test,real,0,0,0.0009220659267157316,jpeg_q90,90
real_00115.jpeg,test,real,0,0,0.01583305187523365,jpeg_q90,90
real_00101.jpeg,test,real,0,0,0.10480481386184692,jpeg_q90,90
real_00327.jpeg,test,real,0,0,0.1312362253665924,jpeg_q90,90
real_00164.jpeg,test,real,0,0,0.005406843964010477,jpeg_q90,90
real_00538.jpeg,test,real,0,0,0.00039687714888714254,jpeg_q90,90
real_00049.jpeg,test,real,0,0,0.2601490914821625,jpeg_q90,90
real_00544.jpeg,test,real,0,0,0.0036219351459294558,jpeg_q90,90
real_00154.jpeg,test,real,0,0,4.36233494838234e-06,jpeg_q90,90
real_00215.jpeg,test,real,0,0,0.29430192708969116,jpeg_q90,90
real_00124.jpeg,test,real,0,0,3.320194821299083e-07,jpeg_q90,90
real_00223.jpeg,test,real,0,0,0.02459569461643696,jpeg_q90,90
real_00065.jpeg,test,real,0,1,0.655707597732544,jpeg_q90,90
real_00282.jpeg,test,real,0,0,2.0286448489059694e-05,jpeg_q90,90
real_00267.jpeg,test,real,0,0,0.0011346660321578383,jpeg_q90,90
real_00343.jpeg,test,real,0,0,0.04418058693408966,jpeg_q90,90
real_00421.jpeg,test,real,0,0,2.653677971808932e-11,jpeg_q90,90
real_00531.jpeg,test,real,0,0,0.0016280976124107838,jpeg_q90,90
real_00575.jpeg,test,real,0,0,0.0011384831741452217,jpeg_q90,90
real_00290.jpeg,test,real,0,0,0.0005677162553183734,jpeg_q90,90
real_00336.jpeg,test,real,0,0,8.424179132049403e-10,jpeg_q90,90
real_00306.jpeg,test,real,0,0,0.11924906075000763,jpeg_q90,90
real_00231.jpeg,test,real,0,0,0.0009812426287680864,jpeg_q90,90
real_00002.jpeg,test,real,0,0,0.12859801948070526,jpeg_q90,90
real_00504.jpeg,test,real,0,0,0.008897959254682064,jpeg_q90,90
real_00536.jpeg,test,real,0,0,9.83980717137456e-05,jpeg_q90,90
real_00362.jpeg,test,real,0,0,0.0027717205230146646,jpeg_q90,90
real_00199.jpeg,test,real,0,0,0.009042291902005672,jpeg_q90,90
real_00023.jpeg,test,real,0,0,3.364174335729331e-05,jpeg_q90,90
real_00433.jpeg,test,real,0,0,0.22765254974365234,jpeg_q90,90
real_00484.jpeg,test,real,0,1,0.6029342412948608,jpeg_q90,90
real_00110.jpeg,test,real,0,0,1.7392309018759988e-05,jpeg_q90,90
real_00305.jpeg,test,real,0,0,0.4063451886177063,jpeg_q90,90
real_00352.jpeg,test,real,0,0,0.04773275554180145,jpeg_q90,90
real_00256.jpeg,test,real,0,0,0.007322469726204872,jpeg_q90,90
real_00404.jpeg,test,real,0,0,0.02163545973598957,jpeg_q90,90
real_00523.jpeg,test,real,0,0,0.09900416433811188,jpeg_q90,90
real_00513.jpeg,test,real,0,0,0.3095296323299408,jpeg_q90,90
real_00108.jpeg,test,real,0,0,0.011191707104444504,jpeg_q90,90
real_00119.jpeg,test,real,0,0,0.3990520238876343,jpeg_q90,90
real_00511.jpeg,test,real,0,0,0.0758114606142044,jpeg_q90,90
real_00073.jpeg,test,real,0,0,4.064743652776315e-09,jpeg_q90,90
real_00469.jpeg,test,real,0,0,0.010597122833132744,jpeg_q90,90
real_00035.jpeg,test,real,0,0,1.8175497871197877e-06,jpeg_q90,90
real_00427.jpeg,test,real,0,0,3.202788775524823e-06,jpeg_q90,90
real_00000.jpeg,test,real,0,0,0.0007408487144857645,jpeg_q90,90
real_00066.jpeg,test,real,0,0,0.0004250837373547256,jpeg_q90,90
real_00052.jpeg,test,real,0,0,9.732588296174072e-06,jpeg_q90,90
real_00483.jpeg,test,real,0,0,5.458667146740481e-06,jpeg_q90,90
real_00020.jpeg,test,real,0,1,0.6934611797332764,jpeg_q90,90
real_00540.jpeg,test,real,0,0,0.0005767908878624439,jpeg_q90,90
real_00383.jpeg,test,real,0,0,0.00032002112129703164,jpeg_q90,90
real_00129.jpeg,test,real,0,0,2.9864676776014676e-07,jpeg_q90,90
real_00505.jpeg,test,real,0,0,8.92349735770459e-12,jpeg_q90,90
real_00517.jpeg,test,real,0,0,0.001524438033811748,jpeg_q90,90
real_00291.jpeg,test,real,0,0,4.961579634255031e-06,jpeg_q90,90
real_00328.jpeg,test,real,0,1,0.5309946537017822,jpeg_q90,90
real_00082.jpeg,test,real,0,0,5.323151341940502e-08,jpeg_q90,90
real_00413.jpeg,test,real,0,0,0.011033090762794018,jpeg_q90,90
real_00201.jpeg,test,real,0,0,0.03525550663471222,jpeg_q90,90
real_00422.jpeg,test,real,0,0,0.38304272294044495,jpeg_q90,90
real_00481.jpeg,test,real,0,1,0.9694141149520874,jpeg_q90,90
real_00249.jpeg,test,real,0,0,6.165187642181991e-06,jpeg_q90,90
real_00591.jpeg,test,real,0,1,0.6952288150787354,jpeg_q90,90
real_00103.jpeg,test,real,0,0,0.2103087455034256,jpeg_q90,90
real_00058.jpeg,test,real,0,0,9.947151546896293e-09,jpeg_q90,90
real_00029.jpeg,test,real,0,1,0.5069888830184937,jpeg_q90,90
real_00551.jpeg,test,real,0,0,0.0002641592582222074,jpeg_q90,90
real_00453.jpeg,test,real,0,1,1.0,jpeg_q90,90
real_00041.jpeg,test,real,0,0,0.0005948994075879455,jpeg_q90,90
real_00316.jpeg,test,real,0,0,0.00028697881498374045,jpeg_q90,90
real_00449.jpeg,test,real,0,0,0.001959597459062934,jpeg_q90,90
real_00198.jpeg,test,real,0,0,0.0054863751865923405,jpeg_q90,90
real_00310.jpeg,test,real,0,0,0.0159093476831913,jpeg_q90,90
real_00205.jpeg,test,real,0,0,0.00022224018175620586,jpeg_q90,90
real_00011.jpeg,test,real,0,0,0.07497736066579819,jpeg_q90,90
real_00556.jpeg,test,real,0,0,0.0037509596440941095,jpeg_q90,90
real_00294.jpeg,test,real,0,0,0.0003563052450772375,jpeg_q90,90
real_00112.jpeg,test,real,0,1,0.9489822387695312,jpeg_q90,90
real_00170.jpeg,test,real,0,0,9.741927351569757e-05,jpeg_q90,90
real_00569.jpeg,test,real,0,0,6.796800988695395e-08,jpeg_q90,90
real_00318.jpeg,test,real,0,0,0.001506019034422934,jpeg_q90,90
real_00397.jpeg,test,real,0,0,9.55595969571732e-05,jpeg_q90,90
real_00014.jpeg,test,real,0,0,0.018390879034996033,jpeg_q90,90
real_00196.jpeg,test,real,0,0,6.495141945519071e-17,jpeg_q90,90
real_00191.jpeg,test,real,0,1,0.6119678616523743,jpeg_q90,90
real_00192.jpeg,test,real,0,0,1.7637658444868975e-08,jpeg_q90,90
real_00353.jpeg,test,real,0,1,0.6623858213424683,jpeg_q90,90
real_00254.jpeg,test,real,0,0,1.65184235356719e-06,jpeg_q90,90
real_00169.jpeg,test,real,0,0,1.8326751387576223e-06,jpeg_q90,90
real_00370.jpeg,test,real,0,0,6.345911990335296e-11,jpeg_q90,90
real_00004.jpeg,test,real,0,0,0.02787410095334053,jpeg_q90,90
real_00368.jpeg,test,real,0,0,0.1749897599220276,jpeg_q90,90
real_00417.jpeg,test,real,0,0,0.18764112889766693,jpeg_q90,90
real_00333.jpeg,test,real,0,0,0.008859103545546532,jpeg_q90,90
real_00123.jpeg,test,real,0,0,0.0022366575431078672,jpeg_q90,90
real_00380.jpeg,test,real,0,0,0.0011965783778578043,jpeg_q90,90
real_00179.jpeg,test,real,0,0,4.606413858709857e-05,jpeg_q90,90
real_00400.jpeg,test,real,0,0,0.00013110828876961023,jpeg_q90,90
real_00369.jpeg,test,real,0,0,0.1957155168056488,jpeg_q90,90
real_00051.jpeg,test,real,0,0,0.36396536231040955,jpeg_q90,90
real_00097.jpeg,test,real,0,0,2.208977093687281e-06,jpeg_q90,90
real_00515.jpeg,test,real,0,0,0.002612855052575469,jpeg_q90,90
real_00446.jpeg,test,real,0,0,0.005843463819473982,jpeg_q90,90
real_00155.jpeg,test,real,0,0,0.0078227324411273,jpeg_q90,90
real_00277.jpeg,test,real,0,0,0.00023975908698048443,jpeg_q90,90
real_00098.jpeg,test,real,0,0,1.9654942661873065e-05,jpeg_q90,90
real_00107.jpeg,test,real,0,0,0.3937433362007141,jpeg_q90,90
real_00087.jpeg,test,real,0,0,4.986950443708338e-07,jpeg_q90,90
real_00565.jpeg,test,real,0,0,0.0015863728476688266,jpeg_q90,90
real_00280.jpeg,test,real,0,0,7.060466487018857e-07,jpeg_q90,90
real_00507.jpeg,test,real,0,0,1.5223589500124035e-08,jpeg_q90,90
real_00326.jpeg,test,real,0,0,0.1509888619184494,jpeg_q90,90
real_00244.jpeg,test,real,0,0,5.387153684976347e-15,jpeg_q90,90
real_00033.jpeg,test,real,0,0,0.008929545059800148,jpeg_q90,90
real_00064.jpeg,test,real,0,0,7.524804347333602e-13,jpeg_q90,90
real_00013.jpeg,test,real,0,0,3.428268868788109e-08,jpeg_q90,90
real_00183.jpeg,test,real,0,0,0.15673020482063293,jpeg_q90,90
real_00030.jpeg,test,real,0,0,0.0014466674765571952,jpeg_q90,90
real_00474.jpeg,test,real,0,0,0.002525192918255925,jpeg_q90,90
real_00558.jpeg,test,real,0,0,0.011104987934231758,jpeg_q90,90
real_00088.jpeg,test,real,0,0,0.02448110654950142,jpeg_q90,90
real_00436.jpeg,test,real,0,1,0.6917097568511963,jpeg_q90,90
real_00518.jpeg,test,real,0,0,1.2782464182237163e-05,jpeg_q90,90
real_00111.jpeg,test,real,0,0,6.329863390419632e-05,jpeg_q90,90
real_00122.jpeg,test,real,0,1,0.5516918897628784,jpeg_q90,90
real_00461.jpeg,test,real,0,0,0.022507091984152794,jpeg_q90,90
real_00239.jpeg,test,real,0,0,0.0003883725730702281,jpeg_q90,90
real_00408.jpeg,test,real,0,0,1.0719558304117527e-05,jpeg_q90,90
real_00460.jpeg,test,real,0,0,0.0034660480450838804,jpeg_q90,90
real_00138.jpeg,test,real,0,0,0.008116966113448143,jpeg_q90,90
real_00429.jpeg,test,real,0,0,0.00014938219101168215,jpeg_q90,90
real_00462.jpeg,test,real,0,0,8.959174548073268e-12,jpeg_q90,90
real_00113.jpeg,test,real,0,0,0.46179765462875366,jpeg_q90,90
real_00391.jpeg,test,real,0,0,3.3553471439518034e-05,jpeg_q90,90
real_00303.jpeg,test,real,0,0,4.3607165025605354e-06,jpeg_q90,90
real_00592.jpeg,test,real,0,0,7.228761978783573e-18,jpeg_q90,90
real_00157.jpeg,test,real,0,0,0.020879903808236122,jpeg_q90,90
real_00475.jpeg,test,real,0,0,5.594204594672192e-06,jpeg_q90,90
real_00071.jpeg,test,real,0,0,0.22003929316997528,jpeg_q90,90
real_00235.jpeg,test,real,0,0,7.448949327226728e-05,jpeg_q90,90
real_00067.jpeg,test,real,0,0,5.2124269132036716e-05,jpeg_q90,90
real_00502.jpeg,test,real,0,0,0.0045545524917542934,jpeg_q90,90
real_00099.jpeg,test,real,0,0,0.030622407793998718,jpeg_q90,90
real_00508.jpeg,test,real,0,0,0.0008114537340588868,jpeg_q90,90
real_00036.jpeg,test,real,0,0,0.0005550631321966648,jpeg_q90,90
real_00149.jpeg,test,real,0,0,5.302858152589351e-10,jpeg_q90,90
real_00220.jpeg,test,real,0,0,0.0007165115675888956,jpeg_q90,90
real_00418.jpeg,test,real,0,0,0.0005205415654927492,jpeg_q90,90
real_00466.jpeg,test,real,0,0,0.32752305269241333,jpeg_q90,90
real_00120.jpeg,test,real,0,0,0.003901123069226742,jpeg_q90,90
real_00139.jpeg,test,real,0,0,0.13680855929851532,jpeg_q90,90
real_00589.jpeg,test,real,0,1,0.9959648847579956,jpeg_q90,90
real_00276.jpeg,test,real,0,0,0.007468224968761206,jpeg_q90,90
real_00377.jpeg,test,real,0,0,0.07690936326980591,jpeg_q90,90
real_00175.jpeg,test,real,0,0,0.09119490534067154,jpeg_q90,90
real_00001.jpeg,test,real,0,1,0.5056005120277405,jpeg_q90,90
real_00424.jpeg,test,real,0,0,1.0830844985321164e-05,jpeg_q90,90
real_00197.jpeg,test,real,0,0,0.00013051068526692688,jpeg_q90,90
real_00246.jpeg,test,real,0,0,0.0024467434268444777,jpeg_q90,90
real_00325.jpeg,test,real,0,0,0.0060257865116000175,jpeg_q90,90
real_00150.jpeg,test,real,0,0,3.727644681816855e-08,jpeg_q90,90
real_00501.jpeg,test,real,0,0,6.180853233672678e-05,jpeg_q90,90
real_00428.jpeg,test,real,0,0,0.026684848591685295,jpeg_q90,90
real_00222.jpeg,test,real,0,0,0.2511518597602844,jpeg_q90,90
real_00045.jpeg,test,real,0,0,0.01633569411933422,jpeg_q90,90
real_00338.jpeg,test,real,0,0,0.00014513351197820157,jpeg_q90,90
real_00390.jpeg,test,real,0,0,0.00024035622482188046,jpeg_q90,90
real_00062.jpeg,test,real,0,0,0.22020050883293152,jpeg_q90,90
real_00426.jpeg,test,real,0,0,0.0004980580415576696,jpeg_q90,90
real_00247.jpeg,test,real,0,0,0.08656284958124161,jpeg_q90,90
real_00152.jpeg,test,real,0,0,0.006424427963793278,jpeg_q90,90
real_00156.jpeg,test,real,0,0,0.0003872290544677526,jpeg_q90,90
real_00084.jpeg,test,real,0,0,0.012717152014374733,jpeg_q90,90
real_00212.jpeg,test,real,0,0,0.07558688521385193,jpeg_q90,90
real_00184.jpeg,test,real,0,0,0.013597958721220493,jpeg_q90,90
real_00309.jpeg,test,real,0,0,0.0008848975412547588,jpeg_q90,90
real_00423.jpeg,test,real,0,0,0.24684014916419983,jpeg_q90,90
real_00095.jpeg,test,real,0,0,0.0006460789008997381,jpeg_q90,90
real_00264.jpeg,test,real,0,0,0.0075464979745447636,jpeg_q90,90
real_00105.jpeg,test,real,0,0,0.031031498685479164,jpeg_q90,90
real_00024.jpeg,test,real,0,0,5.791883417316512e-09,jpeg_q90,90
real_00293.jpeg,test,real,0,0,1.116002636081248e-06,jpeg_q90,90
real_00311.jpeg,test,real,0,0,0.006335480138659477,jpeg_q90,90
real_00032.jpeg,test,real,0,0,0.20609737932682037,jpeg_q90,90
real_00374.jpeg,test,real,0,0,0.00013423211930785328,jpeg_q90,90
real_00492.jpeg,test,real,0,0,0.00031329906778410077,jpeg_q90,90
real_00162.jpeg,test,real,0,0,0.018875736743211746,jpeg_q90,90
real_00588.jpeg,test,real,0,0,0.0009600300109013915,jpeg_q90,90
real_00411.jpeg,test,real,0,0,0.0014560999115929008,jpeg_q90,90
real_00241.jpeg,test,real,0,0,0.11368750780820847,jpeg_q90,90
real_00432.jpeg,test,real,0,1,0.5509257316589355,jpeg_q90,90
real_00025.jpeg,test,real,0,0,0.0018286093836650252,jpeg_q90,90
real_00079.jpeg,test,real,0,1,0.6678647398948669,jpeg_q90,90
real_00351.jpeg,test,real,0,0,0.1500910073518753,jpeg_q90,90
real_00590.jpeg,test,real,0,0,1.6262152513490946e-08,jpeg_q90,90
real_00240.jpeg,test,real,0,0,0.00031468807719647884,jpeg_q90,90
real_00583.jpeg,test,real,0,0,9.80512413661927e-05,jpeg_q90,90
real_00116.jpeg,test,real,0,0,0.1367870569229126,jpeg_q90,90
real_00081.jpeg,test,real,0,0,0.0013057210016995668,jpeg_q90,90
real_00224.jpeg,test,real,0,0,0.10199253261089325,jpeg_q90,90
real_00372.jpeg,test,real,0,0,0.0019581480883061886,jpeg_q90,90
real_00074.jpeg,test,real,0,0,0.0004891940043307841,jpeg_q90,90
real_00555.jpeg,test,real,0,0,1.3883027349947952e-05,jpeg_q90,90
real_00399.jpeg,test,real,0,0,1.1760549568862189e-05,jpeg_q90,90
real_00308.jpeg,test,real,0,0,0.04645129293203354,jpeg_q90,90
real_00132.jpeg,test,real,0,0,0.10011206567287445,jpeg_q90,90
real_00478.jpeg,test,real,0,0,3.8765692806919105e-06,jpeg_q90,90
real_00435.jpeg,test,real,0,0,4.1440223867539316e-05,jpeg_q90,90
real_00072.jpeg,test,real,0,0,0.00558211375027895,jpeg_q90,90
real_00037.jpeg,test,real,0,1,0.7892891764640808,jpeg_q90,90
real_00272.jpeg,test,real,0,1,0.9736301898956299,jpeg_q90,90
real_00102.jpeg,test,real,0,0,0.030659301206469536,jpeg_q90,90
real_00044.jpeg,test,real,0,0,0.06157193332910538,jpeg_q90,90
real_00546.jpeg,test,real,0,0,0.022109180688858032,jpeg_q90,90
real_00146.jpeg,test,real,0,0,0.00015264311514329165,jpeg_q90,90
real_00361.jpeg,test,real,0,0,0.004053841345012188,jpeg_q90,90
real_00498.jpeg,test,real,0,0,0.4364176392555237,jpeg_q90,90
real_00567.jpeg,test,real,0,0,1.8767713072520564e-07,jpeg_q90,90
real_00229.jpeg,test,real,0,0,0.0016472788993269205,jpeg_q90,90
real_00573.jpeg,test,real,0,0,1.4520015611196868e-05,jpeg_q90,90
real_00452.jpeg,test,real,0,0,0.2519097626209259,jpeg_q90,90
real_00258.jpeg,test,real,0,0,0.04747253283858299,jpeg_q90,90
real_00581.jpeg,test,real,0,0,0.014286277815699577,jpeg_q90,90
real_00340.jpeg,test,real,0,0,0.07877826690673828,jpeg_q90,90
real_00516.jpeg,test,real,0,0,6.978707097005099e-05,jpeg_q90,90
real_00524.jpeg,test,real,0,0,0.0008942018612287939,jpeg_q90,90
real_00554.jpeg,test,real,0,0,0.005658534821122885,jpeg_q90,90
real_00299.jpeg,test,real,0,0,8.856194888551272e-09,jpeg_q90,90
real_00439.jpeg,test,real,0,0,0.00017193658277392387,jpeg_q90,90
real_00166.jpeg,test,real,0,0,1.2021940847262158e-06,jpeg_q90,90
real_00392.jpeg,test,real,0,0,0.01994802989065647,jpeg_q90,90
real_00086.jpeg,test,real,0,0,8.377593985642307e-06,jpeg_q90,90
real_00537.jpeg,test,real,0,0,0.2556990385055542,jpeg_q90,90
real_00431.jpeg,test,real,0,0,8.986587636172771e-05,jpeg_q90,90
real_00389.jpeg,test,real,0,0,2.47044772549998e-05,jpeg_q90,90
real_00534.jpeg,test,real,0,0,1.8106493371305987e-05,jpeg_q90,90
real_00541.jpeg,test,real,0,0,1.867810972555617e-08,jpeg_q90,90
real_00094.jpeg,test,real,0,1,0.9859961867332458,jpeg_q90,90
real_00226.jpeg,test,real,0,0,0.0013344293693080544,jpeg_q90,90
real_00200.jpeg,test,real,0,0,0.0058453199453651905,jpeg_q90,90
real_00330.jpeg,test,real,0,0,0.005214853677898645,jpeg_q90,90
real_00091.jpeg,test,real,0,0,0.3232994079589844,jpeg_q90,90
real_00472.jpeg,test,real,0,0,1.8242201152429693e-11,jpeg_q90,90
real_00493.jpeg,test,real,0,0,2.958301820399356e-06,jpeg_q90,90
real_00053.jpeg,test,real,0,0,3.1813223699828086e-07,jpeg_q90,90
real_00298.jpeg,test,real,0,0,0.03898046538233757,jpeg_q90,90
real_00366.jpeg,test,real,0,0,0.0018543360056355596,jpeg_q90,90
real_00182.jpeg,test,real,0,0,2.0173954908386804e-05,jpeg_q90,90
real_00490.jpeg,test,real,0,0,0.007064062636345625,jpeg_q90,90
real_00593.jpeg,test,real,0,0,0.29115980863571167,jpeg_q90,90
real_00137.jpeg,test,real,0,0,0.009327422827482224,jpeg_q90,90
real_00314.jpeg,test,real,0,0,0.107540063560009,jpeg_q90,90
real_00471.jpeg,test,real,0,0,0.010231860913336277,jpeg_q90,90
real_00365.jpeg,test,real,0,0,0.0005857328069396317,jpeg_q90,90
real_00042.jpeg,test,real,0,0,5.69083224988276e-09,jpeg_q90,90
real_00448.jpeg,test,real,0,0,0.20350906252861023,jpeg_q90,90
real_00188.jpeg,test,real,0,0,2.290001930305152e-06,jpeg_q90,90
real_00245.jpeg,test,real,0,0,0.2053925096988678,jpeg_q90,90
real_00509.jpeg,test,real,0,0,5.37499772690353e-06,jpeg_q90,90
real_00265.jpeg,test,real,0,0,0.0011656233109533787,jpeg_q90,90
real_00443.jpeg,test,real,0,0,0.0004305406182538718,jpeg_q90,90
real_00284.jpeg,test,real,0,0,0.002775544300675392,jpeg_q90,90
real_00386.jpeg,test,real,0,0,2.2748545234207995e-05,jpeg_q90,90
real_00548.jpeg,test,real,0,0,2.593219051050255e-06,jpeg_q90,90
real_00487.jpeg,test,real,0,0,0.0003699652152135968,jpeg_q90,90
real_00549.jpeg,test,real,0,0,0.4267996549606323,jpeg_q90,90
real_00315.jpeg,test,real,0,0,5.897704613744281e-05,jpeg_q90,90
real_00464.jpeg,test,real,0,0,0.002002890221774578,jpeg_q90,90
midjourney_00068.png,test,midjourney,1,0,0.0022107919212430716,jpeg_q90,90
vqdm_00062.png,test,vqdm,1,1,0.5434667468070984,jpeg_q90,90
adm_00019.png,test,adm,1,1,0.9933648109436035,jpeg_q90,90
midjourney_00077.png,test,midjourney,1,0,0.0006677795900031924,jpeg_q90,90
adm_00074.png,test,adm,1,1,0.9999903440475464,jpeg_q90,90
wukong_00038.png,test,wukong,1,1,0.9999428987503052,jpeg_q90,90
biggan_00049.png,test,biggan,1,1,0.5175480246543884,jpeg_q90,90
midjourney_00036.png,test,midjourney,1,0,0.35817837715148926,jpeg_q90,90
glide_00074.png,test,glide,1,1,0.970781683921814,jpeg_q90,90
sdv5_00043.png,test,sdv5,1,0,0.2334204465150833,jpeg_q90,90
wukong_00067.png,test,wukong,1,1,0.9923191666603088,jpeg_q90,90
vqdm_00041.png,test,vqdm,1,1,0.8300537467002869,jpeg_q90,90
wukong_00066.png,test,wukong,1,0,0.14162912964820862,jpeg_q90,90
vqdm_00061.png,test,vqdm,1,1,1.0,jpeg_q90,90
biggan_00010.png,test,biggan,1,1,0.9320604205131531,jpeg_q90,90
midjourney_00011.png,test,midjourney,1,1,0.9996724128723145,jpeg_q90,90
adm_00067.png,test,adm,1,1,0.9999641180038452,jpeg_q90,90
adm_00063.png,test,adm,1,1,0.9991990923881531,jpeg_q90,90
wukong_00015.png,test,wukong,1,1,0.9635602235794067,jpeg_q90,90
vqdm_00004.png,test,vqdm,1,1,0.8233455419540405,jpeg_q90,90
midjourney_00005.png,test,midjourney,1,0,0.47509679198265076,jpeg_q90,90
adm_00014.png,test,adm,1,1,1.0,jpeg_q90,90
glide_00069.png,test,glide,1,1,0.9982966780662537,jpeg_q90,90
vqdm_00010.png,test,vqdm,1,1,1.0,jpeg_q90,90
sdv5_00046.png,test,sdv5,1,1,0.9980927109718323,jpeg_q90,90
wukong_00023.png,test,wukong,1,1,0.902288019657135,jpeg_q90,90
midjourney_00074.png,test,midjourney,1,1,0.8441134095191956,jpeg_q90,90
midjourney_00039.png,test,midjourney,1,1,0.9262378215789795,jpeg_q90,90
vqdm_00024.png,test,vqdm,1,1,0.9995430707931519,jpeg_q90,90
wukong_00075.png,test,wukong,1,1,0.9070805907249451,jpeg_q90,90
biggan_00050.png,test,biggan,1,1,0.9976816177368164,jpeg_q90,90
midjourney_00059.png,test,midjourney,1,1,0.7353985905647278,jpeg_q90,90
biggan_00029.png,test,biggan,1,0,0.20664508640766144,jpeg_q90,90
sdv5_00039.png,test,sdv5,1,1,0.9836305379867554,jpeg_q90,90
glide_00061.png,test,glide,1,0,0.04417160153388977,jpeg_q90,90
biggan_00012.png,test,biggan,1,1,0.9243055582046509,jpeg_q90,90
biggan_00080.png,test,biggan,1,1,0.9999998807907104,jpeg_q90,90
glide_00053.png,test,glide,1,1,0.8149340748786926,jpeg_q90,90
vqdm_00006.png,test,vqdm,1,1,0.8362860679626465,jpeg_q90,90
adm_00023.png,test,adm,1,1,0.9999997615814209,jpeg_q90,90
sdv5_00054.png,test,sdv5,1,1,0.9977911710739136,jpeg_q90,90
midjourney_00021.png,test,midjourney,1,1,0.9954286813735962,jpeg_q90,90
vqdm_00065.png,test,vqdm,1,0,0.1583470106124878,jpeg_q90,90
biggan_00055.png,test,biggan,1,1,0.5736244320869446,jpeg_q90,90
wukong_00003.png,test,wukong,1,1,0.999201238155365,jpeg_q90,90
biggan_00022.png,test,biggan,1,0,0.009855823591351509,jpeg_q90,90
biggan_00081.png,test,biggan,1,0,0.3935205936431885,jpeg_q90,90
vqdm_00049.png,test,vqdm,1,1,0.9611678719520569,jpeg_q90,90
sdv5_00076.png,test,sdv5,1,1,0.9999408721923828,jpeg_q90,90
vqdm_00011.png,test,vqdm,1,1,0.9765189290046692,jpeg_q90,90
adm_00039.png,test,adm,1,1,1.0,jpeg_q90,90
glide_00023.png,test,glide,1,1,0.8981219530105591,jpeg_q90,90
sdv5_00063.png,test,sdv5,1,1,0.9980757236480713,jpeg_q90,90
biggan_00059.png,test,biggan,1,1,0.9650444984436035,jpeg_q90,90
glide_00015.png,test,glide,1,1,0.9992458820343018,jpeg_q90,90
wukong_00047.png,test,wukong,1,1,0.864815354347229,jpeg_q90,90
vqdm_00037.png,test,vqdm,1,1,0.993919849395752,jpeg_q90,90
wukong_00080.png,test,wukong,1,1,0.99997878074646,jpeg_q90,90
midjourney_00076.png,test,midjourney,1,1,0.998439371585846,jpeg_q90,90
sdv5_00061.png,test,sdv5,1,1,0.9999979734420776,jpeg_q90,90
adm_00029.png,test,adm,1,1,0.9999723434448242,jpeg_q90,90
glide_00039.png,test,glide,1,1,0.999875545501709,jpeg_q90,90
adm_00072.png,test,adm,1,1,0.9977743029594421,jpeg_q90,90
sdv5_00051.png,test,sdv5,1,1,0.9999998807907104,jpeg_q90,90
sdv5_00066.png,test,sdv5,1,1,0.8592385053634644,jpeg_q90,90
midjourney_00078.png,test,midjourney,1,1,0.9999874830245972,jpeg_q90,90
vqdm_00017.png,test,vqdm,1,0,0.02143876999616623,jpeg_q90,90
sdv5_00073.png,test,sdv5,1,1,0.997313916683197,jpeg_q90,90
midjourney_00045.png,test,midjourney,1,1,0.8984930515289307,jpeg_q90,90
vqdm_00073.png,test,vqdm,1,1,0.5265288352966309,jpeg_q90,90
sdv5_00008.png,test,sdv5,1,1,0.999982476234436,jpeg_q90,90
midjourney_00061.png,test,midjourney,1,0,0.03562484309077263,jpeg_q90,90
adm_00015.png,test,adm,1,1,0.9999991655349731,jpeg_q90,90
vqdm_00068.png,test,vqdm,1,1,0.9073767066001892,jpeg_q90,90
midjourney_00053.png,test,midjourney,1,1,0.9999966621398926,jpeg_q90,90
sdv5_00050.png,test,sdv5,1,1,0.9995775818824768,jpeg_q90,90
glide_00050.png,test,glide,1,1,0.9990713596343994,jpeg_q90,90
midjourney_00069.png,test,midjourney,1,1,0.6001437902450562,jpeg_q90,90
glide_00038.png,test,glide,1,1,0.9765200614929199,jpeg_q90,90
biggan_00011.png,test,biggan,1,0,0.009440355934202671,jpeg_q90,90
biggan_00082.png,test,biggan,1,1,0.997183620929718,jpeg_q90,90
wukong_00005.png,test,wukong,1,1,0.9999339580535889,jpeg_q90,90
wukong_00014.png,test,wukong,1,1,0.9998158812522888,jpeg_q90,90
midjourney_00071.png,test,midjourney,1,0,0.006873668637126684,jpeg_q90,90
midjourney_00009.png,test,midjourney,1,1,0.7591659426689148,jpeg_q90,90
midjourney_00044.png,test,midjourney,1,1,0.9657652378082275,jpeg_q90,90
biggan_00017.png,test,biggan,1,1,0.9971988201141357,jpeg_q90,90
glide_00082.png,test,glide,1,1,0.9108729362487793,jpeg_q90,90
glide_00037.png,test,glide,1,0,0.23556388914585114,jpeg_q90,90
adm_00027.png,test,adm,1,1,0.9999836683273315,jpeg_q90,90
midjourney_00024.png,test,midjourney,1,1,0.999996542930603,jpeg_q90,90
glide_00033.png,test,glide,1,1,0.9974045157432556,jpeg_q90,90
midjourney_00007.png,test,midjourney,1,1,0.9831776022911072,jpeg_q90,90
sdv5_00072.png,test,sdv5,1,1,0.6540599465370178,jpeg_q90,90
wukong_00022.png,test,wukong,1,1,0.9978331923484802,jpeg_q90,90
vqdm_00032.png,test,vqdm,1,0,0.003890048945322633,jpeg_q90,90
glide_00009.png,test,glide,1,1,0.9999115467071533,jpeg_q90,90
biggan_00030.png,test,biggan,1,0,0.29288315773010254,jpeg_q90,90
wukong_00057.png,test,wukong,1,1,0.9660214781761169,jpeg_q90,90
adm_00079.png,test,adm,1,1,0.9999998807907104,jpeg_q90,90
vqdm_00031.png,test,vqdm,1,1,0.9982902407646179,jpeg_q90,90
glide_00010.png,test,glide,1,1,1.0,jpeg_q90,90
wukong_00009.png,test,wukong,1,1,0.9965041875839233,jpeg_q90,90
glide_00013.png,test,glide,1,1,0.9114516377449036,jpeg_q90,90
vqdm_00023.png,test,vqdm,1,0,0.4250756502151489,jpeg_q90,90
sdv5_00011.png,test,sdv5,1,1,0.9424334764480591,jpeg_q90,90
sdv5_00047.png,test,sdv5,1,1,0.9999822378158569,jpeg_q90,90
sdv5_00009.png,test,sdv5,1,1,0.9657022356987,jpeg_q90,90
sdv5_00010.png,test,sdv5,1,1,0.9523908495903015,jpeg_q90,90
glide_00076.png,test,glide,1,1,0.9997931122779846,jpeg_q90,90
adm_00081.png,test,adm,1,1,0.999985933303833,jpeg_q90,90
sdv5_00023.png,test,sdv5,1,1,0.9999217987060547,jpeg_q90,90
biggan_00003.png,test,biggan,1,1,0.654674768447876,jpeg_q90,90
wukong_00061.png,test,wukong,1,1,0.658378541469574,jpeg_q90,90
adm_00085.png,test,adm,1,1,0.9058236479759216,jpeg_q90,90
midjourney_00014.png,test,midjourney,1,1,0.9586035013198853,jpeg_q90,90
vqdm_00042.png,test,vqdm,1,1,0.9877287149429321,jpeg_q90,90
wukong_00076.png,test,wukong,1,1,0.9992967844009399,jpeg_q90,90
vqdm_00035.png,test,vqdm,1,0,0.22333607077598572,jpeg_q90,90
sdv5_00037.png,test,sdv5,1,1,0.7432002425193787,jpeg_q90,90
biggan_00000.png,test,biggan,1,1,0.8575912714004517,jpeg_q90,90
sdv5_00053.png,test,sdv5,1,1,0.9999971389770508,jpeg_q90,90
midjourney_00034.png,test,midjourney,1,1,0.995907187461853,jpeg_q90,90
wukong_00033.png,test,wukong,1,1,0.8928617238998413,jpeg_q90,90
glide_00011.png,test,glide,1,1,0.9778998494148254,jpeg_q90,90
glide_00008.png,test,glide,1,1,0.9977251887321472,jpeg_q90,90
adm_00044.png,test,adm,1,1,0.9625551104545593,jpeg_q90,90
sdv5_00029.png,test,sdv5,1,1,0.9999754428863525,jpeg_q90,90
sdv5_00081.png,test,sdv5,1,1,0.9999852180480957,jpeg_q90,90
sdv5_00040.png,test,sdv5,1,0,0.4457438290119171,jpeg_q90,90
adm_00042.png,test,adm,1,1,0.9996789693832397,jpeg_q90,90
sdv5_00059.png,test,sdv5,1,1,0.9592740535736084,jpeg_q90,90
wukong_00017.png,test,wukong,1,1,0.9998600482940674,jpeg_q90,90
wukong_00058.png,test,wukong,1,1,0.9999947547912598,jpeg_q90,90
adm_00086.png,test,adm,1,1,0.9999977350234985,jpeg_q90,90
midjourney_00049.png,test,midjourney,1,1,0.9796384572982788,jpeg_q90,90
midjourney_00065.png,test,midjourney,1,1,0.9999998807907104,jpeg_q90,90
midjourney_00006.png,test,midjourney,1,1,0.9837320446968079,jpeg_q90,90
wukong_00079.png,test,wukong,1,1,0.9993146657943726,jpeg_q90,90
sdv5_00085.png,test,sdv5,1,1,0.9999998807907104,jpeg_q90,90
sdv5_00065.png,test,sdv5,1,1,0.9613018035888672,jpeg_q90,90
wukong_00037.png,test,wukong,1,1,0.9782038927078247,jpeg_q90,90
biggan_00032.png,test,biggan,1,0,0.47039079666137695,jpeg_q90,90
wukong_00011.png,test,wukong,1,1,0.9999747276306152,jpeg_q90,90
biggan_00053.png,test,biggan,1,1,1.0,jpeg_q90,90
sdv5_00005.png,test,sdv5,1,1,0.9622681140899658,jpeg_q90,90
adm_00057.png,test,adm,1,1,0.9485071897506714,jpeg_q90,90
wukong_00024.png,test,wukong,1,1,0.9924980998039246,jpeg_q90,90
glide_00056.png,test,glide,1,1,0.9999996423721313,jpeg_q90,90
adm_00004.png,test,adm,1,1,1.0,jpeg_q90,90
midjourney_00081.png,test,midjourney,1,0,0.00034597510239109397,jpeg_q90,90
sdv5_00083.png,test,sdv5,1,0,0.028867587447166443,jpeg_q90,90
glide_00042.png,test,glide,1,1,0.9879653453826904,jpeg_q90,90
glide_00029.png,test,glide,1,1,0.5592469573020935,jpeg_q90,90
vqdm_00022.png,test,vqdm,1,1,0.9937531352043152,jpeg_q90,90
adm_00007.png,test,adm,1,1,0.9990823268890381,jpeg_q90,90
vqdm_00082.png,test,vqdm,1,0,0.19709090888500214,jpeg_q90,90
glide_00052.png,test,glide,1,1,0.9999558925628662,jpeg_q90,90
adm_00066.png,test,adm,1,1,0.9486753940582275,jpeg_q90,90
sdv5_00026.png,test,sdv5,1,0,0.4030981659889221,jpeg_q90,90
wukong_00004.png,test,wukong,1,1,0.9999969005584717,jpeg_q90,90
wukong_00034.png,test,wukong,1,1,0.9994469285011292,jpeg_q90,90
adm_00073.png,test,adm,1,1,0.9999886751174927,jpeg_q90,90
sdv5_00056.png,test,sdv5,1,1,0.8920274972915649,jpeg_q90,90
adm_00050.png,test,adm,1,1,0.9873847961425781,jpeg_q90,90
biggan_00004.png,test,biggan,1,1,0.8439937829971313,jpeg_q90,90
midjourney_00063.png,test,midjourney,1,1,0.8839792609214783,jpeg_q90,90
glide_00007.png,test,glide,1,0,0.3005329966545105,jpeg_q90,90
vqdm_00059.png,test,vqdm,1,0,0.17179813981056213,jpeg_q90,90
midjourney_00051.png,test,midjourney,1,0,0.08269813656806946,jpeg_q90,90
adm_00040.png,test,adm,1,1,0.929645836353302,jpeg_q90,90
vqdm_00046.png,test,vqdm,1,1,0.6808858513832092,jpeg_q90,90
glide_00071.png,test,glide,1,1,0.9991676807403564,jpeg_q90,90
midjourney_00040.png,test,midjourney,1,1,0.7841811776161194,jpeg_q90,90
biggan_00056.png,test,biggan,1,1,0.9138083457946777,jpeg_q90,90
wukong_00030.png,test,wukong,1,1,0.9102798104286194,jpeg_q90,90
adm_00045.png,test,adm,1,1,0.9998219609260559,jpeg_q90,90
vqdm_00069.png,test,vqdm,1,1,0.9096977114677429,jpeg_q90,90
sdv5_00013.png,test,sdv5,1,1,0.973602294921875,jpeg_q90,90
adm_00058.png,test,adm,1,1,0.9618651866912842,jpeg_q90,90
biggan_00037.png,test,biggan,1,1,0.9999998807907104,jpeg_q90,90
vqdm_00039.png,test,vqdm,1,1,0.9990629553794861,jpeg_q90,90
sdv5_00034.png,test,sdv5,1,1,0.9998587369918823,jpeg_q90,90
glide_00047.png,test,glide,1,1,0.9940181970596313,jpeg_q90,90
biggan_00063.png,test,biggan,1,1,0.8574864268302917,jpeg_q90,90
glide_00045.png,test,glide,1,1,0.8576522469520569,jpeg_q90,90
wukong_00027.png,test,wukong,1,1,0.9912842512130737,jpeg_q90,90
vqdm_00027.png,test,vqdm,1,0,0.0467383936047554,jpeg_q90,90
glide_00024.png,test,glide,1,1,0.9993599057197571,jpeg_q90,90
wukong_00085.png,test,wukong,1,1,0.9983956217765808,jpeg_q90,90
glide_00043.png,test,glide,1,1,0.9995359182357788,jpeg_q90,90
vqdm_00055.png,test,vqdm,1,1,0.9837563037872314,jpeg_q90,90
midjourney_00057.png,test,midjourney,1,1,0.9999101161956787,jpeg_q90,90
wukong_00062.png,test,wukong,1,1,0.936779260635376,jpeg_q90,90
sdv5_00007.png,test,sdv5,1,1,0.9976353645324707,jpeg_q90,90
biggan_00043.png,test,biggan,1,0,0.0011734841391444206,jpeg_q90,90
adm_00083.png,test,adm,1,1,0.9995059967041016,jpeg_q90,90
adm_00052.png,test,adm,1,1,0.9999943971633911,jpeg_q90,90
wukong_00032.png,test,wukong,1,1,0.9984727501869202,jpeg_q90,90
midjourney_00047.png,test,midjourney,1,1,0.9999548196792603,jpeg_q90,90
midjourney_00072.png,test,midjourney,1,1,0.9995585083961487,jpeg_q90,90
wukong_00010.png,test,wukong,1,1,0.9929268956184387,jpeg_q90,90
sdv5_00021.png,test,sdv5,1,1,0.9918428659439087,jpeg_q90,90
biggan_00009.png,test,biggan,1,1,0.9761014580726624,jpeg_q90,90
wukong_00043.png,test,wukong,1,1,0.9998830556869507,jpeg_q90,90
vqdm_00034.png,test,vqdm,1,1,0.9776230454444885,jpeg_q90,90
biggan_00023.png,test,biggan,1,1,0.9978089928627014,jpeg_q90,90
glide_00080.png,test,glide,1,1,0.9999927282333374,jpeg_q90,90
midjourney_00008.png,test,midjourney,1,1,0.5661016702651978,jpeg_q90,90
biggan_00024.png,test,biggan,1,1,0.9618985056877136,jpeg_q90,90
midjourney_00002.png,test,midjourney,1,1,0.9040044546127319,jpeg_q90,90
midjourney_00000.png,test,midjourney,1,1,0.8004940152168274,jpeg_q90,90
adm_00084.png,test,adm,1,1,1.0,jpeg_q90,90
biggan_00042.png,test,biggan,1,1,0.7497706413269043,jpeg_q90,90
wukong_00018.png,test,wukong,1,1,0.9999880790710449,jpeg_q90,90
vqdm_00021.png,test,vqdm,1,1,0.9693610072135925,jpeg_q90,90
sdv5_00057.png,test,sdv5,1,1,0.9538941383361816,jpeg_q90,90
midjourney_00029.png,test,midjourney,1,1,0.7258607149124146,jpeg_q90,90
sdv5_00004.png,test,sdv5,1,0,0.37802523374557495,jpeg_q90,90
wukong_00063.png,test,wukong,1,0,0.11715038865804672,jpeg_q90,90
glide_00057.png,test,glide,1,1,0.9931595325469971,jpeg_q90,90
wukong_00074.png,test,wukong,1,0,0.2774414122104645,jpeg_q90,90
adm_00070.png,test,adm,1,0,0.42722538113594055,jpeg_q90,90
midjourney_00018.png,test,midjourney,1,1,0.9987077713012695,jpeg_q90,90
vqdm_00081.png,test,vqdm,1,1,0.824900209903717,jpeg_q90,90
vqdm_00075.png,test,vqdm,1,1,0.8744727373123169,jpeg_q90,90
glide_00059.png,test,glide,1,1,0.8018143177032471,jpeg_q90,90
vqdm_00002.png,test,vqdm,1,0,0.1347539871931076,jpeg_q90,90
biggan_00045.png,test,biggan,1,1,0.999901294708252,jpeg_q90,90
sdv5_00075.png,test,sdv5,1,1,0.9787172675132751,jpeg_q90,90
sdv5_00055.png,test,sdv5,1,0,0.06374999135732651,jpeg_q90,90
wukong_00013.png,test,wukong,1,1,0.9999533891677856,jpeg_q90,90
adm_00068.png,test,adm,1,1,0.9995558857917786,jpeg_q90,90
midjourney_00010.png,test,midjourney,1,0,0.1714024841785431,jpeg_q90,90
midjourney_00030.png,test,midjourney,1,1,0.9914450645446777,jpeg_q90,90
sdv5_00074.png,test,sdv5,1,1,0.9999604225158691,jpeg_q90,90
vqdm_00072.png,test,vqdm,1,1,0.9839873313903809,jpeg_q90,90
wukong_00031.png,test,wukong,1,1,0.9999922513961792,jpeg_q90,90
vqdm_00080.png,test,vqdm,1,1,0.9935598373413086,jpeg_q90,90
midjourney_00043.png,test,midjourney,1,0,0.0326029434800148,jpeg_q90,90
vqdm_00001.png,test,vqdm,1,1,0.8634219765663147,jpeg_q90,90
glide_00021.png,test,glide,1,1,0.9999980926513672,jpeg_q90,90
midjourney_00037.png,test,midjourney,1,0,0.006461851764470339,jpeg_q90,90
biggan_00031.png,test,biggan,1,0,0.31836339831352234,jpeg_q90,90
wukong_00072.png,test,wukong,1,1,0.9818760752677917,jpeg_q90,90
midjourney_00055.png,test,midjourney,1,1,0.9965567588806152,jpeg_q90,90
glide_00070.png,test,glide,1,1,0.9999998807907104,jpeg_q90,90
biggan_00057.png,test,biggan,1,1,0.8529641628265381,jpeg_q90,90
midjourney_00075.png,test,midjourney,1,1,0.9959410429000854,jpeg_q90,90
vqdm_00048.png,test,vqdm,1,1,0.8512275815010071,jpeg_q90,90
glide_00034.png,test,glide,1,1,0.9999926090240479,jpeg_q90,90
sdv5_00078.png,test,sdv5,1,1,0.9063200950622559,jpeg_q90,90
midjourney_00062.png,test,midjourney,1,1,0.6652159094810486,jpeg_q90,90
adm_00031.png,test,adm,1,1,0.6202542185783386,jpeg_q90,90
midjourney_00026.png,test,midjourney,1,1,0.6016976237297058,jpeg_q90,90
vqdm_00000.png,test,vqdm,1,1,0.9084102511405945,jpeg_q90,90
adm_00020.png,test,adm,1,1,0.9978691339492798,jpeg_q90,90
adm_00012.png,test,adm,1,1,0.9999445676803589,jpeg_q90,90
adm_00030.png,test,adm,1,1,0.9998782873153687,jpeg_q90,90
midjourney_00070.png,test,midjourney,1,1,0.8285511136054993,jpeg_q90,90
adm_00041.png,test,adm,1,1,0.999937891960144,jpeg_q90,90
adm_00078.png,test,adm,1,1,0.9999969005584717,jpeg_q90,90
wukong_00068.png,test,wukong,1,1,0.9104752540588379,jpeg_q90,90
biggan_00008.png,test,biggan,1,0,0.33116641640663147,jpeg_q90,90
adm_00069.png,test,adm,1,1,1.0,jpeg_q90,90
vqdm_00056.png,test,vqdm,1,1,0.9999876022338867,jpeg_q90,90
sdv5_00036.png,test,sdv5,1,1,0.9971147775650024,jpeg_q90,90
vqdm_00079.png,test,vqdm,1,1,0.7342023253440857,jpeg_q90,90
midjourney_00017.png,test,midjourney,1,0,0.4297037422657013,jpeg_q90,90
biggan_00033.png,test,biggan,1,1,0.6517558097839355,jpeg_q90,90
biggan_00018.png,test,biggan,1,1,0.9802654385566711,jpeg_q90,90
sdv5_00001.png,test,sdv5,1,1,0.6961745023727417,jpeg_q90,90
sdv5_00020.png,test,sdv5,1,1,0.9635453224182129,jpeg_q90,90
biggan_00048.png,test,biggan,1,1,0.997068464756012,jpeg_q90,90
biggan_00058.png,test,biggan,1,1,0.9983231425285339,jpeg_q90,90
midjourney_00066.png,test,midjourney,1,0,0.335688978433609,jpeg_q90,90
midjourney_00080.png,test,midjourney,1,0,0.1769844889640808,jpeg_q90,90
adm_00005.png,test,adm,1,1,0.9999788999557495,jpeg_q90,90
adm_00003.png,test,adm,1,1,0.9999585151672363,jpeg_q90,90
adm_00024.png,test,adm,1,1,0.9988792538642883,jpeg_q90,90
sdv5_00000.png,test,sdv5,1,1,0.9998496770858765,jpeg_q90,90
biggan_00001.png,test,biggan,1,0,0.09430552273988724,jpeg_q90,90
vqdm_00014.png,test,vqdm,1,1,0.9993645548820496,jpeg_q90,90
biggan_00028.png,test,biggan,1,1,0.9999943971633911,jpeg_q90,90
midjourney_00028.png,test,midjourney,1,0,0.06163889914751053,jpeg_q90,90
biggan_00027.png,test,biggan,1,1,0.9756169319152832,jpeg_q90,90
sdv5_00049.png,test,sdv5,1,1,0.999847412109375,jpeg_q90,90
vqdm_00029.png,test,vqdm,1,1,0.97354656457901,jpeg_q90,90
adm_00035.png,test,adm,1,1,0.9998387098312378,jpeg_q90,90
adm_00011.png,test,adm,1,1,0.9999998807907104,jpeg_q90,90
biggan_00078.png,test,biggan,1,1,0.9563441276550293,jpeg_q90,90
midjourney_00013.png,test,midjourney,1,1,0.9911143779754639,jpeg_q90,90
sdv5_00067.png,test,sdv5,1,1,0.9767144918441772,jpeg_q90,90
biggan_00006.png,test,biggan,1,0,0.1286875158548355,jpeg_q90,90
vqdm_00078.png,test,vqdm,1,0,0.20659546554088593,jpeg_q90,90
glide_00049.png,test,glide,1,1,0.9442832469940186,jpeg_q90,90
midjourney_00050.png,test,midjourney,1,1,0.9998887777328491,jpeg_q90,90
glide_00017.png,test,glide,1,1,0.9999978542327881,jpeg_q90,90
wukong_00008.png,test,wukong,1,1,0.9999401569366455,jpeg_q90,90
sdv5_00014.png,test,sdv5,1,1,0.9794468879699707,jpeg_q90,90
biggan_00052.png,test,biggan,1,0,0.038024723529815674,jpeg_q90,90
wukong_00059.png,test,wukong,1,1,0.9855060577392578,jpeg_q90,90
glide_00078.png,test,glide,1,1,1.0,jpeg_q90,90
adm_00034.png,test,adm,1,1,0.9999998807907104,jpeg_q90,90
wukong_00006.png,test,wukong,1,1,0.872623085975647,jpeg_q90,90
biggan_00046.png,test,biggan,1,1,0.9999998807907104,jpeg_q90,90
wukong_00073.png,test,wukong,1,1,0.5912022590637207,jpeg_q90,90
midjourney_00046.png,test,midjourney,1,1,0.9992535710334778,jpeg_q90,90
glide_00068.png,test,glide,1,1,0.9970596432685852,jpeg_q90,90
midjourney_00058.png,test,midjourney,1,1,0.6110281944274902,jpeg_q90,90
glide_00001.png,test,glide,1,1,0.9997664093971252,jpeg_q90,90
glide_00041.png,test,glide,1,1,1.0,jpeg_q90,90
glide_00014.png,test,glide,1,1,0.5563635230064392,jpeg_q90,90
adm_00013.png,test,adm,1,1,0.9942851662635803,jpeg_q90,90
glide_00063.png,test,glide,1,1,0.9971612691879272,jpeg_q90,90
wukong_00045.png,test,wukong,1,1,0.9936540126800537,jpeg_q90,90
biggan_00079.png,test,biggan,1,1,0.9938886165618896,jpeg_q90,90
adm_00002.png,test,adm,1,1,1.0,jpeg_q90,90
midjourney_00041.png,test,midjourney,1,1,0.9942995309829712,jpeg_q90,90
vqdm_00044.png,test,vqdm,1,1,0.9850786924362183,jpeg_q90,90
adm_00043.png,test,adm,1,0,0.45498448610305786,jpeg_q90,90
sdv5_00017.png,test,sdv5,1,1,0.9996249675750732,jpeg_q90,90
vqdm_00052.png,test,vqdm,1,0,0.44625332951545715,jpeg_q90,90
adm_00036.png,test,adm,1,1,0.9993417859077454,jpeg_q90,90
biggan_00083.png,test,biggan,1,1,0.7679280042648315,jpeg_q90,90
glide_00020.png,test,glide,1,1,1.0,jpeg_q90,90
midjourney_00054.png,test,midjourney,1,0,0.20171873271465302,jpeg_q90,90
adm_00032.png,test,adm,1,1,0.9998856782913208,jpeg_q90,90
glide_00058.png,test,glide,1,1,0.9894813299179077,jpeg_q90,90
vqdm_00008.png,test,vqdm,1,1,0.9974870681762695,jpeg_q90,90
adm_00026.png,test,adm,1,1,0.9999794960021973,jpeg_q90,90
midjourney_00082.png,test,midjourney,1,1,0.9773898720741272,jpeg_q90,90
wukong_00012.png,test,wukong,1,1,0.8780761361122131,jpeg_q90,90
glide_00048.png,test,glide,1,1,0.7264202237129211,jpeg_q90,90
midjourney_00033.png,test,midjourney,1,1,0.9999512434005737,jpeg_q90,90
vqdm_00060.png,test,vqdm,1,1,0.9659284949302673,jpeg_q90,90
wukong_00052.png,test,wukong,1,1,0.9999996423721313,jpeg_q90,90
adm_00021.png,test,adm,1,1,0.8801405429840088,jpeg_q90,90
wukong_00042.png,test,wukong,1,1,0.8385464549064636,jpeg_q90,90
vqdm_00071.png,test,vqdm,1,1,0.9980915188789368,jpeg_q90,90
glide_00026.png,test,glide,1,1,1.0,jpeg_q90,90
biggan_00019.png,test,biggan,1,1,0.997317373752594,jpeg_q90,90
glide_00051.png,test,glide,1,1,0.9884190559387207,jpeg_q90,90
adm_00056.png,test,adm,1,1,0.9990522265434265,jpeg_q90,90
glide_00012.png,test,glide,1,1,0.9999847412109375,jpeg_q90,90
adm_00017.png,test,adm,1,1,0.5755866765975952,jpeg_q90,90
wukong_00020.png,test,wukong,1,1,0.9930103421211243,jpeg_q90,90
sdv5_00069.png,test,sdv5,1,1,0.9652073979377747,jpeg_q90,90
vqdm_00064.png,test,vqdm,1,0,0.06896918267011642,jpeg_q90,90
wukong_00050.png,test,wukong,1,1,0.9962577819824219,jpeg_q90,90
glide_00032.png,test,glide,1,1,0.9834607839584351,jpeg_q90,90
glide_00040.png,test,glide,1,1,0.9976840019226074,jpeg_q90,90
glide_00064.png,test,glide,1,1,0.7406905889511108,jpeg_q90,90
adm_00016.png,test,adm,1,1,0.9857089519500732,jpeg_q90,90
biggan_00066.png,test,biggan,1,1,0.9999955892562866,jpeg_q90,90
vqdm_00013.png,test,vqdm,1,0,0.011664352379739285,jpeg_q90,90
sdv5_00024.png,test,sdv5,1,1,0.9236065149307251,jpeg_q90,90
sdv5_00030.png,test,sdv5,1,1,0.9945740103721619,jpeg_q90,90
wukong_00051.png,test,wukong,1,1,0.9965335130691528,jpeg_q90,90
sdv5_00077.png,test,sdv5,1,1,0.9999998807907104,jpeg_q90,90
biggan_00013.png,test,biggan,1,0,0.49027562141418457,jpeg_q90,90
wukong_00064.png,test,wukong,1,1,0.9999674558639526,jpeg_q90,90
vqdm_00025.png,test,vqdm,1,1,0.7478154897689819,jpeg_q90,90
glide_00002.png,test,glide,1,1,0.9999765157699585,jpeg_q90,90
midjourney_00079.png,test,midjourney,1,1,0.5953891277313232,jpeg_q90,90
wukong_00039.png,test,wukong,1,1,0.712880551815033,jpeg_q90,90
vqdm_00020.png,test,vqdm,1,1,0.9959481358528137,jpeg_q90,90
sdv5_00032.png,test,sdv5,1,1,0.9918423891067505,jpeg_q90,90
sdv5_00003.png,test,sdv5,1,0,0.10569823533296585,jpeg_q90,90
wukong_00078.png,test,wukong,1,1,0.9937479496002197,jpeg_q90,90
wukong_00065.png,test,wukong,1,1,0.9998621940612793,jpeg_q90,90
biggan_00014.png,test,biggan,1,0,0.032580215483903885,jpeg_q90,90
adm_00006.png,test,adm,1,1,1.0,jpeg_q90,90
wukong_00056.png,test,wukong,1,1,0.9999774694442749,jpeg_q90,90
biggan_00005.png,test,biggan,1,1,0.9994567036628723,jpeg_q90,90
wukong_00002.png,test,wukong,1,1,0.7495338320732117,jpeg_q90,90
wukong_00055.png,test,wukong,1,0,0.037949856370687485,jpeg_q90,90
sdv5_00016.png,test,sdv5,1,1,0.8075900077819824,jpeg_q90,90
biggan_00065.png,test,biggan,1,0,0.0014354960294440389,jpeg_q90,90
vqdm_00019.png,test,vqdm,1,0,0.3699575364589691,jpeg_q90,90
adm_00038.png,test,adm,1,1,0.9999555349349976,jpeg_q90,90
sdv5_00044.png,test,sdv5,1,1,0.837774395942688,jpeg_q90,90
midjourney_00084.png,test,midjourney,1,1,0.9998608827590942,jpeg_q90,90
midjourney_00025.png,test,midjourney,1,0,0.06986827403306961,jpeg_q90,90
biggan_00061.png,test,biggan,1,1,0.5260451436042786,jpeg_q90,90
sdv5_00071.png,test,sdv5,1,1,0.9999982118606567,jpeg_q90,90
biggan_00074.png,test,biggan,1,1,0.9241873025894165,jpeg_q90,90
vqdm_00077.png,test,vqdm,1,0,0.051955580711364746,jpeg_q90,90
midjourney_00001.png,test,midjourney,1,1,0.9991239905357361,jpeg_q90,90
biggan_00069.png,test,biggan,1,0,0.11698953807353973,jpeg_q90,90
glide_00005.png,test,glide,1,1,0.9997918009757996,jpeg_q90,90
sdv5_00015.png,test,sdv5,1,1,0.820764422416687,jpeg_q90,90
vqdm_00012.png,test,vqdm,1,1,0.7271353602409363,jpeg_q90,90
wukong_00077.png,test,wukong,1,0,0.27428218722343445,jpeg_q90,90
midjourney_00023.png,test,midjourney,1,0,0.1879597157239914,jpeg_q90,90
sdv5_00045.png,test,sdv5,1,1,0.8870812058448792,jpeg_q90,90
adm_00033.png,test,adm,1,1,0.9997881054878235,jpeg_q90,90
wukong_00083.png,test,wukong,1,1,0.9791984558105469,jpeg_q90,90
biggan_00034.png,test,biggan,1,1,0.9251539707183838,jpeg_q90,90
biggan_00070.png,test,biggan,1,0,0.06222457438707352,jpeg_q90,90
biggan_00076.png,test,biggan,1,0,0.16986580193042755,jpeg_q90,90
midjourney_00067.png,test,midjourney,1,1,0.669049084186554,jpeg_q90,90
biggan_00062.png,test,biggan,1,1,0.9138168096542358,jpeg_q90,90
midjourney_00027.png,test,midjourney,1,1,0.9591239094734192,jpeg_q90,90
biggan_00077.png,test,biggan,1,0,0.14108027517795563,jpeg_q90,90
wukong_00053.png,test,wukong,1,1,0.9999997615814209,jpeg_q90,90
sdv5_00080.png,test,sdv5,1,1,1.0,jpeg_q90,90
glide_00035.png,test,glide,1,0,0.028055448085069656,jpeg_q90,90
adm_00022.png,test,adm,1,1,0.9999977350234985,jpeg_q90,90
vqdm_00070.png,test,vqdm,1,0,0.08900297433137894,jpeg_q90,90
wukong_00019.png,test,wukong,1,1,0.8483197093009949,jpeg_q90,90
glide_00036.png,test,glide,1,1,0.8252046704292297,jpeg_q90,90
adm_00054.png,test,adm,1,1,0.9999945163726807,jpeg_q90,90
glide_00060.png,test,glide,1,1,0.9983943104743958,jpeg_q90,90
adm_00061.png,test,adm,1,1,0.9999775886535645,jpeg_q90,90
vqdm_00028.png,test,vqdm,1,0,0.355956107378006,jpeg_q90,90
vqdm_00026.png,test,vqdm,1,1,0.5922324657440186,jpeg_q90,90
vqdm_00054.png,test,vqdm,1,0,0.002827886724844575,jpeg_q90,90
biggan_00021.png,test,biggan,1,1,0.5514138340950012,jpeg_q90,90
vqdm_00005.png,test,vqdm,1,1,0.999823272228241,jpeg_q90,90
glide_00055.png,test,glide,1,1,0.9532830715179443,jpeg_q90,90
biggan_00075.png,test,biggan,1,0,0.07603480666875839,jpeg_q90,90
wukong_00046.png,test,wukong,1,1,1.0,jpeg_q90,90
wukong_00084.png,test,wukong,1,1,0.8449912667274475,jpeg_q90,90
wukong_00025.png,test,wukong,1,1,0.9924923777580261,jpeg_q90,90
vqdm_00009.png,test,vqdm,1,1,0.9990113973617554,jpeg_q90,90
glide_00019.png,test,glide,1,1,0.9999990463256836,jpeg_q90,90
biggan_00040.png,test,biggan,1,1,0.9976595640182495,jpeg_q90,90
vqdm_00007.png,test,vqdm,1,1,0.906671404838562,jpeg_q90,90
vqdm_00076.png,test,vqdm,1,1,0.5182996392250061,jpeg_q90,90
glide_00066.png,test,glide,1,1,0.5277358293533325,jpeg_q90,90
biggan_00073.png,test,biggan,1,1,0.9283576607704163,jpeg_q90,90
glide_00072.png,test,glide,1,1,0.9999704360961914,jpeg_q90,90
midjourney_00038.png,test,midjourney,1,1,0.5920261740684509,jpeg_q90,90
vqdm_00016.png,test,vqdm,1,0,0.0011363200610503554,jpeg_q90,90
glide_00006.png,test,glide,1,1,0.9970636963844299,jpeg_q90,90
glide_00065.png,test,glide,1,1,0.7885431051254272,jpeg_q90,90
adm_00055.png,test,adm,1,1,0.9994856119155884,jpeg_q90,90
midjourney_00073.png,test,midjourney,1,1,0.7489043474197388,jpeg_q90,90
midjourney_00020.png,test,midjourney,1,1,0.8766451478004456,jpeg_q90,90
sdv5_00012.png,test,sdv5,1,1,0.9999933242797852,jpeg_q90,90
wukong_00028.png,test,wukong,1,1,0.9657585620880127,jpeg_q90,90
midjourney_00056.png,test,midjourney,1,1,0.8580663204193115,jpeg_q90,90
vqdm_00067.png,test,vqdm,1,0,0.1375293880701065,jpeg_q90,90
adm_00037.png,test,adm,1,1,1.0,jpeg_q90,90
adm_00064.png,test,adm,1,1,0.9976164102554321,jpeg_q90,90
vqdm_00084.png,test,vqdm,1,1,0.9999512434005737,jpeg_q90,90
sdv5_00052.png,test,sdv5,1,1,0.9991186261177063,jpeg_q90,90
biggan_00035.png,test,biggan,1,1,0.9863768219947815,jpeg_q90,90
vqdm_00043.png,test,vqdm,1,1,0.7546941637992859,jpeg_q90,90
adm_00028.png,test,adm,1,1,0.9995854496955872,jpeg_q90,90
glide_00027.png,test,glide,1,1,0.9174894690513611,jpeg_q90,90
sdv5_00042.png,test,sdv5,1,1,0.9955534338951111,jpeg_q90,90
glide_00084.png,test,glide,1,1,0.9993957281112671,jpeg_q90,90
sdv5_00025.png,test,sdv5,1,1,0.9849295020103455,jpeg_q90,90
adm_00009.png,test,adm,1,1,0.997628390789032,jpeg_q90,90
sdv5_00031.png,test,sdv5,1,1,0.9999998807907104,jpeg_q90,90
wukong_00000.png,test,wukong,1,1,0.9906448125839233,jpeg_q90,90
wukong_00069.png,test,wukong,1,1,0.710957407951355,jpeg_q90,90
biggan_00015.png,test,biggan,1,1,0.5234047174453735,jpeg_q90,90
glide_00062.png,test,glide,1,1,0.999467670917511,jpeg_q90,90
adm_00076.png,test,adm,1,1,0.9999996423721313,jpeg_q90,90
vqdm_00015.png,test,vqdm,1,1,0.9680269360542297,jpeg_q90,90
sdv5_00079.png,test,sdv5,1,1,0.9999948740005493,jpeg_q90,90
glide_00083.png,test,glide,1,1,0.9996858835220337,jpeg_q90,90
biggan_00039.png,test,biggan,1,1,0.97305828332901,jpeg_q90,90
adm_00080.png,test,adm,1,1,1.0,jpeg_q90,90
midjourney_00064.png,test,midjourney,1,1,0.9998972415924072,jpeg_q90,90
sdv5_00070.png,test,sdv5,1,1,0.9783897399902344,jpeg_q90,90
glide_00073.png,test,glide,1,1,0.998846173286438,jpeg_q90,90
vqdm_00018.png,test,vqdm,1,1,0.9999955892562866,jpeg_q90,90
adm_00053.png,test,adm,1,1,0.9826894998550415,jpeg_q90,90
biggan_00084.png,test,biggan,1,0,0.3488793969154358,jpeg_q90,90
adm_00018.png,test,adm,1,1,0.9983144998550415,jpeg_q90,90
sdv5_00018.png,test,sdv5,1,1,0.9897544980049133,jpeg_q90,90
biggan_00020.png,test,biggan,1,1,0.9948325157165527,jpeg_q90,90
vqdm_00066.png,test,vqdm,1,1,0.9895355105400085,jpeg_q90,90
adm_00048.png,test,adm,1,1,0.9630411267280579,jpeg_q90,90
glide_00077.png,test,glide,1,1,0.586581289768219,jpeg_q90,90
glide_00000.png,test,glide,1,1,0.9998636245727539,jpeg_q90,90
vqdm_00033.png,test,vqdm,1,0,0.3932196795940399,jpeg_q90,90
glide_00081.png,test,glide,1,1,1.0,jpeg_q90,90
adm_00075.png,test,adm,1,1,0.9994530081748962,jpeg_q90,90
midjourney_00012.png,test,midjourney,1,1,0.9998533725738525,jpeg_q90,90
glide_00028.png,test,glide,1,1,1.0,jpeg_q90,90
vqdm_00057.png,test,vqdm,1,1,0.9999995231628418,jpeg_q90,90
sdv5_00068.png,test,sdv5,1,1,0.8201380372047424,jpeg_q90,90
vqdm_00036.png,test,vqdm,1,0,0.01584737002849579,jpeg_q90,90
adm_00001.png,test,adm,1,1,0.9999752044677734,jpeg_q90,90
biggan_00054.png,test,biggan,1,1,0.9127189517021179,jpeg_q90,90
vqdm_00058.png,test,vqdm,1,1,0.9842392206192017,jpeg_q90,90
sdv5_00035.png,test,sdv5,1,1,0.991986870765686,jpeg_q90,90
glide_00018.png,test,glide,1,0,0.001550527405925095,jpeg_q90,90
adm_00008.png,test,adm,1,1,0.9994829893112183,jpeg_q90,90
biggan_00067.png,test,biggan,1,1,0.9906094670295715,jpeg_q90,90
glide_00004.png,test,glide,1,1,0.9974033236503601,jpeg_q90,90
midjourney_00083.png,test,midjourney,1,1,0.9557115435600281,jpeg_q90,90
wukong_00026.png,test,wukong,1,1,0.9998409748077393,jpeg_q90,90
sdv5_00028.png,test,sdv5,1,1,0.674247145652771,jpeg_q90,90
midjourney_00042.png,test,midjourney,1,1,0.9999289512634277,jpeg_q90,90
adm_00060.png,test,adm,1,1,0.6718823313713074,jpeg_q90,90
glide_00003.png,test,glide,1,1,0.9968270659446716,jpeg_q90,90
glide_00025.png,test,glide,1,1,0.9993882179260254,jpeg_q90,90
biggan_00026.png,test,biggan,1,1,0.9593380093574524,jpeg_q90,90
adm_00077.png,test,adm,1,1,1.0,jpeg_q90,90
adm_00047.png,test,adm,1,1,0.9996393918991089,jpeg_q90,90
sdv5_00033.png,test,sdv5,1,1,0.9997259974479675,jpeg_q90,90
midjourney_00032.png,test,midjourney,1,1,0.9342188835144043,jpeg_q90,90
biggan_00064.png,test,biggan,1,0,0.03432345762848854,jpeg_q90,90
vqdm_00074.png,test,vqdm,1,1,0.9999864101409912,jpeg_q90,90
biggan_00038.png,test,biggan,1,1,0.9909546971321106,jpeg_q90,90
adm_00082.png,test,adm,1,1,1.0,jpeg_q90,90
wukong_00007.png,test,wukong,1,1,0.9262053966522217,jpeg_q90,90
wukong_00060.png,test,wukong,1,1,1.0,jpeg_q90,90
sdv5_00041.png,test,sdv5,1,1,0.9969131946563721,jpeg_q90,90
vqdm_00038.png,test,vqdm,1,1,0.9989089965820312,jpeg_q90,90
wukong_00001.png,test,wukong,1,1,0.9999839067459106,jpeg_q90,90
midjourney_00015.png,test,midjourney,1,1,0.9999130964279175,jpeg_q90,90
biggan_00047.png,test,biggan,1,1,0.9999402761459351,jpeg_q90,90
glide_00030.png,test,glide,1,1,0.9295575618743896,jpeg_q90,90
vqdm_00047.png,test,vqdm,1,1,0.9681052565574646,jpeg_q90,90
sdv5_00084.png,test,sdv5,1,1,0.9808222651481628,jpeg_q90,90
vqdm_00083.png,test,vqdm,1,1,0.9563862085342407,jpeg_q90,90
biggan_00068.png,test,biggan,1,1,0.5799611806869507,jpeg_q90,90
sdv5_00058.png,test,sdv5,1,1,0.9448656439781189,jpeg_q90,90
sdv5_00006.png,test,sdv5,1,1,0.9999252557754517,jpeg_q90,90
biggan_00044.png,test,biggan,1,1,0.503948450088501,jpeg_q90,90
midjourney_00003.png,test,midjourney,1,1,0.9997978806495667,jpeg_q90,90
sdv5_00027.png,test,sdv5,1,1,0.9985859394073486,jpeg_q90,90
biggan_00072.png,test,biggan,1,1,0.9025042057037354,jpeg_q90,90
vqdm_00030.png,test,vqdm,1,1,0.6093927621841431,jpeg_q90,90
vqdm_00085.png,test,vqdm,1,1,0.7198910117149353,jpeg_q90,90
wukong_00071.png,test,wukong,1,1,0.9564712643623352,jpeg_q90,90
adm_00062.png,test,adm,1,1,0.9178941249847412,jpeg_q90,90
adm_00000.png,test,adm,1,1,0.999432384967804,jpeg_q90,90
wukong_00044.png,test,wukong,1,1,0.999998927116394,jpeg_q90,90
glide_00075.png,test,glide,1,1,0.9426626563072205,jpeg_q90,90
vqdm_00040.png,test,vqdm,1,1,0.9045295715332031,jpeg_q90,90
wukong_00082.png,test,wukong,1,1,1.0,jpeg_q90,90
midjourney_00019.png,test,midjourney,1,1,0.9951307773590088,jpeg_q90,90
adm_00065.png,test,adm,1,1,0.9999382495880127,jpeg_q90,90
midjourney_00022.png,test,midjourney,1,1,0.8635697960853577,jpeg_q90,90
midjourney_00052.png,test,midjourney,1,0,0.00025089766131713986,jpeg_q90,90
adm_00046.png,test,adm,1,1,1.0,jpeg_q90,90
wukong_00048.png,test,wukong,1,1,0.964491605758667,jpeg_q90,90
vqdm_00045.png,test,vqdm,1,1,0.9999877214431763,jpeg_q90,90
biggan_00036.png,test,biggan,1,0,0.2205680012702942,jpeg_q90,90
sdv5_00038.png,test,sdv5,1,1,0.9815384149551392,jpeg_q90,90
vqdm_00050.png,test,vqdm,1,0,0.08089610189199448,jpeg_q90,90
biggan_00041.png,test,biggan,1,1,0.9957181811332703,jpeg_q90,90
vqdm_00051.png,test,vqdm,1,1,0.685088038444519,jpeg_q90,90
glide_00054.png,test,glide,1,1,0.9852831363677979,jpeg_q90,90
sdv5_00062.png,test,sdv5,1,1,0.9999994039535522,jpeg_q90,90
sdv5_00060.png,test,sdv5,1,1,0.9960916638374329,jpeg_q90,90
glide_00079.png,test,glide,1,1,0.8004881143569946,jpeg_q90,90
midjourney_00004.png,test,midjourney,1,1,0.9837052822113037,jpeg_q90,90
wukong_00040.png,test,wukong,1,1,0.9250788688659668,jpeg_q90,90
biggan_00060.png,test,biggan,1,1,0.7775020003318787,jpeg_q90,90
wukong_00049.png,test,wukong,1,1,0.9676795601844788,jpeg_q90,90
wukong_00035.png,test,wukong,1,1,0.9730002880096436,jpeg_q90,90
adm_00010.png,test,adm,1,1,0.9968200922012329,jpeg_q90,90
sdv5_00064.png,test,sdv5,1,1,0.6468560695648193,jpeg_q90,90
adm_00059.png,test,adm,1,1,0.9999799728393555,jpeg_q90,90
midjourney_00048.png,test,midjourney,1,0,0.30193185806274414,jpeg_q90,90
midjourney_00016.png,test,midjourney,1,0,0.4438275694847107,jpeg_q90,90
biggan_00007.png,test,biggan,1,0,0.0394943505525589,jpeg_q90,90
glide_00067.png,test,glide,1,1,1.0,jpeg_q90,90
glide_00046.png,test,glide,1,1,0.9908952713012695,jpeg_q90,90
vqdm_00053.png,test,vqdm,1,1,0.9999549388885498,jpeg_q90,90
adm_00071.png,test,adm,1,1,0.9998741149902344,jpeg_q90,90
glide_00022.png,test,glide,1,1,0.9999839067459106,jpeg_q90,90
sdv5_00082.png,test,sdv5,1,1,0.9989749193191528,jpeg_q90,90
vqdm_00003.png,test,vqdm,1,1,0.7128832936286926,jpeg_q90,90
midjourney_00035.png,test,midjourney,1,1,0.9576721787452698,jpeg_q90,90
glide_00031.png,test,glide,1,1,1.0,jpeg_q90,90
vqdm_00063.png,test,vqdm,1,1,0.6510246992111206,jpeg_q90,90
wukong_00016.png,test,wukong,1,1,0.9940593242645264,jpeg_q90,90
wukong_00054.png,test,wukong,1,1,0.9998325109481812,jpeg_q90,90
biggan_00002.png,test,biggan,1,1,0.7269922494888306,jpeg_q90,90
adm_00049.png,test,adm,1,1,0.9999969005584717,jpeg_q90,90
sdv5_00002.png,test,sdv5,1,1,0.9997223019599915,jpeg_q90,90
biggan_00025.png,test,biggan,1,1,0.6601748466491699,jpeg_q90,90
biggan_00071.png,test,biggan,1,1,0.9307245016098022,jpeg_q90,90
biggan_00051.png,test,biggan,1,0,0.026655329391360283,jpeg_q90,90
wukong_00081.png,test,wukong,1,1,0.9265952706336975,jpeg_q90,90
sdv5_00022.png,test,sdv5,1,1,0.976203441619873,jpeg_q90,90
real_00486.jpeg,test,real,0,0,3.7184599932515994e-06,jpeg_q70,70
real_00382.jpeg,test,real,0,0,4.321996311773546e-05,jpeg_q70,70
real_00117.jpeg,test,real,0,0,0.09233298152685165,jpeg_q70,70
real_00354.jpeg,test,real,0,0,5.679130117641762e-05,jpeg_q70,70
real_00076.jpeg,test,real,0,0,0.00015396250819321722,jpeg_q70,70
real_00395.jpeg,test,real,0,0,9.332614718005061e-05,jpeg_q70,70
real_00348.jpeg,test,real,0,1,0.5320295691490173,jpeg_q70,70
real_00307.jpeg,test,real,0,0,1.7625302461965475e-06,jpeg_q70,70
real_00438.jpeg,test,real,0,0,1.762804659188877e-11,jpeg_q70,70
real_00393.jpeg,test,real,0,0,0.0030781312379986048,jpeg_q70,70
real_00566.jpeg,test,real,0,0,0.0004615994985215366,jpeg_q70,70
real_00055.jpeg,test,real,0,0,0.2759632170200348,jpeg_q70,70
real_00416.jpeg,test,real,0,0,0.0005234649870544672,jpeg_q70,70
real_00304.jpeg,test,real,0,0,1.7728697798702342e-07,jpeg_q70,70
real_00135.jpeg,test,real,0,0,0.05744995176792145,jpeg_q70,70
real_00387.jpeg,test,real,0,0,5.168230359231529e-07,jpeg_q70,70
real_00040.jpeg,test,real,0,0,0.00015994746354408562,jpeg_q70,70
real_00563.jpeg,test,real,0,0,0.02976921759545803,jpeg_q70,70
real_00457.jpeg,test,real,0,0,0.40363961458206177,jpeg_q70,70
real_00561.jpeg,test,real,0,0,2.9466977139236405e-05,jpeg_q70,70
real_00288.jpeg,test,real,0,0,0.2328660488128662,jpeg_q70,70
real_00271.jpeg,test,real,0,0,0.0003504065389279276,jpeg_q70,70
real_00185.jpeg,test,real,0,0,0.10281623154878616,jpeg_q70,70
real_00216.jpeg,test,real,0,0,0.0012815612135455012,jpeg_q70,70
real_00180.jpeg,test,real,0,1,0.7310733199119568,jpeg_q70,70
real_00189.jpeg,test,real,0,0,0.03329772129654884,jpeg_q70,70
real_00396.jpeg,test,real,0,0,0.01927485316991806,jpeg_q70,70
real_00131.jpeg,test,real,0,0,0.0043652597814798355,jpeg_q70,70
real_00557.jpeg,test,real,0,0,0.004677647724747658,jpeg_q70,70
real_00266.jpeg,test,real,0,0,2.683337925191154e-07,jpeg_q70,70
real_00207.jpeg,test,real,0,0,0.0015956168062984943,jpeg_q70,70
real_00141.jpeg,test,real,0,1,0.9816216826438904,jpeg_q70,70
real_00407.jpeg,test,real,0,1,0.9999212026596069,jpeg_q70,70
real_00026.jpeg,test,real,0,0,0.2577687203884125,jpeg_q70,70
real_00046.jpeg,test,real,0,0,0.007003824692219496,jpeg_q70,70
real_00585.jpeg,test,real,0,0,0.004649337846785784,jpeg_q70,70
real_00206.jpeg,test,real,0,1,0.909366250038147,jpeg_q70,70
real_00297.jpeg,test,real,0,0,0.007931718602776527,jpeg_q70,70
real_00401.jpeg,test,real,0,0,5.437087020254694e-05,jpeg_q70,70
real_00339.jpeg,test,real,0,0,0.00111489649862051,jpeg_q70,70
real_00403.jpeg,test,real,0,0,0.4748874008655548,jpeg_q70,70
real_00344.jpeg,test,real,0,0,0.00019043547217734158,jpeg_q70,70
real_00560.jpeg,test,real,0,0,0.23833240568637848,jpeg_q70,70
real_00553.jpeg,test,real,0,0,0.07261046767234802,jpeg_q70,70
real_00598.jpeg,test,real,0,0,0.0031740055419504642,jpeg_q70,70
real_00497.jpeg,test,real,0,0,0.14604926109313965,jpeg_q70,70
real_00253.jpeg,test,real,0,0,4.9364067961608655e-15,jpeg_q70,70
real_00577.jpeg,test,real,0,0,1.9859035091940314e-06,jpeg_q70,70
real_00394.jpeg,test,real,0,0,0.010519040748476982,jpeg_q70,70
real_00445.jpeg,test,real,0,0,0.34598681330680847,jpeg_q70,70
real_00050.jpeg,test,real,0,0,0.1535681039094925,jpeg_q70,70
real_00269.jpeg,test,real,0,0,0.00014657013525720686,jpeg_q70,70
real_00151.jpeg,test,real,0,1,0.953675389289856,jpeg_q70,70
real_00190.jpeg,test,real,0,0,6.7207502070232294e-06,jpeg_q70,70
real_00250.jpeg,test,real,0,0,0.0022681064438074827,jpeg_q70,70
real_00257.jpeg,test,real,0,0,0.12057352066040039,jpeg_q70,70
real_00008.jpeg,test,real,0,0,8.546940807718784e-05,jpeg_q70,70
real_00398.jpeg,test,real,0,0,0.01493223849684,jpeg_q70,70
real_00322.jpeg,test,real,0,0,0.00017372127331327647,jpeg_q70,70
real_00230.jpeg,test,real,0,0,0.29274892807006836,jpeg_q70,70
real_00219.jpeg,test,real,0,0,0.06219751015305519,jpeg_q70,70
real_00550.jpeg,test,real,0,0,0.0054618120193481445,jpeg_q70,70
real_00528.jpeg,test,real,0,0,0.0035339139867573977,jpeg_q70,70
real_00039.jpeg,test,real,0,0,0.004269231576472521,jpeg_q70,70
real_00274.jpeg,test,real,0,0,0.44331786036491394,jpeg_q70,70
real_00414.jpeg,test,real,0,0,0.27865952253341675,jpeg_q70,70
real_00038.jpeg,test,real,0,0,0.002599429339170456,jpeg_q70,70
real_00434.jpeg,test,real,0,0,0.04055754840373993,jpeg_q70,70
real_00279.jpeg,test,real,0,0,0.006120707374066114,jpeg_q70,70
real_00077.jpeg,test,real,0,0,0.0921458825469017,jpeg_q70,70
real_00312.jpeg,test,real,0,1,0.6885733604431152,jpeg_q70,70
real_00482.jpeg,test,real,0,0,0.0032347748056054115,jpeg_q70,70
real_00178.jpeg,test,real,0,0,0.3971867561340332,jpeg_q70,70
real_00535.jpeg,test,real,0,0,0.08920230716466904,jpeg_q70,70
real_00345.jpeg,test,real,0,0,0.0030391206964850426,jpeg_q70,70
real_00019.jpeg,test,real,0,0,0.0014024784322828054,jpeg_q70,70
real_00143.jpeg,test,real,0,0,0.0012986845104023814,jpeg_q70,70
real_00496.jpeg,test,real,0,0,0.05566762387752533,jpeg_q70,70
real_00522.jpeg,test,real,0,0,5.385875122623784e-13,jpeg_q70,70
real_00451.jpeg,test,real,0,0,7.718084816588089e-06,jpeg_q70,70
real_00371.jpeg,test,real,0,0,0.00028827149071730673,jpeg_q70,70
real_00060.jpeg,test,real,0,1,0.6260328888893127,jpeg_q70,70
real_00410.jpeg,test,real,0,0,0.17853893339633942,jpeg_q70,70
real_00248.jpeg,test,real,0,0,0.4476889371871948,jpeg_q70,70
real_00043.jpeg,test,real,0,1,0.9157264232635498,jpeg_q70,70
real_00104.jpeg,test,real,0,0,0.00041813187999650836,jpeg_q70,70
real_00238.jpeg,test,real,0,0,4.8270369006786495e-05,jpeg_q70,70
real_00251.jpeg,test,real,0,0,0.000958487275056541,jpeg_q70,70
real_00017.jpeg,test,real,0,0,0.0002480306720826775,jpeg_q70,70
real_00500.jpeg,test,real,0,0,0.01817626878619194,jpeg_q70,70
real_00056.jpeg,test,real,0,0,0.011202216148376465,jpeg_q70,70
real_00227.jpeg,test,real,0,0,1.2361148549189238e-07,jpeg_q70,70
real_00347.jpeg,test,real,0,0,2.8428499717847444e-05,jpeg_q70,70
real_00176.jpeg,test,real,0,1,0.7275235652923584,jpeg_q70,70
real_00085.jpeg,test,real,0,0,0.00038587741437368095,jpeg_q70,70
real_00586.jpeg,test,real,0,0,0.0001434916048310697,jpeg_q70,70
real_00193.jpeg,test,real,0,0,6.174967438710155e-06,jpeg_q70,70
real_00018.jpeg,test,real,0,1,0.9932196736335754,jpeg_q70,70
real_00342.jpeg,test,real,0,0,0.015125625766813755,jpeg_q70,70
real_00359.jpeg,test,real,0,1,0.940453290939331,jpeg_q70,70
real_00163.jpeg,test,real,0,0,0.44596067070961,jpeg_q70,70
real_00527.jpeg,test,real,0,0,0.013797987252473831,jpeg_q70,70
real_00444.jpeg,test,real,0,0,0.0011333259753882885,jpeg_q70,70
real_00440.jpeg,test,real,0,0,0.006625961512327194,jpeg_q70,70
real_00096.jpeg,test,real,0,0,0.22025902569293976,jpeg_q70,70
real_00165.jpeg,test,real,0,0,0.14969465136528015,jpeg_q70,70
real_00576.jpeg,test,real,0,1,0.9612575173377991,jpeg_q70,70
real_00375.jpeg,test,real,0,0,0.002234712243080139,jpeg_q70,70
real_00300.jpeg,test,real,0,0,4.0101611375575885e-05,jpeg_q70,70
real_00503.jpeg,test,real,0,0,0.15247781574726105,jpeg_q70,70
real_00499.jpeg,test,real,0,0,0.02133733406662941,jpeg_q70,70
real_00283.jpeg,test,real,0,0,1.1706437362590805e-05,jpeg_q70,70
real_00160.jpeg,test,real,0,1,0.6805667281150818,jpeg_q70,70
real_00260.jpeg,test,real,0,0,0.028918541967868805,jpeg_q70,70
real_00208.jpeg,test,real,0,0,1.3747278444498079e-06,jpeg_q70,70
real_00262.jpeg,test,real,0,0,0.0065517849288880825,jpeg_q70,70
real_00213.jpeg,test,real,0,0,0.4939638078212738,jpeg_q70,70
real_00476.jpeg,test,real,0,0,0.0004241293063387275,jpeg_q70,70
real_00092.jpeg,test,real,0,0,0.3203333914279938,jpeg_q70,70
real_00324.jpeg,test,real,0,1,0.8025665879249573,jpeg_q70,70
real_00425.jpeg,test,real,0,1,0.8993206024169922,jpeg_q70,70
real_00559.jpeg,test,real,0,0,3.303044422864332e-06,jpeg_q70,70
real_00015.jpeg,test,real,0,0,2.4346088594029425e-06,jpeg_q70,70
real_00562.jpeg,test,real,0,0,0.0370216928422451,jpeg_q70,70
real_00514.jpeg,test,real,0,0,3.333491538359823e-10,jpeg_q70,70
real_00580.jpeg,test,real,0,0,0.00018801153055392206,jpeg_q70,70
real_00202.jpeg,test,real,0,0,0.020761951804161072,jpeg_q70,70
real_00402.jpeg,test,real,0,0,6.981379385706532e-08,jpeg_q70,70
real_00057.jpeg,test,real,0,0,9.039600263349712e-05,jpeg_q70,70
real_00007.jpeg,test,real,0,0,0.017993006855249405,jpeg_q70,70
real_00388.jpeg,test,real,0,0,0.3796307146549225,jpeg_q70,70
real_00016.jpeg,test,real,0,0,3.211003331671236e-06,jpeg_q70,70
real_00506.jpeg,test,real,0,0,0.13778963685035706,jpeg_q70,70
real_00028.jpeg,test,real,0,0,0.0006867765914648771,jpeg_q70,70
real_00572.jpeg,test,real,0,0,0.15228994190692902,jpeg_q70,70
real_00381.jpeg,test,real,0,0,0.1312868595123291,jpeg_q70,70
real_00268.jpeg,test,real,0,0,0.008799704723060131,jpeg_q70,70
real_00512.jpeg,test,real,0,0,0.04784169793128967,jpeg_q70,70
real_00006.jpeg,test,real,0,1,0.9804116487503052,jpeg_q70,70
real_00289.jpeg,test,real,0,0,0.00467907078564167,jpeg_q70,70
real_00519.jpeg,test,real,0,0,0.001990926917642355,jpeg_q70,70
real_00252.jpeg,test,real,0,0,1.935729778779205e-05,jpeg_q70,70
real_00211.jpeg,test,real,0,0,0.00010182258120039478,jpeg_q70,70
real_00147.jpeg,test,real,0,0,0.0010992367751896381,jpeg_q70,70
real_00181.jpeg,test,real,0,1,0.9711677432060242,jpeg_q70,70
real_00458.jpeg,test,real,0,0,0.0001096138876164332,jpeg_q70,70
real_00329.jpeg,test,real,0,0,4.779516984854126e-06,jpeg_q70,70
real_00545.jpeg,test,real,0,0,0.015193799510598183,jpeg_q70,70
real_00568.jpeg,test,real,0,0,0.01541346125304699,jpeg_q70,70
real_00031.jpeg,test,real,0,0,0.02230362594127655,jpeg_q70,70
real_00171.jpeg,test,real,0,0,1.1798200603152509e-06,jpeg_q70,70
real_00320.jpeg,test,real,0,0,0.0002848838339559734,jpeg_q70,70
real_00083.jpeg,test,real,0,0,0.001850535161793232,jpeg_q70,70
real_00012.jpeg,test,real,0,1,0.5470119118690491,jpeg_q70,70
real_00357.jpeg,test,real,0,0,2.372063363509369e-06,jpeg_q70,70
real_00346.jpeg,test,real,0,0,0.0009819172555580735,jpeg_q70,70
real_00450.jpeg,test,real,0,1,0.6028618216514587,jpeg_q70,70
real_00356.jpeg,test,real,0,0,0.11447105556726456,jpeg_q70,70
real_00594.jpeg,test,real,0,0,0.010577374137938023,jpeg_q70,70
real_00048.jpeg,test,real,0,0,0.21338482201099396,jpeg_q70,70
real_00158.jpeg,test,real,0,0,1.8991246179211885e-05,jpeg_q70,70
real_00521.jpeg,test,real,0,0,0.1683616042137146,jpeg_q70,70
real_00285.jpeg,test,real,0,0,0.177562415599823,jpeg_q70,70
real_00270.jpeg,test,real,0,0,0.00037389842327684164,jpeg_q70,70
real_00533.jpeg,test,real,0,0,0.1425674557685852,jpeg_q70,70
real_00494.jpeg,test,real,0,0,0.001594014698639512,jpeg_q70,70
real_00317.jpeg,test,real,0,0,0.3253247141838074,jpeg_q70,70
real_00296.jpeg,test,real,0,0,2.759884543124258e-10,jpeg_q70,70
real_00237.jpeg,test,real,0,0,1.3251769814814907e-06,jpeg_q70,70
real_00242.jpeg,test,real,0,0,0.09395082294940948,jpeg_q70,70
real_00584.jpeg,test,real,0,1,0.9795997142791748,jpeg_q70,70
real_00570.jpeg,test,real,0,0,0.040625955909490585,jpeg_q70,70
real_00133.jpeg,test,real,0,0,0.0022487554233521223,jpeg_q70,70
real_00047.jpeg,test,real,0,0,0.00010337827552575618,jpeg_q70,70
real_00480.jpeg,test,real,0,0,0.0011389831779524684,jpeg_q70,70
real_00210.jpeg,test,real,0,0,0.0003078774898312986,jpeg_q70,70
real_00301.jpeg,test,real,0,0,0.1419215053319931,jpeg_q70,70
real_00574.jpeg,test,real,0,0,0.2774023115634918,jpeg_q70,70
real_00134.jpeg,test,real,0,0,0.23546186089515686,jpeg_q70,70
real_00597.jpeg,test,real,0,1,0.9622753262519836,jpeg_q70,70
real_00281.jpeg,test,real,0,1,0.7610097527503967,jpeg_q70,70
real_00332.jpeg,test,real,0,0,0.0685381069779396,jpeg_q70,70
real_00415.jpeg,test,real,0,0,1.8677663319977e-05,jpeg_q70,70
real_00093.jpeg,test,real,0,0,0.0036501255817711353,jpeg_q70,70
real_00526.jpeg,test,real,0,0,9.308797416451853e-06,jpeg_q70,70
real_00259.jpeg,test,real,0,0,0.004873803351074457,jpeg_q70,70
real_00128.jpeg,test,real,0,0,0.18175196647644043,jpeg_q70,70
real_00173.jpeg,test,real,0,0,0.003013846231624484,jpeg_q70,70
real_00005.jpeg,test,real,0,0,1.4689970351255965e-09,jpeg_q70,70
real_00532.jpeg,test,real,0,1,0.9367810487747192,jpeg_q70,70
real_00061.jpeg,test,real,0,0,0.0007378316950052977,jpeg_q70,70
real_00313.jpeg,test,real,0,0,3.391764767002314e-05,jpeg_q70,70
real_00130.jpeg,test,real,0,0,2.9115577490301803e-05,jpeg_q70,70
real_00454.jpeg,test,real,0,0,7.009680848568678e-05,jpeg_q70,70
real_00204.jpeg,test,real,0,0,0.0013193722115829587,jpeg_q70,70
real_00337.jpeg,test,real,0,0,0.020818665623664856,jpeg_q70,70
real_00195.jpeg,test,real,0,0,0.000986510538496077,jpeg_q70,70
real_00187.jpeg,test,real,0,0,1.048656486091204e-06,jpeg_q70,70
real_00489.jpeg,test,real,0,0,4.006663857580861e-06,jpeg_q70,70
real_00385.jpeg,test,real,0,0,0.01594706065952778,jpeg_q70,70
real_00221.jpeg,test,real,0,0,0.00010458486212883145,jpeg_q70,70
real_00027.jpeg,test,real,0,1,0.5787965059280396,jpeg_q70,70
real_00022.jpeg,test,real,0,0,1.2075684935553e-05,jpeg_q70,70
real_00331.jpeg,test,real,0,0,0.27676454186439514,jpeg_q70,70
real_00159.jpeg,test,real,0,0,1.5918370763756684e-06,jpeg_q70,70
real_00068.jpeg,test,real,0,0,0.1922692209482193,jpeg_q70,70
real_00127.jpeg,test,real,0,0,4.0330908746000205e-07,jpeg_q70,70
real_00420.jpeg,test,real,0,0,0.29611465334892273,jpeg_q70,70
real_00510.jpeg,test,real,0,0,0.0007302885642275214,jpeg_q70,70
real_00106.jpeg,test,real,0,0,0.010674696415662766,jpeg_q70,70
real_00599.jpeg,test,real,0,0,0.0004023505898658186,jpeg_q70,70
real_00419.jpeg,test,real,0,0,0.000672715250402689,jpeg_q70,70
real_00286.jpeg,test,real,0,0,0.10079535841941833,jpeg_q70,70
real_00341.jpeg,test,real,0,0,0.013745533302426338,jpeg_q70,70
real_00263.jpeg,test,real,0,0,0.009402981959283352,jpeg_q70,70
real_00255.jpeg,test,real,0,1,0.6553395986557007,jpeg_q70,70
real_00335.jpeg,test,real,0,0,0.0009907182538881898,jpeg_q70,70
real_00174.jpeg,test,real,0,0,0.0017761792987585068,jpeg_q70,70
real_00243.jpeg,test,real,0,0,0.4107317626476288,jpeg_q70,70
real_00140.jpeg,test,real,0,0,0.36647987365722656,jpeg_q70,70
real_00582.jpeg,test,real,0,0,0.0005836950149387121,jpeg_q70,70
real_00542.jpeg,test,real,0,0,0.4235696494579315,jpeg_q70,70
real_00547.jpeg,test,real,0,0,8.13360401252794e-08,jpeg_q70,70
real_00287.jpeg,test,real,0,1,0.5995776653289795,jpeg_q70,70
real_00144.jpeg,test,real,0,0,0.006349015049636364,jpeg_q70,70
real_00214.jpeg,test,real,0,0,0.00012043057358823717,jpeg_q70,70
real_00234.jpeg,test,real,0,0,0.4849245846271515,jpeg_q70,70
real_00595.jpeg,test,real,0,0,0.00022340785653796047,jpeg_q70,70
real_00075.jpeg,test,real,0,0,2.8137241425696402e-09,jpeg_q70,70
real_00295.jpeg,test,real,0,0,0.005387717857956886,jpeg_q70,70
real_00070.jpeg,test,real,0,0,0.010227786377072334,jpeg_q70,70
real_00148.jpeg,test,real,0,0,1.1953145140353172e-08,jpeg_q70,70
real_00491.jpeg,test,real,0,1,0.8802469372749329,jpeg_q70,70
real_00090.jpeg,test,real,0,0,0.0013655486982315779,jpeg_q70,70
real_00063.jpeg,test,real,0,0,0.1036195382475853,jpeg_q70,70
real_00334.jpeg,test,real,0,0,0.00023443717509508133,jpeg_q70,70
real_00530.jpeg,test,real,0,0,0.0019358228892087936,jpeg_q70,70
real_00069.jpeg,test,real,0,0,0.004229919984936714,jpeg_q70,70
real_00109.jpeg,test,real,0,0,3.0748014978598803e-07,jpeg_q70,70
real_00321.jpeg,test,real,0,0,0.16444310545921326,jpeg_q70,70
real_00126.jpeg,test,real,0,0,0.22819362580776215,jpeg_q70,70
real_00358.jpeg,test,real,0,0,0.4160887897014618,jpeg_q70,70
real_00364.jpeg,test,real,0,0,0.0001385995274176821,jpeg_q70,70
real_00209.jpeg,test,real,0,0,0.03855058550834656,jpeg_q70,70
real_00292.jpeg,test,real,0,0,0.13505057990550995,jpeg_q70,70
real_00473.jpeg,test,real,0,0,0.013034150004386902,jpeg_q70,70
real_00367.jpeg,test,real,0,0,6.881482840981334e-05,jpeg_q70,70
real_00228.jpeg,test,real,0,0,0.009374386630952358,jpeg_q70,70
real_00463.jpeg,test,real,0,0,1.3703083823202178e-05,jpeg_q70,70
real_00529.jpeg,test,real,0,1,0.9635649919509888,jpeg_q70,70
real_00376.jpeg,test,real,0,0,3.98247084376635e-06,jpeg_q70,70
real_00089.jpeg,test,real,0,0,0.017061343416571617,jpeg_q70,70
real_00409.jpeg,test,real,0,0,3.14148492179811e-05,jpeg_q70,70
real_00456.jpeg,test,real,0,0,0.00710669020190835,jpeg_q70,70
real_00378.jpeg,test,real,0,0,0.08270794153213501,jpeg_q70,70
real_00596.jpeg,test,real,0,0,0.05440694838762283,jpeg_q70,70
real_00477.jpeg,test,real,0,0,0.00618270318955183,jpeg_q70,70
real_00261.jpeg,test,real,0,0,1.5187561075435951e-06,jpeg_q70,70
real_00273.jpeg,test,real,0,0,0.0200662724673748,jpeg_q70,70
real_00100.jpeg,test,real,0,0,1.4871374964808837e-10,jpeg_q70,70
real_00080.jpeg,test,real,0,0,8.665980999467138e-07,jpeg_q70,70
real_00009.jpeg,test,real,0,1,0.9662558436393738,jpeg_q70,70
real_00167.jpeg,test,real,0,0,2.6642867467785436e-08,jpeg_q70,70
real_00571.jpeg,test,real,0,1,0.9067067503929138,jpeg_q70,70
real_00218.jpeg,test,real,0,0,5.211546886130236e-05,jpeg_q70,70
real_00355.jpeg,test,real,0,0,0.016574528068304062,jpeg_q70,70
real_00406.jpeg,test,real,0,0,0.03347524628043175,jpeg_q70,70
real_00302.jpeg,test,real,0,0,0.2127678245306015,jpeg_q70,70
real_00010.jpeg,test,real,0,1,0.8668035864830017,jpeg_q70,70
real_00405.jpeg,test,real,0,0,0.00020878968643955886,jpeg_q70,70
real_00447.jpeg,test,real,0,0,0.00014723521599080414,jpeg_q70,70
real_00379.jpeg,test,real,0,0,0.0036649724934250116,jpeg_q70,70
real_00319.jpeg,test,real,0,1,0.5568327903747559,jpeg_q70,70
real_00543.jpeg,test,real,0,0,0.02623194083571434,jpeg_q70,70
real_00539.jpeg,test,real,0,0,0.05059540271759033,jpeg_q70,70
real_00579.jpeg,test,real,0,0,0.04717603325843811,jpeg_q70,70
real_00459.jpeg,test,real,0,1,0.6370712518692017,jpeg_q70,70
real_00587.jpeg,test,real,0,0,1.6979652173176873e-07,jpeg_q70,70
real_00114.jpeg,test,real,0,0,0.00032598982215858996,jpeg_q70,70
real_00479.jpeg,test,real,0,0,0.0004302573506720364,jpeg_q70,70
real_00488.jpeg,test,real,0,0,0.019332416355609894,jpeg_q70,70
real_00360.jpeg,test,real,0,0,0.00021979132725391537,jpeg_q70,70
real_00363.jpeg,test,real,0,0,0.16939546167850494,jpeg_q70,70
real_00350.jpeg,test,real,0,0,1.6112122693812125e-06,jpeg_q70,70
real_00441.jpeg,test,real,0,1,0.6680873036384583,jpeg_q70,70
real_00003.jpeg,test,real,0,1,0.5031310319900513,jpeg_q70,70
real_00217.jpeg,test,real,0,0,8.128133049467579e-05,jpeg_q70,70
real_00465.jpeg,test,real,0,1,0.9858177304267883,jpeg_q70,70
real_00442.jpeg,test,real,0,0,0.005345318932086229,jpeg_q70,70
real_00233.jpeg,test,real,0,0,0.0005993681261315942,jpeg_q70,70
real_00161.jpeg,test,real,0,0,0.0033391008619219065,jpeg_q70,70
real_00412.jpeg,test,real,0,0,0.014524628408253193,jpeg_q70,70
real_00468.jpeg,test,real,0,0,3.235166514059529e-05,jpeg_q70,70
real_00125.jpeg,test,real,0,0,0.1873859465122223,jpeg_q70,70
real_00186.jpeg,test,real,0,0,1.205289095196349e-06,jpeg_q70,70
real_00172.jpeg,test,real,0,0,1.9732415239559487e-06,jpeg_q70,70
real_00467.jpeg,test,real,0,0,0.0029262197203934193,jpeg_q70,70
real_00323.jpeg,test,real,0,0,3.314694595246692e-06,jpeg_q70,70
real_00203.jpeg,test,real,0,0,0.004713720642030239,jpeg_q70,70
real_00552.jpeg,test,real,0,0,0.031075024977326393,jpeg_q70,70
real_00034.jpeg,test,real,0,0,0.004714376293122768,jpeg_q70,70
real_00142.jpeg,test,real,0,0,0.23337607085704803,jpeg_q70,70
real_00059.jpeg,test,real,0,0,6.30230179154978e-09,jpeg_q70,70
real_00021.jpeg,test,real,0,0,0.10349497199058533,jpeg_q70,70
real_00525.jpeg,test,real,0,0,0.00044377020094543695,jpeg_q70,70
real_00275.jpeg,test,real,0,0,0.26519253849983215,jpeg_q70,70
real_00430.jpeg,test,real,0,0,0.0008507116581313312,jpeg_q70,70
real_00349.jpeg,test,real,0,0,2.6307777716283454e-06,jpeg_q70,70
real_00373.jpeg,test,real,0,0,0.2938445806503296,jpeg_q70,70
real_00078.jpeg,test,real,0,0,0.05048578605055809,jpeg_q70,70
real_00437.jpeg,test,real,0,0,2.549050623201765e-05,jpeg_q70,70
real_00520.jpeg,test,real,0,0,8.821200026432052e-06,jpeg_q70,70
real_00564.jpeg,test,real,0,0,0.003683277405798435,jpeg_q70,70
real_00578.jpeg,test,real,0,0,0.006870929151773453,jpeg_q70,70
real_00225.jpeg,test,real,0,0,0.0029295035637915134,jpeg_q70,70
real_00232.jpeg,test,real,0,0,6.157039751997218e-05,jpeg_q70,70
real_00194.jpeg,test,real,0,0,1.8984387673004477e-10,jpeg_q70,70
real_00278.jpeg,test,real,0,0,3.4545948437880725e-05,jpeg_q70,70
real_00168.jpeg,test,real,0,0,2.0073757696081884e-05,jpeg_q70,70
real_00145.jpeg,test,real,0,0,0.49988067150115967,jpeg_q70,70
real_00495.jpeg,test,real,0,0,6.188385304994881e-05,jpeg_q70,70
real_00236.jpeg,test,real,0,0,0.0019451577682048082,jpeg_q70,70
real_00121.jpeg,test,real,0,0,0.0036865531001240015,jpeg_q70,70
real_00455.jpeg,test,real,0,0,0.06996452063322067,jpeg_q70,70
real_00177.jpeg,test,real,0,0,0.47396183013916016,jpeg_q70,70
real_00485.jpeg,test,real,0,0,0.002971053821966052,jpeg_q70,70
real_00136.jpeg,test,real,0,0,0.1744513064622879,jpeg_q70,70
real_00054.jpeg,test,real,0,0,7.349065072048688e-07,jpeg_q70,70
real_00470.jpeg,test,real,0,0,2.3060520959461428e-07,jpeg_q70,70
real_00118.jpeg,test,real,0,0,4.6815102905384265e-07,jpeg_q70,70
real_00153.jpeg,test,real,0,0,0.0013493038713932037,jpeg_q70,70
real_00384.jpeg,test,real,0,0,0.0006660408689640462,jpeg_q70,70
real_00115.jpeg,test,real,0,0,0.010801887139678001,jpeg_q70,70
real_00101.jpeg,test,real,0,0,0.1368032842874527,jpeg_q70,70
real_00327.jpeg,test,real,0,0,0.23660941421985626,jpeg_q70,70
real_00164.jpeg,test,real,0,0,0.009227636270225048,jpeg_q70,70
real_00538.jpeg,test,real,0,0,0.0002994199167005718,jpeg_q70,70
real_00049.jpeg,test,real,0,0,0.30686691403388977,jpeg_q70,70
real_00544.jpeg,test,real,0,0,0.005287018604576588,jpeg_q70,70
real_00154.jpeg,test,real,0,0,2.9446894131979207e-06,jpeg_q70,70
real_00215.jpeg,test,real,0,0,0.2440251111984253,jpeg_q70,70
real_00124.jpeg,test,real,0,0,3.414869070184068e-06,jpeg_q70,70
real_00223.jpeg,test,real,0,0,0.02173089049756527,jpeg_q70,70
real_00065.jpeg,test,real,0,0,0.1816416233778,jpeg_q70,70
real_00282.jpeg,test,real,0,0,1.100125791708706e-05,jpeg_q70,70
real_00267.jpeg,test,real,0,0,0.002989126369357109,jpeg_q70,70
real_00343.jpeg,test,real,0,0,0.03895660862326622,jpeg_q70,70
real_00421.jpeg,test,real,0,0,1.3019078870524226e-10,jpeg_q70,70
real_00531.jpeg,test,real,0,0,0.002815979765728116,jpeg_q70,70
real_00575.jpeg,test,real,0,0,0.00376573926769197,jpeg_q70,70
real_00290.jpeg,test,real,0,0,0.00010038943582912907,jpeg_q70,70
real_00336.jpeg,test,real,0,0,8.418850505620412e-09,jpeg_q70,70
real_00306.jpeg,test,real,0,0,0.14186298847198486,jpeg_q70,70
real_00231.jpeg,test,real,0,0,0.0008275033324025571,jpeg_q70,70
real_00002.jpeg,test,real,0,0,0.05455438792705536,jpeg_q70,70
real_00504.jpeg,test,real,0,0,0.011935209855437279,jpeg_q70,70
real_00536.jpeg,test,real,0,0,2.6707234610512387e-06,jpeg_q70,70
real_00362.jpeg,test,real,0,0,0.0016051114071160555,jpeg_q70,70
real_00199.jpeg,test,real,0,0,0.006292829755693674,jpeg_q70,70
real_00023.jpeg,test,real,0,0,1.0134271178685594e-05,jpeg_q70,70
real_00433.jpeg,test,real,0,0,0.24223503470420837,jpeg_q70,70
real_00484.jpeg,test,real,0,1,0.6137283444404602,jpeg_q70,70
real_00110.jpeg,test,real,0,0,5.6181859690696e-05,jpeg_q70,70
real_00305.jpeg,test,real,0,1,0.584489643573761,jpeg_q70,70
real_00352.jpeg,test,real,0,0,0.0016745238099247217,jpeg_q70,70
real_00256.jpeg,test,real,0,0,0.010273695923388004,jpeg_q70,70
real_00404.jpeg,test,real,0,0,0.00022247106244321913,jpeg_q70,70
real_00523.jpeg,test,real,0,0,0.11981292068958282,jpeg_q70,70
real_00513.jpeg,test,real,0,0,0.3506750166416168,jpeg_q70,70
real_00108.jpeg,test,real,0,0,0.011507569812238216,jpeg_q70,70
real_00119.jpeg,test,real,0,0,0.09016688913106918,jpeg_q70,70
real_00511.jpeg,test,real,0,0,0.05716254934668541,jpeg_q70,70
real_00073.jpeg,test,real,0,0,6.607149050097405e-09,jpeg_q70,70
real_00469.jpeg,test,real,0,0,0.02164095640182495,jpeg_q70,70
real_00035.jpeg,test,real,0,0,4.861811930823023e-07,jpeg_q70,70
real_00427.jpeg,test,real,0,0,1.1961880773014855e-05,jpeg_q70,70
real_00000.jpeg,test,real,0,0,0.0006679297075606883,jpeg_q70,70
real_00066.jpeg,test,real,0,0,2.3983588107512332e-05,jpeg_q70,70
real_00052.jpeg,test,real,0,0,1.0905137969530188e-05,jpeg_q70,70
real_00483.jpeg,test,real,0,0,9.003866580314934e-06,jpeg_q70,70
real_00020.jpeg,test,real,0,0,0.24585290253162384,jpeg_q70,70
real_00540.jpeg,test,real,0,0,0.00013476356980390847,jpeg_q70,70
real_00383.jpeg,test,real,0,0,0.0009473969112150371,jpeg_q70,70
real_00129.jpeg,test,real,0,0,8.501716308728646e-08,jpeg_q70,70
real_00505.jpeg,test,real,0,0,9.277977691679595e-12,jpeg_q70,70
real_00517.jpeg,test,real,0,0,0.001983623020350933,jpeg_q70,70
real_00291.jpeg,test,real,0,0,2.961479185614735e-05,jpeg_q70,70
real_00328.jpeg,test,real,0,1,0.6782488822937012,jpeg_q70,70
real_00082.jpeg,test,real,0,0,1.0529199556685853e-07,jpeg_q70,70
real_00413.jpeg,test,real,0,0,0.0030424832366406918,jpeg_q70,70
real_00201.jpeg,test,real,0,0,0.16721247136592865,jpeg_q70,70
real_00422.jpeg,test,real,0,1,0.6502989530563354,jpeg_q70,70
real_00481.jpeg,test,real,0,1,0.9656428694725037,jpeg_q70,70
real_00249.jpeg,test,real,0,0,3.322952761664055e-05,jpeg_q70,70
real_00591.jpeg,test,real,0,1,0.8349289298057556,jpeg_q70,70
real_00103.jpeg,test,real,0,0,0.19868338108062744,jpeg_q70,70
real_00058.jpeg,test,real,0,0,3.406719173426609e-08,jpeg_q70,70
real_00029.jpeg,test,real,0,0,0.3093528151512146,jpeg_q70,70
real_00551.jpeg,test,real,0,0,0.0021114391274750233,jpeg_q70,70
real_00453.jpeg,test,real,0,1,1.0,jpeg_q70,70
real_00041.jpeg,test,real,0,0,0.00048745644744485617,jpeg_q70,70
real_00316.jpeg,test,real,0,0,0.0007156087667681277,jpeg_q70,70
real_00449.jpeg,test,real,0,0,0.002329300157725811,jpeg_q70,70
real_00198.jpeg,test,real,0,0,0.003974677994847298,jpeg_q70,70
real_00310.jpeg,test,real,0,0,0.01201830804347992,jpeg_q70,70
real_00205.jpeg,test,real,0,0,5.21149231644813e-05,jpeg_q70,70
real_00011.jpeg,test,real,0,0,0.04346002638339996,jpeg_q70,70
real_00556.jpeg,test,real,0,0,0.0012612668797373772,jpeg_q70,70
real_00294.jpeg,test,real,0,0,0.00017972837667912245,jpeg_q70,70
real_00112.jpeg,test,real,0,1,0.9281090497970581,jpeg_q70,70
real_00170.jpeg,test,real,0,0,0.0005999094573780894,jpeg_q70,70
real_00569.jpeg,test,real,0,0,6.051926106920291e-07,jpeg_q70,70
real_00318.jpeg,test,real,0,0,0.0005405321717262268,jpeg_q70,70
real_00397.jpeg,test,real,0,0,0.0002330900460947305,jpeg_q70,70
real_00014.jpeg,test,real,0,0,0.013356097042560577,jpeg_q70,70
real_00196.jpeg,test,real,0,0,2.584931208596535e-16,jpeg_q70,70
real_00191.jpeg,test,real,0,1,0.7006655931472778,jpeg_q70,70
real_00192.jpeg,test,real,0,0,1.8826325387522047e-08,jpeg_q70,70
real_00353.jpeg,test,real,0,1,0.8095710873603821,jpeg_q70,70
real_00254.jpeg,test,real,0,0,1.380528829031391e-05,jpeg_q70,70
real_00169.jpeg,test,real,0,0,5.259391855361173e-06,jpeg_q70,70
real_00370.jpeg,test,real,0,0,1.6387367851589119e-10,jpeg_q70,70
real_00004.jpeg,test,real,0,0,0.025415411219000816,jpeg_q70,70
real_00368.jpeg,test,real,0,0,0.12954823672771454,jpeg_q70,70
real_00417.jpeg,test,real,0,0,0.2824200391769409,jpeg_q70,70
real_00333.jpeg,test,real,0,0,7.776536222081631e-05,jpeg_q70,70
real_00123.jpeg,test,real,0,0,0.003322980599477887,jpeg_q70,70
real_00380.jpeg,test,real,0,0,4.6310833567986265e-07,jpeg_q70,70
real_00179.jpeg,test,real,0,0,0.00014620789443142712,jpeg_q70,70
real_00400.jpeg,test,real,0,0,0.0015000306302681565,jpeg_q70,70
real_00369.jpeg,test,real,0,0,0.1700488030910492,jpeg_q70,70
real_00051.jpeg,test,real,0,0,0.42913299798965454,jpeg_q70,70
real_00097.jpeg,test,real,0,0,5.169282758288318e-06,jpeg_q70,70
real_00515.jpeg,test,real,0,0,0.007560534868389368,jpeg_q70,70
real_00446.jpeg,test,real,0,0,0.005756429862231016,jpeg_q70,70
real_00155.jpeg,test,real,0,0,0.013464982621371746,jpeg_q70,70
real_00277.jpeg,test,real,0,0,0.0003907534119207412,jpeg_q70,70
real_00098.jpeg,test,real,0,0,5.283032442093827e-05,jpeg_q70,70
real_00107.jpeg,test,real,0,1,0.6642335653305054,jpeg_q70,70
real_00087.jpeg,test,real,0,0,6.1776649999956135e-06,jpeg_q70,70
real_00565.jpeg,test,real,0,0,1.2797191857316648e-06,jpeg_q70,70
real_00280.jpeg,test,real,0,0,1.664488308961154e-06,jpeg_q70,70
real_00507.jpeg,test,real,0,0,3.76230211429629e-08,jpeg_q70,70
real_00326.jpeg,test,real,0,0,0.13614168763160706,jpeg_q70,70
real_00244.jpeg,test,real,0,0,6.067994109298144e-15,jpeg_q70,70
real_00033.jpeg,test,real,0,0,0.00533905578777194,jpeg_q70,70
real_00064.jpeg,test,real,0,0,4.0511708571111527e-11,jpeg_q70,70
real_00013.jpeg,test,real,0,0,1.3150516231519305e-08,jpeg_q70,70
real_00183.jpeg,test,real,0,0,0.4503982961177826,jpeg_q70,70
real_00030.jpeg,test,real,0,0,5.845769464940531e-06,jpeg_q70,70
real_00474.jpeg,test,real,0,0,0.0007813222473487258,jpeg_q70,70
real_00558.jpeg,test,real,0,0,0.015035961754620075,jpeg_q70,70
real_00088.jpeg,test,real,0,0,0.024576926603913307,jpeg_q70,70
real_00436.jpeg,test,real,0,1,0.6729478240013123,jpeg_q70,70
real_00518.jpeg,test,real,0,0,7.21948963473551e-05,jpeg_q70,70
real_00111.jpeg,test,real,0,0,0.00021010292402934283,jpeg_q70,70
real_00122.jpeg,test,real,0,0,0.1980723887681961,jpeg_q70,70
real_00461.jpeg,test,real,0,0,0.02185048721730709,jpeg_q70,70
real_00239.jpeg,test,real,0,0,0.0010682634310796857,jpeg_q70,70
real_00408.jpeg,test,real,0,0,3.151681448798627e-05,jpeg_q70,70
real_00460.jpeg,test,real,0,0,0.03383590653538704,jpeg_q70,70
real_00138.jpeg,test,real,0,0,0.0032058185897767544,jpeg_q70,70
real_00429.jpeg,test,real,0,0,0.0006765769212506711,jpeg_q70,70
real_00462.jpeg,test,real,0,0,2.5143500129165552e-11,jpeg_q70,70
real_00113.jpeg,test,real,0,1,0.6121454834938049,jpeg_q70,70
real_00391.jpeg,test,real,0,0,4.205298682791181e-05,jpeg_q70,70
real_00303.jpeg,test,real,0,0,3.7023526147095254e-06,jpeg_q70,70
real_00592.jpeg,test,real,0,0,1.6405949544797028e-17,jpeg_q70,70
real_00157.jpeg,test,real,0,0,0.016101060435175896,jpeg_q70,70
real_00475.jpeg,test,real,0,0,8.873766091710422e-06,jpeg_q70,70
real_00071.jpeg,test,real,0,0,0.1863722801208496,jpeg_q70,70
real_00235.jpeg,test,real,0,0,8.380993676837534e-05,jpeg_q70,70
real_00067.jpeg,test,real,0,0,6.185659003676847e-05,jpeg_q70,70
real_00502.jpeg,test,real,0,0,0.0025920739863067865,jpeg_q70,70
real_00099.jpeg,test,real,0,0,0.0005636903806589544,jpeg_q70,70
real_00508.jpeg,test,real,0,0,0.0027744793333113194,jpeg_q70,70
real_00036.jpeg,test,real,0,0,0.0015604018699377775,jpeg_q70,70
real_00149.jpeg,test,real,0,0,1.7459051093737799e-07,jpeg_q70,70
real_00220.jpeg,test,real,0,0,0.0030834442004561424,jpeg_q70,70
real_00418.jpeg,test,real,0,0,0.0010160746751353145,jpeg_q70,70
real_00466.jpeg,test,real,0,0,0.1204533576965332,jpeg_q70,70
real_00120.jpeg,test,real,0,0,0.0032714351546019316,jpeg_q70,70
real_00139.jpeg,test,real,0,0,0.08676561713218689,jpeg_q70,70
real_00589.jpeg,test,real,0,1,0.9873149394989014,jpeg_q70,70
real_00276.jpeg,test,real,0,0,0.09110645204782486,jpeg_q70,70
real_00377.jpeg,test,real,0,0,0.14101305603981018,jpeg_q70,70
real_00175.jpeg,test,real,0,0,0.17325779795646667,jpeg_q70,70
real_00001.jpeg,test,real,0,0,0.17859035730361938,jpeg_q70,70
real_00424.jpeg,test,real,0,0,2.7167550797457807e-05,jpeg_q70,70
real_00197.jpeg,test,real,0,0,3.3541986340424046e-05,jpeg_q70,70
real_00246.jpeg,test,real,0,0,0.003728743176907301,jpeg_q70,70
real_00325.jpeg,test,real,0,0,0.009264792315661907,jpeg_q70,70
real_00150.jpeg,test,real,0,0,5.228702093518223e-08,jpeg_q70,70
real_00501.jpeg,test,real,0,0,9.700758710096125e-06,jpeg_q70,70
real_00428.jpeg,test,real,0,0,0.021917423233389854,jpeg_q70,70
real_00222.jpeg,test,real,0,0,0.2929036617279053,jpeg_q70,70
real_00045.jpeg,test,real,0,0,0.010524725541472435,jpeg_q70,70
real_00338.jpeg,test,real,0,0,0.000215050284168683,jpeg_q70,70
real_00390.jpeg,test,real,0,0,0.0006578448228538036,jpeg_q70,70
real_00062.jpeg,test,real,0,0,0.10371164977550507,jpeg_q70,70
real_00426.jpeg,test,real,0,0,0.00011164264287799597,jpeg_q70,70
real_00247.jpeg,test,real,0,0,0.0434238538146019,jpeg_q70,70
real_00152.jpeg,test,real,0,0,0.006105879321694374,jpeg_q70,70
real_00156.jpeg,test,real,0,0,0.0004363820480648428,jpeg_q70,70
real_00084.jpeg,test,real,0,0,0.028801890090107918,jpeg_q70,70
real_00212.jpeg,test,real,0,0,0.09393762797117233,jpeg_q70,70
real_00184.jpeg,test,real,0,0,0.016184890642762184,jpeg_q70,70
real_00309.jpeg,test,real,0,0,0.002391867572441697,jpeg_q70,70
real_00423.jpeg,test,real,0,0,0.4537762999534607,jpeg_q70,70
real_00095.jpeg,test,real,0,0,0.0004835404106415808,jpeg_q70,70
real_00264.jpeg,test,real,0,0,0.005130354780703783,jpeg_q70,70
real_00105.jpeg,test,real,0,0,0.028107475489377975,jpeg_q70,70
real_00024.jpeg,test,real,0,0,5.235658306901314e-08,jpeg_q70,70
real_00293.jpeg,test,real,0,0,5.985498773952713e-06,jpeg_q70,70
real_00311.jpeg,test,real,0,0,0.00041910717845894396,jpeg_q70,70
real_00032.jpeg,test,real,0,0,0.09315291792154312,jpeg_q70,70
real_00374.jpeg,test,real,0,0,3.8352165574906394e-05,jpeg_q70,70
real_00492.jpeg,test,real,0,0,0.0015289206057786942,jpeg_q70,70
real_00162.jpeg,test,real,0,0,0.006612779572606087,jpeg_q70,70
real_00588.jpeg,test,real,0,0,0.002219822723418474,jpeg_q70,70
real_00411.jpeg,test,real,0,0,0.00443047471344471,jpeg_q70,70
real_00241.jpeg,test,real,0,0,0.13113367557525635,jpeg_q70,70
real_00432.jpeg,test,real,0,1,0.6403157114982605,jpeg_q70,70
real_00025.jpeg,test,real,0,0,0.0038128450978547335,jpeg_q70,70
real_00079.jpeg,test,real,0,1,0.7527104020118713,jpeg_q70,70
real_00351.jpeg,test,real,0,0,0.11457949131727219,jpeg_q70,70
real_00590.jpeg,test,real,0,0,1.616362226286583e-07,jpeg_q70,70
real_00240.jpeg,test,real,0,0,0.0007929977728053927,jpeg_q70,70
real_00583.jpeg,test,real,0,0,0.0005774587043561041,jpeg_q70,70
real_00116.jpeg,test,real,0,0,0.2558090388774872,jpeg_q70,70
real_00081.jpeg,test,real,0,0,0.004356013610959053,jpeg_q70,70
real_00224.jpeg,test,real,0,0,0.06272385269403458,jpeg_q70,70
real_00372.jpeg,test,real,0,0,0.008756333030760288,jpeg_q70,70
real_00074.jpeg,test,real,0,0,0.0005198977305553854,jpeg_q70,70
real_00555.jpeg,test,real,0,0,4.337262907938566e-06,jpeg_q70,70
real_00399.jpeg,test,real,0,0,1.965541196113918e-05,jpeg_q70,70
real_00308.jpeg,test,real,0,0,0.04372388496994972,jpeg_q70,70
real_00132.jpeg,test,real,0,0,0.08471540361642838,jpeg_q70,70
real_00478.jpeg,test,real,0,0,0.0002552158839534968,jpeg_q70,70
real_00435.jpeg,test,real,0,0,0.00043135034502483904,jpeg_q70,70
real_00072.jpeg,test,real,0,0,0.018088234588503838,jpeg_q70,70
real_00037.jpeg,test,real,0,1,0.769374430179596,jpeg_q70,70
real_00272.jpeg,test,real,0,1,0.924400806427002,jpeg_q70,70
real_00102.jpeg,test,real,0,0,0.0330878384411335,jpeg_q70,70
real_00044.jpeg,test,real,0,0,0.1223408505320549,jpeg_q70,70
real_00546.jpeg,test,real,0,0,0.04745994508266449,jpeg_q70,70
real_00146.jpeg,test,real,0,0,0.0014919504756107926,jpeg_q70,70
real_00361.jpeg,test,real,0,0,0.012238756753504276,jpeg_q70,70
real_00498.jpeg,test,real,0,0,0.1083330363035202,jpeg_q70,70
real_00567.jpeg,test,real,0,0,3.844993898383109e-06,jpeg_q70,70
real_00229.jpeg,test,real,0,0,0.003771070158109069,jpeg_q70,70
real_00573.jpeg,test,real,0,0,7.797878788551316e-05,jpeg_q70,70
real_00452.jpeg,test,real,0,0,0.15507341921329498,jpeg_q70,70
real_00258.jpeg,test,real,0,0,0.005340615753084421,jpeg_q70,70
real_00581.jpeg,test,real,0,0,0.008897017687559128,jpeg_q70,70
real_00340.jpeg,test,real,0,0,0.3349579870700836,jpeg_q70,70
real_00516.jpeg,test,real,0,0,4.3018090423174726e-08,jpeg_q70,70
real_00524.jpeg,test,real,0,0,0.0013763176975771785,jpeg_q70,70
real_00554.jpeg,test,real,0,0,0.0038866065442562103,jpeg_q70,70
real_00299.jpeg,test,real,0,0,2.3996527431791037e-08,jpeg_q70,70
real_00439.jpeg,test,real,0,0,0.00029359079780988395,jpeg_q70,70
real_00166.jpeg,test,real,0,0,1.6290969142573886e-05,jpeg_q70,70
real_00392.jpeg,test,real,0,0,0.004005517810583115,jpeg_q70,70
real_00086.jpeg,test,real,0,0,2.1895699319429696e-05,jpeg_q70,70
real_00537.jpeg,test,real,0,0,0.344098299741745,jpeg_q70,70
real_00431.jpeg,test,real,0,0,3.693951612149249e-06,jpeg_q70,70
real_00389.jpeg,test,real,0,0,4.086760796440103e-08,jpeg_q70,70
real_00534.jpeg,test,real,0,0,1.6905059965210967e-05,jpeg_q70,70
real_00541.jpeg,test,real,0,0,8.345279667310024e-08,jpeg_q70,70
real_00094.jpeg,test,real,0,1,0.9746910333633423,jpeg_q70,70
real_00226.jpeg,test,real,0,0,0.0003671797749120742,jpeg_q70,70
real_00200.jpeg,test,real,0,0,0.007029792759567499,jpeg_q70,70
real_00330.jpeg,test,real,0,0,4.238263500155881e-05,jpeg_q70,70
real_00091.jpeg,test,real,0,0,0.04358409717679024,jpeg_q70,70
real_00472.jpeg,test,real,0,0,2.6681437614861636e-10,jpeg_q70,70
real_00493.jpeg,test,real,0,0,0.00011437949433457106,jpeg_q70,70
real_00053.jpeg,test,real,0,0,6.981205160627724e-07,jpeg_q70,70
real_00298.jpeg,test,real,0,0,0.1356087177991867,jpeg_q70,70
real_00366.jpeg,test,real,0,0,0.0001935408217832446,jpeg_q70,70
real_00182.jpeg,test,real,0,0,4.8273497668560594e-05,jpeg_q70,70
real_00490.jpeg,test,real,0,0,0.009534070268273354,jpeg_q70,70
real_00593.jpeg,test,real,0,0,0.3503827452659607,jpeg_q70,70
real_00137.jpeg,test,real,0,0,0.0007785647758282721,jpeg_q70,70
real_00314.jpeg,test,real,0,0,0.07311911135911942,jpeg_q70,70
real_00471.jpeg,test,real,0,0,0.0024269197601825,jpeg_q70,70
real_00365.jpeg,test,real,0,0,0.001814455958083272,jpeg_q70,70
real_00042.jpeg,test,real,0,0,2.1660950366708676e-08,jpeg_q70,70
real_00448.jpeg,test,real,0,0,0.15001703798770905,jpeg_q70,70
real_00188.jpeg,test,real,0,0,4.209069811622612e-05,jpeg_q70,70
real_00245.jpeg,test,real,0,0,0.0005653808475472033,jpeg_q70,70
real_00509.jpeg,test,real,0,0,1.4166307664709166e-05,jpeg_q70,70
real_00265.jpeg,test,real,0,0,0.0020016904454678297,jpeg_q70,70
real_00443.jpeg,test,real,0,0,0.0042671989649534225,jpeg_q70,70
real_00284.jpeg,test,real,0,0,0.005553255323320627,jpeg_q70,70
real_00386.jpeg,test,real,0,0,5.842174232384423e-06,jpeg_q70,70
real_00548.jpeg,test,real,0,0,1.04390289834555e-06,jpeg_q70,70
real_00487.jpeg,test,real,0,0,0.002485227771103382,jpeg_q70,70
real_00549.jpeg,test,real,0,1,0.5711207389831543,jpeg_q70,70
real_00315.jpeg,test,real,0,0,7.627313607372344e-05,jpeg_q70,70
real_00464.jpeg,test,real,0,0,0.0016688212053850293,jpeg_q70,70
midjourney_00068.png,test,midjourney,1,0,0.0009942202595993876,jpeg_q70,70
vqdm_00062.png,test,vqdm,1,1,0.5541546940803528,jpeg_q70,70
adm_00019.png,test,adm,1,1,0.9881773591041565,jpeg_q70,70
midjourney_00077.png,test,midjourney,1,0,0.0006240157526917756,jpeg_q70,70
adm_00074.png,test,adm,1,1,0.9999487400054932,jpeg_q70,70
wukong_00038.png,test,wukong,1,1,0.999927282333374,jpeg_q70,70
biggan_00049.png,test,biggan,1,0,0.23132945597171783,jpeg_q70,70
midjourney_00036.png,test,midjourney,1,0,0.2127518504858017,jpeg_q70,70
glide_00074.png,test,glide,1,1,0.523761510848999,jpeg_q70,70
sdv5_00043.png,test,sdv5,1,0,0.29335448145866394,jpeg_q70,70
wukong_00067.png,test,wukong,1,1,0.9936748147010803,jpeg_q70,70
vqdm_00041.png,test,vqdm,1,1,0.7038469910621643,jpeg_q70,70
wukong_00066.png,test,wukong,1,0,0.20255893468856812,jpeg_q70,70
vqdm_00061.png,test,vqdm,1,1,1.0,jpeg_q70,70
biggan_00010.png,test,biggan,1,0,0.3027702569961548,jpeg_q70,70
midjourney_00011.png,test,midjourney,1,1,0.999326229095459,jpeg_q70,70
adm_00067.png,test,adm,1,1,0.9998201727867126,jpeg_q70,70
adm_00063.png,test,adm,1,1,0.9982630610466003,jpeg_q70,70
wukong_00015.png,test,wukong,1,1,0.9668640494346619,jpeg_q70,70
vqdm_00004.png,test,vqdm,1,0,0.45157453417778015,jpeg_q70,70
midjourney_00005.png,test,midjourney,1,1,0.5017005205154419,jpeg_q70,70
adm_00014.png,test,adm,1,1,0.9999983310699463,jpeg_q70,70
glide_00069.png,test,glide,1,0,0.08546522259712219,jpeg_q70,70
vqdm_00010.png,test,vqdm,1,1,1.0,jpeg_q70,70
sdv5_00046.png,test,sdv5,1,1,0.9972391128540039,jpeg_q70,70
wukong_00023.png,test,wukong,1,1,0.8880592584609985,jpeg_q70,70
midjourney_00074.png,test,midjourney,1,1,0.7508143782615662,jpeg_q70,70
midjourney_00039.png,test,midjourney,1,1,0.8804998397827148,jpeg_q70,70
vqdm_00024.png,test,vqdm,1,1,0.9381142258644104,jpeg_q70,70
wukong_00075.png,test,wukong,1,1,0.9027732610702515,jpeg_q70,70
biggan_00050.png,test,biggan,1,1,0.9473221898078918,jpeg_q70,70
midjourney_00059.png,test,midjourney,1,1,0.8251286149024963,jpeg_q70,70
biggan_00029.png,test,biggan,1,0,0.0006760631804354489,jpeg_q70,70
sdv5_00039.png,test,sdv5,1,1,0.9537258148193359,jpeg_q70,70
glide_00061.png,test,glide,1,0,0.04272052273154259,jpeg_q70,70
biggan_00012.png,test,biggan,1,0,0.009524383582174778,jpeg_q70,70
biggan_00080.png,test,biggan,1,1,0.9999940395355225,jpeg_q70,70
glide_00053.png,test,glide,1,0,0.4134153723716736,jpeg_q70,70
vqdm_00006.png,test,vqdm,1,1,0.6941730976104736,jpeg_q70,70
adm_00023.png,test,adm,1,1,0.9999996423721313,jpeg_q70,70
sdv5_00054.png,test,sdv5,1,1,0.9936327338218689,jpeg_q70,70
midjourney_00021.png,test,midjourney,1,1,0.9928949475288391,jpeg_q70,70
vqdm_00065.png,test,vqdm,1,0,0.021910056471824646,jpeg_q70,70
biggan_00055.png,test,biggan,1,0,0.04473043978214264,jpeg_q70,70
wukong_00003.png,test,wukong,1,1,0.998759388923645,jpeg_q70,70
biggan_00022.png,test,biggan,1,0,0.0029372437857091427,jpeg_q70,70
biggan_00081.png,test,biggan,1,0,0.2671552300453186,jpeg_q70,70
vqdm_00049.png,test,vqdm,1,1,0.8766314387321472,jpeg_q70,70
sdv5_00076.png,test,sdv5,1,1,0.9998223185539246,jpeg_q70,70
vqdm_00011.png,test,vqdm,1,1,0.8301321864128113,jpeg_q70,70
adm_00039.png,test,adm,1,1,1.0,jpeg_q70,70
glide_00023.png,test,glide,1,0,0.22190642356872559,jpeg_q70,70
sdv5_00063.png,test,sdv5,1,1,0.997443675994873,jpeg_q70,70
biggan_00059.png,test,biggan,1,1,0.6910878419876099,jpeg_q70,70
glide_00015.png,test,glide,1,1,0.9915157556533813,jpeg_q70,70
wukong_00047.png,test,wukong,1,1,0.8739303946495056,jpeg_q70,70
vqdm_00037.png,test,vqdm,1,1,0.9659896492958069,jpeg_q70,70
wukong_00080.png,test,wukong,1,1,0.9999773502349854,jpeg_q70,70
midjourney_00076.png,test,midjourney,1,1,0.9966760873794556,jpeg_q70,70
sdv5_00061.png,test,sdv5,1,1,0.9999973773956299,jpeg_q70,70
adm_00029.png,test,adm,1,1,0.9987137317657471,jpeg_q70,70
glide_00039.png,test,glide,1,1,0.9873046278953552,jpeg_q70,70
adm_00072.png,test,adm,1,1,0.7957937121391296,jpeg_q70,70
sdv5_00051.png,test,sdv5,1,1,0.9999990463256836,jpeg_q70,70
sdv5_00066.png,test,sdv5,1,1,0.8770347833633423,jpeg_q70,70
midjourney_00078.png,test,midjourney,1,1,0.9999758005142212,jpeg_q70,70
vqdm_00017.png,test,vqdm,1,0,0.03141380101442337,jpeg_q70,70
sdv5_00073.png,test,sdv5,1,1,0.9922145009040833,jpeg_q70,70
midjourney_00045.png,test,midjourney,1,1,0.7863929867744446,jpeg_q70,70
vqdm_00073.png,test,vqdm,1,0,0.2857968807220459,jpeg_q70,70
sdv5_00008.png,test,sdv5,1,1,0.9999548196792603,jpeg_q70,70
midjourney_00061.png,test,midjourney,1,0,0.01542343758046627,jpeg_q70,70
adm_00015.png,test,adm,1,1,0.9999945163726807,jpeg_q70,70
vqdm_00068.png,test,vqdm,1,0,0.21654920279979706,jpeg_q70,70
midjourney_00053.png,test,midjourney,1,1,0.9999901056289673,jpeg_q70,70
sdv5_00050.png,test,sdv5,1,1,0.9985069632530212,jpeg_q70,70
glide_00050.png,test,glide,1,1,0.9431856274604797,jpeg_q70,70
midjourney_00069.png,test,midjourney,1,0,0.4781578481197357,jpeg_q70,70
glide_00038.png,test,glide,1,1,0.6809205412864685,jpeg_q70,70
biggan_00011.png,test,biggan,1,0,0.004018744919449091,jpeg_q70,70
biggan_00082.png,test,biggan,1,1,0.9877372980117798,jpeg_q70,70
wukong_00005.png,test,wukong,1,1,0.9999262094497681,jpeg_q70,70
wukong_00014.png,test,wukong,1,1,0.9998894929885864,jpeg_q70,70
midjourney_00071.png,test,midjourney,1,0,0.0061138770543038845,jpeg_q70,70
midjourney_00009.png,test,midjourney,1,1,0.6313958764076233,jpeg_q70,70
midjourney_00044.png,test,midjourney,1,1,0.9628503918647766,jpeg_q70,70
biggan_00017.png,test,biggan,1,1,0.8801602125167847,jpeg_q70,70
glide_00082.png,test,glide,1,0,0.2204827070236206,jpeg_q70,70
glide_00037.png,test,glide,1,0,0.10702130198478699,jpeg_q70,70
adm_00027.png,test,adm,1,1,0.9996525049209595,jpeg_q70,70
midjourney_00024.png,test,midjourney,1,1,0.9999707937240601,jpeg_q70,70
glide_00033.png,test,glide,1,1,0.8046461343765259,jpeg_q70,70
midjourney_00007.png,test,midjourney,1,1,0.978074312210083,jpeg_q70,70
sdv5_00072.png,test,sdv5,1,1,0.6112135052680969,jpeg_q70,70
wukong_00022.png,test,wukong,1,1,0.9975358247756958,jpeg_q70,70
vqdm_00032.png,test,vqdm,1,0,0.0005211137467995286,jpeg_q70,70
glide_00009.png,test,glide,1,1,0.9863671660423279,jpeg_q70,70
biggan_00030.png,test,biggan,1,0,0.03413860499858856,jpeg_q70,70
wukong_00057.png,test,wukong,1,1,0.9773058295249939,jpeg_q70,70
adm_00079.png,test,adm,1,1,0.999988317489624,jpeg_q70,70
vqdm_00031.png,test,vqdm,1,1,0.9961482286453247,jpeg_q70,70
glide_00010.png,test,glide,1,1,1.0,jpeg_q70,70
wukong_00009.png,test,wukong,1,1,0.9964653253555298,jpeg_q70,70
glide_00013.png,test,glide,1,0,0.07405481487512589,jpeg_q70,70
vqdm_00023.png,test,vqdm,1,0,0.19140703976154327,jpeg_q70,70
sdv5_00011.png,test,sdv5,1,1,0.876057505607605,jpeg_q70,70
sdv5_00047.png,test,sdv5,1,1,0.9999474287033081,jpeg_q70,70
sdv5_00009.png,test,sdv5,1,1,0.9513165950775146,jpeg_q70,70
sdv5_00010.png,test,sdv5,1,1,0.974075973033905,jpeg_q70,70
glide_00076.png,test,glide,1,1,0.8225573897361755,jpeg_q70,70
adm_00081.png,test,adm,1,1,0.9992283582687378,jpeg_q70,70
sdv5_00023.png,test,sdv5,1,1,0.9999071359634399,jpeg_q70,70
biggan_00003.png,test,biggan,1,0,0.051958657801151276,jpeg_q70,70
wukong_00061.png,test,wukong,1,1,0.7774425745010376,jpeg_q70,70
adm_00085.png,test,adm,1,0,0.4075338542461395,jpeg_q70,70
midjourney_00014.png,test,midjourney,1,1,0.9447877407073975,jpeg_q70,70
vqdm_00042.png,test,vqdm,1,1,0.5688711404800415,jpeg_q70,70
wukong_00076.png,test,wukong,1,1,0.9993886947631836,jpeg_q70,70
vqdm_00035.png,test,vqdm,1,0,0.02956758439540863,jpeg_q70,70
sdv5_00037.png,test,sdv5,1,1,0.8788772225379944,jpeg_q70,70
biggan_00000.png,test,biggan,1,0,0.0983058363199234,jpeg_q70,70
sdv5_00053.png,test,sdv5,1,1,0.999995231628418,jpeg_q70,70
midjourney_00034.png,test,midjourney,1,1,0.9948981404304504,jpeg_q70,70
wukong_00033.png,test,wukong,1,1,0.9408103227615356,jpeg_q70,70
glide_00011.png,test,glide,1,1,0.5760951638221741,jpeg_q70,70
glide_00008.png,test,glide,1,1,0.9188747406005859,jpeg_q70,70
adm_00044.png,test,adm,1,1,0.9161335229873657,jpeg_q70,70
sdv5_00029.png,test,sdv5,1,1,0.9999727010726929,jpeg_q70,70
sdv5_00081.png,test,sdv5,1,1,0.9999738931655884,jpeg_q70,70
sdv5_00040.png,test,sdv5,1,1,0.7470523118972778,jpeg_q70,70
adm_00042.png,test,adm,1,1,0.9585722088813782,jpeg_q70,70
sdv5_00059.png,test,sdv5,1,1,0.9551053047180176,jpeg_q70,70
wukong_00017.png,test,wukong,1,1,0.9999080896377563,jpeg_q70,70
wukong_00058.png,test,wukong,1,1,0.999984860420227,jpeg_q70,70
adm_00086.png,test,adm,1,1,0.9999730587005615,jpeg_q70,70
midjourney_00049.png,test,midjourney,1,1,0.9787319898605347,jpeg_q70,70
midjourney_00065.png,test,midjourney,1,1,0.9999998807907104,jpeg_q70,70
midjourney_00006.png,test,midjourney,1,1,0.9811015725135803,jpeg_q70,70
wukong_00079.png,test,wukong,1,1,0.9988192915916443,jpeg_q70,70
sdv5_00085.png,test,sdv5,1,1,0.9999961853027344,jpeg_q70,70
sdv5_00065.png,test,sdv5,1,1,0.9566025137901306,jpeg_q70,70
wukong_00037.png,test,wukong,1,1,0.9856232404708862,jpeg_q70,70
biggan_00032.png,test,biggan,1,0,0.03326628729701042,jpeg_q70,70
wukong_00011.png,test,wukong,1,1,0.9999431371688843,jpeg_q70,70
biggan_00053.png,test,biggan,1,1,0.9999818801879883,jpeg_q70,70
sdv5_00005.png,test,sdv5,1,1,0.9708521366119385,jpeg_q70,70
adm_00057.png,test,adm,1,1,0.8377974033355713,jpeg_q70,70
wukong_00024.png,test,wukong,1,1,0.9860517978668213,jpeg_q70,70
glide_00056.png,test,glide,1,1,0.9993232488632202,jpeg_q70,70
adm_00004.png,test,adm,1,1,1.0,jpeg_q70,70
midjourney_00081.png,test,midjourney,1,0,0.0002533314109314233,jpeg_q70,70
sdv5_00083.png,test,sdv5,1,0,0.02134023979306221,jpeg_q70,70
glide_00042.png,test,glide,1,1,0.8767445087432861,jpeg_q70,70
glide_00029.png,test,glide,1,0,0.20553551614284515,jpeg_q70,70
vqdm_00022.png,test,vqdm,1,1,0.7679795026779175,jpeg_q70,70
adm_00007.png,test,adm,1,1,0.9026305675506592,jpeg_q70,70
vqdm_00082.png,test,vqdm,1,0,0.025951294228434563,jpeg_q70,70
glide_00052.png,test,glide,1,1,0.99836665391922,jpeg_q70,70
adm_00066.png,test,adm,1,1,0.9470383524894714,jpeg_q70,70
sdv5_00026.png,test,sdv5,1,0,0.28164049983024597,jpeg_q70,70
wukong_00004.png,test,wukong,1,1,0.9999960660934448,jpeg_q70,70
wukong_00034.png,test,wukong,1,1,0.9988823533058167,jpeg_q70,70
adm_00073.png,test,adm,1,1,0.9994723200798035,jpeg_q70,70
sdv5_00056.png,test,sdv5,1,1,0.8905274868011475,jpeg_q70,70
adm_00050.png,test,adm,1,1,0.9811924695968628,jpeg_q70,70
biggan_00004.png,test,biggan,1,0,0.2956571877002716,jpeg_q70,70
midjourney_00063.png,test,midjourney,1,1,0.8609848618507385,jpeg_q70,70
glide_00007.png,test,glide,1,0,0.0800606906414032,jpeg_q70,70
vqdm_00059.png,test,vqdm,1,0,0.11227983981370926,jpeg_q70,70
midjourney_00051.png,test,midjourney,1,0,0.05638488009572029,jpeg_q70,70
adm_00040.png,test,adm,1,1,0.8778917789459229,jpeg_q70,70
vqdm_00046.png,test,vqdm,1,0,0.47852107882499695,jpeg_q70,70
glide_00071.png,test,glide,1,1,0.77254319190979,jpeg_q70,70
midjourney_00040.png,test,midjourney,1,1,0.7339978814125061,jpeg_q70,70
biggan_00056.png,test,biggan,1,1,0.8022576570510864,jpeg_q70,70
wukong_00030.png,test,wukong,1,1,0.8577097654342651,jpeg_q70,70
adm_00045.png,test,adm,1,1,0.9753029346466064,jpeg_q70,70
vqdm_00069.png,test,vqdm,1,0,0.3319823741912842,jpeg_q70,70
sdv5_00013.png,test,sdv5,1,1,0.9723187685012817,jpeg_q70,70
adm_00058.png,test,adm,1,1,0.9439589977264404,jpeg_q70,70
biggan_00037.png,test,biggan,1,1,0.9999079704284668,jpeg_q70,70
vqdm_00039.png,test,vqdm,1,1,0.9928655624389648,jpeg_q70,70
sdv5_00034.png,test,sdv5,1,1,0.9996578693389893,jpeg_q70,70
glide_00047.png,test,glide,1,1,0.9234141111373901,jpeg_q70,70
biggan_00063.png,test,biggan,1,0,0.06032014638185501,jpeg_q70,70
glide_00045.png,test,glide,1,1,0.9555425643920898,jpeg_q70,70
wukong_00027.png,test,wukong,1,1,0.9939708709716797,jpeg_q70,70
vqdm_00027.png,test,vqdm,1,0,0.01906915381550789,jpeg_q70,70
glide_00024.png,test,glide,1,1,0.9565789103507996,jpeg_q70,70
wukong_00085.png,test,wukong,1,1,0.9990283250808716,jpeg_q70,70
glide_00043.png,test,glide,1,1,0.8463776707649231,jpeg_q70,70
vqdm_00055.png,test,vqdm,1,1,0.8655726909637451,jpeg_q70,70
midjourney_00057.png,test,midjourney,1,1,0.9998669624328613,jpeg_q70,70
wukong_00062.png,test,wukong,1,1,0.9612833261489868,jpeg_q70,70
sdv5_00007.png,test,sdv5,1,1,0.9980436563491821,jpeg_q70,70
biggan_00043.png,test,biggan,1,0,4.95637732456089e-06,jpeg_q70,70
adm_00083.png,test,adm,1,1,0.9960163235664368,jpeg_q70,70
adm_00052.png,test,adm,1,1,0.9999465942382812,jpeg_q70,70
wukong_00032.png,test,wukong,1,1,0.9945683479309082,jpeg_q70,70
midjourney_00047.png,test,midjourney,1,1,0.9999339580535889,jpeg_q70,70
midjourney_00072.png,test,midjourney,1,1,0.9995540976524353,jpeg_q70,70
wukong_00010.png,test,wukong,1,1,0.9925017356872559,jpeg_q70,70
sdv5_00021.png,test,sdv5,1,1,0.9863283038139343,jpeg_q70,70
biggan_00009.png,test,biggan,1,1,0.9408377408981323,jpeg_q70,70
wukong_00043.png,test,wukong,1,1,0.9999216794967651,jpeg_q70,70
vqdm_00034.png,test,vqdm,1,1,0.7396542429924011,jpeg_q70,70
biggan_00023.png,test,biggan,1,1,0.988278329372406,jpeg_q70,70
glide_00080.png,test,glide,1,1,0.9998661279678345,jpeg_q70,70
midjourney_00008.png,test,midjourney,1,0,0.3907398283481598,jpeg_q70,70
biggan_00024.png,test,biggan,1,1,0.8234211802482605,jpeg_q70,70
midjourney_00002.png,test,midjourney,1,1,0.8337302207946777,jpeg_q70,70
midjourney_00000.png,test,midjourney,1,1,0.813951849937439,jpeg_q70,70
adm_00084.png,test,adm,1,1,0.9999985694885254,jpeg_q70,70
biggan_00042.png,test,biggan,1,0,0.22855155169963837,jpeg_q70,70
wukong_00018.png,test,wukong,1,1,0.9997026324272156,jpeg_q70,70
vqdm_00021.png,test,vqdm,1,1,0.7930103540420532,jpeg_q70,70
sdv5_00057.png,test,sdv5,1,1,0.9621701240539551,jpeg_q70,70
midjourney_00029.png,test,midjourney,1,1,0.7196946740150452,jpeg_q70,70
sdv5_00004.png,test,sdv5,1,0,0.3880140781402588,jpeg_q70,70
wukong_00063.png,test,wukong,1,0,0.04337600618600845,jpeg_q70,70
glide_00057.png,test,glide,1,1,0.874664306640625,jpeg_q70,70
wukong_00074.png,test,wukong,1,0,0.40601545572280884,jpeg_q70,70
adm_00070.png,test,adm,1,0,0.12836354970932007,jpeg_q70,70
midjourney_00018.png,test,midjourney,1,1,0.998783528804779,jpeg_q70,70
vqdm_00081.png,test,vqdm,1,0,0.0536835640668869,jpeg_q70,70
vqdm_00075.png,test,vqdm,1,1,0.8869783282279968,jpeg_q70,70
glide_00059.png,test,glide,1,0,0.18205267190933228,jpeg_q70,70
vqdm_00002.png,test,vqdm,1,0,0.2037239968776703,jpeg_q70,70
biggan_00045.png,test,biggan,1,1,0.9989232420921326,jpeg_q70,70
sdv5_00075.png,test,sdv5,1,1,0.9780253171920776,jpeg_q70,70
sdv5_00055.png,test,sdv5,1,0,0.0937206819653511,jpeg_q70,70
wukong_00013.png,test,wukong,1,1,0.9998533725738525,jpeg_q70,70
adm_00068.png,test,adm,1,1,0.9939861297607422,jpeg_q70,70
midjourney_00010.png,test,midjourney,1,0,0.06627217680215836,jpeg_q70,70
midjourney_00030.png,test,midjourney,1,1,0.9918478727340698,jpeg_q70,70
sdv5_00074.png,test,sdv5,1,1,0.9999957084655762,jpeg_q70,70
vqdm_00072.png,test,vqdm,1,1,0.9724668264389038,jpeg_q70,70
wukong_00031.png,test,wukong,1,1,0.999981164932251,jpeg_q70,70
vqdm_00080.png,test,vqdm,1,1,0.874235987663269,jpeg_q70,70
midjourney_00043.png,test,midjourney,1,0,0.03118111565709114,jpeg_q70,70
vqdm_00001.png,test,vqdm,1,1,0.5792464017868042,jpeg_q70,70
glide_00021.png,test,glide,1,1,0.999992847442627,jpeg_q70,70
midjourney_00037.png,test,midjourney,1,0,0.0069235931150615215,jpeg_q70,70
biggan_00031.png,test,biggan,1,0,0.0021207884419709444,jpeg_q70,70
wukong_00072.png,test,wukong,1,1,0.9880589842796326,jpeg_q70,70
midjourney_00055.png,test,midjourney,1,1,0.9937357902526855,jpeg_q70,70
glide_00070.png,test,glide,1,1,0.9999938011169434,jpeg_q70,70
biggan_00057.png,test,biggan,1,0,0.21243247389793396,jpeg_q70,70
midjourney_00075.png,test,midjourney,1,1,0.9958783388137817,jpeg_q70,70
vqdm_00048.png,test,vqdm,1,1,0.896974503993988,jpeg_q70,70
glide_00034.png,test,glide,1,1,0.9982825517654419,jpeg_q70,70
sdv5_00078.png,test,sdv5,1,1,0.9145467877388,jpeg_q70,70
midjourney_00062.png,test,midjourney,1,1,0.6557942628860474,jpeg_q70,70
adm_00031.png,test,adm,1,0,0.22201451659202576,jpeg_q70,70
midjourney_00026.png,test,midjourney,1,1,0.5761026740074158,jpeg_q70,70
vqdm_00000.png,test,vqdm,1,1,0.8010556101799011,jpeg_q70,70
adm_00020.png,test,adm,1,1,0.9269830584526062,jpeg_q70,70
adm_00012.png,test,adm,1,1,0.999663233757019,jpeg_q70,70
adm_00030.png,test,adm,1,1,0.9974391460418701,jpeg_q70,70
midjourney_00070.png,test,midjourney,1,1,0.7219237089157104,jpeg_q70,70
adm_00041.png,test,adm,1,1,0.9996984004974365,jpeg_q70,70
adm_00078.png,test,adm,1,1,0.9998869895935059,jpeg_q70,70
wukong_00068.png,test,wukong,1,1,0.958121657371521,jpeg_q70,70
biggan_00008.png,test,biggan,1,0,0.05577721446752548,jpeg_q70,70
adm_00069.png,test,adm,1,1,0.9999966621398926,jpeg_q70,70
vqdm_00056.png,test,vqdm,1,1,0.9999324083328247,jpeg_q70,70
sdv5_00036.png,test,sdv5,1,1,0.9930546879768372,jpeg_q70,70
vqdm_00079.png,test,vqdm,1,0,0.05551140382885933,jpeg_q70,70
midjourney_00017.png,test,midjourney,1,0,0.22763220965862274,jpeg_q70,70
biggan_00033.png,test,biggan,1,0,0.2120182067155838,jpeg_q70,70
biggan_00018.png,test,biggan,1,1,0.7730126976966858,jpeg_q70,70
sdv5_00001.png,test,sdv5,1,1,0.6664629578590393,jpeg_q70,70
sdv5_00020.png,test,sdv5,1,1,0.9609196186065674,jpeg_q70,70
biggan_00048.png,test,biggan,1,1,0.9848810434341431,jpeg_q70,70
biggan_00058.png,test,biggan,1,1,0.9870491623878479,jpeg_q70,70
midjourney_00066.png,test,midjourney,1,0,0.2539944648742676,jpeg_q70,70
midjourney_00080.png,test,midjourney,1,0,0.11728161573410034,jpeg_q70,70
adm_00005.png,test,adm,1,1,0.9994493126869202,jpeg_q70,70
adm_00003.png,test,adm,1,1,0.9990886449813843,jpeg_q70,70
adm_00024.png,test,adm,1,1,0.9946461319923401,jpeg_q70,70
sdv5_00000.png,test,sdv5,1,1,0.999803364276886,jpeg_q70,70
biggan_00001.png,test,biggan,1,0,0.006652332842350006,jpeg_q70,70
vqdm_00014.png,test,vqdm,1,1,0.9980425834655762,jpeg_q70,70
biggan_00028.png,test,biggan,1,1,0.971461296081543,jpeg_q70,70
midjourney_00028.png,test,midjourney,1,0,0.04297899827361107,jpeg_q70,70
biggan_00027.png,test,biggan,1,1,0.5538660287857056,jpeg_q70,70
sdv5_00049.png,test,sdv5,1,1,0.9989690780639648,jpeg_q70,70
vqdm_00029.png,test,vqdm,1,1,0.758419930934906,jpeg_q70,70
adm_00035.png,test,adm,1,1,0.996574878692627,jpeg_q70,70
adm_00011.png,test,adm,1,1,0.999988317489624,jpeg_q70,70
biggan_00078.png,test,biggan,1,1,0.6944982409477234,jpeg_q70,70
midjourney_00013.png,test,midjourney,1,1,0.9897938966751099,jpeg_q70,70
sdv5_00067.png,test,sdv5,1,1,0.9806733131408691,jpeg_q70,70
biggan_00006.png,test,biggan,1,0,0.10087987780570984,jpeg_q70,70
vqdm_00078.png,test,vqdm,1,0,0.08354414254426956,jpeg_q70,70
glide_00049.png,test,glide,1,1,0.5207685232162476,jpeg_q70,70
midjourney_00050.png,test,midjourney,1,1,0.9997472167015076,jpeg_q70,70
glide_00017.png,test,glide,1,1,0.9995201826095581,jpeg_q70,70
wukong_00008.png,test,wukong,1,1,0.9998399019241333,jpeg_q70,70
sdv5_00014.png,test,sdv5,1,1,0.9809423685073853,jpeg_q70,70
biggan_00052.png,test,biggan,1,0,0.01427344512194395,jpeg_q70,70
wukong_00059.png,test,wukong,1,1,0.9881705045700073,jpeg_q70,70
glide_00078.png,test,glide,1,1,0.9995935559272766,jpeg_q70,70
adm_00034.png,test,adm,1,1,0.9999997615814209,jpeg_q70,70
wukong_00006.png,test,wukong,1,1,0.778039276599884,jpeg_q70,70
biggan_00046.png,test,biggan,1,1,0.9999991655349731,jpeg_q70,70
wukong_00073.png,test,wukong,1,1,0.5957399010658264,jpeg_q70,70
midjourney_00046.png,test,midjourney,1,1,0.9892550706863403,jpeg_q70,70
glide_00068.png,test,glide,1,1,0.7545979022979736,jpeg_q70,70
midjourney_00058.png,test,midjourney,1,1,0.5497974753379822,jpeg_q70,70
glide_00001.png,test,glide,1,1,0.9705513119697571,jpeg_q70,70
glide_00041.png,test,glide,1,1,1.0,jpeg_q70,70
glide_00014.png,test,glide,1,0,0.0930064395070076,jpeg_q70,70
adm_00013.png,test,adm,1,1,0.9775830507278442,jpeg_q70,70
glide_00063.png,test,glide,1,1,0.5966599583625793,jpeg_q70,70
wukong_00045.png,test,wukong,1,1,0.9938365817070007,jpeg_q70,70
biggan_00079.png,test,biggan,1,1,0.9050767421722412,jpeg_q70,70
adm_00002.png,test,adm,1,1,1.0,jpeg_q70,70
midjourney_00041.png,test,midjourney,1,1,0.9407750368118286,jpeg_q70,70
vqdm_00044.png,test,vqdm,1,1,0.6081836819648743,jpeg_q70,70
adm_00043.png,test,adm,1,0,0.0074972957372665405,jpeg_q70,70
sdv5_00017.png,test,sdv5,1,1,0.998364269733429,jpeg_q70,70
vqdm_00052.png,test,vqdm,1,0,0.21912090480327606,jpeg_q70,70
adm_00036.png,test,adm,1,1,0.9988180994987488,jpeg_q70,70
biggan_00083.png,test,biggan,1,1,0.5669532418251038,jpeg_q70,70
glide_00020.png,test,glide,1,1,1.0,jpeg_q70,70
midjourney_00054.png,test,midjourney,1,0,0.16735254228115082,jpeg_q70,70
adm_00032.png,test,adm,1,1,0.9995885491371155,jpeg_q70,70
glide_00058.png,test,glide,1,1,0.9189252853393555,jpeg_q70,70
vqdm_00008.png,test,vqdm,1,1,0.9736325740814209,jpeg_q70,70
adm_00026.png,test,adm,1,1,0.9999039173126221,jpeg_q70,70
midjourney_00082.png,test,midjourney,1,1,0.8375150561332703,jpeg_q70,70
wukong_00012.png,test,wukong,1,1,0.9628430008888245,jpeg_q70,70
glide_00048.png,test,glide,1,0,0.2267187535762787,jpeg_q70,70
midjourney_00033.png,test,midjourney,1,1,0.9999055862426758,jpeg_q70,70
vqdm_00060.png,test,vqdm,1,1,0.7543991804122925,jpeg_q70,70
wukong_00052.png,test,wukong,1,1,0.9999990463256836,jpeg_q70,70
adm_00021.png,test,adm,1,0,0.052769653499126434,jpeg_q70,70
wukong_00042.png,test,wukong,1,1,0.8573220372200012,jpeg_q70,70
vqdm_00071.png,test,vqdm,1,1,0.9845569133758545,jpeg_q70,70
glide_00026.png,test,glide,1,1,0.9999961853027344,jpeg_q70,70
biggan_00019.png,test,biggan,1,1,0.9122867584228516,jpeg_q70,70
glide_00051.png,test,glide,1,1,0.8717942237854004,jpeg_q70,70
adm_00056.png,test,adm,1,1,0.9975928664207458,jpeg_q70,70
glide_00012.png,test,glide,1,1,0.992028534412384,jpeg_q70,70
adm_00017.png,test,adm,1,0,0.24603739380836487,jpeg_q70,70
wukong_00020.png,test,wukong,1,1,0.9939543604850769,jpeg_q70,70
sdv5_00069.png,test,sdv5,1,1,0.957697868347168,jpeg_q70,70
vqdm_00064.png,test,vqdm,1,0,0.0046838801354169846,jpeg_q70,70
wukong_00050.png,test,wukong,1,1,0.9711059331893921,jpeg_q70,70
glide_00032.png,test,glide,1,1,0.636138379573822,jpeg_q70,70
glide_00040.png,test,glide,1,1,0.9421426057815552,jpeg_q70,70
glide_00064.png,test,glide,1,0,0.0360381044447422,jpeg_q70,70
adm_00016.png,test,adm,1,1,0.9026321172714233,jpeg_q70,70
biggan_00066.png,test,biggan,1,1,0.9947524070739746,jpeg_q70,70
vqdm_00013.png,test,vqdm,1,0,0.0049390047788619995,jpeg_q70,70
sdv5_00024.png,test,sdv5,1,1,0.9228141903877258,jpeg_q70,70
sdv5_00030.png,test,sdv5,1,1,0.9866960048675537,jpeg_q70,70
wukong_00051.png,test,wukong,1,1,0.9948049187660217,jpeg_q70,70
sdv5_00077.png,test,sdv5,1,1,0.9999994039535522,jpeg_q70,70
biggan_00013.png,test,biggan,1,0,0.11758548766374588,jpeg_q70,70
wukong_00064.png,test,wukong,1,1,0.9999884366989136,jpeg_q70,70
vqdm_00025.png,test,vqdm,1,0,0.007875395007431507,jpeg_q70,70
glide_00002.png,test,glide,1,1,0.9690549969673157,jpeg_q70,70
midjourney_00079.png,test,midjourney,1,0,0.4507584869861603,jpeg_q70,70
wukong_00039.png,test,wukong,1,1,0.5358303189277649,jpeg_q70,70
vqdm_00020.png,test,vqdm,1,1,0.9927361011505127,jpeg_q70,70
sdv5_00032.png,test,sdv5,1,1,0.991309404373169,jpeg_q70,70
sdv5_00003.png,test,sdv5,1,0,0.09183569252490997,jpeg_q70,70
wukong_00078.png,test,wukong,1,1,0.9859078526496887,jpeg_q70,70
wukong_00065.png,test,wukong,1,1,0.9998570680618286,jpeg_q70,70
biggan_00014.png,test,biggan,1,0,0.004500492010265589,jpeg_q70,70
adm_00006.png,test,adm,1,1,0.9999994039535522,jpeg_q70,70
wukong_00056.png,test,wukong,1,1,0.9999806880950928,jpeg_q70,70
biggan_00005.png,test,biggan,1,1,0.8340312838554382,jpeg_q70,70
wukong_00002.png,test,wukong,1,1,0.7363055348396301,jpeg_q70,70
wukong_00055.png,test,wukong,1,0,0.03079240955412388,jpeg_q70,70
sdv5_00016.png,test,sdv5,1,1,0.7810838222503662,jpeg_q70,70
biggan_00065.png,test,biggan,1,0,0.00040721878758631647,jpeg_q70,70
vqdm_00019.png,test,vqdm,1,0,0.0696042850613594,jpeg_q70,70
adm_00038.png,test,adm,1,1,0.9974894523620605,jpeg_q70,70
sdv5_00044.png,test,sdv5,1,1,0.853788435459137,jpeg_q70,70
midjourney_00084.png,test,midjourney,1,1,0.9997487664222717,jpeg_q70,70
midjourney_00025.png,test,midjourney,1,0,0.04878192022442818,jpeg_q70,70
biggan_00061.png,test,biggan,1,0,0.10145895183086395,jpeg_q70,70
sdv5_00071.png,test,sdv5,1,1,0.999995231628418,jpeg_q70,70
biggan_00074.png,test,biggan,1,1,0.6974759697914124,jpeg_q70,70
vqdm_00077.png,test,vqdm,1,0,0.09345701336860657,jpeg_q70,70
midjourney_00001.png,test,midjourney,1,1,0.9990424513816833,jpeg_q70,70
biggan_00069.png,test,biggan,1,0,0.010748889297246933,jpeg_q70,70
glide_00005.png,test,glide,1,1,0.9926629066467285,jpeg_q70,70
sdv5_00015.png,test,sdv5,1,1,0.7897402048110962,jpeg_q70,70
vqdm_00012.png,test,vqdm,1,1,0.600622296333313,jpeg_q70,70
wukong_00077.png,test,wukong,1,0,0.4065569341182709,jpeg_q70,70
midjourney_00023.png,test,midjourney,1,0,0.08601721376180649,jpeg_q70,70
sdv5_00045.png,test,sdv5,1,1,0.9415950179100037,jpeg_q70,70
adm_00033.png,test,adm,1,1,0.999510645866394,jpeg_q70,70
wukong_00083.png,test,wukong,1,1,0.9859485626220703,jpeg_q70,70
biggan_00034.png,test,biggan,1,1,0.5643884539604187,jpeg_q70,70
biggan_00070.png,test,biggan,1,0,0.0014382024528458714,jpeg_q70,70
biggan_00076.png,test,biggan,1,0,0.03889799863100052,jpeg_q70,70
midjourney_00067.png,test,midjourney,1,1,0.6367921233177185,jpeg_q70,70
biggan_00062.png,test,biggan,1,1,0.8563400506973267,jpeg_q70,70
midjourney_00027.png,test,midjourney,1,1,0.9634966254234314,jpeg_q70,70
biggan_00077.png,test,biggan,1,0,0.0010243614669889212,jpeg_q70,70
wukong_00053.png,test,wukong,1,1,0.9999997615814209,jpeg_q70,70
sdv5_00080.png,test,sdv5,1,1,1.0,jpeg_q70,70
glide_00035.png,test,glide,1,0,9.0202855062671e-05,jpeg_q70,70
adm_00022.png,test,adm,1,1,0.9999872446060181,jpeg_q70,70
vqdm_00070.png,test,vqdm,1,0,0.0010305704781785607,jpeg_q70,70
wukong_00019.png,test,wukong,1,1,0.8737794756889343,jpeg_q70,70
glide_00036.png,test,glide,1,0,0.06771542876958847,jpeg_q70,70
adm_00054.png,test,adm,1,1,0.9999856948852539,jpeg_q70,70
glide_00060.png,test,glide,1,1,0.8042356967926025,jpeg_q70,70
adm_00061.png,test,adm,1,1,0.9998108744621277,jpeg_q70,70
vqdm_00028.png,test,vqdm,1,0,0.007670058868825436,jpeg_q70,70
vqdm_00026.png,test,vqdm,1,0,0.2989129424095154,jpeg_q70,70
vqdm_00054.png,test,vqdm,1,0,0.0005149784847162664,jpeg_q70,70
biggan_00021.png,test,biggan,1,0,0.013475349172949791,jpeg_q70,70
vqdm_00005.png,test,vqdm,1,1,0.9999717473983765,jpeg_q70,70
glide_00055.png,test,glide,1,0,0.3760196268558502,jpeg_q70,70
biggan_00075.png,test,biggan,1,0,0.030113544315099716,jpeg_q70,70
wukong_00046.png,test,wukong,1,1,1.0,jpeg_q70,70
wukong_00084.png,test,wukong,1,1,0.8447402715682983,jpeg_q70,70
wukong_00025.png,test,wukong,1,1,0.9888516068458557,jpeg_q70,70
vqdm_00009.png,test,vqdm,1,1,0.9932488203048706,jpeg_q70,70
glide_00019.png,test,glide,1,1,0.9997603297233582,jpeg_q70,70
biggan_00040.png,test,biggan,1,1,0.9189985990524292,jpeg_q70,70
vqdm_00007.png,test,vqdm,1,0,0.1984744369983673,jpeg_q70,70
vqdm_00076.png,test,vqdm,1,0,0.2285078465938568,jpeg_q70,70
glide_00066.png,test,glide,1,0,0.006805635988712311,jpeg_q70,70
biggan_00073.png,test,biggan,1,0,0.44043055176734924,jpeg_q70,70
glide_00072.png,test,glide,1,1,0.9954230189323425,jpeg_q70,70
midjourney_00038.png,test,midjourney,1,1,0.5631612539291382,jpeg_q70,70
vqdm_00016.png,test,vqdm,1,0,0.00014395685866475105,jpeg_q70,70
glide_00006.png,test,glide,1,1,0.9966557025909424,jpeg_q70,70
glide_00065.png,test,glide,1,0,0.09775333851575851,jpeg_q70,70
adm_00055.png,test,adm,1,1,0.9948965907096863,jpeg_q70,70
midjourney_00073.png,test,midjourney,1,0,0.4554157257080078,jpeg_q70,70
midjourney_00020.png,test,midjourney,1,1,0.8809047341346741,jpeg_q70,70
sdv5_00012.png,test,sdv5,1,1,0.9999916553497314,jpeg_q70,70
wukong_00028.png,test,wukong,1,1,0.9720444083213806,jpeg_q70,70
midjourney_00056.png,test,midjourney,1,1,0.7356922030448914,jpeg_q70,70
vqdm_00067.png,test,vqdm,1,0,0.0006572940037585795,jpeg_q70,70
adm_00037.png,test,adm,1,1,1.0,jpeg_q70,70
adm_00064.png,test,adm,1,1,0.9693428874015808,jpeg_q70,70
vqdm_00084.png,test,vqdm,1,1,0.9980265498161316,jpeg_q70,70
sdv5_00052.png,test,sdv5,1,1,0.9981802701950073,jpeg_q70,70
biggan_00035.png,test,biggan,1,1,0.981986403465271,jpeg_q70,70
vqdm_00043.png,test,vqdm,1,1,0.5714109539985657,jpeg_q70,70
adm_00028.png,test,adm,1,1,0.9887443780899048,jpeg_q70,70
glide_00027.png,test,glide,1,1,0.7282131910324097,jpeg_q70,70
sdv5_00042.png,test,sdv5,1,1,0.9981982111930847,jpeg_q70,70
glide_00084.png,test,glide,1,1,0.9883021712303162,jpeg_q70,70
sdv5_00025.png,test,sdv5,1,1,0.9881852865219116,jpeg_q70,70
adm_00009.png,test,adm,1,1,0.9960423707962036,jpeg_q70,70
sdv5_00031.png,test,sdv5,1,1,1.0,jpeg_q70,70
wukong_00000.png,test,wukong,1,1,0.9876251816749573,jpeg_q70,70
wukong_00069.png,test,wukong,1,1,0.7109600901603699,jpeg_q70,70
biggan_00015.png,test,biggan,1,0,0.02395886369049549,jpeg_q70,70
glide_00062.png,test,glide,1,1,0.890694797039032,jpeg_q70,70
adm_00076.png,test,adm,1,1,0.9999653100967407,jpeg_q70,70
vqdm_00015.png,test,vqdm,1,1,0.8300672173500061,jpeg_q70,70
sdv5_00079.png,test,sdv5,1,1,0.9999916553497314,jpeg_q70,70
glide_00083.png,test,glide,1,1,0.9968057870864868,jpeg_q70,70
biggan_00039.png,test,biggan,1,1,0.9323024749755859,jpeg_q70,70
adm_00080.png,test,adm,1,1,1.0,jpeg_q70,70
midjourney_00064.png,test,midjourney,1,1,0.9998155236244202,jpeg_q70,70
sdv5_00070.png,test,sdv5,1,1,0.9841535687446594,jpeg_q70,70
glide_00073.png,test,glide,1,1,0.9185241460800171,jpeg_q70,70
vqdm_00018.png,test,vqdm,1,1,0.9998551607131958,jpeg_q70,70
adm_00053.png,test,adm,1,1,0.9404197335243225,jpeg_q70,70
biggan_00084.png,test,biggan,1,0,0.29043322801589966,jpeg_q70,70
adm_00018.png,test,adm,1,1,0.996300458908081,jpeg_q70,70
sdv5_00018.png,test,sdv5,1,1,0.9897828698158264,jpeg_q70,70
biggan_00020.png,test,biggan,1,1,0.7203674912452698,jpeg_q70,70
vqdm_00066.png,test,vqdm,1,0,0.4341125190258026,jpeg_q70,70
adm_00048.png,test,adm,1,1,0.5169443488121033,jpeg_q70,70
glide_00077.png,test,glide,1,0,0.22274276614189148,jpeg_q70,70
glide_00000.png,test,glide,1,1,0.9910775423049927,jpeg_q70,70
vqdm_00033.png,test,vqdm,1,0,0.025303635746240616,jpeg_q70,70
glide_00081.png,test,glide,1,1,0.9992189407348633,jpeg_q70,70
adm_00075.png,test,adm,1,1,0.9984727501869202,jpeg_q70,70
midjourney_00012.png,test,midjourney,1,1,0.9985268115997314,jpeg_q70,70
glide_00028.png,test,glide,1,1,0.9999799728393555,jpeg_q70,70
vqdm_00057.png,test,vqdm,1,1,0.9999997615814209,jpeg_q70,70
sdv5_00068.png,test,sdv5,1,1,0.8261643648147583,jpeg_q70,70
vqdm_00036.png,test,vqdm,1,0,0.006136262323707342,jpeg_q70,70
adm_00001.png,test,adm,1,1,0.9995330572128296,jpeg_q70,70
biggan_00054.png,test,biggan,1,1,0.7623932957649231,jpeg_q70,70
vqdm_00058.png,test,vqdm,1,1,0.980466902256012,jpeg_q70,70
sdv5_00035.png,test,sdv5,1,1,0.9914257526397705,jpeg_q70,70
glide_00018.png,test,glide,1,0,0.0002824506373144686,jpeg_q70,70
adm_00008.png,test,adm,1,1,0.8713619112968445,jpeg_q70,70
biggan_00067.png,test,biggan,1,1,0.9364118576049805,jpeg_q70,70
glide_00004.png,test,glide,1,1,0.9467850923538208,jpeg_q70,70
midjourney_00083.png,test,midjourney,1,1,0.9557756781578064,jpeg_q70,70
wukong_00026.png,test,wukong,1,1,0.9997649788856506,jpeg_q70,70
sdv5_00028.png,test,sdv5,1,1,0.7200591564178467,jpeg_q70,70
midjourney_00042.png,test,midjourney,1,1,0.9995728135108948,jpeg_q70,70
adm_00060.png,test,adm,1,0,0.015452747233211994,jpeg_q70,70
glide_00003.png,test,glide,1,1,0.6640496850013733,jpeg_q70,70
glide_00025.png,test,glide,1,1,0.9779518842697144,jpeg_q70,70
biggan_00026.png,test,biggan,1,1,0.9340216517448425,jpeg_q70,70
adm_00077.png,test,adm,1,1,0.9999984502792358,jpeg_q70,70
adm_00047.png,test,adm,1,1,0.9961429238319397,jpeg_q70,70
sdv5_00033.png,test,sdv5,1,1,0.9997203946113586,jpeg_q70,70
midjourney_00032.png,test,midjourney,1,1,0.8836832642555237,jpeg_q70,70
biggan_00064.png,test,biggan,1,0,0.0004334250697866082,jpeg_q70,70
vqdm_00074.png,test,vqdm,1,1,0.999690055847168,jpeg_q70,70
biggan_00038.png,test,biggan,1,1,0.9477210640907288,jpeg_q70,70
adm_00082.png,test,adm,1,1,1.0,jpeg_q70,70
wukong_00007.png,test,wukong,1,1,0.9172705411911011,jpeg_q70,70
wukong_00060.png,test,wukong,1,1,1.0,jpeg_q70,70
sdv5_00041.png,test,sdv5,1,1,0.9948693513870239,jpeg_q70,70
vqdm_00038.png,test,vqdm,1,1,0.9993016719818115,jpeg_q70,70
wukong_00001.png,test,wukong,1,1,0.9999969005584717,jpeg_q70,70
midjourney_00015.png,test,midjourney,1,1,0.9997748732566833,jpeg_q70,70
biggan_00047.png,test,biggan,1,1,0.9864752888679504,jpeg_q70,70
glide_00030.png,test,glide,1,0,0.12005053460597992,jpeg_q70,70
vqdm_00047.png,test,vqdm,1,1,0.8031297922134399,jpeg_q70,70
sdv5_00084.png,test,sdv5,1,1,0.990898847579956,jpeg_q70,70
vqdm_00083.png,test,vqdm,1,1,0.6448624730110168,jpeg_q70,70
biggan_00068.png,test,biggan,1,0,0.02317243628203869,jpeg_q70,70
sdv5_00058.png,test,sdv5,1,1,0.9141372442245483,jpeg_q70,70
sdv5_00006.png,test,sdv5,1,1,0.9999586343765259,jpeg_q70,70
biggan_00044.png,test,biggan,1,0,0.11503605544567108,jpeg_q70,70
midjourney_00003.png,test,midjourney,1,1,0.9991043210029602,jpeg_q70,70
sdv5_00027.png,test,sdv5,1,1,0.9984368681907654,jpeg_q70,70
biggan_00072.png,test,biggan,1,1,0.714360773563385,jpeg_q70,70
vqdm_00030.png,test,vqdm,1,0,0.264877051115036,jpeg_q70,70
vqdm_00085.png,test,vqdm,1,0,0.49435117840766907,jpeg_q70,70
wukong_00071.png,test,wukong,1,1,0.9410347938537598,jpeg_q70,70
adm_00062.png,test,adm,1,1,0.5830186009407043,jpeg_q70,70
adm_00000.png,test,adm,1,1,0.9915681481361389,jpeg_q70,70
wukong_00044.png,test,wukong,1,1,0.9999984502792358,jpeg_q70,70
glide_00075.png,test,glide,1,1,0.6321355104446411,jpeg_q70,70
vqdm_00040.png,test,vqdm,1,1,0.7123300433158875,jpeg_q70,70
wukong_00082.png,test,wukong,1,1,1.0,jpeg_q70,70
midjourney_00019.png,test,midjourney,1,1,0.9933598637580872,jpeg_q70,70
adm_00065.png,test,adm,1,1,0.9992196559906006,jpeg_q70,70
midjourney_00022.png,test,midjourney,1,1,0.8336349725723267,jpeg_q70,70
midjourney_00052.png,test,midjourney,1,0,0.0002462255652062595,jpeg_q70,70
adm_00046.png,test,adm,1,1,1.0,jpeg_q70,70
wukong_00048.png,test,wukong,1,1,0.9669893980026245,jpeg_q70,70
vqdm_00045.png,test,vqdm,1,1,0.9997826218605042,jpeg_q70,70
biggan_00036.png,test,biggan,1,0,0.005514883436262608,jpeg_q70,70
sdv5_00038.png,test,sdv5,1,1,0.9820796251296997,jpeg_q70,70
vqdm_00050.png,test,vqdm,1,0,0.007184850517660379,jpeg_q70,70
biggan_00041.png,test,biggan,1,1,0.7232514023780823,jpeg_q70,70
vqdm_00051.png,test,vqdm,1,0,0.08933617174625397,jpeg_q70,70
glide_00054.png,test,glide,1,1,0.6960809826850891,jpeg_q70,70
sdv5_00062.png,test,sdv5,1,1,0.9999932050704956,jpeg_q70,70
sdv5_00060.png,test,sdv5,1,1,0.9967027306556702,jpeg_q70,70
glide_00079.png,test,glide,1,0,0.40467527508735657,jpeg_q70,70
midjourney_00004.png,test,midjourney,1,1,0.9653365015983582,jpeg_q70,70
wukong_00040.png,test,wukong,1,1,0.9592047333717346,jpeg_q70,70
biggan_00060.png,test,biggan,1,0,0.05149664357304573,jpeg_q70,70
wukong_00049.png,test,wukong,1,1,0.969475507736206,jpeg_q70,70
wukong_00035.png,test,wukong,1,1,0.9747973680496216,jpeg_q70,70
adm_00010.png,test,adm,1,1,0.9889171123504639,jpeg_q70,70
sdv5_00064.png,test,sdv5,1,1,0.742676854133606,jpeg_q70,70
adm_00059.png,test,adm,1,1,0.9999748468399048,jpeg_q70,70
midjourney_00048.png,test,midjourney,1,0,0.15336857736110687,jpeg_q70,70
midjourney_00016.png,test,midjourney,1,0,0.3544453978538513,jpeg_q70,70
biggan_00007.png,test,biggan,1,0,0.015343274921178818,jpeg_q70,70
glide_00067.png,test,glide,1,1,0.8815589547157288,jpeg_q70,70
glide_00046.png,test,glide,1,1,0.9398243427276611,jpeg_q70,70
vqdm_00053.png,test,vqdm,1,1,0.9997598528862,jpeg_q70,70
adm_00071.png,test,adm,1,1,0.9998549222946167,jpeg_q70,70
glide_00022.png,test,glide,1,1,0.9850937128067017,jpeg_q70,70
sdv5_00082.png,test,sdv5,1,1,0.9992897510528564,jpeg_q70,70
vqdm_00003.png,test,vqdm,1,0,0.29037535190582275,jpeg_q70,70
midjourney_00035.png,test,midjourney,1,1,0.500572144985199,jpeg_q70,70
glide_00031.png,test,glide,1,1,0.9999997615814209,jpeg_q70,70
vqdm_00063.png,test,vqdm,1,1,0.5527429580688477,jpeg_q70,70
wukong_00016.png,test,wukong,1,1,0.9501950740814209,jpeg_q70,70
wukong_00054.png,test,wukong,1,1,0.9999704360961914,jpeg_q70,70
biggan_00002.png,test,biggan,1,1,0.957455575466156,jpeg_q70,70
adm_00049.png,test,adm,1,1,0.9989812970161438,jpeg_q70,70
sdv5_00002.png,test,sdv5,1,1,0.9995942711830139,jpeg_q70,70
biggan_00025.png,test,biggan,1,0,0.21229510009288788,jpeg_q70,70
biggan_00071.png,test,biggan,1,0,0.37968355417251587,jpeg_q70,70
biggan_00051.png,test,biggan,1,0,0.016513114795088768,jpeg_q70,70
wukong_00081.png,test,wukong,1,1,0.8820486068725586,jpeg_q70,70
sdv5_00022.png,test,sdv5,1,1,0.9899098873138428,jpeg_q70,70
real_00486.jpeg,test,real,0,0,3.4656553907552734e-05,jpeg_q50,50
real_00382.jpeg,test,real,0,0,2.052087802439928e-05,jpeg_q50,50
real_00117.jpeg,test,real,0,0,0.2743496000766754,jpeg_q50,50
real_00354.jpeg,test,real,0,0,5.9935744502581656e-05,jpeg_q50,50
real_00076.jpeg,test,real,0,0,0.00022137352789286524,jpeg_q50,50
real_00395.jpeg,test,real,0,0,0.00017685101192910224,jpeg_q50,50
real_00348.jpeg,test,real,0,0,0.3936568796634674,jpeg_q50,50
real_00307.jpeg,test,real,0,0,7.614420205470651e-09,jpeg_q50,50
real_00438.jpeg,test,real,0,0,2.857165615210988e-10,jpeg_q50,50
real_00393.jpeg,test,real,0,0,0.008163557387888432,jpeg_q50,50
real_00566.jpeg,test,real,0,0,0.002014330355450511,jpeg_q50,50
real_00055.jpeg,test,real,0,0,0.37731680274009705,jpeg_q50,50
real_00416.jpeg,test,real,0,0,0.0005851112073287368,jpeg_q50,50
real_00304.jpeg,test,real,0,0,5.76222376480473e-08,jpeg_q50,50
real_00135.jpeg,test,real,0,0,0.06840703636407852,jpeg_q50,50
real_00387.jpeg,test,real,0,0,8.574311323172878e-07,jpeg_q50,50
real_00040.jpeg,test,real,0,0,6.313688936643302e-05,jpeg_q50,50
real_00563.jpeg,test,real,0,0,0.025349920615553856,jpeg_q50,50
real_00457.jpeg,test,real,0,1,0.588182806968689,jpeg_q50,50
real_00561.jpeg,test,real,0,0,3.789590118685737e-05,jpeg_q50,50
real_00288.jpeg,test,real,0,0,0.27800285816192627,jpeg_q50,50
real_00271.jpeg,test,real,0,0,0.0006337556405924261,jpeg_q50,50
real_00185.jpeg,test,real,0,0,0.09200194478034973,jpeg_q50,50
real_00216.jpeg,test,real,0,0,0.001352548599243164,jpeg_q50,50
real_00180.jpeg,test,real,0,1,0.5357453227043152,jpeg_q50,50
real_00189.jpeg,test,real,0,0,0.008446352556347847,jpeg_q50,50
real_00396.jpeg,test,real,0,0,0.031872350722551346,jpeg_q50,50
real_00131.jpeg,test,real,0,0,0.06111949682235718,jpeg_q50,50
real_00557.jpeg,test,real,0,0,0.0016504963859915733,jpeg_q50,50
real_00266.jpeg,test,real,0,0,7.203533982647059e-07,jpeg_q50,50
real_00207.jpeg,test,real,0,0,9.761450201040134e-06,jpeg_q50,50
real_00141.jpeg,test,real,0,1,0.9837939143180847,jpeg_q50,50
real_00407.jpeg,test,real,0,1,0.9998749494552612,jpeg_q50,50
real_00026.jpeg,test,real,0,0,0.2473519742488861,jpeg_q50,50
real_00046.jpeg,test,real,0,0,0.010850909166038036,jpeg_q50,50
real_00585.jpeg,test,real,0,0,0.0003225677937734872,jpeg_q50,50
real_00206.jpeg,test,real,0,1,0.9866580367088318,jpeg_q50,50
real_00297.jpeg,test,real,0,0,0.003544082399457693,jpeg_q50,50
real_00401.jpeg,test,real,0,0,8.173852256732062e-05,jpeg_q50,50
real_00339.jpeg,test,real,0,0,0.0003237644268665463,jpeg_q50,50
real_00403.jpeg,test,real,0,0,0.056994806975126266,jpeg_q50,50
real_00344.jpeg,test,real,0,0,8.590023935539648e-05,jpeg_q50,50
real_00560.jpeg,test,real,0,0,0.2970435619354248,jpeg_q50,50
real_00553.jpeg,test,real,0,0,0.20966830849647522,jpeg_q50,50
real_00598.jpeg,test,real,0,0,0.0007488710107281804,jpeg_q50,50
real_00497.jpeg,test,real,0,0,0.285340279340744,jpeg_q50,50
real_00253.jpeg,test,real,0,0,1.9329044522722535e-14,jpeg_q50,50
real_00577.jpeg,test,real,0,0,2.5424595150980167e-05,jpeg_q50,50
real_00394.jpeg,test,real,0,0,0.00903167575597763,jpeg_q50,50
real_00445.jpeg,test,real,0,0,0.22369259595870972,jpeg_q50,50
real_00050.jpeg,test,real,0,1,0.5582031011581421,jpeg_q50,50
real_00269.jpeg,test,real,0,0,5.876764589629602e-06,jpeg_q50,50
real_00151.jpeg,test,real,0,1,0.9375328421592712,jpeg_q50,50
real_00190.jpeg,test,real,0,0,1.1807772352767643e-05,jpeg_q50,50
real_00250.jpeg,test,real,0,0,0.005080952774733305,jpeg_q50,50
real_00257.jpeg,test,real,0,0,0.17424723505973816,jpeg_q50,50
real_00008.jpeg,test,real,0,0,0.00018445836030878127,jpeg_q50,50
real_00398.jpeg,test,real,0,0,0.005236697383224964,jpeg_q50,50
real_00322.jpeg,test,real,0,0,8.38894848129712e-05,jpeg_q50,50
real_00230.jpeg,test,real,0,0,0.305390864610672,jpeg_q50,50
real_00219.jpeg,test,real,0,0,0.14325769245624542,jpeg_q50,50
real_00550.jpeg,test,real,0,0,0.007440793327987194,jpeg_q50,50
real_00528.jpeg,test,real,0,0,0.002005675807595253,jpeg_q50,50
real_00039.jpeg,test,real,0,0,0.0021413450594991446,jpeg_q50,50
real_00274.jpeg,test,real,0,0,0.24704356491565704,jpeg_q50,50
real_00414.jpeg,test,real,0,0,0.4594195783138275,jpeg_q50,50
real_00038.jpeg,test,real,0,0,0.00016148881695698947,jpeg_q50,50
real_00434.jpeg,test,real,0,0,0.030416036024689674,jpeg_q50,50
real_00279.jpeg,test,real,0,0,0.015741784125566483,jpeg_q50,50
real_00077.jpeg,test,real,0,0,0.08955353498458862,jpeg_q50,50
real_00312.jpeg,test,real,0,1,0.6921660304069519,jpeg_q50,50
real_00482.jpeg,test,real,0,0,0.04024987667798996,jpeg_q50,50
real_00178.jpeg,test,real,0,0,0.3854897916316986,jpeg_q50,50
real_00535.jpeg,test,real,0,0,0.24587422609329224,jpeg_q50,50
real_00345.jpeg,test,real,0,0,0.005665837321430445,jpeg_q50,50
real_00019.jpeg,test,real,0,0,0.0032257481943815947,jpeg_q50,50
real_00143.jpeg,test,real,0,0,0.000512595463078469,jpeg_q50,50
real_00496.jpeg,test,real,0,0,0.09998412430286407,jpeg_q50,50
real_00522.jpeg,test,real,0,0,2.400734809787728e-14,jpeg_q50,50
real_00451.jpeg,test,real,0,0,1.876401984191034e-05,jpeg_q50,50
real_00371.jpeg,test,real,0,0,0.00026166587485931814,jpeg_q50,50
real_00060.jpeg,test,real,0,0,0.19952964782714844,jpeg_q50,50
real_00410.jpeg,test,real,0,0,0.2880614399909973,jpeg_q50,50
real_00248.jpeg,test,real,0,0,0.3816869854927063,jpeg_q50,50
real_00043.jpeg,test,real,0,1,0.9161481857299805,jpeg_q50,50
real_00104.jpeg,test,real,0,0,0.0025170554872602224,jpeg_q50,50
real_00238.jpeg,test,real,0,0,4.693393930210732e-05,jpeg_q50,50
real_00251.jpeg,test,real,0,0,0.0007908258703537285,jpeg_q50,50
real_00017.jpeg,test,real,0,0,0.0002118130651069805,jpeg_q50,50
real_00500.jpeg,test,real,0,0,0.019914688542485237,jpeg_q50,50
real_00056.jpeg,test,real,0,0,0.05911991000175476,jpeg_q50,50
real_00227.jpeg,test,real,0,0,1.628335155601235e-08,jpeg_q50,50
real_00347.jpeg,test,real,0,0,0.00014694209676235914,jpeg_q50,50
real_00176.jpeg,test,real,0,1,0.8690323233604431,jpeg_q50,50
real_00085.jpeg,test,real,0,0,0.0008872612379491329,jpeg_q50,50
real_00586.jpeg,test,real,0,0,0.0013046404346823692,jpeg_q50,50
real_00193.jpeg,test,real,0,0,3.2532020100006775e-07,jpeg_q50,50
real_00018.jpeg,test,real,0,1,0.9958458542823792,jpeg_q50,50
real_00342.jpeg,test,real,0,0,0.0047004264779388905,jpeg_q50,50
real_00359.jpeg,test,real,0,1,0.8737404942512512,jpeg_q50,50
real_00163.jpeg,test,real,0,0,0.37686067819595337,jpeg_q50,50
real_00527.jpeg,test,real,0,0,0.006805703043937683,jpeg_q50,50
real_00444.jpeg,test,real,0,0,0.0008851165184751153,jpeg_q50,50
real_00440.jpeg,test,real,0,0,0.013421661220490932,jpeg_q50,50
real_00096.jpeg,test,real,0,0,0.08233152329921722,jpeg_q50,50
real_00165.jpeg,test,real,0,0,0.08626307547092438,jpeg_q50,50
real_00576.jpeg,test,real,0,1,0.8347130417823792,jpeg_q50,50
real_00375.jpeg,test,real,0,0,0.014642668887972832,jpeg_q50,50
real_00300.jpeg,test,real,0,0,1.0110950370290084e-06,jpeg_q50,50
real_00503.jpeg,test,real,0,0,0.2337377667427063,jpeg_q50,50
real_00499.jpeg,test,real,0,0,0.019638583064079285,jpeg_q50,50
real_00283.jpeg,test,real,0,0,1.3937946278019808e-05,jpeg_q50,50
real_00160.jpeg,test,real,0,1,0.7298583984375,jpeg_q50,50
real_00260.jpeg,test,real,0,0,0.053045377135276794,jpeg_q50,50
real_00208.jpeg,test,real,0,0,1.2143832464062143e-06,jpeg_q50,50
real_00262.jpeg,test,real,0,0,0.004803231451660395,jpeg_q50,50
real_00213.jpeg,test,real,0,1,0.5691788196563721,jpeg_q50,50
real_00476.jpeg,test,real,0,0,0.001191821414977312,jpeg_q50,50
real_00092.jpeg,test,real,0,0,0.18509957194328308,jpeg_q50,50
real_00324.jpeg,test,real,0,1,0.6931743025779724,jpeg_q50,50
real_00425.jpeg,test,real,0,1,0.8261989951133728,jpeg_q50,50
real_00559.jpeg,test,real,0,0,1.3241904525784776e-05,jpeg_q50,50
real_00015.jpeg,test,real,0,0,2.214068445027806e-06,jpeg_q50,50
real_00562.jpeg,test,real,0,0,0.04335027188062668,jpeg_q50,50
real_00514.jpeg,test,real,0,0,2.067761073476504e-09,jpeg_q50,50
real_00580.jpeg,test,real,0,0,2.8934329748153687e-05,jpeg_q50,50
real_00202.jpeg,test,real,0,0,0.026876095682382584,jpeg_q50,50
real_00402.jpeg,test,real,0,0,5.6776088968035765e-06,jpeg_q50,50
real_00057.jpeg,test,real,0,0,0.00016866852820385247,jpeg_q50,50
real_00007.jpeg,test,real,0,0,0.13300979137420654,jpeg_q50,50
real_00388.jpeg,test,real,0,0,0.4498806595802307,jpeg_q50,50
real_00016.jpeg,test,real,0,0,4.57296846434474e-06,jpeg_q50,50
real_00506.jpeg,test,real,0,0,0.32500672340393066,jpeg_q50,50
real_00028.jpeg,test,real,0,0,0.000506745302118361,jpeg_q50,50
real_00572.jpeg,test,real,0,1,0.8790351748466492,jpeg_q50,50
real_00381.jpeg,test,real,0,0,0.1821811944246292,jpeg_q50,50
real_00268.jpeg,test,real,0,0,0.0025089422706514597,jpeg_q50,50
real_00512.jpeg,test,real,0,0,0.03579771891236305,jpeg_q50,50
real_00006.jpeg,test,real,0,1,0.9719017148017883,jpeg_q50,50
real_00289.jpeg,test,real,0,0,0.002869698451831937,jpeg_q50,50
real_00519.jpeg,test,real,0,0,0.00034592958400025964,jpeg_q50,50
real_00252.jpeg,test,real,0,0,3.132958590867929e-05,jpeg_q50,50
real_00211.jpeg,test,real,0,0,6.684981781290844e-05,jpeg_q50,50
real_00147.jpeg,test,real,0,0,4.5223910092317965e-06,jpeg_q50,50
real_00181.jpeg,test,real,0,1,0.9627866744995117,jpeg_q50,50
real_00458.jpeg,test,real,0,0,1.6737743862904608e-05,jpeg_q50,50
real_00329.jpeg,test,real,0,0,6.213146264144598e-08,jpeg_q50,50
real_00545.jpeg,test,real,0,0,0.013149246573448181,jpeg_q50,50
real_00568.jpeg,test,real,0,0,0.00827779620885849,jpeg_q50,50
real_00031.jpeg,test,real,0,0,0.007907089777290821,jpeg_q50,50
real_00171.jpeg,test,real,0,0,6.790824347291391e-09,jpeg_q50,50
real_00320.jpeg,test,real,0,0,0.0010896457824856043,jpeg_q50,50
real_00083.jpeg,test,real,0,0,0.001782607869245112,jpeg_q50,50
real_00012.jpeg,test,real,0,0,0.4238007962703705,jpeg_q50,50
real_00357.jpeg,test,real,0,0,8.59770443639718e-05,jpeg_q50,50
real_00346.jpeg,test,real,0,0,0.005521566607058048,jpeg_q50,50
real_00450.jpeg,test,real,0,1,0.5179780721664429,jpeg_q50,50
real_00356.jpeg,test,real,0,0,0.12127573788166046,jpeg_q50,50
real_00594.jpeg,test,real,0,0,0.007682149298489094,jpeg_q50,50
real_00048.jpeg,test,real,0,0,0.22290746867656708,jpeg_q50,50
real_00158.jpeg,test,real,0,0,0.0001541371748317033,jpeg_q50,50
real_00521.jpeg,test,real,0,0,0.1427331268787384,jpeg_q50,50
real_00285.jpeg,test,real,0,0,0.16202959418296814,jpeg_q50,50
real_00270.jpeg,test,real,0,0,0.0001458378101233393,jpeg_q50,50
real_00533.jpeg,test,real,0,0,0.12173594534397125,jpeg_q50,50
real_00494.jpeg,test,real,0,0,0.006605878937989473,jpeg_q50,50
real_00317.jpeg,test,real,0,0,0.2834259867668152,jpeg_q50,50
real_00296.jpeg,test,real,0,0,4.3361936263863754e-08,jpeg_q50,50
real_00237.jpeg,test,real,0,0,1.4108370578469476e-06,jpeg_q50,50
real_00242.jpeg,test,real,0,0,0.014322873204946518,jpeg_q50,50
real_00584.jpeg,test,real,0,1,0.9411820769309998,jpeg_q50,50
real_00570.jpeg,test,real,0,0,0.04589284583926201,jpeg_q50,50
real_00133.jpeg,test,real,0,0,0.0019518390763550997,jpeg_q50,50
real_00047.jpeg,test,real,0,0,2.3053993572830223e-05,jpeg_q50,50
real_00480.jpeg,test,real,0,0,0.0001714121171971783,jpeg_q50,50
real_00210.jpeg,test,real,0,0,8.598138083470985e-05,jpeg_q50,50
real_00301.jpeg,test,real,0,0,0.14006204903125763,jpeg_q50,50
real_00574.jpeg,test,real,0,0,0.35220658779144287,jpeg_q50,50
real_00134.jpeg,test,real,0,0,0.30620869994163513,jpeg_q50,50
real_00597.jpeg,test,real,0,1,0.9797989130020142,jpeg_q50,50
real_00281.jpeg,test,real,0,1,0.7570526599884033,jpeg_q50,50
real_00332.jpeg,test,real,0,0,0.07822813838720322,jpeg_q50,50
real_00415.jpeg,test,real,0,0,8.817750085654552e-07,jpeg_q50,50
real_00093.jpeg,test,real,0,0,0.00016616011271253228,jpeg_q50,50
real_00526.jpeg,test,real,0,0,4.454114969121292e-05,jpeg_q50,50
real_00259.jpeg,test,real,0,0,0.025882089510560036,jpeg_q50,50
real_00128.jpeg,test,real,0,0,0.09680768102407455,jpeg_q50,50
real_00173.jpeg,test,real,0,0,4.050524876220152e-05,jpeg_q50,50
real_00005.jpeg,test,real,0,0,1.5292963562174577e-09,jpeg_q50,50
real_00532.jpeg,test,real,0,1,0.9742152690887451,jpeg_q50,50
real_00061.jpeg,test,real,0,0,0.0001899413182400167,jpeg_q50,50
real_00313.jpeg,test,real,0,0,1.7226411728188396e-06,jpeg_q50,50
real_00130.jpeg,test,real,0,0,1.93777414096985e-05,jpeg_q50,50
real_00454.jpeg,test,real,0,0,3.325171928736381e-05,jpeg_q50,50
real_00204.jpeg,test,real,0,0,0.0008933162898756564,jpeg_q50,50
real_00337.jpeg,test,real,0,0,0.014048071578145027,jpeg_q50,50
real_00195.jpeg,test,real,0,0,0.0013452452840283513,jpeg_q50,50
real_00187.jpeg,test,real,0,0,3.7374877592810662e-06,jpeg_q50,50
real_00489.jpeg,test,real,0,0,2.278095735164243e-06,jpeg_q50,50
real_00385.jpeg,test,real,0,0,0.011728251352906227,jpeg_q50,50
real_00221.jpeg,test,real,0,0,3.158144318149425e-05,jpeg_q50,50
real_00027.jpeg,test,real,0,1,0.9505139589309692,jpeg_q50,50
real_00022.jpeg,test,real,0,0,1.2820021311199525e-06,jpeg_q50,50
real_00331.jpeg,test,real,0,0,0.23759186267852783,jpeg_q50,50
real_00159.jpeg,test,real,0,0,4.804927584700636e-07,jpeg_q50,50
real_00068.jpeg,test,real,0,0,0.12551414966583252,jpeg_q50,50
real_00127.jpeg,test,real,0,0,5.660814963448502e-07,jpeg_q50,50
real_00420.jpeg,test,real,0,0,0.2164001762866974,jpeg_q50,50
real_00510.jpeg,test,real,0,0,7.59421891416423e-05,jpeg_q50,50
real_00106.jpeg,test,real,0,0,0.015196197666227818,jpeg_q50,50
real_00599.jpeg,test,real,0,0,0.000288023438770324,jpeg_q50,50
real_00419.jpeg,test,real,0,0,0.0005734072183258832,jpeg_q50,50
real_00286.jpeg,test,real,0,0,0.020257005468010902,jpeg_q50,50
real_00341.jpeg,test,real,0,0,0.004239408764988184,jpeg_q50,50
real_00263.jpeg,test,real,0,0,0.0008275916916318238,jpeg_q50,50
real_00255.jpeg,test,real,0,1,0.7034155130386353,jpeg_q50,50
real_00335.jpeg,test,real,0,0,0.0001809340319596231,jpeg_q50,50
real_00174.jpeg,test,real,0,0,0.003916840068995953,jpeg_q50,50
real_00243.jpeg,test,real,0,0,0.4062592089176178,jpeg_q50,50
real_00140.jpeg,test,real,0,0,0.2859245240688324,jpeg_q50,50
real_00582.jpeg,test,real,0,0,0.0005451950710266829,jpeg_q50,50
real_00542.jpeg,test,real,0,0,0.37123024463653564,jpeg_q50,50
real_00547.jpeg,test,real,0,0,2.0581669559760485e-06,jpeg_q50,50
real_00287.jpeg,test,real,0,1,0.7781879305839539,jpeg_q50,50
real_00144.jpeg,test,real,0,0,0.019058138132095337,jpeg_q50,50
real_00214.jpeg,test,real,0,0,0.0020972266793251038,jpeg_q50,50
real_00234.jpeg,test,real,0,0,0.1649271547794342,jpeg_q50,50
real_00595.jpeg,test,real,0,0,0.000443461409304291,jpeg_q50,50
real_00075.jpeg,test,real,0,0,4.70954919506994e-09,jpeg_q50,50
real_00295.jpeg,test,real,0,0,0.0011479040840640664,jpeg_q50,50
real_00070.jpeg,test,real,0,0,0.006175559014081955,jpeg_q50,50
real_00148.jpeg,test,real,0,0,2.6774552353003855e-08,jpeg_q50,50
real_00491.jpeg,test,real,0,1,0.7922064065933228,jpeg_q50,50
real_00090.jpeg,test,real,0,0,0.0017334618605673313,jpeg_q50,50
real_00063.jpeg,test,real,0,0,0.07375627011060715,jpeg_q50,50
real_00334.jpeg,test,real,0,0,1.137654635385843e-06,jpeg_q50,50
real_00530.jpeg,test,real,0,0,0.0006870204815641046,jpeg_q50,50
real_00069.jpeg,test,real,0,0,0.00019459723262116313,jpeg_q50,50
real_00109.jpeg,test,real,0,0,5.297482896793326e-09,jpeg_q50,50
real_00321.jpeg,test,real,0,0,0.08412867784500122,jpeg_q50,50
real_00126.jpeg,test,real,0,0,0.2952859401702881,jpeg_q50,50
real_00358.jpeg,test,real,0,0,0.44071245193481445,jpeg_q50,50
real_00364.jpeg,test,real,0,0,8.078223618213087e-05,jpeg_q50,50
real_00209.jpeg,test,real,0,0,0.026843907311558723,jpeg_q50,50
real_00292.jpeg,test,real,0,0,0.10231021046638489,jpeg_q50,50
real_00473.jpeg,test,real,0,0,0.005108627490699291,jpeg_q50,50
real_00367.jpeg,test,real,0,0,0.00045788148418068886,jpeg_q50,50
real_00228.jpeg,test,real,0,0,0.009896798059344292,jpeg_q50,50
real_00463.jpeg,test,real,0,0,3.717081926879473e-05,jpeg_q50,50
real_00529.jpeg,test,real,0,1,0.9799354672431946,jpeg_q50,50
real_00376.jpeg,test,real,0,0,4.255110616213642e-05,jpeg_q50,50
real_00089.jpeg,test,real,0,0,0.016556300222873688,jpeg_q50,50
real_00409.jpeg,test,real,0,0,2.8701395422103815e-05,jpeg_q50,50
real_00456.jpeg,test,real,0,0,0.007503319997340441,jpeg_q50,50
real_00378.jpeg,test,real,0,0,0.07922611385583878,jpeg_q50,50
real_00596.jpeg,test,real,0,0,0.011200864799320698,jpeg_q50,50
real_00477.jpeg,test,real,0,0,0.0031326506286859512,jpeg_q50,50
real_00261.jpeg,test,real,0,0,3.695236591738649e-05,jpeg_q50,50
real_00273.jpeg,test,real,0,0,0.004359870683401823,jpeg_q50,50
real_00100.jpeg,test,real,0,0,2.536437726519125e-09,jpeg_q50,50
real_00080.jpeg,test,real,0,0,1.0794011359394062e-05,jpeg_q50,50
real_00009.jpeg,test,real,0,1,0.9546457529067993,jpeg_q50,50
real_00167.jpeg,test,real,0,0,5.729465946818779e-12,jpeg_q50,50
real_00571.jpeg,test,real,0,1,0.8865284323692322,jpeg_q50,50
real_00218.jpeg,test,real,0,0,2.037767626461573e-05,jpeg_q50,50
real_00355.jpeg,test,real,0,0,0.012074011377990246,jpeg_q50,50
real_00406.jpeg,test,real,0,0,0.034190818667411804,jpeg_q50,50
real_00302.jpeg,test,real,0,0,0.22832445800304413,jpeg_q50,50
real_00010.jpeg,test,real,0,1,0.8527729511260986,jpeg_q50,50
real_00405.jpeg,test,real,0,0,0.0003964090719819069,jpeg_q50,50
real_00447.jpeg,test,real,0,0,0.0004190302570350468,jpeg_q50,50
real_00379.jpeg,test,real,0,0,0.001370876794680953,jpeg_q50,50
real_00319.jpeg,test,real,0,1,0.5047404766082764,jpeg_q50,50
real_00543.jpeg,test,real,0,0,0.0032011638395488262,jpeg_q50,50
real_00539.jpeg,test,real,0,0,0.17948055267333984,jpeg_q50,50
real_00579.jpeg,test,real,0,0,0.05166320502758026,jpeg_q50,50
real_00459.jpeg,test,real,0,1,0.6795244216918945,jpeg_q50,50
real_00587.jpeg,test,real,0,0,2.1212354539557055e-08,jpeg_q50,50
real_00114.jpeg,test,real,0,0,0.0005200989544391632,jpeg_q50,50
real_00479.jpeg,test,real,0,0,0.00020356822642497718,jpeg_q50,50
real_00488.jpeg,test,real,0,0,7.864250801503658e-05,jpeg_q50,50
real_00360.jpeg,test,real,0,0,0.0005536027019843459,jpeg_q50,50
real_00363.jpeg,test,real,0,0,0.2576788663864136,jpeg_q50,50
real_00350.jpeg,test,real,0,0,1.1338181138853543e-05,jpeg_q50,50
real_00441.jpeg,test,real,0,0,0.3317389190196991,jpeg_q50,50
real_00003.jpeg,test,real,0,0,0.19236771762371063,jpeg_q50,50
real_00217.jpeg,test,real,0,0,0.0001989367592614144,jpeg_q50,50
real_00465.jpeg,test,real,0,1,0.6624066829681396,jpeg_q50,50
real_00442.jpeg,test,real,0,0,0.006370433606207371,jpeg_q50,50
real_00233.jpeg,test,real,0,0,0.002757335314527154,jpeg_q50,50
real_00161.jpeg,test,real,0,0,0.0032173790968954563,jpeg_q50,50
real_00412.jpeg,test,real,0,0,0.01848154328763485,jpeg_q50,50
real_00468.jpeg,test,real,0,0,9.685331315267831e-05,jpeg_q50,50
real_00125.jpeg,test,real,0,0,0.2110026329755783,jpeg_q50,50
real_00186.jpeg,test,real,0,0,2.4503547138010617e-06,jpeg_q50,50
real_00172.jpeg,test,real,0,0,1.358698500553146e-05,jpeg_q50,50
real_00467.jpeg,test,real,0,0,0.0008898933883756399,jpeg_q50,50
real_00323.jpeg,test,real,0,0,1.6531881783521385e-06,jpeg_q50,50
real_00203.jpeg,test,real,0,0,0.005559599492698908,jpeg_q50,50
real_00552.jpeg,test,real,0,0,0.0010760121513158083,jpeg_q50,50
real_00034.jpeg,test,real,0,0,0.0058108228258788586,jpeg_q50,50
real_00142.jpeg,test,real,0,0,0.12425622344017029,jpeg_q50,50
real_00059.jpeg,test,real,0,0,1.1699685273924842e-05,jpeg_q50,50
real_00021.jpeg,test,real,0,0,0.12750670313835144,jpeg_q50,50
real_00525.jpeg,test,real,0,0,0.00038803729694336653,jpeg_q50,50
real_00275.jpeg,test,real,0,0,0.4401039779186249,jpeg_q50,50
real_00430.jpeg,test,real,0,0,0.0003787647874560207,jpeg_q50,50
real_00349.jpeg,test,real,0,0,8.208869985537603e-06,jpeg_q50,50
real_00373.jpeg,test,real,0,0,0.02309230901300907,jpeg_q50,50
real_00078.jpeg,test,real,0,0,0.049727413803339005,jpeg_q50,50
real_00437.jpeg,test,real,0,0,2.14671240428288e-06,jpeg_q50,50
real_00520.jpeg,test,real,0,0,4.4532527681440115e-05,jpeg_q50,50
real_00564.jpeg,test,real,0,0,0.00092723174020648,jpeg_q50,50
real_00578.jpeg,test,real,0,0,0.0007802252075634897,jpeg_q50,50
real_00225.jpeg,test,real,0,0,0.0032293149270117283,jpeg_q50,50
real_00232.jpeg,test,real,0,0,4.374900072434684e-06,jpeg_q50,50
real_00194.jpeg,test,real,0,0,3.757348251975934e-11,jpeg_q50,50
real_00278.jpeg,test,real,0,0,0.0002290031115990132,jpeg_q50,50
real_00168.jpeg,test,real,0,0,0.00013011913688387722,jpeg_q50,50
real_00145.jpeg,test,real,0,0,0.4627271592617035,jpeg_q50,50
real_00495.jpeg,test,real,0,0,8.07988690212369e-05,jpeg_q50,50
real_00236.jpeg,test,real,0,0,0.0013470889534801245,jpeg_q50,50
real_00121.jpeg,test,real,0,0,0.001881122007034719,jpeg_q50,50
real_00455.jpeg,test,real,0,0,0.014630138874053955,jpeg_q50,50
real_00177.jpeg,test,real,0,1,0.5507597923278809,jpeg_q50,50
real_00485.jpeg,test,real,0,0,0.000536809500772506,jpeg_q50,50
real_00136.jpeg,test,real,0,0,0.06393469125032425,jpeg_q50,50
real_00054.jpeg,test,real,0,0,3.646030791060184e-06,jpeg_q50,50
real_00470.jpeg,test,real,0,0,2.769046886896831e-06,jpeg_q50,50
real_00118.jpeg,test,real,0,0,9.838073538048775e-07,jpeg_q50,50
real_00153.jpeg,test,real,0,0,0.027077320963144302,jpeg_q50,50
real_00384.jpeg,test,real,0,0,0.0007191922632046044,jpeg_q50,50
real_00115.jpeg,test,real,0,0,0.041893817484378815,jpeg_q50,50
real_00101.jpeg,test,real,0,0,0.14945396780967712,jpeg_q50,50
real_00327.jpeg,test,real,0,0,0.2732951045036316,jpeg_q50,50
real_00164.jpeg,test,real,0,0,0.0006163300713524222,jpeg_q50,50
real_00538.jpeg,test,real,0,0,0.0005855201161466539,jpeg_q50,50
real_00049.jpeg,test,real,0,0,0.3781835436820984,jpeg_q50,50
real_00544.jpeg,test,real,0,0,0.0038379894103854895,jpeg_q50,50
real_00154.jpeg,test,real,0,0,2.504035379047309e-08,jpeg_q50,50
real_00215.jpeg,test,real,0,0,0.1999267041683197,jpeg_q50,50
real_00124.jpeg,test,real,0,0,9.539171514916234e-07,jpeg_q50,50
real_00223.jpeg,test,real,0,0,0.05761978402733803,jpeg_q50,50
real_00065.jpeg,test,real,0,0,0.0029576413799077272,jpeg_q50,50
real_00282.jpeg,test,real,0,0,1.5597888705087826e-05,jpeg_q50,50
real_00267.jpeg,test,real,0,0,0.0023552444763481617,jpeg_q50,50
real_00343.jpeg,test,real,0,0,0.05354836955666542,jpeg_q50,50
real_00421.jpeg,test,real,0,0,8.515335658820788e-11,jpeg_q50,50
real_00531.jpeg,test,real,0,0,8.73804310685955e-05,jpeg_q50,50
real_00575.jpeg,test,real,0,0,0.0011453982442617416,jpeg_q50,50
real_00290.jpeg,test,real,0,0,4.321853339206427e-06,jpeg_q50,50
real_00336.jpeg,test,real,0,0,6.061514312705185e-08,jpeg_q50,50
real_00306.jpeg,test,real,0,0,0.1264083981513977,jpeg_q50,50
real_00231.jpeg,test,real,0,0,0.0018320769304409623,jpeg_q50,50
real_00002.jpeg,test,real,0,0,0.15516269207000732,jpeg_q50,50
real_00504.jpeg,test,real,0,0,0.020249057561159134,jpeg_q50,50
real_00536.jpeg,test,real,0,0,5.115246559661557e-10,jpeg_q50,50
real_00362.jpeg,test,real,0,0,0.00037698415690101683,jpeg_q50,50
real_00199.jpeg,test,real,0,0,0.006084928754717112,jpeg_q50,50
real_00023.jpeg,test,real,0,0,5.363731906982139e-05,jpeg_q50,50
real_00433.jpeg,test,real,0,0,0.10720069706439972,jpeg_q50,50
real_00484.jpeg,test,real,0,1,0.5034675002098083,jpeg_q50,50
real_00110.jpeg,test,real,0,0,9.985086944652721e-05,jpeg_q50,50
real_00305.jpeg,test,real,0,1,0.7342019081115723,jpeg_q50,50
real_00352.jpeg,test,real,0,0,0.002149470616132021,jpeg_q50,50
real_00256.jpeg,test,real,0,0,0.007808230817317963,jpeg_q50,50
real_00404.jpeg,test,real,0,0,4.419155084178783e-05,jpeg_q50,50
real_00523.jpeg,test,real,0,0,0.18246614933013916,jpeg_q50,50
real_00513.jpeg,test,real,0,0,0.3868476152420044,jpeg_q50,50
real_00108.jpeg,test,real,0,0,0.01264867652207613,jpeg_q50,50
real_00119.jpeg,test,real,0,0,0.12291081994771957,jpeg_q50,50
real_00511.jpeg,test,real,0,0,0.09894535690546036,jpeg_q50,50
real_00073.jpeg,test,real,0,0,8.568098230909982e-09,jpeg_q50,50
real_00469.jpeg,test,real,0,0,0.0009801991982385516,jpeg_q50,50
real_00035.jpeg,test,real,0,0,2.8097790050196636e-07,jpeg_q50,50
real_00427.jpeg,test,real,0,0,2.724006435528281e-06,jpeg_q50,50
real_00000.jpeg,test,real,0,0,0.0008058317471295595,jpeg_q50,50
real_00066.jpeg,test,real,0,0,6.297814252320677e-05,jpeg_q50,50
real_00052.jpeg,test,real,0,0,7.188167728600092e-06,jpeg_q50,50
real_00483.jpeg,test,real,0,0,3.3647686450422043e-06,jpeg_q50,50
real_00020.jpeg,test,real,0,1,0.7244613170623779,jpeg_q50,50
real_00540.jpeg,test,real,0,0,0.005128867458552122,jpeg_q50,50
real_00383.jpeg,test,real,0,0,0.0008885132265277207,jpeg_q50,50
real_00129.jpeg,test,real,0,0,1.5188969882728998e-05,jpeg_q50,50
real_00505.jpeg,test,real,0,0,3.758760316885379e-11,jpeg_q50,50
real_00517.jpeg,test,real,0,0,0.000401934637920931,jpeg_q50,50
real_00291.jpeg,test,real,0,0,0.00012159277684986591,jpeg_q50,50
real_00328.jpeg,test,real,0,0,0.4799407422542572,jpeg_q50,50
real_00082.jpeg,test,real,0,0,2.9541349704231834e-06,jpeg_q50,50
real_00413.jpeg,test,real,0,0,0.0002783627714961767,jpeg_q50,50
real_00201.jpeg,test,real,0,0,0.06036100909113884,jpeg_q50,50
real_00422.jpeg,test,real,0,1,0.5810009837150574,jpeg_q50,50
real_00481.jpeg,test,real,0,1,0.9548414945602417,jpeg_q50,50
real_00249.jpeg,test,real,0,0,1.225347750732908e-05,jpeg_q50,50
real_00591.jpeg,test,real,0,1,0.7993898987770081,jpeg_q50,50
real_00103.jpeg,test,real,0,0,0.1588115245103836,jpeg_q50,50
real_00058.jpeg,test,real,0,0,1.6030082861107076e-07,jpeg_q50,50
real_00029.jpeg,test,real,0,0,0.3136990964412689,jpeg_q50,50
real_00551.jpeg,test,real,0,0,0.003910692408680916,jpeg_q50,50
real_00453.jpeg,test,real,0,1,1.0,jpeg_q50,50
real_00041.jpeg,test,real,0,0,0.0007808053051121533,jpeg_q50,50
real_00316.jpeg,test,real,0,0,0.0005125489551573992,jpeg_q50,50
real_00449.jpeg,test,real,0,0,0.001107976771891117,jpeg_q50,50
real_00198.jpeg,test,real,0,0,0.004917995538562536,jpeg_q50,50
real_00310.jpeg,test,real,0,0,0.008401775732636452,jpeg_q50,50
real_00205.jpeg,test,real,0,0,1.1835379609692609e-06,jpeg_q50,50
real_00011.jpeg,test,real,0,0,0.006130585912615061,jpeg_q50,50
real_00556.jpeg,test,real,0,0,0.002669921377673745,jpeg_q50,50
real_00294.jpeg,test,real,0,0,3.9884369471110404e-05,jpeg_q50,50
real_00112.jpeg,test,real,0,1,0.8462337851524353,jpeg_q50,50
real_00170.jpeg,test,real,0,0,8.256137516582385e-05,jpeg_q50,50
real_00569.jpeg,test,real,0,0,1.7302281776210293e-05,jpeg_q50,50
real_00318.jpeg,test,real,0,0,0.0007579619414173067,jpeg_q50,50
real_00397.jpeg,test,real,0,0,0.00046232674503698945,jpeg_q50,50
real_00014.jpeg,test,real,0,0,0.011431518010795116,jpeg_q50,50
real_00196.jpeg,test,real,0,0,6.074710233536923e-15,jpeg_q50,50
real_00191.jpeg,test,real,0,1,0.7415621876716614,jpeg_q50,50
real_00192.jpeg,test,real,0,0,2.8481318281592394e-07,jpeg_q50,50
real_00353.jpeg,test,real,0,1,0.7893441319465637,jpeg_q50,50
real_00254.jpeg,test,real,0,0,7.462743815267459e-05,jpeg_q50,50
real_00169.jpeg,test,real,0,0,6.2919125412008725e-06,jpeg_q50,50
real_00370.jpeg,test,real,0,0,3.123253433656714e-09,jpeg_q50,50
real_00004.jpeg,test,real,0,0,0.041341155767440796,jpeg_q50,50
real_00368.jpeg,test,real,0,0,0.19117258489131927,jpeg_q50,50
real_00417.jpeg,test,real,0,0,0.11647112667560577,jpeg_q50,50
real_00333.jpeg,test,real,0,0,1.786788743629586e-05,jpeg_q50,50
real_00123.jpeg,test,real,0,0,0.003478290280327201,jpeg_q50,50
real_00380.jpeg,test,real,0,0,1.1549394002940971e-05,jpeg_q50,50
real_00179.jpeg,test,real,0,0,0.0006758145173080266,jpeg_q50,50
real_00400.jpeg,test,real,0,0,0.0013949688291177154,jpeg_q50,50
real_00369.jpeg,test,real,0,0,0.04917800426483154,jpeg_q50,50
real_00051.jpeg,test,real,0,0,0.16429390013217926,jpeg_q50,50
real_00097.jpeg,test,real,0,0,2.4329179723281413e-05,jpeg_q50,50
real_00515.jpeg,test,real,0,0,0.018942061811685562,jpeg_q50,50
real_00446.jpeg,test,real,0,0,0.0012054190738126636,jpeg_q50,50
real_00155.jpeg,test,real,0,0,0.003881477750837803,jpeg_q50,50
real_00277.jpeg,test,real,0,0,0.0005498233949765563,jpeg_q50,50
real_00098.jpeg,test,real,0,0,0.00010011201084125787,jpeg_q50,50
real_00107.jpeg,test,real,0,0,0.09370008856058121,jpeg_q50,50
real_00087.jpeg,test,real,0,0,5.625915036944207e-06,jpeg_q50,50
real_00565.jpeg,test,real,0,0,2.4854185376455007e-10,jpeg_q50,50
real_00280.jpeg,test,real,0,0,8.092887583188713e-06,jpeg_q50,50
real_00507.jpeg,test,real,0,0,1.8020938341578585e-07,jpeg_q50,50
real_00326.jpeg,test,real,0,0,0.07393715530633926,jpeg_q50,50
real_00244.jpeg,test,real,0,0,1.1404773826717562e-11,jpeg_q50,50
real_00033.jpeg,test,real,0,0,0.0014351787976920605,jpeg_q50,50
real_00064.jpeg,test,real,0,0,1.4648539270467609e-08,jpeg_q50,50
real_00013.jpeg,test,real,0,0,1.1737722793725425e-08,jpeg_q50,50
real_00183.jpeg,test,real,0,1,0.5313326716423035,jpeg_q50,50
real_00030.jpeg,test,real,0,0,0.00011554644879652187,jpeg_q50,50
real_00474.jpeg,test,real,0,0,6.814947823841067e-07,jpeg_q50,50
real_00558.jpeg,test,real,0,0,0.01723039522767067,jpeg_q50,50
real_00088.jpeg,test,real,0,0,0.010211753658950329,jpeg_q50,50
real_00436.jpeg,test,real,0,1,0.6025497913360596,jpeg_q50,50
real_00518.jpeg,test,real,0,0,1.2030969628540333e-05,jpeg_q50,50
real_00111.jpeg,test,real,0,0,0.00012016225809929892,jpeg_q50,50
real_00122.jpeg,test,real,0,0,0.37734028697013855,jpeg_q50,50
real_00461.jpeg,test,real,0,0,0.02358483336865902,jpeg_q50,50
real_00239.jpeg,test,real,0,0,0.0013512643054127693,jpeg_q50,50
real_00408.jpeg,test,real,0,0,0.00011577076656976715,jpeg_q50,50
real_00460.jpeg,test,real,0,0,0.02240486815571785,jpeg_q50,50
real_00138.jpeg,test,real,0,0,0.000660864869132638,jpeg_q50,50
real_00429.jpeg,test,real,0,0,0.00034441097523085773,jpeg_q50,50
real_00462.jpeg,test,real,0,0,2.1269416783376016e-10,jpeg_q50,50
real_00113.jpeg,test,real,0,1,0.5516197681427002,jpeg_q50,50
real_00391.jpeg,test,real,0,0,9.11450624698773e-05,jpeg_q50,50
real_00303.jpeg,test,real,0,0,2.250614898002823e-06,jpeg_q50,50
real_00592.jpeg,test,real,0,0,1.6078637485132246e-16,jpeg_q50,50
real_00157.jpeg,test,real,0,0,0.026383381336927414,jpeg_q50,50
real_00475.jpeg,test,real,0,0,2.140596006938722e-05,jpeg_q50,50
real_00071.jpeg,test,real,0,0,0.10009191185235977,jpeg_q50,50
real_00235.jpeg,test,real,0,0,0.0001394532446283847,jpeg_q50,50
real_00067.jpeg,test,real,0,0,1.8906694094766863e-05,jpeg_q50,50
real_00502.jpeg,test,real,0,0,0.01419747807085514,jpeg_q50,50
real_00099.jpeg,test,real,0,0,0.0007982554379850626,jpeg_q50,50
real_00508.jpeg,test,real,0,0,0.0027393053751438856,jpeg_q50,50
real_00036.jpeg,test,real,0,0,0.0019411883549764752,jpeg_q50,50
real_00149.jpeg,test,real,0,0,1.7067499413769838e-07,jpeg_q50,50
real_00220.jpeg,test,real,0,0,0.008842543698847294,jpeg_q50,50
real_00418.jpeg,test,real,0,0,0.001974351005628705,jpeg_q50,50
real_00466.jpeg,test,real,0,0,0.11430012434720993,jpeg_q50,50
real_00120.jpeg,test,real,0,0,0.0012313072802498937,jpeg_q50,50
real_00139.jpeg,test,real,0,0,0.05399860069155693,jpeg_q50,50
real_00589.jpeg,test,real,0,1,0.9866776466369629,jpeg_q50,50
real_00276.jpeg,test,real,0,0,0.028376784175634384,jpeg_q50,50
real_00377.jpeg,test,real,0,0,0.14418058097362518,jpeg_q50,50
real_00175.jpeg,test,real,0,0,0.2329164296388626,jpeg_q50,50
real_00001.jpeg,test,real,0,0,4.3177165935048833e-05,jpeg_q50,50
real_00424.jpeg,test,real,0,0,5.7114950323011726e-05,jpeg_q50,50
real_00197.jpeg,test,real,0,0,7.579142402391881e-05,jpeg_q50,50
real_00246.jpeg,test,real,0,0,0.007699886336922646,jpeg_q50,50
real_00325.jpeg,test,real,0,0,0.04042369872331619,jpeg_q50,50
real_00150.jpeg,test,real,0,0,3.4079613442372647e-07,jpeg_q50,50
real_00501.jpeg,test,real,0,0,1.010942867196718e-07,jpeg_q50,50
real_00428.jpeg,test,real,0,0,0.001722715562209487,jpeg_q50,50
real_00222.jpeg,test,real,0,0,0.2742235064506531,jpeg_q50,50
real_00045.jpeg,test,real,0,0,0.00903371162712574,jpeg_q50,50
real_00338.jpeg,test,real,0,0,2.5696697775856592e-05,jpeg_q50,50
real_00390.jpeg,test,real,0,0,0.004081642720848322,jpeg_q50,50
real_00062.jpeg,test,real,0,0,7.05134152667597e-05,jpeg_q50,50
real_00426.jpeg,test,real,0,0,4.885256930720061e-05,jpeg_q50,50
real_00247.jpeg,test,real,0,0,0.09699729830026627,jpeg_q50,50
real_00152.jpeg,test,real,0,0,0.004183685872703791,jpeg_q50,50
real_00156.jpeg,test,real,0,0,0.0006151750567369163,jpeg_q50,50
real_00084.jpeg,test,real,0,0,0.008630394004285336,jpeg_q50,50
real_00212.jpeg,test,real,0,0,0.10984767228364944,jpeg_q50,50
real_00184.jpeg,test,real,0,0,0.014592647552490234,jpeg_q50,50
real_00309.jpeg,test,real,0,0,0.0013509509153664112,jpeg_q50,50
real_00423.jpeg,test,real,0,0,0.4381200075149536,jpeg_q50,50
real_00095.jpeg,test,real,0,0,0.0005865584826096892,jpeg_q50,50
real_00264.jpeg,test,real,0,0,0.0056991265155375,jpeg_q50,50
real_00105.jpeg,test,real,0,0,0.041368477046489716,jpeg_q50,50
real_00024.jpeg,test,real,0,0,8.442138010877898e-08,jpeg_q50,50
real_00293.jpeg,test,real,0,0,9.881978257908486e-06,jpeg_q50,50
real_00311.jpeg,test,real,0,0,0.00020391051657497883,jpeg_q50,50
real_00032.jpeg,test,real,0,0,0.16498473286628723,jpeg_q50,50
real_00374.jpeg,test,real,0,0,0.00023952373885549605,jpeg_q50,50
real_00492.jpeg,test,real,0,0,0.0008817527559585869,jpeg_q50,50
real_00162.jpeg,test,real,0,0,0.008001639507710934,jpeg_q50,50
real_00588.jpeg,test,real,0,0,0.001967967487871647,jpeg_q50,50
real_00411.jpeg,test,real,0,0,0.007166452240198851,jpeg_q50,50
real_00241.jpeg,test,real,0,0,0.12275756150484085,jpeg_q50,50
real_00432.jpeg,test,real,0,1,0.5027365684509277,jpeg_q50,50
real_00025.jpeg,test,real,0,0,0.005361228249967098,jpeg_q50,50
real_00079.jpeg,test,real,0,0,0.4269753694534302,jpeg_q50,50
real_00351.jpeg,test,real,0,0,0.01952369697391987,jpeg_q50,50
real_00590.jpeg,test,real,0,0,9.971191502700094e-06,jpeg_q50,50
real_00240.jpeg,test,real,0,0,0.0009832531213760376,jpeg_q50,50
real_00583.jpeg,test,real,0,0,0.0012365886941552162,jpeg_q50,50
real_00116.jpeg,test,real,0,0,0.18358445167541504,jpeg_q50,50
real_00081.jpeg,test,real,0,0,0.005623458884656429,jpeg_q50,50
real_00224.jpeg,test,real,0,0,0.05937914177775383,jpeg_q50,50
real_00372.jpeg,test,real,0,0,0.0034344459418207407,jpeg_q50,50
real_00074.jpeg,test,real,0,0,0.004271342419087887,jpeg_q50,50
real_00555.jpeg,test,real,0,0,1.5153247659327462e-05,jpeg_q50,50
real_00399.jpeg,test,real,0,0,8.488965249853209e-06,jpeg_q50,50
real_00308.jpeg,test,real,0,0,0.01974395662546158,jpeg_q50,50
real_00132.jpeg,test,real,0,0,0.061981718987226486,jpeg_q50,50
real_00478.jpeg,test,real,0,0,1.7261570974369533e-05,jpeg_q50,50
real_00435.jpeg,test,real,0,0,2.2760362128337874e-07,jpeg_q50,50
real_00072.jpeg,test,real,0,0,0.06403038650751114,jpeg_q50,50
real_00037.jpeg,test,real,0,1,0.7943967580795288,jpeg_q50,50
real_00272.jpeg,test,real,0,0,0.19643138349056244,jpeg_q50,50
real_00102.jpeg,test,real,0,0,0.060795750468969345,jpeg_q50,50
real_00044.jpeg,test,real,0,0,0.08281121402978897,jpeg_q50,50
real_00546.jpeg,test,real,0,0,0.049570899456739426,jpeg_q50,50
real_00146.jpeg,test,real,0,0,0.0011253312695771456,jpeg_q50,50
real_00361.jpeg,test,real,0,0,0.0006286497809924185,jpeg_q50,50
real_00498.jpeg,test,real,0,0,0.010359324514865875,jpeg_q50,50
real_00567.jpeg,test,real,0,0,4.941615543430089e-07,jpeg_q50,50
real_00229.jpeg,test,real,0,0,0.0016147394198924303,jpeg_q50,50
real_00573.jpeg,test,real,0,0,0.0001318082504440099,jpeg_q50,50
real_00452.jpeg,test,real,0,0,0.0849134549498558,jpeg_q50,50
real_00258.jpeg,test,real,0,0,0.019187206402420998,jpeg_q50,50
real_00581.jpeg,test,real,0,0,0.04315917193889618,jpeg_q50,50
real_00340.jpeg,test,real,0,0,0.15852755308151245,jpeg_q50,50
real_00516.jpeg,test,real,0,0,4.739240555551305e-09,jpeg_q50,50
real_00524.jpeg,test,real,0,0,0.0027130211237818003,jpeg_q50,50
real_00554.jpeg,test,real,0,0,0.007857829332351685,jpeg_q50,50
real_00299.jpeg,test,real,0,0,2.3138586158211183e-08,jpeg_q50,50
real_00439.jpeg,test,real,0,0,9.137742017628625e-05,jpeg_q50,50
real_00166.jpeg,test,real,0,0,0.0005592486122623086,jpeg_q50,50
real_00392.jpeg,test,real,0,0,0.0003062457253690809,jpeg_q50,50
real_00086.jpeg,test,real,0,0,1.5830421034479514e-05,jpeg_q50,50
real_00537.jpeg,test,real,0,1,0.5324602127075195,jpeg_q50,50
real_00431.jpeg,test,real,0,0,3.52670639358621e-07,jpeg_q50,50
real_00389.jpeg,test,real,0,0,2.6040929412829428e-08,jpeg_q50,50
real_00534.jpeg,test,real,0,0,6.604984150726523e-07,jpeg_q50,50
real_00541.jpeg,test,real,0,0,1.025089613193586e-08,jpeg_q50,50
real_00094.jpeg,test,real,0,1,0.9346051216125488,jpeg_q50,50
real_00226.jpeg,test,real,0,0,0.0017970161279663444,jpeg_q50,50
real_00200.jpeg,test,real,0,0,0.006552654784172773,jpeg_q50,50
real_00330.jpeg,test,real,0,0,2.1144182937860023e-06,jpeg_q50,50
real_00091.jpeg,test,real,0,1,0.7787864804267883,jpeg_q50,50
real_00472.jpeg,test,real,0,0,1.3556983313733895e-09,jpeg_q50,50
real_00493.jpeg,test,real,0,0,0.0003395690582692623,jpeg_q50,50
real_00053.jpeg,test,real,0,0,5.732576080497154e-10,jpeg_q50,50
real_00298.jpeg,test,real,0,0,0.18840591609477997,jpeg_q50,50
real_00366.jpeg,test,real,0,0,0.002078054705634713,jpeg_q50,50
real_00182.jpeg,test,real,0,0,3.089068559347652e-05,jpeg_q50,50
real_00490.jpeg,test,real,0,0,0.004632824100553989,jpeg_q50,50
real_00593.jpeg,test,real,0,0,0.37083402276039124,jpeg_q50,50
real_00137.jpeg,test,real,0,0,0.0004935988690704107,jpeg_q50,50
real_00314.jpeg,test,real,0,0,0.059492968022823334,jpeg_q50,50
real_00471.jpeg,test,real,0,0,0.016269080340862274,jpeg_q50,50
real_00365.jpeg,test,real,0,0,0.0015488362405449152,jpeg_q50,50
real_00042.jpeg,test,real,0,0,1.7082088277220464e-07,jpeg_q50,50
real_00448.jpeg,test,real,0,0,0.3445736765861511,jpeg_q50,50
real_00188.jpeg,test,real,0,0,0.00012885061732959002,jpeg_q50,50
real_00245.jpeg,test,real,0,0,0.036227066069841385,jpeg_q50,50
real_00509.jpeg,test,real,0,0,2.128240703314077e-05,jpeg_q50,50
real_00265.jpeg,test,real,0,0,0.0035446854308247566,jpeg_q50,50
real_00443.jpeg,test,real,0,0,0.0006515965797007084,jpeg_q50,50
real_00284.jpeg,test,real,0,0,0.006494099739938974,jpeg_q50,50
real_00386.jpeg,test,real,0,0,1.0284667951054871e-05,jpeg_q50,50
real_00548.jpeg,test,real,0,0,3.367317503943923e-06,jpeg_q50,50
real_00487.jpeg,test,real,0,0,0.006033493671566248,jpeg_q50,50
real_00549.jpeg,test,real,0,0,0.32931309938430786,jpeg_q50,50
real_00315.jpeg,test,real,0,0,0.0011031653266400099,jpeg_q50,50
real_00464.jpeg,test,real,0,0,0.004289527423679829,jpeg_q50,50
midjourney_00068.png,test,midjourney,1,0,0.0008115342352539301,jpeg_q50,50
vqdm_00062.png,test,vqdm,1,1,0.7928102612495422,jpeg_q50,50
adm_00019.png,test,adm,1,1,0.9594241380691528,jpeg_q50,50
midjourney_00077.png,test,midjourney,1,0,0.000674516661092639,jpeg_q50,50
adm_00074.png,test,adm,1,1,0.9997640252113342,jpeg_q50,50
wukong_00038.png,test,wukong,1,1,0.9998964071273804,jpeg_q50,50
biggan_00049.png,test,biggan,1,0,0.20465606451034546,jpeg_q50,50
midjourney_00036.png,test,midjourney,1,0,0.168294295668602,jpeg_q50,50
glide_00074.png,test,glide,1,0,0.11998971551656723,jpeg_q50,50
sdv5_00043.png,test,sdv5,1,0,0.16117790341377258,jpeg_q50,50
wukong_00067.png,test,wukong,1,1,0.9947670698165894,jpeg_q50,50
vqdm_00041.png,test,vqdm,1,0,0.13211743533611298,jpeg_q50,50
wukong_00066.png,test,wukong,1,0,0.26131471991539,jpeg_q50,50
vqdm_00061.png,test,vqdm,1,1,0.999849796295166,jpeg_q50,50
biggan_00010.png,test,biggan,1,0,0.19583314657211304,jpeg_q50,50
midjourney_00011.png,test,midjourney,1,1,0.9983342289924622,jpeg_q50,50
adm_00067.png,test,adm,1,1,0.9976677298545837,jpeg_q50,50
adm_00063.png,test,adm,1,1,0.983523428440094,jpeg_q50,50
wukong_00015.png,test,wukong,1,1,0.9640400409698486,jpeg_q50,50
vqdm_00004.png,test,vqdm,1,0,0.49109041690826416,jpeg_q50,50
midjourney_00005.png,test,midjourney,1,0,0.4483424425125122,jpeg_q50,50
adm_00014.png,test,adm,1,1,0.9999831914901733,jpeg_q50,50
glide_00069.png,test,glide,1,0,0.002481238916516304,jpeg_q50,50
vqdm_00010.png,test,vqdm,1,1,0.9999998807907104,jpeg_q50,50
sdv5_00046.png,test,sdv5,1,1,0.9946609139442444,jpeg_q50,50
wukong_00023.png,test,wukong,1,1,0.7461138963699341,jpeg_q50,50
midjourney_00074.png,test,midjourney,1,1,0.7152684330940247,jpeg_q50,50
midjourney_00039.png,test,midjourney,1,1,0.8810304403305054,jpeg_q50,50
vqdm_00024.png,test,vqdm,1,1,0.7269026041030884,jpeg_q50,50
wukong_00075.png,test,wukong,1,1,0.8578156232833862,jpeg_q50,50
biggan_00050.png,test,biggan,1,1,0.9713096618652344,jpeg_q50,50
midjourney_00059.png,test,midjourney,1,1,0.8503488302230835,jpeg_q50,50
biggan_00029.png,test,biggan,1,0,1.2720322047243826e-05,jpeg_q50,50
sdv5_00039.png,test,sdv5,1,1,0.7657499313354492,jpeg_q50,50
glide_00061.png,test,glide,1,0,0.020235568284988403,jpeg_q50,50
biggan_00012.png,test,biggan,1,0,0.0196793582290411,jpeg_q50,50
biggan_00080.png,test,biggan,1,1,0.9992867112159729,jpeg_q50,50
glide_00053.png,test,glide,1,0,0.09979896992444992,jpeg_q50,50
vqdm_00006.png,test,vqdm,1,1,0.6219586730003357,jpeg_q50,50
adm_00023.png,test,adm,1,1,0.9999827146530151,jpeg_q50,50
sdv5_00054.png,test,sdv5,1,1,0.9772956967353821,jpeg_q50,50
midjourney_00021.png,test,midjourney,1,1,0.9923836588859558,jpeg_q50,50
vqdm_00065.png,test,vqdm,1,0,0.010367676615715027,jpeg_q50,50
biggan_00055.png,test,biggan,1,0,0.001380415866151452,jpeg_q50,50
wukong_00003.png,test,wukong,1,1,0.997377872467041,jpeg_q50,50
biggan_00022.png,test,biggan,1,0,0.002192124957218766,jpeg_q50,50
biggan_00081.png,test,biggan,1,0,0.17393729090690613,jpeg_q50,50
vqdm_00049.png,test,vqdm,1,1,0.7468202710151672,jpeg_q50,50
sdv5_00076.png,test,sdv5,1,1,0.9997594952583313,jpeg_q50,50
vqdm_00011.png,test,vqdm,1,1,0.6531517505645752,jpeg_q50,50
adm_00039.png,test,adm,1,1,0.9999886751174927,jpeg_q50,50
glide_00023.png,test,glide,1,0,0.048265472054481506,jpeg_q50,50
sdv5_00063.png,test,sdv5,1,1,0.99665367603302,jpeg_q50,50
biggan_00059.png,test,biggan,1,1,0.6257818341255188,jpeg_q50,50
glide_00015.png,test,glide,1,1,0.9054090976715088,jpeg_q50,50
wukong_00047.png,test,wukong,1,1,0.8450484275817871,jpeg_q50,50
vqdm_00037.png,test,vqdm,1,1,0.9394382834434509,jpeg_q50,50
wukong_00080.png,test,wukong,1,1,0.9999680519104004,jpeg_q50,50
midjourney_00076.png,test,midjourney,1,1,0.9897420406341553,jpeg_q50,50
sdv5_00061.png,test,sdv5,1,1,0.9999929666519165,jpeg_q50,50
adm_00029.png,test,adm,1,1,0.9936361312866211,jpeg_q50,50
glide_00039.png,test,glide,1,1,0.8114901185035706,jpeg_q50,50
adm_00072.png,test,adm,1,0,0.0433124415576458,jpeg_q50,50
sdv5_00051.png,test,sdv5,1,1,0.9999945163726807,jpeg_q50,50
sdv5_00066.png,test,sdv5,1,1,0.8856812715530396,jpeg_q50,50
midjourney_00078.png,test,midjourney,1,1,0.9999721050262451,jpeg_q50,50
vqdm_00017.png,test,vqdm,1,0,0.019356850534677505,jpeg_q50,50
sdv5_00073.png,test,sdv5,1,1,0.962890088558197,jpeg_q50,50
midjourney_00045.png,test,midjourney,1,1,0.6971955299377441,jpeg_q50,50
vqdm_00073.png,test,vqdm,1,0,0.1953192502260208,jpeg_q50,50
sdv5_00008.png,test,sdv5,1,1,0.9998619556427002,jpeg_q50,50
midjourney_00061.png,test,midjourney,1,0,0.013684147968888283,jpeg_q50,50
adm_00015.png,test,adm,1,1,0.9999648332595825,jpeg_q50,50
vqdm_00068.png,test,vqdm,1,0,0.0014469492016360164,jpeg_q50,50
midjourney_00053.png,test,midjourney,1,1,0.9999827146530151,jpeg_q50,50
sdv5_00050.png,test,sdv5,1,1,0.997788667678833,jpeg_q50,50
glide_00050.png,test,glide,1,1,0.7547602653503418,jpeg_q50,50
midjourney_00069.png,test,midjourney,1,1,0.5092684030532837,jpeg_q50,50
glide_00038.png,test,glide,1,0,0.2279358208179474,jpeg_q50,50
biggan_00011.png,test,biggan,1,0,8.731894195079803e-05,jpeg_q50,50
biggan_00082.png,test,biggan,1,1,0.8770536184310913,jpeg_q50,50
wukong_00005.png,test,wukong,1,1,0.9999560117721558,jpeg_q50,50
wukong_00014.png,test,wukong,1,1,0.9996347427368164,jpeg_q50,50
midjourney_00071.png,test,midjourney,1,0,0.0018123077461495996,jpeg_q50,50
midjourney_00009.png,test,midjourney,1,1,0.6267215013504028,jpeg_q50,50
midjourney_00044.png,test,midjourney,1,1,0.9587206244468689,jpeg_q50,50
biggan_00017.png,test,biggan,1,1,0.8040534257888794,jpeg_q50,50
glide_00082.png,test,glide,1,0,0.05708532780408859,jpeg_q50,50
glide_00037.png,test,glide,1,0,0.043642278760671616,jpeg_q50,50
adm_00027.png,test,adm,1,1,0.9980973601341248,jpeg_q50,50
midjourney_00024.png,test,midjourney,1,1,0.9998558759689331,jpeg_q50,50
glide_00033.png,test,glide,1,0,0.2690020799636841,jpeg_q50,50
midjourney_00007.png,test,midjourney,1,1,0.9747944474220276,jpeg_q50,50
sdv5_00072.png,test,sdv5,1,1,0.6422845125198364,jpeg_q50,50
wukong_00022.png,test,wukong,1,1,0.992460310459137,jpeg_q50,50
vqdm_00032.png,test,vqdm,1,0,3.220443250029348e-05,jpeg_q50,50
glide_00009.png,test,glide,1,1,0.8236440420150757,jpeg_q50,50
biggan_00030.png,test,biggan,1,0,0.01536470651626587,jpeg_q50,50
wukong_00057.png,test,wukong,1,1,0.9813149571418762,jpeg_q50,50
adm_00079.png,test,adm,1,1,0.9999974966049194,jpeg_q50,50
vqdm_00031.png,test,vqdm,1,1,0.9917498230934143,jpeg_q50,50
glide_00010.png,test,glide,1,1,1.0,jpeg_q50,50
wukong_00009.png,test,wukong,1,1,0.9840905070304871,jpeg_q50,50
glide_00013.png,test,glide,1,0,0.00037628435529768467,jpeg_q50,50
vqdm_00023.png,test,vqdm,1,0,0.06684158742427826,jpeg_q50,50
sdv5_00011.png,test,sdv5,1,1,0.5779815316200256,jpeg_q50,50
sdv5_00047.png,test,sdv5,1,1,0.99977046251297,jpeg_q50,50
sdv5_00009.png,test,sdv5,1,1,0.9425470232963562,jpeg_q50,50
sdv5_00010.png,test,sdv5,1,1,0.9817258715629578,jpeg_q50,50
glide_00076.png,test,glide,1,0,0.3420926034450531,jpeg_q50,50
adm_00081.png,test,adm,1,1,0.9965764880180359,jpeg_q50,50
sdv5_00023.png,test,sdv5,1,1,0.9990397095680237,jpeg_q50,50
biggan_00003.png,test,biggan,1,0,0.015189633704721928,jpeg_q50,50
wukong_00061.png,test,wukong,1,1,0.8559573292732239,jpeg_q50,50
adm_00085.png,test,adm,1,0,0.11169373989105225,jpeg_q50,50
midjourney_00014.png,test,midjourney,1,1,0.9102610349655151,jpeg_q50,50
vqdm_00042.png,test,vqdm,1,0,0.03178909793496132,jpeg_q50,50
wukong_00076.png,test,wukong,1,1,0.999148964881897,jpeg_q50,50
vqdm_00035.png,test,vqdm,1,0,0.004517507739365101,jpeg_q50,50
sdv5_00037.png,test,sdv5,1,1,0.9064307808876038,jpeg_q50,50
biggan_00000.png,test,biggan,1,0,0.10804376006126404,jpeg_q50,50
sdv5_00053.png,test,sdv5,1,1,0.9998327493667603,jpeg_q50,50
midjourney_00034.png,test,midjourney,1,1,0.9937947988510132,jpeg_q50,50
wukong_00033.png,test,wukong,1,1,0.9856575131416321,jpeg_q50,50
glide_00011.png,test,glide,1,0,0.10974176228046417,jpeg_q50,50
glide_00008.png,test,glide,1,1,0.6369385719299316,jpeg_q50,50
adm_00044.png,test,adm,1,0,0.4300287365913391,jpeg_q50,50
sdv5_00029.png,test,sdv5,1,1,0.9999754428863525,jpeg_q50,50
sdv5_00081.png,test,sdv5,1,1,0.9999445676803589,jpeg_q50,50
sdv5_00040.png,test,sdv5,1,1,0.6745412349700928,jpeg_q50,50
adm_00042.png,test,adm,1,1,0.7657109498977661,jpeg_q50,50
sdv5_00059.png,test,sdv5,1,1,0.9396389722824097,jpeg_q50,50
wukong_00017.png,test,wukong,1,1,0.999891996383667,jpeg_q50,50
wukong_00058.png,test,wukong,1,1,0.9999310970306396,jpeg_q50,50
adm_00086.png,test,adm,1,1,0.9996814727783203,jpeg_q50,50
midjourney_00049.png,test,midjourney,1,1,0.9571188688278198,jpeg_q50,50
midjourney_00065.png,test,midjourney,1,1,0.9999997615814209,jpeg_q50,50
midjourney_00006.png,test,midjourney,1,1,0.9831460118293762,jpeg_q50,50
wukong_00079.png,test,wukong,1,1,0.9989393353462219,jpeg_q50,50
sdv5_00085.png,test,sdv5,1,1,0.9999916553497314,jpeg_q50,50
sdv5_00065.png,test,sdv5,1,1,0.9523073434829712,jpeg_q50,50
wukong_00037.png,test,wukong,1,1,0.9828285574913025,jpeg_q50,50
biggan_00032.png,test,biggan,1,0,0.0009319689124822617,jpeg_q50,50
wukong_00011.png,test,wukong,1,1,0.9999667406082153,jpeg_q50,50
biggan_00053.png,test,biggan,1,1,0.997102677822113,jpeg_q50,50
sdv5_00005.png,test,sdv5,1,1,0.9611218571662903,jpeg_q50,50
adm_00057.png,test,adm,1,1,0.6899085640907288,jpeg_q50,50
wukong_00024.png,test,wukong,1,1,0.9865418672561646,jpeg_q50,50
glide_00056.png,test,glide,1,1,0.9892259240150452,jpeg_q50,50
adm_00004.png,test,adm,1,1,0.9998974800109863,jpeg_q50,50
midjourney_00081.png,test,midjourney,1,0,0.00023966720618773252,jpeg_q50,50
sdv5_00083.png,test,sdv5,1,0,0.005785276647657156,jpeg_q50,50
glide_00042.png,test,glide,1,1,0.5697295665740967,jpeg_q50,50
glide_00029.png,test,glide,1,0,0.03230788931250572,jpeg_q50,50
vqdm_00022.png,test,vqdm,1,0,0.16485726833343506,jpeg_q50,50
adm_00007.png,test,adm,1,1,0.7560265064239502,jpeg_q50,50
vqdm_00082.png,test,vqdm,1,0,0.009583402425050735,jpeg_q50,50
glide_00052.png,test,glide,1,1,0.9497681856155396,jpeg_q50,50
adm_00066.png,test,adm,1,1,0.8359403014183044,jpeg_q50,50
sdv5_00026.png,test,sdv5,1,0,0.23050186038017273,jpeg_q50,50
wukong_00004.png,test,wukong,1,1,0.9999910593032837,jpeg_q50,50
wukong_00034.png,test,wukong,1,1,0.9978320002555847,jpeg_q50,50
adm_00073.png,test,adm,1,1,0.9774389863014221,jpeg_q50,50
sdv5_00056.png,test,sdv5,1,1,0.8994319438934326,jpeg_q50,50
adm_00050.png,test,adm,1,1,0.9338962435722351,jpeg_q50,50
biggan_00004.png,test,biggan,1,0,0.23248393833637238,jpeg_q50,50
midjourney_00063.png,test,midjourney,1,1,0.8768320083618164,jpeg_q50,50
glide_00007.png,test,glide,1,0,0.019591111689805984,jpeg_q50,50
vqdm_00059.png,test,vqdm,1,0,0.0867718756198883,jpeg_q50,50
midjourney_00051.png,test,midjourney,1,0,0.03758581727743149,jpeg_q50,50
adm_00040.png,test,adm,1,1,0.794246256351471,jpeg_q50,50
vqdm_00046.png,test,vqdm,1,0,0.09704889357089996,jpeg_q50,50
glide_00071.png,test,glide,1,1,0.5916571617126465,jpeg_q50,50
midjourney_00040.png,test,midjourney,1,1,0.6241005063056946,jpeg_q50,50
biggan_00056.png,test,biggan,1,1,0.7693657875061035,jpeg_q50,50
wukong_00030.png,test,wukong,1,1,0.9137593507766724,jpeg_q50,50
adm_00045.png,test,adm,1,0,0.43182089924812317,jpeg_q50,50
vqdm_00069.png,test,vqdm,1,0,0.19312894344329834,jpeg_q50,50
sdv5_00013.png,test,sdv5,1,1,0.9588004946708679,jpeg_q50,50
adm_00058.png,test,adm,1,1,0.929600715637207,jpeg_q50,50
biggan_00037.png,test,biggan,1,1,0.9999798536300659,jpeg_q50,50
vqdm_00039.png,test,vqdm,1,1,0.9789958000183105,jpeg_q50,50
sdv5_00034.png,test,sdv5,1,1,0.9992243051528931,jpeg_q50,50
glide_00047.png,test,glide,1,1,0.7070194482803345,jpeg_q50,50
biggan_00063.png,test,biggan,1,0,0.003263246500864625,jpeg_q50,50
glide_00045.png,test,glide,1,1,0.9724822044372559,jpeg_q50,50
wukong_00027.png,test,wukong,1,1,0.9897218346595764,jpeg_q50,50
vqdm_00027.png,test,vqdm,1,0,0.025650450959801674,jpeg_q50,50
glide_00024.png,test,glide,1,1,0.6903258562088013,jpeg_q50,50
wukong_00085.png,test,wukong,1,1,0.9987358450889587,jpeg_q50,50
glide_00043.png,test,glide,1,0,0.3050832450389862,jpeg_q50,50
vqdm_00055.png,test,vqdm,1,1,0.8194881677627563,jpeg_q50,50
midjourney_00057.png,test,midjourney,1,1,0.9997854828834534,jpeg_q50,50
wukong_00062.png,test,wukong,1,1,0.7662627696990967,jpeg_q50,50
sdv5_00007.png,test,sdv5,1,1,0.9975506663322449,jpeg_q50,50
biggan_00043.png,test,biggan,1,0,4.081810038769618e-05,jpeg_q50,50
adm_00083.png,test,adm,1,1,0.9944478273391724,jpeg_q50,50
adm_00052.png,test,adm,1,1,0.9995651841163635,jpeg_q50,50
wukong_00032.png,test,wukong,1,1,0.9775677919387817,jpeg_q50,50
midjourney_00047.png,test,midjourney,1,1,0.9997888207435608,jpeg_q50,50
midjourney_00072.png,test,midjourney,1,1,0.999370276927948,jpeg_q50,50
wukong_00010.png,test,wukong,1,1,0.9779815077781677,jpeg_q50,50
sdv5_00021.png,test,sdv5,1,1,0.9776891469955444,jpeg_q50,50
biggan_00009.png,test,biggan,1,1,0.869895339012146,jpeg_q50,50
wukong_00043.png,test,wukong,1,1,0.9998908042907715,jpeg_q50,50
vqdm_00034.png,test,vqdm,1,1,0.5839014053344727,jpeg_q50,50
biggan_00023.png,test,biggan,1,1,0.8324002623558044,jpeg_q50,50
glide_00080.png,test,glide,1,1,0.9914037585258484,jpeg_q50,50
midjourney_00008.png,test,midjourney,1,0,0.2344452440738678,jpeg_q50,50
biggan_00024.png,test,biggan,1,1,0.857602059841156,jpeg_q50,50
midjourney_00002.png,test,midjourney,1,1,0.7443789839744568,jpeg_q50,50
midjourney_00000.png,test,midjourney,1,1,0.5032272338867188,jpeg_q50,50
adm_00084.png,test,adm,1,1,0.9999947547912598,jpeg_q50,50
biggan_00042.png,test,biggan,1,0,0.28511977195739746,jpeg_q50,50
wukong_00018.png,test,wukong,1,1,0.9997872710227966,jpeg_q50,50
vqdm_00021.png,test,vqdm,1,1,0.8384348154067993,jpeg_q50,50
sdv5_00057.png,test,sdv5,1,1,0.9110246300697327,jpeg_q50,50
midjourney_00029.png,test,midjourney,1,1,0.7873028516769409,jpeg_q50,50
sdv5_00004.png,test,sdv5,1,0,0.21665389835834503,jpeg_q50,50
wukong_00063.png,test,wukong,1,0,0.038036543875932693,jpeg_q50,50
glide_00057.png,test,glide,1,1,0.7592880725860596,jpeg_q50,50
wukong_00074.png,test,wukong,1,0,0.45557984709739685,jpeg_q50,50
adm_00070.png,test,adm,1,0,0.0004613082855939865,jpeg_q50,50
midjourney_00018.png,test,midjourney,1,1,0.9951074123382568,jpeg_q50,50
vqdm_00081.png,test,vqdm,1,0,0.020721860229969025,jpeg_q50,50
vqdm_00075.png,test,vqdm,1,0,0.10901195555925369,jpeg_q50,50
glide_00059.png,test,glide,1,0,0.04573684185743332,jpeg_q50,50
vqdm_00002.png,test,vqdm,1,0,0.2382131814956665,jpeg_q50,50
biggan_00045.png,test,biggan,1,1,0.6121500730514526,jpeg_q50,50
sdv5_00075.png,test,sdv5,1,1,0.9797389507293701,jpeg_q50,50
sdv5_00055.png,test,sdv5,1,0,0.025265244767069817,jpeg_q50,50
wukong_00013.png,test,wukong,1,1,0.9995453953742981,jpeg_q50,50
adm_00068.png,test,adm,1,1,0.959341287612915,jpeg_q50,50
midjourney_00010.png,test,midjourney,1,0,0.05065840110182762,jpeg_q50,50
midjourney_00030.png,test,midjourney,1,1,0.9941714406013489,jpeg_q50,50
sdv5_00074.png,test,sdv5,1,1,0.9999978542327881,jpeg_q50,50
vqdm_00072.png,test,vqdm,1,1,0.9549328088760376,jpeg_q50,50
wukong_00031.png,test,wukong,1,1,0.9999027252197266,jpeg_q50,50
vqdm_00080.png,test,vqdm,1,1,0.7670965194702148,jpeg_q50,50
midjourney_00043.png,test,midjourney,1,0,0.02706427499651909,jpeg_q50,50
vqdm_00001.png,test,vqdm,1,1,0.7928621768951416,jpeg_q50,50
glide_00021.png,test,glide,1,1,0.9993230104446411,jpeg_q50,50
midjourney_00037.png,test,midjourney,1,0,0.0056553371250629425,jpeg_q50,50
biggan_00031.png,test,biggan,1,0,0.0025468962267041206,jpeg_q50,50
wukong_00072.png,test,wukong,1,1,0.9762431979179382,jpeg_q50,50
midjourney_00055.png,test,midjourney,1,1,0.9938818216323853,jpeg_q50,50
glide_00070.png,test,glide,1,1,0.9997887015342712,jpeg_q50,50
biggan_00057.png,test,biggan,1,0,0.13745947182178497,jpeg_q50,50
midjourney_00075.png,test,midjourney,1,1,0.9973082542419434,jpeg_q50,50
vqdm_00048.png,test,vqdm,1,1,0.9841474294662476,jpeg_q50,50
glide_00034.png,test,glide,1,1,0.9956949949264526,jpeg_q50,50
sdv5_00078.png,test,sdv5,1,1,0.90024334192276,jpeg_q50,50
midjourney_00062.png,test,midjourney,1,1,0.6016836762428284,jpeg_q50,50
adm_00031.png,test,adm,1,0,0.18888944387435913,jpeg_q50,50
midjourney_00026.png,test,midjourney,1,0,0.3646591305732727,jpeg_q50,50
vqdm_00000.png,test,vqdm,1,0,0.4818408787250519,jpeg_q50,50
adm_00020.png,test,adm,1,1,0.6569336652755737,jpeg_q50,50
adm_00012.png,test,adm,1,1,0.9990553259849548,jpeg_q50,50
adm_00030.png,test,adm,1,1,0.972220242023468,jpeg_q50,50
midjourney_00070.png,test,midjourney,1,1,0.505735456943512,jpeg_q50,50
adm_00041.png,test,adm,1,1,0.9998292922973633,jpeg_q50,50
adm_00078.png,test,adm,1,1,0.9981722831726074,jpeg_q50,50
wukong_00068.png,test,wukong,1,1,0.9809483289718628,jpeg_q50,50
biggan_00008.png,test,biggan,1,0,0.05546101927757263,jpeg_q50,50
adm_00069.png,test,adm,1,1,0.9998706579208374,jpeg_q50,50
vqdm_00056.png,test,vqdm,1,1,0.997763991355896,jpeg_q50,50
sdv5_00036.png,test,sdv5,1,1,0.9924295544624329,jpeg_q50,50
vqdm_00079.png,test,vqdm,1,0,0.027733730152249336,jpeg_q50,50
midjourney_00017.png,test,midjourney,1,0,0.2530425190925598,jpeg_q50,50
biggan_00033.png,test,biggan,1,0,0.057377707213163376,jpeg_q50,50
biggan_00018.png,test,biggan,1,1,0.6894312500953674,jpeg_q50,50
sdv5_00001.png,test,sdv5,1,1,0.6007040739059448,jpeg_q50,50
sdv5_00020.png,test,sdv5,1,1,0.9486972689628601,jpeg_q50,50
biggan_00048.png,test,biggan,1,1,0.9874245524406433,jpeg_q50,50
biggan_00058.png,test,biggan,1,1,0.9718136787414551,jpeg_q50,50
midjourney_00066.png,test,midjourney,1,0,0.22169804573059082,jpeg_q50,50
midjourney_00080.png,test,midjourney,1,0,0.036412570625543594,jpeg_q50,50
adm_00005.png,test,adm,1,1,0.9919043183326721,jpeg_q50,50
adm_00003.png,test,adm,1,1,0.9991415739059448,jpeg_q50,50
adm_00024.png,test,adm,1,1,0.9867932200431824,jpeg_q50,50
sdv5_00000.png,test,sdv5,1,1,0.9997161030769348,jpeg_q50,50
biggan_00001.png,test,biggan,1,0,0.014110767282545567,jpeg_q50,50
vqdm_00014.png,test,vqdm,1,1,0.9863613843917847,jpeg_q50,50
biggan_00028.png,test,biggan,1,1,0.940284788608551,jpeg_q50,50
midjourney_00028.png,test,midjourney,1,0,0.020335525274276733,jpeg_q50,50
biggan_00027.png,test,biggan,1,1,0.8077362775802612,jpeg_q50,50
sdv5_00049.png,test,sdv5,1,1,0.9986478686332703,jpeg_q50,50
vqdm_00029.png,test,vqdm,1,1,0.530292809009552,jpeg_q50,50
adm_00035.png,test,adm,1,1,0.9853024482727051,jpeg_q50,50
adm_00011.png,test,adm,1,1,0.9999074935913086,jpeg_q50,50
biggan_00078.png,test,biggan,1,1,0.8354823589324951,jpeg_q50,50
midjourney_00013.png,test,midjourney,1,1,0.9887428283691406,jpeg_q50,50
sdv5_00067.png,test,sdv5,1,1,0.969287633895874,jpeg_q50,50
biggan_00006.png,test,biggan,1,0,0.002711634384468198,jpeg_q50,50
vqdm_00078.png,test,vqdm,1,0,0.00778977433219552,jpeg_q50,50
glide_00049.png,test,glide,1,0,0.01755799725651741,jpeg_q50,50
midjourney_00050.png,test,midjourney,1,1,0.999492883682251,jpeg_q50,50
glide_00017.png,test,glide,1,1,0.977082371711731,jpeg_q50,50
wukong_00008.png,test,wukong,1,1,0.9999728202819824,jpeg_q50,50
sdv5_00014.png,test,sdv5,1,1,0.9495426416397095,jpeg_q50,50
biggan_00052.png,test,biggan,1,0,0.0009208517149090767,jpeg_q50,50
wukong_00059.png,test,wukong,1,1,0.9884123206138611,jpeg_q50,50
glide_00078.png,test,glide,1,1,0.9799893498420715,jpeg_q50,50
adm_00034.png,test,adm,1,1,0.9999679327011108,jpeg_q50,50
wukong_00006.png,test,wukong,1,1,0.7672516703605652,jpeg_q50,50
biggan_00046.png,test,biggan,1,1,0.9999979734420776,jpeg_q50,50
wukong_00073.png,test,wukong,1,1,0.7457791566848755,jpeg_q50,50
midjourney_00046.png,test,midjourney,1,1,0.9754102230072021,jpeg_q50,50
glide_00068.png,test,glide,1,0,0.05768540874123573,jpeg_q50,50
midjourney_00058.png,test,midjourney,1,1,0.536504864692688,jpeg_q50,50
glide_00001.png,test,glide,1,1,0.65709388256073,jpeg_q50,50
glide_00041.png,test,glide,1,1,1.0,jpeg_q50,50
glide_00014.png,test,glide,1,0,0.015573986805975437,jpeg_q50,50
adm_00013.png,test,adm,1,1,0.9248173236846924,jpeg_q50,50
glide_00063.png,test,glide,1,0,0.22102531790733337,jpeg_q50,50
wukong_00045.png,test,wukong,1,1,0.9962678551673889,jpeg_q50,50
biggan_00079.png,test,biggan,1,1,0.9285914301872253,jpeg_q50,50
adm_00002.png,test,adm,1,1,1.0,jpeg_q50,50
midjourney_00041.png,test,midjourney,1,1,0.7574229836463928,jpeg_q50,50
vqdm_00044.png,test,vqdm,1,0,0.3345808982849121,jpeg_q50,50
adm_00043.png,test,adm,1,0,0.04211121052503586,jpeg_q50,50
sdv5_00017.png,test,sdv5,1,1,0.9960935711860657,jpeg_q50,50
vqdm_00052.png,test,vqdm,1,0,0.033590201288461685,jpeg_q50,50
adm_00036.png,test,adm,1,1,0.9953308701515198,jpeg_q50,50
biggan_00083.png,test,biggan,1,0,0.3381176292896271,jpeg_q50,50
glide_00020.png,test,glide,1,1,0.9999904632568359,jpeg_q50,50
midjourney_00054.png,test,midjourney,1,0,0.10236933827400208,jpeg_q50,50
adm_00032.png,test,adm,1,1,0.9985136389732361,jpeg_q50,50
glide_00058.png,test,glide,1,1,0.8425295948982239,jpeg_q50,50
vqdm_00008.png,test,vqdm,1,1,0.914409875869751,jpeg_q50,50
adm_00026.png,test,adm,1,1,0.9924758076667786,jpeg_q50,50
midjourney_00082.png,test,midjourney,1,1,0.5445536971092224,jpeg_q50,50
wukong_00012.png,test,wukong,1,1,0.7064113616943359,jpeg_q50,50
glide_00048.png,test,glide,1,0,0.022030429914593697,jpeg_q50,50
midjourney_00033.png,test,midjourney,1,1,0.9997847676277161,jpeg_q50,50
vqdm_00060.png,test,vqdm,1,0,0.2836987376213074,jpeg_q50,50
wukong_00052.png,test,wukong,1,1,0.9999971389770508,jpeg_q50,50
adm_00021.png,test,adm,1,0,0.002984844846650958,jpeg_q50,50
wukong_00042.png,test,wukong,1,1,0.8769335746765137,jpeg_q50,50
vqdm_00071.png,test,vqdm,1,1,0.9799760580062866,jpeg_q50,50
glide_00026.png,test,glide,1,1,0.9997590184211731,jpeg_q50,50
biggan_00019.png,test,biggan,1,1,0.6422625780105591,jpeg_q50,50
glide_00051.png,test,glide,1,0,0.489343523979187,jpeg_q50,50
adm_00056.png,test,adm,1,1,0.9899262189865112,jpeg_q50,50
glide_00012.png,test,glide,1,1,0.9377585053443909,jpeg_q50,50
adm_00017.png,test,adm,1,0,0.036709945648908615,jpeg_q50,50
wukong_00020.png,test,wukong,1,1,0.9895749688148499,jpeg_q50,50
sdv5_00069.png,test,sdv5,1,1,0.9419925212860107,jpeg_q50,50
vqdm_00064.png,test,vqdm,1,0,0.0033749728463590145,jpeg_q50,50
wukong_00050.png,test,wukong,1,1,0.9586441516876221,jpeg_q50,50
glide_00032.png,test,glide,1,0,0.0985499694943428,jpeg_q50,50
glide_00040.png,test,glide,1,1,0.5768262147903442,jpeg_q50,50
glide_00064.png,test,glide,1,0,0.001061058253981173,jpeg_q50,50
adm_00016.png,test,adm,1,1,0.6020949482917786,jpeg_q50,50
biggan_00066.png,test,biggan,1,1,0.9604814648628235,jpeg_q50,50
vqdm_00013.png,test,vqdm,1,0,0.0014212541282176971,jpeg_q50,50
sdv5_00024.png,test,sdv5,1,1,0.9556483030319214,jpeg_q50,50
sdv5_00030.png,test,sdv5,1,1,0.9714645743370056,jpeg_q50,50
wukong_00051.png,test,wukong,1,1,0.9902520179748535,jpeg_q50,50
sdv5_00077.png,test,sdv5,1,1,0.9999785423278809,jpeg_q50,50
biggan_00013.png,test,biggan,1,0,0.09615030884742737,jpeg_q50,50
wukong_00064.png,test,wukong,1,1,0.9999849796295166,jpeg_q50,50
vqdm_00025.png,test,vqdm,1,0,0.0007016718154773116,jpeg_q50,50
glide_00002.png,test,glide,1,0,0.46800118684768677,jpeg_q50,50
midjourney_00079.png,test,midjourney,1,0,0.33652064204216003,jpeg_q50,50
wukong_00039.png,test,wukong,1,1,0.5418344140052795,jpeg_q50,50
vqdm_00020.png,test,vqdm,1,1,0.9427027106285095,jpeg_q50,50
sdv5_00032.png,test,sdv5,1,1,0.9927986860275269,jpeg_q50,50
sdv5_00003.png,test,sdv5,1,0,0.04726229980587959,jpeg_q50,50
wukong_00078.png,test,wukong,1,1,0.9669786095619202,jpeg_q50,50
wukong_00065.png,test,wukong,1,1,0.9997972846031189,jpeg_q50,50
biggan_00014.png,test,biggan,1,0,0.003753433935344219,jpeg_q50,50
adm_00006.png,test,adm,1,1,0.9999076128005981,jpeg_q50,50
wukong_00056.png,test,wukong,1,1,0.9999719858169556,jpeg_q50,50
biggan_00005.png,test,biggan,1,1,0.7205350995063782,jpeg_q50,50
wukong_00002.png,test,wukong,1,1,0.6299646496772766,jpeg_q50,50
wukong_00055.png,test,wukong,1,0,0.025024496018886566,jpeg_q50,50
sdv5_00016.png,test,sdv5,1,1,0.7516146898269653,jpeg_q50,50
biggan_00065.png,test,biggan,1,0,0.00034272088669240475,jpeg_q50,50
vqdm_00019.png,test,vqdm,1,0,0.2942275106906891,jpeg_q50,50
adm_00038.png,test,adm,1,1,0.9625516533851624,jpeg_q50,50
sdv5_00044.png,test,sdv5,1,1,0.7574251890182495,jpeg_q50,50
midjourney_00084.png,test,midjourney,1,1,0.9997817873954773,jpeg_q50,50
midjourney_00025.png,test,midjourney,1,0,0.02811933308839798,jpeg_q50,50
biggan_00061.png,test,biggan,1,0,0.09732115268707275,jpeg_q50,50
sdv5_00071.png,test,sdv5,1,1,0.9999865293502808,jpeg_q50,50
biggan_00074.png,test,biggan,1,0,0.24508380889892578,jpeg_q50,50
vqdm_00077.png,test,vqdm,1,0,0.03731422871351242,jpeg_q50,50
midjourney_00001.png,test,midjourney,1,1,0.9973888993263245,jpeg_q50,50
biggan_00069.png,test,biggan,1,0,0.016745997592806816,jpeg_q50,50
glide_00005.png,test,glide,1,1,0.9527238607406616,jpeg_q50,50
sdv5_00015.png,test,sdv5,1,1,0.7439953088760376,jpeg_q50,50
vqdm_00012.png,test,vqdm,1,1,0.5197965502738953,jpeg_q50,50
wukong_00077.png,test,wukong,1,0,0.497702956199646,jpeg_q50,50
midjourney_00023.png,test,midjourney,1,0,0.06753632426261902,jpeg_q50,50
sdv5_00045.png,test,sdv5,1,1,0.9236894845962524,jpeg_q50,50
adm_00033.png,test,adm,1,1,0.9889413714408875,jpeg_q50,50
wukong_00083.png,test,wukong,1,1,0.9755700826644897,jpeg_q50,50
biggan_00034.png,test,biggan,1,0,0.15767380595207214,jpeg_q50,50
biggan_00070.png,test,biggan,1,0,0.0003162803768645972,jpeg_q50,50
biggan_00076.png,test,biggan,1,0,0.049342960119247437,jpeg_q50,50
midjourney_00067.png,test,midjourney,1,1,0.5665356516838074,jpeg_q50,50
biggan_00062.png,test,biggan,1,1,0.8791465759277344,jpeg_q50,50
midjourney_00027.png,test,midjourney,1,1,0.9513869285583496,jpeg_q50,50
biggan_00077.png,test,biggan,1,0,0.0001607100130058825,jpeg_q50,50
wukong_00053.png,test,wukong,1,1,0.9999995231628418,jpeg_q50,50
sdv5_00080.png,test,sdv5,1,1,1.0,jpeg_q50,50
glide_00035.png,test,glide,1,0,1.0965584351652069e-07,jpeg_q50,50
adm_00022.png,test,adm,1,1,0.9998051524162292,jpeg_q50,50
vqdm_00070.png,test,vqdm,1,0,0.00037670345045626163,jpeg_q50,50
wukong_00019.png,test,wukong,1,1,0.7552585005760193,jpeg_q50,50
glide_00036.png,test,glide,1,0,0.005743562709540129,jpeg_q50,50
adm_00054.png,test,adm,1,1,0.999962329864502,jpeg_q50,50
glide_00060.png,test,glide,1,0,0.08442093431949615,jpeg_q50,50
adm_00061.png,test,adm,1,1,0.9945045113563538,jpeg_q50,50
vqdm_00028.png,test,vqdm,1,0,0.001066214288584888,jpeg_q50,50
vqdm_00026.png,test,vqdm,1,0,0.15212807059288025,jpeg_q50,50
vqdm_00054.png,test,vqdm,1,0,0.00010400266182841733,jpeg_q50,50
biggan_00021.png,test,biggan,1,0,0.01173454336822033,jpeg_q50,50
vqdm_00005.png,test,vqdm,1,1,0.9990655779838562,jpeg_q50,50
glide_00055.png,test,glide,1,0,0.09499197453260422,jpeg_q50,50
biggan_00075.png,test,biggan,1,0,0.020336639136075974,jpeg_q50,50
wukong_00046.png,test,wukong,1,1,1.0,jpeg_q50,50
wukong_00084.png,test,wukong,1,1,0.7816777229309082,jpeg_q50,50
wukong_00025.png,test,wukong,1,1,0.9857844710350037,jpeg_q50,50
vqdm_00009.png,test,vqdm,1,1,0.9456761479377747,jpeg_q50,50
glide_00019.png,test,glide,1,1,0.9806910753250122,jpeg_q50,50
biggan_00040.png,test,biggan,1,1,0.803482174873352,jpeg_q50,50
vqdm_00007.png,test,vqdm,1,0,0.000879265193361789,jpeg_q50,50
vqdm_00076.png,test,vqdm,1,0,0.28606417775154114,jpeg_q50,50
glide_00066.png,test,glide,1,0,0.0003063999174628407,jpeg_q50,50
biggan_00073.png,test,biggan,1,0,0.050718970596790314,jpeg_q50,50
glide_00072.png,test,glide,1,1,0.9268225431442261,jpeg_q50,50
midjourney_00038.png,test,midjourney,1,1,0.5201176404953003,jpeg_q50,50
vqdm_00016.png,test,vqdm,1,0,5.268424985160891e-08,jpeg_q50,50
glide_00006.png,test,glide,1,1,0.984169602394104,jpeg_q50,50
glide_00065.png,test,glide,1,0,0.016591481864452362,jpeg_q50,50
adm_00055.png,test,adm,1,1,0.9689770936965942,jpeg_q50,50
midjourney_00073.png,test,midjourney,1,0,0.2543705403804779,jpeg_q50,50
midjourney_00020.png,test,midjourney,1,1,0.7197965979576111,jpeg_q50,50
sdv5_00012.png,test,sdv5,1,1,0.9999831914901733,jpeg_q50,50
wukong_00028.png,test,wukong,1,1,0.9567336440086365,jpeg_q50,50
midjourney_00056.png,test,midjourney,1,1,0.6433855891227722,jpeg_q50,50
vqdm_00067.png,test,vqdm,1,0,3.6206085951562272e-06,jpeg_q50,50
adm_00037.png,test,adm,1,1,0.9999984502792358,jpeg_q50,50
adm_00064.png,test,adm,1,1,0.7549511790275574,jpeg_q50,50
vqdm_00084.png,test,vqdm,1,1,0.9315920472145081,jpeg_q50,50
sdv5_00052.png,test,sdv5,1,1,0.997799813747406,jpeg_q50,50
biggan_00035.png,test,biggan,1,1,0.8965877890586853,jpeg_q50,50
vqdm_00043.png,test,vqdm,1,0,0.47833406925201416,jpeg_q50,50
adm_00028.png,test,adm,1,1,0.9254529476165771,jpeg_q50,50
glide_00027.png,test,glide,1,1,0.6747851967811584,jpeg_q50,50
sdv5_00042.png,test,sdv5,1,1,0.9979590177536011,jpeg_q50,50
glide_00084.png,test,glide,1,1,0.7757520079612732,jpeg_q50,50
sdv5_00025.png,test,sdv5,1,1,0.9564804434776306,jpeg_q50,50
adm_00009.png,test,adm,1,1,0.9885373115539551,jpeg_q50,50
sdv5_00031.png,test,sdv5,1,1,0.9999990463256836,jpeg_q50,50
wukong_00000.png,test,wukong,1,1,0.985511302947998,jpeg_q50,50
wukong_00069.png,test,wukong,1,1,0.6267644762992859,jpeg_q50,50
biggan_00015.png,test,biggan,1,0,0.0006655246252194047,jpeg_q50,50
glide_00062.png,test,glide,1,1,0.5306263566017151,jpeg_q50,50
adm_00076.png,test,adm,1,1,0.9990431666374207,jpeg_q50,50
vqdm_00015.png,test,vqdm,1,0,0.3654327392578125,jpeg_q50,50
sdv5_00079.png,test,sdv5,1,1,0.9996798038482666,jpeg_q50,50
glide_00083.png,test,glide,1,1,0.9831559658050537,jpeg_q50,50
biggan_00039.png,test,biggan,1,1,0.9673790335655212,jpeg_q50,50
adm_00080.png,test,adm,1,1,1.0,jpeg_q50,50
midjourney_00064.png,test,midjourney,1,1,0.9996362924575806,jpeg_q50,50
sdv5_00070.png,test,sdv5,1,1,0.9658321738243103,jpeg_q50,50
glide_00073.png,test,glide,1,1,0.7030798196792603,jpeg_q50,50
vqdm_00018.png,test,vqdm,1,1,0.9992057681083679,jpeg_q50,50
adm_00053.png,test,adm,1,1,0.8404150605201721,jpeg_q50,50
biggan_00084.png,test,biggan,1,0,0.06683234870433807,jpeg_q50,50
adm_00018.png,test,adm,1,1,0.9713250398635864,jpeg_q50,50
sdv5_00018.png,test,sdv5,1,1,0.9861968159675598,jpeg_q50,50
biggan_00020.png,test,biggan,1,0,0.17744524776935577,jpeg_q50,50
vqdm_00066.png,test,vqdm,1,0,0.09054021537303925,jpeg_q50,50
adm_00048.png,test,adm,1,0,0.17597395181655884,jpeg_q50,50
glide_00077.png,test,glide,1,0,0.11645838618278503,jpeg_q50,50
glide_00000.png,test,glide,1,1,0.9589880704879761,jpeg_q50,50
vqdm_00033.png,test,vqdm,1,0,0.0009654330788180232,jpeg_q50,50
glide_00081.png,test,glide,1,1,0.901476263999939,jpeg_q50,50
adm_00075.png,test,adm,1,1,0.9965929388999939,jpeg_q50,50
midjourney_00012.png,test,midjourney,1,1,0.9951443076133728,jpeg_q50,50
glide_00028.png,test,glide,1,1,0.9563746452331543,jpeg_q50,50
vqdm_00057.png,test,vqdm,1,1,1.0,jpeg_q50,50
sdv5_00068.png,test,sdv5,1,1,0.8489602208137512,jpeg_q50,50
vqdm_00036.png,test,vqdm,1,0,0.0003377681423444301,jpeg_q50,50
adm_00001.png,test,adm,1,1,0.997639536857605,jpeg_q50,50
biggan_00054.png,test,biggan,1,1,0.5891933441162109,jpeg_q50,50
vqdm_00058.png,test,vqdm,1,1,0.8398406505584717,jpeg_q50,50
sdv5_00035.png,test,sdv5,1,1,0.9888896942138672,jpeg_q50,50
glide_00018.png,test,glide,1,0,3.545865865817177e-06,jpeg_q50,50
adm_00008.png,test,adm,1,0,0.12600305676460266,jpeg_q50,50
biggan_00067.png,test,biggan,1,1,0.796192467212677,jpeg_q50,50
glide_00004.png,test,glide,1,1,0.7230687141418457,jpeg_q50,50
midjourney_00083.png,test,midjourney,1,1,0.9204923510551453,jpeg_q50,50
wukong_00026.png,test,wukong,1,1,0.9995648264884949,jpeg_q50,50
sdv5_00028.png,test,sdv5,1,1,0.7048527598381042,jpeg_q50,50
midjourney_00042.png,test,midjourney,1,1,0.9961220622062683,jpeg_q50,50
adm_00060.png,test,adm,1,0,0.00019783983589150012,jpeg_q50,50
glide_00003.png,test,glide,1,0,0.23437051475048065,jpeg_q50,50
glide_00025.png,test,glide,1,1,0.7449510097503662,jpeg_q50,50
biggan_00026.png,test,biggan,1,1,0.8559878468513489,jpeg_q50,50
adm_00077.png,test,adm,1,1,0.9991631507873535,jpeg_q50,50
adm_00047.png,test,adm,1,1,0.9654964804649353,jpeg_q50,50
sdv5_00033.png,test,sdv5,1,1,0.9997585415840149,jpeg_q50,50
midjourney_00032.png,test,midjourney,1,1,0.8608063459396362,jpeg_q50,50
biggan_00064.png,test,biggan,1,0,0.0001331065286649391,jpeg_q50,50
vqdm_00074.png,test,vqdm,1,1,0.999729573726654,jpeg_q50,50
biggan_00038.png,test,biggan,1,1,0.9796094298362732,jpeg_q50,50
adm_00082.png,test,adm,1,1,0.9999996423721313,jpeg_q50,50
wukong_00007.png,test,wukong,1,1,0.8922277092933655,jpeg_q50,50
wukong_00060.png,test,wukong,1,1,1.0,jpeg_q50,50
sdv5_00041.png,test,sdv5,1,1,0.9893133044242859,jpeg_q50,50
vqdm_00038.png,test,vqdm,1,1,0.9954462647438049,jpeg_q50,50
wukong_00001.png,test,wukong,1,1,0.9999475479125977,jpeg_q50,50
midjourney_00015.png,test,midjourney,1,1,0.9996460676193237,jpeg_q50,50
biggan_00047.png,test,biggan,1,1,0.9980040192604065,jpeg_q50,50
glide_00030.png,test,glide,1,0,0.018128182739019394,jpeg_q50,50
vqdm_00047.png,test,vqdm,1,1,0.5956847071647644,jpeg_q50,50
sdv5_00084.png,test,sdv5,1,1,0.9896227121353149,jpeg_q50,50
vqdm_00083.png,test,vqdm,1,1,0.6499266028404236,jpeg_q50,50
biggan_00068.png,test,biggan,1,0,0.021009907126426697,jpeg_q50,50
sdv5_00058.png,test,sdv5,1,1,0.8947954773902893,jpeg_q50,50
sdv5_00006.png,test,sdv5,1,1,0.9994913339614868,jpeg_q50,50
biggan_00044.png,test,biggan,1,0,0.05757671967148781,jpeg_q50,50
midjourney_00003.png,test,midjourney,1,1,0.9963846206665039,jpeg_q50,50
sdv5_00027.png,test,sdv5,1,1,0.9985426664352417,jpeg_q50,50
biggan_00072.png,test,biggan,1,1,0.5749897956848145,jpeg_q50,50
vqdm_00030.png,test,vqdm,1,0,0.07237376272678375,jpeg_q50,50
vqdm_00085.png,test,vqdm,1,0,0.09498341381549835,jpeg_q50,50
wukong_00071.png,test,wukong,1,1,0.9034513235092163,jpeg_q50,50
adm_00062.png,test,adm,1,0,0.45724737644195557,jpeg_q50,50
adm_00000.png,test,adm,1,1,0.8459604978561401,jpeg_q50,50
wukong_00044.png,test,wukong,1,1,0.9999914169311523,jpeg_q50,50
glide_00075.png,test,glide,1,0,0.10568993538618088,jpeg_q50,50
vqdm_00040.png,test,vqdm,1,0,0.2998875677585602,jpeg_q50,50
wukong_00082.png,test,wukong,1,1,1.0,jpeg_q50,50
midjourney_00019.png,test,midjourney,1,1,0.994782030582428,jpeg_q50,50
adm_00065.png,test,adm,1,1,0.9887663722038269,jpeg_q50,50
midjourney_00022.png,test,midjourney,1,1,0.797116756439209,jpeg_q50,50
midjourney_00052.png,test,midjourney,1,0,0.00015721784438937902,jpeg_q50,50
adm_00046.png,test,adm,1,1,0.9999687671661377,jpeg_q50,50
wukong_00048.png,test,wukong,1,1,0.9622005820274353,jpeg_q50,50
vqdm_00045.png,test,vqdm,1,1,0.9922330379486084,jpeg_q50,50
biggan_00036.png,test,biggan,1,0,0.002595068421214819,jpeg_q50,50
sdv5_00038.png,test,sdv5,1,1,0.9835922718048096,jpeg_q50,50
vqdm_00050.png,test,vqdm,1,0,0.004521169699728489,jpeg_q50,50
biggan_00041.png,test,biggan,1,1,0.7906680107116699,jpeg_q50,50
vqdm_00051.png,test,vqdm,1,0,0.0029729101806879044,jpeg_q50,50
glide_00054.png,test,glide,1,0,0.24210278689861298,jpeg_q50,50
sdv5_00062.png,test,sdv5,1,1,0.9997217059135437,jpeg_q50,50
sdv5_00060.png,test,sdv5,1,1,0.9921078085899353,jpeg_q50,50
glide_00079.png,test,glide,1,0,0.15665754675865173,jpeg_q50,50
midjourney_00004.png,test,midjourney,1,1,0.8385294675827026,jpeg_q50,50
wukong_00040.png,test,wukong,1,1,0.9917278289794922,jpeg_q50,50
biggan_00060.png,test,biggan,1,0,0.07062188535928726,jpeg_q50,50
wukong_00049.png,test,wukong,1,1,0.9663387537002563,jpeg_q50,50
wukong_00035.png,test,wukong,1,1,0.9801009893417358,jpeg_q50,50
adm_00010.png,test,adm,1,1,0.9879193305969238,jpeg_q50,50
sdv5_00064.png,test,sdv5,1,1,0.753662645816803,jpeg_q50,50
adm_00059.png,test,adm,1,1,0.9994743466377258,jpeg_q50,50
midjourney_00048.png,test,midjourney,1,0,0.10395346581935883,jpeg_q50,50
midjourney_00016.png,test,midjourney,1,0,0.3985786736011505,jpeg_q50,50
biggan_00007.png,test,biggan,1,0,0.0342484749853611,jpeg_q50,50
glide_00067.png,test,glide,1,0,0.40290331840515137,jpeg_q50,50
glide_00046.png,test,glide,1,0,0.2010713666677475,jpeg_q50,50
vqdm_00053.png,test,vqdm,1,1,0.9940582513809204,jpeg_q50,50
adm_00071.png,test,adm,1,1,0.9963482022285461,jpeg_q50,50
glide_00022.png,test,glide,1,1,0.7461004257202148,jpeg_q50,50
sdv5_00082.png,test,sdv5,1,1,0.99870765209198,jpeg_q50,50
vqdm_00003.png,test,vqdm,1,0,0.11772682517766953,jpeg_q50,50
midjourney_00035.png,test,midjourney,1,0,0.3789242208003998,jpeg_q50,50
glide_00031.png,test,glide,1,1,0.9998974800109863,jpeg_q50,50
vqdm_00063.png,test,vqdm,1,0,0.4444083273410797,jpeg_q50,50
wukong_00016.png,test,wukong,1,1,0.8418182730674744,jpeg_q50,50
wukong_00054.png,test,wukong,1,1,0.9999290704727173,jpeg_q50,50
biggan_00002.png,test,biggan,1,1,0.8360618352890015,jpeg_q50,50
adm_00049.png,test,adm,1,1,0.9897441267967224,jpeg_q50,50
sdv5_00002.png,test,sdv5,1,1,0.9990525841712952,jpeg_q50,50
biggan_00025.png,test,biggan,1,0,0.0943467915058136,jpeg_q50,50
biggan_00071.png,test,biggan,1,0,0.29910382628440857,jpeg_q50,50
biggan_00051.png,test,biggan,1,0,0.01392261404544115,jpeg_q50,50
wukong_00081.png,test,wukong,1,1,0.8925827741622925,jpeg_q50,50
sdv5_00022.png,test,sdv5,1,1,0.9306952953338623,jpeg_q50,50
real_00486.jpeg,test,real,0,0,6.741387096553808e-06,jpeg_q30,30
real_00382.jpeg,test,real,0,0,2.7561948172660777e-06,jpeg_q30,30
real_00117.jpeg,test,real,0,0,0.10852664709091187,jpeg_q30,30
real_00354.jpeg,test,real,0,0,1.6815617982501863e-06,jpeg_q30,30
real_00076.jpeg,test,real,0,0,5.850578236277215e-05,jpeg_q30,30
real_00395.jpeg,test,real,0,0,3.1081690394785255e-05,jpeg_q30,30
real_00348.jpeg,test,real,0,0,0.21729636192321777,jpeg_q30,30
real_00307.jpeg,test,real,0,0,5.795195434643574e-10,jpeg_q30,30
real_00438.jpeg,test,real,0,0,6.448182265916813e-11,jpeg_q30,30
real_00393.jpeg,test,real,0,0,0.005866512190550566,jpeg_q30,30
real_00566.jpeg,test,real,0,0,0.0008074351353570819,jpeg_q30,30
real_00055.jpeg,test,real,0,0,0.12488830089569092,jpeg_q30,30
real_00416.jpeg,test,real,0,0,0.004161376506090164,jpeg_q30,30
real_00304.jpeg,test,real,0,0,8.759919722933773e-08,jpeg_q30,30
real_00135.jpeg,test,real,0,0,0.1974068582057953,jpeg_q30,30
real_00387.jpeg,test,real,0,0,8.641461590741528e-07,jpeg_q30,30
real_00040.jpeg,test,real,0,0,0.0010395664721727371,jpeg_q30,30
real_00563.jpeg,test,real,0,0,0.019659096375107765,jpeg_q30,30
real_00457.jpeg,test,real,0,0,0.41276752948760986,jpeg_q30,30
real_00561.jpeg,test,real,0,0,2.093887815135531e-05,jpeg_q30,30
real_00288.jpeg,test,real,0,1,0.5883020162582397,jpeg_q30,30
real_00271.jpeg,test,real,0,0,7.225995886983583e-06,jpeg_q30,30
real_00185.jpeg,test,real,0,0,0.09207769483327866,jpeg_q30,30
real_00216.jpeg,test,real,0,0,0.0007712671649642289,jpeg_q30,30
real_00180.jpeg,test,real,0,0,0.2442624419927597,jpeg_q30,30
real_00189.jpeg,test,real,0,0,0.012321283109486103,jpeg_q30,30
real_00396.jpeg,test,real,0,0,0.07206625491380692,jpeg_q30,30
real_00131.jpeg,test,real,0,0,0.04692259430885315,jpeg_q30,30
real_00557.jpeg,test,real,0,0,0.00043237581849098206,jpeg_q30,30
real_00266.jpeg,test,real,0,0,1.479379648117174e-06,jpeg_q30,30
real_00207.jpeg,test,real,0,0,7.371945685008541e-06,jpeg_q30,30
real_00141.jpeg,test,real,0,1,0.9858107566833496,jpeg_q30,30
real_00407.jpeg,test,real,0,1,0.9907510876655579,jpeg_q30,30
real_00026.jpeg,test,real,0,0,0.40349894762039185,jpeg_q30,30
real_00046.jpeg,test,real,0,0,0.0012616070453077555,jpeg_q30,30
real_00585.jpeg,test,real,0,0,2.1667994587915018e-05,jpeg_q30,30
real_00206.jpeg,test,real,0,1,0.7071344256401062,jpeg_q30,30
real_00297.jpeg,test,real,0,0,0.00048216970753856003,jpeg_q30,30
real_00401.jpeg,test,real,0,0,0.0001043587108142674,jpeg_q30,30
real_00339.jpeg,test,real,0,0,0.001512720831669867,jpeg_q30,30
real_00403.jpeg,test,real,0,0,0.13068869709968567,jpeg_q30,30
real_00344.jpeg,test,real,0,0,3.8492535736622813e-07,jpeg_q30,30
real_00560.jpeg,test,real,0,0,0.14409396052360535,jpeg_q30,30
real_00553.jpeg,test,real,0,0,0.12446843832731247,jpeg_q30,30
real_00598.jpeg,test,real,0,0,0.003001738805323839,jpeg_q30,30
real_00497.jpeg,test,real,0,0,0.045533835887908936,jpeg_q30,30
real_00253.jpeg,test,real,0,0,2.607376391617483e-13,jpeg_q30,30
real_00577.jpeg,test,real,0,0,1.5643712686141953e-05,jpeg_q30,30
real_00394.jpeg,test,real,0,0,0.01496594026684761,jpeg_q30,30
real_00445.jpeg,test,real,0,0,0.11582338064908981,jpeg_q30,30
real_00050.jpeg,test,real,0,1,0.7965556383132935,jpeg_q30,30
real_00269.jpeg,test,real,0,0,0.0014221667079254985,jpeg_q30,30
real_00151.jpeg,test,real,0,1,0.7768096923828125,jpeg_q30,30
real_00190.jpeg,test,real,0,0,3.818471668637358e-06,jpeg_q30,30
real_00250.jpeg,test,real,0,0,0.0001532663154648617,jpeg_q30,30
real_00257.jpeg,test,real,0,0,0.14226660132408142,jpeg_q30,30
real_00008.jpeg,test,real,0,0,7.910984095360618e-06,jpeg_q30,30
real_00398.jpeg,test,real,0,0,0.0005383918178267777,jpeg_q30,30
real_00322.jpeg,test,real,0,0,7.431894459841715e-07,jpeg_q30,30
real_00230.jpeg,test,real,0,0,0.3258316218852997,jpeg_q30,30
real_00219.jpeg,test,real,0,0,0.04618673026561737,jpeg_q30,30
real_00550.jpeg,test,real,0,0,0.08978825062513351,jpeg_q30,30
real_00528.jpeg,test,real,0,0,0.0011100925039499998,jpeg_q30,30
real_00039.jpeg,test,real,0,0,0.025535782799124718,jpeg_q30,30
real_00274.jpeg,test,real,0,0,0.2516121566295624,jpeg_q30,30
real_00414.jpeg,test,real,0,1,0.5413387417793274,jpeg_q30,30
real_00038.jpeg,test,real,0,0,4.89363458200387e-07,jpeg_q30,30
real_00434.jpeg,test,real,0,0,0.017002955079078674,jpeg_q30,30
real_00279.jpeg,test,real,0,0,0.004558263346552849,jpeg_q30,30
real_00077.jpeg,test,real,0,0,0.04325689375400543,jpeg_q30,30
real_00312.jpeg,test,real,0,1,0.5115655064582825,jpeg_q30,30
real_00482.jpeg,test,real,0,0,0.09318942576646805,jpeg_q30,30
real_00178.jpeg,test,real,0,0,0.3842705190181732,jpeg_q30,30
real_00535.jpeg,test,real,0,0,0.280137836933136,jpeg_q30,30
real_00345.jpeg,test,real,0,0,0.0007561207748949528,jpeg_q30,30
real_00019.jpeg,test,real,0,0,0.006154417991638184,jpeg_q30,30
real_00143.jpeg,test,real,0,0,0.0003117770829703659,jpeg_q30,30
real_00496.jpeg,test,real,0,0,0.10694433748722076,jpeg_q30,30
real_00522.jpeg,test,real,0,0,7.242028699817882e-13,jpeg_q30,30
real_00451.jpeg,test,real,0,0,2.303219480381813e-05,jpeg_q30,30
real_00371.jpeg,test,real,0,0,4.5855417738494e-06,jpeg_q30,30
real_00060.jpeg,test,real,0,0,0.01428982987999916,jpeg_q30,30
real_00410.jpeg,test,real,0,0,0.3040299713611603,jpeg_q30,30
real_00248.jpeg,test,real,0,0,0.16378962993621826,jpeg_q30,30
real_00043.jpeg,test,real,0,1,0.7339838147163391,jpeg_q30,30
real_00104.jpeg,test,real,0,0,0.00012133055133745074,jpeg_q30,30
real_00238.jpeg,test,real,0,0,8.826325029076543e-06,jpeg_q30,30
real_00251.jpeg,test,real,0,0,0.001219472149387002,jpeg_q30,30
real_00017.jpeg,test,real,0,0,3.5390592529438436e-05,jpeg_q30,30
real_00500.jpeg,test,real,0,0,0.0013732447987422347,jpeg_q30,30
real_00056.jpeg,test,real,0,0,0.14623959362506866,jpeg_q30,30
real_00227.jpeg,test,real,0,0,7.763145681849437e-10,jpeg_q30,30
real_00347.jpeg,test,real,0,0,8.232442633016035e-05,jpeg_q30,30
real_00176.jpeg,test,real,0,1,0.9236810207366943,jpeg_q30,30
real_00085.jpeg,test,real,0,0,0.001785420230589807,jpeg_q30,30
real_00586.jpeg,test,real,0,0,0.000266104907495901,jpeg_q30,30
real_00193.jpeg,test,real,0,0,1.3437634152069222e-05,jpeg_q30,30
real_00018.jpeg,test,real,0,1,0.9006760716438293,jpeg_q30,30
real_00342.jpeg,test,real,0,0,0.002304032212123275,jpeg_q30,30
real_00359.jpeg,test,real,0,1,0.8717190027236938,jpeg_q30,30
real_00163.jpeg,test,real,0,0,0.42410382628440857,jpeg_q30,30
real_00527.jpeg,test,real,0,0,0.012437225319445133,jpeg_q30,30
real_00444.jpeg,test,real,0,0,0.0015602073399350047,jpeg_q30,30
real_00440.jpeg,test,real,0,0,0.016630638390779495,jpeg_q30,30
real_00096.jpeg,test,real,0,0,0.02375488169491291,jpeg_q30,30
real_00165.jpeg,test,real,0,0,0.05422605201601982,jpeg_q30,30
real_00576.jpeg,test,real,0,1,0.597190797328949,jpeg_q30,30
real_00375.jpeg,test,real,0,0,0.00710229342803359,jpeg_q30,30
real_00300.jpeg,test,real,0,0,8.265114047389943e-06,jpeg_q30,30
real_00503.jpeg,test,real,0,0,0.004966357722878456,jpeg_q30,30
real_00499.jpeg,test,real,0,0,0.0020218270365148783,jpeg_q30,30
real_00283.jpeg,test,real,0,0,0.002855705562978983,jpeg_q30,30
real_00160.jpeg,test,real,0,1,0.5278618931770325,jpeg_q30,30
real_00260.jpeg,test,real,0,0,0.08890610933303833,jpeg_q30,30
real_00208.jpeg,test,real,0,0,4.272211299394257e-06,jpeg_q30,30
real_00262.jpeg,test,real,0,0,0.005188743118196726,jpeg_q30,30
real_00213.jpeg,test,real,0,0,0.34592655301094055,jpeg_q30,30
real_00476.jpeg,test,real,0,0,0.006327530834823847,jpeg_q30,30
real_00092.jpeg,test,real,0,0,0.09994958341121674,jpeg_q30,30
real_00324.jpeg,test,real,0,0,0.3847837746143341,jpeg_q30,30
real_00425.jpeg,test,real,0,1,0.736781120300293,jpeg_q30,30
real_00559.jpeg,test,real,0,0,8.069589057413395e-06,jpeg_q30,30
real_00015.jpeg,test,real,0,0,7.1047879828256555e-06,jpeg_q30,30
real_00562.jpeg,test,real,0,0,0.015235044993460178,jpeg_q30,30
real_00514.jpeg,test,real,0,0,2.2471644101074162e-08,jpeg_q30,30
real_00580.jpeg,test,real,0,0,7.88694615039276e-06,jpeg_q30,30
real_00202.jpeg,test,real,0,0,0.03786800429224968,jpeg_q30,30
real_00402.jpeg,test,real,0,0,6.505536731538086e-08,jpeg_q30,30
real_00057.jpeg,test,real,0,0,5.68896830372978e-05,jpeg_q30,30
real_00007.jpeg,test,real,0,0,0.05364954471588135,jpeg_q30,30
real_00388.jpeg,test,real,0,0,0.3748391270637512,jpeg_q30,30
real_00016.jpeg,test,real,0,0,6.380595732480288e-05,jpeg_q30,30
real_00506.jpeg,test,real,0,0,0.03563903272151947,jpeg_q30,30
real_00028.jpeg,test,real,0,0,0.00043296499643474817,jpeg_q30,30
real_00572.jpeg,test,real,0,1,0.7887941598892212,jpeg_q30,30
real_00381.jpeg,test,real,0,1,0.6651380062103271,jpeg_q30,30
real_00268.jpeg,test,real,0,0,0.0016139125218614936,jpeg_q30,30
real_00512.jpeg,test,real,0,0,0.04597611725330353,jpeg_q30,30
real_00006.jpeg,test,real,0,1,0.9797400832176208,jpeg_q30,30
real_00289.jpeg,test,real,0,0,5.4085456213215366e-05,jpeg_q30,30
real_00519.jpeg,test,real,0,0,4.704520324594341e-05,jpeg_q30,30
real_00252.jpeg,test,real,0,0,0.0004966952255927026,jpeg_q30,30
real_00211.jpeg,test,real,0,0,0.00022251032351050526,jpeg_q30,30
real_00147.jpeg,test,real,0,0,6.782539863081638e-09,jpeg_q30,30
real_00181.jpeg,test,real,0,1,0.7389083504676819,jpeg_q30,30
real_00458.jpeg,test,real,0,0,8.661281754029915e-06,jpeg_q30,30
real_00329.jpeg,test,real,0,0,4.76483954514606e-08,jpeg_q30,30
real_00545.jpeg,test,real,0,0,0.041018687188625336,jpeg_q30,30
real_00568.jpeg,test,real,0,0,0.02272980846464634,jpeg_q30,30
real_00031.jpeg,test,real,0,0,0.0007471239077858627,jpeg_q30,30
real_00171.jpeg,test,real,0,0,3.242333548314491e-07,jpeg_q30,30
real_00320.jpeg,test,real,0,0,0.00025260564871132374,jpeg_q30,30
real_00083.jpeg,test,real,0,0,0.0004499603237491101,jpeg_q30,30
real_00012.jpeg,test,real,0,0,0.2797126770019531,jpeg_q30,30
real_00357.jpeg,test,real,0,0,1.1383773426132393e-06,jpeg_q30,30
real_00346.jpeg,test,real,0,0,6.60621008137241e-05,jpeg_q30,30
real_00450.jpeg,test,real,0,0,0.461642324924469,jpeg_q30,30
real_00356.jpeg,test,real,0,0,0.11229105293750763,jpeg_q30,30
real_00594.jpeg,test,real,0,0,0.0030621413607150316,jpeg_q30,30
real_00048.jpeg,test,real,0,0,0.08670710772275925,jpeg_q30,30
real_00158.jpeg,test,real,0,0,7.658915819774847e-06,jpeg_q30,30
real_00521.jpeg,test,real,0,0,0.15938995778560638,jpeg_q30,30
real_00285.jpeg,test,real,0,0,0.18431830406188965,jpeg_q30,30
real_00270.jpeg,test,real,0,0,9.56961048359517e-06,jpeg_q30,30
real_00533.jpeg,test,real,0,0,0.1264459490776062,jpeg_q30,30
real_00494.jpeg,test,real,0,0,0.0049179308116436005,jpeg_q30,30
real_00317.jpeg,test,real,0,0,0.024098683148622513,jpeg_q30,30
real_00296.jpeg,test,real,0,0,6.212287351203827e-10,jpeg_q30,30
real_00237.jpeg,test,real,0,0,3.62818099119977e-07,jpeg_q30,30
real_00242.jpeg,test,real,0,0,0.004133510868996382,jpeg_q30,30
real_00584.jpeg,test,real,0,0,0.17477038502693176,jpeg_q30,30
real_00570.jpeg,test,real,0,0,0.0005737178144045174,jpeg_q30,30
real_00133.jpeg,test,real,0,0,0.0005153570673428476,jpeg_q30,30
real_00047.jpeg,test,real,0,0,3.6925639506080188e-06,jpeg_q30,30
real_00480.jpeg,test,real,0,0,3.2257541988656158e-06,jpeg_q30,30
real_00210.jpeg,test,real,0,0,7.870836270740256e-06,jpeg_q30,30
real_00301.jpeg,test,real,0,0,0.07435162365436554,jpeg_q30,30
real_00574.jpeg,test,real,0,0,0.4222911298274994,jpeg_q30,30
real_00134.jpeg,test,real,0,0,0.3234376013278961,jpeg_q30,30
real_00597.jpeg,test,real,0,1,0.8296502828598022,jpeg_q30,30
real_00281.jpeg,test,real,0,1,0.7763440608978271,jpeg_q30,30
real_00332.jpeg,test,real,0,0,0.04950593411922455,jpeg_q30,30
real_00415.jpeg,test,real,0,0,5.277041964291129e-06,jpeg_q30,30
real_00093.jpeg,test,real,0,0,2.2239859390538186e-05,jpeg_q30,30
real_00526.jpeg,test,real,0,0,0.0001268498454010114,jpeg_q30,30
real_00259.jpeg,test,real,0,0,0.09614235907793045,jpeg_q30,30
real_00128.jpeg,test,real,0,0,0.16260026395320892,jpeg_q30,30
real_00173.jpeg,test,real,0,0,6.32416276857839e-06,jpeg_q30,30
real_00005.jpeg,test,real,0,0,9.402553402537706e-09,jpeg_q30,30
real_00532.jpeg,test,real,0,1,0.9874384999275208,jpeg_q30,30
real_00061.jpeg,test,real,0,0,1.9715564121725038e-05,jpeg_q30,30
real_00313.jpeg,test,real,0,0,8.740909152038512e-08,jpeg_q30,30
real_00130.jpeg,test,real,0,0,7.655775334569626e-06,jpeg_q30,30
real_00454.jpeg,test,real,0,0,4.479142262425739e-06,jpeg_q30,30
real_00204.jpeg,test,real,0,0,5.2027677156729624e-05,jpeg_q30,30
real_00337.jpeg,test,real,0,0,0.0006937888683751225,jpeg_q30,30
real_00195.jpeg,test,real,0,0,0.00012410187628120184,jpeg_q30,30
real_00187.jpeg,test,real,0,0,2.8527461836347356e-05,jpeg_q30,30
real_00489.jpeg,test,real,0,0,7.903825576249801e-07,jpeg_q30,30
real_00385.jpeg,test,real,0,0,0.0009531397954560816,jpeg_q30,30
real_00221.jpeg,test,real,0,0,0.00019944463565479964,jpeg_q30,30
real_00027.jpeg,test,real,0,1,0.9556019306182861,jpeg_q30,30
real_00022.jpeg,test,real,0,0,5.8611993154045194e-05,jpeg_q30,30
real_00331.jpeg,test,real,0,0,0.06714335829019547,jpeg_q30,30
real_00159.jpeg,test,real,0,0,6.385895176208578e-06,jpeg_q30,30
real_00068.jpeg,test,real,0,0,0.045150235295295715,jpeg_q30,30
real_00127.jpeg,test,real,0,0,2.7011643055629975e-07,jpeg_q30,30
real_00420.jpeg,test,real,0,0,0.3430711627006531,jpeg_q30,30
real_00510.jpeg,test,real,0,0,7.858781145841931e-07,jpeg_q30,30
real_00106.jpeg,test,real,0,0,0.01655849628150463,jpeg_q30,30
real_00599.jpeg,test,real,0,0,3.40826554747764e-05,jpeg_q30,30
real_00419.jpeg,test,real,0,0,1.9117976989946328e-05,jpeg_q30,30
real_00286.jpeg,test,real,0,0,0.001111774006858468,jpeg_q30,30
real_00341.jpeg,test,real,0,0,0.012590723112225533,jpeg_q30,30
real_00263.jpeg,test,real,0,0,8.72236632858403e-05,jpeg_q30,30
real_00255.jpeg,test,real,0,1,0.5281969904899597,jpeg_q30,30
real_00335.jpeg,test,real,0,0,9.835061791818589e-05,jpeg_q30,30
real_00174.jpeg,test,real,0,0,9.199309715768322e-05,jpeg_q30,30
real_00243.jpeg,test,real,0,0,0.245353564620018,jpeg_q30,30
real_00140.jpeg,test,real,0,0,0.0399198941886425,jpeg_q30,30
real_00582.jpeg,test,real,0,0,0.00011190697114216164,jpeg_q30,30
real_00542.jpeg,test,real,0,0,0.058347031474113464,jpeg_q30,30
real_00547.jpeg,test,real,0,0,1.1590587973842048e-06,jpeg_q30,30
real_00287.jpeg,test,real,0,1,0.7505823969841003,jpeg_q30,30
real_00144.jpeg,test,real,0,0,0.0005672776023857296,jpeg_q30,30
real_00214.jpeg,test,real,0,0,0.0005560607532970607,jpeg_q30,30
real_00234.jpeg,test,real,0,0,0.07310590147972107,jpeg_q30,30
real_00595.jpeg,test,real,0,0,0.0007887607207521796,jpeg_q30,30
real_00075.jpeg,test,real,0,0,9.381432519717237e-09,jpeg_q30,30
real_00295.jpeg,test,real,0,0,0.0005811481387354434,jpeg_q30,30
real_00070.jpeg,test,real,0,0,0.0009055660339072347,jpeg_q30,30
real_00148.jpeg,test,real,0,0,3.3117116799985524e-06,jpeg_q30,30
real_00491.jpeg,test,real,0,0,0.20351973176002502,jpeg_q30,30
real_00090.jpeg,test,real,0,0,4.4869506382383406e-05,jpeg_q30,30
real_00063.jpeg,test,real,0,0,0.09359179437160492,jpeg_q30,30
real_00334.jpeg,test,real,0,0,6.123237108113244e-05,jpeg_q30,30
real_00530.jpeg,test,real,0,0,0.00012588802201207727,jpeg_q30,30
real_00069.jpeg,test,real,0,0,0.00226405612193048,jpeg_q30,30
real_00109.jpeg,test,real,0,0,9.156303271140587e-09,jpeg_q30,30
real_00321.jpeg,test,real,0,0,1.7990647620536038e-06,jpeg_q30,30
real_00126.jpeg,test,real,0,0,0.004335307981818914,jpeg_q30,30
real_00358.jpeg,test,real,0,1,0.5466880798339844,jpeg_q30,30
real_00364.jpeg,test,real,0,0,0.00016877887537702918,jpeg_q30,30
real_00209.jpeg,test,real,0,0,0.0003526087966747582,jpeg_q30,30
real_00292.jpeg,test,real,0,0,0.0008441790123470128,jpeg_q30,30
real_00473.jpeg,test,real,0,0,0.021251151338219643,jpeg_q30,30
real_00367.jpeg,test,real,0,0,0.0004223109863232821,jpeg_q30,30
real_00228.jpeg,test,real,0,0,0.002170527121052146,jpeg_q30,30
real_00463.jpeg,test,real,0,0,3.5317902074893937e-05,jpeg_q30,30
real_00529.jpeg,test,real,0,1,0.9420502781867981,jpeg_q30,30
real_00376.jpeg,test,real,0,0,1.5033864656288642e-05,jpeg_q30,30
real_00089.jpeg,test,real,0,0,0.009443593211472034,jpeg_q30,30
real_00409.jpeg,test,real,0,0,5.349285856937058e-05,jpeg_q30,30
real_00456.jpeg,test,real,0,0,0.008720452897250652,jpeg_q30,30
real_00378.jpeg,test,real,0,0,0.03061099536716938,jpeg_q30,30
real_00596.jpeg,test,real,0,0,0.004945333581417799,jpeg_q30,30
real_00477.jpeg,test,real,0,0,2.4893242880352773e-05,jpeg_q30,30
real_00261.jpeg,test,real,0,0,0.00018064340110868216,jpeg_q30,30
real_00273.jpeg,test,real,0,0,7.098499918356538e-05,jpeg_q30,30
real_00100.jpeg,test,real,0,0,5.484321885518284e-10,jpeg_q30,30
real_00080.jpeg,test,real,0,0,3.2265172649204032e-06,jpeg_q30,30
real_00009.jpeg,test,real,0,1,0.9181079268455505,jpeg_q30,30
real_00167.jpeg,test,real,0,0,6.812323274929533e-12,jpeg_q30,30
real_00571.jpeg,test,real,0,1,0.9319525361061096,jpeg_q30,30
real_00218.jpeg,test,real,0,0,1.039044036588166e-06,jpeg_q30,30
real_00355.jpeg,test,real,0,0,0.01003227848559618,jpeg_q30,30
real_00406.jpeg,test,real,0,0,0.011221623979508877,jpeg_q30,30
real_00302.jpeg,test,real,0,0,0.10749338567256927,jpeg_q30,30
real_00010.jpeg,test,real,0,1,0.8619225025177002,jpeg_q30,30
real_00405.jpeg,test,real,0,0,0.001353927655145526,jpeg_q30,30
real_00447.jpeg,test,real,0,0,1.3939151131125982e-06,jpeg_q30,30
real_00379.jpeg,test,real,0,0,0.0005670785903930664,jpeg_q30,30
real_00319.jpeg,test,real,0,1,0.6388688683509827,jpeg_q30,30
real_00543.jpeg,test,real,0,0,0.003116055391728878,jpeg_q30,30
real_00539.jpeg,test,real,0,0,0.21114018559455872,jpeg_q30,30
real_00579.jpeg,test,real,0,0,0.026618070900440216,jpeg_q30,30
real_00459.jpeg,test,real,0,1,0.8122925162315369,jpeg_q30,30
real_00587.jpeg,test,real,0,0,3.4108932567278316e-08,jpeg_q30,30
real_00114.jpeg,test,real,0,0,2.0240780941094272e-05,jpeg_q30,30
real_00479.jpeg,test,real,0,0,0.00014608068158850074,jpeg_q30,30
real_00488.jpeg,test,real,0,0,0.00020435272017493844,jpeg_q30,30
real_00360.jpeg,test,real,0,0,8.41676228446886e-05,jpeg_q30,30
real_00363.jpeg,test,real,0,0,0.022323817014694214,jpeg_q30,30
real_00350.jpeg,test,real,0,0,0.00012463492748793215,jpeg_q30,30
real_00441.jpeg,test,real,0,0,0.0018372097983956337,jpeg_q30,30
real_00003.jpeg,test,real,0,0,0.032063666731119156,jpeg_q30,30
real_00217.jpeg,test,real,0,0,3.786974411923438e-05,jpeg_q30,30
real_00465.jpeg,test,real,0,0,0.19676700234413147,jpeg_q30,30
real_00442.jpeg,test,real,0,0,0.0029769258107990026,jpeg_q30,30
real_00233.jpeg,test,real,0,0,0.0007388966623693705,jpeg_q30,30
real_00161.jpeg,test,real,0,0,0.004563546273857355,jpeg_q30,30
real_00412.jpeg,test,real,0,0,0.0018542513716965914,jpeg_q30,30
real_00468.jpeg,test,real,0,0,0.00015178592002484947,jpeg_q30,30
real_00125.jpeg,test,real,0,0,0.1571967899799347,jpeg_q30,30
real_00186.jpeg,test,real,0,0,4.391486527310917e-06,jpeg_q30,30
real_00172.jpeg,test,real,0,0,3.949355232180096e-05,jpeg_q30,30
real_00467.jpeg,test,real,0,0,0.0019680510740727186,jpeg_q30,30
real_00323.jpeg,test,real,0,0,7.999670970093575e-07,jpeg_q30,30
real_00203.jpeg,test,real,0,0,0.0034366564359515905,jpeg_q30,30
real_00552.jpeg,test,real,0,0,0.012296459637582302,jpeg_q30,30
real_00034.jpeg,test,real,0,0,0.003067344194278121,jpeg_q30,30
real_00142.jpeg,test,real,0,0,0.017353013157844543,jpeg_q30,30
real_00059.jpeg,test,real,0,0,0.00010338220454286784,jpeg_q30,30
real_00021.jpeg,test,real,0,0,0.17194558680057526,jpeg_q30,30
real_00525.jpeg,test,real,0,0,0.0005862424150109291,jpeg_q30,30
real_00275.jpeg,test,real,0,0,0.17861156165599823,jpeg_q30,30
real_00430.jpeg,test,real,0,0,7.042793731670827e-05,jpeg_q30,30
real_00349.jpeg,test,real,0,0,3.3057606287911767e-06,jpeg_q30,30
real_00373.jpeg,test,real,0,0,0.0002442914992570877,jpeg_q30,30
real_00078.jpeg,test,real,0,0,0.03597826138138771,jpeg_q30,30
real_00437.jpeg,test,real,0,0,2.390731026480353e-07,jpeg_q30,30
real_00520.jpeg,test,real,0,0,4.950472430209629e-06,jpeg_q30,30
real_00564.jpeg,test,real,0,0,0.000910615548491478,jpeg_q30,30
real_00578.jpeg,test,real,0,0,0.0035016611218452454,jpeg_q30,30
real_00225.jpeg,test,real,0,0,0.0006471826927736402,jpeg_q30,30
real_00232.jpeg,test,real,0,0,1.7126063767136657e-06,jpeg_q30,30
real_00194.jpeg,test,real,0,0,5.796339536817685e-12,jpeg_q30,30
real_00278.jpeg,test,real,0,0,1.3824999768985435e-05,jpeg_q30,30
real_00168.jpeg,test,real,0,0,4.5284494262887165e-05,jpeg_q30,30
real_00145.jpeg,test,real,0,0,0.1461426317691803,jpeg_q30,30
real_00495.jpeg,test,real,0,0,5.272075941320509e-05,jpeg_q30,30
real_00236.jpeg,test,real,0,0,0.00028766694595105946,jpeg_q30,30
real_00121.jpeg,test,real,0,0,0.0011780334170907736,jpeg_q30,30
real_00455.jpeg,test,real,0,0,0.0008518804679624736,jpeg_q30,30
real_00177.jpeg,test,real,0,0,0.34763628244400024,jpeg_q30,30
real_00485.jpeg,test,real,0,0,0.002511276165023446,jpeg_q30,30
real_00136.jpeg,test,real,0,0,0.02851964347064495,jpeg_q30,30
real_00054.jpeg,test,real,0,0,1.1419565293380174e-09,jpeg_q30,30
real_00470.jpeg,test,real,0,0,1.2155650210843305e-06,jpeg_q30,30
real_00118.jpeg,test,real,0,0,2.9144161999283824e-06,jpeg_q30,30
real_00153.jpeg,test,real,0,0,0.01782125048339367,jpeg_q30,30
real_00384.jpeg,test,real,0,0,0.00125153420958668,jpeg_q30,30
real_00115.jpeg,test,real,0,0,0.025080261752009392,jpeg_q30,30
real_00101.jpeg,test,real,0,0,0.24118869006633759,jpeg_q30,30
real_00327.jpeg,test,real,0,0,0.04243233799934387,jpeg_q30,30
real_00164.jpeg,test,real,0,0,0.00010008767276303843,jpeg_q30,30
real_00538.jpeg,test,real,0,0,0.0017371063586324453,jpeg_q30,30
real_00049.jpeg,test,real,0,0,0.17340582609176636,jpeg_q30,30
real_00544.jpeg,test,real,0,0,0.005226947367191315,jpeg_q30,30
real_00154.jpeg,test,real,0,0,4.99123757435882e-07,jpeg_q30,30
real_00215.jpeg,test,real,0,0,0.15213888883590698,jpeg_q30,30
real_00124.jpeg,test,real,0,0,3.0755785473957076e-07,jpeg_q30,30
real_00223.jpeg,test,real,0,0,0.07780024409294128,jpeg_q30,30
real_00065.jpeg,test,real,0,0,0.0024688623379915953,jpeg_q30,30
real_00282.jpeg,test,real,0,0,4.5140734528104076e-07,jpeg_q30,30
real_00267.jpeg,test,real,0,0,0.0010324720060452819,jpeg_q30,30
real_00343.jpeg,test,real,0,0,0.008659034967422485,jpeg_q30,30
real_00421.jpeg,test,real,0,0,5.207691482905785e-12,jpeg_q30,30
real_00531.jpeg,test,real,0,0,1.1968750186497346e-05,jpeg_q30,30
real_00575.jpeg,test,real,0,0,0.00032751000253483653,jpeg_q30,30
real_00290.jpeg,test,real,0,0,4.427466592460405e-06,jpeg_q30,30
real_00336.jpeg,test,real,0,0,2.706506307958989e-08,jpeg_q30,30
real_00306.jpeg,test,real,0,0,0.10575450211763382,jpeg_q30,30
real_00231.jpeg,test,real,0,0,0.0005282961064949632,jpeg_q30,30
real_00002.jpeg,test,real,0,1,0.5678120851516724,jpeg_q30,30
real_00504.jpeg,test,real,0,0,0.027200153097510338,jpeg_q30,30
real_00536.jpeg,test,real,0,0,4.073922809766373e-06,jpeg_q30,30
real_00362.jpeg,test,real,0,0,0.0002637533179949969,jpeg_q30,30
real_00199.jpeg,test,real,0,0,0.0053260051645338535,jpeg_q30,30
real_00023.jpeg,test,real,0,0,1.9358127246960066e-05,jpeg_q30,30
real_00433.jpeg,test,real,0,0,0.12875708937644958,jpeg_q30,30
real_00484.jpeg,test,real,0,1,0.5848823189735413,jpeg_q30,30
real_00110.jpeg,test,real,0,0,0.0001954567269422114,jpeg_q30,30
real_00305.jpeg,test,real,0,0,0.4852968156337738,jpeg_q30,30
real_00352.jpeg,test,real,0,0,0.00031278905225917697,jpeg_q30,30
real_00256.jpeg,test,real,0,0,0.008403713814914227,jpeg_q30,30
real_00404.jpeg,test,real,0,0,2.2195876226760447e-05,jpeg_q30,30
real_00523.jpeg,test,real,0,0,0.11783574521541595,jpeg_q30,30
real_00513.jpeg,test,real,0,0,0.3928512930870056,jpeg_q30,30
real_00108.jpeg,test,real,0,0,0.010963810607790947,jpeg_q30,30
real_00119.jpeg,test,real,0,0,0.03241643309593201,jpeg_q30,30
real_00511.jpeg,test,real,0,0,0.08523491024971008,jpeg_q30,30
real_00073.jpeg,test,real,0,0,2.6383333295854072e-09,jpeg_q30,30
real_00469.jpeg,test,real,0,0,0.02461320348083973,jpeg_q30,30
real_00035.jpeg,test,real,0,0,1.8032937987300102e-07,jpeg_q30,30
real_00427.jpeg,test,real,0,0,1.0755290986708133e-06,jpeg_q30,30
real_00000.jpeg,test,real,0,0,2.153779314539861e-05,jpeg_q30,30
real_00066.jpeg,test,real,0,0,8.098593752947636e-06,jpeg_q30,30
real_00052.jpeg,test,real,0,0,2.3788961698301136e-06,jpeg_q30,30
real_00483.jpeg,test,real,0,0,1.5459485211977153e-06,jpeg_q30,30
real_00020.jpeg,test,real,0,1,0.5019863843917847,jpeg_q30,30
real_00540.jpeg,test,real,0,0,0.000462347234133631,jpeg_q30,30
real_00383.jpeg,test,real,0,0,1.4327677490655333e-05,jpeg_q30,30
real_00129.jpeg,test,real,0,0,1.2285761386010563e-06,jpeg_q30,30
real_00505.jpeg,test,real,0,0,6.036865885655773e-13,jpeg_q30,30
real_00517.jpeg,test,real,0,0,0.0008213213295675814,jpeg_q30,30
real_00291.jpeg,test,real,0,0,0.00010874084546230733,jpeg_q30,30
real_00328.jpeg,test,real,0,0,0.24136409163475037,jpeg_q30,30
real_00082.jpeg,test,real,0,0,3.796571945713367e-08,jpeg_q30,30
real_00413.jpeg,test,real,0,0,7.471087883459404e-06,jpeg_q30,30
real_00201.jpeg,test,real,0,0,0.01896074414253235,jpeg_q30,30
real_00422.jpeg,test,real,0,0,0.040311556309461594,jpeg_q30,30
real_00481.jpeg,test,real,0,1,0.8969027996063232,jpeg_q30,30
real_00249.jpeg,test,real,0,0,9.1500100097619e-05,jpeg_q30,30
real_00591.jpeg,test,real,0,1,0.6301193237304688,jpeg_q30,30
real_00103.jpeg,test,real,0,0,0.04383141174912453,jpeg_q30,30
real_00058.jpeg,test,real,0,0,8.287784680760524e-07,jpeg_q30,30
real_00029.jpeg,test,real,0,0,0.25016435980796814,jpeg_q30,30
real_00551.jpeg,test,real,0,0,0.00015381825505755842,jpeg_q30,30
real_00453.jpeg,test,real,0,1,1.0,jpeg_q30,30
real_00041.jpeg,test,real,0,0,0.00044094701297581196,jpeg_q30,30
real_00316.jpeg,test,real,0,0,0.001635578810237348,jpeg_q30,30
real_00449.jpeg,test,real,0,0,0.0011202279711142182,jpeg_q30,30
real_00198.jpeg,test,real,0,0,0.003788476111367345,jpeg_q30,30
real_00310.jpeg,test,real,0,0,0.004012392833828926,jpeg_q30,30
real_00205.jpeg,test,real,0,0,1.6770993170212023e-05,jpeg_q30,30
real_00011.jpeg,test,real,0,0,0.03150157257914543,jpeg_q30,30
real_00556.jpeg,test,real,0,0,0.0011914604110643268,jpeg_q30,30
real_00294.jpeg,test,real,0,0,4.1793211380536377e-07,jpeg_q30,30
real_00112.jpeg,test,real,0,0,0.48501262068748474,jpeg_q30,30
real_00170.jpeg,test,real,0,0,5.213957774685696e-05,jpeg_q30,30
real_00569.jpeg,test,real,0,0,1.0298311281076167e-05,jpeg_q30,30
real_00318.jpeg,test,real,0,0,0.003697094041854143,jpeg_q30,30
real_00397.jpeg,test,real,0,0,1.0918268344539683e-05,jpeg_q30,30
real_00014.jpeg,test,real,0,0,0.0015198143664747477,jpeg_q30,30
real_00196.jpeg,test,real,0,0,4.351931277369117e-14,jpeg_q30,30
real_00191.jpeg,test,real,0,1,0.5757824778556824,jpeg_q30,30
real_00192.jpeg,test,real,0,0,3.7424487686621433e-07,jpeg_q30,30
real_00353.jpeg,test,real,0,0,0.4074395000934601,jpeg_q30,30
real_00254.jpeg,test,real,0,0,7.103365533112083e-06,jpeg_q30,30
real_00169.jpeg,test,real,0,0,4.3862905840796884e-07,jpeg_q30,30
real_00370.jpeg,test,real,0,0,8.881636759383582e-09,jpeg_q30,30
real_00004.jpeg,test,real,0,0,0.1545080840587616,jpeg_q30,30
real_00368.jpeg,test,real,0,0,0.14843019843101501,jpeg_q30,30
real_00417.jpeg,test,real,0,0,0.019432466477155685,jpeg_q30,30
real_00333.jpeg,test,real,0,0,2.1220948838163167e-06,jpeg_q30,30
real_00123.jpeg,test,real,0,0,0.0016559677897021174,jpeg_q30,30
real_00380.jpeg,test,real,0,0,8.234803772211308e-08,jpeg_q30,30
real_00179.jpeg,test,real,0,0,8.512882777722552e-05,jpeg_q30,30
real_00400.jpeg,test,real,0,0,0.003139237640425563,jpeg_q30,30
real_00369.jpeg,test,real,0,0,0.034713488072156906,jpeg_q30,30
real_00051.jpeg,test,real,0,0,0.08580779284238815,jpeg_q30,30
real_00097.jpeg,test,real,0,0,2.794962711050175e-05,jpeg_q30,30
real_00515.jpeg,test,real,0,0,0.005550675094127655,jpeg_q30,30
real_00446.jpeg,test,real,0,0,0.0006821006536483765,jpeg_q30,30
real_00155.jpeg,test,real,0,0,0.0005603215540759265,jpeg_q30,30
real_00277.jpeg,test,real,0,0,0.0005662167095579207,jpeg_q30,30
real_00098.jpeg,test,real,0,0,1.3910990674048662e-05,jpeg_q30,30
real_00107.jpeg,test,real,0,0,0.07006517797708511,jpeg_q30,30
real_00087.jpeg,test,real,0,0,9.368901743300739e-08,jpeg_q30,30
real_00565.jpeg,test,real,0,0,1.4439428541734856e-09,jpeg_q30,30
real_00280.jpeg,test,real,0,0,2.0133706129854545e-05,jpeg_q30,30
real_00507.jpeg,test,real,0,0,3.948548155108256e-08,jpeg_q30,30
real_00326.jpeg,test,real,0,0,0.10053478926420212,jpeg_q30,30
real_00244.jpeg,test,real,0,0,1.3766724305669387e-12,jpeg_q30,30
real_00033.jpeg,test,real,0,0,1.7115144146373495e-05,jpeg_q30,30
real_00064.jpeg,test,real,0,0,3.247925519644923e-07,jpeg_q30,30
real_00013.jpeg,test,real,0,0,1.3297459418026847e-06,jpeg_q30,30
real_00183.jpeg,test,real,0,0,0.4205085039138794,jpeg_q30,30
real_00030.jpeg,test,real,0,0,1.6546877645851055e-08,jpeg_q30,30
real_00474.jpeg,test,real,0,0,0.0003462945169303566,jpeg_q30,30
real_00558.jpeg,test,real,0,0,0.0030997013673186302,jpeg_q30,30
real_00088.jpeg,test,real,0,0,0.0003343133139424026,jpeg_q30,30
real_00436.jpeg,test,real,0,0,0.4859974682331085,jpeg_q30,30
real_00518.jpeg,test,real,0,0,6.321023988675734e-07,jpeg_q30,30
real_00111.jpeg,test,real,0,0,0.00018384364375378937,jpeg_q30,30
real_00122.jpeg,test,real,0,0,0.11412838846445084,jpeg_q30,30
real_00461.jpeg,test,real,0,0,0.006773195695132017,jpeg_q30,30
real_00239.jpeg,test,real,0,0,0.0010936205508187413,jpeg_q30,30
real_00408.jpeg,test,real,0,0,0.0015779397217556834,jpeg_q30,30
real_00460.jpeg,test,real,0,0,0.041699692606925964,jpeg_q30,30
real_00138.jpeg,test,real,0,0,0.002354080555960536,jpeg_q30,30
real_00429.jpeg,test,real,0,0,0.0005522024584934115,jpeg_q30,30
real_00462.jpeg,test,real,0,0,7.2240837444004224e-12,jpeg_q30,30
real_00113.jpeg,test,real,0,1,0.5230514407157898,jpeg_q30,30
real_00391.jpeg,test,real,0,0,2.2771095245843753e-05,jpeg_q30,30
real_00303.jpeg,test,real,0,0,1.54473127622623e-06,jpeg_q30,30
real_00592.jpeg,test,real,0,0,1.422029510915739e-15,jpeg_q30,30
real_00157.jpeg,test,real,0,0,0.002474183216691017,jpeg_q30,30
real_00475.jpeg,test,real,0,0,0.0006893572281114757,jpeg_q30,30
real_00071.jpeg,test,real,0,0,0.019223669543862343,jpeg_q30,30
real_00235.jpeg,test,real,0,0,5.360258228392922e-07,jpeg_q30,30
real_00067.jpeg,test,real,0,0,1.7452157408115454e-05,jpeg_q30,30
real_00502.jpeg,test,real,0,0,0.011993523687124252,jpeg_q30,30
real_00099.jpeg,test,real,0,0,0.0006356254452839494,jpeg_q30,30
real_00508.jpeg,test,real,0,0,0.0014605952892452478,jpeg_q30,30
real_00036.jpeg,test,real,0,0,0.0030959255527704954,jpeg_q30,30
real_00149.jpeg,test,real,0,0,6.109495576112067e-09,jpeg_q30,30
real_00220.jpeg,test,real,0,0,0.01937820576131344,jpeg_q30,30
real_00418.jpeg,test,real,0,0,6.794476939830929e-05,jpeg_q30,30
real_00466.jpeg,test,real,0,0,0.03321366757154465,jpeg_q30,30
real_00120.jpeg,test,real,0,0,0.0011330217821523547,jpeg_q30,30
real_00139.jpeg,test,real,0,0,0.015151448547840118,jpeg_q30,30
real_00589.jpeg,test,real,0,1,0.9902770519256592,jpeg_q30,30
real_00276.jpeg,test,real,0,0,0.0011210328666493297,jpeg_q30,30
real_00377.jpeg,test,real,0,0,0.23849795758724213,jpeg_q30,30
real_00175.jpeg,test,real,0,0,0.12735901772975922,jpeg_q30,30
real_00001.jpeg,test,real,0,0,0.009056822396814823,jpeg_q30,30
real_00424.jpeg,test,real,0,0,4.967354470863938e-05,jpeg_q30,30
real_00197.jpeg,test,real,0,0,3.200188803020865e-05,jpeg_q30,30
real_00246.jpeg,test,real,0,0,0.03665635734796524,jpeg_q30,30
real_00325.jpeg,test,real,0,0,0.07579255849123001,jpeg_q30,30
real_00150.jpeg,test,real,0,0,6.846372571089887e-07,jpeg_q30,30
real_00501.jpeg,test,real,0,0,5.5080828786913116e-08,jpeg_q30,30
real_00428.jpeg,test,real,0,0,0.0002990082430187613,jpeg_q30,30
real_00222.jpeg,test,real,0,0,0.2023022323846817,jpeg_q30,30
real_00045.jpeg,test,real,0,0,0.004304763861000538,jpeg_q30,30
real_00338.jpeg,test,real,0,0,1.1931825611100066e-05,jpeg_q30,30
real_00390.jpeg,test,real,0,0,0.034480005502700806,jpeg_q30,30
real_00062.jpeg,test,real,0,0,0.012005087919533253,jpeg_q30,30
real_00426.jpeg,test,real,0,0,5.483323093358194e-07,jpeg_q30,30
real_00247.jpeg,test,real,0,0,0.021582724526524544,jpeg_q30,30
real_00152.jpeg,test,real,0,0,0.006195191293954849,jpeg_q30,30
real_00156.jpeg,test,real,0,0,0.00020674568077083677,jpeg_q30,30
real_00084.jpeg,test,real,0,0,0.010737867094576359,jpeg_q30,30
real_00212.jpeg,test,real,0,0,0.09288667142391205,jpeg_q30,30
real_00184.jpeg,test,real,0,0,0.0006451393710449338,jpeg_q30,30
real_00309.jpeg,test,real,0,0,0.0007777098217047751,jpeg_q30,30
real_00423.jpeg,test,real,0,0,0.16716748476028442,jpeg_q30,30
real_00095.jpeg,test,real,0,0,0.001718288054689765,jpeg_q30,30
real_00264.jpeg,test,real,0,0,0.0019147468265146017,jpeg_q30,30
real_00105.jpeg,test,real,0,0,0.05692426115274429,jpeg_q30,30
real_00024.jpeg,test,real,0,0,6.028378152223013e-07,jpeg_q30,30
real_00293.jpeg,test,real,0,0,3.1851402582105948e-06,jpeg_q30,30
real_00311.jpeg,test,real,0,0,0.00015329496818594635,jpeg_q30,30
real_00032.jpeg,test,real,0,0,0.17785637080669403,jpeg_q30,30
real_00374.jpeg,test,real,0,0,1.625856566533912e-05,jpeg_q30,30
real_00492.jpeg,test,real,0,0,0.00013013824354857206,jpeg_q30,30
real_00162.jpeg,test,real,0,0,0.0004935673787258565,jpeg_q30,30
real_00588.jpeg,test,real,0,0,0.004667873028665781,jpeg_q30,30
real_00411.jpeg,test,real,0,0,0.008407232351601124,jpeg_q30,30
real_00241.jpeg,test,real,0,0,0.021164391189813614,jpeg_q30,30
real_00432.jpeg,test,real,0,1,0.5196135640144348,jpeg_q30,30
real_00025.jpeg,test,real,0,0,0.000550212396774441,jpeg_q30,30
real_00079.jpeg,test,real,0,0,0.2511030435562134,jpeg_q30,30
real_00351.jpeg,test,real,0,0,0.00015143190103117377,jpeg_q30,30
real_00590.jpeg,test,real,0,0,1.367212098557502e-05,jpeg_q30,30
real_00240.jpeg,test,real,0,0,0.0002073937066597864,jpeg_q30,30
real_00583.jpeg,test,real,0,0,0.0008672100957483053,jpeg_q30,30
real_00116.jpeg,test,real,0,0,0.07671412080526352,jpeg_q30,30
real_00081.jpeg,test,real,0,0,0.007298600394278765,jpeg_q30,30
real_00224.jpeg,test,real,0,0,0.035616956651210785,jpeg_q30,30
real_00372.jpeg,test,real,0,0,0.0034057816956192255,jpeg_q30,30
real_00074.jpeg,test,real,0,0,0.04767093434929848,jpeg_q30,30
real_00555.jpeg,test,real,0,0,4.374296622700058e-05,jpeg_q30,30
real_00399.jpeg,test,real,0,0,8.540706767234951e-05,jpeg_q30,30
real_00308.jpeg,test,real,0,0,0.03801790252327919,jpeg_q30,30
real_00132.jpeg,test,real,0,0,0.0517602376639843,jpeg_q30,30
real_00478.jpeg,test,real,0,0,0.000472329615149647,jpeg_q30,30
real_00435.jpeg,test,real,0,0,2.2154888768000092e-07,jpeg_q30,30
real_00072.jpeg,test,real,0,0,0.03359967842698097,jpeg_q30,30
real_00037.jpeg,test,real,0,1,0.753109335899353,jpeg_q30,30
real_00272.jpeg,test,real,0,0,0.2993054986000061,jpeg_q30,30
real_00102.jpeg,test,real,0,0,0.06834515184164047,jpeg_q30,30
real_00044.jpeg,test,real,0,0,0.050622958689928055,jpeg_q30,30
real_00546.jpeg,test,real,0,0,0.07614116370677948,jpeg_q30,30
real_00146.jpeg,test,real,0,0,0.0013678018003702164,jpeg_q30,30
real_00361.jpeg,test,real,0,0,6.504287011921406e-05,jpeg_q30,30
real_00498.jpeg,test,real,0,0,0.005224461201578379,jpeg_q30,30
real_00567.jpeg,test,real,0,0,9.290332855016459e-06,jpeg_q30,30
real_00229.jpeg,test,real,0,0,0.009283766150474548,jpeg_q30,30
real_00573.jpeg,test,real,0,0,4.9057885917136446e-05,jpeg_q30,30
real_00452.jpeg,test,real,0,0,0.02878403291106224,jpeg_q30,30
real_00258.jpeg,test,real,0,0,0.04922746121883392,jpeg_q30,30
real_00581.jpeg,test,real,0,0,0.04189556837081909,jpeg_q30,30
real_00340.jpeg,test,real,0,0,0.03076629526913166,jpeg_q30,30
real_00516.jpeg,test,real,0,0,9.736102896118481e-11,jpeg_q30,30
real_00524.jpeg,test,real,0,0,0.010573421604931355,jpeg_q30,30
real_00554.jpeg,test,real,0,0,0.0013548523420467973,jpeg_q30,30
real_00299.jpeg,test,real,0,0,3.37460974719761e-08,jpeg_q30,30
real_00439.jpeg,test,real,0,0,0.0013848877279087901,jpeg_q30,30
real_00166.jpeg,test,real,0,0,0.0004580325330607593,jpeg_q30,30
real_00392.jpeg,test,real,0,0,2.9950579119031318e-06,jpeg_q30,30
real_00086.jpeg,test,real,0,0,1.418754800397437e-05,jpeg_q30,30
real_00537.jpeg,test,real,0,0,0.3801273703575134,jpeg_q30,30
real_00431.jpeg,test,real,0,0,6.962972838664427e-05,jpeg_q30,30
real_00389.jpeg,test,real,0,0,0.00011278565943939611,jpeg_q30,30
real_00534.jpeg,test,real,0,0,1.1291184165429513e-07,jpeg_q30,30
real_00541.jpeg,test,real,0,0,2.9864601902573895e-09,jpeg_q30,30
real_00094.jpeg,test,real,0,1,0.8745956420898438,jpeg_q30,30
real_00226.jpeg,test,real,0,0,0.00031612723250873387,jpeg_q30,30
real_00200.jpeg,test,real,0,0,0.009118836373090744,jpeg_q30,30
real_00330.jpeg,test,real,0,0,2.724832711464842e-06,jpeg_q30,30
real_00091.jpeg,test,real,0,0,0.46024835109710693,jpeg_q30,30
real_00472.jpeg,test,real,0,0,7.730494466784421e-09,jpeg_q30,30
real_00493.jpeg,test,real,0,0,4.903904118691571e-05,jpeg_q30,30
real_00053.jpeg,test,real,0,0,7.937734025631471e-09,jpeg_q30,30
real_00298.jpeg,test,real,0,0,0.0647478774189949,jpeg_q30,30
real_00366.jpeg,test,real,0,0,0.00029201500001363456,jpeg_q30,30
real_00182.jpeg,test,real,0,0,9.394662629347295e-05,jpeg_q30,30
real_00490.jpeg,test,real,0,0,0.013738741166889668,jpeg_q30,30
real_00593.jpeg,test,real,0,0,0.30446934700012207,jpeg_q30,30
real_00137.jpeg,test,real,0,0,0.0002967889595311135,jpeg_q30,30
real_00314.jpeg,test,real,0,0,0.036364998668432236,jpeg_q30,30
real_00471.jpeg,test,real,0,0,0.00979554746299982,jpeg_q30,30
real_00365.jpeg,test,real,0,0,0.0004923142259940505,jpeg_q30,30
real_00042.jpeg,test,real,0,0,7.313084804394521e-09,jpeg_q30,30
real_00448.jpeg,test,real,0,0,0.12215918302536011,jpeg_q30,30
real_00188.jpeg,test,real,0,0,4.634208380593918e-06,jpeg_q30,30
real_00245.jpeg,test,real,0,0,0.001963724847882986,jpeg_q30,30
real_00509.jpeg,test,real,0,0,2.3423979655490257e-05,jpeg_q30,30
real_00265.jpeg,test,real,0,0,0.011004449799656868,jpeg_q30,30
real_00443.jpeg,test,real,0,0,0.00018366542644798756,jpeg_q30,30
real_00284.jpeg,test,real,0,0,0.001122277695685625,jpeg_q30,30
real_00386.jpeg,test,real,0,0,9.55718292061647e-07,jpeg_q30,30
real_00548.jpeg,test,real,0,0,1.7634414689382538e-05,jpeg_q30,30
real_00487.jpeg,test,real,0,0,0.0031279386021196842,jpeg_q30,30
real_00549.jpeg,test,real,0,0,0.22611293196678162,jpeg_q30,30
real_00315.jpeg,test,real,0,0,0.0007379259332083166,jpeg_q30,30
real_00464.jpeg,test,real,0,0,0.0011116190580651164,jpeg_q30,30
midjourney_00068.png,test,midjourney,1,0,0.0015284016262739897,jpeg_q30,30
vqdm_00062.png,test,vqdm,1,1,0.8376775979995728,jpeg_q30,30
adm_00019.png,test,adm,1,1,0.6753025650978088,jpeg_q30,30
midjourney_00077.png,test,midjourney,1,0,0.001977788982912898,jpeg_q30,30
adm_00074.png,test,adm,1,1,0.998489499092102,jpeg_q30,30
wukong_00038.png,test,wukong,1,1,0.9997531771659851,jpeg_q30,30
biggan_00049.png,test,biggan,1,0,0.20252850651741028,jpeg_q30,30
midjourney_00036.png,test,midjourney,1,0,0.03448740020394325,jpeg_q30,30
glide_00074.png,test,glide,1,0,0.006310745608061552,jpeg_q30,30
sdv5_00043.png,test,sdv5,1,0,0.03664567321538925,jpeg_q30,30
wukong_00067.png,test,wukong,1,1,0.9951051473617554,jpeg_q30,30
vqdm_00041.png,test,vqdm,1,1,0.8479605913162231,jpeg_q30,30
wukong_00066.png,test,wukong,1,0,0.24580851197242737,jpeg_q30,30
vqdm_00061.png,test,vqdm,1,1,0.7350483536720276,jpeg_q30,30
biggan_00010.png,test,biggan,1,0,0.02930004894733429,jpeg_q30,30
midjourney_00011.png,test,midjourney,1,1,0.9904712438583374,jpeg_q30,30
adm_00067.png,test,adm,1,1,0.9980276226997375,jpeg_q30,30
adm_00063.png,test,adm,1,1,0.9097328186035156,jpeg_q30,30
wukong_00015.png,test,wukong,1,1,0.9448466300964355,jpeg_q30,30
vqdm_00004.png,test,vqdm,1,0,0.0955449715256691,jpeg_q30,30
midjourney_00005.png,test,midjourney,1,1,0.6871559023857117,jpeg_q30,30
adm_00014.png,test,adm,1,1,0.9986827969551086,jpeg_q30,30
glide_00069.png,test,glide,1,0,0.0037568341940641403,jpeg_q30,30
vqdm_00010.png,test,vqdm,1,1,0.9992837309837341,jpeg_q30,30
sdv5_00046.png,test,sdv5,1,1,0.986515998840332,jpeg_q30,30
wukong_00023.png,test,wukong,1,0,0.3553318679332733,jpeg_q30,30
midjourney_00074.png,test,midjourney,1,1,0.5972442626953125,jpeg_q30,30
midjourney_00039.png,test,midjourney,1,1,0.81085604429245,jpeg_q30,30
vqdm_00024.png,test,vqdm,1,0,0.1898898035287857,jpeg_q30,30
wukong_00075.png,test,wukong,1,1,0.8023276925086975,jpeg_q30,30
biggan_00050.png,test,biggan,1,1,0.9221093654632568,jpeg_q30,30
midjourney_00059.png,test,midjourney,1,1,0.8028976321220398,jpeg_q30,30
biggan_00029.png,test,biggan,1,0,0.0001767714275047183,jpeg_q30,30
sdv5_00039.png,test,sdv5,1,0,0.13475435972213745,jpeg_q30,30
glide_00061.png,test,glide,1,0,0.013354720547795296,jpeg_q30,30
biggan_00012.png,test,biggan,1,0,0.014954389072954655,jpeg_q30,30
biggan_00080.png,test,biggan,1,1,0.9252333641052246,jpeg_q30,30
glide_00053.png,test,glide,1,0,0.014084060676395893,jpeg_q30,30
vqdm_00006.png,test,vqdm,1,0,0.17276665568351746,jpeg_q30,30
adm_00023.png,test,adm,1,1,0.9995476603507996,jpeg_q30,30
sdv5_00054.png,test,sdv5,1,1,0.9719843864440918,jpeg_q30,30
midjourney_00021.png,test,midjourney,1,1,0.9844098091125488,jpeg_q30,30
vqdm_00065.png,test,vqdm,1,0,0.0017800786299631,jpeg_q30,30
biggan_00055.png,test,biggan,1,0,0.0005054037901572883,jpeg_q30,30
wukong_00003.png,test,wukong,1,1,0.9879470467567444,jpeg_q30,30
biggan_00022.png,test,biggan,1,0,0.0003447317285463214,jpeg_q30,30
biggan_00081.png,test,biggan,1,0,0.09527420252561569,jpeg_q30,30
vqdm_00049.png,test,vqdm,1,0,0.4969903826713562,jpeg_q30,30
sdv5_00076.png,test,sdv5,1,1,0.9997578263282776,jpeg_q30,30
vqdm_00011.png,test,vqdm,1,0,0.3920176923274994,jpeg_q30,30
adm_00039.png,test,adm,1,1,0.9992415904998779,jpeg_q30,30
glide_00023.png,test,glide,1,0,0.002191149862483144,jpeg_q30,30
sdv5_00063.png,test,sdv5,1,1,0.995152473449707,jpeg_q30,30
biggan_00059.png,test,biggan,1,0,0.3581792414188385,jpeg_q30,30
glide_00015.png,test,glide,1,0,0.46192467212677,jpeg_q30,30
wukong_00047.png,test,wukong,1,0,0.13315173983573914,jpeg_q30,30
vqdm_00037.png,test,vqdm,1,1,0.8656457662582397,jpeg_q30,30
wukong_00080.png,test,wukong,1,1,0.9999456405639648,jpeg_q30,30
midjourney_00076.png,test,midjourney,1,1,0.9648424983024597,jpeg_q30,30
sdv5_00061.png,test,sdv5,1,1,0.9997528195381165,jpeg_q30,30
adm_00029.png,test,adm,1,1,0.9759791493415833,jpeg_q30,30
glide_00039.png,test,glide,1,0,0.12817813456058502,jpeg_q30,30
adm_00072.png,test,adm,1,0,0.001473344978876412,jpeg_q30,30
sdv5_00051.png,test,sdv5,1,1,0.9998900890350342,jpeg_q30,30
sdv5_00066.png,test,sdv5,1,1,0.8921358585357666,jpeg_q30,30
midjourney_00078.png,test,midjourney,1,1,0.9999371767044067,jpeg_q30,30
vqdm_00017.png,test,vqdm,1,0,0.0096565717831254,jpeg_q30,30
sdv5_00073.png,test,sdv5,1,1,0.9334089756011963,jpeg_q30,30
midjourney_00045.png,test,midjourney,1,0,0.42883357405662537,jpeg_q30,30
vqdm_00073.png,test,vqdm,1,0,0.07900255918502808,jpeg_q30,30
sdv5_00008.png,test,sdv5,1,1,0.9992777705192566,jpeg_q30,30
midjourney_00061.png,test,midjourney,1,0,0.00965168047696352,jpeg_q30,30
adm_00015.png,test,adm,1,1,0.9998263716697693,jpeg_q30,30
vqdm_00068.png,test,vqdm,1,0,4.497042027651332e-06,jpeg_q30,30
midjourney_00053.png,test,midjourney,1,1,0.9996390342712402,jpeg_q30,30
sdv5_00050.png,test,sdv5,1,1,0.9915623068809509,jpeg_q30,30
glide_00050.png,test,glide,1,1,0.5028210878372192,jpeg_q30,30
midjourney_00069.png,test,midjourney,1,0,0.48499366641044617,jpeg_q30,30
glide_00038.png,test,glide,1,0,0.0960519090294838,jpeg_q30,30
biggan_00011.png,test,biggan,1,0,2.8779031708836555e-06,jpeg_q30,30
biggan_00082.png,test,biggan,1,1,0.878445029258728,jpeg_q30,30
wukong_00005.png,test,wukong,1,1,0.9998667240142822,jpeg_q30,30
wukong_00014.png,test,wukong,1,1,0.9968962669372559,jpeg_q30,30
midjourney_00071.png,test,midjourney,1,0,0.005208614282310009,jpeg_q30,30
midjourney_00009.png,test,midjourney,1,0,0.16729624569416046,jpeg_q30,30
midjourney_00044.png,test,midjourney,1,1,0.9431928396224976,jpeg_q30,30
biggan_00017.png,test,biggan,1,1,0.7717458009719849,jpeg_q30,30
glide_00082.png,test,glide,1,0,0.00013434993161354214,jpeg_q30,30
glide_00037.png,test,glide,1,0,0.01765129342675209,jpeg_q30,30
adm_00027.png,test,adm,1,1,0.9968818426132202,jpeg_q30,30
midjourney_00024.png,test,midjourney,1,1,0.9977893829345703,jpeg_q30,30
glide_00033.png,test,glide,1,0,0.0007605173159390688,jpeg_q30,30
midjourney_00007.png,test,midjourney,1,1,0.9672579169273376,jpeg_q30,30
sdv5_00072.png,test,sdv5,1,1,0.5534062385559082,jpeg_q30,30
wukong_00022.png,test,wukong,1,1,0.9942800998687744,jpeg_q30,30
vqdm_00032.png,test,vqdm,1,0,7.523468411818612e-06,jpeg_q30,30
glide_00009.png,test,glide,1,0,0.23450203239917755,jpeg_q30,30
biggan_00030.png,test,biggan,1,0,0.004115970805287361,jpeg_q30,30
wukong_00057.png,test,wukong,1,1,0.9708846211433411,jpeg_q30,30
adm_00079.png,test,adm,1,1,0.9999723434448242,jpeg_q30,30
vqdm_00031.png,test,vqdm,1,1,0.9498342275619507,jpeg_q30,30
glide_00010.png,test,glide,1,1,0.9999995231628418,jpeg_q30,30
wukong_00009.png,test,wukong,1,1,0.8813519477844238,jpeg_q30,30
glide_00013.png,test,glide,1,0,8.001906621757371e-07,jpeg_q30,30
vqdm_00023.png,test,vqdm,1,0,0.017177917063236237,jpeg_q30,30
sdv5_00011.png,test,sdv5,1,0,0.03512892872095108,jpeg_q30,30
sdv5_00047.png,test,sdv5,1,1,0.999119222164154,jpeg_q30,30
sdv5_00009.png,test,sdv5,1,1,0.9446961283683777,jpeg_q30,30
sdv5_00010.png,test,sdv5,1,1,0.9711713194847107,jpeg_q30,30
glide_00076.png,test,glide,1,0,0.0698549821972847,jpeg_q30,30
adm_00081.png,test,adm,1,1,0.96317458152771,jpeg_q30,30
sdv5_00023.png,test,sdv5,1,1,0.9571217894554138,jpeg_q30,30
biggan_00003.png,test,biggan,1,0,0.00014520189142785966,jpeg_q30,30
wukong_00061.png,test,wukong,1,1,0.9297520518302917,jpeg_q30,30
adm_00085.png,test,adm,1,0,0.02107526734471321,jpeg_q30,30
midjourney_00014.png,test,midjourney,1,1,0.6001588106155396,jpeg_q30,30
vqdm_00042.png,test,vqdm,1,0,0.0013096866896376014,jpeg_q30,30
wukong_00076.png,test,wukong,1,1,0.9985927939414978,jpeg_q30,30
vqdm_00035.png,test,vqdm,1,0,0.0020884969271719456,jpeg_q30,30
sdv5_00037.png,test,sdv5,1,1,0.9545577764511108,jpeg_q30,30
biggan_00000.png,test,biggan,1,0,0.021107137203216553,jpeg_q30,30
sdv5_00053.png,test,sdv5,1,1,0.9995214939117432,jpeg_q30,30
midjourney_00034.png,test,midjourney,1,1,0.9893425703048706,jpeg_q30,30
wukong_00033.png,test,wukong,1,1,0.9658790230751038,jpeg_q30,30
glide_00011.png,test,glide,1,0,0.003733222372829914,jpeg_q30,30
glide_00008.png,test,glide,1,1,0.662947416305542,jpeg_q30,30
adm_00044.png,test,adm,1,0,0.1644534021615982,jpeg_q30,30
sdv5_00029.png,test,sdv5,1,1,0.999985933303833,jpeg_q30,30
sdv5_00081.png,test,sdv5,1,1,0.9996447563171387,jpeg_q30,30
sdv5_00040.png,test,sdv5,1,0,0.33817219734191895,jpeg_q30,30
adm_00042.png,test,adm,1,0,0.42607980966567993,jpeg_q30,30
sdv5_00059.png,test,sdv5,1,1,0.9238358736038208,jpeg_q30,30
wukong_00017.png,test,wukong,1,1,0.9991641044616699,jpeg_q30,30
wukong_00058.png,test,wukong,1,1,0.9992699027061462,jpeg_q30,30
adm_00086.png,test,adm,1,0,0.4842936396598816,jpeg_q30,30
midjourney_00049.png,test,midjourney,1,1,0.8731104731559753,jpeg_q30,30
midjourney_00065.png,test,midjourney,1,1,0.9999995231628418,jpeg_q30,30
midjourney_00006.png,test,midjourney,1,1,0.9652431607246399,jpeg_q30,30
wukong_00079.png,test,wukong,1,1,0.9780578017234802,jpeg_q30,30
sdv5_00085.png,test,sdv5,1,1,0.9998434782028198,jpeg_q30,30
sdv5_00065.png,test,sdv5,1,1,0.9291989207267761,jpeg_q30,30
wukong_00037.png,test,wukong,1,1,0.9771729707717896,jpeg_q30,30
biggan_00032.png,test,biggan,1,0,0.0037850006483495235,jpeg_q30,30
wukong_00011.png,test,wukong,1,1,0.9999148845672607,jpeg_q30,30
biggan_00053.png,test,biggan,1,1,0.9844382405281067,jpeg_q30,30
sdv5_00005.png,test,sdv5,1,1,0.9510366320610046,jpeg_q30,30
adm_00057.png,test,adm,1,0,0.3004186451435089,jpeg_q30,30
wukong_00024.png,test,wukong,1,1,0.9723016023635864,jpeg_q30,30
glide_00056.png,test,glide,1,1,0.8510561585426331,jpeg_q30,30
adm_00004.png,test,adm,1,1,0.9387357234954834,jpeg_q30,30
midjourney_00081.png,test,midjourney,1,0,0.00018714800535235554,jpeg_q30,30
sdv5_00083.png,test,sdv5,1,0,0.00041679610149003565,jpeg_q30,30
glide_00042.png,test,glide,1,0,0.1933094561100006,jpeg_q30,30
glide_00029.png,test,glide,1,0,0.0030141740571707487,jpeg_q30,30
vqdm_00022.png,test,vqdm,1,0,0.03878525272011757,jpeg_q30,30
adm_00007.png,test,adm,1,1,0.5552561283111572,jpeg_q30,30
vqdm_00082.png,test,vqdm,1,0,0.0043534524738788605,jpeg_q30,30
glide_00052.png,test,glide,1,1,0.8337799906730652,jpeg_q30,30
adm_00066.png,test,adm,1,1,0.8076032400131226,jpeg_q30,30
sdv5_00026.png,test,sdv5,1,0,0.16739395260810852,jpeg_q30,30
wukong_00004.png,test,wukong,1,1,0.9999531507492065,jpeg_q30,30
wukong_00034.png,test,wukong,1,1,0.9877514839172363,jpeg_q30,30
adm_00073.png,test,adm,1,1,0.9265134334564209,jpeg_q30,30
sdv5_00056.png,test,sdv5,1,1,0.842805027961731,jpeg_q30,30
adm_00050.png,test,adm,1,0,0.15665993094444275,jpeg_q30,30
biggan_00004.png,test,biggan,1,0,0.03717678785324097,jpeg_q30,30
midjourney_00063.png,test,midjourney,1,1,0.7606234550476074,jpeg_q30,30
glide_00007.png,test,glide,1,0,0.0021793274208903313,jpeg_q30,30
vqdm_00059.png,test,vqdm,1,0,0.014955637976527214,jpeg_q30,30
midjourney_00051.png,test,midjourney,1,0,0.007425198797136545,jpeg_q30,30
adm_00040.png,test,adm,1,1,0.5616524815559387,jpeg_q30,30
vqdm_00046.png,test,vqdm,1,0,0.011428807862102985,jpeg_q30,30
glide_00071.png,test,glide,1,0,0.02757859416306019,jpeg_q30,30
midjourney_00040.png,test,midjourney,1,0,0.2524319291114807,jpeg_q30,30
biggan_00056.png,test,biggan,1,1,0.5762746930122375,jpeg_q30,30
wukong_00030.png,test,wukong,1,1,0.7648635506629944,jpeg_q30,30
adm_00045.png,test,adm,1,0,0.00802725087851286,jpeg_q30,30
vqdm_00069.png,test,vqdm,1,0,0.05953877791762352,jpeg_q30,30
sdv5_00013.png,test,sdv5,1,1,0.8200702667236328,jpeg_q30,30
adm_00058.png,test,adm,1,1,0.9341565370559692,jpeg_q30,30
biggan_00037.png,test,biggan,1,1,0.9994465708732605,jpeg_q30,30
vqdm_00039.png,test,vqdm,1,1,0.5910123586654663,jpeg_q30,30
sdv5_00034.png,test,sdv5,1,1,0.9966562986373901,jpeg_q30,30
glide_00047.png,test,glide,1,0,0.026560837402939796,jpeg_q30,30
biggan_00063.png,test,biggan,1,0,0.026116997003555298,jpeg_q30,30
glide_00045.png,test,glide,1,1,0.818530797958374,jpeg_q30,30
wukong_00027.png,test,wukong,1,1,0.9784024357795715,jpeg_q30,30
vqdm_00027.png,test,vqdm,1,0,0.0007289698696695268,jpeg_q30,30
glide_00024.png,test,glide,1,0,0.27129119634628296,jpeg_q30,30
wukong_00085.png,test,wukong,1,1,0.9857521653175354,jpeg_q30,30
glide_00043.png,test,glide,1,0,0.06422005593776703,jpeg_q30,30
vqdm_00055.png,test,vqdm,1,0,0.34130290150642395,jpeg_q30,30
midjourney_00057.png,test,midjourney,1,1,0.9966369867324829,jpeg_q30,30
wukong_00062.png,test,wukong,1,0,0.45612597465515137,jpeg_q30,30
sdv5_00007.png,test,sdv5,1,1,0.9971031546592712,jpeg_q30,30
biggan_00043.png,test,biggan,1,0,6.580302851943998e-06,jpeg_q30,30
adm_00083.png,test,adm,1,1,0.9276303648948669,jpeg_q30,30
adm_00052.png,test,adm,1,1,0.9994326233863831,jpeg_q30,30
wukong_00032.png,test,wukong,1,1,0.825334370136261,jpeg_q30,30
midjourney_00047.png,test,midjourney,1,1,0.9990211725234985,jpeg_q30,30
midjourney_00072.png,test,midjourney,1,1,0.9989727735519409,jpeg_q30,30
wukong_00010.png,test,wukong,1,1,0.9593095183372498,jpeg_q30,30
sdv5_00021.png,test,sdv5,1,1,0.9269850254058838,jpeg_q30,30
biggan_00009.png,test,biggan,1,1,0.9784210324287415,jpeg_q30,30
wukong_00043.png,test,wukong,1,1,0.9998295307159424,jpeg_q30,30
vqdm_00034.png,test,vqdm,1,0,0.3106268346309662,jpeg_q30,30
biggan_00023.png,test,biggan,1,1,0.9444133639335632,jpeg_q30,30
glide_00080.png,test,glide,1,1,0.9302213788032532,jpeg_q30,30
midjourney_00008.png,test,midjourney,1,0,0.045485615730285645,jpeg_q30,30
biggan_00024.png,test,biggan,1,1,0.9151943922042847,jpeg_q30,30
midjourney_00002.png,test,midjourney,1,0,0.32158327102661133,jpeg_q30,30
midjourney_00000.png,test,midjourney,1,1,0.577884316444397,jpeg_q30,30
adm_00084.png,test,adm,1,1,0.999569833278656,jpeg_q30,30
biggan_00042.png,test,biggan,1,0,0.018567927181720734,jpeg_q30,30
wukong_00018.png,test,wukong,1,1,0.9957939386367798,jpeg_q30,30
vqdm_00021.png,test,vqdm,1,1,0.5485113859176636,jpeg_q30,30
sdv5_00057.png,test,sdv5,1,1,0.7143160104751587,jpeg_q30,30
midjourney_00029.png,test,midjourney,1,1,0.7618690729141235,jpeg_q30,30
sdv5_00004.png,test,sdv5,1,0,0.07541421055793762,jpeg_q30,30
wukong_00063.png,test,wukong,1,0,0.04182368144392967,jpeg_q30,30
glide_00057.png,test,glide,1,1,0.6006119847297668,jpeg_q30,30
wukong_00074.png,test,wukong,1,0,0.23828867077827454,jpeg_q30,30
adm_00070.png,test,adm,1,0,0.00010954264143947512,jpeg_q30,30
midjourney_00018.png,test,midjourney,1,1,0.9861706495285034,jpeg_q30,30
vqdm_00081.png,test,vqdm,1,0,0.0955943688750267,jpeg_q30,30
vqdm_00075.png,test,vqdm,1,0,0.3654906153678894,jpeg_q30,30
glide_00059.png,test,glide,1,0,0.007068127393722534,jpeg_q30,30
vqdm_00002.png,test,vqdm,1,0,0.05030617490410805,jpeg_q30,30
biggan_00045.png,test,biggan,1,0,0.49667707085609436,jpeg_q30,30
sdv5_00075.png,test,sdv5,1,1,0.9809830784797668,jpeg_q30,30
sdv5_00055.png,test,sdv5,1,0,0.041610054671764374,jpeg_q30,30
wukong_00013.png,test,wukong,1,1,0.9852249026298523,jpeg_q30,30
adm_00068.png,test,adm,1,1,0.9179221987724304,jpeg_q30,30
midjourney_00010.png,test,midjourney,1,0,0.019718391820788383,jpeg_q30,30
midjourney_00030.png,test,midjourney,1,1,0.9905039668083191,jpeg_q30,30
sdv5_00074.png,test,sdv5,1,1,0.9999984502792358,jpeg_q30,30
vqdm_00072.png,test,vqdm,1,1,0.950901210308075,jpeg_q30,30
wukong_00031.png,test,wukong,1,1,0.99930739402771,jpeg_q30,30
vqdm_00080.png,test,vqdm,1,0,0.15814471244812012,jpeg_q30,30
midjourney_00043.png,test,midjourney,1,0,0.014806886203587055,jpeg_q30,30
vqdm_00001.png,test,vqdm,1,0,0.33626988530158997,jpeg_q30,30
glide_00021.png,test,glide,1,1,0.8821135759353638,jpeg_q30,30
midjourney_00037.png,test,midjourney,1,0,0.003660758025944233,jpeg_q30,30
biggan_00031.png,test,biggan,1,0,0.0006993182469159365,jpeg_q30,30
wukong_00072.png,test,wukong,1,1,0.9786884784698486,jpeg_q30,30
midjourney_00055.png,test,midjourney,1,1,0.9695583581924438,jpeg_q30,30
glide_00070.png,test,glide,1,1,0.9379711747169495,jpeg_q30,30
biggan_00057.png,test,biggan,1,0,0.07577060908079147,jpeg_q30,30
midjourney_00075.png,test,midjourney,1,1,0.9979785084724426,jpeg_q30,30
vqdm_00048.png,test,vqdm,1,1,0.9873195886611938,jpeg_q30,30
glide_00034.png,test,glide,1,1,0.9713303446769714,jpeg_q30,30
sdv5_00078.png,test,sdv5,1,1,0.7516054511070251,jpeg_q30,30
midjourney_00062.png,test,midjourney,1,0,0.43488267064094543,jpeg_q30,30
adm_00031.png,test,adm,1,0,0.15887029469013214,jpeg_q30,30
midjourney_00026.png,test,midjourney,1,0,0.1414768546819687,jpeg_q30,30
vqdm_00000.png,test,vqdm,1,0,0.3028360605239868,jpeg_q30,30
adm_00020.png,test,adm,1,0,0.13133381307125092,jpeg_q30,30
adm_00012.png,test,adm,1,1,0.9975367784500122,jpeg_q30,30
adm_00030.png,test,adm,1,1,0.7857092022895813,jpeg_q30,30
midjourney_00070.png,test,midjourney,1,0,0.08531990647315979,jpeg_q30,30
adm_00041.png,test,adm,1,1,0.9980599284172058,jpeg_q30,30
adm_00078.png,test,adm,1,1,0.9300451278686523,jpeg_q30,30
wukong_00068.png,test,wukong,1,1,0.8716964721679688,jpeg_q30,30
biggan_00008.png,test,biggan,1,0,0.061228714883327484,jpeg_q30,30
adm_00069.png,test,adm,1,1,0.9956739544868469,jpeg_q30,30
vqdm_00056.png,test,vqdm,1,1,0.7323305606842041,jpeg_q30,30
sdv5_00036.png,test,sdv5,1,1,0.7423512935638428,jpeg_q30,30
vqdm_00079.png,test,vqdm,1,0,0.030123719945549965,jpeg_q30,30
midjourney_00017.png,test,midjourney,1,0,0.15111882984638214,jpeg_q30,30
biggan_00033.png,test,biggan,1,0,0.038631271570920944,jpeg_q30,30
biggan_00018.png,test,biggan,1,1,0.5982030034065247,jpeg_q30,30
sdv5_00001.png,test,sdv5,1,0,0.3565714359283447,jpeg_q30,30
sdv5_00020.png,test,sdv5,1,1,0.9821531176567078,jpeg_q30,30
biggan_00048.png,test,biggan,1,1,0.9947202205657959,jpeg_q30,30
biggan_00058.png,test,biggan,1,1,0.9618421196937561,jpeg_q30,30
midjourney_00066.png,test,midjourney,1,0,0.10304101556539536,jpeg_q30,30
midjourney_00080.png,test,midjourney,1,0,0.014984053559601307,jpeg_q30,30
adm_00005.png,test,adm,1,1,0.9586626887321472,jpeg_q30,30
adm_00003.png,test,adm,1,1,0.98853600025177,jpeg_q30,30
adm_00024.png,test,adm,1,1,0.8620507121086121,jpeg_q30,30
sdv5_00000.png,test,sdv5,1,1,0.9991934895515442,jpeg_q30,30
biggan_00001.png,test,biggan,1,0,0.0013812975957989693,jpeg_q30,30
vqdm_00014.png,test,vqdm,1,1,0.9161405563354492,jpeg_q30,30
biggan_00028.png,test,biggan,1,1,0.9294679164886475,jpeg_q30,30
midjourney_00028.png,test,midjourney,1,0,0.013229668140411377,jpeg_q30,30
biggan_00027.png,test,biggan,1,1,0.7365241050720215,jpeg_q30,30
sdv5_00049.png,test,sdv5,1,1,0.851338803768158,jpeg_q30,30
vqdm_00029.png,test,vqdm,1,0,0.3091886639595032,jpeg_q30,30
adm_00035.png,test,adm,1,1,0.9668243527412415,jpeg_q30,30
adm_00011.png,test,adm,1,1,0.9967566132545471,jpeg_q30,30
biggan_00078.png,test,biggan,1,1,0.5508179664611816,jpeg_q30,30
midjourney_00013.png,test,midjourney,1,1,0.9809989333152771,jpeg_q30,30
sdv5_00067.png,test,sdv5,1,1,0.9064909219741821,jpeg_q30,30
biggan_00006.png,test,biggan,1,0,0.002415706403553486,jpeg_q30,30
vqdm_00078.png,test,vqdm,1,0,0.008011417463421822,jpeg_q30,30
glide_00049.png,test,glide,1,0,0.0008973769145086408,jpeg_q30,30
midjourney_00050.png,test,midjourney,1,1,0.9971580505371094,jpeg_q30,30
glide_00017.png,test,glide,1,1,0.6344867944717407,jpeg_q30,30
wukong_00008.png,test,wukong,1,1,0.9999978542327881,jpeg_q30,30
sdv5_00014.png,test,sdv5,1,1,0.8537474274635315,jpeg_q30,30
biggan_00052.png,test,biggan,1,0,0.0012632326688617468,jpeg_q30,30
wukong_00059.png,test,wukong,1,1,0.9861665964126587,jpeg_q30,30
glide_00078.png,test,glide,1,0,0.38237154483795166,jpeg_q30,30
adm_00034.png,test,adm,1,1,0.9996575117111206,jpeg_q30,30
wukong_00006.png,test,wukong,1,1,0.8672627210617065,jpeg_q30,30
biggan_00046.png,test,biggan,1,1,0.9999926090240479,jpeg_q30,30
wukong_00073.png,test,wukong,1,1,0.833379328250885,jpeg_q30,30
midjourney_00046.png,test,midjourney,1,1,0.5962774157524109,jpeg_q30,30
glide_00068.png,test,glide,1,0,0.00048799527576193213,jpeg_q30,30
midjourney_00058.png,test,midjourney,1,0,0.33102354407310486,jpeg_q30,30
glide_00001.png,test,glide,1,0,0.0029952784534543753,jpeg_q30,30
glide_00041.png,test,glide,1,1,1.0,jpeg_q30,30
glide_00014.png,test,glide,1,0,0.00018762453692033887,jpeg_q30,30
adm_00013.png,test,adm,1,1,0.7311562299728394,jpeg_q30,30
glide_00063.png,test,glide,1,0,0.017133846879005432,jpeg_q30,30
wukong_00045.png,test,wukong,1,1,0.9975764155387878,jpeg_q30,30
biggan_00079.png,test,biggan,1,1,0.9618675112724304,jpeg_q30,30
adm_00002.png,test,adm,1,1,0.9999979734420776,jpeg_q30,30
midjourney_00041.png,test,midjourney,1,1,0.5489256978034973,jpeg_q30,30
vqdm_00044.png,test,vqdm,1,0,0.061670541763305664,jpeg_q30,30
adm_00043.png,test,adm,1,0,0.000694243935868144,jpeg_q30,30
sdv5_00017.png,test,sdv5,1,1,0.9892680048942566,jpeg_q30,30
vqdm_00052.png,test,vqdm,1,0,0.0005101913120597601,jpeg_q30,30
adm_00036.png,test,adm,1,1,0.9920350909233093,jpeg_q30,30
biggan_00083.png,test,biggan,1,1,0.8766353726387024,jpeg_q30,30
glide_00020.png,test,glide,1,1,0.9998052716255188,jpeg_q30,30
midjourney_00054.png,test,midjourney,1,0,0.0313747338950634,jpeg_q30,30
adm_00032.png,test,adm,1,1,0.9313455820083618,jpeg_q30,30
glide_00058.png,test,glide,1,1,0.5459264516830444,jpeg_q30,30
vqdm_00008.png,test,vqdm,1,1,0.6855909824371338,jpeg_q30,30
adm_00026.png,test,adm,1,1,0.7858185172080994,jpeg_q30,30
midjourney_00082.png,test,midjourney,1,0,0.09915492683649063,jpeg_q30,30
wukong_00012.png,test,wukong,1,0,0.3915240466594696,jpeg_q30,30
glide_00048.png,test,glide,1,0,0.0009389163460582495,jpeg_q30,30
midjourney_00033.png,test,midjourney,1,1,0.993919849395752,jpeg_q30,30
vqdm_00060.png,test,vqdm,1,0,0.036956265568733215,jpeg_q30,30
wukong_00052.png,test,wukong,1,1,0.999992847442627,jpeg_q30,30
adm_00021.png,test,adm,1,0,0.0005982458824291825,jpeg_q30,30
wukong_00042.png,test,wukong,1,0,0.4809727668762207,jpeg_q30,30
vqdm_00071.png,test,vqdm,1,1,0.8378150463104248,jpeg_q30,30
glide_00026.png,test,glide,1,1,0.9966895580291748,jpeg_q30,30
biggan_00019.png,test,biggan,1,1,0.7434542775154114,jpeg_q30,30
glide_00051.png,test,glide,1,0,0.09220921993255615,jpeg_q30,30
adm_00056.png,test,adm,1,1,0.9119724631309509,jpeg_q30,30
glide_00012.png,test,glide,1,0,0.27685490250587463,jpeg_q30,30
adm_00017.png,test,adm,1,0,0.002684545237571001,jpeg_q30,30
wukong_00020.png,test,wukong,1,1,0.9819175601005554,jpeg_q30,30
sdv5_00069.png,test,sdv5,1,1,0.8731588125228882,jpeg_q30,30
vqdm_00064.png,test,vqdm,1,0,0.003078448586165905,jpeg_q30,30
wukong_00050.png,test,wukong,1,1,0.6288711428642273,jpeg_q30,30
glide_00032.png,test,glide,1,0,0.019822465255856514,jpeg_q30,30
glide_00040.png,test,glide,1,0,0.09312805533409119,jpeg_q30,30
glide_00064.png,test,glide,1,0,1.5099037227628287e-05,jpeg_q30,30
adm_00016.png,test,adm,1,0,0.4016173779964447,jpeg_q30,30
biggan_00066.png,test,biggan,1,1,0.961503803730011,jpeg_q30,30
vqdm_00013.png,test,vqdm,1,0,0.00012835740926675498,jpeg_q30,30
sdv5_00024.png,test,sdv5,1,1,0.9545243382453918,jpeg_q30,30
sdv5_00030.png,test,sdv5,1,1,0.9384792447090149,jpeg_q30,30
wukong_00051.png,test,wukong,1,1,0.9700600504875183,jpeg_q30,30
sdv5_00077.png,test,sdv5,1,1,0.9990031123161316,jpeg_q30,30
biggan_00013.png,test,biggan,1,0,0.1440342217683792,jpeg_q30,30
wukong_00064.png,test,wukong,1,1,0.9999337196350098,jpeg_q30,30
vqdm_00025.png,test,vqdm,1,0,1.4954995322113973e-06,jpeg_q30,30
glide_00002.png,test,glide,1,1,0.6363289952278137,jpeg_q30,30
midjourney_00079.png,test,midjourney,1,0,0.12526071071624756,jpeg_q30,30
wukong_00039.png,test,wukong,1,0,0.23975688219070435,jpeg_q30,30
vqdm_00020.png,test,vqdm,1,1,0.6969886422157288,jpeg_q30,30
sdv5_00032.png,test,sdv5,1,1,0.9838535785675049,jpeg_q30,30
sdv5_00003.png,test,sdv5,1,0,0.004528605844825506,jpeg_q30,30
wukong_00078.png,test,wukong,1,1,0.8969622254371643,jpeg_q30,30
wukong_00065.png,test,wukong,1,1,0.9878169894218445,jpeg_q30,30
biggan_00014.png,test,biggan,1,0,0.0010678591206669807,jpeg_q30,30
adm_00006.png,test,adm,1,1,0.9991158843040466,jpeg_q30,30
wukong_00056.png,test,wukong,1,1,0.9998881816864014,jpeg_q30,30
biggan_00005.png,test,biggan,1,1,0.7760409116744995,jpeg_q30,30
wukong_00002.png,test,wukong,1,0,0.4334113299846649,jpeg_q30,30
wukong_00055.png,test,wukong,1,0,0.0053447335958480835,jpeg_q30,30
sdv5_00016.png,test,sdv5,1,1,0.5290213227272034,jpeg_q30,30
biggan_00065.png,test,biggan,1,0,0.00014996706158854067,jpeg_q30,30
vqdm_00019.png,test,vqdm,1,0,0.08875301480293274,jpeg_q30,30
adm_00038.png,test,adm,1,1,0.7838043570518494,jpeg_q30,30
sdv5_00044.png,test,sdv5,1,1,0.584675133228302,jpeg_q30,30
midjourney_00084.png,test,midjourney,1,1,0.9996428489685059,jpeg_q30,30
midjourney_00025.png,test,midjourney,1,0,0.008014759980142117,jpeg_q30,30
biggan_00061.png,test,biggan,1,0,0.054925188422203064,jpeg_q30,30
sdv5_00071.png,test,sdv5,1,1,0.9999423027038574,jpeg_q30,30
biggan_00074.png,test,biggan,1,0,0.014070585370063782,jpeg_q30,30
vqdm_00077.png,test,vqdm,1,0,0.07543725520372391,jpeg_q30,30
midjourney_00001.png,test,midjourney,1,1,0.9852489829063416,jpeg_q30,30
biggan_00069.png,test,biggan,1,0,0.003913165535777807,jpeg_q30,30
glide_00005.png,test,glide,1,1,0.6467896699905396,jpeg_q30,30
sdv5_00015.png,test,sdv5,1,1,0.6807919144630432,jpeg_q30,30
vqdm_00012.png,test,vqdm,1,0,0.4522744417190552,jpeg_q30,30
wukong_00077.png,test,wukong,1,0,0.4392317533493042,jpeg_q30,30
midjourney_00023.png,test,midjourney,1,0,0.0037999607156962156,jpeg_q30,30
sdv5_00045.png,test,sdv5,1,1,0.8887702226638794,jpeg_q30,30
adm_00033.png,test,adm,1,1,0.776164710521698,jpeg_q30,30
wukong_00083.png,test,wukong,1,1,0.9179167747497559,jpeg_q30,30
biggan_00034.png,test,biggan,1,0,0.09691037982702255,jpeg_q30,30
biggan_00070.png,test,biggan,1,0,0.0001601957919774577,jpeg_q30,30
biggan_00076.png,test,biggan,1,0,0.009913768619298935,jpeg_q30,30
midjourney_00067.png,test,midjourney,1,0,0.3507484793663025,jpeg_q30,30
biggan_00062.png,test,biggan,1,1,0.8191290497779846,jpeg_q30,30
midjourney_00027.png,test,midjourney,1,1,0.9700891375541687,jpeg_q30,30
biggan_00077.png,test,biggan,1,0,3.0213999707484618e-05,jpeg_q30,30
wukong_00053.png,test,wukong,1,1,0.9999990463256836,jpeg_q30,30
sdv5_00080.png,test,sdv5,1,1,1.0,jpeg_q30,30
glide_00035.png,test,glide,1,0,9.939797249169935e-12,jpeg_q30,30
adm_00022.png,test,adm,1,1,0.999685525894165,jpeg_q30,30
vqdm_00070.png,test,vqdm,1,0,1.9859768144669943e-05,jpeg_q30,30
wukong_00019.png,test,wukong,1,1,0.5701470375061035,jpeg_q30,30
glide_00036.png,test,glide,1,0,8.167191117536277e-05,jpeg_q30,30
adm_00054.png,test,adm,1,1,0.9999288320541382,jpeg_q30,30
glide_00060.png,test,glide,1,0,0.004195439163595438,jpeg_q30,30
adm_00061.png,test,adm,1,1,0.925216019153595,jpeg_q30,30
vqdm_00028.png,test,vqdm,1,0,1.8930248302240216e-07,jpeg_q30,30
vqdm_00026.png,test,vqdm,1,0,0.031496983021497726,jpeg_q30,30
vqdm_00054.png,test,vqdm,1,0,4.501230432651937e-05,jpeg_q30,30
biggan_00021.png,test,biggan,1,0,0.004796658176928759,jpeg_q30,30
vqdm_00005.png,test,vqdm,1,0,0.3090659976005554,jpeg_q30,30
glide_00055.png,test,glide,1,0,0.0009770711185410619,jpeg_q30,30
biggan_00075.png,test,biggan,1,0,0.019420627504587173,jpeg_q30,30
wukong_00046.png,test,wukong,1,1,1.0,jpeg_q30,30
wukong_00084.png,test,wukong,1,1,0.6085715293884277,jpeg_q30,30
wukong_00025.png,test,wukong,1,1,0.9644413590431213,jpeg_q30,30
vqdm_00009.png,test,vqdm,1,1,0.7642523050308228,jpeg_q30,30
glide_00019.png,test,glide,1,1,0.9096628427505493,jpeg_q30,30
biggan_00040.png,test,biggan,1,1,0.6672279834747314,jpeg_q30,30
vqdm_00007.png,test,vqdm,1,0,1.0285172891144612e-07,jpeg_q30,30
vqdm_00076.png,test,vqdm,1,0,0.05486823618412018,jpeg_q30,30
glide_00066.png,test,glide,1,0,4.4056145270587876e-05,jpeg_q30,30
biggan_00073.png,test,biggan,1,0,0.07086248695850372,jpeg_q30,30
glide_00072.png,test,glide,1,0,0.2238280475139618,jpeg_q30,30
midjourney_00038.png,test,midjourney,1,0,0.4121050238609314,jpeg_q30,30
vqdm_00016.png,test,vqdm,1,0,1.5205532690742984e-06,jpeg_q30,30
glide_00006.png,test,glide,1,1,0.9825642704963684,jpeg_q30,30
glide_00065.png,test,glide,1,0,0.006163866259157658,jpeg_q30,30
adm_00055.png,test,adm,1,0,0.32077550888061523,jpeg_q30,30
midjourney_00073.png,test,midjourney,1,0,0.09161384403705597,jpeg_q30,30
midjourney_00020.png,test,midjourney,1,1,0.7958775162696838,jpeg_q30,30
sdv5_00012.png,test,sdv5,1,1,0.995974600315094,jpeg_q30,30
wukong_00028.png,test,wukong,1,1,0.9395977258682251,jpeg_q30,30
midjourney_00056.png,test,midjourney,1,1,0.5275537371635437,jpeg_q30,30
vqdm_00067.png,test,vqdm,1,0,1.3305040624800313e-07,jpeg_q30,30
adm_00037.png,test,adm,1,1,0.9996432065963745,jpeg_q30,30
adm_00064.png,test,adm,1,0,0.09061931073665619,jpeg_q30,30
vqdm_00084.png,test,vqdm,1,0,0.4605485498905182,jpeg_q30,30
sdv5_00052.png,test,sdv5,1,1,0.9912939667701721,jpeg_q30,30
biggan_00035.png,test,biggan,1,0,0.3939991593360901,jpeg_q30,30
vqdm_00043.png,test,vqdm,1,0,0.03906956687569618,jpeg_q30,30
adm_00028.png,test,adm,1,1,0.6865871548652649,jpeg_q30,30
glide_00027.png,test,glide,1,0,0.10270433872938156,jpeg_q30,30
sdv5_00042.png,test,sdv5,1,1,0.9911940693855286,jpeg_q30,30
glide_00084.png,test,glide,1,0,0.28386250138282776,jpeg_q30,30
sdv5_00025.png,test,sdv5,1,1,0.8975022435188293,jpeg_q30,30
adm_00009.png,test,adm,1,1,0.8855916857719421,jpeg_q30,30
sdv5_00031.png,test,sdv5,1,1,0.9991093277931213,jpeg_q30,30
wukong_00000.png,test,wukong,1,1,0.9474501609802246,jpeg_q30,30
wukong_00069.png,test,wukong,1,1,0.5428080558776855,jpeg_q30,30
biggan_00015.png,test,biggan,1,0,0.0010536315385252237,jpeg_q30,30
glide_00062.png,test,glide,1,0,0.11518749594688416,jpeg_q30,30
adm_00076.png,test,adm,1,1,0.9798136353492737,jpeg_q30,30
vqdm_00015.png,test,vqdm,1,0,0.08507519215345383,jpeg_q30,30
sdv5_00079.png,test,sdv5,1,1,0.9958575367927551,jpeg_q30,30
glide_00083.png,test,glide,1,1,0.7427722215652466,jpeg_q30,30
biggan_00039.png,test,biggan,1,1,0.9926772117614746,jpeg_q30,30
adm_00080.png,test,adm,1,1,0.9998413324356079,jpeg_q30,30
midjourney_00064.png,test,midjourney,1,1,0.9972979426383972,jpeg_q30,30
sdv5_00070.png,test,sdv5,1,1,0.9484035968780518,jpeg_q30,30
glide_00073.png,test,glide,1,0,0.08618344366550446,jpeg_q30,30
vqdm_00018.png,test,vqdm,1,1,0.998200535774231,jpeg_q30,30
adm_00053.png,test,adm,1,0,0.48195016384124756,jpeg_q30,30
biggan_00084.png,test,biggan,1,0,0.22358113527297974,jpeg_q30,30
adm_00018.png,test,adm,1,0,0.4564433693885803,jpeg_q30,30
sdv5_00018.png,test,sdv5,1,1,0.982507050037384,jpeg_q30,30
biggan_00020.png,test,biggan,1,0,0.09902997314929962,jpeg_q30,30
vqdm_00066.png,test,vqdm,1,0,0.01721538044512272,jpeg_q30,30
adm_00048.png,test,adm,1,0,0.04053827002644539,jpeg_q30,30
glide_00077.png,test,glide,1,0,0.011721047572791576,jpeg_q30,30
glide_00000.png,test,glide,1,0,0.2907145321369171,jpeg_q30,30
vqdm_00033.png,test,vqdm,1,0,0.00022559544595424086,jpeg_q30,30
glide_00081.png,test,glide,1,0,0.4883899390697479,jpeg_q30,30
adm_00075.png,test,adm,1,1,0.9793912172317505,jpeg_q30,30
midjourney_00012.png,test,midjourney,1,1,0.9951035976409912,jpeg_q30,30
glide_00028.png,test,glide,1,0,0.10595721006393433,jpeg_q30,30
vqdm_00057.png,test,vqdm,1,1,0.9999998807907104,jpeg_q30,30
sdv5_00068.png,test,sdv5,1,1,0.7088258862495422,jpeg_q30,30
vqdm_00036.png,test,vqdm,1,0,0.0027557595167309046,jpeg_q30,30
adm_00001.png,test,adm,1,1,0.9892874956130981,jpeg_q30,30
biggan_00054.png,test,biggan,1,1,0.6573972105979919,jpeg_q30,30
vqdm_00058.png,test,vqdm,1,1,0.909535825252533,jpeg_q30,30
sdv5_00035.png,test,sdv5,1,1,0.974239706993103,jpeg_q30,30
glide_00018.png,test,glide,1,0,3.152894691993424e-07,jpeg_q30,30
adm_00008.png,test,adm,1,0,0.0105590233579278,jpeg_q30,30
biggan_00067.png,test,biggan,1,1,0.6305843591690063,jpeg_q30,30
glide_00004.png,test,glide,1,0,0.2065701186656952,jpeg_q30,30
midjourney_00083.png,test,midjourney,1,1,0.9082275629043579,jpeg_q30,30
wukong_00026.png,test,wukong,1,1,0.9996191263198853,jpeg_q30,30
sdv5_00028.png,test,sdv5,1,1,0.6176018714904785,jpeg_q30,30
midjourney_00042.png,test,midjourney,1,1,0.9732561707496643,jpeg_q30,30
adm_00060.png,test,adm,1,0,0.0002005558053497225,jpeg_q30,30
glide_00003.png,test,glide,1,0,0.042965274304151535,jpeg_q30,30
glide_00025.png,test,glide,1,0,0.10563928633928299,jpeg_q30,30
biggan_00026.png,test,biggan,1,1,0.7029925584793091,jpeg_q30,30
adm_00077.png,test,adm,1,1,0.9217617511749268,jpeg_q30,30
adm_00047.png,test,adm,1,1,0.8643195033073425,jpeg_q30,30
sdv5_00033.png,test,sdv5,1,1,0.9996424913406372,jpeg_q30,30
midjourney_00032.png,test,midjourney,1,1,0.9475167989730835,jpeg_q30,30
biggan_00064.png,test,biggan,1,0,3.2288135116687045e-06,jpeg_q30,30
vqdm_00074.png,test,vqdm,1,1,0.998496413230896,jpeg_q30,30
biggan_00038.png,test,biggan,1,1,0.9482676386833191,jpeg_q30,30
adm_00082.png,test,adm,1,1,0.9999942779541016,jpeg_q30,30
wukong_00007.png,test,wukong,1,1,0.802439272403717,jpeg_q30,30
wukong_00060.png,test,wukong,1,1,0.9999440908432007,jpeg_q30,30
sdv5_00041.png,test,sdv5,1,1,0.950522780418396,jpeg_q30,30
vqdm_00038.png,test,vqdm,1,1,0.9537431597709656,jpeg_q30,30
wukong_00001.png,test,wukong,1,1,0.9995089769363403,jpeg_q30,30
midjourney_00015.png,test,midjourney,1,1,0.997383177280426,jpeg_q30,30
biggan_00047.png,test,biggan,1,1,0.9887679219245911,jpeg_q30,30
glide_00030.png,test,glide,1,0,0.000314962409902364,jpeg_q30,30
vqdm_00047.png,test,vqdm,1,0,0.15323002636432648,jpeg_q30,30
sdv5_00084.png,test,sdv5,1,1,0.992168128490448,jpeg_q30,30
vqdm_00083.png,test,vqdm,1,0,0.0452599823474884,jpeg_q30,30
biggan_00068.png,test,biggan,1,0,0.004637679550796747,jpeg_q30,30
sdv5_00058.png,test,sdv5,1,1,0.883528470993042,jpeg_q30,30
sdv5_00006.png,test,sdv5,1,1,0.9997184872627258,jpeg_q30,30
biggan_00044.png,test,biggan,1,0,0.0534813366830349,jpeg_q30,30
midjourney_00003.png,test,midjourney,1,1,0.9681171178817749,jpeg_q30,30
sdv5_00027.png,test,sdv5,1,1,0.9952154159545898,jpeg_q30,30
biggan_00072.png,test,biggan,1,0,0.4300670325756073,jpeg_q30,30
vqdm_00030.png,test,vqdm,1,0,0.0002538236731197685,jpeg_q30,30
vqdm_00085.png,test,vqdm,1,0,0.06211935728788376,jpeg_q30,30
wukong_00071.png,test,wukong,1,1,0.8238335251808167,jpeg_q30,30
adm_00062.png,test,adm,1,0,0.16971030831336975,jpeg_q30,30
adm_00000.png,test,adm,1,0,0.020382840186357498,jpeg_q30,30
wukong_00044.png,test,wukong,1,1,0.9999756813049316,jpeg_q30,30
glide_00075.png,test,glide,1,0,0.017723064869642258,jpeg_q30,30
vqdm_00040.png,test,vqdm,1,0,0.08688647300004959,jpeg_q30,30
wukong_00082.png,test,wukong,1,1,1.0,jpeg_q30,30
midjourney_00019.png,test,midjourney,1,1,0.9933109283447266,jpeg_q30,30
adm_00065.png,test,adm,1,1,0.6223024725914001,jpeg_q30,30
midjourney_00022.png,test,midjourney,1,1,0.6327048540115356,jpeg_q30,30
midjourney_00052.png,test,midjourney,1,0,0.00014282013580668718,jpeg_q30,30
adm_00046.png,test,adm,1,1,0.9998594522476196,jpeg_q30,30
wukong_00048.png,test,wukong,1,1,0.9318302273750305,jpeg_q30,30
vqdm_00045.png,test,vqdm,1,1,0.9276877641677856,jpeg_q30,30
biggan_00036.png,test,biggan,1,0,0.00040196836926043034,jpeg_q30,30
sdv5_00038.png,test,sdv5,1,1,0.9764660596847534,jpeg_q30,30
vqdm_00050.png,test,vqdm,1,0,0.0010932397563010454,jpeg_q30,30
biggan_00041.png,test,biggan,1,0,0.2928753197193146,jpeg_q30,30
vqdm_00051.png,test,vqdm,1,0,0.0003535307478159666,jpeg_q30,30
glide_00054.png,test,glide,1,0,0.010670039802789688,jpeg_q30,30
sdv5_00062.png,test,sdv5,1,1,0.9914590120315552,jpeg_q30,30
sdv5_00060.png,test,sdv5,1,1,0.973091721534729,jpeg_q30,30
glide_00079.png,test,glide,1,0,0.029241926968097687,jpeg_q30,30
midjourney_00004.png,test,midjourney,1,0,0.3313734829425812,jpeg_q30,30
wukong_00040.png,test,wukong,1,1,0.9664502143859863,jpeg_q30,30
biggan_00060.png,test,biggan,1,0,0.10449592769145966,jpeg_q30,30
wukong_00049.png,test,wukong,1,1,0.9653262495994568,jpeg_q30,30
wukong_00035.png,test,wukong,1,1,0.9790357947349548,jpeg_q30,30
adm_00010.png,test,adm,1,1,0.9690092206001282,jpeg_q30,30
sdv5_00064.png,test,sdv5,1,1,0.6650822758674622,jpeg_q30,30
adm_00059.png,test,adm,1,1,0.9991353154182434,jpeg_q30,30
midjourney_00048.png,test,midjourney,1,0,0.04177594929933548,jpeg_q30,30
midjourney_00016.png,test,midjourney,1,0,0.28973156213760376,jpeg_q30,30
biggan_00007.png,test,biggan,1,0,0.01390297431498766,jpeg_q30,30
glide_00067.png,test,glide,1,0,0.023527367040514946,jpeg_q30,30
glide_00046.png,test,glide,1,0,0.02697688713669777,jpeg_q30,30
vqdm_00053.png,test,vqdm,1,1,0.5849602222442627,jpeg_q30,30
adm_00071.png,test,adm,1,1,0.9558095335960388,jpeg_q30,30
glide_00022.png,test,glide,1,0,0.17086347937583923,jpeg_q30,30
sdv5_00082.png,test,sdv5,1,1,0.9987677335739136,jpeg_q30,30
vqdm_00003.png,test,vqdm,1,0,0.036199670284986496,jpeg_q30,30
midjourney_00035.png,test,midjourney,1,0,0.06273441761732101,jpeg_q30,30
glide_00031.png,test,glide,1,1,0.9735399484634399,jpeg_q30,30
vqdm_00063.png,test,vqdm,1,0,0.1313532441854477,jpeg_q30,30
wukong_00016.png,test,wukong,1,0,0.21347056329250336,jpeg_q30,30
wukong_00054.png,test,wukong,1,1,0.9995658993721008,jpeg_q30,30
biggan_00002.png,test,biggan,1,1,0.9288368821144104,jpeg_q30,30
adm_00049.png,test,adm,1,1,0.9219815135002136,jpeg_q30,30
sdv5_00002.png,test,sdv5,1,1,0.9986422657966614,jpeg_q30,30
biggan_00025.png,test,biggan,1,0,0.01696067862212658,jpeg_q30,30
biggan_00071.png,test,biggan,1,0,0.07889826595783234,jpeg_q30,30
biggan_00051.png,test,biggan,1,0,0.007821060717105865,jpeg_q30,30
wukong_00081.png,test,wukong,1,1,0.8081335425376892,jpeg_q30,30
sdv5_00022.png,test,sdv5,1,1,0.6656854152679443,jpeg_q30,30
