filename,split,generator,true_label,pred_label,ai_prob,condition,jpeg_quality,passes
real_00486.jpeg,test,real,0,0,4.8520287236897275e-06,clean,,
real_00382.jpeg,test,real,0,0,2.2681410882796627e-06,clean,,
real_00117.jpeg,test,real,0,0,0.01613054797053337,clean,,
real_00354.jpeg,test,real,0,0,2.897909098464879e-06,clean,,
real_00076.jpeg,test,real,0,0,0.0032622527796775103,clean,,
real_00395.jpeg,test,real,0,0,1.0483491678314749e-05,clean,,
real_00348.jpeg,test,real,0,0,0.40026527643203735,clean,,
real_00307.jpeg,test,real,0,0,0.00011307554814266041,clean,,
real_00438.jpeg,test,real,0,0,3.29099481000128e-09,clean,,
real_00393.jpeg,test,real,0,0,0.0010418527526780963,clean,,
real_00566.jpeg,test,real,0,0,0.000142701028380543,clean,,
real_00055.jpeg,test,real,0,0,0.11507343500852585,clean,,
real_00416.jpeg,test,real,0,0,0.0009264262625947595,clean,,
real_00304.jpeg,test,real,0,0,1.1957493883940629e-09,clean,,
real_00135.jpeg,test,real,0,0,0.28308138251304626,clean,,
real_00387.jpeg,test,real,0,0,2.6960973453782344e-09,clean,,
real_00040.jpeg,test,real,0,0,2.1362688130466267e-05,clean,,
real_00563.jpeg,test,real,0,0,0.0021208026446402073,clean,,
real_00457.jpeg,test,real,0,0,0.27199462056159973,clean,,
real_00561.jpeg,test,real,0,0,1.0695091077650432e-05,clean,,
real_00288.jpeg,test,real,0,0,0.24048905074596405,clean,,
real_00271.jpeg,test,real,0,0,0.010981664061546326,clean,,
real_00185.jpeg,test,real,0,0,0.09169576317071915,clean,,
real_00216.jpeg,test,real,0,0,0.00102913414593786,clean,,
real_00180.jpeg,test,real,0,1,0.7446795105934143,clean,,
real_00189.jpeg,test,real,0,0,0.07495918869972229,clean,,
real_00396.jpeg,test,real,0,0,0.008015390485525131,clean,,
real_00131.jpeg,test,real,0,0,0.00032014932367019355,clean,,
real_00557.jpeg,test,real,0,0,0.0028484531212598085,clean,,
real_00266.jpeg,test,real,0,0,9.913799914329502e-08,clean,,
real_00207.jpeg,test,real,0,0,3.0364109989022836e-05,clean,,
real_00141.jpeg,test,real,0,1,0.9617990255355835,clean,,
real_00407.jpeg,test,real,0,1,0.9998760223388672,clean,,
real_00026.jpeg,test,real,0,0,0.19499234855175018,clean,,
real_00046.jpeg,test,real,0,0,0.0017167478799819946,clean,,
real_00585.jpeg,test,real,0,0,0.0005882573896087706,clean,,
real_00206.jpeg,test,real,0,1,0.977711021900177,clean,,
real_00297.jpeg,test,real,0,0,0.0012491584056988358,clean,,
real_00401.jpeg,test,real,0,0,3.18562779284548e-05,clean,,
real_00339.jpeg,test,real,0,0,0.00426094327121973,clean,,
real_00403.jpeg,test,real,0,1,0.8010417222976685,clean,,
real_00344.jpeg,test,real,0,0,0.0012767501175403595,clean,,
real_00560.jpeg,test,real,0,0,0.03302033990621567,clean,,
real_00553.jpeg,test,real,0,0,0.01314416155219078,clean,,
real_00598.jpeg,test,real,0,0,0.00034340962884016335,clean,,
real_00497.jpeg,test,real,0,0,0.0644509345293045,clean,,
real_00253.jpeg,test,real,0,0,2.502291180251498e-13,clean,,
real_00577.jpeg,test,real,0,0,1.339647042186698e-07,clean,,
real_00394.jpeg,test,real,0,0,0.0034135491587221622,clean,,
real_00445.jpeg,test,real,0,0,0.24803735315799713,clean,,
real_00050.jpeg,test,real,0,0,0.06384836882352829,clean,,
real_00269.jpeg,test,real,0,0,4.898290353594348e-05,clean,,
real_00151.jpeg,test,real,0,1,0.9067183136940002,clean,,
real_00190.jpeg,test,real,0,0,1.5522907403919817e-07,clean,,
real_00250.jpeg,test,real,0,0,0.006123346742242575,clean,,
real_00257.jpeg,test,real,0,0,0.01912732608616352,clean,,
real_00008.jpeg,test,real,0,0,7.843605089874472e-06,clean,,
real_00398.jpeg,test,real,0,0,0.14975866675376892,clean,,
real_00322.jpeg,test,real,0,0,0.0017663638573139906,clean,,
real_00230.jpeg,test,real,0,0,0.34259840846061707,clean,,
real_00219.jpeg,test,real,0,0,0.007566995918750763,clean,,
real_00550.jpeg,test,real,0,0,0.00828379113227129,clean,,
real_00528.jpeg,test,real,0,0,0.0002799215435516089,clean,,
real_00039.jpeg,test,real,0,0,0.013438759371638298,clean,,
real_00274.jpeg,test,real,0,1,0.5651842951774597,clean,,
real_00414.jpeg,test,real,0,0,0.19399197399616241,clean,,
real_00038.jpeg,test,real,0,0,0.025880543515086174,clean,,
real_00434.jpeg,test,real,0,0,0.028431104496121407,clean,,
real_00279.jpeg,test,real,0,0,0.0028967889957129955,clean,,
real_00077.jpeg,test,real,0,0,0.09160711616277695,clean,,
real_00312.jpeg,test,real,0,0,0.19390563666820526,clean,,
real_00482.jpeg,test,real,0,0,0.003594251349568367,clean,,
real_00178.jpeg,test,real,0,0,0.39102301001548767,clean,,
real_00535.jpeg,test,real,0,0,0.09985512495040894,clean,,
real_00345.jpeg,test,real,0,0,0.0019260342232882977,clean,,
real_00019.jpeg,test,real,0,0,0.0005098758265376091,clean,,
real_00143.jpeg,test,real,0,0,0.00028924967045895755,clean,,
real_00496.jpeg,test,real,0,0,0.02350708097219467,clean,,
real_00522.jpeg,test,real,0,0,5.245300179444745e-13,clean,,
real_00451.jpeg,test,real,0,0,4.9232789933739696e-06,clean,,
real_00371.jpeg,test,real,0,0,1.0495617061678786e-05,clean,,
real_00060.jpeg,test,real,0,1,0.577775239944458,clean,,
real_00410.jpeg,test,real,0,0,0.24620573222637177,clean,,
real_00248.jpeg,test,real,0,1,0.6184008121490479,clean,,
real_00043.jpeg,test,real,0,1,0.898965060710907,clean,,
real_00104.jpeg,test,real,0,0,0.0001023784134304151,clean,,
real_00238.jpeg,test,real,0,0,0.00022808961512055248,clean,,
real_00251.jpeg,test,real,0,0,0.00047648046165704727,clean,,
real_00017.jpeg,test,real,0,0,5.172091914573684e-05,clean,,
real_00500.jpeg,test,real,0,0,0.0047601694241166115,clean,,
real_00056.jpeg,test,real,0,0,0.0038507990539073944,clean,,
real_00227.jpeg,test,real,0,0,0.0009589141700416803,clean,,
real_00347.jpeg,test,real,0,0,3.29693449430124e-07,clean,,
real_00176.jpeg,test,real,0,1,0.5747901201248169,clean,,
real_00085.jpeg,test,real,0,0,4.191965126665309e-05,clean,,
real_00586.jpeg,test,real,0,0,4.578585048875539e-06,clean,,
real_00193.jpeg,test,real,0,0,6.74770271871239e-05,clean,,
real_00018.jpeg,test,real,0,1,0.9847474694252014,clean,,
real_00342.jpeg,test,real,0,0,0.03321094810962677,clean,,
real_00359.jpeg,test,real,0,1,0.977895200252533,clean,,
real_00163.jpeg,test,real,0,0,0.45718100666999817,clean,,
real_00527.jpeg,test,real,0,0,0.00010531963926041499,clean,,
real_00444.jpeg,test,real,0,0,0.0005800933577120304,clean,,
real_00440.jpeg,test,real,0,0,0.014482944272458553,clean,,
real_00096.jpeg,test,real,0,0,0.27352187037467957,clean,,
real_00165.jpeg,test,real,0,0,0.0843668282032013,clean,,
real_00576.jpeg,test,real,0,1,0.9787413477897644,clean,,
real_00375.jpeg,test,real,0,0,0.0025277931708842516,clean,,
real_00300.jpeg,test,real,0,0,0.0001536438358016312,clean,,
real_00503.jpeg,test,real,0,0,0.35134008526802063,clean,,
real_00499.jpeg,test,real,0,0,0.008066832087934017,clean,,
real_00283.jpeg,test,real,0,0,9.516174372947717e-07,clean,,
real_00160.jpeg,test,real,0,1,0.6864017844200134,clean,,
real_00260.jpeg,test,real,0,0,0.017883427441120148,clean,,
real_00208.jpeg,test,real,0,0,2.6008217801631872e-08,clean,,
real_00262.jpeg,test,real,0,0,0.013524206355214119,clean,,
real_00213.jpeg,test,real,0,0,0.17966772615909576,clean,,
real_00476.jpeg,test,real,0,0,2.0143233996350318e-05,clean,,
real_00092.jpeg,test,real,0,1,0.6847933530807495,clean,,
real_00324.jpeg,test,real,0,1,0.7781888246536255,clean,,
real_00425.jpeg,test,real,0,1,0.7108865976333618,clean,,
real_00559.jpeg,test,real,0,0,5.746326223743381e-06,clean,,
real_00015.jpeg,test,real,0,0,7.08577658770082e-08,clean,,
real_00562.jpeg,test,real,0,0,0.011805658228695393,clean,,
real_00514.jpeg,test,real,0,0,2.2015062570244354e-13,clean,,
real_00580.jpeg,test,real,0,0,6.986563676036894e-05,clean,,
real_00202.jpeg,test,real,0,0,0.009506138041615486,clean,,
real_00402.jpeg,test,real,0,0,9.570648273893312e-08,clean,,
real_00057.jpeg,test,real,0,0,9.335202776128426e-06,clean,,
real_00007.jpeg,test,real,0,0,0.12425186485052109,clean,,
real_00388.jpeg,test,real,0,0,0.37695154547691345,clean,,
real_00016.jpeg,test,real,0,0,4.4202561610973135e-09,clean,,
real_00506.jpeg,test,real,0,0,0.11494755744934082,clean,,
real_00028.jpeg,test,real,0,0,0.002463857876136899,clean,,
real_00572.jpeg,test,real,0,1,0.5448701977729797,clean,,
real_00381.jpeg,test,real,0,0,0.029633747413754463,clean,,
real_00268.jpeg,test,real,0,0,0.030888352543115616,clean,,
real_00512.jpeg,test,real,0,0,0.058889538049697876,clean,,
real_00006.jpeg,test,real,0,1,0.9834011197090149,clean,,
real_00289.jpeg,test,real,0,0,0.034994617104530334,clean,,
real_00519.jpeg,test,real,0,0,0.00029004772659391165,clean,,
real_00252.jpeg,test,real,0,0,2.6581735710351495e-06,clean,,
real_00211.jpeg,test,real,0,0,2.3765676814946346e-05,clean,,
real_00147.jpeg,test,real,0,0,0.026762990280985832,clean,,
real_00181.jpeg,test,real,0,1,0.9869791269302368,clean,,
real_00458.jpeg,test,real,0,0,0.0003525672946125269,clean,,
real_00329.jpeg,test,real,0,0,3.092091219514259e-06,clean,,
real_00545.jpeg,test,real,0,0,0.0162335317581892,clean,,
real_00568.jpeg,test,real,0,0,0.014904193580150604,clean,,
real_00031.jpeg,test,real,0,0,0.002875558566302061,clean,,
real_00171.jpeg,test,real,0,0,8.255109605670441e-06,clean,,
real_00320.jpeg,test,real,0,0,8.939493272919208e-05,clean,,
real_00083.jpeg,test,real,0,0,0.0017966852756217122,clean,,
real_00012.jpeg,test,real,0,1,0.7418694496154785,clean,,
real_00357.jpeg,test,real,0,0,0.010954058729112148,clean,,
real_00346.jpeg,test,real,0,0,0.0041647981852293015,clean,,
real_00450.jpeg,test,real,0,0,0.47520166635513306,clean,,
real_00356.jpeg,test,real,0,0,0.0680345669388771,clean,,
real_00594.jpeg,test,real,0,0,0.003830945584923029,clean,,
real_00048.jpeg,test,real,0,0,0.1908537745475769,clean,,
real_00158.jpeg,test,real,0,0,2.090466114168521e-05,clean,,
real_00521.jpeg,test,real,0,0,0.07206971943378448,clean,,
real_00285.jpeg,test,real,0,0,0.18917064368724823,clean,,
real_00270.jpeg,test,real,0,0,6.0205100453458726e-05,clean,,
real_00533.jpeg,test,real,0,0,0.1150217279791832,clean,,
real_00494.jpeg,test,real,0,0,0.001354868640191853,clean,,
real_00317.jpeg,test,real,0,0,0.25548484921455383,clean,,
real_00296.jpeg,test,real,0,0,1.7433609173167497e-05,clean,,
real_00237.jpeg,test,real,0,0,2.267373247377691e-06,clean,,
real_00242.jpeg,test,real,0,0,0.12524278461933136,clean,,
real_00584.jpeg,test,real,0,1,0.9799115061759949,clean,,
real_00570.jpeg,test,real,0,0,0.03161042556166649,clean,,
real_00133.jpeg,test,real,0,0,0.0035225965548306704,clean,,
real_00047.jpeg,test,real,0,0,0.00028844745247624815,clean,,
real_00480.jpeg,test,real,0,0,0.0009204193484038115,clean,,
real_00210.jpeg,test,real,0,0,0.00048500968841835856,clean,,
real_00301.jpeg,test,real,0,0,0.08777250349521637,clean,,
real_00574.jpeg,test,real,0,0,0.18337370455265045,clean,,
real_00134.jpeg,test,real,0,0,0.20300158858299255,clean,,
real_00597.jpeg,test,real,0,1,0.9099763631820679,clean,,
real_00281.jpeg,test,real,0,1,0.6958840489387512,clean,,
real_00332.jpeg,test,real,0,0,0.05118441954255104,clean,,
real_00415.jpeg,test,real,0,0,1.78032205440104e-05,clean,,
real_00093.jpeg,test,real,0,0,0.022314652800559998,clean,,
real_00526.jpeg,test,real,0,0,3.2205977618104953e-07,clean,,
real_00259.jpeg,test,real,0,0,3.384504816494882e-05,clean,,
real_00128.jpeg,test,real,0,0,0.23507775366306305,clean,,
real_00173.jpeg,test,real,0,0,0.006009523291140795,clean,,
real_00005.jpeg,test,real,0,0,1.739681454449027e-10,clean,,
real_00532.jpeg,test,real,0,1,0.7602807879447937,clean,,
real_00061.jpeg,test,real,0,0,2.1558901153184706e-07,clean,,
real_00313.jpeg,test,real,0,0,4.18914423789829e-05,clean,,
real_00130.jpeg,test,real,0,0,0.0004335739940870553,clean,,
real_00454.jpeg,test,real,0,0,1.9323324522702023e-05,clean,,
real_00204.jpeg,test,real,0,0,0.0008583017042838037,clean,,
real_00337.jpeg,test,real,0,0,0.023313259705901146,clean,,
real_00195.jpeg,test,real,0,0,0.00045074764057062566,clean,,
real_00187.jpeg,test,real,0,0,6.173444262458361e-07,clean,,
real_00489.jpeg,test,real,0,0,1.1030971336367656e-07,clean,,
real_00385.jpeg,test,real,0,0,0.026598505675792694,clean,,
real_00221.jpeg,test,real,0,0,5.2850631618639454e-05,clean,,
real_00027.jpeg,test,real,0,1,0.690143346786499,clean,,
real_00022.jpeg,test,real,0,0,5.4164225730346516e-05,clean,,
real_00331.jpeg,test,real,0,0,0.2812685966491699,clean,,
real_00159.jpeg,test,real,0,0,2.3326663267653203e-06,clean,,
real_00068.jpeg,test,real,0,0,0.09793122112751007,clean,,
real_00127.jpeg,test,real,0,0,8.881892767931276e-07,clean,,
real_00420.jpeg,test,real,0,0,0.15634958446025848,clean,,
real_00510.jpeg,test,real,0,0,1.5286928828572854e-05,clean,,
real_00106.jpeg,test,real,0,0,0.029621923342347145,clean,,
real_00599.jpeg,test,real,0,0,3.1602892704540864e-05,clean,,
real_00419.jpeg,test,real,0,0,0.0002284273796249181,clean,,
real_00286.jpeg,test,real,0,0,0.24400866031646729,clean,,
real_00341.jpeg,test,real,0,0,0.004601545166224241,clean,,
real_00263.jpeg,test,real,0,0,0.0015050740912556648,clean,,
real_00255.jpeg,test,real,0,1,0.6581994295120239,clean,,
real_00335.jpeg,test,real,0,0,0.0014486904256045818,clean,,
real_00174.jpeg,test,real,0,0,0.0007152133621275425,clean,,
real_00243.jpeg,test,real,0,0,0.21733678877353668,clean,,
real_00140.jpeg,test,real,0,0,0.36333200335502625,clean,,
real_00582.jpeg,test,real,0,0,0.00012156193406553939,clean,,
real_00542.jpeg,test,real,0,1,0.512963593006134,clean,,
real_00547.jpeg,test,real,0,0,7.318837447201076e-08,clean,,
real_00287.jpeg,test,real,0,1,0.7438385486602783,clean,,
real_00144.jpeg,test,real,0,0,0.004179798066616058,clean,,
real_00214.jpeg,test,real,0,0,0.00017784125520847738,clean,,
real_00234.jpeg,test,real,0,1,0.6454870700836182,clean,,
real_00595.jpeg,test,real,0,0,0.0002130869688699022,clean,,
real_00075.jpeg,test,real,0,0,9.538669853981219e-11,clean,,
real_00295.jpeg,test,real,0,0,0.02362668141722679,clean,,
real_00070.jpeg,test,real,0,0,0.005713666323572397,clean,,
real_00148.jpeg,test,real,0,0,2.9009623858655686e-07,clean,,
real_00491.jpeg,test,real,0,0,0.19402603805065155,clean,,
real_00090.jpeg,test,real,0,0,0.001982427202165127,clean,,
real_00063.jpeg,test,real,0,0,0.13050124049186707,clean,,
real_00334.jpeg,test,real,0,0,0.003867171471938491,clean,,
real_00530.jpeg,test,real,0,0,0.0015444123419001698,clean,,
real_00069.jpeg,test,real,0,0,0.010226492770016193,clean,,
real_00109.jpeg,test,real,0,0,1.399919801770011e-05,clean,,
real_00321.jpeg,test,real,0,0,0.41165849566459656,clean,,
real_00126.jpeg,test,real,0,0,0.2387944757938385,clean,,
real_00358.jpeg,test,real,0,0,0.205881729722023,clean,,
real_00364.jpeg,test,real,0,0,0.0010426284279674292,clean,,
real_00209.jpeg,test,real,0,0,0.028630198910832405,clean,,
real_00292.jpeg,test,real,0,0,0.11507083475589752,clean,,
real_00473.jpeg,test,real,0,0,0.0040817707777023315,clean,,
real_00367.jpeg,test,real,0,0,0.00010105936962645501,clean,,
real_00228.jpeg,test,real,0,0,0.004430525470525026,clean,,
real_00463.jpeg,test,real,0,0,1.7751295899870456e-06,clean,,
real_00529.jpeg,test,real,0,1,0.9756244421005249,clean,,
real_00376.jpeg,test,real,0,0,1.5228606571326964e-06,clean,,
real_00089.jpeg,test,real,0,0,0.031421661376953125,clean,,
real_00409.jpeg,test,real,0,0,7.335712143685669e-05,clean,,
real_00456.jpeg,test,real,0,0,0.0005220887251198292,clean,,
real_00378.jpeg,test,real,0,0,0.015499085187911987,clean,,
real_00596.jpeg,test,real,0,0,0.019353797659277916,clean,,
real_00477.jpeg,test,real,0,0,0.041184842586517334,clean,,
real_00261.jpeg,test,real,0,0,2.1842392925464083e-06,clean,,
real_00273.jpeg,test,real,0,0,0.17322362959384918,clean,,
real_00100.jpeg,test,real,0,0,6.339705843627641e-11,clean,,
real_00080.jpeg,test,real,0,0,9.153090445579437e-07,clean,,
real_00009.jpeg,test,real,0,1,0.9067477583885193,clean,,
real_00167.jpeg,test,real,0,0,4.805485454006941e-10,clean,,
real_00571.jpeg,test,real,0,1,0.9657089710235596,clean,,
real_00218.jpeg,test,real,0,0,1.0815331734193023e-05,clean,,
real_00355.jpeg,test,real,0,0,0.023517552763223648,clean,,
real_00406.jpeg,test,real,0,0,0.1293024718761444,clean,,
real_00302.jpeg,test,real,0,0,0.24899053573608398,clean,,
real_00010.jpeg,test,real,0,1,0.8660140037536621,clean,,
real_00405.jpeg,test,real,0,0,4.248590630595572e-05,clean,,
real_00447.jpeg,test,real,0,0,0.0004463687655515969,clean,,
real_00379.jpeg,test,real,0,0,0.0059226020239293575,clean,,
real_00319.jpeg,test,real,0,0,0.36390483379364014,clean,,
real_00543.jpeg,test,real,0,0,0.35795268416404724,clean,,
real_00539.jpeg,test,real,0,0,0.09924427419900894,clean,,
real_00579.jpeg,test,real,0,0,0.05810173228383064,clean,,
real_00459.jpeg,test,real,0,1,0.554283082485199,clean,,
real_00587.jpeg,test,real,0,0,5.159441318625113e-09,clean,,
real_00114.jpeg,test,real,0,0,0.00043660341179929674,clean,,
real_00479.jpeg,test,real,0,0,1.0650958756741602e-05,clean,,
real_00488.jpeg,test,real,0,0,0.04876350983977318,clean,,
real_00360.jpeg,test,real,0,0,3.637147892732173e-05,clean,,
real_00363.jpeg,test,real,0,0,0.10198050737380981,clean,,
real_00350.jpeg,test,real,0,0,2.7427441295913013e-07,clean,,
real_00441.jpeg,test,real,0,1,0.8260117173194885,clean,,
real_00003.jpeg,test,real,0,0,0.49141886830329895,clean,,
real_00217.jpeg,test,real,0,0,1.7036078361343243e-06,clean,,
real_00465.jpeg,test,real,0,1,0.9944783449172974,clean,,
real_00442.jpeg,test,real,0,0,0.0014830685686320066,clean,,
real_00233.jpeg,test,real,0,0,0.00012019675341434777,clean,,
real_00161.jpeg,test,real,0,0,0.000163733318913728,clean,,
real_00412.jpeg,test,real,0,0,0.016581976786255836,clean,,
real_00468.jpeg,test,real,0,0,0.002380126854404807,clean,,
real_00125.jpeg,test,real,0,0,0.29726681113243103,clean,,
real_00186.jpeg,test,real,0,0,7.891526365710888e-07,clean,,
real_00172.jpeg,test,real,0,0,2.951977648990578e-06,clean,,
real_00467.jpeg,test,real,0,0,0.0020353400614112616,clean,,
real_00323.jpeg,test,real,0,0,2.4425191440968774e-05,clean,,
real_00203.jpeg,test,real,0,0,0.008948211558163166,clean,,
real_00552.jpeg,test,real,0,0,0.03257593512535095,clean,,
real_00034.jpeg,test,real,0,0,0.002003948437049985,clean,,
real_00142.jpeg,test,real,0,0,0.06976132839918137,clean,,
real_00059.jpeg,test,real,0,0,4.3117818648852335e-08,clean,,
real_00021.jpeg,test,real,0,0,0.08044003695249557,clean,,
real_00525.jpeg,test,real,0,0,0.00010480200580786914,clean,,
real_00275.jpeg,test,real,0,0,0.33335521817207336,clean,,
real_00430.jpeg,test,real,0,0,0.00011755667946999893,clean,,
real_00349.jpeg,test,real,0,0,8.937068862735487e-09,clean,,
real_00373.jpeg,test,real,0,1,0.8937119245529175,clean,,
real_00078.jpeg,test,real,0,0,0.012231755070388317,clean,,
real_00437.jpeg,test,real,0,0,1.6961655546765542e-07,clean,,
real_00520.jpeg,test,real,0,0,6.906251655891538e-06,clean,,
real_00564.jpeg,test,real,0,0,0.023267962038517,clean,,
real_00578.jpeg,test,real,0,0,0.044086672365665436,clean,,
real_00225.jpeg,test,real,0,0,0.000984378857538104,clean,,
real_00232.jpeg,test,real,0,0,1.9393752154428512e-05,clean,,
real_00194.jpeg,test,real,0,0,3.4190972275638387e-10,clean,,
real_00278.jpeg,test,real,0,0,2.001177563215606e-06,clean,,
real_00168.jpeg,test,real,0,0,5.983181472402066e-05,clean,,
real_00145.jpeg,test,real,0,1,0.7164462208747864,clean,,
real_00495.jpeg,test,real,0,0,1.5182249626377597e-05,clean,,
real_00236.jpeg,test,real,0,0,0.0006106182700023055,clean,,
real_00121.jpeg,test,real,0,0,0.009897432290017605,clean,,
real_00455.jpeg,test,real,0,0,0.34459590911865234,clean,,
real_00177.jpeg,test,real,0,1,0.5275627970695496,clean,,
real_00485.jpeg,test,real,0,0,0.0014232777757570148,clean,,
real_00136.jpeg,test,real,0,0,0.18620625138282776,clean,,
real_00054.jpeg,test,real,0,0,0.00010007889795815572,clean,,
real_00470.jpeg,test,real,0,0,5.9513013184187e-06,clean,,
real_00118.jpeg,test,real,0,0,3.9550378971853206e-08,clean,,
real_00153.jpeg,test,real,0,0,0.002069159410893917,clean,,
real_00384.jpeg,test,real,0,0,0.00031455373391509056,clean,,
real_00115.jpeg,test,real,0,0,0.005569457542151213,clean,,
real_00101.jpeg,test,real,0,0,0.12209931761026382,clean,,
real_00327.jpeg,test,real,0,0,0.12037744373083115,clean,,
real_00164.jpeg,test,real,0,0,0.00550053408369422,clean,,
real_00538.jpeg,test,real,0,0,0.00012429419439285994,clean,,
real_00049.jpeg,test,real,0,0,0.23537632822990417,clean,,
real_00544.jpeg,test,real,0,0,0.001562280929647386,clean,,
real_00154.jpeg,test,real,0,0,6.436017429223284e-06,clean,,
real_00215.jpeg,test,real,0,0,0.24242261052131653,clean,,
real_00124.jpeg,test,real,0,0,4.1376409853910445e-07,clean,,
real_00223.jpeg,test,real,0,0,0.01797613874077797,clean,,
real_00065.jpeg,test,real,0,1,0.8905003070831299,clean,,
real_00282.jpeg,test,real,0,0,8.189665095414966e-06,clean,,
real_00267.jpeg,test,real,0,0,0.001320978975854814,clean,,
real_00343.jpeg,test,real,0,0,0.02422899380326271,clean,,
real_00421.jpeg,test,real,0,0,1.7193701323803268e-11,clean,,
real_00531.jpeg,test,real,0,0,0.001016144291497767,clean,,
real_00575.jpeg,test,real,0,0,0.002149671083316207,clean,,
real_00290.jpeg,test,real,0,0,8.104665903374553e-05,clean,,
real_00336.jpeg,test,real,0,0,1.9868277856271988e-10,clean,,
real_00306.jpeg,test,real,0,0,0.1555052548646927,clean,,
real_00231.jpeg,test,real,0,0,0.0009371110936626792,clean,,
real_00002.jpeg,test,real,0,0,0.11460796743631363,clean,,
real_00504.jpeg,test,real,0,0,0.004814806394279003,clean,,
real_00536.jpeg,test,real,0,0,0.0001739622966852039,clean,,
real_00362.jpeg,test,real,0,0,0.002813371131196618,clean,,
real_00199.jpeg,test,real,0,0,0.009336543269455433,clean,,
real_00023.jpeg,test,real,0,0,5.583895472227596e-06,clean,,
real_00433.jpeg,test,real,0,0,0.20845822989940643,clean,,
real_00484.jpeg,test,real,0,0,0.4429207146167755,clean,,
real_00110.jpeg,test,real,0,0,6.013613165123388e-05,clean,,
real_00305.jpeg,test,real,0,0,0.334876149892807,clean,,
real_00352.jpeg,test,real,0,0,0.10970661044120789,clean,,
real_00256.jpeg,test,real,0,0,0.007460594177246094,clean,,
real_00404.jpeg,test,real,0,0,0.059639666229486465,clean,,
real_00523.jpeg,test,real,0,0,0.054447777569293976,clean,,
real_00513.jpeg,test,real,0,0,0.25618329644203186,clean,,
real_00108.jpeg,test,real,0,0,0.010856111533939838,clean,,
real_00119.jpeg,test,real,0,0,0.2541455030441284,clean,,
real_00511.jpeg,test,real,0,0,0.05532384291291237,clean,,
real_00073.jpeg,test,real,0,0,1.231592938744086e-09,clean,,
real_00469.jpeg,test,real,0,0,0.00924073625355959,clean,,
real_00035.jpeg,test,real,0,0,1.211968651659845e-06,clean,,
real_00427.jpeg,test,real,0,0,6.071012194297509e-06,clean,,
real_00000.jpeg,test,real,0,0,0.0005514634540304542,clean,,
real_00066.jpeg,test,real,0,0,0.0005167708150111139,clean,,
real_00052.jpeg,test,real,0,0,1.0929123163805343e-05,clean,,
real_00483.jpeg,test,real,0,0,3.741417685887427e-06,clean,,
real_00020.jpeg,test,real,0,1,0.6997111439704895,clean,,
real_00540.jpeg,test,real,0,0,0.0007543165702372789,clean,,
real_00383.jpeg,test,real,0,0,6.359353574225679e-05,clean,,
real_00129.jpeg,test,real,0,0,2.2785033593208937e-07,clean,,
real_00505.jpeg,test,real,0,0,1.1253752270345974e-11,clean,,
real_00517.jpeg,test,real,0,0,0.001468170084990561,clean,,
real_00291.jpeg,test,real,0,0,6.1338946579780895e-06,clean,,
real_00328.jpeg,test,real,0,0,0.38905829191207886,clean,,
real_00082.jpeg,test,real,0,0,1.2037821406352123e-08,clean,,
real_00413.jpeg,test,real,0,0,0.01049098651856184,clean,,
real_00201.jpeg,test,real,0,0,0.03058597445487976,clean,,
real_00422.jpeg,test,real,0,0,0.414060115814209,clean,,
real_00481.jpeg,test,real,0,1,0.9700323343276978,clean,,
real_00249.jpeg,test,real,0,0,8.551384780730586e-06,clean,,
real_00591.jpeg,test,real,0,1,0.5740042924880981,clean,,
real_00103.jpeg,test,real,0,0,0.209745392203331,clean,,
real_00058.jpeg,test,real,0,0,1.079516209756548e-08,clean,,
real_00029.jpeg,test,real,0,1,0.5320468544960022,clean,,
real_00551.jpeg,test,real,0,0,3.3420525141991675e-05,clean,,
real_00453.jpeg,test,real,0,1,1.0,clean,,
real_00041.jpeg,test,real,0,0,0.000706236925907433,clean,,
real_00316.jpeg,test,real,0,0,0.00026470638113096356,clean,,
real_00449.jpeg,test,real,0,0,0.0024007908068597317,clean,,
real_00198.jpeg,test,real,0,0,0.004307609982788563,clean,,
real_00310.jpeg,test,real,0,0,0.01751231588423252,clean,,
real_00205.jpeg,test,real,0,0,0.00019059587793890387,clean,,
real_00011.jpeg,test,real,0,0,0.0844002217054367,clean,,
real_00556.jpeg,test,real,0,0,0.0005055560613982379,clean,,
real_00294.jpeg,test,real,0,0,5.819168291054666e-05,clean,,
real_00112.jpeg,test,real,0,1,0.8475586771965027,clean,,
real_00170.jpeg,test,real,0,0,3.7009747757110745e-05,clean,,
real_00569.jpeg,test,real,0,0,2.2162264201597281e-07,clean,,
real_00318.jpeg,test,real,0,0,0.0010367447976022959,clean,,
real_00397.jpeg,test,real,0,0,0.0001379392488161102,clean,,
real_00014.jpeg,test,real,0,0,0.014074355363845825,clean,,
real_00196.jpeg,test,real,0,0,7.907871802297566e-17,clean,,
real_00191.jpeg,test,real,0,1,0.6210742592811584,clean,,
real_00192.jpeg,test,real,0,0,4.689694410586753e-09,clean,,
real_00353.jpeg,test,real,0,1,0.6829676628112793,clean,,
real_00254.jpeg,test,real,0,0,2.1632376956404187e-06,clean,,
real_00169.jpeg,test,real,0,0,4.7352404664025016e-08,clean,,
real_00370.jpeg,test,real,0,0,5.151510121259584e-11,clean,,
real_00004.jpeg,test,real,0,0,0.020236071199178696,clean,,
real_00368.jpeg,test,real,0,0,0.15581485629081726,clean,,
real_00417.jpeg,test,real,0,0,0.4964846074581146,clean,,
real_00333.jpeg,test,real,0,0,0.01893191784620285,clean,,
real_00123.jpeg,test,real,0,0,0.00486570643261075,clean,,
real_00380.jpeg,test,real,0,0,0.047970306128263474,clean,,
real_00179.jpeg,test,real,0,0,9.488702744420152e-06,clean,,
real_00400.jpeg,test,real,0,0,0.00010451586422277614,clean,,
real_00369.jpeg,test,real,0,0,0.20223507285118103,clean,,
real_00051.jpeg,test,real,0,0,0.374126136302948,clean,,
real_00097.jpeg,test,real,0,0,7.372511277026206e-07,clean,,
real_00515.jpeg,test,real,0,0,0.0010095075704157352,clean,,
real_00446.jpeg,test,real,0,0,0.008514586836099625,clean,,
real_00155.jpeg,test,real,0,0,0.007720038760453463,clean,,
real_00277.jpeg,test,real,0,0,0.00017045375716406852,clean,,
real_00098.jpeg,test,real,0,0,3.942460898542777e-05,clean,,
real_00107.jpeg,test,real,0,0,0.13555926084518433,clean,,
real_00087.jpeg,test,real,0,0,1.0565809134277515e-06,clean,,
real_00565.jpeg,test,real,0,0,0.004830028861761093,clean,,
real_00280.jpeg,test,real,0,0,1.845663462063385e-07,clean,,
real_00507.jpeg,test,real,0,0,1.0959078089456398e-08,clean,,
real_00326.jpeg,test,real,0,0,0.175434410572052,clean,,
real_00244.jpeg,test,real,0,0,2.3513196276229173e-15,clean,,
real_00033.jpeg,test,real,0,0,0.008380668237805367,clean,,
real_00064.jpeg,test,real,0,0,3.6231800437484807e-14,clean,,
real_00013.jpeg,test,real,0,0,1.2651987901790562e-08,clean,,
real_00183.jpeg,test,real,0,0,0.18584755063056946,clean,,
real_00030.jpeg,test,real,0,0,0.0007271073991432786,clean,,
real_00474.jpeg,test,real,0,0,0.002864609006792307,clean,,
real_00558.jpeg,test,real,0,0,0.012726100161671638,clean,,
real_00088.jpeg,test,real,0,0,0.033715661615133286,clean,,
real_00436.jpeg,test,real,0,1,0.6867978572845459,clean,,
real_00518.jpeg,test,real,0,0,2.437595321680419e-05,clean,,
real_00111.jpeg,test,real,0,0,3.9513062802143395e-05,clean,,
real_00122.jpeg,test,real,0,0,0.43992558121681213,clean,,
real_00461.jpeg,test,real,0,0,0.022727731615304947,clean,,
real_00239.jpeg,test,real,0,0,0.00040302061825059354,clean,,
real_00408.jpeg,test,real,0,0,3.2508496587979607e-06,clean,,
real_00460.jpeg,test,real,0,0,0.0031235283240675926,clean,,
real_00138.jpeg,test,real,0,0,0.010329424403607845,clean,,
real_00429.jpeg,test,real,0,0,7.424115028697997e-05,clean,,
real_00462.jpeg,test,real,0,0,7.014370096043721e-13,clean,,
real_00113.jpeg,test,real,0,0,0.3299183249473572,clean,,
real_00391.jpeg,test,real,0,0,3.0135150154819712e-05,clean,,
real_00303.jpeg,test,real,0,0,2.6684524527809117e-06,clean,,
real_00592.jpeg,test,real,0,0,2.639634664281749e-18,clean,,
real_00157.jpeg,test,real,0,0,0.01668841950595379,clean,,
real_00475.jpeg,test,real,0,0,1.5087177416717168e-05,clean,,
real_00071.jpeg,test,real,0,0,0.24682694673538208,clean,,
real_00235.jpeg,test,real,0,0,8.565558528061956e-05,clean,,
real_00067.jpeg,test,real,0,0,0.00022914067085366696,clean,,
real_00502.jpeg,test,real,0,0,0.0038639414124190807,clean,,
real_00099.jpeg,test,real,0,0,0.10457941889762878,clean,,
real_00508.jpeg,test,real,0,0,0.00021826953161507845,clean,,
real_00036.jpeg,test,real,0,0,0.0002245537907583639,clean,,
real_00149.jpeg,test,real,0,0,5.667061611647206e-11,clean,,
real_00220.jpeg,test,real,0,0,0.0004562409012578428,clean,,
real_00418.jpeg,test,real,0,0,0.0004557725042104721,clean,,
real_00466.jpeg,test,real,0,0,0.37017399072647095,clean,,
real_00120.jpeg,test,real,0,0,0.005165216512978077,clean,,
real_00139.jpeg,test,real,0,0,0.21002288162708282,clean,,
real_00589.jpeg,test,real,0,1,0.9929554462432861,clean,,
real_00276.jpeg,test,real,0,0,0.012459964491426945,clean,,
real_00377.jpeg,test,real,0,0,0.10919810831546783,clean,,
real_00175.jpeg,test,real,0,0,0.10845907032489777,clean,,
real_00001.jpeg,test,real,0,0,0.48066797852516174,clean,,
real_00424.jpeg,test,real,0,0,7.572762115160003e-06,clean,,
real_00197.jpeg,test,real,0,0,0.00018531865498516709,clean,,
real_00246.jpeg,test,real,0,0,0.0018830030458047986,clean,,
real_00325.jpeg,test,real,0,0,0.005464224610477686,clean,,
real_00150.jpeg,test,real,0,0,3.676185755807637e-08,clean,,
real_00501.jpeg,test,real,0,0,5.942128336755559e-05,clean,,
real_00428.jpeg,test,real,0,0,0.02894766256213188,clean,,
real_00222.jpeg,test,real,0,0,0.2022400051355362,clean,,
real_00045.jpeg,test,real,0,0,0.013759134337306023,clean,,
real_00338.jpeg,test,real,0,0,0.0006691858870908618,clean,,
real_00390.jpeg,test,real,0,0,0.00024972204118967056,clean,,
real_00062.jpeg,test,real,0,0,0.2789677381515503,clean,,
real_00426.jpeg,test,real,0,0,0.0005557842087000608,clean,,
real_00247.jpeg,test,real,0,0,0.0973891094326973,clean,,
real_00152.jpeg,test,real,0,0,0.005952415056526661,clean,,
real_00156.jpeg,test,real,0,0,0.0006159901386126876,clean,,
real_00084.jpeg,test,real,0,0,0.013983651995658875,clean,,
real_00212.jpeg,test,real,0,0,0.07016132771968842,clean,,
real_00184.jpeg,test,real,0,0,0.017554236575961113,clean,,
real_00309.jpeg,test,real,0,0,0.0010146023705601692,clean,,
real_00423.jpeg,test,real,0,0,0.26035863161087036,clean,,
real_00095.jpeg,test,real,0,0,0.0007880890625528991,clean,,
real_00264.jpeg,test,real,0,0,0.0050575570203363895,clean,,
real_00105.jpeg,test,real,0,0,0.0370674692094326,clean,,
real_00024.jpeg,test,real,0,0,1.5927673402416076e-08,clean,,
real_00293.jpeg,test,real,0,0,8.58706869166781e-07,clean,,
real_00311.jpeg,test,real,0,0,0.009996209293603897,clean,,
real_00032.jpeg,test,real,0,0,0.18577761948108673,clean,,
real_00374.jpeg,test,real,0,0,3.504941560095176e-05,clean,,
real_00492.jpeg,test,real,0,0,6.890577060403302e-05,clean,,
real_00162.jpeg,test,real,0,0,0.01921735517680645,clean,,
real_00588.jpeg,test,real,0,0,0.0005709174438379705,clean,,
real_00411.jpeg,test,real,0,0,0.0004380715254228562,clean,,
real_00241.jpeg,test,real,0,0,0.10682664066553116,clean,,
real_00432.jpeg,test,real,0,0,0.41888687014579773,clean,,
real_00025.jpeg,test,real,0,0,0.0004743170866277069,clean,,
real_00079.jpeg,test,real,0,1,0.5753284096717834,clean,,
real_00351.jpeg,test,real,0,0,0.10850236564874649,clean,,
real_00590.jpeg,test,real,0,0,8.519389638195207e-09,clean,,
real_00240.jpeg,test,real,0,0,0.0003077964938711375,clean,,
real_00583.jpeg,test,real,0,0,5.835661431774497e-05,clean,,
real_00116.jpeg,test,real,0,0,0.11297972500324249,clean,,
real_00081.jpeg,test,real,0,0,0.0010228661121800542,clean,,
real_00224.jpeg,test,real,0,0,0.07381366193294525,clean,,
real_00372.jpeg,test,real,0,0,0.001994336722418666,clean,,
real_00074.jpeg,test,real,0,0,0.00039314079913310707,clean,,
real_00555.jpeg,test,real,0,0,6.279437911871355e-06,clean,,
real_00399.jpeg,test,real,0,0,1.0357701285101939e-05,clean,,
real_00308.jpeg,test,real,0,0,0.04377100244164467,clean,,
real_00132.jpeg,test,real,0,0,0.11308538168668747,clean,,
real_00478.jpeg,test,real,0,0,0.0123081523925066,clean,,
real_00435.jpeg,test,real,0,0,5.345084719010629e-05,clean,,
real_00072.jpeg,test,real,0,0,0.002832959173247218,clean,,
real_00037.jpeg,test,real,0,0,0.49243655800819397,clean,,
real_00272.jpeg,test,real,0,1,0.973100483417511,clean,,
real_00102.jpeg,test,real,0,0,0.04124689847230911,clean,,
real_00044.jpeg,test,real,0,0,0.05690177530050278,clean,,
real_00546.jpeg,test,real,0,0,0.01065805647522211,clean,,
real_00146.jpeg,test,real,0,0,4.247950346325524e-05,clean,,
real_00361.jpeg,test,real,0,0,0.002781862858682871,clean,,
real_00498.jpeg,test,real,0,1,0.6176325678825378,clean,,
real_00567.jpeg,test,real,0,0,1.198838077698383e-07,clean,,
real_00229.jpeg,test,real,0,0,0.0008916962542571127,clean,,
real_00573.jpeg,test,real,0,0,6.612752258661203e-06,clean,,
real_00452.jpeg,test,real,0,0,0.13261860609054565,clean,,
real_00258.jpeg,test,real,0,0,0.08797513693571091,clean,,
real_00581.jpeg,test,real,0,0,0.01230369508266449,clean,,
real_00340.jpeg,test,real,0,0,0.12246736139059067,clean,,
real_00516.jpeg,test,real,0,0,0.0014521131524816155,clean,,
real_00524.jpeg,test,real,0,0,0.0008374238386750221,clean,,
real_00554.jpeg,test,real,0,0,0.0019298071274533868,clean,,
real_00299.jpeg,test,real,0,0,1.3819738242659696e-08,clean,,
real_00439.jpeg,test,real,0,0,0.001557924086228013,clean,,
real_00166.jpeg,test,real,0,0,9.015603836814989e-07,clean,,
real_00392.jpeg,test,real,0,0,0.03580290079116821,clean,,
real_00086.jpeg,test,real,0,0,8.680946848471649e-06,clean,,
real_00537.jpeg,test,real,0,0,0.2629873752593994,clean,,
real_00431.jpeg,test,real,0,0,4.9712121835909784e-05,clean,,
real_00389.jpeg,test,real,0,0,4.71121438749833e-06,clean,,
real_00534.jpeg,test,real,0,0,1.1788960364356171e-05,clean,,
real_00541.jpeg,test,real,0,0,1.7572649113617445e-08,clean,,
real_00094.jpeg,test,real,0,1,0.9842897057533264,clean,,
real_00226.jpeg,test,real,0,0,0.0006760695832781494,clean,,
real_00200.jpeg,test,real,0,0,0.005591738037765026,clean,,
real_00330.jpeg,test,real,0,0,0.0057097687385976315,clean,,
real_00091.jpeg,test,real,0,0,0.29710644483566284,clean,,
real_00472.jpeg,test,real,0,0,3.332637985020703e-11,clean,,
real_00493.jpeg,test,real,0,0,1.9984806840511737e-06,clean,,
real_00053.jpeg,test,real,0,0,1.2866881604622904e-07,clean,,
real_00298.jpeg,test,real,0,0,0.021896347403526306,clean,,
real_00366.jpeg,test,real,0,0,0.0016277225222438574,clean,,
real_00182.jpeg,test,real,0,0,2.0043205950059928e-05,clean,,
real_00490.jpeg,test,real,0,0,0.007143194321542978,clean,,
real_00593.jpeg,test,real,0,0,0.25834569334983826,clean,,
real_00137.jpeg,test,real,0,0,0.02331690862774849,clean,,
real_00314.jpeg,test,real,0,0,0.06628374010324478,clean,,
real_00471.jpeg,test,real,0,0,0.011898191645741463,clean,,
real_00365.jpeg,test,real,0,0,0.0007300575380213559,clean,,
real_00042.jpeg,test,real,0,0,1.9132784245812218e-09,clean,,
real_00448.jpeg,test,real,0,0,0.31307747960090637,clean,,
real_00188.jpeg,test,real,0,0,1.3208518794272095e-06,clean,,
real_00245.jpeg,test,real,0,0,0.19869869947433472,clean,,
real_00509.jpeg,test,real,0,0,5.187544957152568e-06,clean,,
real_00265.jpeg,test,real,0,0,0.000570976291783154,clean,,
real_00443.jpeg,test,real,0,0,0.00014565589663106948,clean,,
real_00284.jpeg,test,real,0,0,0.00271301600150764,clean,,
real_00386.jpeg,test,real,0,0,7.732348421995994e-06,clean,,
real_00548.jpeg,test,real,0,0,1.3649822676597978e-06,clean,,
real_00487.jpeg,test,real,0,0,0.00019720193813554943,clean,,
real_00549.jpeg,test,real,0,1,0.7486872673034668,clean,,
real_00315.jpeg,test,real,0,0,3.9133861719165e-05,clean,,
real_00464.jpeg,test,real,0,0,0.0008533810614608228,clean,,
midjourney_00068.png,test,midjourney,1,0,0.01764982007443905,clean,,
vqdm_00062.png,test,vqdm,1,0,0.21103893220424652,clean,,
adm_00019.png,test,adm,1,1,0.9993763566017151,clean,,
midjourney_00077.png,test,midjourney,1,0,0.0006826963508501649,clean,,
adm_00074.png,test,adm,1,1,0.9999986886978149,clean,,
wukong_00038.png,test,wukong,1,1,0.9999681711196899,clean,,
biggan_00049.png,test,biggan,1,1,0.9986304044723511,clean,,
midjourney_00036.png,test,midjourney,1,1,0.5640317797660828,clean,,
glide_00074.png,test,glide,1,1,0.9997509121894836,clean,,
sdv5_00043.png,test,sdv5,1,0,0.25008177757263184,clean,,
wukong_00067.png,test,wukong,1,1,0.9916142225265503,clean,,
vqdm_00041.png,test,vqdm,1,1,0.9551100134849548,clean,,
wukong_00066.png,test,wukong,1,0,0.12809999287128448,clean,,
vqdm_00061.png,test,vqdm,1,1,1.0,clean,,
biggan_00010.png,test,biggan,1,1,1.0,clean,,
midjourney_00011.png,test,midjourney,1,1,0.9997932314872742,clean,,
adm_00067.png,test,adm,1,1,0.9999587535858154,clean,,
adm_00063.png,test,adm,1,1,0.9997383952140808,clean,,
wukong_00015.png,test,wukong,1,1,0.9637126922607422,clean,,
vqdm_00004.png,test,vqdm,1,1,0.9690579175949097,clean,,
midjourney_00005.png,test,midjourney,1,1,0.5040595531463623,clean,,
adm_00014.png,test,adm,1,1,1.0,clean,,
glide_00069.png,test,glide,1,1,0.9999985694885254,clean,,
vqdm_00010.png,test,vqdm,1,1,1.0,clean,,
sdv5_00046.png,test,sdv5,1,1,0.9993287324905396,clean,,
wukong_00023.png,test,wukong,1,1,0.902436375617981,clean,,
midjourney_00074.png,test,midjourney,1,1,0.8814974427223206,clean,,
midjourney_00039.png,test,midjourney,1,1,0.932361900806427,clean,,
vqdm_00024.png,test,vqdm,1,1,0.9999978542327881,clean,,
wukong_00075.png,test,wukong,1,1,0.8963252902030945,clean,,
biggan_00050.png,test,biggan,1,1,1.0,clean,,
midjourney_00059.png,test,midjourney,1,1,0.7453251481056213,clean,,
biggan_00029.png,test,biggan,1,1,0.9999998807907104,clean,,
sdv5_00039.png,test,sdv5,1,1,0.9947152733802795,clean,,
glide_00061.png,test,glide,1,0,0.12906190752983093,clean,,
biggan_00012.png,test,biggan,1,1,0.9999901056289673,clean,,
biggan_00080.png,test,biggan,1,1,1.0,clean,,
glide_00053.png,test,glide,1,1,0.9964936375617981,clean,,
vqdm_00006.png,test,vqdm,1,1,0.8679614663124084,clean,,
adm_00023.png,test,adm,1,1,1.0,clean,,
sdv5_00054.png,test,sdv5,1,1,0.9988884329795837,clean,,
midjourney_00021.png,test,midjourney,1,1,0.9956240057945251,clean,,
vqdm_00065.png,test,vqdm,1,0,0.10036002844572067,clean,,
biggan_00055.png,test,biggan,1,1,0.9999744892120361,clean,,
wukong_00003.png,test,wukong,1,1,0.9993945360183716,clean,,
biggan_00022.png,test,biggan,1,1,0.9720577001571655,clean,,
biggan_00081.png,test,biggan,1,1,0.7348662614822388,clean,,
vqdm_00049.png,test,vqdm,1,1,0.963546097278595,clean,,
sdv5_00076.png,test,sdv5,1,1,0.9999337196350098,clean,,
vqdm_00011.png,test,vqdm,1,1,0.996867835521698,clean,,
adm_00039.png,test,adm,1,1,1.0,clean,,
glide_00023.png,test,glide,1,1,0.9986395239830017,clean,,
sdv5_00063.png,test,sdv5,1,1,0.9976133108139038,clean,,
biggan_00059.png,test,biggan,1,1,0.9999996423721313,clean,,
glide_00015.png,test,glide,1,1,0.9999996423721313,clean,,
wukong_00047.png,test,wukong,1,1,0.9318459630012512,clean,,
vqdm_00037.png,test,vqdm,1,1,0.99153733253479,clean,,
wukong_00080.png,test,wukong,1,1,0.9999887943267822,clean,,
midjourney_00076.png,test,midjourney,1,1,0.9986183643341064,clean,,
sdv5_00061.png,test,sdv5,1,1,0.9999998807907104,clean,,
adm_00029.png,test,adm,1,1,0.9999949932098389,clean,,
glide_00039.png,test,glide,1,1,0.9999997615814209,clean,,
adm_00072.png,test,adm,1,1,0.9975996613502502,clean,,
sdv5_00051.png,test,sdv5,1,1,1.0,clean,,
sdv5_00066.png,test,sdv5,1,1,0.8486893177032471,clean,,
midjourney_00078.png,test,midjourney,1,1,0.9999891519546509,clean,,
vqdm_00017.png,test,vqdm,1,0,0.012247452512383461,clean,,
sdv5_00073.png,test,sdv5,1,1,0.9980292916297913,clean,,
midjourney_00045.png,test,midjourney,1,1,0.9306157827377319,clean,,
vqdm_00073.png,test,vqdm,1,1,0.6919798254966736,clean,,
sdv5_00008.png,test,sdv5,1,1,0.9999840259552002,clean,,
midjourney_00061.png,test,midjourney,1,0,0.049863576889038086,clean,,
adm_00015.png,test,adm,1,1,0.9999998807907104,clean,,
vqdm_00068.png,test,vqdm,1,1,0.9833974242210388,clean,,
midjourney_00053.png,test,midjourney,1,1,0.9999982118606567,clean,,
sdv5_00050.png,test,sdv5,1,1,0.999581515789032,clean,,
glide_00050.png,test,glide,1,1,0.9999998807907104,clean,,
midjourney_00069.png,test,midjourney,1,1,0.6049802899360657,clean,,
glide_00038.png,test,glide,1,1,0.9997575879096985,clean,,
biggan_00011.png,test,biggan,1,1,0.9813119769096375,clean,,
biggan_00082.png,test,biggan,1,1,0.9999754428863525,clean,,
wukong_00005.png,test,wukong,1,1,0.999893069267273,clean,,
wukong_00014.png,test,wukong,1,1,0.999941349029541,clean,,
midjourney_00071.png,test,midjourney,1,0,0.006289463955909014,clean,,
midjourney_00009.png,test,midjourney,1,1,0.6986677050590515,clean,,
midjourney_00044.png,test,midjourney,1,1,0.9753853678703308,clean,,
biggan_00017.png,test,biggan,1,1,0.9999397993087769,clean,,
glide_00082.png,test,glide,1,1,0.9988476037979126,clean,,
glide_00037.png,test,glide,1,0,0.3789370357990265,clean,,
adm_00027.png,test,adm,1,1,0.9999276399612427,clean,,
midjourney_00024.png,test,midjourney,1,1,0.999998927116394,clean,,
glide_00033.png,test,glide,1,1,0.9999980926513672,clean,,
midjourney_00007.png,test,midjourney,1,1,0.9855965971946716,clean,,
sdv5_00072.png,test,sdv5,1,1,0.6935890913009644,clean,,
wukong_00022.png,test,wukong,1,1,0.9985824823379517,clean,,
vqdm_00032.png,test,vqdm,1,0,0.0009836176177486777,clean,,
glide_00009.png,test,glide,1,1,1.0,clean,,
biggan_00030.png,test,biggan,1,1,0.982954204082489,clean,,
wukong_00057.png,test,wukong,1,1,0.9589765667915344,clean,,
adm_00079.png,test,adm,1,1,1.0,clean,,
vqdm_00031.png,test,vqdm,1,1,0.9879751801490784,clean,,
glide_00010.png,test,glide,1,1,1.0,clean,,
wukong_00009.png,test,wukong,1,1,0.9984757304191589,clean,,
glide_00013.png,test,glide,1,1,0.9995630383491516,clean,,
vqdm_00023.png,test,vqdm,1,1,0.5619804263114929,clean,,
sdv5_00011.png,test,sdv5,1,1,0.9888867735862732,clean,,
sdv5_00047.png,test,sdv5,1,1,0.999991774559021,clean,,
sdv5_00009.png,test,sdv5,1,1,0.9700915813446045,clean,,
sdv5_00010.png,test,sdv5,1,1,0.9339901208877563,clean,,
glide_00076.png,test,glide,1,1,1.0,clean,,
adm_00081.png,test,adm,1,1,0.999998927116394,clean,,
sdv5_00023.png,test,sdv5,1,1,0.9999780654907227,clean,,
biggan_00003.png,test,biggan,1,1,0.9998847246170044,clean,,
wukong_00061.png,test,wukong,1,1,0.6361591815948486,clean,,
adm_00085.png,test,adm,1,1,0.9870033860206604,clean,,
midjourney_00014.png,test,midjourney,1,1,0.9556778073310852,clean,,
vqdm_00042.png,test,vqdm,1,1,0.9991068243980408,clean,,
wukong_00076.png,test,wukong,1,1,0.9993108510971069,clean,,
vqdm_00035.png,test,vqdm,1,1,0.6531538963317871,clean,,
sdv5_00037.png,test,sdv5,1,1,0.6762850284576416,clean,,
biggan_00000.png,test,biggan,1,1,0.9999964237213135,clean,,
sdv5_00053.png,test,sdv5,1,1,0.9999991655349731,clean,,
midjourney_00034.png,test,midjourney,1,1,0.9968716502189636,clean,,
wukong_00033.png,test,wukong,1,1,0.9432145953178406,clean,,
glide_00011.png,test,glide,1,1,0.9996238946914673,clean,,
glide_00008.png,test,glide,1,1,0.9999998807907104,clean,,
adm_00044.png,test,adm,1,1,0.9836861491203308,clean,,
sdv5_00029.png,test,sdv5,1,1,0.9999747276306152,clean,,
sdv5_00081.png,test,sdv5,1,1,0.9999904632568359,clean,,
sdv5_00040.png,test,sdv5,1,1,0.5059831142425537,clean,,
adm_00042.png,test,adm,1,1,0.9999736547470093,clean,,
sdv5_00059.png,test,sdv5,1,1,0.9613252878189087,clean,,
wukong_00017.png,test,wukong,1,1,0.9999291896820068,clean,,
wukong_00058.png,test,wukong,1,1,0.9999986886978149,clean,,
adm_00086.png,test,adm,1,1,0.9999998807907104,clean,,
midjourney_00049.png,test,midjourney,1,1,0.979606568813324,clean,,
midjourney_00065.png,test,midjourney,1,1,0.9999998807907104,clean,,
midjourney_00006.png,test,midjourney,1,1,0.9836236238479614,clean,,
wukong_00079.png,test,wukong,1,1,0.9995296001434326,clean,,
sdv5_00085.png,test,sdv5,1,1,1.0,clean,,
sdv5_00065.png,test,sdv5,1,1,0.9650469422340393,clean,,
wukong_00037.png,test,wukong,1,1,0.9772694110870361,clean,,
biggan_00032.png,test,biggan,1,1,0.9998036026954651,clean,,
wukong_00011.png,test,wukong,1,1,0.999976634979248,clean,,
biggan_00053.png,test,biggan,1,1,1.0,clean,,
sdv5_00005.png,test,sdv5,1,1,0.9783217310905457,clean,,
adm_00057.png,test,adm,1,1,0.9751171469688416,clean,,
wukong_00024.png,test,wukong,1,1,0.9949972629547119,clean,,
glide_00056.png,test,glide,1,1,1.0,clean,,
adm_00004.png,test,adm,1,1,1.0,clean,,
midjourney_00081.png,test,midjourney,1,0,0.00037848108331672847,clean,,
sdv5_00083.png,test,sdv5,1,0,0.047517940402030945,clean,,
glide_00042.png,test,glide,1,1,0.9999750852584839,clean,,
glide_00029.png,test,glide,1,1,0.8319520354270935,clean,,
vqdm_00022.png,test,vqdm,1,1,0.99928218126297,clean,,
adm_00007.png,test,adm,1,1,0.9999793767929077,clean,,
vqdm_00082.png,test,vqdm,1,0,0.34297454357147217,clean,,
glide_00052.png,test,glide,1,1,1.0,clean,,
adm_00066.png,test,adm,1,1,0.9740176200866699,clean,,
sdv5_00026.png,test,sdv5,1,1,0.5156049132347107,clean,,
wukong_00004.png,test,wukong,1,1,0.9999963045120239,clean,,
wukong_00034.png,test,wukong,1,1,0.9997310042381287,clean,,
adm_00073.png,test,adm,1,1,0.9999997615814209,clean,,
sdv5_00056.png,test,sdv5,1,1,0.9011369347572327,clean,,
adm_00050.png,test,adm,1,1,0.9915334582328796,clean,,
biggan_00004.png,test,biggan,1,1,0.999955415725708,clean,,
midjourney_00063.png,test,midjourney,1,1,0.9130178689956665,clean,,
glide_00007.png,test,glide,1,1,0.9451491832733154,clean,,
vqdm_00059.png,test,vqdm,1,0,0.4742571711540222,clean,,
midjourney_00051.png,test,midjourney,1,0,0.14375440776348114,clean,,
adm_00040.png,test,adm,1,1,0.9851318001747131,clean,,
vqdm_00046.png,test,vqdm,1,0,0.4824335277080536,clean,,
glide_00071.png,test,glide,1,1,0.9999982118606567,clean,,
midjourney_00040.png,test,midjourney,1,1,0.8187536597251892,clean,,
biggan_00056.png,test,biggan,1,1,0.9962605834007263,clean,,
wukong_00030.png,test,wukong,1,1,0.9338828921318054,clean,,
adm_00045.png,test,adm,1,1,0.9999988079071045,clean,,
vqdm_00069.png,test,vqdm,1,1,0.9569701552391052,clean,,
sdv5_00013.png,test,sdv5,1,1,0.9788993000984192,clean,,
adm_00058.png,test,adm,1,1,0.9873502850532532,clean,,
biggan_00037.png,test,biggan,1,1,1.0,clean,,
vqdm_00039.png,test,vqdm,1,1,0.9994785189628601,clean,,
sdv5_00034.png,test,sdv5,1,1,0.9999386072158813,clean,,
glide_00047.png,test,glide,1,1,0.9988143444061279,clean,,
biggan_00063.png,test,biggan,1,1,0.9999997615814209,clean,,
glide_00045.png,test,glide,1,1,0.9133939146995544,clean,,
wukong_00027.png,test,wukong,1,1,0.9930025935173035,clean,,
vqdm_00027.png,test,vqdm,1,0,0.1826290637254715,clean,,
glide_00024.png,test,glide,1,1,0.9999994039535522,clean,,
wukong_00085.png,test,wukong,1,1,0.9996442794799805,clean,,
glide_00043.png,test,glide,1,1,0.9999994039535522,clean,,
vqdm_00055.png,test,vqdm,1,1,0.996565043926239,clean,,
midjourney_00057.png,test,midjourney,1,1,0.999911904335022,clean,,
wukong_00062.png,test,wukong,1,1,0.9475825428962708,clean,,
sdv5_00007.png,test,sdv5,1,1,0.9979739785194397,clean,,
biggan_00043.png,test,biggan,1,1,0.618696928024292,clean,,
adm_00083.png,test,adm,1,1,0.9999357461929321,clean,,
adm_00052.png,test,adm,1,1,0.9999967813491821,clean,,
wukong_00032.png,test,wukong,1,1,0.998788058757782,clean,,
midjourney_00047.png,test,midjourney,1,1,0.9999744892120361,clean,,
midjourney_00072.png,test,midjourney,1,1,0.9996138215065002,clean,,
wukong_00010.png,test,wukong,1,1,0.9975706934928894,clean,,
sdv5_00021.png,test,sdv5,1,1,0.9954169988632202,clean,,
biggan_00009.png,test,biggan,1,1,0.9841815233230591,clean,,
wukong_00043.png,test,wukong,1,1,0.9998202919960022,clean,,
vqdm_00034.png,test,vqdm,1,1,0.9720146656036377,clean,,
biggan_00023.png,test,biggan,1,1,0.9998406171798706,clean,,
glide_00080.png,test,glide,1,1,0.9999995231628418,clean,,
midjourney_00008.png,test,midjourney,1,1,0.68944251537323,clean,,
biggan_00024.png,test,biggan,1,1,0.9999995231628418,clean,,
midjourney_00002.png,test,midjourney,1,1,0.9381617307662964,clean,,
midjourney_00000.png,test,midjourney,1,1,0.8480472564697266,clean,,
adm_00084.png,test,adm,1,1,1.0,clean,,
biggan_00042.png,test,biggan,1,1,0.9999927282333374,clean,,
wukong_00018.png,test,wukong,1,1,0.999997615814209,clean,,
vqdm_00021.png,test,vqdm,1,1,0.9781734347343445,clean,,
sdv5_00057.png,test,sdv5,1,1,0.9739461541175842,clean,,
midjourney_00029.png,test,midjourney,1,1,0.7259048223495483,clean,,
sdv5_00004.png,test,sdv5,1,0,0.4889998733997345,clean,,
wukong_00063.png,test,wukong,1,0,0.2683502435684204,clean,,
glide_00057.png,test,glide,1,1,0.9996480941772461,clean,,
wukong_00074.png,test,wukong,1,0,0.28376251459121704,clean,,
adm_00070.png,test,adm,1,1,0.9985709190368652,clean,,
midjourney_00018.png,test,midjourney,1,1,0.9994018077850342,clean,,
vqdm_00081.png,test,vqdm,1,1,0.8349535465240479,clean,,
vqdm_00075.png,test,vqdm,1,1,0.9216299057006836,clean,,
glide_00059.png,test,glide,1,1,0.9951489567756653,clean,,
vqdm_00002.png,test,vqdm,1,0,0.20819932222366333,clean,,
biggan_00045.png,test,biggan,1,1,1.0,clean,,
sdv5_00075.png,test,sdv5,1,1,0.9779677391052246,clean,,
sdv5_00055.png,test,sdv5,1,0,0.07499999552965164,clean,,
wukong_00013.png,test,wukong,1,1,0.9999818801879883,clean,,
adm_00068.png,test,adm,1,1,0.9999058246612549,clean,,
midjourney_00010.png,test,midjourney,1,0,0.2182358354330063,clean,,
midjourney_00030.png,test,midjourney,1,1,0.9934472441673279,clean,,
sdv5_00074.png,test,sdv5,1,1,0.9999929666519165,clean,,
vqdm_00072.png,test,vqdm,1,1,0.9922811388969421,clean,,
wukong_00031.png,test,wukong,1,1,0.999993085861206,clean,,
vqdm_00080.png,test,vqdm,1,1,0.9988623857498169,clean,,
midjourney_00043.png,test,midjourney,1,0,0.035898659378290176,clean,,
vqdm_00001.png,test,vqdm,1,1,0.7955998778343201,clean,,
glide_00021.png,test,glide,1,1,0.9999926090240479,clean,,
midjourney_00037.png,test,midjourney,1,0,0.009502663277089596,clean,,
biggan_00031.png,test,biggan,1,1,0.9999998807907104,clean,,
wukong_00072.png,test,wukong,1,1,0.9798754453659058,clean,,
midjourney_00055.png,test,midjourney,1,1,0.9987518787384033,clean,,
glide_00070.png,test,glide,1,1,1.0,clean,,
biggan_00057.png,test,biggan,1,1,0.9976480603218079,clean,,
midjourney_00075.png,test,midjourney,1,1,0.9983431100845337,clean,,
vqdm_00048.png,test,vqdm,1,1,0.9464726448059082,clean,,
glide_00034.png,test,glide,1,1,1.0,clean,,
sdv5_00078.png,test,sdv5,1,1,0.913715660572052,clean,,
midjourney_00062.png,test,midjourney,1,1,0.6705304384231567,clean,,
adm_00031.png,test,adm,1,0,0.4414544403553009,clean,,
midjourney_00026.png,test,midjourney,1,1,0.7845082879066467,clean,,
vqdm_00000.png,test,vqdm,1,1,0.8843103647232056,clean,,
adm_00020.png,test,adm,1,1,0.9983745813369751,clean,,
adm_00012.png,test,adm,1,1,0.9999897480010986,clean,,
adm_00030.png,test,adm,1,1,0.9999973773956299,clean,,
midjourney_00070.png,test,midjourney,1,1,0.8656415939331055,clean,,
adm_00041.png,test,adm,1,1,0.9998890161514282,clean,,
adm_00078.png,test,adm,1,1,0.9999974966049194,clean,,
wukong_00068.png,test,wukong,1,1,0.9098594784736633,clean,,
biggan_00008.png,test,biggan,1,1,0.9908089637756348,clean,,
adm_00069.png,test,adm,1,1,1.0,clean,,
vqdm_00056.png,test,vqdm,1,1,0.9999727010726929,clean,,
sdv5_00036.png,test,sdv5,1,1,0.9983623623847961,clean,,
vqdm_00079.png,test,vqdm,1,1,0.9695209264755249,clean,,
midjourney_00017.png,test,midjourney,1,1,0.5933518409729004,clean,,
biggan_00033.png,test,biggan,1,1,0.999995231628418,clean,,
biggan_00018.png,test,biggan,1,1,0.9999934434890747,clean,,
sdv5_00001.png,test,sdv5,1,1,0.7154070734977722,clean,,
sdv5_00020.png,test,sdv5,1,1,0.981507420539856,clean,,
biggan_00048.png,test,biggan,1,1,0.9995843768119812,clean,,
biggan_00058.png,test,biggan,1,1,1.0,clean,,
midjourney_00066.png,test,midjourney,1,0,0.38411465287208557,clean,,
midjourney_00080.png,test,midjourney,1,0,0.31877321004867554,clean,,
adm_00005.png,test,adm,1,1,0.9999984502792358,clean,,
adm_00003.png,test,adm,1,1,0.9999984502792358,clean,,
adm_00024.png,test,adm,1,1,0.9998373985290527,clean,,
sdv5_00000.png,test,sdv5,1,1,0.9999219179153442,clean,,
biggan_00001.png,test,biggan,1,1,0.999790608882904,clean,,
vqdm_00014.png,test,vqdm,1,1,0.9994550347328186,clean,,
biggan_00028.png,test,biggan,1,1,1.0,clean,,
midjourney_00028.png,test,midjourney,1,0,0.07081451267004013,clean,,
biggan_00027.png,test,biggan,1,1,0.9998329877853394,clean,,
sdv5_00049.png,test,sdv5,1,1,0.9999220371246338,clean,,
vqdm_00029.png,test,vqdm,1,1,0.9955850839614868,clean,,
adm_00035.png,test,adm,1,1,0.9999769926071167,clean,,
adm_00011.png,test,adm,1,1,1.0,clean,,
biggan_00078.png,test,biggan,1,1,0.9999853372573853,clean,,
midjourney_00013.png,test,midjourney,1,1,0.9913950562477112,clean,,
sdv5_00067.png,test,sdv5,1,1,0.9748479127883911,clean,,
biggan_00006.png,test,biggan,1,1,0.9994418025016785,clean,,
vqdm_00078.png,test,vqdm,1,1,0.5178540945053101,clean,,
glide_00049.png,test,glide,1,1,0.9981321692466736,clean,,
midjourney_00050.png,test,midjourney,1,1,0.9999392032623291,clean,,
glide_00017.png,test,glide,1,1,1.0,clean,,
wukong_00008.png,test,wukong,1,1,0.9998974800109863,clean,,
sdv5_00014.png,test,sdv5,1,1,0.9746047258377075,clean,,
biggan_00052.png,test,biggan,1,1,0.9109281301498413,clean,,
wukong_00059.png,test,wukong,1,1,0.9834898710250854,clean,,
glide_00078.png,test,glide,1,1,1.0,clean,,
adm_00034.png,test,adm,1,1,1.0,clean,,
wukong_00006.png,test,wukong,1,1,0.930930495262146,clean,,
biggan_00046.png,test,biggan,1,1,1.0,clean,,
wukong_00073.png,test,wukong,1,1,0.5572040677070618,clean,,
midjourney_00046.png,test,midjourney,1,1,0.9997859597206116,clean,,
glide_00068.png,test,glide,1,1,0.9999990463256836,clean,,
midjourney_00058.png,test,midjourney,1,1,0.6275762915611267,clean,,
glide_00001.png,test,glide,1,1,0.9999972581863403,clean,,
glide_00041.png,test,glide,1,1,1.0,clean,,
glide_00014.png,test,glide,1,1,0.978548526763916,clean,,
adm_00013.png,test,adm,1,1,0.9959719777107239,clean,,
glide_00063.png,test,glide,1,1,0.999998927116394,clean,,
wukong_00045.png,test,wukong,1,1,0.9907580614089966,clean,,
biggan_00079.png,test,biggan,1,1,0.9999963045120239,clean,,
adm_00002.png,test,adm,1,1,1.0,clean,,
midjourney_00041.png,test,midjourney,1,1,0.9995884299278259,clean,,
vqdm_00044.png,test,vqdm,1,1,0.9997956156730652,clean,,
adm_00043.png,test,adm,1,1,0.9484956860542297,clean,,
sdv5_00017.png,test,sdv5,1,1,0.9997431635856628,clean,,
vqdm_00052.png,test,vqdm,1,1,0.7138418555259705,clean,,
adm_00036.png,test,adm,1,1,0.9997391104698181,clean,,
biggan_00083.png,test,biggan,1,1,0.98751300573349,clean,,
glide_00020.png,test,glide,1,1,1.0,clean,,
midjourney_00054.png,test,midjourney,1,0,0.208768829703331,clean,,
adm_00032.png,test,adm,1,1,0.9999781847000122,clean,,
glide_00058.png,test,glide,1,1,0.9999529123306274,clean,,
vqdm_00008.png,test,vqdm,1,1,0.9988364577293396,clean,,
adm_00026.png,test,adm,1,1,0.9999994039535522,clean,,
midjourney_00082.png,test,midjourney,1,1,0.9911921620368958,clean,,
wukong_00012.png,test,wukong,1,1,0.9973069429397583,clean,,
glide_00048.png,test,glide,1,1,0.9093680381774902,clean,,
midjourney_00033.png,test,midjourney,1,1,0.9999665021896362,clean,,
vqdm_00060.png,test,vqdm,1,1,0.9952711462974548,clean,,
wukong_00052.png,test,wukong,1,1,0.9999998807907104,clean,,
adm_00021.png,test,adm,1,1,0.9960830211639404,clean,,
wukong_00042.png,test,wukong,1,1,0.8714285492897034,clean,,
vqdm_00071.png,test,vqdm,1,1,0.9999074935913086,clean,,
glide_00026.png,test,glide,1,1,1.0,clean,,
biggan_00019.png,test,biggan,1,1,0.9999969005584717,clean,,
glide_00051.png,test,glide,1,1,0.9993785619735718,clean,,
adm_00056.png,test,adm,1,1,0.9995998740196228,clean,,
glide_00012.png,test,glide,1,1,1.0,clean,,
adm_00017.png,test,adm,1,1,0.8892115354537964,clean,,
wukong_00020.png,test,wukong,1,1,0.9982372522354126,clean,,
sdv5_00069.png,test,sdv5,1,1,0.9642571210861206,clean,,
vqdm_00064.png,test,vqdm,1,1,0.8311523795127869,clean,,
wukong_00050.png,test,wukong,1,1,0.9976332187652588,clean,,
glide_00032.png,test,glide,1,1,0.9999947547912598,clean,,
glide_00040.png,test,glide,1,1,0.9999881982803345,clean,,
glide_00064.png,test,glide,1,1,0.8921522498130798,clean,,
adm_00016.png,test,adm,1,1,0.9894165396690369,clean,,
biggan_00066.png,test,biggan,1,1,1.0,clean,,
vqdm_00013.png,test,vqdm,1,0,0.025979379191994667,clean,,
sdv5_00024.png,test,sdv5,1,1,0.9189407825469971,clean,,
sdv5_00030.png,test,sdv5,1,1,0.9968686699867249,clean,,
wukong_00051.png,test,wukong,1,1,0.9979569911956787,clean,,
sdv5_00077.png,test,sdv5,1,1,0.9999997615814209,clean,,
biggan_00013.png,test,biggan,1,1,0.9998581409454346,clean,,
wukong_00064.png,test,wukong,1,1,0.999984622001648,clean,,
vqdm_00025.png,test,vqdm,1,1,0.9703331589698792,clean,,
glide_00002.png,test,glide,1,1,1.0,clean,,
midjourney_00079.png,test,midjourney,1,1,0.7129371762275696,clean,,
wukong_00039.png,test,wukong,1,1,0.7993617653846741,clean,,
vqdm_00020.png,test,vqdm,1,1,0.9977782368659973,clean,,
sdv5_00032.png,test,sdv5,1,1,0.9942508935928345,clean,,
sdv5_00003.png,test,sdv5,1,0,0.11231021583080292,clean,,
wukong_00078.png,test,wukong,1,1,0.9968814849853516,clean,,
wukong_00065.png,test,wukong,1,1,0.9999226331710815,clean,,
biggan_00014.png,test,biggan,1,1,0.9998993873596191,clean,,
adm_00006.png,test,adm,1,1,1.0,clean,,
wukong_00056.png,test,wukong,1,1,0.9999905824661255,clean,,
biggan_00005.png,test,biggan,1,1,1.0,clean,,
wukong_00002.png,test,wukong,1,1,0.7415708303451538,clean,,
wukong_00055.png,test,wukong,1,0,0.10313917696475983,clean,,
sdv5_00016.png,test,sdv5,1,1,0.8296056985855103,clean,,
biggan_00065.png,test,biggan,1,0,0.37837889790534973,clean,,
vqdm_00019.png,test,vqdm,1,1,0.5213478803634644,clean,,
adm_00038.png,test,adm,1,1,0.9999979734420776,clean,,
sdv5_00044.png,test,sdv5,1,1,0.875619649887085,clean,,
midjourney_00084.png,test,midjourney,1,1,0.9998655319213867,clean,,
midjourney_00025.png,test,midjourney,1,0,0.09480325132608414,clean,,
biggan_00061.png,test,biggan,1,1,0.9990606904029846,clean,,
sdv5_00071.png,test,sdv5,1,1,0.9999990463256836,clean,,
biggan_00074.png,test,biggan,1,1,1.0,clean,,
vqdm_00077.png,test,vqdm,1,0,0.20925761759281158,clean,,
midjourney_00001.png,test,midjourney,1,1,0.9996823072433472,clean,,
biggan_00069.png,test,biggan,1,1,0.9934192299842834,clean,,
glide_00005.png,test,glide,1,1,0.9999996423721313,clean,,
sdv5_00015.png,test,sdv5,1,1,0.8042109608650208,clean,,
vqdm_00012.png,test,vqdm,1,1,0.856987476348877,clean,,
wukong_00077.png,test,wukong,1,0,0.37056949734687805,clean,,
midjourney_00023.png,test,midjourney,1,0,0.23189273476600647,clean,,
sdv5_00045.png,test,sdv5,1,1,0.9026293158531189,clean,,
adm_00033.png,test,adm,1,1,0.999835729598999,clean,,
wukong_00083.png,test,wukong,1,1,0.9883954524993896,clean,,
biggan_00034.png,test,biggan,1,1,1.0,clean,,
biggan_00070.png,test,biggan,1,1,0.999480664730072,clean,,
biggan_00076.png,test,biggan,1,1,0.871271550655365,clean,,
midjourney_00067.png,test,midjourney,1,1,0.6887333393096924,clean,,
biggan_00062.png,test,biggan,1,1,0.9995180368423462,clean,,
midjourney_00027.png,test,midjourney,1,1,0.961310088634491,clean,,
biggan_00077.png,test,biggan,1,1,0.9999933242797852,clean,,
wukong_00053.png,test,wukong,1,1,0.9999998807907104,clean,,
sdv5_00080.png,test,sdv5,1,1,1.0,clean,,
glide_00035.png,test,glide,1,0,0.26957324147224426,clean,,
adm_00022.png,test,adm,1,1,0.9999997615814209,clean,,
vqdm_00070.png,test,vqdm,1,0,0.36552929878234863,clean,,
wukong_00019.png,test,wukong,1,1,0.9224219918251038,clean,,
glide_00036.png,test,glide,1,1,0.9969139099121094,clean,,
adm_00054.png,test,adm,1,1,0.9999982118606567,clean,,
glide_00060.png,test,glide,1,1,0.9999985694885254,clean,,
adm_00061.png,test,adm,1,1,0.9999994039535522,clean,,
vqdm_00028.png,test,vqdm,1,1,0.9478273987770081,clean,,
vqdm_00026.png,test,vqdm,1,1,0.797950267791748,clean,,
vqdm_00054.png,test,vqdm,1,0,0.006496970541775227,clean,,
biggan_00021.png,test,biggan,1,1,0.862599790096283,clean,,
vqdm_00005.png,test,vqdm,1,1,0.9994367957115173,clean,,
glide_00055.png,test,glide,1,1,0.9995788931846619,clean,,
biggan_00075.png,test,biggan,1,0,0.40768536925315857,clean,,
wukong_00046.png,test,wukong,1,1,1.0,clean,,
wukong_00084.png,test,wukong,1,1,0.8862252831459045,clean,,
wukong_00025.png,test,wukong,1,1,0.9938856959342957,clean,,
vqdm_00009.png,test,vqdm,1,1,0.9964042901992798,clean,,
glide_00019.png,test,glide,1,1,1.0,clean,,
biggan_00040.png,test,biggan,1,1,1.0,clean,,
vqdm_00007.png,test,vqdm,1,1,0.9912742972373962,clean,,
vqdm_00076.png,test,vqdm,1,1,0.5260531902313232,clean,,
glide_00066.png,test,glide,1,1,0.8009770512580872,clean,,
biggan_00073.png,test,biggan,1,1,0.9999933242797852,clean,,
glide_00072.png,test,glide,1,1,0.9999998807907104,clean,,
midjourney_00038.png,test,midjourney,1,1,0.6220917105674744,clean,,
vqdm_00016.png,test,vqdm,1,0,0.0019044872606173158,clean,,
glide_00006.png,test,glide,1,1,0.999301552772522,clean,,
glide_00065.png,test,glide,1,1,0.9999924898147583,clean,,
adm_00055.png,test,adm,1,1,0.9999918937683105,clean,,
midjourney_00073.png,test,midjourney,1,1,0.8931626081466675,clean,,
midjourney_00020.png,test,midjourney,1,1,0.880580484867096,clean,,
sdv5_00012.png,test,sdv5,1,1,0.9998587369918823,clean,,
wukong_00028.png,test,wukong,1,1,0.9634316563606262,clean,,
midjourney_00056.png,test,midjourney,1,1,0.8985916376113892,clean,,
vqdm_00067.png,test,vqdm,1,0,0.037710316479206085,clean,,
adm_00037.png,test,adm,1,1,1.0,clean,,
adm_00064.png,test,adm,1,1,0.9996826648712158,clean,,
vqdm_00084.png,test,vqdm,1,1,0.999998927116394,clean,,
sdv5_00052.png,test,sdv5,1,1,0.9996849298477173,clean,,
biggan_00035.png,test,biggan,1,1,0.9999991655349731,clean,,
vqdm_00043.png,test,vqdm,1,1,0.9495148062705994,clean,,
adm_00028.png,test,adm,1,1,0.9993892908096313,clean,,
glide_00027.png,test,glide,1,1,0.9701340198516846,clean,,
sdv5_00042.png,test,sdv5,1,1,0.994110643863678,clean,,
glide_00084.png,test,glide,1,1,0.9999920129776001,clean,,
sdv5_00025.png,test,sdv5,1,1,0.9809513092041016,clean,,
adm_00009.png,test,adm,1,1,0.8011277914047241,clean,,
sdv5_00031.png,test,sdv5,1,1,1.0,clean,,
wukong_00000.png,test,wukong,1,1,0.9914366602897644,clean,,
wukong_00069.png,test,wukong,1,1,0.7514649629592896,clean,,
biggan_00015.png,test,biggan,1,1,0.9999117851257324,clean,,
glide_00062.png,test,glide,1,1,0.9999923706054688,clean,,
adm_00076.png,test,adm,1,1,1.0,clean,,
vqdm_00015.png,test,vqdm,1,1,0.9947762489318848,clean,,
sdv5_00079.png,test,sdv5,1,1,0.9999983310699463,clean,,
glide_00083.png,test,glide,1,1,0.9999979734420776,clean,,
biggan_00039.png,test,biggan,1,1,0.994491696357727,clean,,
adm_00080.png,test,adm,1,1,1.0,clean,,
midjourney_00064.png,test,midjourney,1,1,0.9999336004257202,clean,,
sdv5_00070.png,test,sdv5,1,1,0.9850192070007324,clean,,
glide_00073.png,test,glide,1,1,0.9999754428863525,clean,,
vqdm_00018.png,test,vqdm,1,1,0.9999979734420776,clean,,
adm_00053.png,test,adm,1,1,0.9952607750892639,clean,,
biggan_00084.png,test,biggan,1,1,0.9970801472663879,clean,,
adm_00018.png,test,adm,1,1,0.9991174340248108,clean,,
sdv5_00018.png,test,sdv5,1,1,0.9867017865180969,clean,,
biggan_00020.png,test,biggan,1,1,1.0,clean,,
vqdm_00066.png,test,vqdm,1,1,0.9989393353462219,clean,,
adm_00048.png,test,adm,1,1,0.9985442161560059,clean,,
glide_00077.png,test,glide,1,1,0.859941303730011,clean,,
glide_00000.png,test,glide,1,1,0.9999927282333374,clean,,
vqdm_00033.png,test,vqdm,1,1,0.8333741426467896,clean,,
glide_00081.png,test,glide,1,1,1.0,clean,,
adm_00075.png,test,adm,1,1,0.999765932559967,clean,,
midjourney_00012.png,test,midjourney,1,1,0.9999568462371826,clean,,
glide_00028.png,test,glide,1,1,1.0,clean,,
vqdm_00057.png,test,vqdm,1,1,0.9999997615814209,clean,,
sdv5_00068.png,test,sdv5,1,1,0.8740246295928955,clean,,
vqdm_00036.png,test,vqdm,1,0,0.07427099347114563,clean,,
adm_00001.png,test,adm,1,1,0.9999955892562866,clean,,
biggan_00054.png,test,biggan,1,1,0.9993798732757568,clean,,
vqdm_00058.png,test,vqdm,1,1,0.9936936497688293,clean,,
sdv5_00035.png,test,sdv5,1,1,0.9936538934707642,clean,,
glide_00018.png,test,glide,1,0,0.01954532228410244,clean,,
adm_00008.png,test,adm,1,1,0.9999997615814209,clean,,
biggan_00067.png,test,biggan,1,1,0.9999899864196777,clean,,
glide_00004.png,test,glide,1,1,0.9999886751174927,clean,,
midjourney_00083.png,test,midjourney,1,1,0.9511720538139343,clean,,
wukong_00026.png,test,wukong,1,1,0.9998651742935181,clean,,
sdv5_00028.png,test,sdv5,1,1,0.6546558141708374,clean,,
midjourney_00042.png,test,midjourney,1,1,0.9999767541885376,clean,,
adm_00060.png,test,adm,1,1,0.9489518404006958,clean,,
glide_00003.png,test,glide,1,1,0.9999990463256836,clean,,
glide_00025.png,test,glide,1,1,0.9999655485153198,clean,,
biggan_00026.png,test,biggan,1,1,0.9526981115341187,clean,,
adm_00077.png,test,adm,1,1,1.0,clean,,
adm_00047.png,test,adm,1,1,0.9999923706054688,clean,,
sdv5_00033.png,test,sdv5,1,1,0.9994454979896545,clean,,
midjourney_00032.png,test,midjourney,1,1,0.9818131923675537,clean,,
biggan_00064.png,test,biggan,1,1,0.99788898229599,clean,,
vqdm_00074.png,test,vqdm,1,1,0.999997615814209,clean,,
biggan_00038.png,test,biggan,1,1,0.9993714690208435,clean,,
adm_00082.png,test,adm,1,1,1.0,clean,,
wukong_00007.png,test,wukong,1,1,0.9103839993476868,clean,,
wukong_00060.png,test,wukong,1,1,1.0,clean,,
sdv5_00041.png,test,sdv5,1,1,0.9969570636749268,clean,,
vqdm_00038.png,test,vqdm,1,1,0.9990806579589844,clean,,
wukong_00001.png,test,wukong,1,1,0.9999994039535522,clean,,
midjourney_00015.png,test,midjourney,1,1,0.9999741315841675,clean,,
biggan_00047.png,test,biggan,1,1,0.9999994039535522,clean,,
glide_00030.png,test,glide,1,1,0.9995100498199463,clean,,
vqdm_00047.png,test,vqdm,1,1,0.9653161764144897,clean,,
sdv5_00084.png,test,sdv5,1,1,0.9793627262115479,clean,,
vqdm_00083.png,test,vqdm,1,1,0.9943998456001282,clean,,
biggan_00068.png,test,biggan,1,1,0.9999878406524658,clean,,
sdv5_00058.png,test,sdv5,1,1,0.9548256397247314,clean,,
sdv5_00006.png,test,sdv5,1,1,0.9999860525131226,clean,,
biggan_00044.png,test,biggan,1,1,0.9994275569915771,clean,,
midjourney_00003.png,test,midjourney,1,1,0.9998171925544739,clean,,
sdv5_00027.png,test,sdv5,1,1,0.9986507296562195,clean,,
biggan_00072.png,test,biggan,1,1,0.9996200799942017,clean,,
vqdm_00030.png,test,vqdm,1,1,0.811121940612793,clean,,
vqdm_00085.png,test,vqdm,1,1,0.8277490139007568,clean,,
wukong_00071.png,test,wukong,1,1,0.9687915444374084,clean,,
adm_00062.png,test,adm,1,1,0.9931932091712952,clean,,
adm_00000.png,test,adm,1,1,0.9997467398643494,clean,,
wukong_00044.png,test,wukong,1,1,0.9999995231628418,clean,,
glide_00075.png,test,glide,1,1,0.9976848363876343,clean,,
vqdm_00040.png,test,vqdm,1,1,0.9963932633399963,clean,,
wukong_00082.png,test,wukong,1,1,1.0,clean,,
midjourney_00019.png,test,midjourney,1,1,0.9944697618484497,clean,,
adm_00065.png,test,adm,1,1,0.9999725818634033,clean,,
midjourney_00022.png,test,midjourney,1,1,0.8933247327804565,clean,,
midjourney_00052.png,test,midjourney,1,0,0.0003313682973384857,clean,,
adm_00046.png,test,adm,1,1,1.0,clean,,
wukong_00048.png,test,wukong,1,1,0.960232138633728,clean,,
vqdm_00045.png,test,vqdm,1,1,0.9999916553497314,clean,,
biggan_00036.png,test,biggan,1,1,0.9999091625213623,clean,,
sdv5_00038.png,test,sdv5,1,1,0.9755621552467346,clean,,
vqdm_00050.png,test,vqdm,1,0,0.15303051471710205,clean,,
biggan_00041.png,test,biggan,1,1,0.9999998807907104,clean,,
vqdm_00051.png,test,vqdm,1,1,0.774127185344696,clean,,
glide_00054.png,test,glide,1,1,0.9999397993087769,clean,,
sdv5_00062.png,test,sdv5,1,1,0.9999997615814209,clean,,
sdv5_00060.png,test,sdv5,1,1,0.9974167346954346,clean,,
glide_00079.png,test,glide,1,1,0.9928319454193115,clean,,
midjourney_00004.png,test,midjourney,1,1,0.9973286390304565,clean,,
wukong_00040.png,test,wukong,1,1,0.9452286958694458,clean,,
biggan_00060.png,test,biggan,1,1,0.9899040460586548,clean,,
wukong_00049.png,test,wukong,1,1,0.961048424243927,clean,,
wukong_00035.png,test,wukong,1,1,0.9798765778541565,clean,,
adm_00010.png,test,adm,1,1,0.9991306662559509,clean,,
sdv5_00064.png,test,sdv5,1,1,0.7218536734580994,clean,,
adm_00059.png,test,adm,1,1,0.9999912977218628,clean,,
midjourney_00048.png,test,midjourney,1,0,0.43760889768600464,clean,,
midjourney_00016.png,test,midjourney,1,0,0.40306556224823,clean,,
biggan_00007.png,test,biggan,1,1,0.5989991426467896,clean,,
glide_00067.png,test,glide,1,1,1.0,clean,,
glide_00046.png,test,glide,1,1,0.9998409748077393,clean,,
vqdm_00053.png,test,vqdm,1,1,0.9999995231628418,clean,,
adm_00071.png,test,adm,1,1,0.999990701675415,clean,,
glide_00022.png,test,glide,1,1,1.0,clean,,
sdv5_00082.png,test,sdv5,1,1,0.999580442905426,clean,,
vqdm_00003.png,test,vqdm,1,1,0.6727665662765503,clean,,
midjourney_00035.png,test,midjourney,1,1,0.9965080618858337,clean,,
glide_00031.png,test,glide,1,1,1.0,clean,,
vqdm_00063.png,test,vqdm,1,1,0.6084316968917847,clean,,
wukong_00016.png,test,wukong,1,1,0.9983768463134766,clean,,
wukong_00054.png,test,wukong,1,1,0.999923825263977,clean,,
biggan_00002.png,test,biggan,1,1,0.9999992847442627,clean,,
adm_00049.png,test,adm,1,1,1.0,clean,,
sdv5_00002.png,test,sdv5,1,1,0.9998416900634766,clean,,
biggan_00025.png,test,biggan,1,1,0.9995991587638855,clean,,
biggan_00071.png,test,biggan,1,1,1.0,clean,,
biggan_00051.png,test,biggan,1,0,0.19560495018959045,clean,,
wukong_00081.png,test,wukong,1,1,0.9291216135025024,clean,,
sdv5_00022.png,test,sdv5,1,1,0.9949182868003845,clean,,
real_00486.jpeg,test,real,0,0,2.3928919290483464e-06,recomp_q90_p2,90,2
real_00382.jpeg,test,real,0,0,3.827412729151547e-05,recomp_q90_p2,90,2
real_00117.jpeg,test,real,0,0,0.019637087360024452,recomp_q90_p2,90,2
real_00354.jpeg,test,real,0,0,1.2407354915922042e-05,recomp_q90_p2,90,2
real_00076.jpeg,test,real,0,0,0.0034597963094711304,recomp_q90_p2,90,2
real_00395.jpeg,test,real,0,0,1.4531250599247869e-05,recomp_q90_p2,90,2
real_00348.jpeg,test,real,0,0,0.40668192505836487,recomp_q90_p2,90,2
real_00307.jpeg,test,real,0,0,1.5167807760008145e-05,recomp_q90_p2,90,2
real_00438.jpeg,test,real,0,0,3.092079647881718e-10,recomp_q90_p2,90,2
real_00393.jpeg,test,real,0,0,0.0013863635249435902,recomp_q90_p2,90,2
real_00566.jpeg,test,real,0,0,0.0001783243496902287,recomp_q90_p2,90,2
real_00055.jpeg,test,real,0,0,0.09334659576416016,recomp_q90_p2,90,2
real_00416.jpeg,test,real,0,0,0.00046510336687788367,recomp_q90_p2,90,2
real_00304.jpeg,test,real,0,0,2.9038789151059063e-08,recomp_q90_p2,90,2
real_00135.jpeg,test,real,0,0,0.31499963998794556,recomp_q90_p2,90,2
real_00387.jpeg,test,real,0,0,1.5441074197042326e-08,recomp_q90_p2,90,2
real_00040.jpeg,test,real,0,0,3.342055788380094e-05,recomp_q90_p2,90,2
real_00563.jpeg,test,real,0,0,0.005476006772369146,recomp_q90_p2,90,2
real_00457.jpeg,test,real,0,0,0.3379960060119629,recomp_q90_p2,90,2
real_00561.jpeg,test,real,0,0,1.5447869373019785e-05,recomp_q90_p2,90,2
real_00288.jpeg,test,real,0,0,0.18918496370315552,recomp_q90_p2,90,2
real_00271.jpeg,test,real,0,0,0.011653104797005653,recomp_q90_p2,90,2
real_00185.jpeg,test,real,0,0,0.08499982208013535,recomp_q90_p2,90,2
real_00216.jpeg,test,real,0,0,0.001118894899263978,recomp_q90_p2,90,2
real_00180.jpeg,test,real,0,1,0.7972018718719482,recomp_q90_p2,90,2
real_00189.jpeg,test,real,0,0,0.07960612326860428,recomp_q90_p2,90,2
real_00396.jpeg,test,real,0,0,0.021491223946213722,recomp_q90_p2,90,2
real_00131.jpeg,test,real,0,0,0.0005713761202059686,recomp_q90_p2,90,2
real_00557.jpeg,test,real,0,0,0.007700717076659203,recomp_q90_p2,90,2
real_00266.jpeg,test,real,0,0,1.4687013560887863e-07,recomp_q90_p2,90,2
real_00207.jpeg,test,real,0,0,0.0003365601587574929,recomp_q90_p2,90,2
real_00141.jpeg,test,real,0,1,0.9831411838531494,recomp_q90_p2,90,2
real_00407.jpeg,test,real,0,1,0.9997389912605286,recomp_q90_p2,90,2
real_00026.jpeg,test,real,0,0,0.22518718242645264,recomp_q90_p2,90,2
real_00046.jpeg,test,real,0,0,0.002647032728418708,recomp_q90_p2,90,2
real_00585.jpeg,test,real,0,0,0.0003941548930015415,recomp_q90_p2,90,2
real_00206.jpeg,test,real,0,1,0.9776629209518433,recomp_q90_p2,90,2
real_00297.jpeg,test,real,0,0,0.0027078886050730944,recomp_q90_p2,90,2
real_00401.jpeg,test,real,0,0,4.171643377048895e-05,recomp_q90_p2,90,2
real_00339.jpeg,test,real,0,0,0.006319773383438587,recomp_q90_p2,90,2
real_00403.jpeg,test,real,0,1,0.7438563108444214,recomp_q90_p2,90,2
real_00344.jpeg,test,real,0,0,0.0020273698028177023,recomp_q90_p2,90,2
real_00560.jpeg,test,real,0,0,0.0364646352827549,recomp_q90_p2,90,2
real_00553.jpeg,test,real,0,0,0.03267333284020424,recomp_q90_p2,90,2
real_00598.jpeg,test,real,0,0,0.0004683725128415972,recomp_q90_p2,90,2
real_00497.jpeg,test,real,0,0,0.11980443447828293,recomp_q90_p2,90,2
real_00253.jpeg,test,real,0,0,5.760385115953504e-13,recomp_q90_p2,90,2
real_00577.jpeg,test,real,0,0,2.227913284968963e-07,recomp_q90_p2,90,2
real_00394.jpeg,test,real,0,0,0.028648285195231438,recomp_q90_p2,90,2
real_00445.jpeg,test,real,0,0,0.3841949701309204,recomp_q90_p2,90,2
real_00050.jpeg,test,real,0,0,0.23652052879333496,recomp_q90_p2,90,2
real_00269.jpeg,test,real,0,0,5.2006147598149255e-05,recomp_q90_p2,90,2
real_00151.jpeg,test,real,0,1,0.9082884788513184,recomp_q90_p2,90,2
real_00190.jpeg,test,real,0,0,1.974625973844013e-07,recomp_q90_p2,90,2
real_00250.jpeg,test,real,0,0,0.0038711223751306534,recomp_q90_p2,90,2
real_00257.jpeg,test,real,0,0,0.14699195325374603,recomp_q90_p2,90,2
real_00008.jpeg,test,real,0,0,2.4535382181056775e-05,recomp_q90_p2,90,2
real_00398.jpeg,test,real,0,0,0.09926818311214447,recomp_q90_p2,90,2
real_00322.jpeg,test,real,0,0,0.0012324361596256495,recomp_q90_p2,90,2
real_00230.jpeg,test,real,0,0,0.3858569860458374,recomp_q90_p2,90,2
real_00219.jpeg,test,real,0,0,0.04472515359520912,recomp_q90_p2,90,2
real_00550.jpeg,test,real,0,0,0.0036584206391125917,recomp_q90_p2,90,2
real_00528.jpeg,test,real,0,0,0.0034432457759976387,recomp_q90_p2,90,2
real_00039.jpeg,test,real,0,0,0.007095265667885542,recomp_q90_p2,90,2
real_00274.jpeg,test,real,0,1,0.5117597579956055,recomp_q90_p2,90,2
real_00414.jpeg,test,real,0,0,0.2626855969429016,recomp_q90_p2,90,2
real_00038.jpeg,test,real,0,0,0.015623792074620724,recomp_q90_p2,90,2
real_00434.jpeg,test,real,0,0,0.019237354397773743,recomp_q90_p2,90,2
real_00279.jpeg,test,real,0,0,0.00304296612739563,recomp_q90_p2,90,2
real_00077.jpeg,test,real,0,0,0.10076873004436493,recomp_q90_p2,90,2
real_00312.jpeg,test,real,0,1,0.5964849591255188,recomp_q90_p2,90,2
real_00482.jpeg,test,real,0,0,0.02623353712260723,recomp_q90_p2,90,2
real_00178.jpeg,test,real,0,0,0.38385316729545593,recomp_q90_p2,90,2
real_00535.jpeg,test,real,0,0,0.11353413760662079,recomp_q90_p2,90,2
real_00345.jpeg,test,real,0,0,0.0033243370708078146,recomp_q90_p2,90,2
real_00019.jpeg,test,real,0,0,0.0008973214426077902,recomp_q90_p2,90,2
real_00143.jpeg,test,real,0,0,0.0007579821394756436,recomp_q90_p2,90,2
real_00496.jpeg,test,real,0,0,0.03614705428481102,recomp_q90_p2,90,2
real_00522.jpeg,test,real,0,0,5.992046594148481e-13,recomp_q90_p2,90,2
real_00451.jpeg,test,real,0,0,4.087450179213192e-06,recomp_q90_p2,90,2
real_00371.jpeg,test,real,0,0,3.1162035156739876e-05,recomp_q90_p2,90,2
real_00060.jpeg,test,real,0,1,0.570431113243103,recomp_q90_p2,90,2
real_00410.jpeg,test,real,0,0,0.23844313621520996,recomp_q90_p2,90,2
real_00248.jpeg,test,real,0,1,0.5220788717269897,recomp_q90_p2,90,2
real_00043.jpeg,test,real,0,1,0.9103641510009766,recomp_q90_p2,90,2
real_00104.jpeg,test,real,0,0,0.00015664890815969557,recomp_q90_p2,90,2
real_00238.jpeg,test,real,0,0,0.0003547801752574742,recomp_q90_p2,90,2
real_00251.jpeg,test,real,0,0,0.0005523560103029013,recomp_q90_p2,90,2
real_00017.jpeg,test,real,0,0,0.00013819860760122538,recomp_q90_p2,90,2
real_00500.jpeg,test,real,0,0,0.0035846515092998743,recomp_q90_p2,90,2
real_00056.jpeg,test,real,0,0,0.010760562494397163,recomp_q90_p2,90,2
real_00227.jpeg,test,real,0,0,4.497093868849333e-06,recomp_q90_p2,90,2
real_00347.jpeg,test,real,0,0,5.121635240357136e-06,recomp_q90_p2,90,2
real_00176.jpeg,test,real,0,1,0.5731257200241089,recomp_q90_p2,90,2
real_00085.jpeg,test,real,0,0,0.0002835758205037564,recomp_q90_p2,90,2
real_00586.jpeg,test,real,0,0,1.8784679923555814e-05,recomp_q90_p2,90,2
real_00193.jpeg,test,real,0,0,8.47198607516475e-05,recomp_q90_p2,90,2
real_00018.jpeg,test,real,0,1,0.9791443943977356,recomp_q90_p2,90,2
real_00342.jpeg,test,real,0,0,0.02699265442788601,recomp_q90_p2,90,2
real_00359.jpeg,test,real,0,1,0.983161449432373,recomp_q90_p2,90,2
real_00163.jpeg,test,real,0,0,0.47391581535339355,recomp_q90_p2,90,2
real_00527.jpeg,test,real,0,0,0.0011512513738125563,recomp_q90_p2,90,2
real_00444.jpeg,test,real,0,0,0.0006950318347662687,recomp_q90_p2,90,2
real_00440.jpeg,test,real,0,0,0.019459083676338196,recomp_q90_p2,90,2
real_00096.jpeg,test,real,0,0,0.24185355007648468,recomp_q90_p2,90,2
real_00165.jpeg,test,real,0,0,0.1325661540031433,recomp_q90_p2,90,2
real_00576.jpeg,test,real,0,1,0.9358618259429932,recomp_q90_p2,90,2
real_00375.jpeg,test,real,0,0,0.004295193124562502,recomp_q90_p2,90,2
real_00300.jpeg,test,real,0,0,0.00011302359780529514,recomp_q90_p2,90,2
real_00503.jpeg,test,real,0,0,0.33925122022628784,recomp_q90_p2,90,2
real_00499.jpeg,test,real,0,0,0.005111226346343756,recomp_q90_p2,90,2
real_00283.jpeg,test,real,0,0,3.1522686185780913e-06,recomp_q90_p2,90,2
real_00160.jpeg,test,real,0,1,0.6955035924911499,recomp_q90_p2,90,2
real_00260.jpeg,test,real,0,0,0.020635021850466728,recomp_q90_p2,90,2
real_00208.jpeg,test,real,0,0,7.530996271043477e-08,recomp_q90_p2,90,2
real_00262.jpeg,test,real,0,0,0.0166145209223032,recomp_q90_p2,90,2
real_00213.jpeg,test,real,0,0,0.21948009729385376,recomp_q90_p2,90,2
real_00476.jpeg,test,real,0,0,0.0011597416596487164,recomp_q90_p2,90,2
real_00092.jpeg,test,real,0,0,0.4094226658344269,recomp_q90_p2,90,2
real_00324.jpeg,test,real,0,1,0.8171534538269043,recomp_q90_p2,90,2
real_00425.jpeg,test,real,0,1,0.6391612887382507,recomp_q90_p2,90,2
real_00559.jpeg,test,real,0,0,1.0834584827534854e-05,recomp_q90_p2,90,2
real_00015.jpeg,test,real,0,0,1.2487424783103052e-06,recomp_q90_p2,90,2
real_00562.jpeg,test,real,0,0,0.03980531543493271,recomp_q90_p2,90,2
real_00514.jpeg,test,real,0,0,4.049145133772081e-12,recomp_q90_p2,90,2
real_00580.jpeg,test,real,0,0,9.055197733687237e-05,recomp_q90_p2,90,2
real_00202.jpeg,test,real,0,0,0.009959163144230843,recomp_q90_p2,90,2
real_00402.jpeg,test,real,0,0,4.867192870960935e-08,recomp_q90_p2,90,2
real_00057.jpeg,test,real,0,0,1.554268237669021e-05,recomp_q90_p2,90,2
real_00007.jpeg,test,real,0,0,0.15993234515190125,recomp_q90_p2,90,2
real_00388.jpeg,test,real,0,0,0.38273853063583374,recomp_q90_p2,90,2
real_00016.jpeg,test,real,0,0,1.6202646335727877e-08,recomp_q90_p2,90,2
real_00506.jpeg,test,real,0,0,0.0777471736073494,recomp_q90_p2,90,2
real_00028.jpeg,test,real,0,0,0.0015203978400677443,recomp_q90_p2,90,2
real_00572.jpeg,test,real,0,1,0.5508123636245728,recomp_q90_p2,90,2
real_00381.jpeg,test,real,0,0,0.06985212117433548,recomp_q90_p2,90,2
real_00268.jpeg,test,real,0,0,0.022498229518532753,recomp_q90_p2,90,2
real_00512.jpeg,test,real,0,0,0.05570235103368759,recomp_q90_p2,90,2
real_00006.jpeg,test,real,0,1,0.9851062297821045,recomp_q90_p2,90,2
real_00289.jpeg,test,real,0,0,0.04964062198996544,recomp_q90_p2,90,2
real_00519.jpeg,test,real,0,0,0.0012947070645168424,recomp_q90_p2,90,2
real_00252.jpeg,test,real,0,0,2.6784549845615402e-05,recomp_q90_p2,90,2
real_00211.jpeg,test,real,0,0,0.0001940495421877131,recomp_q90_p2,90,2
real_00147.jpeg,test,real,0,0,0.010617480613291264,recomp_q90_p2,90,2
real_00181.jpeg,test,real,0,1,0.987209677696228,recomp_q90_p2,90,2
real_00458.jpeg,test,real,0,0,0.000114184214908164,recomp_q90_p2,90,2
real_00329.jpeg,test,real,0,0,2.9339873890421586e-06,recomp_q90_p2,90,2
real_00545.jpeg,test,real,0,0,0.019475853070616722,recomp_q90_p2,90,2
real_00568.jpeg,test,real,0,0,0.01531981397420168,recomp_q90_p2,90,2
real_00031.jpeg,test,real,0,0,0.003285280428826809,recomp_q90_p2,90,2
real_00171.jpeg,test,real,0,0,7.234325948957121e-06,recomp_q90_p2,90,2
real_00320.jpeg,test,real,0,0,0.00015432540385518223,recomp_q90_p2,90,2
real_00083.jpeg,test,real,0,0,0.001837981166318059,recomp_q90_p2,90,2
real_00012.jpeg,test,real,0,1,0.7514840364456177,recomp_q90_p2,90,2
real_00357.jpeg,test,real,0,0,0.002072978066280484,recomp_q90_p2,90,2
real_00346.jpeg,test,real,0,0,0.007108419202268124,recomp_q90_p2,90,2
real_00450.jpeg,test,real,0,1,0.5500575304031372,recomp_q90_p2,90,2
real_00356.jpeg,test,real,0,0,0.057316094636917114,recomp_q90_p2,90,2
real_00594.jpeg,test,real,0,0,0.008248819969594479,recomp_q90_p2,90,2
real_00048.jpeg,test,real,0,0,0.15525546669960022,recomp_q90_p2,90,2
real_00158.jpeg,test,real,0,0,1.3977373782836366e-05,recomp_q90_p2,90,2
real_00521.jpeg,test,real,0,0,0.13466651737689972,recomp_q90_p2,90,2
real_00285.jpeg,test,real,0,0,0.17766301333904266,recomp_q90_p2,90,2
real_00270.jpeg,test,real,0,0,0.00017374182061757892,recomp_q90_p2,90,2
real_00533.jpeg,test,real,0,0,0.12294314801692963,recomp_q90_p2,90,2
real_00494.jpeg,test,real,0,0,0.001724056899547577,recomp_q90_p2,90,2
real_00317.jpeg,test,real,0,0,0.3230021297931671,recomp_q90_p2,90,2
real_00296.jpeg,test,real,0,0,5.44460647233791e-07,recomp_q90_p2,90,2
real_00237.jpeg,test,real,0,0,4.030778654851019e-06,recomp_q90_p2,90,2
real_00242.jpeg,test,real,0,0,0.07525504380464554,recomp_q90_p2,90,2
real_00584.jpeg,test,real,0,1,0.9793041944503784,recomp_q90_p2,90,2
real_00570.jpeg,test,real,0,0,0.06574077904224396,recomp_q90_p2,90,2
real_00133.jpeg,test,real,0,0,0.0043983603827655315,recomp_q90_p2,90,2
real_00047.jpeg,test,real,0,0,0.00018455601821187884,recomp_q90_p2,90,2
real_00480.jpeg,test,real,0,0,0.0011956749949604273,recomp_q90_p2,90,2
real_00210.jpeg,test,real,0,0,0.0005808300338685513,recomp_q90_p2,90,2
real_00301.jpeg,test,real,0,0,0.07385045289993286,recomp_q90_p2,90,2
real_00574.jpeg,test,real,0,0,0.1424400508403778,recomp_q90_p2,90,2
real_00134.jpeg,test,real,0,0,0.3728407919406891,recomp_q90_p2,90,2
real_00597.jpeg,test,real,0,1,0.895553469657898,recomp_q90_p2,90,2
real_00281.jpeg,test,real,0,1,0.687393069267273,recomp_q90_p2,90,2
real_00332.jpeg,test,real,0,0,0.043031949549913406,recomp_q90_p2,90,2
real_00415.jpeg,test,real,0,0,2.914899778261315e-05,recomp_q90_p2,90,2
real_00093.jpeg,test,real,0,0,0.0733853206038475,recomp_q90_p2,90,2
real_00526.jpeg,test,real,0,0,3.0328382649713603e-07,recomp_q90_p2,90,2
real_00259.jpeg,test,real,0,0,0.00022095430176705122,recomp_q90_p2,90,2
real_00128.jpeg,test,real,0,0,0.2143716663122177,recomp_q90_p2,90,2
real_00173.jpeg,test,real,0,0,0.003854125738143921,recomp_q90_p2,90,2
real_00005.jpeg,test,real,0,0,2.2158198886845781e-10,recomp_q90_p2,90,2
real_00532.jpeg,test,real,0,1,0.857584536075592,recomp_q90_p2,90,2
real_00061.jpeg,test,real,0,0,4.3337218812666833e-05,recomp_q90_p2,90,2
real_00313.jpeg,test,real,0,0,1.9078926925431006e-05,recomp_q90_p2,90,2
real_00130.jpeg,test,real,0,0,0.0008144667954184115,recomp_q90_p2,90,2
real_00454.jpeg,test,real,0,0,6.464076432166621e-05,recomp_q90_p2,90,2
real_00204.jpeg,test,real,0,0,0.0009547735680826008,recomp_q90_p2,90,2
real_00337.jpeg,test,real,0,0,0.08271069824695587,recomp_q90_p2,90,2
real_00195.jpeg,test,real,0,0,0.0008780872449278831,recomp_q90_p2,90,2
real_00187.jpeg,test,real,0,0,1.0159702696910244e-06,recomp_q90_p2,90,2
real_00489.jpeg,test,real,0,0,1.6024793580982077e-07,recomp_q90_p2,90,2
real_00385.jpeg,test,real,0,0,0.016989458352327347,recomp_q90_p2,90,2
real_00221.jpeg,test,real,0,0,7.394990825559944e-05,recomp_q90_p2,90,2
real_00027.jpeg,test,real,0,1,0.6302672624588013,recomp_q90_p2,90,2
real_00022.jpeg,test,real,0,0,9.114010754274204e-05,recomp_q90_p2,90,2
real_00331.jpeg,test,real,0,0,0.2554675042629242,recomp_q90_p2,90,2
real_00159.jpeg,test,real,0,0,1.4995770243331208e-06,recomp_q90_p2,90,2
real_00068.jpeg,test,real,0,0,0.18104158341884613,recomp_q90_p2,90,2
real_00127.jpeg,test,real,0,0,1.115058921641321e-06,recomp_q90_p2,90,2
real_00420.jpeg,test,real,0,0,0.32454970479011536,recomp_q90_p2,90,2
real_00510.jpeg,test,real,0,0,0.0002996169205289334,recomp_q90_p2,90,2
real_00106.jpeg,test,real,0,0,0.01697380095720291,recomp_q90_p2,90,2
real_00599.jpeg,test,real,0,0,0.00011244171037105843,recomp_q90_p2,90,2
real_00419.jpeg,test,real,0,0,0.0006155141163617373,recomp_q90_p2,90,2
real_00286.jpeg,test,real,0,0,0.18270818889141083,recomp_q90_p2,90,2
real_00341.jpeg,test,real,0,0,0.00655751395970583,recomp_q90_p2,90,2
real_00263.jpeg,test,real,0,0,0.002834922634065151,recomp_q90_p2,90,2
real_00255.jpeg,test,real,0,1,0.6952959299087524,recomp_q90_p2,90,2
real_00335.jpeg,test,real,0,0,0.006168541498482227,recomp_q90_p2,90,2
real_00174.jpeg,test,real,0,0,0.0007298039854504168,recomp_q90_p2,90,2
real_00243.jpeg,test,real,0,0,0.22698602080345154,recomp_q90_p2,90,2
real_00140.jpeg,test,real,0,0,0.39968374371528625,recomp_q90_p2,90,2
real_00582.jpeg,test,real,0,0,3.544933133525774e-05,recomp_q90_p2,90,2
real_00542.jpeg,test,real,0,0,0.13698555529117584,recomp_q90_p2,90,2
real_00547.jpeg,test,real,0,0,3.793030778354023e-09,recomp_q90_p2,90,2
real_00287.jpeg,test,real,0,1,0.7574102878570557,recomp_q90_p2,90,2
real_00144.jpeg,test,real,0,0,0.0023565960582345724,recomp_q90_p2,90,2
real_00214.jpeg,test,real,0,0,0.00013276793470140547,recomp_q90_p2,90,2
real_00234.jpeg,test,real,0,1,0.5917890667915344,recomp_q90_p2,90,2
real_00595.jpeg,test,real,0,0,0.0002389521396253258,recomp_q90_p2,90,2
real_00075.jpeg,test,real,0,0,8.347115360018975e-11,recomp_q90_p2,90,2
real_00295.jpeg,test,real,0,0,0.01648383028805256,recomp_q90_p2,90,2
real_00070.jpeg,test,real,0,0,0.004542733542621136,recomp_q90_p2,90,2
real_00148.jpeg,test,real,0,0,1.0150200751013472e-06,recomp_q90_p2,90,2
real_00491.jpeg,test,real,0,1,0.5649272203445435,recomp_q90_p2,90,2
real_00090.jpeg,test,real,0,0,0.0030889282934367657,recomp_q90_p2,90,2
real_00063.jpeg,test,real,0,0,0.11159232258796692,recomp_q90_p2,90,2
real_00334.jpeg,test,real,0,0,0.0015718628419563174,recomp_q90_p2,90,2
real_00530.jpeg,test,real,0,0,0.0014877894427627325,recomp_q90_p2,90,2
real_00069.jpeg,test,real,0,0,0.009364905767142773,recomp_q90_p2,90,2
real_00109.jpeg,test,real,0,0,8.660272214910947e-07,recomp_q90_p2,90,2
real_00321.jpeg,test,real,0,0,0.4186350703239441,recomp_q90_p2,90,2
real_00126.jpeg,test,real,0,0,0.2621574103832245,recomp_q90_p2,90,2
real_00358.jpeg,test,real,0,0,0.3445049822330475,recomp_q90_p2,90,2
real_00364.jpeg,test,real,0,0,0.0010185237042605877,recomp_q90_p2,90,2
real_00209.jpeg,test,real,0,0,0.05351019650697708,recomp_q90_p2,90,2
real_00292.jpeg,test,real,0,0,0.1203751340508461,recomp_q90_p2,90,2
real_00473.jpeg,test,real,0,0,0.010639422573149204,recomp_q90_p2,90,2
real_00367.jpeg,test,real,0,0,3.374024890945293e-05,recomp_q90_p2,90,2
real_00228.jpeg,test,real,0,0,0.006747759412974119,recomp_q90_p2,90,2
real_00463.jpeg,test,real,0,0,2.2166818780533504e-06,recomp_q90_p2,90,2
real_00529.jpeg,test,real,0,1,0.9748554825782776,recomp_q90_p2,90,2
real_00376.jpeg,test,real,0,0,2.6430598154547624e-06,recomp_q90_p2,90,2
real_00089.jpeg,test,real,0,0,0.02072189748287201,recomp_q90_p2,90,2
real_00409.jpeg,test,real,0,0,9.561611659592018e-05,recomp_q90_p2,90,2
real_00456.jpeg,test,real,0,0,0.00547817861661315,recomp_q90_p2,90,2
real_00378.jpeg,test,real,0,0,0.023987969383597374,recomp_q90_p2,90,2
real_00596.jpeg,test,real,0,0,0.030542198568582535,recomp_q90_p2,90,2
real_00477.jpeg,test,real,0,0,0.026555374264717102,recomp_q90_p2,90,2
real_00261.jpeg,test,real,0,0,3.7508098102989607e-06,recomp_q90_p2,90,2
real_00273.jpeg,test,real,0,0,0.15232673287391663,recomp_q90_p2,90,2
real_00100.jpeg,test,real,0,0,1.5429665878308185e-10,recomp_q90_p2,90,2
real_00080.jpeg,test,real,0,0,1.3641885061588255e-06,recomp_q90_p2,90,2
real_00009.jpeg,test,real,0,1,0.8985180854797363,recomp_q90_p2,90,2
real_00167.jpeg,test,real,0,0,2.6544957343332953e-09,recomp_q90_p2,90,2
real_00571.jpeg,test,real,0,1,0.9458584785461426,recomp_q90_p2,90,2
real_00218.jpeg,test,real,0,0,1.5303647160180844e-05,recomp_q90_p2,90,2
real_00355.jpeg,test,real,0,0,0.029571954160928726,recomp_q90_p2,90,2
real_00406.jpeg,test,real,0,0,0.11004948616027832,recomp_q90_p2,90,2
real_00302.jpeg,test,real,0,0,0.1954478621482849,recomp_q90_p2,90,2
real_00010.jpeg,test,real,0,1,0.854797899723053,recomp_q90_p2,90,2
real_00405.jpeg,test,real,0,0,0.00019821520254481584,recomp_q90_p2,90,2
real_00447.jpeg,test,real,0,0,0.00042740217759273946,recomp_q90_p2,90,2
real_00379.jpeg,test,real,0,0,0.0054983641020953655,recomp_q90_p2,90,2
real_00319.jpeg,test,real,0,0,0.48979538679122925,recomp_q90_p2,90,2
real_00543.jpeg,test,real,0,0,0.24185292422771454,recomp_q90_p2,90,2
real_00539.jpeg,test,real,0,0,0.08742845803499222,recomp_q90_p2,90,2
real_00579.jpeg,test,real,0,0,0.05758446455001831,recomp_q90_p2,90,2
real_00459.jpeg,test,real,0,1,0.7125398516654968,recomp_q90_p2,90,2
real_00587.jpeg,test,real,0,0,6.196401045599487e-07,recomp_q90_p2,90,2
real_00114.jpeg,test,real,0,0,0.0003451273369137198,recomp_q90_p2,90,2
real_00479.jpeg,test,real,0,0,5.528536348720081e-05,recomp_q90_p2,90,2
real_00488.jpeg,test,real,0,0,0.017339423298835754,recomp_q90_p2,90,2
real_00360.jpeg,test,real,0,0,3.308165105408989e-05,recomp_q90_p2,90,2
real_00363.jpeg,test,real,0,0,0.11472297459840775,recomp_q90_p2,90,2
real_00350.jpeg,test,real,0,0,2.2105125196958397e-07,recomp_q90_p2,90,2
real_00441.jpeg,test,real,0,1,0.8348395228385925,recomp_q90_p2,90,2
real_00003.jpeg,test,real,0,0,0.4320799708366394,recomp_q90_p2,90,2
real_00217.jpeg,test,real,0,0,5.090582362754503e-06,recomp_q90_p2,90,2
real_00465.jpeg,test,real,0,1,0.9983345866203308,recomp_q90_p2,90,2
real_00442.jpeg,test,real,0,0,0.0037751607596874237,recomp_q90_p2,90,2
real_00233.jpeg,test,real,0,0,0.0002019839739659801,recomp_q90_p2,90,2
real_00161.jpeg,test,real,0,0,0.0003035302215721458,recomp_q90_p2,90,2
real_00412.jpeg,test,real,0,0,0.042640987783670425,recomp_q90_p2,90,2
real_00468.jpeg,test,real,0,0,0.0021982223261147738,recomp_q90_p2,90,2
real_00125.jpeg,test,real,0,0,0.2789733111858368,recomp_q90_p2,90,2
real_00186.jpeg,test,real,0,0,2.987590050906874e-07,recomp_q90_p2,90,2
real_00172.jpeg,test,real,0,0,1.3174865216569742e-06,recomp_q90_p2,90,2
real_00467.jpeg,test,real,0,0,0.0030603876803070307,recomp_q90_p2,90,2
real_00323.jpeg,test,real,0,0,3.317100890853908e-06,recomp_q90_p2,90,2
real_00203.jpeg,test,real,0,0,0.0057959831319749355,recomp_q90_p2,90,2
real_00552.jpeg,test,real,0,0,0.02797093614935875,recomp_q90_p2,90,2
real_00034.jpeg,test,real,0,0,0.003005241509526968,recomp_q90_p2,90,2
real_00142.jpeg,test,real,0,0,0.10187491029500961,recomp_q90_p2,90,2
real_00059.jpeg,test,real,0,0,2.636495466390443e-10,recomp_q90_p2,90,2
real_00021.jpeg,test,real,0,0,0.08422230184078217,recomp_q90_p2,90,2
real_00525.jpeg,test,real,0,0,0.0002350704016862437,recomp_q90_p2,90,2
real_00275.jpeg,test,real,0,0,0.31795769929885864,recomp_q90_p2,90,2
real_00430.jpeg,test,real,0,0,0.00027770671295002103,recomp_q90_p2,90,2
real_00349.jpeg,test,real,0,0,6.524001605612284e-08,recomp_q90_p2,90,2
real_00373.jpeg,test,real,0,1,0.5717726349830627,recomp_q90_p2,90,2
real_00078.jpeg,test,real,0,0,0.017395826056599617,recomp_q90_p2,90,2
real_00437.jpeg,test,real,0,0,1.5373008181995829e-06,recomp_q90_p2,90,2
real_00520.jpeg,test,real,0,0,7.690914571867324e-06,recomp_q90_p2,90,2
real_00564.jpeg,test,real,0,0,0.01520867645740509,recomp_q90_p2,90,2
real_00578.jpeg,test,real,0,0,0.02469404600560665,recomp_q90_p2,90,2
real_00225.jpeg,test,real,0,0,0.001314094988629222,recomp_q90_p2,90,2
real_00232.jpeg,test,real,0,0,3.18531492666807e-05,recomp_q90_p2,90,2
real_00194.jpeg,test,real,0,0,2.2579291214519515e-10,recomp_q90_p2,90,2
real_00278.jpeg,test,real,0,0,3.1140227747528115e-06,recomp_q90_p2,90,2
real_00168.jpeg,test,real,0,0,0.00010488627594895661,recomp_q90_p2,90,2
real_00145.jpeg,test,real,0,1,0.7250720262527466,recomp_q90_p2,90,2
real_00495.jpeg,test,real,0,0,6.733247573720291e-05,recomp_q90_p2,90,2
real_00236.jpeg,test,real,0,0,0.0010996055789291859,recomp_q90_p2,90,2
real_00121.jpeg,test,real,0,0,0.011737026274204254,recomp_q90_p2,90,2
real_00455.jpeg,test,real,0,0,0.4620286524295807,recomp_q90_p2,90,2
real_00177.jpeg,test,real,0,1,0.5054064989089966,recomp_q90_p2,90,2
real_00485.jpeg,test,real,0,0,0.002156114438548684,recomp_q90_p2,90,2
real_00136.jpeg,test,real,0,0,0.12615300714969635,recomp_q90_p2,90,2
real_00054.jpeg,test,real,0,0,5.5295542551903054e-05,recomp_q90_p2,90,2
real_00470.jpeg,test,real,0,0,4.295161943446146e-06,recomp_q90_p2,90,2
real_00118.jpeg,test,real,0,0,6.113274508834365e-08,recomp_q90_p2,90,2
real_00153.jpeg,test,real,0,0,0.006141228601336479,recomp_q90_p2,90,2
real_00384.jpeg,test,real,0,0,0.0010394299170002341,recomp_q90_p2,90,2
real_00115.jpeg,test,real,0,0,0.014464429579675198,recomp_q90_p2,90,2
real_00101.jpeg,test,real,0,0,0.10563887655735016,recomp_q90_p2,90,2
real_00327.jpeg,test,real,0,0,0.13485242426395416,recomp_q90_p2,90,2
real_00164.jpeg,test,real,0,0,0.005356162786483765,recomp_q90_p2,90,2
real_00538.jpeg,test,real,0,0,0.0004035586607642472,recomp_q90_p2,90,2
real_00049.jpeg,test,real,0,0,0.2632652521133423,recomp_q90_p2,90,2
real_00544.jpeg,test,real,0,0,0.0037693511694669724,recomp_q90_p2,90,2
real_00154.jpeg,test,real,0,0,4.6984446271380875e-06,recomp_q90_p2,90,2
real_00215.jpeg,test,real,0,0,0.30517688393592834,recomp_q90_p2,90,2
real_00124.jpeg,test,real,0,0,2.477451630511496e-07,recomp_q90_p2,90,2
real_00223.jpeg,test,real,0,0,0.020059743896126747,recomp_q90_p2,90,2
real_00065.jpeg,test,real,0,1,0.633648693561554,recomp_q90_p2,90,2
real_00282.jpeg,test,real,0,0,2.9353555873967707e-05,recomp_q90_p2,90,2
real_00267.jpeg,test,real,0,0,0.0012642689980566502,recomp_q90_p2,90,2
real_00343.jpeg,test,real,0,0,0.04494071006774902,recomp_q90_p2,90,2
real_00421.jpeg,test,real,0,0,2.8267872417830908e-11,recomp_q90_p2,90,2
real_00531.jpeg,test,real,0,0,0.0013808811781927943,recomp_q90_p2,90,2
real_00575.jpeg,test,real,0,0,0.0010636947117745876,recomp_q90_p2,90,2
real_00290.jpeg,test,real,0,0,0.0005828755674883723,recomp_q90_p2,90,2
real_00336.jpeg,test,real,0,0,8.124014794219647e-10,recomp_q90_p2,90,2
real_00306.jpeg,test,real,0,0,0.1154092326760292,recomp_q90_p2,90,2
real_00231.jpeg,test,real,0,0,0.0012100309832021594,recomp_q90_p2,90,2
real_00002.jpeg,test,real,0,0,0.13144531846046448,recomp_q90_p2,90,2
real_00504.jpeg,test,real,0,0,0.010422222316265106,recomp_q90_p2,90,2
real_00536.jpeg,test,real,0,0,0.00011713415005942807,recomp_q90_p2,90,2
real_00362.jpeg,test,real,0,0,0.0027713465970009565,recomp_q90_p2,90,2
real_00199.jpeg,test,real,0,0,0.00896234717220068,recomp_q90_p2,90,2
real_00023.jpeg,test,real,0,0,2.318705628567841e-05,recomp_q90_p2,90,2
real_00433.jpeg,test,real,0,0,0.23748187720775604,recomp_q90_p2,90,2
real_00484.jpeg,test,real,0,1,0.6174852848052979,recomp_q90_p2,90,2
real_00110.jpeg,test,real,0,0,1.81684172275709e-05,recomp_q90_p2,90,2
real_00305.jpeg,test,real,0,0,0.38027846813201904,recomp_q90_p2,90,2
real_00352.jpeg,test,real,0,0,0.03904324024915695,recomp_q90_p2,90,2
real_00256.jpeg,test,real,0,0,0.007210139185190201,recomp_q90_p2,90,2
real_00404.jpeg,test,real,0,0,0.02206413261592388,recomp_q90_p2,90,2
real_00523.jpeg,test,real,0,0,0.10920553654432297,recomp_q90_p2,90,2
real_00513.jpeg,test,real,0,0,0.309242844581604,recomp_q90_p2,90,2
real_00108.jpeg,test,real,0,0,0.011594301089644432,recomp_q90_p2,90,2
real_00119.jpeg,test,real,0,0,0.4025118052959442,recomp_q90_p2,90,2
real_00511.jpeg,test,real,0,0,0.07470136135816574,recomp_q90_p2,90,2
real_00073.jpeg,test,real,0,0,3.0978488663180315e-09,recomp_q90_p2,90,2
real_00469.jpeg,test,real,0,0,0.008960174396634102,recomp_q90_p2,90,2
real_00035.jpeg,test,real,0,0,2.020020247073262e-06,recomp_q90_p2,90,2
real_00427.jpeg,test,real,0,0,2.6584448278299533e-06,recomp_q90_p2,90,2
real_00000.jpeg,test,real,0,0,0.0007782680913805962,recomp_q90_p2,90,2
real_00066.jpeg,test,real,0,0,0.0004123607068322599,recomp_q90_p2,90,2
real_00052.jpeg,test,real,0,0,8.964779226516839e-06,recomp_q90_p2,90,2
real_00483.jpeg,test,real,0,0,5.651748324453365e-06,recomp_q90_p2,90,2
real_00020.jpeg,test,real,0,1,0.6988077759742737,recomp_q90_p2,90,2
real_00540.jpeg,test,real,0,0,0.000531040015630424,recomp_q90_p2,90,2
real_00383.jpeg,test,real,0,0,0.0006015978869982064,recomp_q90_p2,90,2
real_00129.jpeg,test,real,0,0,1.6895397436655912e-07,recomp_q90_p2,90,2
real_00505.jpeg,test,real,0,0,8.13979612879212e-12,recomp_q90_p2,90,2
real_00517.jpeg,test,real,0,0,0.0016202213009819388,recomp_q90_p2,90,2
real_00291.jpeg,test,real,0,0,3.700637080328306e-06,recomp_q90_p2,90,2
real_00328.jpeg,test,real,0,1,0.5961946845054626,recomp_q90_p2,90,2
real_00082.jpeg,test,real,0,0,7.419218661652849e-08,recomp_q90_p2,90,2
real_00413.jpeg,test,real,0,0,0.010240358300507069,recomp_q90_p2,90,2
real_00201.jpeg,test,real,0,0,0.033195529133081436,recomp_q90_p2,90,2
real_00422.jpeg,test,real,0,0,0.3620186448097229,recomp_q90_p2,90,2
real_00481.jpeg,test,real,0,1,0.9700679183006287,recomp_q90_p2,90,2
real_00249.jpeg,test,real,0,0,4.592202003550483e-06,recomp_q90_p2,90,2
real_00591.jpeg,test,real,0,1,0.7281456589698792,recomp_q90_p2,90,2
real_00103.jpeg,test,real,0,0,0.23160094022750854,recomp_q90_p2,90,2
real_00058.jpeg,test,real,0,0,1.0374223258224902e-08,recomp_q90_p2,90,2
real_00029.jpeg,test,real,0,1,0.5072590112686157,recomp_q90_p2,90,2
real_00551.jpeg,test,real,0,0,0.00034295846126042306,recomp_q90_p2,90,2
real_00453.jpeg,test,real,0,1,1.0,recomp_q90_p2,90,2
real_00041.jpeg,test,real,0,0,0.0005685518262907863,recomp_q90_p2,90,2
real_00316.jpeg,test,real,0,0,0.0002553088415879756,recomp_q90_p2,90,2
real_00449.jpeg,test,real,0,0,0.0018444177694618702,recomp_q90_p2,90,2
real_00198.jpeg,test,real,0,0,0.005286667495965958,recomp_q90_p2,90,2
real_00310.jpeg,test,real,0,0,0.016917739063501358,recomp_q90_p2,90,2
real_00205.jpeg,test,real,0,0,0.00022191241441760212,recomp_q90_p2,90,2
real_00011.jpeg,test,real,0,0,0.07102362811565399,recomp_q90_p2,90,2
real_00556.jpeg,test,real,0,0,0.005737760104238987,recomp_q90_p2,90,2
real_00294.jpeg,test,real,0,0,0.0004166677827015519,recomp_q90_p2,90,2
real_00112.jpeg,test,real,0,1,0.9479051828384399,recomp_q90_p2,90,2
real_00170.jpeg,test,real,0,0,0.00011555624951142818,recomp_q90_p2,90,2
real_00569.jpeg,test,real,0,0,8.76210890510265e-08,recomp_q90_p2,90,2
real_00318.jpeg,test,real,0,0,0.0014546328457072377,recomp_q90_p2,90,2
real_00397.jpeg,test,real,0,0,7.731107325525954e-05,recomp_q90_p2,90,2
real_00014.jpeg,test,real,0,0,0.021692844107747078,recomp_q90_p2,90,2
real_00196.jpeg,test,real,0,0,7.554902585264859e-17,recomp_q90_p2,90,2
real_00191.jpeg,test,real,0,1,0.6187529563903809,recomp_q90_p2,90,2
real_00192.jpeg,test,real,0,0,2.5827930016930623e-08,recomp_q90_p2,90,2
real_00353.jpeg,test,real,0,1,0.642285943031311,recomp_q90_p2,90,2
real_00254.jpeg,test,real,0,0,1.5070937706695986e-06,recomp_q90_p2,90,2
real_00169.jpeg,test,real,0,0,2.3705142666585743e-06,recomp_q90_p2,90,2
real_00370.jpeg,test,real,0,0,6.769660526595445e-11,recomp_q90_p2,90,2
real_00004.jpeg,test,real,0,0,0.029588812962174416,recomp_q90_p2,90,2
real_00368.jpeg,test,real,0,0,0.1919073462486267,recomp_q90_p2,90,2
real_00417.jpeg,test,real,0,0,0.17846384644508362,recomp_q90_p2,90,2
real_00333.jpeg,test,real,0,0,0.007333326619118452,recomp_q90_p2,90,2
real_00123.jpeg,test,real,0,0,0.002294896636158228,recomp_q90_p2,90,2
real_00380.jpeg,test,real,0,0,0.00032427042606286705,recomp_q90_p2,90,2
real_00179.jpeg,test,real,0,0,5.4161435400601476e-05,recomp_q90_p2,90,2
real_00400.jpeg,test,real,0,0,0.0001508389977971092,recomp_q90_p2,90,2
real_00369.jpeg,test,real,0,0,0.19192779064178467,recomp_q90_p2,90,2
real_00051.jpeg,test,real,0,0,0.3461127281188965,recomp_q90_p2,90,2
real_00097.jpeg,test,real,0,0,1.9030126168217976e-06,recomp_q90_p2,90,2
real_00515.jpeg,test,real,0,0,0.0032257300335913897,recomp_q90_p2,90,2
real_00446.jpeg,test,real,0,0,0.006037433166056871,recomp_q90_p2,90,2
real_00155.jpeg,test,real,0,0,0.007162632420659065,recomp_q90_p2,90,2
real_00277.jpeg,test,real,0,0,0.00024364437558688223,recomp_q90_p2,90,2
real_00098.jpeg,test,real,0,0,2.0442766981432214e-05,recomp_q90_p2,90,2
real_00107.jpeg,test,real,0,0,0.3819316625595093,recomp_q90_p2,90,2
real_00087.jpeg,test,real,0,0,6.547487032548815e-07,recomp_q90_p2,90,2
real_00565.jpeg,test,real,0,0,0.0016414804849773645,recomp_q90_p2,90,2
real_00280.jpeg,test,real,0,0,1.006447405416111e-06,recomp_q90_p2,90,2
real_00507.jpeg,test,real,0,0,1.3557222899862609e-08,recomp_q90_p2,90,2
real_00326.jpeg,test,real,0,0,0.14629840850830078,recomp_q90_p2,90,2
real_00244.jpeg,test,real,0,0,3.9319548932417216e-15,recomp_q90_p2,90,2
real_00033.jpeg,test,real,0,0,0.009662027470767498,recomp_q90_p2,90,2
real_00064.jpeg,test,real,0,0,1.2620436379978672e-12,recomp_q90_p2,90,2
real_00013.jpeg,test,real,0,0,4.495831618100965e-08,recomp_q90_p2,90,2
real_00183.jpeg,test,real,0,0,0.14790503680706024,recomp_q90_p2,90,2
real_00030.jpeg,test,real,0,0,0.0010938455816358328,recomp_q90_p2,90,2
real_00474.jpeg,test,real,0,0,0.0025015396531671286,recomp_q90_p2,90,2
real_00558.jpeg,test,real,0,0,0.011638779193162918,recomp_q90_p2,90,2
real_00088.jpeg,test,real,0,0,0.024960195645689964,recomp_q90_p2,90,2
real_00436.jpeg,test,real,0,1,0.6828258037567139,recomp_q90_p2,90,2
real_00518.jpeg,test,real,0,0,1.185758264909964e-05,recomp_q90_p2,90,2
real_00111.jpeg,test,real,0,0,8.551089558750391e-05,recomp_q90_p2,90,2
real_00122.jpeg,test,real,0,1,0.550724983215332,recomp_q90_p2,90,2
real_00461.jpeg,test,real,0,0,0.024130091071128845,recomp_q90_p2,90,2
real_00239.jpeg,test,real,0,0,0.0004296206752769649,recomp_q90_p2,90,2
real_00408.jpeg,test,real,0,0,1.1715918844856787e-05,recomp_q90_p2,90,2
real_00460.jpeg,test,real,0,0,0.003704097820445895,recomp_q90_p2,90,2
real_00138.jpeg,test,real,0,0,0.00828507635742426,recomp_q90_p2,90,2
real_00429.jpeg,test,real,0,0,0.0002588095667306334,recomp_q90_p2,90,2
real_00462.jpeg,test,real,0,0,1.252574172855292e-11,recomp_q90_p2,90,2
real_00113.jpeg,test,real,0,0,0.4601045250892639,recomp_q90_p2,90,2
real_00391.jpeg,test,real,0,0,4.468017868930474e-05,recomp_q90_p2,90,2
real_00303.jpeg,test,real,0,0,5.165744823898422e-06,recomp_q90_p2,90,2
real_00592.jpeg,test,real,0,0,1.0040316620807425e-17,recomp_q90_p2,90,2
real_00157.jpeg,test,real,0,0,0.01905220001935959,recomp_q90_p2,90,2
real_00475.jpeg,test,real,0,0,5.335859896149486e-06,recomp_q90_p2,90,2
real_00071.jpeg,test,real,0,0,0.20336668193340302,recomp_q90_p2,90,2
real_00235.jpeg,test,real,0,0,6.26281471340917e-05,recomp_q90_p2,90,2
real_00067.jpeg,test,real,0,0,5.887713632546365e-05,recomp_q90_p2,90,2
real_00502.jpeg,test,real,0,0,0.004219685681164265,recomp_q90_p2,90,2
real_00099.jpeg,test,real,0,0,0.02294442057609558,recomp_q90_p2,90,2
real_00508.jpeg,test,real,0,0,0.0010392740368843079,recomp_q90_p2,90,2
real_00036.jpeg,test,real,0,0,0.0006094709970057011,recomp_q90_p2,90,2
real_00149.jpeg,test,real,0,0,1.4552733462736e-09,recomp_q90_p2,90,2
real_00220.jpeg,test,real,0,0,0.0004674314404837787,recomp_q90_p2,90,2
real_00418.jpeg,test,real,0,0,0.0005773034645244479,recomp_q90_p2,90,2
real_00466.jpeg,test,real,0,0,0.34356987476348877,recomp_q90_p2,90,2
real_00120.jpeg,test,real,0,0,0.0038234624080359936,recomp_q90_p2,90,2
real_00139.jpeg,test,real,0,0,0.10946162790060043,recomp_q90_p2,90,2
real_00589.jpeg,test,real,0,1,0.9964025020599365,recomp_q90_p2,90,2
real_00276.jpeg,test,real,0,0,0.00934603065252304,recomp_q90_p2,90,2
real_00377.jpeg,test,real,0,0,0.07932552695274353,recomp_q90_p2,90,2
real_00175.jpeg,test,real,0,0,0.08783292025327682,recomp_q90_p2,90,2
real_00001.jpeg,test,real,0,1,0.5128297209739685,recomp_q90_p2,90,2
real_00424.jpeg,test,real,0,0,8.67272956384113e-06,recomp_q90_p2,90,2
real_00197.jpeg,test,real,0,0,7.659273978788406e-05,recomp_q90_p2,90,2
real_00246.jpeg,test,real,0,0,0.002867375733330846,recomp_q90_p2,90,2
real_00325.jpeg,test,real,0,0,0.010153776966035366,recomp_q90_p2,90,2
real_00150.jpeg,test,real,0,0,4.442199497134425e-08,recomp_q90_p2,90,2
real_00501.jpeg,test,real,0,0,6.169894186314195e-05,recomp_q90_p2,90,2
real_00428.jpeg,test,real,0,0,0.02623782679438591,recomp_q90_p2,90,2
real_00222.jpeg,test,real,0,0,0.21032673120498657,recomp_q90_p2,90,2
real_00045.jpeg,test,real,0,0,0.015969833359122276,recomp_q90_p2,90,2
real_00338.jpeg,test,real,0,0,0.0001231688802363351,recomp_q90_p2,90,2
real_00390.jpeg,test,real,0,0,0.00024732836754992604,recomp_q90_p2,90,2
real_00062.jpeg,test,real,0,0,0.2894729673862457,recomp_q90_p2,90,2
real_00426.jpeg,test,real,0,0,0.00042886249138973653,recomp_q90_p2,90,2
real_00247.jpeg,test,real,0,0,0.08103971183300018,recomp_q90_p2,90,2
real_00152.jpeg,test,real,0,0,0.006530906539410353,recomp_q90_p2,90,2
real_00156.jpeg,test,real,0,0,0.0004350317467469722,recomp_q90_p2,90,2
real_00084.jpeg,test,real,0,0,0.011918025091290474,recomp_q90_p2,90,2
real_00212.jpeg,test,real,0,0,0.07744426280260086,recomp_q90_p2,90,2
real_00184.jpeg,test,real,0,0,0.012258094735443592,recomp_q90_p2,90,2
real_00309.jpeg,test,real,0,0,0.0010215144138783216,recomp_q90_p2,90,2
real_00423.jpeg,test,real,0,0,0.2417122721672058,recomp_q90_p2,90,2
real_00095.jpeg,test,real,0,0,0.0006169037078507245,recomp_q90_p2,90,2
real_00264.jpeg,test,real,0,0,0.007885833270847797,recomp_q90_p2,90,2
real_00105.jpeg,test,real,0,0,0.03545314818620682,recomp_q90_p2,90,2
real_00024.jpeg,test,real,0,0,5.2461213151389074e-09,recomp_q90_p2,90,2
real_00293.jpeg,test,real,0,0,1.0553985703154467e-06,recomp_q90_p2,90,2
real_00311.jpeg,test,real,0,0,0.005753065925091505,recomp_q90_p2,90,2
real_00032.jpeg,test,real,0,0,0.21346880495548248,recomp_q90_p2,90,2
real_00374.jpeg,test,real,0,0,0.00013809188385494053,recomp_q90_p2,90,2
real_00492.jpeg,test,real,0,0,0.00041820024489425123,recomp_q90_p2,90,2
real_00162.jpeg,test,real,0,0,0.018067926168441772,recomp_q90_p2,90,2
real_00588.jpeg,test,real,0,0,0.0009709343430586159,recomp_q90_p2,90,2
real_00411.jpeg,test,real,0,0,0.0018939647125080228,recomp_q90_p2,90,2
real_00241.jpeg,test,real,0,0,0.10959544032812119,recomp_q90_p2,90,2
real_00432.jpeg,test,real,0,1,0.5630348920822144,recomp_q90_p2,90,2
real_00025.jpeg,test,real,0,0,0.002178456401452422,recomp_q90_p2,90,2
real_00079.jpeg,test,real,0,1,0.6513239145278931,recomp_q90_p2,90,2
real_00351.jpeg,test,real,0,0,0.1578623354434967,recomp_q90_p2,90,2
real_00590.jpeg,test,real,0,0,2.875801463630978e-08,recomp_q90_p2,90,2
real_00240.jpeg,test,real,0,0,0.00030395766953006387,recomp_q90_p2,90,2
real_00583.jpeg,test,real,0,0,0.0001066621407517232,recomp_q90_p2,90,2
real_00116.jpeg,test,real,0,0,0.13232851028442383,recomp_q90_p2,90,2
real_00081.jpeg,test,real,0,0,0.001304946606978774,recomp_q90_p2,90,2
real_00224.jpeg,test,real,0,0,0.10813809931278229,recomp_q90_p2,90,2
real_00372.jpeg,test,real,0,0,0.0022800734732300043,recomp_q90_p2,90,2
real_00074.jpeg,test,real,0,0,0.00047180536785162985,recomp_q90_p2,90,2
real_00555.jpeg,test,real,0,0,2.0300361939007416e-05,recomp_q90_p2,90,2
real_00399.jpeg,test,real,0,0,1.0877030945266597e-05,recomp_q90_p2,90,2
real_00308.jpeg,test,real,0,0,0.0472346693277359,recomp_q90_p2,90,2
real_00132.jpeg,test,real,0,0,0.09097739309072495,recomp_q90_p2,90,2
real_00478.jpeg,test,real,0,0,2.507355702618952e-06,recomp_q90_p2,90,2
real_00435.jpeg,test,real,0,0,4.551460733637214e-05,recomp_q90_p2,90,2
real_00072.jpeg,test,real,0,0,0.005446724593639374,recomp_q90_p2,90,2
real_00037.jpeg,test,real,0,1,0.8104267120361328,recomp_q90_p2,90,2
real_00272.jpeg,test,real,0,1,0.9735952019691467,recomp_q90_p2,90,2
real_00102.jpeg,test,real,0,0,0.031285591423511505,recomp_q90_p2,90,2
real_00044.jpeg,test,real,0,0,0.06864896416664124,recomp_q90_p2,90,2
real_00546.jpeg,test,real,0,0,0.024626441299915314,recomp_q90_p2,90,2
real_00146.jpeg,test,real,0,0,0.0001607835729373619,recomp_q90_p2,90,2
real_00361.jpeg,test,real,0,0,0.0046937186270952225,recomp_q90_p2,90,2
real_00498.jpeg,test,real,0,0,0.40667524933815,recomp_q90_p2,90,2
real_00567.jpeg,test,real,0,0,2.0640113973513508e-07,recomp_q90_p2,90,2
real_00229.jpeg,test,real,0,0,0.0022756140679121017,recomp_q90_p2,90,2
real_00573.jpeg,test,real,0,0,1.6992891687550582e-05,recomp_q90_p2,90,2
real_00452.jpeg,test,real,0,0,0.2646479606628418,recomp_q90_p2,90,2
real_00258.jpeg,test,real,0,0,0.03751370683312416,recomp_q90_p2,90,2
real_00581.jpeg,test,real,0,0,0.014644300565123558,recomp_q90_p2,90,2
real_00340.jpeg,test,real,0,0,0.07160459458827972,recomp_q90_p2,90,2
real_00516.jpeg,test,real,0,0,6.992628914304078e-05,recomp_q90_p2,90,2
real_00524.jpeg,test,real,0,0,0.0010777355637401342,recomp_q90_p2,90,2
real_00554.jpeg,test,real,0,0,0.004873167723417282,recomp_q90_p2,90,2
real_00299.jpeg,test,real,0,0,8.908323856360312e-09,recomp_q90_p2,90,2
real_00439.jpeg,test,real,0,0,0.00016484931984450668,recomp_q90_p2,90,2
real_00166.jpeg,test,real,0,0,1.655974756431533e-06,recomp_q90_p2,90,2
real_00392.jpeg,test,real,0,0,0.019808277487754822,recomp_q90_p2,90,2
real_00086.jpeg,test,real,0,0,8.763227015151642e-06,recomp_q90_p2,90,2
real_00537.jpeg,test,real,0,0,0.2949850857257843,recomp_q90_p2,90,2
real_00431.jpeg,test,real,0,0,0.00010720430873334408,recomp_q90_p2,90,2
real_00389.jpeg,test,real,0,0,2.0815499738091603e-05,recomp_q90_p2,90,2
real_00534.jpeg,test,real,0,0,1.920649447129108e-05,recomp_q90_p2,90,2
real_00541.jpeg,test,real,0,0,2.1390389903785945e-08,recomp_q90_p2,90,2
real_00094.jpeg,test,real,0,1,0.9853342771530151,recomp_q90_p2,90,2
real_00226.jpeg,test,real,0,0,0.001221104641444981,recomp_q90_p2,90,2
real_00200.jpeg,test,real,0,0,0.005829598754644394,recomp_q90_p2,90,2
real_00330.jpeg,test,real,0,0,0.0054295845329761505,recomp_q90_p2,90,2
real_00091.jpeg,test,real,0,0,0.34533920884132385,recomp_q90_p2,90,2
real_00472.jpeg,test,real,0,0,2.6573349423686388e-11,recomp_q90_p2,90,2
real_00493.jpeg,test,real,0,0,2.6176387564191828e-06,recomp_q90_p2,90,2
real_00053.jpeg,test,real,0,0,4.4390660036697227e-07,recomp_q90_p2,90,2
real_00298.jpeg,test,real,0,0,0.04117426648736,recomp_q90_p2,90,2
real_00366.jpeg,test,real,0,0,0.0021347946021705866,recomp_q90_p2,90,2
real_00182.jpeg,test,real,0,0,1.8768387235468253e-05,recomp_q90_p2,90,2
real_00490.jpeg,test,real,0,0,0.0069584716111421585,recomp_q90_p2,90,2
real_00593.jpeg,test,real,0,0,0.30147501826286316,recomp_q90_p2,90,2
real_00137.jpeg,test,real,0,0,0.007999701425433159,recomp_q90_p2,90,2
real_00314.jpeg,test,real,0,0,0.13076815009117126,recomp_q90_p2,90,2
real_00471.jpeg,test,real,0,0,0.007909102365374565,recomp_q90_p2,90,2
real_00365.jpeg,test,real,0,0,0.0006561289192177355,recomp_q90_p2,90,2
real_00042.jpeg,test,real,0,0,3.724558439444081e-09,recomp_q90_p2,90,2
real_00448.jpeg,test,real,0,0,0.16437608003616333,recomp_q90_p2,90,2
real_00188.jpeg,test,real,0,0,3.883688805217389e-06,recomp_q90_p2,90,2
real_00245.jpeg,test,real,0,0,0.21275129914283752,recomp_q90_p2,90,2
real_00509.jpeg,test,real,0,0,5.621688615065068e-06,recomp_q90_p2,90,2
real_00265.jpeg,test,real,0,0,0.0011841377709060907,recomp_q90_p2,90,2
real_00443.jpeg,test,real,0,0,0.0005951885832473636,recomp_q90_p2,90,2
real_00284.jpeg,test,real,0,0,0.0028081308118999004,recomp_q90_p2,90,2
real_00386.jpeg,test,real,0,0,2.5840803573373705e-05,recomp_q90_p2,90,2
real_00548.jpeg,test,real,0,0,2.7183905331185088e-06,recomp_q90_p2,90,2
real_00487.jpeg,test,real,0,0,0.00037230216548778117,recomp_q90_p2,90,2
real_00549.jpeg,test,real,0,0,0.4372174143791199,recomp_q90_p2,90,2
real_00315.jpeg,test,real,0,0,7.17476214049384e-05,recomp_q90_p2,90,2
real_00464.jpeg,test,real,0,0,0.002105983439832926,recomp_q90_p2,90,2
midjourney_00068.png,test,midjourney,1,0,0.0022116282489150763,recomp_q90_p2,90,2
vqdm_00062.png,test,vqdm,1,1,0.5266669988632202,recomp_q90_p2,90,2
adm_00019.png,test,adm,1,1,0.9931299090385437,recomp_q90_p2,90,2
midjourney_00077.png,test,midjourney,1,0,0.0006616435130126774,recomp_q90_p2,90,2
adm_00074.png,test,adm,1,1,0.9999901056289673,recomp_q90_p2,90,2
wukong_00038.png,test,wukong,1,1,0.9999310970306396,recomp_q90_p2,90,2
biggan_00049.png,test,biggan,1,1,0.5171139240264893,recomp_q90_p2,90,2
midjourney_00036.png,test,midjourney,1,0,0.360429048538208,recomp_q90_p2,90,2
glide_00074.png,test,glide,1,1,0.9685459136962891,recomp_q90_p2,90,2
sdv5_00043.png,test,sdv5,1,0,0.2364870309829712,recomp_q90_p2,90,2
wukong_00067.png,test,wukong,1,1,0.9931597709655762,recomp_q90_p2,90,2
vqdm_00041.png,test,vqdm,1,1,0.8026415109634399,recomp_q90_p2,90,2
wukong_00066.png,test,wukong,1,0,0.14432723820209503,recomp_q90_p2,90,2
vqdm_00061.png,test,vqdm,1,1,1.0,recomp_q90_p2,90,2
biggan_00010.png,test,biggan,1,1,0.9268888235092163,recomp_q90_p2,90,2
midjourney_00011.png,test,midjourney,1,1,0.9996747970581055,recomp_q90_p2,90,2
adm_00067.png,test,adm,1,1,0.9999500513076782,recomp_q90_p2,90,2
adm_00063.png,test,adm,1,1,0.9990078806877136,recomp_q90_p2,90,2
wukong_00015.png,test,wukong,1,1,0.9631985425949097,recomp_q90_p2,90,2
vqdm_00004.png,test,vqdm,1,1,0.8203373551368713,recomp_q90_p2,90,2
midjourney_00005.png,test,midjourney,1,0,0.4591663181781769,recomp_q90_p2,90,2
adm_00014.png,test,adm,1,1,0.9999998807907104,recomp_q90_p2,90,2
glide_00069.png,test,glide,1,1,0.9967600703239441,recomp_q90_p2,90,2
vqdm_00010.png,test,vqdm,1,1,1.0,recomp_q90_p2,90,2
sdv5_00046.png,test,sdv5,1,1,0.9981814622879028,recomp_q90_p2,90,2
wukong_00023.png,test,wukong,1,1,0.9015408754348755,recomp_q90_p2,90,2
midjourney_00074.png,test,midjourney,1,1,0.8420283198356628,recomp_q90_p2,90,2
midjourney_00039.png,test,midjourney,1,1,0.9272436499595642,recomp_q90_p2,90,2
vqdm_00024.png,test,vqdm,1,1,0.9994552731513977,recomp_q90_p2,90,2
wukong_00075.png,test,wukong,1,1,0.910212516784668,recomp_q90_p2,90,2
biggan_00050.png,test,biggan,1,1,0.9960839748382568,recomp_q90_p2,90,2
midjourney_00059.png,test,midjourney,1,1,0.7524037957191467,recomp_q90_p2,90,2
biggan_00029.png,test,biggan,1,0,0.17097459733486176,recomp_q90_p2,90,2
sdv5_00039.png,test,sdv5,1,1,0.9836959838867188,recomp_q90_p2,90,2
glide_00061.png,test,glide,1,0,0.04696574807167053,recomp_q90_p2,90,2
biggan_00012.png,test,biggan,1,1,0.90735924243927,recomp_q90_p2,90,2
biggan_00080.png,test,biggan,1,1,0.9999990463256836,recomp_q90_p2,90,2
glide_00053.png,test,glide,1,1,0.8162209391593933,recomp_q90_p2,90,2
vqdm_00006.png,test,vqdm,1,1,0.8370631337165833,recomp_q90_p2,90,2
adm_00023.png,test,adm,1,1,0.9999998807907104,recomp_q90_p2,90,2
sdv5_00054.png,test,sdv5,1,1,0.9977906942367554,recomp_q90_p2,90,2
midjourney_00021.png,test,midjourney,1,1,0.9954285621643066,recomp_q90_p2,90,2
vqdm_00065.png,test,vqdm,1,0,0.15181882679462433,recomp_q90_p2,90,2
biggan_00055.png,test,biggan,1,1,0.5681129693984985,recomp_q90_p2,90,2
wukong_00003.png,test,wukong,1,1,0.9991644620895386,recomp_q90_p2,90,2
biggan_00022.png,test,biggan,1,0,0.009445657953619957,recomp_q90_p2,90,2
biggan_00081.png,test,biggan,1,0,0.36774855852127075,recomp_q90_p2,90,2
vqdm_00049.png,test,vqdm,1,1,0.947528600692749,recomp_q90_p2,90,2
sdv5_00076.png,test,sdv5,1,1,0.9999459981918335,recomp_q90_p2,90,2
vqdm_00011.png,test,vqdm,1,1,0.9756823778152466,recomp_q90_p2,90,2
adm_00039.png,test,adm,1,1,1.0,recomp_q90_p2,90,2
glide_00023.png,test,glide,1,1,0.861266553401947,recomp_q90_p2,90,2
sdv5_00063.png,test,sdv5,1,1,0.9981697797775269,recomp_q90_p2,90,2
biggan_00059.png,test,biggan,1,1,0.9611542224884033,recomp_q90_p2,90,2
glide_00015.png,test,glide,1,1,0.9986741542816162,recomp_q90_p2,90,2
wukong_00047.png,test,wukong,1,1,0.8652370572090149,recomp_q90_p2,90,2
vqdm_00037.png,test,vqdm,1,1,0.9944682121276855,recomp_q90_p2,90,2
wukong_00080.png,test,wukong,1,1,0.999976634979248,recomp_q90_p2,90,2
midjourney_00076.png,test,midjourney,1,1,0.9985016584396362,recomp_q90_p2,90,2
sdv5_00061.png,test,sdv5,1,1,0.9999979734420776,recomp_q90_p2,90,2
adm_00029.png,test,adm,1,1,0.9999712705612183,recomp_q90_p2,90,2
glide_00039.png,test,glide,1,1,0.9998021721839905,recomp_q90_p2,90,2
adm_00072.png,test,adm,1,1,0.9982020854949951,recomp_q90_p2,90,2
sdv5_00051.png,test,sdv5,1,1,0.9999998807907104,recomp_q90_p2,90,2
sdv5_00066.png,test,sdv5,1,1,0.8645131587982178,recomp_q90_p2,90,2
midjourney_00078.png,test,midjourney,1,1,0.9999881982803345,recomp_q90_p2,90,2
vqdm_00017.png,test,vqdm,1,0,0.02212315984070301,recomp_q90_p2,90,2
sdv5_00073.png,test,sdv5,1,1,0.9971441626548767,recomp_q90_p2,90,2
midjourney_00045.png,test,midjourney,1,1,0.9002090692520142,recomp_q90_p2,90,2
vqdm_00073.png,test,vqdm,1,1,0.5400747656822205,recomp_q90_p2,90,2
sdv5_00008.png,test,sdv5,1,1,0.9999839067459106,recomp_q90_p2,90,2
midjourney_00061.png,test,midjourney,1,0,0.03655625507235527,recomp_q90_p2,90,2
adm_00015.png,test,adm,1,1,0.9999991655349731,recomp_q90_p2,90,2
vqdm_00068.png,test,vqdm,1,1,0.9091840982437134,recomp_q90_p2,90,2
midjourney_00053.png,test,midjourney,1,1,0.9999966621398926,recomp_q90_p2,90,2
sdv5_00050.png,test,sdv5,1,1,0.9996174573898315,recomp_q90_p2,90,2
glide_00050.png,test,glide,1,1,0.9990890026092529,recomp_q90_p2,90,2
midjourney_00069.png,test,midjourney,1,1,0.6229015588760376,recomp_q90_p2,90,2
glide_00038.png,test,glide,1,1,0.9776328206062317,recomp_q90_p2,90,2
biggan_00011.png,test,biggan,1,0,0.00856244657188654,recomp_q90_p2,90,2
biggan_00082.png,test,biggan,1,1,0.9965820908546448,recomp_q90_p2,90,2
wukong_00005.png,test,wukong,1,1,0.9999428987503052,recomp_q90_p2,90,2
wukong_00014.png,test,wukong,1,1,0.9998338222503662,recomp_q90_p2,90,2
midjourney_00071.png,test,midjourney,1,0,0.007029263768345118,recomp_q90_p2,90,2
midjourney_00009.png,test,midjourney,1,1,0.7548635005950928,recomp_q90_p2,90,2
midjourney_00044.png,test,midjourney,1,1,0.965068519115448,recomp_q90_p2,90,2
biggan_00017.png,test,biggan,1,1,0.9970062375068665,recomp_q90_p2,90,2
glide_00082.png,test,glide,1,1,0.9135571718215942,recomp_q90_p2,90,2
glide_00037.png,test,glide,1,0,0.24280431866645813,recomp_q90_p2,90,2
adm_00027.png,test,adm,1,1,0.9999862909317017,recomp_q90_p2,90,2
midjourney_00024.png,test,midjourney,1,1,0.9999963045120239,recomp_q90_p2,90,2
glide_00033.png,test,glide,1,1,0.9972652196884155,recomp_q90_p2,90,2
midjourney_00007.png,test,midjourney,1,1,0.9832022786140442,recomp_q90_p2,90,2
sdv5_00072.png,test,sdv5,1,1,0.6411367058753967,recomp_q90_p2,90,2
wukong_00022.png,test,wukong,1,1,0.9975103139877319,recomp_q90_p2,90,2
vqdm_00032.png,test,vqdm,1,0,0.003967118915170431,recomp_q90_p2,90,2
glide_00009.png,test,glide,1,1,0.9999088048934937,recomp_q90_p2,90,2
biggan_00030.png,test,biggan,1,0,0.2754381597042084,recomp_q90_p2,90,2
wukong_00057.png,test,wukong,1,1,0.968161940574646,recomp_q90_p2,90,2
adm_00079.png,test,adm,1,1,0.9999997615814209,recomp_q90_p2,90,2
vqdm_00031.png,test,vqdm,1,1,0.998137354850769,recomp_q90_p2,90,2
glide_00010.png,test,glide,1,1,1.0,recomp_q90_p2,90,2
wukong_00009.png,test,wukong,1,1,0.9967533946037292,recomp_q90_p2,90,2
glide_00013.png,test,glide,1,1,0.9126841425895691,recomp_q90_p2,90,2
vqdm_00023.png,test,vqdm,1,0,0.3949028253555298,recomp_q90_p2,90,2
sdv5_00011.png,test,sdv5,1,1,0.9502032399177551,recomp_q90_p2,90,2
sdv5_00047.png,test,sdv5,1,1,0.9999817609786987,recomp_q90_p2,90,2
sdv5_00009.png,test,sdv5,1,1,0.965957522392273,recomp_q90_p2,90,2
sdv5_00010.png,test,sdv5,1,1,0.951907753944397,recomp_q90_p2,90,2
glide_00076.png,test,glide,1,1,0.9997183680534363,recomp_q90_p2,90,2
adm_00081.png,test,adm,1,1,0.9999843835830688,recomp_q90_p2,90,2
sdv5_00023.png,test,sdv5,1,1,0.9999279975891113,recomp_q90_p2,90,2
biggan_00003.png,test,biggan,1,1,0.6484374403953552,recomp_q90_p2,90,2
wukong_00061.png,test,wukong,1,1,0.6890093684196472,recomp_q90_p2,90,2
adm_00085.png,test,adm,1,1,0.9059575796127319,recomp_q90_p2,90,2
midjourney_00014.png,test,midjourney,1,1,0.9588822722434998,recomp_q90_p2,90,2
vqdm_00042.png,test,vqdm,1,1,0.9879142642021179,recomp_q90_p2,90,2
wukong_00076.png,test,wukong,1,1,0.9992842078208923,recomp_q90_p2,90,2
vqdm_00035.png,test,vqdm,1,0,0.22238829731941223,recomp_q90_p2,90,2
sdv5_00037.png,test,sdv5,1,1,0.8028632402420044,recomp_q90_p2,90,2
biggan_00000.png,test,biggan,1,1,0.8637281656265259,recomp_q90_p2,90,2
sdv5_00053.png,test,sdv5,1,1,0.9999970197677612,recomp_q90_p2,90,2
midjourney_00034.png,test,midjourney,1,1,0.9958928823471069,recomp_q90_p2,90,2
wukong_00033.png,test,wukong,1,1,0.9030632972717285,recomp_q90_p2,90,2
glide_00011.png,test,glide,1,1,0.973795473575592,recomp_q90_p2,90,2
glide_00008.png,test,glide,1,1,0.9982355833053589,recomp_q90_p2,90,2
adm_00044.png,test,adm,1,1,0.9658414125442505,recomp_q90_p2,90,2
sdv5_00029.png,test,sdv5,1,1,0.9999760389328003,recomp_q90_p2,90,2
sdv5_00081.png,test,sdv5,1,1,0.9999864101409912,recomp_q90_p2,90,2
sdv5_00040.png,test,sdv5,1,0,0.4556874632835388,recomp_q90_p2,90,2
adm_00042.png,test,adm,1,1,0.9995819926261902,recomp_q90_p2,90,2
sdv5_00059.png,test,sdv5,1,1,0.9590432047843933,recomp_q90_p2,90,2
wukong_00017.png,test,wukong,1,1,0.9998251795768738,recomp_q90_p2,90,2
wukong_00058.png,test,wukong,1,1,0.9999939203262329,recomp_q90_p2,90,2
adm_00086.png,test,adm,1,1,0.9999971389770508,recomp_q90_p2,90,2
midjourney_00049.png,test,midjourney,1,1,0.9796372056007385,recomp_q90_p2,90,2
midjourney_00065.png,test,midjourney,1,1,0.9999998807907104,recomp_q90_p2,90,2
midjourney_00006.png,test,midjourney,1,1,0.9842836856842041,recomp_q90_p2,90,2
wukong_00079.png,test,wukong,1,1,0.9992971420288086,recomp_q90_p2,90,2
sdv5_00085.png,test,sdv5,1,1,0.9999998807907104,recomp_q90_p2,90,2
sdv5_00065.png,test,sdv5,1,1,0.961575984954834,recomp_q90_p2,90,2
wukong_00037.png,test,wukong,1,1,0.9796866178512573,recomp_q90_p2,90,2
biggan_00032.png,test,biggan,1,0,0.4129085838794708,recomp_q90_p2,90,2
wukong_00011.png,test,wukong,1,1,0.9999600648880005,recomp_q90_p2,90,2
biggan_00053.png,test,biggan,1,1,1.0,recomp_q90_p2,90,2
sdv5_00005.png,test,sdv5,1,1,0.954862654209137,recomp_q90_p2,90,2
adm_00057.png,test,adm,1,1,0.951688826084137,recomp_q90_p2,90,2
wukong_00024.png,test,wukong,1,1,0.9914225935935974,recomp_q90_p2,90,2
glide_00056.png,test,glide,1,1,0.9999990463256836,recomp_q90_p2,90,2
adm_00004.png,test,adm,1,1,1.0,recomp_q90_p2,90,2
midjourney_00081.png,test,midjourney,1,0,0.00035398031468503177,recomp_q90_p2,90,2
sdv5_00083.png,test,sdv5,1,0,0.033518098294734955,recomp_q90_p2,90,2
glide_00042.png,test,glide,1,1,0.9891577959060669,recomp_q90_p2,90,2
glide_00029.png,test,glide,1,1,0.5623214840888977,recomp_q90_p2,90,2
vqdm_00022.png,test,vqdm,1,1,0.9943055510520935,recomp_q90_p2,90,2
adm_00007.png,test,adm,1,1,0.9993070363998413,recomp_q90_p2,90,2
vqdm_00082.png,test,vqdm,1,0,0.1548139899969101,recomp_q90_p2,90,2
glide_00052.png,test,glide,1,1,0.9999524354934692,recomp_q90_p2,90,2
adm_00066.png,test,adm,1,1,0.9485802054405212,recomp_q90_p2,90,2
sdv5_00026.png,test,sdv5,1,0,0.41417229175567627,recomp_q90_p2,90,2
wukong_00004.png,test,wukong,1,1,0.9999967813491821,recomp_q90_p2,90,2
wukong_00034.png,test,wukong,1,1,0.9994730353355408,recomp_q90_p2,90,2
adm_00073.png,test,adm,1,1,0.9999886751174927,recomp_q90_p2,90,2
sdv5_00056.png,test,sdv5,1,1,0.893304705619812,recomp_q90_p2,90,2
adm_00050.png,test,adm,1,1,0.9870361685752869,recomp_q90_p2,90,2
biggan_00004.png,test,biggan,1,1,0.8335373401641846,recomp_q90_p2,90,2
midjourney_00063.png,test,midjourney,1,1,0.8850101232528687,recomp_q90_p2,90,2
glide_00007.png,test,glide,1,0,0.2918487787246704,recomp_q90_p2,90,2
vqdm_00059.png,test,vqdm,1,0,0.1547960788011551,recomp_q90_p2,90,2
midjourney_00051.png,test,midjourney,1,0,0.08388204127550125,recomp_q90_p2,90,2
adm_00040.png,test,adm,1,1,0.9208871722221375,recomp_q90_p2,90,2
vqdm_00046.png,test,vqdm,1,1,0.6888355016708374,recomp_q90_p2,90,2
glide_00071.png,test,glide,1,1,0.9990505576133728,recomp_q90_p2,90,2
midjourney_00040.png,test,midjourney,1,1,0.7838345766067505,recomp_q90_p2,90,2
biggan_00056.png,test,biggan,1,1,0.8998409509658813,recomp_q90_p2,90,2
wukong_00030.png,test,wukong,1,1,0.9123969078063965,recomp_q90_p2,90,2
adm_00045.png,test,adm,1,1,0.999745786190033,recomp_q90_p2,90,2
vqdm_00069.png,test,vqdm,1,1,0.9044788479804993,recomp_q90_p2,90,2
sdv5_00013.png,test,sdv5,1,1,0.9743647575378418,recomp_q90_p2,90,2
adm_00058.png,test,adm,1,1,0.9569536447525024,recomp_q90_p2,90,2
biggan_00037.png,test,biggan,1,1,0.9999998807907104,recomp_q90_p2,90,2
vqdm_00039.png,test,vqdm,1,1,0.9993228912353516,recomp_q90_p2,90,2
sdv5_00034.png,test,sdv5,1,1,0.9998595714569092,recomp_q90_p2,90,2
glide_00047.png,test,glide,1,1,0.9952461123466492,recomp_q90_p2,90,2
biggan_00063.png,test,biggan,1,1,0.8499902486801147,recomp_q90_p2,90,2
glide_00045.png,test,glide,1,1,0.861084520816803,recomp_q90_p2,90,2
wukong_00027.png,test,wukong,1,1,0.9900728464126587,recomp_q90_p2,90,2
vqdm_00027.png,test,vqdm,1,0,0.03358763828873634,recomp_q90_p2,90,2
glide_00024.png,test,glide,1,1,0.9989988207817078,recomp_q90_p2,90,2
wukong_00085.png,test,wukong,1,1,0.9982250332832336,recomp_q90_p2,90,2
glide_00043.png,test,glide,1,1,0.9993979930877686,recomp_q90_p2,90,2
vqdm_00055.png,test,vqdm,1,1,0.9826866388320923,recomp_q90_p2,90,2
midjourney_00057.png,test,midjourney,1,1,0.9999115467071533,recomp_q90_p2,90,2
wukong_00062.png,test,wukong,1,1,0.9411529302597046,recomp_q90_p2,90,2
sdv5_00007.png,test,sdv5,1,1,0.9974896907806396,recomp_q90_p2,90,2
biggan_00043.png,test,biggan,1,0,0.0011854040203616023,recomp_q90_p2,90,2
adm_00083.png,test,adm,1,1,0.9993925094604492,recomp_q90_p2,90,2
adm_00052.png,test,adm,1,1,0.9999922513961792,recomp_q90_p2,90,2
wukong_00032.png,test,wukong,1,1,0.9984328150749207,recomp_q90_p2,90,2
midjourney_00047.png,test,midjourney,1,1,0.9999538660049438,recomp_q90_p2,90,2
midjourney_00072.png,test,midjourney,1,1,0.9995805621147156,recomp_q90_p2,90,2
wukong_00010.png,test,wukong,1,1,0.993071973323822,recomp_q90_p2,90,2
sdv5_00021.png,test,sdv5,1,1,0.9920910596847534,recomp_q90_p2,90,2
biggan_00009.png,test,biggan,1,1,0.9803311228752136,recomp_q90_p2,90,2
wukong_00043.png,test,wukong,1,1,0.9999039173126221,recomp_q90_p2,90,2
vqdm_00034.png,test,vqdm,1,1,0.966722846031189,recomp_q90_p2,90,2
biggan_00023.png,test,biggan,1,1,0.9976903200149536,recomp_q90_p2,90,2
glide_00080.png,test,glide,1,1,0.9999912977218628,recomp_q90_p2,90,2
midjourney_00008.png,test,midjourney,1,1,0.5753217935562134,recomp_q90_p2,90,2
biggan_00024.png,test,biggan,1,1,0.9592618942260742,recomp_q90_p2,90,2
midjourney_00002.png,test,midjourney,1,1,0.904729962348938,recomp_q90_p2,90,2
midjourney_00000.png,test,midjourney,1,1,0.798938512802124,recomp_q90_p2,90,2
adm_00084.png,test,adm,1,1,1.0,recomp_q90_p2,90,2
biggan_00042.png,test,biggan,1,1,0.7352461814880371,recomp_q90_p2,90,2
wukong_00018.png,test,wukong,1,1,0.9999884366989136,recomp_q90_p2,90,2
vqdm_00021.png,test,vqdm,1,1,0.9691498279571533,recomp_q90_p2,90,2
sdv5_00057.png,test,sdv5,1,1,0.9434115290641785,recomp_q90_p2,90,2
midjourney_00029.png,test,midjourney,1,1,0.7230426669120789,recomp_q90_p2,90,2
sdv5_00004.png,test,sdv5,1,0,0.36243364214897156,recomp_q90_p2,90,2
wukong_00063.png,test,wukong,1,0,0.12120980024337769,recomp_q90_p2,90,2
glide_00057.png,test,glide,1,1,0.9911178946495056,recomp_q90_p2,90,2
wukong_00074.png,test,wukong,1,0,0.27845603227615356,recomp_q90_p2,90,2
adm_00070.png,test,adm,1,0,0.3919667899608612,recomp_q90_p2,90,2
midjourney_00018.png,test,midjourney,1,1,0.9986785054206848,recomp_q90_p2,90,2
vqdm_00081.png,test,vqdm,1,1,0.8169390559196472,recomp_q90_p2,90,2
vqdm_00075.png,test,vqdm,1,1,0.8883861899375916,recomp_q90_p2,90,2
glide_00059.png,test,glide,1,1,0.7069638967514038,recomp_q90_p2,90,2
vqdm_00002.png,test,vqdm,1,0,0.1341865211725235,recomp_q90_p2,90,2
biggan_00045.png,test,biggan,1,1,0.9998824596405029,recomp_q90_p2,90,2
sdv5_00075.png,test,sdv5,1,1,0.9795523285865784,recomp_q90_p2,90,2
sdv5_00055.png,test,sdv5,1,0,0.060941047966480255,recomp_q90_p2,90,2
wukong_00013.png,test,wukong,1,1,0.9999146461486816,recomp_q90_p2,90,2
adm_00068.png,test,adm,1,1,0.9994685053825378,recomp_q90_p2,90,2
midjourney_00010.png,test,midjourney,1,0,0.170694962143898,recomp_q90_p2,90,2
midjourney_00030.png,test,midjourney,1,1,0.9916129112243652,recomp_q90_p2,90,2
sdv5_00074.png,test,sdv5,1,1,0.9999450445175171,recomp_q90_p2,90,2
vqdm_00072.png,test,vqdm,1,1,0.9836286306381226,recomp_q90_p2,90,2
wukong_00031.png,test,wukong,1,1,0.9999914169311523,recomp_q90_p2,90,2
vqdm_00080.png,test,vqdm,1,1,0.994113028049469,recomp_q90_p2,90,2
midjourney_00043.png,test,midjourney,1,0,0.03269835561513901,recomp_q90_p2,90,2
vqdm_00001.png,test,vqdm,1,1,0.8560534119606018,recomp_q90_p2,90,2
glide_00021.png,test,glide,1,1,0.9999983310699463,recomp_q90_p2,90,2
midjourney_00037.png,test,midjourney,1,0,0.0059433733113110065,recomp_q90_p2,90,2
biggan_00031.png,test,biggan,1,0,0.3346370458602905,recomp_q90_p2,90,2
wukong_00072.png,test,wukong,1,1,0.9828527569770813,recomp_q90_p2,90,2
midjourney_00055.png,test,midjourney,1,1,0.9966745376586914,recomp_q90_p2,90,2
glide_00070.png,test,glide,1,1,0.9999998807907104,recomp_q90_p2,90,2
biggan_00057.png,test,biggan,1,1,0.8528090119361877,recomp_q90_p2,90,2
midjourney_00075.png,test,midjourney,1,1,0.9959291815757751,recomp_q90_p2,90,2
vqdm_00048.png,test,vqdm,1,1,0.9444546103477478,recomp_q90_p2,90,2
glide_00034.png,test,glide,1,1,0.9999887943267822,recomp_q90_p2,90,2
sdv5_00078.png,test,sdv5,1,1,0.919099748134613,recomp_q90_p2,90,2
midjourney_00062.png,test,midjourney,1,1,0.6643962264060974,recomp_q90_p2,90,2
adm_00031.png,test,adm,1,1,0.6389041543006897,recomp_q90_p2,90,2
midjourney_00026.png,test,midjourney,1,1,0.6150583028793335,recomp_q90_p2,90,2
vqdm_00000.png,test,vqdm,1,1,0.8950579762458801,recomp_q90_p2,90,2
adm_00020.png,test,adm,1,1,0.9973399043083191,recomp_q90_p2,90,2
adm_00012.png,test,adm,1,1,0.9999547004699707,recomp_q90_p2,90,2
adm_00030.png,test,adm,1,1,0.9998645782470703,recomp_q90_p2,90,2
midjourney_00070.png,test,midjourney,1,1,0.8338831663131714,recomp_q90_p2,90,2
adm_00041.png,test,adm,1,1,0.9999262094497681,recomp_q90_p2,90,2
adm_00078.png,test,adm,1,1,0.999996542930603,recomp_q90_p2,90,2
wukong_00068.png,test,wukong,1,1,0.9104238748550415,recomp_q90_p2,90,2
biggan_00008.png,test,biggan,1,0,0.30790457129478455,recomp_q90_p2,90,2
adm_00069.png,test,adm,1,1,1.0,recomp_q90_p2,90,2
vqdm_00056.png,test,vqdm,1,1,0.9999872446060181,recomp_q90_p2,90,2
sdv5_00036.png,test,sdv5,1,1,0.9971631169319153,recomp_q90_p2,90,2
vqdm_00079.png,test,vqdm,1,1,0.742438018321991,recomp_q90_p2,90,2
midjourney_00017.png,test,midjourney,1,0,0.4838571548461914,recomp_q90_p2,90,2
biggan_00033.png,test,biggan,1,1,0.7099547386169434,recomp_q90_p2,90,2
biggan_00018.png,test,biggan,1,1,0.979802668094635,recomp_q90_p2,90,2
sdv5_00001.png,test,sdv5,1,1,0.6873309016227722,recomp_q90_p2,90,2
sdv5_00020.png,test,sdv5,1,1,0.9645766019821167,recomp_q90_p2,90,2
biggan_00048.png,test,biggan,1,1,0.9968204498291016,recomp_q90_p2,90,2
biggan_00058.png,test,biggan,1,1,0.998113751411438,recomp_q90_p2,90,2
midjourney_00066.png,test,midjourney,1,0,0.3322160542011261,recomp_q90_p2,90,2
midjourney_00080.png,test,midjourney,1,0,0.16526450216770172,recomp_q90_p2,90,2
adm_00005.png,test,adm,1,1,0.9999673366546631,recomp_q90_p2,90,2
adm_00003.png,test,adm,1,1,0.99996018409729,recomp_q90_p2,90,2
adm_00024.png,test,adm,1,1,0.9987970590591431,recomp_q90_p2,90,2
sdv5_00000.png,test,sdv5,1,1,0.9997836947441101,recomp_q90_p2,90,2
biggan_00001.png,test,biggan,1,0,0.10477323830127716,recomp_q90_p2,90,2
vqdm_00014.png,test,vqdm,1,1,0.9993884563446045,recomp_q90_p2,90,2
biggan_00028.png,test,biggan,1,1,0.9999943971633911,recomp_q90_p2,90,2
midjourney_00028.png,test,midjourney,1,0,0.061587944626808167,recomp_q90_p2,90,2
biggan_00027.png,test,biggan,1,1,0.9735519886016846,recomp_q90_p2,90,2
sdv5_00049.png,test,sdv5,1,1,0.9998369216918945,recomp_q90_p2,90,2
vqdm_00029.png,test,vqdm,1,1,0.9716745018959045,recomp_q90_p2,90,2
adm_00035.png,test,adm,1,1,0.9998486042022705,recomp_q90_p2,90,2
adm_00011.png,test,adm,1,1,0.9999998807907104,recomp_q90_p2,90,2
biggan_00078.png,test,biggan,1,1,0.9594186544418335,recomp_q90_p2,90,2
midjourney_00013.png,test,midjourney,1,1,0.9912444353103638,recomp_q90_p2,90,2
sdv5_00067.png,test,sdv5,1,1,0.9762938618659973,recomp_q90_p2,90,2
biggan_00006.png,test,biggan,1,0,0.13417860865592957,recomp_q90_p2,90,2
vqdm_00078.png,test,vqdm,1,0,0.18555450439453125,recomp_q90_p2,90,2
glide_00049.png,test,glide,1,1,0.9387586116790771,recomp_q90_p2,90,2
midjourney_00050.png,test,midjourney,1,1,0.9998893737792969,recomp_q90_p2,90,2
glide_00017.png,test,glide,1,1,0.9999978542327881,recomp_q90_p2,90,2
wukong_00008.png,test,wukong,1,1,0.9999406337738037,recomp_q90_p2,90,2
sdv5_00014.png,test,sdv5,1,1,0.9808467030525208,recomp_q90_p2,90,2
biggan_00052.png,test,biggan,1,0,0.033961568027734756,recomp_q90_p2,90,2
wukong_00059.png,test,wukong,1,1,0.9871091842651367,recomp_q90_p2,90,2
glide_00078.png,test,glide,1,1,1.0,recomp_q90_p2,90,2
adm_00034.png,test,adm,1,1,0.9999998807907104,recomp_q90_p2,90,2
wukong_00006.png,test,wukong,1,1,0.8572903275489807,recomp_q90_p2,90,2
biggan_00046.png,test,biggan,1,1,0.9999998807907104,recomp_q90_p2,90,2
wukong_00073.png,test,wukong,1,1,0.6259523034095764,recomp_q90_p2,90,2
midjourney_00046.png,test,midjourney,1,1,0.9992666840553284,recomp_q90_p2,90,2
glide_00068.png,test,glide,1,1,0.9973356127738953,recomp_q90_p2,90,2
midjourney_00058.png,test,midjourney,1,1,0.6157872676849365,recomp_q90_p2,90,2
glide_00001.png,test,glide,1,1,0.9997618794441223,recomp_q90_p2,90,2
glide_00041.png,test,glide,1,1,1.0,recomp_q90_p2,90,2
glide_00014.png,test,glide,1,1,0.5401368737220764,recomp_q90_p2,90,2
adm_00013.png,test,adm,1,1,0.9951266050338745,recomp_q90_p2,90,2
glide_00063.png,test,glide,1,1,0.9963094592094421,recomp_q90_p2,90,2
wukong_00045.png,test,wukong,1,1,0.9944224953651428,recomp_q90_p2,90,2
biggan_00079.png,test,biggan,1,1,0.9934985637664795,recomp_q90_p2,90,2
adm_00002.png,test,adm,1,1,1.0,recomp_q90_p2,90,2
midjourney_00041.png,test,midjourney,1,1,0.9950768351554871,recomp_q90_p2,90,2
vqdm_00044.png,test,vqdm,1,1,0.986517071723938,recomp_q90_p2,90,2
adm_00043.png,test,adm,1,0,0.47804880142211914,recomp_q90_p2,90,2
sdv5_00017.png,test,sdv5,1,1,0.9995703101158142,recomp_q90_p2,90,2
vqdm_00052.png,test,vqdm,1,0,0.4511847198009491,recomp_q90_p2,90,2
adm_00036.png,test,adm,1,1,0.9993475079536438,recomp_q90_p2,90,2
biggan_00083.png,test,biggan,1,1,0.7552838325500488,recomp_q90_p2,90,2
glide_00020.png,test,glide,1,1,1.0,recomp_q90_p2,90,2
midjourney_00054.png,test,midjourney,1,0,0.19703106582164764,recomp_q90_p2,90,2
adm_00032.png,test,adm,1,1,0.9998880624771118,recomp_q90_p2,90,2
glide_00058.png,test,glide,1,1,0.9894662499427795,recomp_q90_p2,90,2
vqdm_00008.png,test,vqdm,1,1,0.9973375201225281,recomp_q90_p2,90,2
adm_00026.png,test,adm,1,1,0.9999790191650391,recomp_q90_p2,90,2
midjourney_00082.png,test,midjourney,1,1,0.9785272479057312,recomp_q90_p2,90,2
wukong_00012.png,test,wukong,1,1,0.8782181739807129,recomp_q90_p2,90,2
glide_00048.png,test,glide,1,1,0.7209355235099792,recomp_q90_p2,90,2
midjourney_00033.png,test,midjourney,1,1,0.9999476671218872,recomp_q90_p2,90,2
vqdm_00060.png,test,vqdm,1,1,0.962148129940033,recomp_q90_p2,90,2
wukong_00052.png,test,wukong,1,1,0.9999996423721313,recomp_q90_p2,90,2
adm_00021.png,test,adm,1,1,0.880698025226593,recomp_q90_p2,90,2
wukong_00042.png,test,wukong,1,1,0.8407061696052551,recomp_q90_p2,90,2
vqdm_00071.png,test,vqdm,1,1,0.9979709982872009,recomp_q90_p2,90,2
glide_00026.png,test,glide,1,1,1.0,recomp_q90_p2,90,2
biggan_00019.png,test,biggan,1,1,0.9974888563156128,recomp_q90_p2,90,2
glide_00051.png,test,glide,1,1,0.9875892996788025,recomp_q90_p2,90,2
adm_00056.png,test,adm,1,1,0.9991474151611328,recomp_q90_p2,90,2
glide_00012.png,test,glide,1,1,0.9999791383743286,recomp_q90_p2,90,2
adm_00017.png,test,adm,1,1,0.5798677206039429,recomp_q90_p2,90,2
wukong_00020.png,test,wukong,1,1,0.9928083419799805,recomp_q90_p2,90,2
sdv5_00069.png,test,sdv5,1,1,0.9637109041213989,recomp_q90_p2,90,2
vqdm_00064.png,test,vqdm,1,0,0.06982496380805969,recomp_q90_p2,90,2
wukong_00050.png,test,wukong,1,1,0.9960762858390808,recomp_q90_p2,90,2
glide_00032.png,test,glide,1,1,0.9825128316879272,recomp_q90_p2,90,2
glide_00040.png,test,glide,1,1,0.9979221224784851,recomp_q90_p2,90,2
glide_00064.png,test,glide,1,1,0.7396686673164368,recomp_q90_p2,90,2
adm_00016.png,test,adm,1,1,0.9877320528030396,recomp_q90_p2,90,2
biggan_00066.png,test,biggan,1,1,0.9999958276748657,recomp_q90_p2,90,2
vqdm_00013.png,test,vqdm,1,0,0.011633789166808128,recomp_q90_p2,90,2
sdv5_00024.png,test,sdv5,1,1,0.9292479157447815,recomp_q90_p2,90,2
sdv5_00030.png,test,sdv5,1,1,0.9953267574310303,recomp_q90_p2,90,2
wukong_00051.png,test,wukong,1,1,0.9957752823829651,recomp_q90_p2,90,2
sdv5_00077.png,test,sdv5,1,1,0.9999998807907104,recomp_q90_p2,90,2
biggan_00013.png,test,biggan,1,0,0.4908877909183502,recomp_q90_p2,90,2
wukong_00064.png,test,wukong,1,1,0.9999654293060303,recomp_q90_p2,90,2
vqdm_00025.png,test,vqdm,1,1,0.7591089606285095,recomp_q90_p2,90,2
glide_00002.png,test,glide,1,1,0.9999772310256958,recomp_q90_p2,90,2
midjourney_00079.png,test,midjourney,1,1,0.5964665412902832,recomp_q90_p2,90,2
wukong_00039.png,test,wukong,1,1,0.6946402788162231,recomp_q90_p2,90,2
vqdm_00020.png,test,vqdm,1,1,0.9959694147109985,recomp_q90_p2,90,2
sdv5_00032.png,test,sdv5,1,1,0.991001307964325,recomp_q90_p2,90,2
sdv5_00003.png,test,sdv5,1,0,0.1102011650800705,recomp_q90_p2,90,2
wukong_00078.png,test,wukong,1,1,0.9922032356262207,recomp_q90_p2,90,2
wukong_00065.png,test,wukong,1,1,0.999839186668396,recomp_q90_p2,90,2
biggan_00014.png,test,biggan,1,0,0.036070674657821655,recomp_q90_p2,90,2
adm_00006.png,test,adm,1,1,1.0,recomp_q90_p2,90,2
wukong_00056.png,test,wukong,1,1,0.9999731779098511,recomp_q90_p2,90,2
biggan_00005.png,test,biggan,1,1,0.999434769153595,recomp_q90_p2,90,2
wukong_00002.png,test,wukong,1,1,0.7615970969200134,recomp_q90_p2,90,2
wukong_00055.png,test,wukong,1,0,0.03654561564326286,recomp_q90_p2,90,2
sdv5_00016.png,test,sdv5,1,1,0.8073469996452332,recomp_q90_p2,90,2
biggan_00065.png,test,biggan,1,0,0.0013715976383537054,recomp_q90_p2,90,2
vqdm_00019.png,test,vqdm,1,0,0.3437778353691101,recomp_q90_p2,90,2
adm_00038.png,test,adm,1,1,0.9999270439147949,recomp_q90_p2,90,2
sdv5_00044.png,test,sdv5,1,1,0.8398298025131226,recomp_q90_p2,90,2
midjourney_00084.png,test,midjourney,1,1,0.9998588562011719,recomp_q90_p2,90,2
midjourney_00025.png,test,midjourney,1,0,0.06907637417316437,recomp_q90_p2,90,2
biggan_00061.png,test,biggan,1,0,0.45301491022109985,recomp_q90_p2,90,2
sdv5_00071.png,test,sdv5,1,1,0.9999978542327881,recomp_q90_p2,90,2
biggan_00074.png,test,biggan,1,1,0.9277560710906982,recomp_q90_p2,90,2
vqdm_00077.png,test,vqdm,1,0,0.05184805020689964,recomp_q90_p2,90,2
midjourney_00001.png,test,midjourney,1,1,0.9991337656974792,recomp_q90_p2,90,2
biggan_00069.png,test,biggan,1,0,0.08885491639375687,recomp_q90_p2,90,2
glide_00005.png,test,glide,1,1,0.9997965693473816,recomp_q90_p2,90,2
sdv5_00015.png,test,sdv5,1,1,0.8182893991470337,recomp_q90_p2,90,2
vqdm_00012.png,test,vqdm,1,1,0.7271696329116821,recomp_q90_p2,90,2
wukong_00077.png,test,wukong,1,0,0.24160335958003998,recomp_q90_p2,90,2
midjourney_00023.png,test,midjourney,1,0,0.19109070301055908,recomp_q90_p2,90,2
sdv5_00045.png,test,sdv5,1,1,0.889587938785553,recomp_q90_p2,90,2
adm_00033.png,test,adm,1,1,0.9997803568840027,recomp_q90_p2,90,2
wukong_00083.png,test,wukong,1,1,0.9800906777381897,recomp_q90_p2,90,2
biggan_00034.png,test,biggan,1,1,0.9219149351119995,recomp_q90_p2,90,2
biggan_00070.png,test,biggan,1,0,0.06444393843412399,recomp_q90_p2,90,2
biggan_00076.png,test,biggan,1,0,0.16986580193042755,recomp_q90_p2,90,2
midjourney_00067.png,test,midjourney,1,1,0.6718704700469971,recomp_q90_p2,90,2
biggan_00062.png,test,biggan,1,1,0.9168913960456848,recomp_q90_p2,90,2
midjourney_00027.png,test,midjourney,1,1,0.9590310454368591,recomp_q90_p2,90,2
biggan_00077.png,test,biggan,1,0,0.1341571807861328,recomp_q90_p2,90,2
wukong_00053.png,test,wukong,1,1,0.9999997615814209,recomp_q90_p2,90,2
sdv5_00080.png,test,sdv5,1,1,1.0,recomp_q90_p2,90,2
glide_00035.png,test,glide,1,0,0.026349082589149475,recomp_q90_p2,90,2
adm_00022.png,test,adm,1,1,0.9999973773956299,recomp_q90_p2,90,2
vqdm_00070.png,test,vqdm,1,0,0.09482961148023605,recomp_q90_p2,90,2
wukong_00019.png,test,wukong,1,1,0.8461589813232422,recomp_q90_p2,90,2
glide_00036.png,test,glide,1,1,0.7851641774177551,recomp_q90_p2,90,2
adm_00054.png,test,adm,1,1,0.9999948740005493,recomp_q90_p2,90,2
glide_00060.png,test,glide,1,1,0.9980452060699463,recomp_q90_p2,90,2
adm_00061.png,test,adm,1,1,0.9999709129333496,recomp_q90_p2,90,2
vqdm_00028.png,test,vqdm,1,0,0.3254327178001404,recomp_q90_p2,90,2
vqdm_00026.png,test,vqdm,1,1,0.5915138125419617,recomp_q90_p2,90,2
vqdm_00054.png,test,vqdm,1,0,0.0027787452563643456,recomp_q90_p2,90,2
biggan_00021.png,test,biggan,1,1,0.5274684429168701,recomp_q90_p2,90,2
vqdm_00005.png,test,vqdm,1,1,0.9997853636741638,recomp_q90_p2,90,2
glide_00055.png,test,glide,1,1,0.9522382020950317,recomp_q90_p2,90,2
biggan_00075.png,test,biggan,1,0,0.0713827908039093,recomp_q90_p2,90,2
wukong_00046.png,test,wukong,1,1,1.0,recomp_q90_p2,90,2
wukong_00084.png,test,wukong,1,1,0.8450620174407959,recomp_q90_p2,90,2
wukong_00025.png,test,wukong,1,1,0.9927546381950378,recomp_q90_p2,90,2
vqdm_00009.png,test,vqdm,1,1,0.999006450176239,recomp_q90_p2,90,2
glide_00019.png,test,glide,1,1,0.9999986886978149,recomp_q90_p2,90,2
biggan_00040.png,test,biggan,1,1,0.9969171285629272,recomp_q90_p2,90,2
vqdm_00007.png,test,vqdm,1,1,0.9071528911590576,recomp_q90_p2,90,2
vqdm_00076.png,test,vqdm,1,1,0.5158543586730957,recomp_q90_p2,90,2
glide_00066.png,test,glide,1,1,0.5152975916862488,recomp_q90_p2,90,2
biggan_00073.png,test,biggan,1,1,0.9255895614624023,recomp_q90_p2,90,2
glide_00072.png,test,glide,1,1,0.9999688863754272,recomp_q90_p2,90,2
midjourney_00038.png,test,midjourney,1,1,0.5825046300888062,recomp_q90_p2,90,2
vqdm_00016.png,test,vqdm,1,0,0.000956538540776819,recomp_q90_p2,90,2
glide_00006.png,test,glide,1,1,0.9973949193954468,recomp_q90_p2,90,2
glide_00065.png,test,glide,1,1,0.7908614873886108,recomp_q90_p2,90,2
adm_00055.png,test,adm,1,1,0.9994956254959106,recomp_q90_p2,90,2
midjourney_00073.png,test,midjourney,1,1,0.7525832056999207,recomp_q90_p2,90,2
midjourney_00020.png,test,midjourney,1,1,0.8772197961807251,recomp_q90_p2,90,2
sdv5_00012.png,test,sdv5,1,1,0.9999955892562866,recomp_q90_p2,90,2
wukong_00028.png,test,wukong,1,1,0.9621032476425171,recomp_q90_p2,90,2
midjourney_00056.png,test,midjourney,1,1,0.8571209907531738,recomp_q90_p2,90,2
vqdm_00067.png,test,vqdm,1,0,0.1306302845478058,recomp_q90_p2,90,2
adm_00037.png,test,adm,1,1,1.0,recomp_q90_p2,90,2
adm_00064.png,test,adm,1,1,0.9972357153892517,recomp_q90_p2,90,2
vqdm_00084.png,test,vqdm,1,1,0.9999557733535767,recomp_q90_p2,90,2
sdv5_00052.png,test,sdv5,1,1,0.9992139339447021,recomp_q90_p2,90,2
biggan_00035.png,test,biggan,1,1,0.9837452173233032,recomp_q90_p2,90,2
vqdm_00043.png,test,vqdm,1,1,0.7729054689407349,recomp_q90_p2,90,2
adm_00028.png,test,adm,1,1,0.9995469450950623,recomp_q90_p2,90,2
glide_00027.png,test,glide,1,1,0.9167224168777466,recomp_q90_p2,90,2
sdv5_00042.png,test,sdv5,1,1,0.9958490133285522,recomp_q90_p2,90,2
glide_00084.png,test,glide,1,1,0.9993570446968079,recomp_q90_p2,90,2
sdv5_00025.png,test,sdv5,1,1,0.9850479364395142,recomp_q90_p2,90,2
adm_00009.png,test,adm,1,1,0.9980095028877258,recomp_q90_p2,90,2
sdv5_00031.png,test,sdv5,1,1,0.9999998807907104,recomp_q90_p2,90,2
wukong_00000.png,test,wukong,1,1,0.9904933571815491,recomp_q90_p2,90,2
wukong_00069.png,test,wukong,1,1,0.7148933410644531,recomp_q90_p2,90,2
biggan_00015.png,test,biggan,1,1,0.5073021650314331,recomp_q90_p2,90,2
glide_00062.png,test,glide,1,1,0.9993388056755066,recomp_q90_p2,90,2
adm_00076.png,test,adm,1,1,0.9999996423721313,recomp_q90_p2,90,2
vqdm_00015.png,test,vqdm,1,1,0.9643749594688416,recomp_q90_p2,90,2
sdv5_00079.png,test,sdv5,1,1,0.9999949932098389,recomp_q90_p2,90,2
glide_00083.png,test,glide,1,1,0.9996709823608398,recomp_q90_p2,90,2
biggan_00039.png,test,biggan,1,1,0.9722294807434082,recomp_q90_p2,90,2
adm_00080.png,test,adm,1,1,1.0,recomp_q90_p2,90,2
midjourney_00064.png,test,midjourney,1,1,0.9999003410339355,recomp_q90_p2,90,2
sdv5_00070.png,test,sdv5,1,1,0.9768666625022888,recomp_q90_p2,90,2
glide_00073.png,test,glide,1,1,0.9988695979118347,recomp_q90_p2,90,2
vqdm_00018.png,test,vqdm,1,1,0.9999963045120239,recomp_q90_p2,90,2
adm_00053.png,test,adm,1,1,0.9781348705291748,recomp_q90_p2,90,2
biggan_00084.png,test,biggan,1,0,0.35975906252861023,recomp_q90_p2,90,2
adm_00018.png,test,adm,1,1,0.9983641505241394,recomp_q90_p2,90,2
sdv5_00018.png,test,sdv5,1,1,0.9908822774887085,recomp_q90_p2,90,2
biggan_00020.png,test,biggan,1,1,0.9928602576255798,recomp_q90_p2,90,2
vqdm_00066.png,test,vqdm,1,1,0.988377034664154,recomp_q90_p2,90,2
adm_00048.png,test,adm,1,1,0.9426485896110535,recomp_q90_p2,90,2
glide_00077.png,test,glide,1,1,0.5933970212936401,recomp_q90_p2,90,2
glide_00000.png,test,glide,1,1,0.9998612403869629,recomp_q90_p2,90,2
vqdm_00033.png,test,vqdm,1,0,0.3947239816188812,recomp_q90_p2,90,2
glide_00081.png,test,glide,1,1,1.0,recomp_q90_p2,90,2
adm_00075.png,test,adm,1,1,0.999281108379364,recomp_q90_p2,90,2
midjourney_00012.png,test,midjourney,1,1,0.9998447895050049,recomp_q90_p2,90,2
glide_00028.png,test,glide,1,1,1.0,recomp_q90_p2,90,2
vqdm_00057.png,test,vqdm,1,1,0.9999995231628418,recomp_q90_p2,90,2
sdv5_00068.png,test,sdv5,1,1,0.8298031091690063,recomp_q90_p2,90,2
vqdm_00036.png,test,vqdm,1,0,0.013420096598565578,recomp_q90_p2,90,2
adm_00001.png,test,adm,1,1,0.9999717473983765,recomp_q90_p2,90,2
biggan_00054.png,test,biggan,1,1,0.9145380854606628,recomp_q90_p2,90,2
vqdm_00058.png,test,vqdm,1,1,0.9821064472198486,recomp_q90_p2,90,2
sdv5_00035.png,test,sdv5,1,1,0.9914218783378601,recomp_q90_p2,90,2
glide_00018.png,test,glide,1,0,0.0015610958216711879,recomp_q90_p2,90,2
adm_00008.png,test,adm,1,1,0.9994277358055115,recomp_q90_p2,90,2
biggan_00067.png,test,biggan,1,1,0.9908237457275391,recomp_q90_p2,90,2
glide_00004.png,test,glide,1,1,0.9968157410621643,recomp_q90_p2,90,2
midjourney_00083.png,test,midjourney,1,1,0.9554480314254761,recomp_q90_p2,90,2
wukong_00026.png,test,wukong,1,1,0.9998650550842285,recomp_q90_p2,90,2
sdv5_00028.png,test,sdv5,1,1,0.7334219217300415,recomp_q90_p2,90,2
midjourney_00042.png,test,midjourney,1,1,0.9999239444732666,recomp_q90_p2,90,2
adm_00060.png,test,adm,1,1,0.7456586956977844,recomp_q90_p2,90,2
glide_00003.png,test,glide,1,1,0.9963462948799133,recomp_q90_p2,90,2
glide_00025.png,test,glide,1,1,0.9993559718132019,recomp_q90_p2,90,2
biggan_00026.png,test,biggan,1,1,0.9498898983001709,recomp_q90_p2,90,2
adm_00077.png,test,adm,1,1,1.0,recomp_q90_p2,90,2
adm_00047.png,test,adm,1,1,0.9996436834335327,recomp_q90_p2,90,2
sdv5_00033.png,test,sdv5,1,1,0.9997894167900085,recomp_q90_p2,90,2
midjourney_00032.png,test,midjourney,1,1,0.9441472887992859,recomp_q90_p2,90,2
biggan_00064.png,test,biggan,1,0,0.028677409514784813,recomp_q90_p2,90,2
vqdm_00074.png,test,vqdm,1,1,0.9999781847000122,recomp_q90_p2,90,2
biggan_00038.png,test,biggan,1,1,0.9896875023841858,recomp_q90_p2,90,2
adm_00082.png,test,adm,1,1,1.0,recomp_q90_p2,90,2
wukong_00007.png,test,wukong,1,1,0.9302724599838257,recomp_q90_p2,90,2
wukong_00060.png,test,wukong,1,1,1.0,recomp_q90_p2,90,2
sdv5_00041.png,test,sdv5,1,1,0.9966534972190857,recomp_q90_p2,90,2
vqdm_00038.png,test,vqdm,1,1,0.998931348323822,recomp_q90_p2,90,2
wukong_00001.png,test,wukong,1,1,0.9999740123748779,recomp_q90_p2,90,2
midjourney_00015.png,test,midjourney,1,1,0.999910831451416,recomp_q90_p2,90,2
biggan_00047.png,test,biggan,1,1,0.999919056892395,recomp_q90_p2,90,2
glide_00030.png,test,glide,1,1,0.8896788358688354,recomp_q90_p2,90,2
vqdm_00047.png,test,vqdm,1,1,0.978427529335022,recomp_q90_p2,90,2
sdv5_00084.png,test,sdv5,1,1,0.9838680028915405,recomp_q90_p2,90,2
vqdm_00083.png,test,vqdm,1,1,0.9588465690612793,recomp_q90_p2,90,2
biggan_00068.png,test,biggan,1,1,0.6134889125823975,recomp_q90_p2,90,2
sdv5_00058.png,test,sdv5,1,1,0.9459226727485657,recomp_q90_p2,90,2
sdv5_00006.png,test,sdv5,1,1,0.9999138116836548,recomp_q90_p2,90,2
biggan_00044.png,test,biggan,1,1,0.512814462184906,recomp_q90_p2,90,2
midjourney_00003.png,test,midjourney,1,1,0.999799907207489,recomp_q90_p2,90,2
sdv5_00027.png,test,sdv5,1,1,0.9987694621086121,recomp_q90_p2,90,2
biggan_00072.png,test,biggan,1,1,0.8930262327194214,recomp_q90_p2,90,2
vqdm_00030.png,test,vqdm,1,1,0.6147157549858093,recomp_q90_p2,90,2
vqdm_00085.png,test,vqdm,1,1,0.7169144749641418,recomp_q90_p2,90,2
wukong_00071.png,test,wukong,1,1,0.9521313905715942,recomp_q90_p2,90,2
adm_00062.png,test,adm,1,1,0.9171210527420044,recomp_q90_p2,90,2
adm_00000.png,test,adm,1,1,0.9994102716445923,recomp_q90_p2,90,2
wukong_00044.png,test,wukong,1,1,0.9999990463256836,recomp_q90_p2,90,2
glide_00075.png,test,glide,1,1,0.9437993764877319,recomp_q90_p2,90,2
vqdm_00040.png,test,vqdm,1,1,0.8914994597434998,recomp_q90_p2,90,2
wukong_00082.png,test,wukong,1,1,1.0,recomp_q90_p2,90,2
midjourney_00019.png,test,midjourney,1,1,0.9953746199607849,recomp_q90_p2,90,2
adm_00065.png,test,adm,1,1,0.9999368190765381,recomp_q90_p2,90,2
midjourney_00022.png,test,midjourney,1,1,0.8649730682373047,recomp_q90_p2,90,2
midjourney_00052.png,test,midjourney,1,0,0.0002606305934023112,recomp_q90_p2,90,2
adm_00046.png,test,adm,1,1,1.0,recomp_q90_p2,90,2
wukong_00048.png,test,wukong,1,1,0.9668195843696594,recomp_q90_p2,90,2
vqdm_00045.png,test,vqdm,1,1,0.9999904632568359,recomp_q90_p2,90,2
biggan_00036.png,test,biggan,1,0,0.22718101739883423,recomp_q90_p2,90,2
sdv5_00038.png,test,sdv5,1,1,0.9804671406745911,recomp_q90_p2,90,2
vqdm_00050.png,test,vqdm,1,0,0.07330869883298874,recomp_q90_p2,90,2
biggan_00041.png,test,biggan,1,1,0.9956821203231812,recomp_q90_p2,90,2
vqdm_00051.png,test,vqdm,1,1,0.6325564980506897,recomp_q90_p2,90,2
glide_00054.png,test,glide,1,1,0.9778361320495605,recomp_q90_p2,90,2
sdv5_00062.png,test,sdv5,1,1,0.9999994039535522,recomp_q90_p2,90,2
sdv5_00060.png,test,sdv5,1,1,0.9961750507354736,recomp_q90_p2,90,2
glide_00079.png,test,glide,1,1,0.7889513969421387,recomp_q90_p2,90,2
midjourney_00004.png,test,midjourney,1,1,0.9839779734611511,recomp_q90_p2,90,2
wukong_00040.png,test,wukong,1,1,0.9334080219268799,recomp_q90_p2,90,2
biggan_00060.png,test,biggan,1,1,0.733921229839325,recomp_q90_p2,90,2
wukong_00049.png,test,wukong,1,1,0.9715682864189148,recomp_q90_p2,90,2
wukong_00035.png,test,wukong,1,1,0.9795117378234863,recomp_q90_p2,90,2
adm_00010.png,test,adm,1,1,0.9966980218887329,recomp_q90_p2,90,2
sdv5_00064.png,test,sdv5,1,1,0.6335781812667847,recomp_q90_p2,90,2
adm_00059.png,test,adm,1,1,0.9999804496765137,recomp_q90_p2,90,2
midjourney_00048.png,test,midjourney,1,0,0.30313026905059814,recomp_q90_p2,90,2
midjourney_00016.png,test,midjourney,1,0,0.4602789878845215,recomp_q90_p2,90,2
biggan_00007.png,test,biggan,1,0,0.037814050912857056,recomp_q90_p2,90,2
glide_00067.png,test,glide,1,1,1.0,recomp_q90_p2,90,2
glide_00046.png,test,glide,1,1,0.9911624193191528,recomp_q90_p2,90,2
vqdm_00053.png,test,vqdm,1,1,0.9999314546585083,recomp_q90_p2,90,2
adm_00071.png,test,adm,1,1,0.9996845722198486,recomp_q90_p2,90,2
glide_00022.png,test,glide,1,1,0.9999793767929077,recomp_q90_p2,90,2
sdv5_00082.png,test,sdv5,1,1,0.9987497329711914,recomp_q90_p2,90,2
vqdm_00003.png,test,vqdm,1,1,0.6758286952972412,recomp_q90_p2,90,2
midjourney_00035.png,test,midjourney,1,1,0.9570744037628174,recomp_q90_p2,90,2
glide_00031.png,test,glide,1,1,1.0,recomp_q90_p2,90,2
vqdm_00063.png,test,vqdm,1,1,0.6516693830490112,recomp_q90_p2,90,2
wukong_00016.png,test,wukong,1,1,0.9936366081237793,recomp_q90_p2,90,2
wukong_00054.png,test,wukong,1,1,0.9998487234115601,recomp_q90_p2,90,2
biggan_00002.png,test,biggan,1,1,0.7289381623268127,recomp_q90_p2,90,2
adm_00049.png,test,adm,1,1,0.999997615814209,recomp_q90_p2,90,2
sdv5_00002.png,test,sdv5,1,1,0.999683141708374,recomp_q90_p2,90,2
biggan_00025.png,test,biggan,1,1,0.5721812844276428,recomp_q90_p2,90,2
biggan_00071.png,test,biggan,1,1,0.9262269735336304,recomp_q90_p2,90,2
biggan_00051.png,test,biggan,1,0,0.02894601784646511,recomp_q90_p2,90,2
wukong_00081.png,test,wukong,1,1,0.9215309619903564,recomp_q90_p2,90,2
sdv5_00022.png,test,sdv5,1,1,0.9773784875869751,recomp_q90_p2,90,2
real_00486.jpeg,test,real,0,0,3.4398540265101474e-06,recomp_q70_p2,70,2
real_00382.jpeg,test,real,0,0,3.906987330992706e-05,recomp_q70_p2,70,2
real_00117.jpeg,test,real,0,0,0.0892242044210434,recomp_q70_p2,70,2
real_00354.jpeg,test,real,0,0,6.476410635514185e-05,recomp_q70_p2,70,2
real_00076.jpeg,test,real,0,0,0.00015180457558017224,recomp_q70_p2,70,2
real_00395.jpeg,test,real,0,0,9.031620720634237e-05,recomp_q70_p2,70,2
real_00348.jpeg,test,real,0,0,0.4995090067386627,recomp_q70_p2,70,2
real_00307.jpeg,test,real,0,0,1.7299537375947693e-06,recomp_q70_p2,70,2
real_00438.jpeg,test,real,0,0,1.5423096827449356e-11,recomp_q70_p2,70,2
real_00393.jpeg,test,real,0,0,0.003165019443258643,recomp_q70_p2,70,2
real_00566.jpeg,test,real,0,0,0.00044083857210353017,recomp_q70_p2,70,2
real_00055.jpeg,test,real,0,0,0.2689320743083954,recomp_q70_p2,70,2
real_00416.jpeg,test,real,0,0,0.0005314091104082763,recomp_q70_p2,70,2
real_00304.jpeg,test,real,0,0,1.808063814223715e-07,recomp_q70_p2,70,2
real_00135.jpeg,test,real,0,0,0.05726833641529083,recomp_q70_p2,70,2
real_00387.jpeg,test,real,0,0,4.800690476258751e-07,recomp_q70_p2,70,2
real_00040.jpeg,test,real,0,0,0.00015502744645345956,recomp_q70_p2,70,2
real_00563.jpeg,test,real,0,0,0.03059978224337101,recomp_q70_p2,70,2
real_00457.jpeg,test,real,0,0,0.3489881753921509,recomp_q70_p2,70,2
real_00561.jpeg,test,real,0,0,3.152012141072191e-05,recomp_q70_p2,70,2
real_00288.jpeg,test,real,0,0,0.23358437418937683,recomp_q70_p2,70,2
real_00271.jpeg,test,real,0,0,0.0003405165043659508,recomp_q70_p2,70,2
real_00185.jpeg,test,real,0,0,0.10455911606550217,recomp_q70_p2,70,2
real_00216.jpeg,test,real,0,0,0.0012836800888180733,recomp_q70_p2,70,2
real_00180.jpeg,test,real,0,1,0.7304809093475342,recomp_q70_p2,70,2
real_00189.jpeg,test,real,0,0,0.03278280049562454,recomp_q70_p2,70,2
real_00396.jpeg,test,real,0,0,0.019496317952871323,recomp_q70_p2,70,2
real_00131.jpeg,test,real,0,0,0.004529180470854044,recomp_q70_p2,70,2
real_00557.jpeg,test,real,0,0,0.004559254739433527,recomp_q70_p2,70,2
real_00266.jpeg,test,real,0,0,2.917821007031307e-07,recomp_q70_p2,70,2
real_00207.jpeg,test,real,0,0,0.0014903416158631444,recomp_q70_p2,70,2
real_00141.jpeg,test,real,0,1,0.9813886880874634,recomp_q70_p2,70,2
real_00407.jpeg,test,real,0,1,0.9999293088912964,recomp_q70_p2,70,2
real_00026.jpeg,test,real,0,0,0.25443312525749207,recomp_q70_p2,70,2
real_00046.jpeg,test,real,0,0,0.006660505663603544,recomp_q70_p2,70,2
real_00585.jpeg,test,real,0,0,0.004912836477160454,recomp_q70_p2,70,2
real_00206.jpeg,test,real,0,1,0.9039874076843262,recomp_q70_p2,70,2
real_00297.jpeg,test,real,0,0,0.007417070679366589,recomp_q70_p2,70,2
real_00401.jpeg,test,real,0,0,5.9520760260056704e-05,recomp_q70_p2,70,2
real_00339.jpeg,test,real,0,0,0.0011192316887900233,recomp_q70_p2,70,2
real_00403.jpeg,test,real,0,0,0.47493860125541687,recomp_q70_p2,70,2
real_00344.jpeg,test,real,0,0,0.00019624100241344422,recomp_q70_p2,70,2
real_00560.jpeg,test,real,0,0,0.23671962320804596,recomp_q70_p2,70,2
real_00553.jpeg,test,real,0,0,0.07806285470724106,recomp_q70_p2,70,2
real_00598.jpeg,test,real,0,0,0.002023321110755205,recomp_q70_p2,70,2
real_00497.jpeg,test,real,0,0,0.14920905232429504,recomp_q70_p2,70,2
real_00253.jpeg,test,real,0,0,3.281013249650344e-15,recomp_q70_p2,70,2
real_00577.jpeg,test,real,0,0,2.0824040802835952e-06,recomp_q70_p2,70,2
real_00394.jpeg,test,real,0,0,0.010709169320762157,recomp_q70_p2,70,2
real_00445.jpeg,test,real,0,0,0.3760111629962921,recomp_q70_p2,70,2
real_00050.jpeg,test,real,0,0,0.16680797934532166,recomp_q70_p2,70,2
real_00269.jpeg,test,real,0,0,0.00015359373355749995,recomp_q70_p2,70,2
real_00151.jpeg,test,real,0,1,0.948318600654602,recomp_q70_p2,70,2
real_00190.jpeg,test,real,0,0,7.0496066655323375e-06,recomp_q70_p2,70,2
real_00250.jpeg,test,real,0,0,0.002179050352424383,recomp_q70_p2,70,2
real_00257.jpeg,test,real,0,0,0.1402299851179123,recomp_q70_p2,70,2
real_00008.jpeg,test,real,0,0,9.046756895259023e-05,recomp_q70_p2,70,2
real_00398.jpeg,test,real,0,0,0.014292074367403984,recomp_q70_p2,70,2
real_00322.jpeg,test,real,0,0,0.00017270422540605068,recomp_q70_p2,70,2
real_00230.jpeg,test,real,0,0,0.30036017298698425,recomp_q70_p2,70,2
real_00219.jpeg,test,real,0,0,0.07700339704751968,recomp_q70_p2,70,2
real_00550.jpeg,test,real,0,0,0.00534314988180995,recomp_q70_p2,70,2
real_00528.jpeg,test,real,0,0,0.004278186243027449,recomp_q70_p2,70,2
real_00039.jpeg,test,real,0,0,0.005357029382139444,recomp_q70_p2,70,2
real_00274.jpeg,test,real,0,0,0.4593495726585388,recomp_q70_p2,70,2
real_00414.jpeg,test,real,0,0,0.27864697575569153,recomp_q70_p2,70,2
real_00038.jpeg,test,real,0,0,0.0025564630050212145,recomp_q70_p2,70,2
real_00434.jpeg,test,real,0,0,0.03462021052837372,recomp_q70_p2,70,2
real_00279.jpeg,test,real,0,0,0.0061671677976846695,recomp_q70_p2,70,2
real_00077.jpeg,test,real,0,0,0.09937608987092972,recomp_q70_p2,70,2
real_00312.jpeg,test,real,0,1,0.7716991901397705,recomp_q70_p2,70,2
real_00482.jpeg,test,real,0,0,0.004452981520444155,recomp_q70_p2,70,2
real_00178.jpeg,test,real,0,0,0.3948124051094055,recomp_q70_p2,70,2
real_00535.jpeg,test,real,0,0,0.08706361055374146,recomp_q70_p2,70,2
real_00345.jpeg,test,real,0,0,0.0030433149076998234,recomp_q70_p2,70,2
real_00019.jpeg,test,real,0,0,0.0014089744072407484,recomp_q70_p2,70,2
real_00143.jpeg,test,real,0,0,0.0013776355190202594,recomp_q70_p2,70,2
real_00496.jpeg,test,real,0,0,0.0570424348115921,recomp_q70_p2,70,2
real_00522.jpeg,test,real,0,0,5.30232379270662e-13,recomp_q70_p2,70,2
real_00451.jpeg,test,real,0,0,8.029288437683135e-06,recomp_q70_p2,70,2
real_00371.jpeg,test,real,0,0,0.00026500230887904763,recomp_q70_p2,70,2
real_00060.jpeg,test,real,0,1,0.6219484806060791,recomp_q70_p2,70,2
real_00410.jpeg,test,real,0,0,0.17727267742156982,recomp_q70_p2,70,2
real_00248.jpeg,test,real,0,0,0.4588199853897095,recomp_q70_p2,70,2
real_00043.jpeg,test,real,0,1,0.9138984680175781,recomp_q70_p2,70,2
real_00104.jpeg,test,real,0,0,0.0003977088781539351,recomp_q70_p2,70,2
real_00238.jpeg,test,real,0,0,5.260805846774019e-05,recomp_q70_p2,70,2
real_00251.jpeg,test,real,0,0,0.0009640859789215028,recomp_q70_p2,70,2
real_00017.jpeg,test,real,0,0,0.0002487852470949292,recomp_q70_p2,70,2
real_00500.jpeg,test,real,0,0,0.017905382439494133,recomp_q70_p2,70,2
real_00056.jpeg,test,real,0,0,0.008498822338879108,recomp_q70_p2,70,2
real_00227.jpeg,test,real,0,0,1.3069229964912665e-07,recomp_q70_p2,70,2
real_00347.jpeg,test,real,0,0,2.8762691727024503e-05,recomp_q70_p2,70,2
real_00176.jpeg,test,real,0,1,0.7260324358940125,recomp_q70_p2,70,2
real_00085.jpeg,test,real,0,0,0.0003838237898889929,recomp_q70_p2,70,2
real_00586.jpeg,test,real,0,0,0.00016428239177912474,recomp_q70_p2,70,2
real_00193.jpeg,test,real,0,0,6.716527423122898e-06,recomp_q70_p2,70,2
real_00018.jpeg,test,real,0,1,0.991852343082428,recomp_q70_p2,70,2
real_00342.jpeg,test,real,0,0,0.01513551827520132,recomp_q70_p2,70,2
real_00359.jpeg,test,real,0,1,0.9413976669311523,recomp_q70_p2,70,2
real_00163.jpeg,test,real,0,0,0.44868430495262146,recomp_q70_p2,70,2
real_00527.jpeg,test,real,0,0,0.011976977810263634,recomp_q70_p2,70,2
real_00444.jpeg,test,real,0,0,0.0010603014379739761,recomp_q70_p2,70,2
real_00440.jpeg,test,real,0,0,0.006618900690227747,recomp_q70_p2,70,2
real_00096.jpeg,test,real,0,0,0.21591751277446747,recomp_q70_p2,70,2
real_00165.jpeg,test,real,0,0,0.1498345136642456,recomp_q70_p2,70,2
real_00576.jpeg,test,real,0,1,0.9327995777130127,recomp_q70_p2,70,2
real_00375.jpeg,test,real,0,0,0.0024636350572109222,recomp_q70_p2,70,2
real_00300.jpeg,test,real,0,0,4.24352110712789e-05,recomp_q70_p2,70,2
real_00503.jpeg,test,real,0,0,0.15002772212028503,recomp_q70_p2,70,2
real_00499.jpeg,test,real,0,0,0.020554833114147186,recomp_q70_p2,70,2
real_00283.jpeg,test,real,0,0,1.1251868272665888e-05,recomp_q70_p2,70,2
real_00160.jpeg,test,real,0,1,0.679116427898407,recomp_q70_p2,70,2
real_00260.jpeg,test,real,0,0,0.029601464048027992,recomp_q70_p2,70,2
real_00208.jpeg,test,real,0,0,1.3830782563672983e-06,recomp_q70_p2,70,2
real_00262.jpeg,test,real,0,0,0.0066075315698981285,recomp_q70_p2,70,2
real_00213.jpeg,test,real,0,0,0.46858781576156616,recomp_q70_p2,70,2
real_00476.jpeg,test,real,0,0,0.0006290093879215419,recomp_q70_p2,70,2
real_00092.jpeg,test,real,0,0,0.29235196113586426,recomp_q70_p2,70,2
real_00324.jpeg,test,real,0,1,0.7826817035675049,recomp_q70_p2,70,2
real_00425.jpeg,test,real,0,1,0.8743816614151001,recomp_q70_p2,70,2
real_00559.jpeg,test,real,0,0,2.944431116702617e-06,recomp_q70_p2,70,2
real_00015.jpeg,test,real,0,0,2.538489525250043e-06,recomp_q70_p2,70,2
real_00562.jpeg,test,real,0,0,0.038030922412872314,recomp_q70_p2,70,2
real_00514.jpeg,test,real,0,0,6.272474206703293e-10,recomp_q70_p2,70,2
real_00580.jpeg,test,real,0,0,0.00018638509209267795,recomp_q70_p2,70,2
real_00202.jpeg,test,real,0,0,0.022372493520379066,recomp_q70_p2,70,2
real_00402.jpeg,test,real,0,0,8.189973499383996e-08,recomp_q70_p2,70,2
real_00057.jpeg,test,real,0,0,6.270482117542997e-05,recomp_q70_p2,70,2
real_00007.jpeg,test,real,0,0,0.017203472554683685,recomp_q70_p2,70,2
real_00388.jpeg,test,real,0,0,0.3999621272087097,recomp_q70_p2,70,2
real_00016.jpeg,test,real,0,0,3.2287118756357813e-06,recomp_q70_p2,70,2
real_00506.jpeg,test,real,0,0,0.10453891009092331,recomp_q70_p2,70,2
real_00028.jpeg,test,real,0,0,0.0006881389417685568,recomp_q70_p2,70,2
real_00572.jpeg,test,real,0,0,0.15515254437923431,recomp_q70_p2,70,2
real_00381.jpeg,test,real,0,0,0.1412889063358307,recomp_q70_p2,70,2
real_00268.jpeg,test,real,0,0,0.007920049130916595,recomp_q70_p2,70,2
real_00512.jpeg,test,real,0,0,0.03304478898644447,recomp_q70_p2,70,2
real_00006.jpeg,test,real,0,1,0.980476975440979,recomp_q70_p2,70,2
real_00289.jpeg,test,real,0,0,0.004582991357892752,recomp_q70_p2,70,2
real_00519.jpeg,test,real,0,0,0.0019168020226061344,recomp_q70_p2,70,2
real_00252.jpeg,test,real,0,0,1.6448359019705094e-05,recomp_q70_p2,70,2
real_00211.jpeg,test,real,0,0,0.00010475103772478178,recomp_q70_p2,70,2
real_00147.jpeg,test,real,0,0,0.0011883898405358195,recomp_q70_p2,70,2
real_00181.jpeg,test,real,0,1,0.9706555604934692,recomp_q70_p2,70,2
real_00458.jpeg,test,real,0,0,0.0001066108961822465,recomp_q70_p2,70,2
real_00329.jpeg,test,real,0,0,5.332293767423835e-06,recomp_q70_p2,70,2
real_00545.jpeg,test,real,0,0,0.015541664324700832,recomp_q70_p2,70,2
real_00568.jpeg,test,real,0,0,0.01433269027620554,recomp_q70_p2,70,2
real_00031.jpeg,test,real,0,0,0.022355372086167336,recomp_q70_p2,70,2
real_00171.jpeg,test,real,0,0,1.167816435554414e-06,recomp_q70_p2,70,2
real_00320.jpeg,test,real,0,0,0.0002941646089311689,recomp_q70_p2,70,2
real_00083.jpeg,test,real,0,0,0.0018874272936955094,recomp_q70_p2,70,2
real_00012.jpeg,test,real,0,1,0.5439102649688721,recomp_q70_p2,70,2
real_00357.jpeg,test,real,0,0,2.5564213501638733e-06,recomp_q70_p2,70,2
real_00346.jpeg,test,real,0,0,0.000870638235937804,recomp_q70_p2,70,2
real_00450.jpeg,test,real,0,1,0.5943008065223694,recomp_q70_p2,70,2
real_00356.jpeg,test,real,0,0,0.11502321064472198,recomp_q70_p2,70,2
real_00594.jpeg,test,real,0,0,0.011264702305197716,recomp_q70_p2,70,2
real_00048.jpeg,test,real,0,0,0.21779416501522064,recomp_q70_p2,70,2
real_00158.jpeg,test,real,0,0,2.3435550247086212e-05,recomp_q70_p2,70,2
real_00521.jpeg,test,real,0,0,0.1732020527124405,recomp_q70_p2,70,2
real_00285.jpeg,test,real,0,0,0.17913135886192322,recomp_q70_p2,70,2
real_00270.jpeg,test,real,0,0,0.00037801111466251314,recomp_q70_p2,70,2
real_00533.jpeg,test,real,0,0,0.13913120329380035,recomp_q70_p2,70,2
real_00494.jpeg,test,real,0,0,0.0016550637083128095,recomp_q70_p2,70,2
real_00317.jpeg,test,real,0,0,0.3282940089702606,recomp_q70_p2,70,2
real_00296.jpeg,test,real,0,0,3.390898117849872e-10,recomp_q70_p2,70,2
real_00237.jpeg,test,real,0,0,9.699542715679854e-07,recomp_q70_p2,70,2
real_00242.jpeg,test,real,0,0,0.09552345424890518,recomp_q70_p2,70,2
real_00584.jpeg,test,real,0,1,0.9788680076599121,recomp_q70_p2,70,2
real_00570.jpeg,test,real,0,0,0.04485754296183586,recomp_q70_p2,70,2
real_00133.jpeg,test,real,0,0,0.0023574414663016796,recomp_q70_p2,70,2
real_00047.jpeg,test,real,0,0,0.00010797024151543155,recomp_q70_p2,70,2
real_00480.jpeg,test,real,0,0,0.0012118893209844828,recomp_q70_p2,70,2
real_00210.jpeg,test,real,0,0,0.00030944327590987086,recomp_q70_p2,70,2
real_00301.jpeg,test,real,0,0,0.13404089212417603,recomp_q70_p2,70,2
real_00574.jpeg,test,real,0,0,0.2855423092842102,recomp_q70_p2,70,2
real_00134.jpeg,test,real,0,0,0.23693542182445526,recomp_q70_p2,70,2
real_00597.jpeg,test,real,0,1,0.9567655920982361,recomp_q70_p2,70,2
real_00281.jpeg,test,real,0,1,0.7569701075553894,recomp_q70_p2,70,2
real_00332.jpeg,test,real,0,0,0.07038962095975876,recomp_q70_p2,70,2
real_00415.jpeg,test,real,0,0,2.0881092495983467e-05,recomp_q70_p2,70,2
real_00093.jpeg,test,real,0,0,0.0031402558088302612,recomp_q70_p2,70,2
real_00526.jpeg,test,real,0,0,1.3127822057867888e-05,recomp_q70_p2,70,2
real_00259.jpeg,test,real,0,0,0.003333468921482563,recomp_q70_p2,70,2
real_00128.jpeg,test,real,0,0,0.18022097647190094,recomp_q70_p2,70,2
real_00173.jpeg,test,real,0,0,0.0030330673325806856,recomp_q70_p2,70,2
real_00005.jpeg,test,real,0,0,1.2606599097964022e-09,recomp_q70_p2,70,2
real_00532.jpeg,test,real,0,1,0.9358334541320801,recomp_q70_p2,70,2
real_00061.jpeg,test,real,0,0,0.0005949438782408834,recomp_q70_p2,70,2
real_00313.jpeg,test,real,0,0,3.2328502129530534e-05,recomp_q70_p2,70,2
real_00130.jpeg,test,real,0,0,3.179093619110063e-05,recomp_q70_p2,70,2
real_00454.jpeg,test,real,0,0,6.736921204719692e-05,recomp_q70_p2,70,2
real_00204.jpeg,test,real,0,0,0.001414978178218007,recomp_q70_p2,70,2
real_00337.jpeg,test,real,0,0,0.02230876125395298,recomp_q70_p2,70,2
real_00195.jpeg,test,real,0,0,0.0009151384583674371,recomp_q70_p2,70,2
real_00187.jpeg,test,real,0,0,1.7176377014038735e-06,recomp_q70_p2,70,2
real_00489.jpeg,test,real,0,0,3.9824899431550875e-06,recomp_q70_p2,70,2
real_00385.jpeg,test,real,0,0,0.016840696334838867,recomp_q70_p2,70,2
real_00221.jpeg,test,real,0,0,0.000106132632936351,recomp_q70_p2,70,2
real_00027.jpeg,test,real,0,1,0.5784408450126648,recomp_q70_p2,70,2
real_00022.jpeg,test,real,0,0,1.1116401765320916e-05,recomp_q70_p2,70,2
real_00331.jpeg,test,real,0,0,0.26517313718795776,recomp_q70_p2,70,2
real_00159.jpeg,test,real,0,0,1.346926410406013e-06,recomp_q70_p2,70,2
real_00068.jpeg,test,real,0,0,0.21718786656856537,recomp_q70_p2,70,2
real_00127.jpeg,test,real,0,0,3.9173204413600615e-07,recomp_q70_p2,70,2
real_00420.jpeg,test,real,0,0,0.31749290227890015,recomp_q70_p2,70,2
real_00510.jpeg,test,real,0,0,0.000705866958014667,recomp_q70_p2,70,2
real_00106.jpeg,test,real,0,0,0.01019552443176508,recomp_q70_p2,70,2
real_00599.jpeg,test,real,0,0,0.00039350392762571573,recomp_q70_p2,70,2
real_00419.jpeg,test,real,0,0,0.0007379364687949419,recomp_q70_p2,70,2
real_00286.jpeg,test,real,0,0,0.10234434902667999,recomp_q70_p2,70,2
real_00341.jpeg,test,real,0,0,0.010413323529064655,recomp_q70_p2,70,2
real_00263.jpeg,test,real,0,0,0.009110180661082268,recomp_q70_p2,70,2
real_00255.jpeg,test,real,0,1,0.6564190983772278,recomp_q70_p2,70,2
real_00335.jpeg,test,real,0,0,0.0010636821389198303,recomp_q70_p2,70,2
real_00174.jpeg,test,real,0,0,0.001764944288879633,recomp_q70_p2,70,2
real_00243.jpeg,test,real,0,0,0.4210127294063568,recomp_q70_p2,70,2
real_00140.jpeg,test,real,0,0,0.3910861909389496,recomp_q70_p2,70,2
real_00582.jpeg,test,real,0,0,0.0004659111436922103,recomp_q70_p2,70,2
real_00542.jpeg,test,real,0,0,0.4257014989852905,recomp_q70_p2,70,2
real_00547.jpeg,test,real,0,0,8.939851880995775e-08,recomp_q70_p2,70,2
real_00287.jpeg,test,real,0,1,0.5844101309776306,recomp_q70_p2,70,2
real_00144.jpeg,test,real,0,0,0.006561939604580402,recomp_q70_p2,70,2
real_00214.jpeg,test,real,0,0,0.00011145746248075739,recomp_q70_p2,70,2
real_00234.jpeg,test,real,0,0,0.4735974371433258,recomp_q70_p2,70,2
real_00595.jpeg,test,real,0,0,0.0002241298061562702,recomp_q70_p2,70,2
real_00075.jpeg,test,real,0,0,2.2825163981110563e-09,recomp_q70_p2,70,2
real_00295.jpeg,test,real,0,0,0.005983971059322357,recomp_q70_p2,70,2
real_00070.jpeg,test,real,0,0,0.010380038991570473,recomp_q70_p2,70,2
real_00148.jpeg,test,real,0,0,1.2222376000181612e-08,recomp_q70_p2,70,2
real_00491.jpeg,test,real,0,1,0.8852730989456177,recomp_q70_p2,70,2
real_00090.jpeg,test,real,0,0,0.0013863496715202928,recomp_q70_p2,70,2
real_00063.jpeg,test,real,0,0,0.10547846555709839,recomp_q70_p2,70,2
real_00334.jpeg,test,real,0,0,0.00023804300872143358,recomp_q70_p2,70,2
real_00530.jpeg,test,real,0,0,0.0018922688905149698,recomp_q70_p2,70,2
real_00069.jpeg,test,real,0,0,0.004125413950532675,recomp_q70_p2,70,2
real_00109.jpeg,test,real,0,0,3.966094084262295e-07,recomp_q70_p2,70,2
real_00321.jpeg,test,real,0,0,0.1639259308576584,recomp_q70_p2,70,2
real_00126.jpeg,test,real,0,0,0.23997005820274353,recomp_q70_p2,70,2
real_00358.jpeg,test,real,0,0,0.41736888885498047,recomp_q70_p2,70,2
real_00364.jpeg,test,real,0,0,0.00013814825797453523,recomp_q70_p2,70,2
real_00209.jpeg,test,real,0,0,0.035909391939640045,recomp_q70_p2,70,2
real_00292.jpeg,test,real,0,0,0.1502663940191269,recomp_q70_p2,70,2
real_00473.jpeg,test,real,0,0,0.0125770578160882,recomp_q70_p2,70,2
real_00367.jpeg,test,real,0,0,6.0977734392508864e-05,recomp_q70_p2,70,2
real_00228.jpeg,test,real,0,0,0.009691922925412655,recomp_q70_p2,70,2
real_00463.jpeg,test,real,0,0,1.5681531294831075e-05,recomp_q70_p2,70,2
real_00529.jpeg,test,real,0,1,0.9644781947135925,recomp_q70_p2,70,2
real_00376.jpeg,test,real,0,0,4.138827534916345e-06,recomp_q70_p2,70,2
real_00089.jpeg,test,real,0,0,0.017682291567325592,recomp_q70_p2,70,2
real_00409.jpeg,test,real,0,0,2.7394358767196536e-05,recomp_q70_p2,70,2
real_00456.jpeg,test,real,0,0,0.006331002805382013,recomp_q70_p2,70,2
real_00378.jpeg,test,real,0,0,0.08705932646989822,recomp_q70_p2,70,2
real_00596.jpeg,test,real,0,0,0.05463254079222679,recomp_q70_p2,70,2
real_00477.jpeg,test,real,0,0,0.005468823481351137,recomp_q70_p2,70,2
real_00261.jpeg,test,real,0,0,1.4553248774973326e-06,recomp_q70_p2,70,2
real_00273.jpeg,test,real,0,0,0.019810669124126434,recomp_q70_p2,70,2
real_00100.jpeg,test,real,0,0,1.7606181790252862e-10,recomp_q70_p2,70,2
real_00080.jpeg,test,real,0,0,8.673778211232275e-07,recomp_q70_p2,70,2
real_00009.jpeg,test,real,0,1,0.9661616683006287,recomp_q70_p2,70,2
real_00167.jpeg,test,real,0,0,2.8758233128201027e-08,recomp_q70_p2,70,2
real_00571.jpeg,test,real,0,1,0.8835810422897339,recomp_q70_p2,70,2
real_00218.jpeg,test,real,0,0,5.1613213145174086e-05,recomp_q70_p2,70,2
real_00355.jpeg,test,real,0,0,0.017047809436917305,recomp_q70_p2,70,2
real_00406.jpeg,test,real,0,0,0.03517506271600723,recomp_q70_p2,70,2
real_00302.jpeg,test,real,0,0,0.21087615191936493,recomp_q70_p2,70,2
real_00010.jpeg,test,real,0,1,0.8668844103813171,recomp_q70_p2,70,2
real_00405.jpeg,test,real,0,0,0.00022097160399425775,recomp_q70_p2,70,2
real_00447.jpeg,test,real,0,0,0.0001346228236798197,recomp_q70_p2,70,2
real_00379.jpeg,test,real,0,0,0.0037670417223125696,recomp_q70_p2,70,2
real_00319.jpeg,test,real,0,1,0.5572674870491028,recomp_q70_p2,70,2
real_00543.jpeg,test,real,0,0,0.02781536988914013,recomp_q70_p2,70,2
real_00539.jpeg,test,real,0,0,0.05056265369057655,recomp_q70_p2,70,2
real_00579.jpeg,test,real,0,0,0.045144010335206985,recomp_q70_p2,70,2
real_00459.jpeg,test,real,0,1,0.6625671982765198,recomp_q70_p2,70,2
real_00587.jpeg,test,real,0,0,2.113461761155122e-07,recomp_q70_p2,70,2
real_00114.jpeg,test,real,0,0,0.0002814876788761467,recomp_q70_p2,70,2
real_00479.jpeg,test,real,0,0,0.0003201349463779479,recomp_q70_p2,70,2
real_00488.jpeg,test,real,0,0,0.019911490380764008,recomp_q70_p2,70,2
real_00360.jpeg,test,real,0,0,0.00017636398843023926,recomp_q70_p2,70,2
real_00363.jpeg,test,real,0,0,0.16808798909187317,recomp_q70_p2,70,2
real_00350.jpeg,test,real,0,0,1.5535674720013048e-06,recomp_q70_p2,70,2
real_00441.jpeg,test,real,0,1,0.6666642427444458,recomp_q70_p2,70,2
real_00003.jpeg,test,real,0,0,0.49443987011909485,recomp_q70_p2,70,2
real_00217.jpeg,test,real,0,0,9.682210657047108e-05,recomp_q70_p2,70,2
real_00465.jpeg,test,real,0,1,0.9867545962333679,recomp_q70_p2,70,2
real_00442.jpeg,test,real,0,0,0.006111552938818932,recomp_q70_p2,70,2
real_00233.jpeg,test,real,0,0,0.0006084924098104239,recomp_q70_p2,70,2
real_00161.jpeg,test,real,0,0,0.0032230722717940807,recomp_q70_p2,70,2
real_00412.jpeg,test,real,0,0,0.01169552281498909,recomp_q70_p2,70,2
real_00468.jpeg,test,real,0,0,3.254307739553042e-05,recomp_q70_p2,70,2
real_00125.jpeg,test,real,0,0,0.18595324456691742,recomp_q70_p2,70,2
real_00186.jpeg,test,real,0,0,9.968520089387312e-07,recomp_q70_p2,70,2
real_00172.jpeg,test,real,0,0,1.6136142448885948e-06,recomp_q70_p2,70,2
real_00467.jpeg,test,real,0,0,0.003398733912035823,recomp_q70_p2,70,2
real_00323.jpeg,test,real,0,0,2.009421905313502e-06,recomp_q70_p2,70,2
real_00203.jpeg,test,real,0,0,0.005009690299630165,recomp_q70_p2,70,2
real_00552.jpeg,test,real,0,0,0.03049234114587307,recomp_q70_p2,70,2
real_00034.jpeg,test,real,0,0,0.004014031961560249,recomp_q70_p2,70,2
real_00142.jpeg,test,real,0,0,0.2387891560792923,recomp_q70_p2,70,2
real_00059.jpeg,test,real,0,0,9.651118126896563e-09,recomp_q70_p2,70,2
real_00021.jpeg,test,real,0,0,0.10238877683877945,recomp_q70_p2,70,2
real_00525.jpeg,test,real,0,0,0.00045165669871494174,recomp_q70_p2,70,2
real_00275.jpeg,test,real,0,0,0.2673087418079376,recomp_q70_p2,70,2
real_00430.jpeg,test,real,0,0,0.0006504834746010602,recomp_q70_p2,70,2
real_00349.jpeg,test,real,0,0,2.7360140393284382e-06,recomp_q70_p2,70,2
real_00373.jpeg,test,real,0,0,0.1140068992972374,recomp_q70_p2,70,2
real_00078.jpeg,test,real,0,0,0.052566833794116974,recomp_q70_p2,70,2
real_00437.jpeg,test,real,0,0,3.4285974834347144e-05,recomp_q70_p2,70,2
real_00520.jpeg,test,real,0,0,8.833566425892059e-06,recomp_q70_p2,70,2
real_00564.jpeg,test,real,0,0,0.0034350159112364054,recomp_q70_p2,70,2
real_00578.jpeg,test,real,0,0,0.006585876923054457,recomp_q70_p2,70,2
real_00225.jpeg,test,real,0,0,0.0029077206272631884,recomp_q70_p2,70,2
real_00232.jpeg,test,real,0,0,5.2535615395754576e-05,recomp_q70_p2,70,2
real_00194.jpeg,test,real,0,0,1.9633174253019803e-10,recomp_q70_p2,70,2
real_00278.jpeg,test,real,0,0,3.00358806271106e-05,recomp_q70_p2,70,2
real_00168.jpeg,test,real,0,0,2.005047099373769e-05,recomp_q70_p2,70,2
real_00145.jpeg,test,real,0,0,0.4958886504173279,recomp_q70_p2,70,2
real_00495.jpeg,test,real,0,0,6.712334288749844e-05,recomp_q70_p2,70,2
real_00236.jpeg,test,real,0,0,0.0019506197422742844,recomp_q70_p2,70,2
real_00121.jpeg,test,real,0,0,0.0037509065587073565,recomp_q70_p2,70,2
real_00455.jpeg,test,real,0,0,0.058733705431222916,recomp_q70_p2,70,2
real_00177.jpeg,test,real,0,0,0.4765961468219757,recomp_q70_p2,70,2
real_00485.jpeg,test,real,0,0,0.0028562406077980995,recomp_q70_p2,70,2
real_00136.jpeg,test,real,0,0,0.1800183653831482,recomp_q70_p2,70,2
real_00054.jpeg,test,real,0,0,6.148121656224248e-07,recomp_q70_p2,70,2
real_00470.jpeg,test,real,0,0,2.553964577600709e-07,recomp_q70_p2,70,2
real_00118.jpeg,test,real,0,0,4.808676976608695e-07,recomp_q70_p2,70,2
real_00153.jpeg,test,real,0,0,0.0011952781351283193,recomp_q70_p2,70,2
real_00384.jpeg,test,real,0,0,0.0006095001008361578,recomp_q70_p2,70,2
real_00115.jpeg,test,real,0,0,0.01018241886049509,recomp_q70_p2,70,2
real_00101.jpeg,test,real,0,0,0.13836440443992615,recomp_q70_p2,70,2
real_00327.jpeg,test,real,0,0,0.24146519601345062,recomp_q70_p2,70,2
real_00164.jpeg,test,real,0,0,0.009008455090224743,recomp_q70_p2,70,2
real_00538.jpeg,test,real,0,0,0.0003222521336283535,recomp_q70_p2,70,2
real_00049.jpeg,test,real,0,0,0.29331082105636597,recomp_q70_p2,70,2
real_00544.jpeg,test,real,0,0,0.004989208187907934,recomp_q70_p2,70,2
real_00154.jpeg,test,real,0,0,3.1176716674963245e-06,recomp_q70_p2,70,2
real_00215.jpeg,test,real,0,0,0.24798738956451416,recomp_q70_p2,70,2
real_00124.jpeg,test,real,0,0,3.1498766475124285e-06,recomp_q70_p2,70,2
real_00223.jpeg,test,real,0,0,0.014401870779693127,recomp_q70_p2,70,2
real_00065.jpeg,test,real,0,0,0.17678745090961456,recomp_q70_p2,70,2
real_00282.jpeg,test,real,0,0,1.0609150194795802e-05,recomp_q70_p2,70,2
real_00267.jpeg,test,real,0,0,0.0031547273974865675,recomp_q70_p2,70,2
real_00343.jpeg,test,real,0,0,0.040315043181180954,recomp_q70_p2,70,2
real_00421.jpeg,test,real,0,0,1.0248422249725664e-10,recomp_q70_p2,70,2
real_00531.jpeg,test,real,0,0,0.0026274845004081726,recomp_q70_p2,70,2
real_00575.jpeg,test,real,0,0,0.003818242810666561,recomp_q70_p2,70,2
real_00290.jpeg,test,real,0,0,0.00010326546180294827,recomp_q70_p2,70,2
real_00336.jpeg,test,real,0,0,9.647566301396182e-09,recomp_q70_p2,70,2
real_00306.jpeg,test,real,0,0,0.13699911534786224,recomp_q70_p2,70,2
real_00231.jpeg,test,real,0,0,0.000737278547603637,recomp_q70_p2,70,2
real_00002.jpeg,test,real,0,0,0.05480751022696495,recomp_q70_p2,70,2
real_00504.jpeg,test,real,0,0,0.01235066819936037,recomp_q70_p2,70,2
real_00536.jpeg,test,real,0,0,2.6536572477198206e-06,recomp_q70_p2,70,2
real_00362.jpeg,test,real,0,0,0.0016108020208775997,recomp_q70_p2,70,2
real_00199.jpeg,test,real,0,0,0.00622013071551919,recomp_q70_p2,70,2
real_00023.jpeg,test,real,0,0,7.222496606118511e-06,recomp_q70_p2,70,2
real_00433.jpeg,test,real,0,0,0.22924543917179108,recomp_q70_p2,70,2
real_00484.jpeg,test,real,0,1,0.6146040558815002,recomp_q70_p2,70,2
real_00110.jpeg,test,real,0,0,5.8520399761619046e-05,recomp_q70_p2,70,2
real_00305.jpeg,test,real,0,1,0.5942036509513855,recomp_q70_p2,70,2
real_00352.jpeg,test,real,0,0,0.0013995228800922632,recomp_q70_p2,70,2
real_00256.jpeg,test,real,0,0,0.009416301734745502,recomp_q70_p2,70,2
real_00404.jpeg,test,real,0,0,0.0001432056596968323,recomp_q70_p2,70,2
real_00523.jpeg,test,real,0,0,0.12506581842899323,recomp_q70_p2,70,2
real_00513.jpeg,test,real,0,0,0.346578449010849,recomp_q70_p2,70,2
real_00108.jpeg,test,real,0,0,0.01152145303785801,recomp_q70_p2,70,2
real_00119.jpeg,test,real,0,0,0.09073147922754288,recomp_q70_p2,70,2
real_00511.jpeg,test,real,0,0,0.05934176966547966,recomp_q70_p2,70,2
real_00073.jpeg,test,real,0,0,8.195892853279929e-09,recomp_q70_p2,70,2
real_00469.jpeg,test,real,0,0,0.022921686992049217,recomp_q70_p2,70,2
real_00035.jpeg,test,real,0,0,5.052679057371279e-07,recomp_q70_p2,70,2
real_00427.jpeg,test,real,0,0,1.2276179404580034e-05,recomp_q70_p2,70,2
real_00000.jpeg,test,real,0,0,0.0005866546998731792,recomp_q70_p2,70,2
real_00066.jpeg,test,real,0,0,2.4953022148110904e-05,recomp_q70_p2,70,2
real_00052.jpeg,test,real,0,0,1.0685426786949392e-05,recomp_q70_p2,70,2
real_00483.jpeg,test,real,0,0,9.443510862183757e-06,recomp_q70_p2,70,2
real_00020.jpeg,test,real,0,0,0.237311452627182,recomp_q70_p2,70,2
real_00540.jpeg,test,real,0,0,0.0001352625695290044,recomp_q70_p2,70,2
real_00383.jpeg,test,real,0,0,0.0006661044317297637,recomp_q70_p2,70,2
real_00129.jpeg,test,real,0,0,9.75859322238648e-08,recomp_q70_p2,70,2
real_00505.jpeg,test,real,0,0,9.56294765597221e-12,recomp_q70_p2,70,2
real_00517.jpeg,test,real,0,0,0.002295557176694274,recomp_q70_p2,70,2
real_00291.jpeg,test,real,0,0,3.067038778681308e-05,recomp_q70_p2,70,2
real_00328.jpeg,test,real,0,1,0.63893723487854,recomp_q70_p2,70,2
real_00082.jpeg,test,real,0,0,1.0397086924740506e-07,recomp_q70_p2,70,2
real_00413.jpeg,test,real,0,0,0.0030520714353770018,recomp_q70_p2,70,2
real_00201.jpeg,test,real,0,0,0.15100574493408203,recomp_q70_p2,70,2
real_00422.jpeg,test,real,0,1,0.6188129782676697,recomp_q70_p2,70,2
real_00481.jpeg,test,real,0,1,0.9649354219436646,recomp_q70_p2,70,2
real_00249.jpeg,test,real,0,0,3.710105738718994e-05,recomp_q70_p2,70,2
real_00591.jpeg,test,real,0,1,0.8469730019569397,recomp_q70_p2,70,2
real_00103.jpeg,test,real,0,0,0.19403912127017975,recomp_q70_p2,70,2
real_00058.jpeg,test,real,0,0,3.398684356170634e-08,recomp_q70_p2,70,2
real_00029.jpeg,test,real,0,0,0.3132534623146057,recomp_q70_p2,70,2
real_00551.jpeg,test,real,0,0,0.001770871807821095,recomp_q70_p2,70,2
real_00453.jpeg,test,real,0,1,1.0,recomp_q70_p2,70,2
real_00041.jpeg,test,real,0,0,0.00050750543596223,recomp_q70_p2,70,2
real_00316.jpeg,test,real,0,0,0.0008188585052266717,recomp_q70_p2,70,2
real_00449.jpeg,test,real,0,0,0.0019880966283380985,recomp_q70_p2,70,2
real_00198.jpeg,test,real,0,0,0.00401938846334815,recomp_q70_p2,70,2
real_00310.jpeg,test,real,0,0,0.012760515324771404,recomp_q70_p2,70,2
real_00205.jpeg,test,real,0,0,5.339694325812161e-05,recomp_q70_p2,70,2
real_00011.jpeg,test,real,0,0,0.04262209311127663,recomp_q70_p2,70,2
real_00556.jpeg,test,real,0,0,0.0018816683441400528,recomp_q70_p2,70,2
real_00294.jpeg,test,real,0,0,0.00018767158326227218,recomp_q70_p2,70,2
real_00112.jpeg,test,real,0,1,0.9388493895530701,recomp_q70_p2,70,2
real_00170.jpeg,test,real,0,0,0.0005884745041839778,recomp_q70_p2,70,2
real_00569.jpeg,test,real,0,0,5.713467885470891e-07,recomp_q70_p2,70,2
real_00318.jpeg,test,real,0,0,0.0005189790390431881,recomp_q70_p2,70,2
real_00397.jpeg,test,real,0,0,0.00021016024402342737,recomp_q70_p2,70,2
real_00014.jpeg,test,real,0,0,0.01256176084280014,recomp_q70_p2,70,2
real_00196.jpeg,test,real,0,0,2.185049733524638e-16,recomp_q70_p2,70,2
real_00191.jpeg,test,real,0,1,0.7062275409698486,recomp_q70_p2,70,2
real_00192.jpeg,test,real,0,0,2.23788294562155e-08,recomp_q70_p2,70,2
real_00353.jpeg,test,real,0,1,0.82875657081604,recomp_q70_p2,70,2
real_00254.jpeg,test,real,0,0,1.3037928511039354e-05,recomp_q70_p2,70,2
real_00169.jpeg,test,real,0,0,5.27234351466177e-06,recomp_q70_p2,70,2
real_00370.jpeg,test,real,0,0,1.6176751604923822e-10,recomp_q70_p2,70,2
real_00004.jpeg,test,real,0,0,0.027011621743440628,recomp_q70_p2,70,2
real_00368.jpeg,test,real,0,0,0.12927135825157166,recomp_q70_p2,70,2
real_00417.jpeg,test,real,0,0,0.28822916746139526,recomp_q70_p2,70,2
real_00333.jpeg,test,real,0,0,2.3556436644867063e-05,recomp_q70_p2,70,2
real_00123.jpeg,test,real,0,0,0.0034418683499097824,recomp_q70_p2,70,2
real_00380.jpeg,test,real,0,0,2.0528963773358555e-07,recomp_q70_p2,70,2
real_00179.jpeg,test,real,0,0,0.00025142397498711944,recomp_q70_p2,70,2
real_00400.jpeg,test,real,0,0,0.0015750712482258677,recomp_q70_p2,70,2
real_00369.jpeg,test,real,0,0,0.16210350394248962,recomp_q70_p2,70,2
real_00051.jpeg,test,real,0,0,0.41268089413642883,recomp_q70_p2,70,2
real_00097.jpeg,test,real,0,0,4.778491529577877e-06,recomp_q70_p2,70,2
real_00515.jpeg,test,real,0,0,0.007471887394785881,recomp_q70_p2,70,2
real_00446.jpeg,test,real,0,0,0.005515932105481625,recomp_q70_p2,70,2
real_00155.jpeg,test,real,0,0,0.01403124537318945,recomp_q70_p2,70,2
real_00277.jpeg,test,real,0,0,0.0003882427990902215,recomp_q70_p2,70,2
real_00098.jpeg,test,real,0,0,5.425764175015502e-05,recomp_q70_p2,70,2
real_00107.jpeg,test,real,0,1,0.6490960121154785,recomp_q70_p2,70,2
real_00087.jpeg,test,real,0,0,6.396292974386597e-06,recomp_q70_p2,70,2
real_00565.jpeg,test,real,0,0,1.0800351901707472e-06,recomp_q70_p2,70,2
real_00280.jpeg,test,real,0,0,1.7343843410344562e-06,recomp_q70_p2,70,2
real_00507.jpeg,test,real,0,0,3.8645545430426864e-08,recomp_q70_p2,70,2
real_00326.jpeg,test,real,0,0,0.13374419510364532,recomp_q70_p2,70,2
real_00244.jpeg,test,real,0,0,4.347930232539467e-15,recomp_q70_p2,70,2
real_00033.jpeg,test,real,0,0,0.005239537451416254,recomp_q70_p2,70,2
real_00064.jpeg,test,real,0,0,4.092823649437527e-11,recomp_q70_p2,70,2
real_00013.jpeg,test,real,0,0,1.480527611619209e-08,recomp_q70_p2,70,2
real_00183.jpeg,test,real,0,0,0.43536487221717834,recomp_q70_p2,70,2
real_00030.jpeg,test,real,0,0,6.183335244713817e-06,recomp_q70_p2,70,2
real_00474.jpeg,test,real,0,0,0.0007624650024808943,recomp_q70_p2,70,2
real_00558.jpeg,test,real,0,0,0.015291648916900158,recomp_q70_p2,70,2
real_00088.jpeg,test,real,0,0,0.025271475315093994,recomp_q70_p2,70,2
real_00436.jpeg,test,real,0,1,0.670789897441864,recomp_q70_p2,70,2
real_00518.jpeg,test,real,0,0,7.090260623954237e-05,recomp_q70_p2,70,2
real_00111.jpeg,test,real,0,0,0.0002843018155544996,recomp_q70_p2,70,2
real_00122.jpeg,test,real,0,0,0.18412958085536957,recomp_q70_p2,70,2
real_00461.jpeg,test,real,0,0,0.022324413061141968,recomp_q70_p2,70,2
real_00239.jpeg,test,real,0,0,0.0010479999473318458,recomp_q70_p2,70,2
real_00408.jpeg,test,real,0,0,3.351327177369967e-05,recomp_q70_p2,70,2
real_00460.jpeg,test,real,0,0,0.0367983914911747,recomp_q70_p2,70,2
real_00138.jpeg,test,real,0,0,0.00317734619602561,recomp_q70_p2,70,2
real_00429.jpeg,test,real,0,0,0.0007369719678536057,recomp_q70_p2,70,2
real_00462.jpeg,test,real,0,0,3.5288872518579595e-11,recomp_q70_p2,70,2
real_00113.jpeg,test,real,0,1,0.6188784837722778,recomp_q70_p2,70,2
real_00391.jpeg,test,real,0,0,5.5267497373279184e-05,recomp_q70_p2,70,2
real_00303.jpeg,test,real,0,0,3.684388957481133e-06,recomp_q70_p2,70,2
real_00592.jpeg,test,real,0,0,1.4193292691415658e-17,recomp_q70_p2,70,2
real_00157.jpeg,test,real,0,0,0.016217190772294998,recomp_q70_p2,70,2
real_00475.jpeg,test,real,0,0,6.971584753046045e-06,recomp_q70_p2,70,2
real_00071.jpeg,test,real,0,0,0.17769895493984222,recomp_q70_p2,70,2
real_00235.jpeg,test,real,0,0,7.026412640698254e-05,recomp_q70_p2,70,2
real_00067.jpeg,test,real,0,0,6.511418177979067e-05,recomp_q70_p2,70,2
real_00502.jpeg,test,real,0,0,0.0025066945236176252,recomp_q70_p2,70,2
real_00099.jpeg,test,real,0,0,0.0005775027675554156,recomp_q70_p2,70,2
real_00508.jpeg,test,real,0,0,0.002600141568109393,recomp_q70_p2,70,2
real_00036.jpeg,test,real,0,0,0.0015170585829764605,recomp_q70_p2,70,2
real_00149.jpeg,test,real,0,0,1.417574964079904e-07,recomp_q70_p2,70,2
real_00220.jpeg,test,real,0,0,0.003350614570081234,recomp_q70_p2,70,2
real_00418.jpeg,test,real,0,0,0.001046313438564539,recomp_q70_p2,70,2
real_00466.jpeg,test,real,0,0,0.11890570819377899,recomp_q70_p2,70,2
real_00120.jpeg,test,real,0,0,0.00304109207354486,recomp_q70_p2,70,2
real_00139.jpeg,test,real,0,0,0.07746925204992294,recomp_q70_p2,70,2
real_00589.jpeg,test,real,0,1,0.9872838258743286,recomp_q70_p2,70,2
real_00276.jpeg,test,real,0,0,0.08928555995225906,recomp_q70_p2,70,2
real_00377.jpeg,test,real,0,0,0.14107109606266022,recomp_q70_p2,70,2
real_00175.jpeg,test,real,0,0,0.17425984144210815,recomp_q70_p2,70,2
real_00001.jpeg,test,real,0,0,0.17626197636127472,recomp_q70_p2,70,2
real_00424.jpeg,test,real,0,0,2.0175319150439464e-05,recomp_q70_p2,70,2
real_00197.jpeg,test,real,0,0,2.4639113689772785e-05,recomp_q70_p2,70,2
real_00246.jpeg,test,real,0,0,0.003714964259415865,recomp_q70_p2,70,2
real_00325.jpeg,test,real,0,0,0.00677080312743783,recomp_q70_p2,70,2
real_00150.jpeg,test,real,0,0,6.071140745689263e-08,recomp_q70_p2,70,2
real_00501.jpeg,test,real,0,0,9.589305591362063e-06,recomp_q70_p2,70,2
real_00428.jpeg,test,real,0,0,0.022954288870096207,recomp_q70_p2,70,2
real_00222.jpeg,test,real,0,0,0.25191399455070496,recomp_q70_p2,70,2
real_00045.jpeg,test,real,0,0,0.00921708345413208,recomp_q70_p2,70,2
real_00338.jpeg,test,real,0,0,0.00019952470029238611,recomp_q70_p2,70,2
real_00390.jpeg,test,real,0,0,0.0006832369836047292,recomp_q70_p2,70,2
real_00062.jpeg,test,real,0,0,0.10350605845451355,recomp_q70_p2,70,2
real_00426.jpeg,test,real,0,0,0.0001027738835546188,recomp_q70_p2,70,2
real_00247.jpeg,test,real,0,0,0.04679597169160843,recomp_q70_p2,70,2
real_00152.jpeg,test,real,0,0,0.006757247727364302,recomp_q70_p2,70,2
real_00156.jpeg,test,real,0,0,0.00043260629172436893,recomp_q70_p2,70,2
real_00084.jpeg,test,real,0,0,0.02465779520571232,recomp_q70_p2,70,2
real_00212.jpeg,test,real,0,0,0.09907947480678558,recomp_q70_p2,70,2
real_00184.jpeg,test,real,0,0,0.016830500215291977,recomp_q70_p2,70,2
real_00309.jpeg,test,real,0,0,0.002481751376762986,recomp_q70_p2,70,2
real_00423.jpeg,test,real,0,0,0.44366809725761414,recomp_q70_p2,70,2
real_00095.jpeg,test,real,0,0,0.000487304525449872,recomp_q70_p2,70,2
real_00264.jpeg,test,real,0,0,0.004850940313190222,recomp_q70_p2,70,2
real_00105.jpeg,test,real,0,0,0.02925695665180683,recomp_q70_p2,70,2
real_00024.jpeg,test,real,0,0,5.807816094716145e-08,recomp_q70_p2,70,2
real_00293.jpeg,test,real,0,0,6.4228343035210855e-06,recomp_q70_p2,70,2
real_00311.jpeg,test,real,0,0,0.0003486530913505703,recomp_q70_p2,70,2
real_00032.jpeg,test,real,0,0,0.09432792663574219,recomp_q70_p2,70,2
real_00374.jpeg,test,real,0,0,3.762790220207535e-05,recomp_q70_p2,70,2
real_00492.jpeg,test,real,0,0,0.0015426839236170053,recomp_q70_p2,70,2
real_00162.jpeg,test,real,0,0,0.006211018189787865,recomp_q70_p2,70,2
real_00588.jpeg,test,real,0,0,0.002466409234330058,recomp_q70_p2,70,2
real_00411.jpeg,test,real,0,0,0.004397070500999689,recomp_q70_p2,70,2
real_00241.jpeg,test,real,0,0,0.12991981208324432,recomp_q70_p2,70,2
real_00432.jpeg,test,real,0,1,0.6519325375556946,recomp_q70_p2,70,2
real_00025.jpeg,test,real,0,0,0.004054434131830931,recomp_q70_p2,70,2
real_00079.jpeg,test,real,0,1,0.7412674427032471,recomp_q70_p2,70,2
real_00351.jpeg,test,real,0,0,0.11852142214775085,recomp_q70_p2,70,2
real_00590.jpeg,test,real,0,0,1.6035160399496817e-07,recomp_q70_p2,70,2
real_00240.jpeg,test,real,0,0,0.0007667782483622432,recomp_q70_p2,70,2
real_00583.jpeg,test,real,0,0,0.0005670462269335985,recomp_q70_p2,70,2
real_00116.jpeg,test,real,0,0,0.24717757105827332,recomp_q70_p2,70,2
real_00081.jpeg,test,real,0,0,0.004445158410817385,recomp_q70_p2,70,2
real_00224.jpeg,test,real,0,0,0.06161625310778618,recomp_q70_p2,70,2
real_00372.jpeg,test,real,0,0,0.008124958723783493,recomp_q70_p2,70,2
real_00074.jpeg,test,real,0,0,0.0005041105323471129,recomp_q70_p2,70,2
real_00555.jpeg,test,real,0,0,4.498157522903057e-06,recomp_q70_p2,70,2
real_00399.jpeg,test,real,0,0,2.1906016627326608e-05,recomp_q70_p2,70,2
real_00308.jpeg,test,real,0,0,0.04168519377708435,recomp_q70_p2,70,2
real_00132.jpeg,test,real,0,0,0.0770111009478569,recomp_q70_p2,70,2
real_00478.jpeg,test,real,0,0,0.0002127708721673116,recomp_q70_p2,70,2
real_00435.jpeg,test,real,0,0,0.0005301130586303771,recomp_q70_p2,70,2
real_00072.jpeg,test,real,0,0,0.019170375540852547,recomp_q70_p2,70,2
real_00037.jpeg,test,real,0,1,0.7431089282035828,recomp_q70_p2,70,2
real_00272.jpeg,test,real,0,1,0.9198310375213623,recomp_q70_p2,70,2
real_00102.jpeg,test,real,0,0,0.03154829144477844,recomp_q70_p2,70,2
real_00044.jpeg,test,real,0,0,0.12801718711853027,recomp_q70_p2,70,2
real_00546.jpeg,test,real,0,0,0.040630605071783066,recomp_q70_p2,70,2
real_00146.jpeg,test,real,0,0,0.0017151272622868419,recomp_q70_p2,70,2
real_00361.jpeg,test,real,0,0,0.013801711611449718,recomp_q70_p2,70,2
real_00498.jpeg,test,real,0,0,0.11053774505853653,recomp_q70_p2,70,2
real_00567.jpeg,test,real,0,0,3.5595674034993863e-06,recomp_q70_p2,70,2
real_00229.jpeg,test,real,0,0,0.004085100721567869,recomp_q70_p2,70,2
real_00573.jpeg,test,real,0,0,7.322125020436943e-05,recomp_q70_p2,70,2
real_00452.jpeg,test,real,0,0,0.14462412893772125,recomp_q70_p2,70,2
real_00258.jpeg,test,real,0,0,0.005422474816441536,recomp_q70_p2,70,2
real_00581.jpeg,test,real,0,0,0.008920974098145962,recomp_q70_p2,70,2
real_00340.jpeg,test,real,0,0,0.3429272472858429,recomp_q70_p2,70,2
real_00516.jpeg,test,real,0,0,5.337221864465391e-08,recomp_q70_p2,70,2
real_00524.jpeg,test,real,0,0,0.0013356806011870503,recomp_q70_p2,70,2
real_00554.jpeg,test,real,0,0,0.003232633927837014,recomp_q70_p2,70,2
real_00299.jpeg,test,real,0,0,2.5121297042574042e-08,recomp_q70_p2,70,2
real_00439.jpeg,test,real,0,0,0.00031141703948378563,recomp_q70_p2,70,2
real_00166.jpeg,test,real,0,0,1.689704913587775e-05,recomp_q70_p2,70,2
real_00392.jpeg,test,real,0,0,0.003758839098736644,recomp_q70_p2,70,2
real_00086.jpeg,test,real,0,0,2.102953294524923e-05,recomp_q70_p2,70,2
real_00537.jpeg,test,real,0,0,0.3414987027645111,recomp_q70_p2,70,2
real_00431.jpeg,test,real,0,0,4.080081907886779e-06,recomp_q70_p2,70,2
real_00389.jpeg,test,real,0,0,4.48032082545069e-08,recomp_q70_p2,70,2
real_00534.jpeg,test,real,0,0,1.6504063751199283e-05,recomp_q70_p2,70,2
real_00541.jpeg,test,real,0,0,7.71485488826329e-08,recomp_q70_p2,70,2
real_00094.jpeg,test,real,0,1,0.9747813940048218,recomp_q70_p2,70,2
real_00226.jpeg,test,real,0,0,0.00036826456198468804,recomp_q70_p2,70,2
real_00200.jpeg,test,real,0,0,0.007023591082543135,recomp_q70_p2,70,2
real_00330.jpeg,test,real,0,0,4.631657793652266e-05,recomp_q70_p2,70,2
real_00091.jpeg,test,real,0,0,0.04288654401898384,recomp_q70_p2,70,2
real_00472.jpeg,test,real,0,0,2.96200841631844e-10,recomp_q70_p2,70,2
real_00493.jpeg,test,real,0,0,0.00010853313870029524,recomp_q70_p2,70,2
real_00053.jpeg,test,real,0,0,7.131127972570539e-07,recomp_q70_p2,70,2
real_00298.jpeg,test,real,0,0,0.14210636913776398,recomp_q70_p2,70,2
real_00366.jpeg,test,real,0,0,0.00019151857122778893,recomp_q70_p2,70,2
real_00182.jpeg,test,real,0,0,4.8516347305849195e-05,recomp_q70_p2,70,2
real_00490.jpeg,test,real,0,0,0.009440935216844082,recomp_q70_p2,70,2
real_00593.jpeg,test,real,0,0,0.34679022431373596,recomp_q70_p2,70,2
real_00137.jpeg,test,real,0,0,0.0006394049851223826,recomp_q70_p2,70,2
real_00314.jpeg,test,real,0,0,0.08293638378381729,recomp_q70_p2,70,2
real_00471.jpeg,test,real,0,0,0.00210185325704515,recomp_q70_p2,70,2
real_00365.jpeg,test,real,0,0,0.0018750454764813185,recomp_q70_p2,70,2
real_00042.jpeg,test,real,0,0,2.1289771723331796e-08,recomp_q70_p2,70,2
real_00448.jpeg,test,real,0,0,0.11896097660064697,recomp_q70_p2,70,2
real_00188.jpeg,test,real,0,0,5.47640556760598e-05,recomp_q70_p2,70,2
real_00245.jpeg,test,real,0,0,0.0006665342370979488,recomp_q70_p2,70,2
real_00509.jpeg,test,real,0,0,1.4294620086729992e-05,recomp_q70_p2,70,2
real_00265.jpeg,test,real,0,0,0.0019503829535096884,recomp_q70_p2,70,2
real_00443.jpeg,test,real,0,0,0.0036545994225889444,recomp_q70_p2,70,2
real_00284.jpeg,test,real,0,0,0.0054655359126627445,recomp_q70_p2,70,2
real_00386.jpeg,test,real,0,0,6.211373147380073e-06,recomp_q70_p2,70,2
real_00548.jpeg,test,real,0,0,1.3568576378020225e-06,recomp_q70_p2,70,2
real_00487.jpeg,test,real,0,0,0.002323357155546546,recomp_q70_p2,70,2
real_00549.jpeg,test,real,0,1,0.5348372459411621,recomp_q70_p2,70,2
real_00315.jpeg,test,real,0,0,7.194309000624344e-05,recomp_q70_p2,70,2
real_00464.jpeg,test,real,0,0,0.0014635482802987099,recomp_q70_p2,70,2
midjourney_00068.png,test,midjourney,1,0,0.0009942202595993876,recomp_q70_p2,70,2
vqdm_00062.png,test,vqdm,1,1,0.5560699701309204,recomp_q70_p2,70,2
adm_00019.png,test,adm,1,1,0.9875160455703735,recomp_q70_p2,70,2
midjourney_00077.png,test,midjourney,1,0,0.0006208124686963856,recomp_q70_p2,70,2
adm_00074.png,test,adm,1,1,0.9999417066574097,recomp_q70_p2,70,2
wukong_00038.png,test,wukong,1,1,0.9999104738235474,recomp_q70_p2,70,2
biggan_00049.png,test,biggan,1,0,0.23132945597171783,recomp_q70_p2,70,2
midjourney_00036.png,test,midjourney,1,0,0.21679602563381195,recomp_q70_p2,70,2
glide_00074.png,test,glide,1,1,0.516948938369751,recomp_q70_p2,70,2
sdv5_00043.png,test,sdv5,1,0,0.29328784346580505,recomp_q70_p2,70,2
wukong_00067.png,test,wukong,1,1,0.9943864345550537,recomp_q70_p2,70,2
vqdm_00041.png,test,vqdm,1,1,0.7128601670265198,recomp_q70_p2,70,2
wukong_00066.png,test,wukong,1,0,0.1920655369758606,recomp_q70_p2,70,2
vqdm_00061.png,test,vqdm,1,1,1.0,recomp_q70_p2,70,2
biggan_00010.png,test,biggan,1,0,0.3073061406612396,recomp_q70_p2,70,2
midjourney_00011.png,test,midjourney,1,1,0.9993444085121155,recomp_q70_p2,70,2
adm_00067.png,test,adm,1,1,0.9997953772544861,recomp_q70_p2,70,2
adm_00063.png,test,adm,1,1,0.9974144697189331,recomp_q70_p2,70,2
wukong_00015.png,test,wukong,1,1,0.9637840986251831,recomp_q70_p2,70,2
vqdm_00004.png,test,vqdm,1,0,0.45157453417778015,recomp_q70_p2,70,2
midjourney_00005.png,test,midjourney,1,1,0.5002894401550293,recomp_q70_p2,70,2
adm_00014.png,test,adm,1,1,0.9999966621398926,recomp_q70_p2,70,2
glide_00069.png,test,glide,1,0,0.083164744079113,recomp_q70_p2,70,2
vqdm_00010.png,test,vqdm,1,1,1.0,recomp_q70_p2,70,2
sdv5_00046.png,test,sdv5,1,1,0.9968680739402771,recomp_q70_p2,70,2
wukong_00023.png,test,wukong,1,1,0.885310173034668,recomp_q70_p2,70,2
midjourney_00074.png,test,midjourney,1,1,0.7514462471008301,recomp_q70_p2,70,2
midjourney_00039.png,test,midjourney,1,1,0.880338191986084,recomp_q70_p2,70,2
vqdm_00024.png,test,vqdm,1,1,0.9311540126800537,recomp_q70_p2,70,2
wukong_00075.png,test,wukong,1,1,0.9008994102478027,recomp_q70_p2,70,2
biggan_00050.png,test,biggan,1,1,0.9433837532997131,recomp_q70_p2,70,2
midjourney_00059.png,test,midjourney,1,1,0.8271549940109253,recomp_q70_p2,70,2
biggan_00029.png,test,biggan,1,0,0.0006343672284856439,recomp_q70_p2,70,2
sdv5_00039.png,test,sdv5,1,1,0.9537258148193359,recomp_q70_p2,70,2
glide_00061.png,test,glide,1,0,0.042715977877378464,recomp_q70_p2,70,2
biggan_00012.png,test,biggan,1,0,0.009524383582174778,recomp_q70_p2,70,2
biggan_00080.png,test,biggan,1,1,0.9999523162841797,recomp_q70_p2,70,2
glide_00053.png,test,glide,1,0,0.4128248393535614,recomp_q70_p2,70,2
vqdm_00006.png,test,vqdm,1,1,0.6903332471847534,recomp_q70_p2,70,2
adm_00023.png,test,adm,1,1,0.9999996423721313,recomp_q70_p2,70,2
sdv5_00054.png,test,sdv5,1,1,0.9936327338218689,recomp_q70_p2,70,2
midjourney_00021.png,test,midjourney,1,1,0.9929043650627136,recomp_q70_p2,70,2
vqdm_00065.png,test,vqdm,1,0,0.02158883959054947,recomp_q70_p2,70,2
biggan_00055.png,test,biggan,1,0,0.03517559915781021,recomp_q70_p2,70,2
wukong_00003.png,test,wukong,1,1,0.9986979961395264,recomp_q70_p2,70,2
biggan_00022.png,test,biggan,1,0,0.0023652655072510242,recomp_q70_p2,70,2
biggan_00081.png,test,biggan,1,0,0.25132688879966736,recomp_q70_p2,70,2
vqdm_00049.png,test,vqdm,1,1,0.8372535109519958,recomp_q70_p2,70,2
sdv5_00076.png,test,sdv5,1,1,0.9997673630714417,recomp_q70_p2,70,2
vqdm_00011.png,test,vqdm,1,1,0.8212506175041199,recomp_q70_p2,70,2
adm_00039.png,test,adm,1,1,1.0,recomp_q70_p2,70,2
glide_00023.png,test,glide,1,0,0.2021877020597458,recomp_q70_p2,70,2
sdv5_00063.png,test,sdv5,1,1,0.9970517158508301,recomp_q70_p2,70,2
biggan_00059.png,test,biggan,1,1,0.6906024217605591,recomp_q70_p2,70,2
glide_00015.png,test,glide,1,1,0.9926446676254272,recomp_q70_p2,70,2
wukong_00047.png,test,wukong,1,1,0.8303510546684265,recomp_q70_p2,70,2
vqdm_00037.png,test,vqdm,1,1,0.9682695269584656,recomp_q70_p2,70,2
wukong_00080.png,test,wukong,1,1,0.9999756813049316,recomp_q70_p2,70,2
midjourney_00076.png,test,midjourney,1,1,0.9967040419578552,recomp_q70_p2,70,2
sdv5_00061.png,test,sdv5,1,1,0.9999970197677612,recomp_q70_p2,70,2
adm_00029.png,test,adm,1,1,0.9987151622772217,recomp_q70_p2,70,2
glide_00039.png,test,glide,1,1,0.9871588945388794,recomp_q70_p2,70,2
adm_00072.png,test,adm,1,1,0.7623240947723389,recomp_q70_p2,70,2
sdv5_00051.png,test,sdv5,1,1,0.9999990463256836,recomp_q70_p2,70,2
sdv5_00066.png,test,sdv5,1,1,0.8758108019828796,recomp_q70_p2,70,2
midjourney_00078.png,test,midjourney,1,1,0.9999758005142212,recomp_q70_p2,70,2
vqdm_00017.png,test,vqdm,1,0,0.031790316104888916,recomp_q70_p2,70,2
sdv5_00073.png,test,sdv5,1,1,0.9922757744789124,recomp_q70_p2,70,2
midjourney_00045.png,test,midjourney,1,1,0.7854217886924744,recomp_q70_p2,70,2
vqdm_00073.png,test,vqdm,1,0,0.2842443585395813,recomp_q70_p2,70,2
sdv5_00008.png,test,sdv5,1,1,0.9999551773071289,recomp_q70_p2,70,2
midjourney_00061.png,test,midjourney,1,0,0.016678806394338608,recomp_q70_p2,70,2
adm_00015.png,test,adm,1,1,0.9999977350234985,recomp_q70_p2,70,2
vqdm_00068.png,test,vqdm,1,0,0.19797642529010773,recomp_q70_p2,70,2
midjourney_00053.png,test,midjourney,1,1,0.9999902248382568,recomp_q70_p2,70,2
sdv5_00050.png,test,sdv5,1,1,0.9983275532722473,recomp_q70_p2,70,2
glide_00050.png,test,glide,1,1,0.9434645175933838,recomp_q70_p2,70,2
midjourney_00069.png,test,midjourney,1,1,0.5077724456787109,recomp_q70_p2,70,2
glide_00038.png,test,glide,1,1,0.6827773451805115,recomp_q70_p2,70,2
biggan_00011.png,test,biggan,1,0,0.004018744919449091,recomp_q70_p2,70,2
biggan_00082.png,test,biggan,1,1,0.9871340394020081,recomp_q70_p2,70,2
wukong_00005.png,test,wukong,1,1,0.9999154806137085,recomp_q70_p2,70,2
wukong_00014.png,test,wukong,1,1,0.9998865127563477,recomp_q70_p2,70,2
midjourney_00071.png,test,midjourney,1,0,0.006040643900632858,recomp_q70_p2,70,2
midjourney_00009.png,test,midjourney,1,1,0.6307340860366821,recomp_q70_p2,70,2
midjourney_00044.png,test,midjourney,1,1,0.9629860520362854,recomp_q70_p2,70,2
biggan_00017.png,test,biggan,1,1,0.8801602125167847,recomp_q70_p2,70,2
glide_00082.png,test,glide,1,0,0.2204827070236206,recomp_q70_p2,70,2
glide_00037.png,test,glide,1,0,0.10472606122493744,recomp_q70_p2,70,2
adm_00027.png,test,adm,1,1,0.9997188448905945,recomp_q70_p2,70,2
midjourney_00024.png,test,midjourney,1,1,0.9999710321426392,recomp_q70_p2,70,2
glide_00033.png,test,glide,1,1,0.8063128590583801,recomp_q70_p2,70,2
midjourney_00007.png,test,midjourney,1,1,0.9780583381652832,recomp_q70_p2,70,2
sdv5_00072.png,test,sdv5,1,1,0.6104960441589355,recomp_q70_p2,70,2
wukong_00022.png,test,wukong,1,1,0.9973474740982056,recomp_q70_p2,70,2
vqdm_00032.png,test,vqdm,1,0,0.0005211137467995286,recomp_q70_p2,70,2
glide_00009.png,test,glide,1,1,0.9864009022712708,recomp_q70_p2,70,2
biggan_00030.png,test,biggan,1,0,0.033592648804187775,recomp_q70_p2,70,2
wukong_00057.png,test,wukong,1,1,0.9771754741668701,recomp_q70_p2,70,2
adm_00079.png,test,adm,1,1,0.9999686479568481,recomp_q70_p2,70,2
vqdm_00031.png,test,vqdm,1,1,0.9956722259521484,recomp_q70_p2,70,2
glide_00010.png,test,glide,1,1,1.0,recomp_q70_p2,70,2
wukong_00009.png,test,wukong,1,1,0.9956046342849731,recomp_q70_p2,70,2
glide_00013.png,test,glide,1,0,0.07533518970012665,recomp_q70_p2,70,2
vqdm_00023.png,test,vqdm,1,0,0.20739741623401642,recomp_q70_p2,70,2
sdv5_00011.png,test,sdv5,1,1,0.8770372867584229,recomp_q70_p2,70,2
sdv5_00047.png,test,sdv5,1,1,0.999953031539917,recomp_q70_p2,70,2
sdv5_00009.png,test,sdv5,1,1,0.95123291015625,recomp_q70_p2,70,2
sdv5_00010.png,test,sdv5,1,1,0.9738232493400574,recomp_q70_p2,70,2
glide_00076.png,test,glide,1,1,0.8042195439338684,recomp_q70_p2,70,2
adm_00081.png,test,adm,1,1,0.9991734623908997,recomp_q70_p2,70,2
sdv5_00023.png,test,sdv5,1,1,0.9999057054519653,recomp_q70_p2,70,2
biggan_00003.png,test,biggan,1,0,0.055014438927173615,recomp_q70_p2,70,2
wukong_00061.png,test,wukong,1,1,0.8055452704429626,recomp_q70_p2,70,2
adm_00085.png,test,adm,1,0,0.40257713198661804,recomp_q70_p2,70,2
midjourney_00014.png,test,midjourney,1,1,0.9448389410972595,recomp_q70_p2,70,2
vqdm_00042.png,test,vqdm,1,1,0.5649174451828003,recomp_q70_p2,70,2
wukong_00076.png,test,wukong,1,1,0.9993100166320801,recomp_q70_p2,70,2
vqdm_00035.png,test,vqdm,1,0,0.02968696691095829,recomp_q70_p2,70,2
sdv5_00037.png,test,sdv5,1,1,0.8963584303855896,recomp_q70_p2,70,2
biggan_00000.png,test,biggan,1,0,0.09845554083585739,recomp_q70_p2,70,2
sdv5_00053.png,test,sdv5,1,1,0.999995231628418,recomp_q70_p2,70,2
midjourney_00034.png,test,midjourney,1,1,0.9948614239692688,recomp_q70_p2,70,2
wukong_00033.png,test,wukong,1,1,0.9425156712532043,recomp_q70_p2,70,2
glide_00011.png,test,glide,1,1,0.5116432905197144,recomp_q70_p2,70,2
glide_00008.png,test,glide,1,1,0.9153256416320801,recomp_q70_p2,70,2
adm_00044.png,test,adm,1,1,0.9125167727470398,recomp_q70_p2,70,2
sdv5_00029.png,test,sdv5,1,1,0.9999728202819824,recomp_q70_p2,70,2
sdv5_00081.png,test,sdv5,1,1,0.9999750852584839,recomp_q70_p2,70,2
sdv5_00040.png,test,sdv5,1,1,0.7402950525283813,recomp_q70_p2,70,2
adm_00042.png,test,adm,1,1,0.9459196925163269,recomp_q70_p2,70,2
sdv5_00059.png,test,sdv5,1,1,0.9513635039329529,recomp_q70_p2,70,2
wukong_00017.png,test,wukong,1,1,0.9999009370803833,recomp_q70_p2,70,2
wukong_00058.png,test,wukong,1,1,0.9999816417694092,recomp_q70_p2,70,2
adm_00086.png,test,adm,1,1,0.9999281167984009,recomp_q70_p2,70,2
midjourney_00049.png,test,midjourney,1,1,0.9791229963302612,recomp_q70_p2,70,2
midjourney_00065.png,test,midjourney,1,1,0.9999998807907104,recomp_q70_p2,70,2
midjourney_00006.png,test,midjourney,1,1,0.9813076257705688,recomp_q70_p2,70,2
wukong_00079.png,test,wukong,1,1,0.9987756609916687,recomp_q70_p2,70,2
sdv5_00085.png,test,sdv5,1,1,0.9999961853027344,recomp_q70_p2,70,2
sdv5_00065.png,test,sdv5,1,1,0.9523828625679016,recomp_q70_p2,70,2
wukong_00037.png,test,wukong,1,1,0.9858875870704651,recomp_q70_p2,70,2
biggan_00032.png,test,biggan,1,0,0.029125720262527466,recomp_q70_p2,70,2
wukong_00011.png,test,wukong,1,1,0.9999161958694458,recomp_q70_p2,70,2
biggan_00053.png,test,biggan,1,1,0.9999816417694092,recomp_q70_p2,70,2
sdv5_00005.png,test,sdv5,1,1,0.9699245691299438,recomp_q70_p2,70,2
adm_00057.png,test,adm,1,1,0.8247345685958862,recomp_q70_p2,70,2
wukong_00024.png,test,wukong,1,1,0.9828068017959595,recomp_q70_p2,70,2
glide_00056.png,test,glide,1,1,0.9992857575416565,recomp_q70_p2,70,2
adm_00004.png,test,adm,1,1,1.0,recomp_q70_p2,70,2
midjourney_00081.png,test,midjourney,1,0,0.00025746336905285716,recomp_q70_p2,70,2
sdv5_00083.png,test,sdv5,1,0,0.020879633724689484,recomp_q70_p2,70,2
glide_00042.png,test,glide,1,1,0.8767445087432861,recomp_q70_p2,70,2
glide_00029.png,test,glide,1,0,0.20553551614284515,recomp_q70_p2,70,2
vqdm_00022.png,test,vqdm,1,1,0.7543463110923767,recomp_q70_p2,70,2
adm_00007.png,test,adm,1,1,0.894230842590332,recomp_q70_p2,70,2
vqdm_00082.png,test,vqdm,1,0,0.0232649277895689,recomp_q70_p2,70,2
glide_00052.png,test,glide,1,1,0.9982457160949707,recomp_q70_p2,70,2
adm_00066.png,test,adm,1,1,0.9437115788459778,recomp_q70_p2,70,2
sdv5_00026.png,test,sdv5,1,0,0.29168468713760376,recomp_q70_p2,70,2
wukong_00004.png,test,wukong,1,1,0.9999964237213135,recomp_q70_p2,70,2
wukong_00034.png,test,wukong,1,1,0.9987335801124573,recomp_q70_p2,70,2
adm_00073.png,test,adm,1,1,0.9994138479232788,recomp_q70_p2,70,2
sdv5_00056.png,test,sdv5,1,1,0.9041857123374939,recomp_q70_p2,70,2
adm_00050.png,test,adm,1,1,0.9752746224403381,recomp_q70_p2,70,2
biggan_00004.png,test,biggan,1,0,0.2938288450241089,recomp_q70_p2,70,2
midjourney_00063.png,test,midjourney,1,1,0.8622245788574219,recomp_q70_p2,70,2
glide_00007.png,test,glide,1,0,0.07862889766693115,recomp_q70_p2,70,2
vqdm_00059.png,test,vqdm,1,0,0.10808469355106354,recomp_q70_p2,70,2
midjourney_00051.png,test,midjourney,1,0,0.054485172033309937,recomp_q70_p2,70,2
adm_00040.png,test,adm,1,1,0.8498744964599609,recomp_q70_p2,70,2
vqdm_00046.png,test,vqdm,1,0,0.46724751591682434,recomp_q70_p2,70,2
glide_00071.png,test,glide,1,1,0.7699729800224304,recomp_q70_p2,70,2
midjourney_00040.png,test,midjourney,1,1,0.730717658996582,recomp_q70_p2,70,2
biggan_00056.png,test,biggan,1,1,0.802260160446167,recomp_q70_p2,70,2
wukong_00030.png,test,wukong,1,1,0.8579130172729492,recomp_q70_p2,70,2
adm_00045.png,test,adm,1,1,0.9670157432556152,recomp_q70_p2,70,2
vqdm_00069.png,test,vqdm,1,0,0.33329471945762634,recomp_q70_p2,70,2
sdv5_00013.png,test,sdv5,1,1,0.972238302230835,recomp_q70_p2,70,2
adm_00058.png,test,adm,1,1,0.9326547980308533,recomp_q70_p2,70,2
biggan_00037.png,test,biggan,1,1,0.9999079704284668,recomp_q70_p2,70,2
vqdm_00039.png,test,vqdm,1,1,0.9933111667633057,recomp_q70_p2,70,2
sdv5_00034.png,test,sdv5,1,1,0.9996570348739624,recomp_q70_p2,70,2
glide_00047.png,test,glide,1,1,0.9249143600463867,recomp_q70_p2,70,2
biggan_00063.png,test,biggan,1,0,0.06032014638185501,recomp_q70_p2,70,2
glide_00045.png,test,glide,1,1,0.9613674879074097,recomp_q70_p2,70,2
wukong_00027.png,test,wukong,1,1,0.9945716261863708,recomp_q70_p2,70,2
vqdm_00027.png,test,vqdm,1,0,0.017103834077715874,recomp_q70_p2,70,2
glide_00024.png,test,glide,1,1,0.941297709941864,recomp_q70_p2,70,2
wukong_00085.png,test,wukong,1,1,0.9989124536514282,recomp_q70_p2,70,2
glide_00043.png,test,glide,1,1,0.8452392220497131,recomp_q70_p2,70,2
vqdm_00055.png,test,vqdm,1,1,0.8622449636459351,recomp_q70_p2,70,2
midjourney_00057.png,test,midjourney,1,1,0.9998669624328613,recomp_q70_p2,70,2
wukong_00062.png,test,wukong,1,1,0.9614130854606628,recomp_q70_p2,70,2
sdv5_00007.png,test,sdv5,1,1,0.9979426264762878,recomp_q70_p2,70,2
biggan_00043.png,test,biggan,1,0,5.187143869989086e-06,recomp_q70_p2,70,2
adm_00083.png,test,adm,1,1,0.9947891235351562,recomp_q70_p2,70,2
adm_00052.png,test,adm,1,1,0.999941349029541,recomp_q70_p2,70,2
wukong_00032.png,test,wukong,1,1,0.9941539168357849,recomp_q70_p2,70,2
midjourney_00047.png,test,midjourney,1,1,0.9999347925186157,recomp_q70_p2,70,2
midjourney_00072.png,test,midjourney,1,1,0.9995579123497009,recomp_q70_p2,70,2
wukong_00010.png,test,wukong,1,1,0.992656409740448,recomp_q70_p2,70,2
sdv5_00021.png,test,sdv5,1,1,0.9854413866996765,recomp_q70_p2,70,2
biggan_00009.png,test,biggan,1,1,0.9408377408981323,recomp_q70_p2,70,2
wukong_00043.png,test,wukong,1,1,0.9999268054962158,recomp_q70_p2,70,2
vqdm_00034.png,test,vqdm,1,1,0.6338198184967041,recomp_q70_p2,70,2
biggan_00023.png,test,biggan,1,1,0.9889842867851257,recomp_q70_p2,70,2
glide_00080.png,test,glide,1,1,0.9998555183410645,recomp_q70_p2,70,2
midjourney_00008.png,test,midjourney,1,0,0.40590977668762207,recomp_q70_p2,70,2
biggan_00024.png,test,biggan,1,1,0.8130050301551819,recomp_q70_p2,70,2
midjourney_00002.png,test,midjourney,1,1,0.832048237323761,recomp_q70_p2,70,2
midjourney_00000.png,test,midjourney,1,1,0.8142536282539368,recomp_q70_p2,70,2
adm_00084.png,test,adm,1,1,0.9999980926513672,recomp_q70_p2,70,2
biggan_00042.png,test,biggan,1,0,0.22855155169963837,recomp_q70_p2,70,2
wukong_00018.png,test,wukong,1,1,0.9997041821479797,recomp_q70_p2,70,2
vqdm_00021.png,test,vqdm,1,1,0.7821747064590454,recomp_q70_p2,70,2
sdv5_00057.png,test,sdv5,1,1,0.9520537853240967,recomp_q70_p2,70,2
midjourney_00029.png,test,midjourney,1,1,0.7194440364837646,recomp_q70_p2,70,2
sdv5_00004.png,test,sdv5,1,0,0.3470820188522339,recomp_q70_p2,70,2
wukong_00063.png,test,wukong,1,0,0.04279632866382599,recomp_q70_p2,70,2
glide_00057.png,test,glide,1,1,0.8601589202880859,recomp_q70_p2,70,2
wukong_00074.png,test,wukong,1,0,0.4230599105358124,recomp_q70_p2,70,2
adm_00070.png,test,adm,1,0,0.12274818867444992,recomp_q70_p2,70,2
midjourney_00018.png,test,midjourney,1,1,0.9987712502479553,recomp_q70_p2,70,2
vqdm_00081.png,test,vqdm,1,0,0.05299419164657593,recomp_q70_p2,70,2
vqdm_00075.png,test,vqdm,1,1,0.8854568004608154,recomp_q70_p2,70,2
glide_00059.png,test,glide,1,0,0.0630788505077362,recomp_q70_p2,70,2
vqdm_00002.png,test,vqdm,1,0,0.18836522102355957,recomp_q70_p2,70,2
biggan_00045.png,test,biggan,1,1,0.9989232420921326,recomp_q70_p2,70,2
sdv5_00075.png,test,sdv5,1,1,0.9780936241149902,recomp_q70_p2,70,2
sdv5_00055.png,test,sdv5,1,0,0.08404663950204849,recomp_q70_p2,70,2
wukong_00013.png,test,wukong,1,1,0.9997455477714539,recomp_q70_p2,70,2
adm_00068.png,test,adm,1,1,0.9936177730560303,recomp_q70_p2,70,2
midjourney_00010.png,test,midjourney,1,0,0.06595190614461899,recomp_q70_p2,70,2
midjourney_00030.png,test,midjourney,1,1,0.9918776750564575,recomp_q70_p2,70,2
sdv5_00074.png,test,sdv5,1,1,0.9999955892562866,recomp_q70_p2,70,2
vqdm_00072.png,test,vqdm,1,1,0.9733558893203735,recomp_q70_p2,70,2
wukong_00031.png,test,wukong,1,1,0.999972939491272,recomp_q70_p2,70,2
vqdm_00080.png,test,vqdm,1,1,0.874235987663269,recomp_q70_p2,70,2
midjourney_00043.png,test,midjourney,1,0,0.030403362587094307,recomp_q70_p2,70,2
vqdm_00001.png,test,vqdm,1,1,0.5773487091064453,recomp_q70_p2,70,2
glide_00021.png,test,glide,1,1,0.999992847442627,recomp_q70_p2,70,2
midjourney_00037.png,test,midjourney,1,0,0.006892535835504532,recomp_q70_p2,70,2
biggan_00031.png,test,biggan,1,0,0.0021207884419709444,recomp_q70_p2,70,2
wukong_00072.png,test,wukong,1,1,0.9875975251197815,recomp_q70_p2,70,2
midjourney_00055.png,test,midjourney,1,1,0.9937468767166138,recomp_q70_p2,70,2
glide_00070.png,test,glide,1,1,0.9999926090240479,recomp_q70_p2,70,2
biggan_00057.png,test,biggan,1,0,0.21243247389793396,recomp_q70_p2,70,2
midjourney_00075.png,test,midjourney,1,1,0.9957764744758606,recomp_q70_p2,70,2
vqdm_00048.png,test,vqdm,1,1,0.9383849501609802,recomp_q70_p2,70,2
glide_00034.png,test,glide,1,1,0.9980018734931946,recomp_q70_p2,70,2
sdv5_00078.png,test,sdv5,1,1,0.9177137017250061,recomp_q70_p2,70,2
midjourney_00062.png,test,midjourney,1,1,0.6568242907524109,recomp_q70_p2,70,2
adm_00031.png,test,adm,1,0,0.18886293470859528,recomp_q70_p2,70,2
midjourney_00026.png,test,midjourney,1,1,0.5776980519294739,recomp_q70_p2,70,2
vqdm_00000.png,test,vqdm,1,1,0.8088538646697998,recomp_q70_p2,70,2
adm_00020.png,test,adm,1,1,0.9396008849143982,recomp_q70_p2,70,2
adm_00012.png,test,adm,1,1,0.9996106028556824,recomp_q70_p2,70,2
adm_00030.png,test,adm,1,1,0.9975167512893677,recomp_q70_p2,70,2
midjourney_00070.png,test,midjourney,1,1,0.7233620285987854,recomp_q70_p2,70,2
adm_00041.png,test,adm,1,1,0.9996607303619385,recomp_q70_p2,70,2
adm_00078.png,test,adm,1,1,0.999870777130127,recomp_q70_p2,70,2
wukong_00068.png,test,wukong,1,1,0.9602415561676025,recomp_q70_p2,70,2
biggan_00008.png,test,biggan,1,0,0.05577721446752548,recomp_q70_p2,70,2
adm_00069.png,test,adm,1,1,0.9999964237213135,recomp_q70_p2,70,2
vqdm_00056.png,test,vqdm,1,1,0.9999395608901978,recomp_q70_p2,70,2
sdv5_00036.png,test,sdv5,1,1,0.9930506944656372,recomp_q70_p2,70,2
vqdm_00079.png,test,vqdm,1,0,0.05606900900602341,recomp_q70_p2,70,2
midjourney_00017.png,test,midjourney,1,0,0.2500315010547638,recomp_q70_p2,70,2
biggan_00033.png,test,biggan,1,0,0.2120182067155838,recomp_q70_p2,70,2
biggan_00018.png,test,biggan,1,1,0.7730126976966858,recomp_q70_p2,70,2
sdv5_00001.png,test,sdv5,1,1,0.6608973741531372,recomp_q70_p2,70,2
sdv5_00020.png,test,sdv5,1,1,0.9636526703834534,recomp_q70_p2,70,2
biggan_00048.png,test,biggan,1,1,0.9848810434341431,recomp_q70_p2,70,2
biggan_00058.png,test,biggan,1,1,0.9870491623878479,recomp_q70_p2,70,2
midjourney_00066.png,test,midjourney,1,0,0.2545299828052521,recomp_q70_p2,70,2
midjourney_00080.png,test,midjourney,1,0,0.11801005899906158,recomp_q70_p2,70,2
adm_00005.png,test,adm,1,1,0.9996230602264404,recomp_q70_p2,70,2
adm_00003.png,test,adm,1,1,0.9990484118461609,recomp_q70_p2,70,2
adm_00024.png,test,adm,1,1,0.9937970638275146,recomp_q70_p2,70,2
sdv5_00000.png,test,sdv5,1,1,0.9997552037239075,recomp_q70_p2,70,2
biggan_00001.png,test,biggan,1,0,0.006652332842350006,recomp_q70_p2,70,2
vqdm_00014.png,test,vqdm,1,1,0.9982587695121765,recomp_q70_p2,70,2
biggan_00028.png,test,biggan,1,1,0.971461296081543,recomp_q70_p2,70,2
midjourney_00028.png,test,midjourney,1,0,0.043067000806331635,recomp_q70_p2,70,2
biggan_00027.png,test,biggan,1,1,0.5350967645645142,recomp_q70_p2,70,2
sdv5_00049.png,test,sdv5,1,1,0.9989418387413025,recomp_q70_p2,70,2
vqdm_00029.png,test,vqdm,1,1,0.699373185634613,recomp_q70_p2,70,2
adm_00035.png,test,adm,1,1,0.9965699911117554,recomp_q70_p2,70,2
adm_00011.png,test,adm,1,1,0.9999847412109375,recomp_q70_p2,70,2
biggan_00078.png,test,biggan,1,1,0.6936323046684265,recomp_q70_p2,70,2
midjourney_00013.png,test,midjourney,1,1,0.9898130297660828,recomp_q70_p2,70,2
sdv5_00067.png,test,sdv5,1,1,0.9811190366744995,recomp_q70_p2,70,2
biggan_00006.png,test,biggan,1,0,0.10087987780570984,recomp_q70_p2,70,2
vqdm_00078.png,test,vqdm,1,0,0.0678415521979332,recomp_q70_p2,70,2
glide_00049.png,test,glide,1,0,0.3723532557487488,recomp_q70_p2,70,2
midjourney_00050.png,test,midjourney,1,1,0.9997687935829163,recomp_q70_p2,70,2
glide_00017.png,test,glide,1,1,0.9995046854019165,recomp_q70_p2,70,2
wukong_00008.png,test,wukong,1,1,0.9998637437820435,recomp_q70_p2,70,2
sdv5_00014.png,test,sdv5,1,1,0.9807207584381104,recomp_q70_p2,70,2
biggan_00052.png,test,biggan,1,0,0.013345199637115002,recomp_q70_p2,70,2
wukong_00059.png,test,wukong,1,1,0.9887092709541321,recomp_q70_p2,70,2
glide_00078.png,test,glide,1,1,0.9995991587638855,recomp_q70_p2,70,2
adm_00034.png,test,adm,1,1,0.9999997615814209,recomp_q70_p2,70,2
wukong_00006.png,test,wukong,1,1,0.7673105001449585,recomp_q70_p2,70,2
biggan_00046.png,test,biggan,1,1,0.9999991655349731,recomp_q70_p2,70,2
wukong_00073.png,test,wukong,1,1,0.6061805486679077,recomp_q70_p2,70,2
midjourney_00046.png,test,midjourney,1,1,0.9892962574958801,recomp_q70_p2,70,2
glide_00068.png,test,glide,1,1,0.7555681467056274,recomp_q70_p2,70,2
midjourney_00058.png,test,midjourney,1,1,0.5489219427108765,recomp_q70_p2,70,2
glide_00001.png,test,glide,1,1,0.9705370664596558,recomp_q70_p2,70,2
glide_00041.png,test,glide,1,1,1.0,recomp_q70_p2,70,2
glide_00014.png,test,glide,1,0,0.09273973852396011,recomp_q70_p2,70,2
adm_00013.png,test,adm,1,1,0.9780300855636597,recomp_q70_p2,70,2
glide_00063.png,test,glide,1,1,0.5958157777786255,recomp_q70_p2,70,2
wukong_00045.png,test,wukong,1,1,0.9936848282814026,recomp_q70_p2,70,2
biggan_00079.png,test,biggan,1,1,0.9050767421722412,recomp_q70_p2,70,2
adm_00002.png,test,adm,1,1,1.0,recomp_q70_p2,70,2
midjourney_00041.png,test,midjourney,1,1,0.9412481784820557,recomp_q70_p2,70,2
vqdm_00044.png,test,vqdm,1,1,0.6063257455825806,recomp_q70_p2,70,2
adm_00043.png,test,adm,1,0,0.005831418093293905,recomp_q70_p2,70,2
sdv5_00017.png,test,sdv5,1,1,0.9979206919670105,recomp_q70_p2,70,2
vqdm_00052.png,test,vqdm,1,0,0.21942654252052307,recomp_q70_p2,70,2
adm_00036.png,test,adm,1,1,0.9987340569496155,recomp_q70_p2,70,2
biggan_00083.png,test,biggan,1,1,0.5672755241394043,recomp_q70_p2,70,2
glide_00020.png,test,glide,1,1,1.0,recomp_q70_p2,70,2
midjourney_00054.png,test,midjourney,1,0,0.16735254228115082,recomp_q70_p2,70,2
adm_00032.png,test,adm,1,1,0.9996110796928406,recomp_q70_p2,70,2
glide_00058.png,test,glide,1,1,0.9189252853393555,recomp_q70_p2,70,2
vqdm_00008.png,test,vqdm,1,1,0.9736325740814209,recomp_q70_p2,70,2
adm_00026.png,test,adm,1,1,0.9998514652252197,recomp_q70_p2,70,2
midjourney_00082.png,test,midjourney,1,1,0.8322010040283203,recomp_q70_p2,70,2
wukong_00012.png,test,wukong,1,1,0.9653667211532593,recomp_q70_p2,70,2
glide_00048.png,test,glide,1,0,0.2267187535762787,recomp_q70_p2,70,2
midjourney_00033.png,test,midjourney,1,1,0.9999053478240967,recomp_q70_p2,70,2
vqdm_00060.png,test,vqdm,1,1,0.7431104779243469,recomp_q70_p2,70,2
wukong_00052.png,test,wukong,1,1,0.9999990463256836,recomp_q70_p2,70,2
adm_00021.png,test,adm,1,0,0.05253225564956665,recomp_q70_p2,70,2
wukong_00042.png,test,wukong,1,1,0.8559220433235168,recomp_q70_p2,70,2
vqdm_00071.png,test,vqdm,1,1,0.982327938079834,recomp_q70_p2,70,2
glide_00026.png,test,glide,1,1,0.9999957084655762,recomp_q70_p2,70,2
biggan_00019.png,test,biggan,1,1,0.9122867584228516,recomp_q70_p2,70,2
glide_00051.png,test,glide,1,1,0.8717942237854004,recomp_q70_p2,70,2
adm_00056.png,test,adm,1,1,0.9971908926963806,recomp_q70_p2,70,2
glide_00012.png,test,glide,1,1,0.9920830726623535,recomp_q70_p2,70,2
adm_00017.png,test,adm,1,0,0.23550713062286377,recomp_q70_p2,70,2
wukong_00020.png,test,wukong,1,1,0.9936400055885315,recomp_q70_p2,70,2
sdv5_00069.png,test,sdv5,1,1,0.9542354941368103,recomp_q70_p2,70,2
vqdm_00064.png,test,vqdm,1,0,0.0046838801354169846,recomp_q70_p2,70,2
wukong_00050.png,test,wukong,1,1,0.9701201915740967,recomp_q70_p2,70,2
glide_00032.png,test,glide,1,1,0.6377795934677124,recomp_q70_p2,70,2
glide_00040.png,test,glide,1,1,0.9405058026313782,recomp_q70_p2,70,2
glide_00064.png,test,glide,1,0,0.036564167588949203,recomp_q70_p2,70,2
adm_00016.png,test,adm,1,1,0.9023542404174805,recomp_q70_p2,70,2
biggan_00066.png,test,biggan,1,1,0.9947524070739746,recomp_q70_p2,70,2
vqdm_00013.png,test,vqdm,1,0,0.004518753848969936,recomp_q70_p2,70,2
sdv5_00024.png,test,sdv5,1,1,0.9205981492996216,recomp_q70_p2,70,2
sdv5_00030.png,test,sdv5,1,1,0.987263023853302,recomp_q70_p2,70,2
wukong_00051.png,test,wukong,1,1,0.9933580756187439,recomp_q70_p2,70,2
sdv5_00077.png,test,sdv5,1,1,0.9999991655349731,recomp_q70_p2,70,2
biggan_00013.png,test,biggan,1,0,0.11758548766374588,recomp_q70_p2,70,2
wukong_00064.png,test,wukong,1,1,0.9999828338623047,recomp_q70_p2,70,2
vqdm_00025.png,test,vqdm,1,0,0.007928019389510155,recomp_q70_p2,70,2
glide_00002.png,test,glide,1,1,0.9690549969673157,recomp_q70_p2,70,2
midjourney_00079.png,test,midjourney,1,0,0.4508517384529114,recomp_q70_p2,70,2
wukong_00039.png,test,wukong,1,1,0.5348035097122192,recomp_q70_p2,70,2
vqdm_00020.png,test,vqdm,1,1,0.991905927658081,recomp_q70_p2,70,2
sdv5_00032.png,test,sdv5,1,1,0.9908512234687805,recomp_q70_p2,70,2
sdv5_00003.png,test,sdv5,1,0,0.06989430636167526,recomp_q70_p2,70,2
wukong_00078.png,test,wukong,1,1,0.9827792048454285,recomp_q70_p2,70,2
wukong_00065.png,test,wukong,1,1,0.9998088479042053,recomp_q70_p2,70,2
biggan_00014.png,test,biggan,1,0,0.004557294771075249,recomp_q70_p2,70,2
adm_00006.png,test,adm,1,1,0.9999994039535522,recomp_q70_p2,70,2
wukong_00056.png,test,wukong,1,1,0.9999769926071167,recomp_q70_p2,70,2
biggan_00005.png,test,biggan,1,1,0.8167297840118408,recomp_q70_p2,70,2
wukong_00002.png,test,wukong,1,1,0.7507064938545227,recomp_q70_p2,70,2
wukong_00055.png,test,wukong,1,0,0.027912845835089684,recomp_q70_p2,70,2
sdv5_00016.png,test,sdv5,1,1,0.7814379930496216,recomp_q70_p2,70,2
biggan_00065.png,test,biggan,1,0,0.0003932691761292517,recomp_q70_p2,70,2
vqdm_00019.png,test,vqdm,1,0,0.07404850423336029,recomp_q70_p2,70,2
adm_00038.png,test,adm,1,1,0.9963653087615967,recomp_q70_p2,70,2
sdv5_00044.png,test,sdv5,1,1,0.8371149301528931,recomp_q70_p2,70,2
midjourney_00084.png,test,midjourney,1,1,0.9997434020042419,recomp_q70_p2,70,2
midjourney_00025.png,test,midjourney,1,0,0.04865523427724838,recomp_q70_p2,70,2
biggan_00061.png,test,biggan,1,0,0.10590140521526337,recomp_q70_p2,70,2
sdv5_00071.png,test,sdv5,1,1,0.9999947547912598,recomp_q70_p2,70,2
biggan_00074.png,test,biggan,1,1,0.6875670552253723,recomp_q70_p2,70,2
vqdm_00077.png,test,vqdm,1,0,0.09345701336860657,recomp_q70_p2,70,2
midjourney_00001.png,test,midjourney,1,1,0.9990424513816833,recomp_q70_p2,70,2
biggan_00069.png,test,biggan,1,0,0.010977713391184807,recomp_q70_p2,70,2
glide_00005.png,test,glide,1,1,0.9926629066467285,recomp_q70_p2,70,2
sdv5_00015.png,test,sdv5,1,1,0.780519962310791,recomp_q70_p2,70,2
vqdm_00012.png,test,vqdm,1,1,0.6015456318855286,recomp_q70_p2,70,2
wukong_00077.png,test,wukong,1,0,0.3423173129558563,recomp_q70_p2,70,2
midjourney_00023.png,test,midjourney,1,0,0.08601721376180649,recomp_q70_p2,70,2
sdv5_00045.png,test,sdv5,1,1,0.948279857635498,recomp_q70_p2,70,2
adm_00033.png,test,adm,1,1,0.9993695616722107,recomp_q70_p2,70,2
wukong_00083.png,test,wukong,1,1,0.9830822944641113,recomp_q70_p2,70,2
biggan_00034.png,test,biggan,1,1,0.5610438585281372,recomp_q70_p2,70,2
biggan_00070.png,test,biggan,1,0,0.0013604072155430913,recomp_q70_p2,70,2
biggan_00076.png,test,biggan,1,0,0.03889799863100052,recomp_q70_p2,70,2
midjourney_00067.png,test,midjourney,1,1,0.6370149850845337,recomp_q70_p2,70,2
biggan_00062.png,test,biggan,1,1,0.8572776913642883,recomp_q70_p2,70,2
midjourney_00027.png,test,midjourney,1,1,0.9611656665802002,recomp_q70_p2,70,2
biggan_00077.png,test,biggan,1,0,0.0008689971873536706,recomp_q70_p2,70,2
wukong_00053.png,test,wukong,1,1,0.9999997615814209,recomp_q70_p2,70,2
sdv5_00080.png,test,sdv5,1,1,1.0,recomp_q70_p2,70,2
glide_00035.png,test,glide,1,0,9.235733887180686e-05,recomp_q70_p2,70,2
adm_00022.png,test,adm,1,1,0.999985933303833,recomp_q70_p2,70,2
vqdm_00070.png,test,vqdm,1,0,0.0009489222429692745,recomp_q70_p2,70,2
wukong_00019.png,test,wukong,1,1,0.8375660181045532,recomp_q70_p2,70,2
glide_00036.png,test,glide,1,0,0.062070634216070175,recomp_q70_p2,70,2
adm_00054.png,test,adm,1,1,0.999977707862854,recomp_q70_p2,70,2
glide_00060.png,test,glide,1,1,0.8124403953552246,recomp_q70_p2,70,2
adm_00061.png,test,adm,1,1,0.9997652173042297,recomp_q70_p2,70,2
vqdm_00028.png,test,vqdm,1,0,0.007670058868825436,recomp_q70_p2,70,2
vqdm_00026.png,test,vqdm,1,0,0.29719582200050354,recomp_q70_p2,70,2
vqdm_00054.png,test,vqdm,1,0,0.0005106603493914008,recomp_q70_p2,70,2
biggan_00021.png,test,biggan,1,0,0.013448485173285007,recomp_q70_p2,70,2
vqdm_00005.png,test,vqdm,1,1,0.9999717473983765,recomp_q70_p2,70,2
glide_00055.png,test,glide,1,0,0.3760196268558502,recomp_q70_p2,70,2
biggan_00075.png,test,biggan,1,0,0.026990333572030067,recomp_q70_p2,70,2
wukong_00046.png,test,wukong,1,1,1.0,recomp_q70_p2,70,2
wukong_00084.png,test,wukong,1,1,0.8449760675430298,recomp_q70_p2,70,2
wukong_00025.png,test,wukong,1,1,0.9889662861824036,recomp_q70_p2,70,2
vqdm_00009.png,test,vqdm,1,1,0.9932488203048706,recomp_q70_p2,70,2
glide_00019.png,test,glide,1,1,0.9997610449790955,recomp_q70_p2,70,2
biggan_00040.png,test,biggan,1,1,0.9191546440124512,recomp_q70_p2,70,2
vqdm_00007.png,test,vqdm,1,0,0.1957191675901413,recomp_q70_p2,70,2
vqdm_00076.png,test,vqdm,1,0,0.23094601929187775,recomp_q70_p2,70,2
glide_00066.png,test,glide,1,0,0.00541999377310276,recomp_q70_p2,70,2
biggan_00073.png,test,biggan,1,0,0.44043055176734924,recomp_q70_p2,70,2
glide_00072.png,test,glide,1,1,0.9953697323799133,recomp_q70_p2,70,2
midjourney_00038.png,test,midjourney,1,1,0.5432575941085815,recomp_q70_p2,70,2
vqdm_00016.png,test,vqdm,1,0,0.00014395685866475105,recomp_q70_p2,70,2
glide_00006.png,test,glide,1,1,0.9966270923614502,recomp_q70_p2,70,2
glide_00065.png,test,glide,1,0,0.09775333851575851,recomp_q70_p2,70,2
adm_00055.png,test,adm,1,1,0.9945210218429565,recomp_q70_p2,70,2
midjourney_00073.png,test,midjourney,1,0,0.4554157257080078,recomp_q70_p2,70,2
midjourney_00020.png,test,midjourney,1,1,0.8807118535041809,recomp_q70_p2,70,2
sdv5_00012.png,test,sdv5,1,1,0.9999914169311523,recomp_q70_p2,70,2
wukong_00028.png,test,wukong,1,1,0.9697458744049072,recomp_q70_p2,70,2
midjourney_00056.png,test,midjourney,1,1,0.7357176542282104,recomp_q70_p2,70,2
vqdm_00067.png,test,vqdm,1,0,0.0005746267852373421,recomp_q70_p2,70,2
adm_00037.png,test,adm,1,1,0.9999998807907104,recomp_q70_p2,70,2
adm_00064.png,test,adm,1,1,0.9598641395568848,recomp_q70_p2,70,2
vqdm_00084.png,test,vqdm,1,1,0.9980265498161316,recomp_q70_p2,70,2
sdv5_00052.png,test,sdv5,1,1,0.9982193112373352,recomp_q70_p2,70,2
biggan_00035.png,test,biggan,1,1,0.9785605072975159,recomp_q70_p2,70,2
vqdm_00043.png,test,vqdm,1,1,0.570672333240509,recomp_q70_p2,70,2
adm_00028.png,test,adm,1,1,0.9875756502151489,recomp_q70_p2,70,2
glide_00027.png,test,glide,1,1,0.7286624312400818,recomp_q70_p2,70,2
sdv5_00042.png,test,sdv5,1,1,0.9982510209083557,recomp_q70_p2,70,2
glide_00084.png,test,glide,1,1,0.9883395433425903,recomp_q70_p2,70,2
sdv5_00025.png,test,sdv5,1,1,0.988175630569458,recomp_q70_p2,70,2
adm_00009.png,test,adm,1,1,0.9958694577217102,recomp_q70_p2,70,2
sdv5_00031.png,test,sdv5,1,1,1.0,recomp_q70_p2,70,2
wukong_00000.png,test,wukong,1,1,0.9877884984016418,recomp_q70_p2,70,2
wukong_00069.png,test,wukong,1,1,0.7064595222473145,recomp_q70_p2,70,2
biggan_00015.png,test,biggan,1,0,0.02395886369049549,recomp_q70_p2,70,2
glide_00062.png,test,glide,1,1,0.8886445164680481,recomp_q70_p2,70,2
adm_00076.png,test,adm,1,1,0.9999567270278931,recomp_q70_p2,70,2
vqdm_00015.png,test,vqdm,1,1,0.8306183815002441,recomp_q70_p2,70,2
sdv5_00079.png,test,sdv5,1,1,0.9999916553497314,recomp_q70_p2,70,2
glide_00083.png,test,glide,1,1,0.996767520904541,recomp_q70_p2,70,2
biggan_00039.png,test,biggan,1,1,0.9323024749755859,recomp_q70_p2,70,2
adm_00080.png,test,adm,1,1,1.0,recomp_q70_p2,70,2
midjourney_00064.png,test,midjourney,1,1,0.999815046787262,recomp_q70_p2,70,2
sdv5_00070.png,test,sdv5,1,1,0.9833177328109741,recomp_q70_p2,70,2
glide_00073.png,test,glide,1,1,0.9202070236206055,recomp_q70_p2,70,2
vqdm_00018.png,test,vqdm,1,1,0.9998840093612671,recomp_q70_p2,70,2
adm_00053.png,test,adm,1,1,0.9419638514518738,recomp_q70_p2,70,2
biggan_00084.png,test,biggan,1,0,0.290248841047287,recomp_q70_p2,70,2
adm_00018.png,test,adm,1,1,0.9960982799530029,recomp_q70_p2,70,2
sdv5_00018.png,test,sdv5,1,1,0.989448070526123,recomp_q70_p2,70,2
biggan_00020.png,test,biggan,1,1,0.6748876571655273,recomp_q70_p2,70,2
vqdm_00066.png,test,vqdm,1,0,0.38389942049980164,recomp_q70_p2,70,2
adm_00048.png,test,adm,1,0,0.4965627193450928,recomp_q70_p2,70,2
glide_00077.png,test,glide,1,0,0.2175331562757492,recomp_q70_p2,70,2
glide_00000.png,test,glide,1,1,0.990712583065033,recomp_q70_p2,70,2
vqdm_00033.png,test,vqdm,1,0,0.024840470403432846,recomp_q70_p2,70,2
glide_00081.png,test,glide,1,1,0.9992189407348633,recomp_q70_p2,70,2
adm_00075.png,test,adm,1,1,0.9981497526168823,recomp_q70_p2,70,2
midjourney_00012.png,test,midjourney,1,1,0.9986119270324707,recomp_q70_p2,70,2
glide_00028.png,test,glide,1,1,0.9999808073043823,recomp_q70_p2,70,2
vqdm_00057.png,test,vqdm,1,1,0.9999998807907104,recomp_q70_p2,70,2
sdv5_00068.png,test,sdv5,1,1,0.8169339895248413,recomp_q70_p2,70,2
vqdm_00036.png,test,vqdm,1,0,0.006371302530169487,recomp_q70_p2,70,2
adm_00001.png,test,adm,1,1,0.9995144605636597,recomp_q70_p2,70,2
biggan_00054.png,test,biggan,1,1,0.7637354731559753,recomp_q70_p2,70,2
vqdm_00058.png,test,vqdm,1,1,0.9788332581520081,recomp_q70_p2,70,2
sdv5_00035.png,test,sdv5,1,1,0.9890406727790833,recomp_q70_p2,70,2
glide_00018.png,test,glide,1,0,0.00028034727438353,recomp_q70_p2,70,2
adm_00008.png,test,adm,1,1,0.8291903734207153,recomp_q70_p2,70,2
biggan_00067.png,test,biggan,1,1,0.9364118576049805,recomp_q70_p2,70,2
glide_00004.png,test,glide,1,1,0.9466930031776428,recomp_q70_p2,70,2
midjourney_00083.png,test,midjourney,1,1,0.9565277695655823,recomp_q70_p2,70,2
wukong_00026.png,test,wukong,1,1,0.9998158812522888,recomp_q70_p2,70,2
sdv5_00028.png,test,sdv5,1,1,0.7323019504547119,recomp_q70_p2,70,2
midjourney_00042.png,test,midjourney,1,1,0.9995724558830261,recomp_q70_p2,70,2
adm_00060.png,test,adm,1,0,0.01624409109354019,recomp_q70_p2,70,2
glide_00003.png,test,glide,1,1,0.6640496850013733,recomp_q70_p2,70,2
glide_00025.png,test,glide,1,1,0.9779518842697144,recomp_q70_p2,70,2
biggan_00026.png,test,biggan,1,1,0.9347826838493347,recomp_q70_p2,70,2
adm_00077.png,test,adm,1,1,0.9999958276748657,recomp_q70_p2,70,2
adm_00047.png,test,adm,1,1,0.995997428894043,recomp_q70_p2,70,2
sdv5_00033.png,test,sdv5,1,1,0.9996979236602783,recomp_q70_p2,70,2
midjourney_00032.png,test,midjourney,1,1,0.891045868396759,recomp_q70_p2,70,2
biggan_00064.png,test,biggan,1,0,0.0005130969802848995,recomp_q70_p2,70,2
vqdm_00074.png,test,vqdm,1,1,0.9997054934501648,recomp_q70_p2,70,2
biggan_00038.png,test,biggan,1,1,0.9477210640907288,recomp_q70_p2,70,2
adm_00082.png,test,adm,1,1,1.0,recomp_q70_p2,70,2
wukong_00007.png,test,wukong,1,1,0.9225758910179138,recomp_q70_p2,70,2
wukong_00060.png,test,wukong,1,1,1.0,recomp_q70_p2,70,2
sdv5_00041.png,test,sdv5,1,1,0.9944719076156616,recomp_q70_p2,70,2
vqdm_00038.png,test,vqdm,1,1,0.999477207660675,recomp_q70_p2,70,2
wukong_00001.png,test,wukong,1,1,0.9999939203262329,recomp_q70_p2,70,2
midjourney_00015.png,test,midjourney,1,1,0.9997740387916565,recomp_q70_p2,70,2
biggan_00047.png,test,biggan,1,1,0.9864752888679504,recomp_q70_p2,70,2
glide_00030.png,test,glide,1,0,0.12419832497835159,recomp_q70_p2,70,2
vqdm_00047.png,test,vqdm,1,1,0.8377698659896851,recomp_q70_p2,70,2
sdv5_00084.png,test,sdv5,1,1,0.9918237328529358,recomp_q70_p2,70,2
vqdm_00083.png,test,vqdm,1,1,0.6448624730110168,recomp_q70_p2,70,2
biggan_00068.png,test,biggan,1,0,0.02317243628203869,recomp_q70_p2,70,2
sdv5_00058.png,test,sdv5,1,1,0.9139222502708435,recomp_q70_p2,70,2
sdv5_00006.png,test,sdv5,1,1,0.9999455213546753,recomp_q70_p2,70,2
biggan_00044.png,test,biggan,1,0,0.11446499079465866,recomp_q70_p2,70,2
midjourney_00003.png,test,midjourney,1,1,0.9991000890731812,recomp_q70_p2,70,2
sdv5_00027.png,test,sdv5,1,1,0.998342752456665,recomp_q70_p2,70,2
biggan_00072.png,test,biggan,1,1,0.7142686247825623,recomp_q70_p2,70,2
vqdm_00030.png,test,vqdm,1,0,0.26453936100006104,recomp_q70_p2,70,2
vqdm_00085.png,test,vqdm,1,0,0.4865945875644684,recomp_q70_p2,70,2
wukong_00071.png,test,wukong,1,1,0.9380565285682678,recomp_q70_p2,70,2
adm_00062.png,test,adm,1,1,0.5779402256011963,recomp_q70_p2,70,2
adm_00000.png,test,adm,1,1,0.9907503724098206,recomp_q70_p2,70,2
wukong_00044.png,test,wukong,1,1,0.9999984502792358,recomp_q70_p2,70,2
glide_00075.png,test,glide,1,1,0.6304114460945129,recomp_q70_p2,70,2
vqdm_00040.png,test,vqdm,1,1,0.7100830078125,recomp_q70_p2,70,2
wukong_00082.png,test,wukong,1,1,1.0,recomp_q70_p2,70,2
midjourney_00019.png,test,midjourney,1,1,0.9933499693870544,recomp_q70_p2,70,2
adm_00065.png,test,adm,1,1,0.9992831349372864,recomp_q70_p2,70,2
midjourney_00022.png,test,midjourney,1,1,0.8336349725723267,recomp_q70_p2,70,2
midjourney_00052.png,test,midjourney,1,0,0.00024655985180288553,recomp_q70_p2,70,2
adm_00046.png,test,adm,1,1,1.0,recomp_q70_p2,70,2
wukong_00048.png,test,wukong,1,1,0.9666863083839417,recomp_q70_p2,70,2
vqdm_00045.png,test,vqdm,1,1,0.9997840523719788,recomp_q70_p2,70,2
biggan_00036.png,test,biggan,1,0,0.004848670680075884,recomp_q70_p2,70,2
sdv5_00038.png,test,sdv5,1,1,0.9818968772888184,recomp_q70_p2,70,2
vqdm_00050.png,test,vqdm,1,0,0.0071943397633731365,recomp_q70_p2,70,2
biggan_00041.png,test,biggan,1,1,0.7232514023780823,recomp_q70_p2,70,2
vqdm_00051.png,test,vqdm,1,0,0.08443865925073624,recomp_q70_p2,70,2
glide_00054.png,test,glide,1,1,0.6189905405044556,recomp_q70_p2,70,2
sdv5_00062.png,test,sdv5,1,1,0.9999933242797852,recomp_q70_p2,70,2
sdv5_00060.png,test,sdv5,1,1,0.9967069029808044,recomp_q70_p2,70,2
glide_00079.png,test,glide,1,0,0.40701350569725037,recomp_q70_p2,70,2
midjourney_00004.png,test,midjourney,1,1,0.9658281803131104,recomp_q70_p2,70,2
wukong_00040.png,test,wukong,1,1,0.9699423909187317,recomp_q70_p2,70,2
biggan_00060.png,test,biggan,1,0,0.05454031005501747,recomp_q70_p2,70,2
wukong_00049.png,test,wukong,1,1,0.9699109196662903,recomp_q70_p2,70,2
wukong_00035.png,test,wukong,1,1,0.9773893356323242,recomp_q70_p2,70,2
adm_00010.png,test,adm,1,1,0.9884661436080933,recomp_q70_p2,70,2
sdv5_00064.png,test,sdv5,1,1,0.7533446550369263,recomp_q70_p2,70,2
adm_00059.png,test,adm,1,1,0.9999667406082153,recomp_q70_p2,70,2
midjourney_00048.png,test,midjourney,1,0,0.15257687866687775,recomp_q70_p2,70,2
midjourney_00016.png,test,midjourney,1,0,0.35436126589775085,recomp_q70_p2,70,2
biggan_00007.png,test,biggan,1,0,0.015343274921178818,recomp_q70_p2,70,2
glide_00067.png,test,glide,1,1,0.8827877640724182,recomp_q70_p2,70,2
glide_00046.png,test,glide,1,1,0.9467830657958984,recomp_q70_p2,70,2
vqdm_00053.png,test,vqdm,1,1,0.999737560749054,recomp_q70_p2,70,2
adm_00071.png,test,adm,1,1,0.999550998210907,recomp_q70_p2,70,2
glide_00022.png,test,glide,1,1,0.9846336245536804,recomp_q70_p2,70,2
sdv5_00082.png,test,sdv5,1,1,0.9992249011993408,recomp_q70_p2,70,2
vqdm_00003.png,test,vqdm,1,0,0.2680724561214447,recomp_q70_p2,70,2
midjourney_00035.png,test,midjourney,1,0,0.49413180351257324,recomp_q70_p2,70,2
glide_00031.png,test,glide,1,1,0.9999997615814209,recomp_q70_p2,70,2
vqdm_00063.png,test,vqdm,1,1,0.5527429580688477,recomp_q70_p2,70,2
wukong_00016.png,test,wukong,1,1,0.9470382332801819,recomp_q70_p2,70,2
wukong_00054.png,test,wukong,1,1,0.9999675750732422,recomp_q70_p2,70,2
biggan_00002.png,test,biggan,1,1,0.957455575466156,recomp_q70_p2,70,2
adm_00049.png,test,adm,1,1,0.9987403750419617,recomp_q70_p2,70,2
sdv5_00002.png,test,sdv5,1,1,0.9994795918464661,recomp_q70_p2,70,2
biggan_00025.png,test,biggan,1,0,0.21819931268692017,recomp_q70_p2,70,2
biggan_00071.png,test,biggan,1,0,0.37080809473991394,recomp_q70_p2,70,2
biggan_00051.png,test,biggan,1,0,0.01424911804497242,recomp_q70_p2,70,2
wukong_00081.png,test,wukong,1,1,0.8775330781936646,recomp_q70_p2,70,2
sdv5_00022.png,test,sdv5,1,1,0.9906219840049744,recomp_q70_p2,70,2
real_00486.jpeg,test,real,0,0,3.187208130839281e-05,recomp_q50_p2,50,2
real_00382.jpeg,test,real,0,0,1.755707671691198e-05,recomp_q50_p2,50,2
real_00117.jpeg,test,real,0,0,0.2744140028953552,recomp_q50_p2,50,2
real_00354.jpeg,test,real,0,0,6.3600622524973e-05,recomp_q50_p2,50,2
real_00076.jpeg,test,real,0,0,0.00020451529417186975,recomp_q50_p2,50,2
real_00395.jpeg,test,real,0,0,0.00017177255358546972,recomp_q50_p2,50,2
real_00348.jpeg,test,real,0,0,0.35281816124916077,recomp_q50_p2,50,2
real_00307.jpeg,test,real,0,0,6.61249499600558e-09,recomp_q50_p2,50,2
real_00438.jpeg,test,real,0,0,3.478269616774554e-10,recomp_q50_p2,50,2
real_00393.jpeg,test,real,0,0,0.008056472055613995,recomp_q50_p2,50,2
real_00566.jpeg,test,real,0,0,0.0018274167086929083,recomp_q50_p2,50,2
real_00055.jpeg,test,real,0,0,0.3764916658401489,recomp_q50_p2,50,2
real_00416.jpeg,test,real,0,0,0.0005294607835821807,recomp_q50_p2,50,2
real_00304.jpeg,test,real,0,0,6.490316906138105e-08,recomp_q50_p2,50,2
real_00135.jpeg,test,real,0,0,0.06805314868688583,recomp_q50_p2,50,2
real_00387.jpeg,test,real,0,0,7.200690106401453e-07,recomp_q50_p2,50,2
real_00040.jpeg,test,real,0,0,6.570887489942834e-05,recomp_q50_p2,50,2
real_00563.jpeg,test,real,0,0,0.02298460714519024,recomp_q50_p2,50,2
real_00457.jpeg,test,real,0,1,0.5528374910354614,recomp_q50_p2,50,2
real_00561.jpeg,test,real,0,0,2.7146157663082704e-05,recomp_q50_p2,50,2
real_00288.jpeg,test,real,0,0,0.27800285816192627,recomp_q50_p2,50,2
real_00271.jpeg,test,real,0,0,0.0006308438023552299,recomp_q50_p2,50,2
real_00185.jpeg,test,real,0,0,0.09301069378852844,recomp_q50_p2,50,2
real_00216.jpeg,test,real,0,0,0.001368603203445673,recomp_q50_p2,50,2
real_00180.jpeg,test,real,0,1,0.5348790287971497,recomp_q50_p2,50,2
real_00189.jpeg,test,real,0,0,0.008243298158049583,recomp_q50_p2,50,2
real_00396.jpeg,test,real,0,0,0.03106142207980156,recomp_q50_p2,50,2
real_00131.jpeg,test,real,0,0,0.061641156673431396,recomp_q50_p2,50,2
real_00557.jpeg,test,real,0,0,0.0017489291494712234,recomp_q50_p2,50,2
real_00266.jpeg,test,real,0,0,6.626631829931284e-07,recomp_q50_p2,50,2
real_00207.jpeg,test,real,0,0,9.81180346570909e-06,recomp_q50_p2,50,2
real_00141.jpeg,test,real,0,1,0.9841974377632141,recomp_q50_p2,50,2
real_00407.jpeg,test,real,0,1,0.999866247177124,recomp_q50_p2,50,2
real_00026.jpeg,test,real,0,0,0.2494688183069229,recomp_q50_p2,50,2
real_00046.jpeg,test,real,0,0,0.010442602448165417,recomp_q50_p2,50,2
real_00585.jpeg,test,real,0,0,0.0003050969389732927,recomp_q50_p2,50,2
real_00206.jpeg,test,real,0,1,0.986713707447052,recomp_q50_p2,50,2
real_00297.jpeg,test,real,0,0,0.0038251704536378384,recomp_q50_p2,50,2
real_00401.jpeg,test,real,0,0,9.458782005822286e-05,recomp_q50_p2,50,2
real_00339.jpeg,test,real,0,0,0.00032471309532411397,recomp_q50_p2,50,2
real_00403.jpeg,test,real,0,0,0.056994806975126266,recomp_q50_p2,50,2
real_00344.jpeg,test,real,0,0,0.00010067059338325635,recomp_q50_p2,50,2
real_00560.jpeg,test,real,0,0,0.2944851815700531,recomp_q50_p2,50,2
real_00553.jpeg,test,real,0,0,0.22910372912883759,recomp_q50_p2,50,2
real_00598.jpeg,test,real,0,0,0.0004592969489749521,recomp_q50_p2,50,2
real_00497.jpeg,test,real,0,0,0.2893061935901642,recomp_q50_p2,50,2
real_00253.jpeg,test,real,0,0,1.7152959282985825e-14,recomp_q50_p2,50,2
real_00577.jpeg,test,real,0,0,2.6954801796819083e-05,recomp_q50_p2,50,2
real_00394.jpeg,test,real,0,0,0.009212329983711243,recomp_q50_p2,50,2
real_00445.jpeg,test,real,0,0,0.2595950961112976,recomp_q50_p2,50,2
real_00050.jpeg,test,real,0,1,0.551918625831604,recomp_q50_p2,50,2
real_00269.jpeg,test,real,0,0,6.322703484329395e-06,recomp_q50_p2,50,2
real_00151.jpeg,test,real,0,1,0.9382486343383789,recomp_q50_p2,50,2
real_00190.jpeg,test,real,0,0,1.1296131560811773e-05,recomp_q50_p2,50,2
real_00250.jpeg,test,real,0,0,0.005121167749166489,recomp_q50_p2,50,2
real_00257.jpeg,test,real,0,0,0.174409419298172,recomp_q50_p2,50,2
real_00008.jpeg,test,real,0,0,0.00021525951160583645,recomp_q50_p2,50,2
real_00398.jpeg,test,real,0,0,0.004990266636013985,recomp_q50_p2,50,2
real_00322.jpeg,test,real,0,0,8.849149162415415e-05,recomp_q50_p2,50,2
real_00230.jpeg,test,real,0,0,0.2970414161682129,recomp_q50_p2,50,2
real_00219.jpeg,test,real,0,0,0.1878739893436432,recomp_q50_p2,50,2
real_00550.jpeg,test,real,0,0,0.007440431043505669,recomp_q50_p2,50,2
real_00528.jpeg,test,real,0,0,0.0013951720902696252,recomp_q50_p2,50,2
real_00039.jpeg,test,real,0,0,0.0016834114212542772,recomp_q50_p2,50,2
real_00274.jpeg,test,real,0,0,0.24554340541362762,recomp_q50_p2,50,2
real_00414.jpeg,test,real,0,0,0.4598139524459839,recomp_q50_p2,50,2
real_00038.jpeg,test,real,0,0,0.00014942933921702206,recomp_q50_p2,50,2
real_00434.jpeg,test,real,0,0,0.028850343078374863,recomp_q50_p2,50,2
real_00279.jpeg,test,real,0,0,0.015843315050005913,recomp_q50_p2,50,2
real_00077.jpeg,test,real,0,0,0.09142197668552399,recomp_q50_p2,50,2
real_00312.jpeg,test,real,0,1,0.673323392868042,recomp_q50_p2,50,2
real_00482.jpeg,test,real,0,0,0.05304041877388954,recomp_q50_p2,50,2
real_00178.jpeg,test,real,0,0,0.3809373378753662,recomp_q50_p2,50,2
real_00535.jpeg,test,real,0,0,0.2466759830713272,recomp_q50_p2,50,2
real_00345.jpeg,test,real,0,0,0.006414944306015968,recomp_q50_p2,50,2
real_00019.jpeg,test,real,0,0,0.0034576579928398132,recomp_q50_p2,50,2
real_00143.jpeg,test,real,0,0,0.00047222612192854285,recomp_q50_p2,50,2
real_00496.jpeg,test,real,0,0,0.09958618879318237,recomp_q50_p2,50,2
real_00522.jpeg,test,real,0,0,2.3189590303345983e-14,recomp_q50_p2,50,2
real_00451.jpeg,test,real,0,0,1.9601802705437876e-05,recomp_q50_p2,50,2
real_00371.jpeg,test,real,0,0,0.00027047941694036126,recomp_q50_p2,50,2
real_00060.jpeg,test,real,0,0,0.1915644109249115,recomp_q50_p2,50,2
real_00410.jpeg,test,real,0,0,0.2821718156337738,recomp_q50_p2,50,2
real_00248.jpeg,test,real,0,0,0.38871702551841736,recomp_q50_p2,50,2
real_00043.jpeg,test,real,0,1,0.9099547266960144,recomp_q50_p2,50,2
real_00104.jpeg,test,real,0,0,0.0025342300068587065,recomp_q50_p2,50,2
real_00238.jpeg,test,real,0,0,5.1885723223676905e-05,recomp_q50_p2,50,2
real_00251.jpeg,test,real,0,0,0.000779678812250495,recomp_q50_p2,50,2
real_00017.jpeg,test,real,0,0,0.00021196012676227838,recomp_q50_p2,50,2
real_00500.jpeg,test,real,0,0,0.018665414303541183,recomp_q50_p2,50,2
real_00056.jpeg,test,real,0,0,0.041215673089027405,recomp_q50_p2,50,2
real_00227.jpeg,test,real,0,0,1.7411638353337366e-08,recomp_q50_p2,50,2
real_00347.jpeg,test,real,0,0,0.00014985183952376246,recomp_q50_p2,50,2
real_00176.jpeg,test,real,0,1,0.8657573461532593,recomp_q50_p2,50,2
real_00085.jpeg,test,real,0,0,0.0009127224911935627,recomp_q50_p2,50,2
real_00586.jpeg,test,real,0,0,0.0013397237053140998,recomp_q50_p2,50,2
real_00193.jpeg,test,real,0,0,3.05738012684742e-07,recomp_q50_p2,50,2
real_00018.jpeg,test,real,0,1,0.9940513968467712,recomp_q50_p2,50,2
real_00342.jpeg,test,real,0,0,0.004645390436053276,recomp_q50_p2,50,2
real_00359.jpeg,test,real,0,1,0.8719412684440613,recomp_q50_p2,50,2
real_00163.jpeg,test,real,0,0,0.3315705955028534,recomp_q50_p2,50,2
real_00527.jpeg,test,real,0,0,0.006620803382247686,recomp_q50_p2,50,2
real_00444.jpeg,test,real,0,0,0.0008137200493365526,recomp_q50_p2,50,2
real_00440.jpeg,test,real,0,0,0.013773766346275806,recomp_q50_p2,50,2
real_00096.jpeg,test,real,0,0,0.08190933614969254,recomp_q50_p2,50,2
real_00165.jpeg,test,real,0,0,0.08756843209266663,recomp_q50_p2,50,2
real_00576.jpeg,test,real,0,1,0.7383341789245605,recomp_q50_p2,50,2
real_00375.jpeg,test,real,0,0,0.014453061856329441,recomp_q50_p2,50,2
real_00300.jpeg,test,real,0,0,8.691547463968163e-07,recomp_q50_p2,50,2
real_00503.jpeg,test,real,0,0,0.23896227777004242,recomp_q50_p2,50,2
real_00499.jpeg,test,real,0,0,0.019699256867170334,recomp_q50_p2,50,2
real_00283.jpeg,test,real,0,0,1.3285265595186502e-05,recomp_q50_p2,50,2
real_00160.jpeg,test,real,0,1,0.7293105125427246,recomp_q50_p2,50,2
real_00260.jpeg,test,real,0,0,0.0561896450817585,recomp_q50_p2,50,2
real_00208.jpeg,test,real,0,0,1.2427406090864679e-06,recomp_q50_p2,50,2
real_00262.jpeg,test,real,0,0,0.0047712670639157295,recomp_q50_p2,50,2
real_00213.jpeg,test,real,0,1,0.5374777913093567,recomp_q50_p2,50,2
real_00476.jpeg,test,real,0,0,0.001195136341266334,recomp_q50_p2,50,2
real_00092.jpeg,test,real,0,0,0.19203788042068481,recomp_q50_p2,50,2
real_00324.jpeg,test,real,0,1,0.6687769293785095,recomp_q50_p2,50,2
real_00425.jpeg,test,real,0,1,0.7876182794570923,recomp_q50_p2,50,2
real_00559.jpeg,test,real,0,0,1.4359166016220115e-05,recomp_q50_p2,50,2
real_00015.jpeg,test,real,0,0,2.08070082408085e-06,recomp_q50_p2,50,2
real_00562.jpeg,test,real,0,0,0.04322183132171631,recomp_q50_p2,50,2
real_00514.jpeg,test,real,0,0,2.5455442198563105e-09,recomp_q50_p2,50,2
real_00580.jpeg,test,real,0,0,2.8934329748153687e-05,recomp_q50_p2,50,2
real_00202.jpeg,test,real,0,0,0.027798889204859734,recomp_q50_p2,50,2
real_00402.jpeg,test,real,0,0,7.538909812865313e-06,recomp_q50_p2,50,2
real_00057.jpeg,test,real,0,0,0.00018875226669479162,recomp_q50_p2,50,2
real_00007.jpeg,test,real,0,0,0.14119796454906464,recomp_q50_p2,50,2
real_00388.jpeg,test,real,0,0,0.4659438133239746,recomp_q50_p2,50,2
real_00016.jpeg,test,real,0,0,4.700134468293982e-06,recomp_q50_p2,50,2
real_00506.jpeg,test,real,0,0,0.26624128222465515,recomp_q50_p2,50,2
real_00028.jpeg,test,real,0,0,0.0005172715173102915,recomp_q50_p2,50,2
real_00572.jpeg,test,real,0,1,0.8806655406951904,recomp_q50_p2,50,2
real_00381.jpeg,test,real,0,0,0.16866670548915863,recomp_q50_p2,50,2
real_00268.jpeg,test,real,0,0,0.0025500948540866375,recomp_q50_p2,50,2
real_00512.jpeg,test,real,0,0,0.03092259354889393,recomp_q50_p2,50,2
real_00006.jpeg,test,real,0,1,0.9711670875549316,recomp_q50_p2,50,2
real_00289.jpeg,test,real,0,0,0.00307701644487679,recomp_q50_p2,50,2
real_00519.jpeg,test,real,0,0,0.0003408181946724653,recomp_q50_p2,50,2
real_00252.jpeg,test,real,0,0,3.5847722756443545e-05,recomp_q50_p2,50,2
real_00211.jpeg,test,real,0,0,6.658603524556383e-05,recomp_q50_p2,50,2
real_00147.jpeg,test,real,0,0,4.562927642837167e-06,recomp_q50_p2,50,2
real_00181.jpeg,test,real,0,1,0.9600600004196167,recomp_q50_p2,50,2
real_00458.jpeg,test,real,0,0,1.733580938889645e-05,recomp_q50_p2,50,2
real_00329.jpeg,test,real,0,0,5.8934503499585844e-08,recomp_q50_p2,50,2
real_00545.jpeg,test,real,0,0,0.014400779269635677,recomp_q50_p2,50,2
real_00568.jpeg,test,real,0,0,0.008394063450396061,recomp_q50_p2,50,2
real_00031.jpeg,test,real,0,0,0.007014906965196133,recomp_q50_p2,50,2
real_00171.jpeg,test,real,0,0,8.37736369163622e-09,recomp_q50_p2,50,2
real_00320.jpeg,test,real,0,0,0.0008598475833423436,recomp_q50_p2,50,2
real_00083.jpeg,test,real,0,0,0.001756726298481226,recomp_q50_p2,50,2
real_00012.jpeg,test,real,0,0,0.42973244190216064,recomp_q50_p2,50,2
real_00357.jpeg,test,real,0,0,8.521410927642137e-05,recomp_q50_p2,50,2
real_00346.jpeg,test,real,0,0,0.0058938805013895035,recomp_q50_p2,50,2
real_00450.jpeg,test,real,0,1,0.5104641318321228,recomp_q50_p2,50,2
real_00356.jpeg,test,real,0,0,0.12009729444980621,recomp_q50_p2,50,2
real_00594.jpeg,test,real,0,0,0.009116432629525661,recomp_q50_p2,50,2
real_00048.jpeg,test,real,0,0,0.21393617987632751,recomp_q50_p2,50,2
real_00158.jpeg,test,real,0,0,0.0001465011155232787,recomp_q50_p2,50,2
real_00521.jpeg,test,real,0,0,0.1527307629585266,recomp_q50_p2,50,2
real_00285.jpeg,test,real,0,0,0.16154904663562775,recomp_q50_p2,50,2
real_00270.jpeg,test,real,0,0,0.000145890808198601,recomp_q50_p2,50,2
real_00533.jpeg,test,real,0,0,0.11896677315235138,recomp_q50_p2,50,2
real_00494.jpeg,test,real,0,0,0.006721225567162037,recomp_q50_p2,50,2
real_00317.jpeg,test,real,0,0,0.2763241231441498,recomp_q50_p2,50,2
real_00296.jpeg,test,real,0,0,2.6088654792033594e-08,recomp_q50_p2,50,2
real_00237.jpeg,test,real,0,0,9.54401230046642e-07,recomp_q50_p2,50,2
real_00242.jpeg,test,real,0,0,0.013444341719150543,recomp_q50_p2,50,2
real_00584.jpeg,test,real,0,1,0.9427410364151001,recomp_q50_p2,50,2
real_00570.jpeg,test,real,0,0,0.04434484243392944,recomp_q50_p2,50,2
real_00133.jpeg,test,real,0,0,0.002093489747494459,recomp_q50_p2,50,2
real_00047.jpeg,test,real,0,0,2.2909694962436333e-05,recomp_q50_p2,50,2
real_00480.jpeg,test,real,0,0,0.00016523410158697516,recomp_q50_p2,50,2
real_00210.jpeg,test,real,0,0,8.53460151120089e-05,recomp_q50_p2,50,2
real_00301.jpeg,test,real,0,0,0.13648328185081482,recomp_q50_p2,50,2
real_00574.jpeg,test,real,0,0,0.3817155361175537,recomp_q50_p2,50,2
real_00134.jpeg,test,real,0,0,0.26676318049430847,recomp_q50_p2,50,2
real_00597.jpeg,test,real,0,1,0.9812508821487427,recomp_q50_p2,50,2
real_00281.jpeg,test,real,0,1,0.7533764839172363,recomp_q50_p2,50,2
real_00332.jpeg,test,real,0,0,0.09134811908006668,recomp_q50_p2,50,2
real_00415.jpeg,test,real,0,0,9.72060092863103e-07,recomp_q50_p2,50,2
real_00093.jpeg,test,real,0,0,0.00016633368795737624,recomp_q50_p2,50,2
real_00526.jpeg,test,real,0,0,4.8972673539537936e-05,recomp_q50_p2,50,2
real_00259.jpeg,test,real,0,0,0.025980345904827118,recomp_q50_p2,50,2
real_00128.jpeg,test,real,0,0,0.09043647348880768,recomp_q50_p2,50,2
real_00173.jpeg,test,real,0,0,4.050524876220152e-05,recomp_q50_p2,50,2
real_00005.jpeg,test,real,0,0,1.6383626677551888e-09,recomp_q50_p2,50,2
real_00532.jpeg,test,real,0,1,0.9681246876716614,recomp_q50_p2,50,2
real_00061.jpeg,test,real,0,0,0.00016285765741486102,recomp_q50_p2,50,2
real_00313.jpeg,test,real,0,0,1.6823894384287996e-06,recomp_q50_p2,50,2
real_00130.jpeg,test,real,0,0,1.9268834876129404e-05,recomp_q50_p2,50,2
real_00454.jpeg,test,real,0,0,3.3131691452581435e-05,recomp_q50_p2,50,2
real_00204.jpeg,test,real,0,0,0.0008400020305998623,recomp_q50_p2,50,2
real_00337.jpeg,test,real,0,0,0.012854681350290775,recomp_q50_p2,50,2
real_00195.jpeg,test,real,0,0,0.0012189141707494855,recomp_q50_p2,50,2
real_00187.jpeg,test,real,0,0,4.822734808840323e-06,recomp_q50_p2,50,2
real_00489.jpeg,test,real,0,0,2.260453584312927e-06,recomp_q50_p2,50,2
real_00385.jpeg,test,real,0,0,0.012142479419708252,recomp_q50_p2,50,2
real_00221.jpeg,test,real,0,0,3.302368349977769e-05,recomp_q50_p2,50,2
real_00027.jpeg,test,real,0,1,0.9518827795982361,recomp_q50_p2,50,2
real_00022.jpeg,test,real,0,0,1.225105847879604e-06,recomp_q50_p2,50,2
real_00331.jpeg,test,real,0,0,0.20952793955802917,recomp_q50_p2,50,2
real_00159.jpeg,test,real,0,0,4.7042641426742193e-07,recomp_q50_p2,50,2
real_00068.jpeg,test,real,0,0,0.12787164747714996,recomp_q50_p2,50,2
real_00127.jpeg,test,real,0,0,5.673348368873121e-07,recomp_q50_p2,50,2
real_00420.jpeg,test,real,0,0,0.23688310384750366,recomp_q50_p2,50,2
real_00510.jpeg,test,real,0,0,7.50146500649862e-05,recomp_q50_p2,50,2
real_00106.jpeg,test,real,0,0,0.01478891633450985,recomp_q50_p2,50,2
real_00599.jpeg,test,real,0,0,0.00025632540928199887,recomp_q50_p2,50,2
real_00419.jpeg,test,real,0,0,0.00037066085496917367,recomp_q50_p2,50,2
real_00286.jpeg,test,real,0,0,0.021562613546848297,recomp_q50_p2,50,2
real_00341.jpeg,test,real,0,0,0.003592376597225666,recomp_q50_p2,50,2
real_00263.jpeg,test,real,0,0,0.0008248188532888889,recomp_q50_p2,50,2
real_00255.jpeg,test,real,0,1,0.6926483511924744,recomp_q50_p2,50,2
real_00335.jpeg,test,real,0,0,0.00016178705845959485,recomp_q50_p2,50,2
real_00174.jpeg,test,real,0,0,0.0039288317784667015,recomp_q50_p2,50,2
real_00243.jpeg,test,real,0,0,0.4157858192920685,recomp_q50_p2,50,2
real_00140.jpeg,test,real,0,0,0.2906895875930786,recomp_q50_p2,50,2
real_00582.jpeg,test,real,0,0,0.0005848795408383012,recomp_q50_p2,50,2
real_00542.jpeg,test,real,0,0,0.3766559660434723,recomp_q50_p2,50,2
real_00547.jpeg,test,real,0,0,2.08946789825859e-06,recomp_q50_p2,50,2
real_00287.jpeg,test,real,0,1,0.7853909134864807,recomp_q50_p2,50,2
real_00144.jpeg,test,real,0,0,0.01905895583331585,recomp_q50_p2,50,2
real_00214.jpeg,test,real,0,0,0.0023830137215554714,recomp_q50_p2,50,2
real_00234.jpeg,test,real,0,0,0.16211427748203278,recomp_q50_p2,50,2
real_00595.jpeg,test,real,0,0,0.00044686091132462025,recomp_q50_p2,50,2
real_00075.jpeg,test,real,0,0,3.0875142442710057e-09,recomp_q50_p2,50,2
real_00295.jpeg,test,real,0,0,0.0010657969396561384,recomp_q50_p2,50,2
real_00070.jpeg,test,real,0,0,0.006011927500367165,recomp_q50_p2,50,2
real_00148.jpeg,test,real,0,0,2.2338060290394424e-08,recomp_q50_p2,50,2
real_00491.jpeg,test,real,0,1,0.790238618850708,recomp_q50_p2,50,2
real_00090.jpeg,test,real,0,0,0.0016668225871399045,recomp_q50_p2,50,2
real_00063.jpeg,test,real,0,0,0.07454840838909149,recomp_q50_p2,50,2
real_00334.jpeg,test,real,0,0,1.1238345223318902e-06,recomp_q50_p2,50,2
real_00530.jpeg,test,real,0,0,0.0006252522580325603,recomp_q50_p2,50,2
real_00069.jpeg,test,real,0,0,0.00020131086057517678,recomp_q50_p2,50,2
real_00109.jpeg,test,real,0,0,3.208101118090667e-09,recomp_q50_p2,50,2
real_00321.jpeg,test,real,0,0,0.08412867784500122,recomp_q50_p2,50,2
real_00126.jpeg,test,real,0,0,0.3143870532512665,recomp_q50_p2,50,2
real_00358.jpeg,test,real,0,0,0.4289502203464508,recomp_q50_p2,50,2
real_00364.jpeg,test,real,0,0,7.917488255770877e-05,recomp_q50_p2,50,2
real_00209.jpeg,test,real,0,0,0.026625579223036766,recomp_q50_p2,50,2
real_00292.jpeg,test,real,0,0,0.09000647068023682,recomp_q50_p2,50,2
real_00473.jpeg,test,real,0,0,0.005070194136351347,recomp_q50_p2,50,2
real_00367.jpeg,test,real,0,0,0.0004552540776785463,recomp_q50_p2,50,2
real_00228.jpeg,test,real,0,0,0.009440124034881592,recomp_q50_p2,50,2
real_00463.jpeg,test,real,0,0,4.0732666093390435e-05,recomp_q50_p2,50,2
real_00529.jpeg,test,real,0,1,0.9797929525375366,recomp_q50_p2,50,2
real_00376.jpeg,test,real,0,0,4.042868749820627e-05,recomp_q50_p2,50,2
real_00089.jpeg,test,real,0,0,0.015768693760037422,recomp_q50_p2,50,2
real_00409.jpeg,test,real,0,0,2.6668431019061245e-05,recomp_q50_p2,50,2
real_00456.jpeg,test,real,0,0,0.006391614675521851,recomp_q50_p2,50,2
real_00378.jpeg,test,real,0,0,0.07893728464841843,recomp_q50_p2,50,2
real_00596.jpeg,test,real,0,0,0.011124331504106522,recomp_q50_p2,50,2
real_00477.jpeg,test,real,0,0,0.0028486268129199743,recomp_q50_p2,50,2
real_00261.jpeg,test,real,0,0,3.366350210853852e-05,recomp_q50_p2,50,2
real_00273.jpeg,test,real,0,0,0.004230816382914782,recomp_q50_p2,50,2
real_00100.jpeg,test,real,0,0,3.072387233515883e-09,recomp_q50_p2,50,2
real_00080.jpeg,test,real,0,0,1.0830844985321164e-05,recomp_q50_p2,50,2
real_00009.jpeg,test,real,0,1,0.954369068145752,recomp_q50_p2,50,2
real_00167.jpeg,test,real,0,0,5.933025772064671e-12,recomp_q50_p2,50,2
real_00571.jpeg,test,real,0,1,0.8737435936927795,recomp_q50_p2,50,2
real_00218.jpeg,test,real,0,0,1.9150636944686994e-05,recomp_q50_p2,50,2
real_00355.jpeg,test,real,0,0,0.011529242619872093,recomp_q50_p2,50,2
real_00406.jpeg,test,real,0,0,0.034639474004507065,recomp_q50_p2,50,2
real_00302.jpeg,test,real,0,0,0.23026417195796967,recomp_q50_p2,50,2
real_00010.jpeg,test,real,0,1,0.8530047535896301,recomp_q50_p2,50,2
real_00405.jpeg,test,real,0,0,0.00037045840872451663,recomp_q50_p2,50,2
real_00447.jpeg,test,real,0,0,0.0003869932552333921,recomp_q50_p2,50,2
real_00379.jpeg,test,real,0,0,0.0013648440362885594,recomp_q50_p2,50,2
real_00319.jpeg,test,real,0,0,0.49377819895744324,recomp_q50_p2,50,2
real_00543.jpeg,test,real,0,0,0.003007689956575632,recomp_q50_p2,50,2
real_00539.jpeg,test,real,0,0,0.1780747026205063,recomp_q50_p2,50,2
real_00579.jpeg,test,real,0,0,0.050478044897317886,recomp_q50_p2,50,2
real_00459.jpeg,test,real,0,1,0.6751312017440796,recomp_q50_p2,50,2
real_00587.jpeg,test,real,0,0,2.7310134598224067e-08,recomp_q50_p2,50,2
real_00114.jpeg,test,real,0,0,0.0005481248372234404,recomp_q50_p2,50,2
real_00479.jpeg,test,real,0,0,0.00014153210213407874,recomp_q50_p2,50,2
real_00488.jpeg,test,real,0,0,6.9061090471223e-05,recomp_q50_p2,50,2
real_00360.jpeg,test,real,0,0,0.0005397165077738464,recomp_q50_p2,50,2
real_00363.jpeg,test,real,0,0,0.2626437544822693,recomp_q50_p2,50,2
real_00350.jpeg,test,real,0,0,1.0883381037274376e-05,recomp_q50_p2,50,2
real_00441.jpeg,test,real,0,0,0.3368784189224243,recomp_q50_p2,50,2
real_00003.jpeg,test,real,0,0,0.1732654571533203,recomp_q50_p2,50,2
real_00217.jpeg,test,real,0,0,0.00019318333943374455,recomp_q50_p2,50,2
real_00465.jpeg,test,real,0,1,0.6773848533630371,recomp_q50_p2,50,2
real_00442.jpeg,test,real,0,0,0.00668300548568368,recomp_q50_p2,50,2
real_00233.jpeg,test,real,0,0,0.0028833504766225815,recomp_q50_p2,50,2
real_00161.jpeg,test,real,0,0,0.0034226160496473312,recomp_q50_p2,50,2
real_00412.jpeg,test,real,0,0,0.01737719587981701,recomp_q50_p2,50,2
real_00468.jpeg,test,real,0,0,9.45456195040606e-05,recomp_q50_p2,50,2
real_00125.jpeg,test,real,0,0,0.2098158299922943,recomp_q50_p2,50,2
real_00186.jpeg,test,real,0,0,2.3190164029074367e-06,recomp_q50_p2,50,2
real_00172.jpeg,test,real,0,0,1.2410028830345254e-05,recomp_q50_p2,50,2
real_00467.jpeg,test,real,0,0,0.0009218314662575722,recomp_q50_p2,50,2
real_00323.jpeg,test,real,0,0,1.2284050399102853e-06,recomp_q50_p2,50,2
real_00203.jpeg,test,real,0,0,0.005724745336920023,recomp_q50_p2,50,2
real_00552.jpeg,test,real,0,0,0.0010999715887010098,recomp_q50_p2,50,2
real_00034.jpeg,test,real,0,0,0.004814292304217815,recomp_q50_p2,50,2
real_00142.jpeg,test,real,0,0,0.12797151505947113,recomp_q50_p2,50,2
real_00059.jpeg,test,real,0,0,1.1280339094810188e-05,recomp_q50_p2,50,2
real_00021.jpeg,test,real,0,0,0.1274857521057129,recomp_q50_p2,50,2
real_00525.jpeg,test,real,0,0,0.0003664847172331065,recomp_q50_p2,50,2
real_00275.jpeg,test,real,0,0,0.4405212700366974,recomp_q50_p2,50,2
real_00430.jpeg,test,real,0,0,0.0002487862075213343,recomp_q50_p2,50,2
real_00349.jpeg,test,real,0,0,7.379359431070043e-06,recomp_q50_p2,50,2
real_00373.jpeg,test,real,0,0,0.009157538414001465,recomp_q50_p2,50,2
real_00078.jpeg,test,real,0,0,0.05073696747422218,recomp_q50_p2,50,2
real_00437.jpeg,test,real,0,0,2.2418810203816975e-06,recomp_q50_p2,50,2
real_00520.jpeg,test,real,0,0,4.573232217808254e-05,recomp_q50_p2,50,2
real_00564.jpeg,test,real,0,0,0.0007656030938960612,recomp_q50_p2,50,2
real_00578.jpeg,test,real,0,0,0.0007650312618352473,recomp_q50_p2,50,2
real_00225.jpeg,test,real,0,0,0.0032499528024345636,recomp_q50_p2,50,2
real_00232.jpeg,test,real,0,0,4.81031884191907e-06,recomp_q50_p2,50,2
real_00194.jpeg,test,real,0,0,3.5249518581803585e-11,recomp_q50_p2,50,2
real_00278.jpeg,test,real,0,0,0.00020060286624357104,recomp_q50_p2,50,2
real_00168.jpeg,test,real,0,0,0.0001316551206400618,recomp_q50_p2,50,2
real_00145.jpeg,test,real,0,0,0.46791788935661316,recomp_q50_p2,50,2
real_00495.jpeg,test,real,0,0,8.24480812298134e-05,recomp_q50_p2,50,2
real_00236.jpeg,test,real,0,0,0.0013308775378391147,recomp_q50_p2,50,2
real_00121.jpeg,test,real,0,0,0.0018538922304287553,recomp_q50_p2,50,2
real_00455.jpeg,test,real,0,0,0.014625294134020805,recomp_q50_p2,50,2
real_00177.jpeg,test,real,0,1,0.5531079173088074,recomp_q50_p2,50,2
real_00485.jpeg,test,real,0,0,0.000488007819512859,recomp_q50_p2,50,2
real_00136.jpeg,test,real,0,0,0.06175658479332924,recomp_q50_p2,50,2
real_00054.jpeg,test,real,0,0,3.7123443235032028e-06,recomp_q50_p2,50,2
real_00470.jpeg,test,real,0,0,3.297901230325806e-06,recomp_q50_p2,50,2
real_00118.jpeg,test,real,0,0,1.0000914016927709e-06,recomp_q50_p2,50,2
real_00153.jpeg,test,real,0,0,0.027595194056630135,recomp_q50_p2,50,2
real_00384.jpeg,test,real,0,0,0.0007112205494195223,recomp_q50_p2,50,2
real_00115.jpeg,test,real,0,0,0.06114823743700981,recomp_q50_p2,50,2
real_00101.jpeg,test,real,0,0,0.14607450366020203,recomp_q50_p2,50,2
real_00327.jpeg,test,real,0,0,0.2792053520679474,recomp_q50_p2,50,2
real_00164.jpeg,test,real,0,0,0.0006413342198356986,recomp_q50_p2,50,2
real_00538.jpeg,test,real,0,0,0.0005772402510046959,recomp_q50_p2,50,2
real_00049.jpeg,test,real,0,0,0.38113194704055786,recomp_q50_p2,50,2
real_00544.jpeg,test,real,0,0,0.003484447253867984,recomp_q50_p2,50,2
real_00154.jpeg,test,real,0,0,1.977027785926566e-08,recomp_q50_p2,50,2
real_00215.jpeg,test,real,0,0,0.20525120198726654,recomp_q50_p2,50,2
real_00124.jpeg,test,real,0,0,9.96652374851692e-07,recomp_q50_p2,50,2
real_00223.jpeg,test,real,0,0,0.03754596784710884,recomp_q50_p2,50,2
real_00065.jpeg,test,real,0,0,0.0025770277716219425,recomp_q50_p2,50,2
real_00282.jpeg,test,real,0,0,1.4782619473407976e-05,recomp_q50_p2,50,2
real_00267.jpeg,test,real,0,0,0.0022933620493859053,recomp_q50_p2,50,2
real_00343.jpeg,test,real,0,0,0.051651399582624435,recomp_q50_p2,50,2
real_00421.jpeg,test,real,0,0,8.244959576186872e-11,recomp_q50_p2,50,2
real_00531.jpeg,test,real,0,0,0.00011217836436117068,recomp_q50_p2,50,2
real_00575.jpeg,test,real,0,0,0.00113505101762712,recomp_q50_p2,50,2
real_00290.jpeg,test,real,0,0,5.147185675014043e-06,recomp_q50_p2,50,2
real_00336.jpeg,test,real,0,0,6.308967215318262e-08,recomp_q50_p2,50,2
real_00306.jpeg,test,real,0,0,0.12016644328832626,recomp_q50_p2,50,2
real_00231.jpeg,test,real,0,0,0.0021674144081771374,recomp_q50_p2,50,2
real_00002.jpeg,test,real,0,0,0.15283899009227753,recomp_q50_p2,50,2
real_00504.jpeg,test,real,0,0,0.020655781030654907,recomp_q50_p2,50,2
real_00536.jpeg,test,real,0,0,5.181519657782019e-10,recomp_q50_p2,50,2
real_00362.jpeg,test,real,0,0,0.0003671379527077079,recomp_q50_p2,50,2
real_00199.jpeg,test,real,0,0,0.006095435470342636,recomp_q50_p2,50,2
real_00023.jpeg,test,real,0,0,3.417574043851346e-05,recomp_q50_p2,50,2
real_00433.jpeg,test,real,0,0,0.09557852149009705,recomp_q50_p2,50,2
real_00484.jpeg,test,real,0,1,0.505294919013977,recomp_q50_p2,50,2
real_00110.jpeg,test,real,0,0,0.0001060920549207367,recomp_q50_p2,50,2
real_00305.jpeg,test,real,0,1,0.7910059094429016,recomp_q50_p2,50,2
real_00352.jpeg,test,real,0,0,0.0018275853944942355,recomp_q50_p2,50,2
real_00256.jpeg,test,real,0,0,0.007663806900382042,recomp_q50_p2,50,2
real_00404.jpeg,test,real,0,0,3.852783265756443e-05,recomp_q50_p2,50,2
real_00523.jpeg,test,real,0,0,0.1834821105003357,recomp_q50_p2,50,2
real_00513.jpeg,test,real,0,0,0.3847931921482086,recomp_q50_p2,50,2
real_00108.jpeg,test,real,0,0,0.012546349316835403,recomp_q50_p2,50,2
real_00119.jpeg,test,real,0,0,0.12302205711603165,recomp_q50_p2,50,2
real_00511.jpeg,test,real,0,0,0.10487677901983261,recomp_q50_p2,50,2
real_00073.jpeg,test,real,0,0,8.432478715292291e-09,recomp_q50_p2,50,2
real_00469.jpeg,test,real,0,0,0.0011712166015058756,recomp_q50_p2,50,2
real_00035.jpeg,test,real,0,0,2.996595753756992e-07,recomp_q50_p2,50,2
real_00427.jpeg,test,real,0,0,2.2126730527816107e-06,recomp_q50_p2,50,2
real_00000.jpeg,test,real,0,0,0.0007887975662015378,recomp_q50_p2,50,2
real_00066.jpeg,test,real,0,0,6.709543959004804e-05,recomp_q50_p2,50,2
real_00052.jpeg,test,real,0,0,7.1992267294263e-06,recomp_q50_p2,50,2
real_00483.jpeg,test,real,0,0,3.023619228770258e-06,recomp_q50_p2,50,2
real_00020.jpeg,test,real,0,1,0.6867329478263855,recomp_q50_p2,50,2
real_00540.jpeg,test,real,0,0,0.005190983414649963,recomp_q50_p2,50,2
real_00383.jpeg,test,real,0,0,0.001194952055811882,recomp_q50_p2,50,2
real_00129.jpeg,test,real,0,0,1.2800871445506345e-05,recomp_q50_p2,50,2
real_00505.jpeg,test,real,0,0,3.790734046105193e-11,recomp_q50_p2,50,2
real_00517.jpeg,test,real,0,0,0.00039338317583315074,recomp_q50_p2,50,2
real_00291.jpeg,test,real,0,0,0.00011917576193809509,recomp_q50_p2,50,2
real_00328.jpeg,test,real,0,0,0.45728713274002075,recomp_q50_p2,50,2
real_00082.jpeg,test,real,0,0,2.7219393814448267e-06,recomp_q50_p2,50,2
real_00413.jpeg,test,real,0,0,0.0002809332509059459,recomp_q50_p2,50,2
real_00201.jpeg,test,real,0,0,0.060777291655540466,recomp_q50_p2,50,2
real_00422.jpeg,test,real,0,1,0.5820919871330261,recomp_q50_p2,50,2
real_00481.jpeg,test,real,0,1,0.9517762064933777,recomp_q50_p2,50,2
real_00249.jpeg,test,real,0,0,1.0995216143783182e-05,recomp_q50_p2,50,2
real_00591.jpeg,test,real,0,1,0.8161791563034058,recomp_q50_p2,50,2
real_00103.jpeg,test,real,0,0,0.15917077660560608,recomp_q50_p2,50,2
real_00058.jpeg,test,real,0,0,1.549151136259752e-07,recomp_q50_p2,50,2
real_00029.jpeg,test,real,0,0,0.3105780780315399,recomp_q50_p2,50,2
real_00551.jpeg,test,real,0,0,0.003589312545955181,recomp_q50_p2,50,2
real_00453.jpeg,test,real,0,1,1.0,recomp_q50_p2,50,2
real_00041.jpeg,test,real,0,0,0.0007798995357006788,recomp_q50_p2,50,2
real_00316.jpeg,test,real,0,0,0.0006272571044974029,recomp_q50_p2,50,2
real_00449.jpeg,test,real,0,0,0.0007908364641480148,recomp_q50_p2,50,2
real_00198.jpeg,test,real,0,0,0.005087547469884157,recomp_q50_p2,50,2
real_00310.jpeg,test,real,0,0,0.007903327234089375,recomp_q50_p2,50,2
real_00205.jpeg,test,real,0,0,1.2779945564034279e-06,recomp_q50_p2,50,2
real_00011.jpeg,test,real,0,0,0.00626531383022666,recomp_q50_p2,50,2
real_00556.jpeg,test,real,0,0,0.0035087009891867638,recomp_q50_p2,50,2
real_00294.jpeg,test,real,0,0,4.0106278902385384e-05,recomp_q50_p2,50,2
real_00112.jpeg,test,real,0,1,0.8785464763641357,recomp_q50_p2,50,2
real_00170.jpeg,test,real,0,0,8.445722050964832e-05,recomp_q50_p2,50,2
real_00569.jpeg,test,real,0,0,1.7340224076178856e-05,recomp_q50_p2,50,2
real_00318.jpeg,test,real,0,0,0.0007348781218752265,recomp_q50_p2,50,2
real_00397.jpeg,test,real,0,0,0.0005071705090813339,recomp_q50_p2,50,2
real_00014.jpeg,test,real,0,0,0.011674454435706139,recomp_q50_p2,50,2
real_00196.jpeg,test,real,0,0,4.519338360844689e-15,recomp_q50_p2,50,2
real_00191.jpeg,test,real,0,1,0.73650062084198,recomp_q50_p2,50,2
real_00192.jpeg,test,real,0,0,3.6419018556443916e-07,recomp_q50_p2,50,2
real_00353.jpeg,test,real,0,1,0.8030868768692017,recomp_q50_p2,50,2
real_00254.jpeg,test,real,0,0,7.393283885903656e-05,recomp_q50_p2,50,2
real_00169.jpeg,test,real,0,0,6.527712685056031e-06,recomp_q50_p2,50,2
real_00370.jpeg,test,real,0,0,3.0414790685995285e-09,recomp_q50_p2,50,2
real_00004.jpeg,test,real,0,0,0.03965369611978531,recomp_q50_p2,50,2
real_00368.jpeg,test,real,0,0,0.17439810931682587,recomp_q50_p2,50,2
real_00417.jpeg,test,real,0,0,0.11525624990463257,recomp_q50_p2,50,2
real_00333.jpeg,test,real,0,0,2.6180407530773664e-06,recomp_q50_p2,50,2
real_00123.jpeg,test,real,0,0,0.003238403471186757,recomp_q50_p2,50,2
real_00380.jpeg,test,real,0,0,5.7510906117386185e-06,recomp_q50_p2,50,2
real_00179.jpeg,test,real,0,0,0.0006587065872736275,recomp_q50_p2,50,2
real_00400.jpeg,test,real,0,0,0.0014006925048306584,recomp_q50_p2,50,2
real_00369.jpeg,test,real,0,0,0.05321355536580086,recomp_q50_p2,50,2
real_00051.jpeg,test,real,0,0,0.16591806709766388,recomp_q50_p2,50,2
real_00097.jpeg,test,real,0,0,2.366884655202739e-05,recomp_q50_p2,50,2
real_00515.jpeg,test,real,0,0,0.017313046380877495,recomp_q50_p2,50,2
real_00446.jpeg,test,real,0,0,0.0013032773276790977,recomp_q50_p2,50,2
real_00155.jpeg,test,real,0,0,0.0035494959447532892,recomp_q50_p2,50,2
real_00277.jpeg,test,real,0,0,0.0005599437863565981,recomp_q50_p2,50,2
real_00098.jpeg,test,real,0,0,9.845515160122886e-05,recomp_q50_p2,50,2
real_00107.jpeg,test,real,0,0,0.09427396953105927,recomp_q50_p2,50,2
real_00087.jpeg,test,real,0,0,5.494946890394203e-06,recomp_q50_p2,50,2
real_00565.jpeg,test,real,0,0,1.6462806118333617e-10,recomp_q50_p2,50,2
real_00280.jpeg,test,real,0,0,9.391455932927784e-06,recomp_q50_p2,50,2
real_00507.jpeg,test,real,0,0,1.8641739529812185e-07,recomp_q50_p2,50,2
real_00326.jpeg,test,real,0,0,0.07388994842767715,recomp_q50_p2,50,2
real_00244.jpeg,test,real,0,0,1.6228662511053038e-11,recomp_q50_p2,50,2
real_00033.jpeg,test,real,0,0,0.0014479608507826924,recomp_q50_p2,50,2
real_00064.jpeg,test,real,0,0,1.3737872173180676e-08,recomp_q50_p2,50,2
real_00013.jpeg,test,real,0,0,9.498664965690296e-09,recomp_q50_p2,50,2
real_00183.jpeg,test,real,0,1,0.5231371521949768,recomp_q50_p2,50,2
real_00030.jpeg,test,real,0,0,0.0001020527706714347,recomp_q50_p2,50,2
real_00474.jpeg,test,real,0,0,7.145615086301405e-07,recomp_q50_p2,50,2
real_00558.jpeg,test,real,0,0,0.018612008541822433,recomp_q50_p2,50,2
real_00088.jpeg,test,real,0,0,0.010632307268679142,recomp_q50_p2,50,2
real_00436.jpeg,test,real,0,1,0.6021436452865601,recomp_q50_p2,50,2
real_00518.jpeg,test,real,0,0,9.929439329425804e-06,recomp_q50_p2,50,2
real_00111.jpeg,test,real,0,0,0.00016331544611603022,recomp_q50_p2,50,2
real_00122.jpeg,test,real,0,0,0.3645026385784149,recomp_q50_p2,50,2
real_00461.jpeg,test,real,0,0,0.023164160549640656,recomp_q50_p2,50,2
real_00239.jpeg,test,real,0,0,0.001270701177418232,recomp_q50_p2,50,2
real_00408.jpeg,test,real,0,0,0.00012759117817040533,recomp_q50_p2,50,2
real_00460.jpeg,test,real,0,0,0.025011690333485603,recomp_q50_p2,50,2
real_00138.jpeg,test,real,0,0,0.0007410223479382694,recomp_q50_p2,50,2
real_00429.jpeg,test,real,0,0,0.00039499395643360913,recomp_q50_p2,50,2
real_00462.jpeg,test,real,0,0,2.8001509444486317e-10,recomp_q50_p2,50,2
real_00113.jpeg,test,real,0,1,0.5572946667671204,recomp_q50_p2,50,2
real_00391.jpeg,test,real,0,0,0.00010505584941711277,recomp_q50_p2,50,2
real_00303.jpeg,test,real,0,0,2.258378572150832e-06,recomp_q50_p2,50,2
real_00592.jpeg,test,real,0,0,1.7231839755594473e-16,recomp_q50_p2,50,2
real_00157.jpeg,test,real,0,0,0.02631971426308155,recomp_q50_p2,50,2
real_00475.jpeg,test,real,0,0,2.898404090956319e-05,recomp_q50_p2,50,2
real_00071.jpeg,test,real,0,0,0.09986943751573563,recomp_q50_p2,50,2
real_00235.jpeg,test,real,0,0,0.0001446758833480999,recomp_q50_p2,50,2
real_00067.jpeg,test,real,0,0,1.7008293070830405e-05,recomp_q50_p2,50,2
real_00502.jpeg,test,real,0,0,0.01303460355848074,recomp_q50_p2,50,2
real_00099.jpeg,test,real,0,0,0.0011020167730748653,recomp_q50_p2,50,2
real_00508.jpeg,test,real,0,0,0.0025796571280807257,recomp_q50_p2,50,2
real_00036.jpeg,test,real,0,0,0.001870249747298658,recomp_q50_p2,50,2
real_00149.jpeg,test,real,0,0,1.6269140701297147e-07,recomp_q50_p2,50,2
real_00220.jpeg,test,real,0,0,0.007711904589086771,recomp_q50_p2,50,2
real_00418.jpeg,test,real,0,0,0.002080916427075863,recomp_q50_p2,50,2
real_00466.jpeg,test,real,0,0,0.11770602315664291,recomp_q50_p2,50,2
real_00120.jpeg,test,real,0,0,0.0012793861096724868,recomp_q50_p2,50,2
real_00139.jpeg,test,real,0,0,0.06334031373262405,recomp_q50_p2,50,2
real_00589.jpeg,test,real,0,1,0.9862924814224243,recomp_q50_p2,50,2
real_00276.jpeg,test,real,0,0,0.027219513431191444,recomp_q50_p2,50,2
real_00377.jpeg,test,real,0,0,0.14835095405578613,recomp_q50_p2,50,2
real_00175.jpeg,test,real,0,0,0.23175181448459625,recomp_q50_p2,50,2
real_00001.jpeg,test,real,0,0,4.727749546873383e-05,recomp_q50_p2,50,2
real_00424.jpeg,test,real,0,0,5.438528023660183e-05,recomp_q50_p2,50,2
real_00197.jpeg,test,real,0,0,7.408584497170523e-05,recomp_q50_p2,50,2
real_00246.jpeg,test,real,0,0,0.0074725705198943615,recomp_q50_p2,50,2
real_00325.jpeg,test,real,0,0,0.027411771938204765,recomp_q50_p2,50,2
real_00150.jpeg,test,real,0,0,3.502433401081362e-07,recomp_q50_p2,50,2
real_00501.jpeg,test,real,0,0,1.010942867196718e-07,recomp_q50_p2,50,2
real_00428.jpeg,test,real,0,0,0.0017208567587658763,recomp_q50_p2,50,2
real_00222.jpeg,test,real,0,0,0.21036915481090546,recomp_q50_p2,50,2
real_00045.jpeg,test,real,0,0,0.0067855664528906345,recomp_q50_p2,50,2
real_00338.jpeg,test,real,0,0,2.8046066290698946e-05,recomp_q50_p2,50,2
real_00390.jpeg,test,real,0,0,0.004200879484415054,recomp_q50_p2,50,2
real_00062.jpeg,test,real,0,0,6.25489410595037e-05,recomp_q50_p2,50,2
real_00426.jpeg,test,real,0,0,5.0452865252736956e-05,recomp_q50_p2,50,2
real_00247.jpeg,test,real,0,0,0.09630487114191055,recomp_q50_p2,50,2
real_00152.jpeg,test,real,0,0,0.003242136910557747,recomp_q50_p2,50,2
real_00156.jpeg,test,real,0,0,0.0006033688550814986,recomp_q50_p2,50,2
real_00084.jpeg,test,real,0,0,0.007591055706143379,recomp_q50_p2,50,2
real_00212.jpeg,test,real,0,0,0.11290513724088669,recomp_q50_p2,50,2
real_00184.jpeg,test,real,0,0,0.014800001867115498,recomp_q50_p2,50,2
real_00309.jpeg,test,real,0,0,0.0012471022782847285,recomp_q50_p2,50,2
real_00423.jpeg,test,real,0,0,0.43164536356925964,recomp_q50_p2,50,2
real_00095.jpeg,test,real,0,0,0.0005965653690509498,recomp_q50_p2,50,2
real_00264.jpeg,test,real,0,0,0.004611861426383257,recomp_q50_p2,50,2
real_00105.jpeg,test,real,0,0,0.041553616523742676,recomp_q50_p2,50,2
real_00024.jpeg,test,real,0,0,7.28232691926678e-08,recomp_q50_p2,50,2
real_00293.jpeg,test,real,0,0,1.0535007277212571e-05,recomp_q50_p2,50,2
real_00311.jpeg,test,real,0,0,0.00021305303380358964,recomp_q50_p2,50,2
real_00032.jpeg,test,real,0,0,0.16483037173748016,recomp_q50_p2,50,2
real_00374.jpeg,test,real,0,0,0.00023611600045114756,recomp_q50_p2,50,2
real_00492.jpeg,test,real,0,0,0.0008674237178638577,recomp_q50_p2,50,2
real_00162.jpeg,test,real,0,0,0.00801416952162981,recomp_q50_p2,50,2
real_00588.jpeg,test,real,0,0,0.0020816936157643795,recomp_q50_p2,50,2
real_00411.jpeg,test,real,0,0,0.0063852583989501,recomp_q50_p2,50,2
real_00241.jpeg,test,real,0,0,0.11023296415805817,recomp_q50_p2,50,2
real_00432.jpeg,test,real,0,1,0.5190059542655945,recomp_q50_p2,50,2
real_00025.jpeg,test,real,0,0,0.005674436688423157,recomp_q50_p2,50,2
real_00079.jpeg,test,real,0,0,0.39072293043136597,recomp_q50_p2,50,2
real_00351.jpeg,test,real,0,0,0.019172638654708862,recomp_q50_p2,50,2
real_00590.jpeg,test,real,0,0,1.0621966794133186e-05,recomp_q50_p2,50,2
real_00240.jpeg,test,real,0,0,0.0010504663223400712,recomp_q50_p2,50,2
real_00583.jpeg,test,real,0,0,0.0011874677147716284,recomp_q50_p2,50,2
real_00116.jpeg,test,real,0,0,0.18806445598602295,recomp_q50_p2,50,2
real_00081.jpeg,test,real,0,0,0.005660860799252987,recomp_q50_p2,50,2
real_00224.jpeg,test,real,0,0,0.057544175535440445,recomp_q50_p2,50,2
real_00372.jpeg,test,real,0,0,0.00347379082813859,recomp_q50_p2,50,2
real_00074.jpeg,test,real,0,0,0.004260519985109568,recomp_q50_p2,50,2
real_00555.jpeg,test,real,0,0,1.2664365385717247e-05,recomp_q50_p2,50,2
real_00399.jpeg,test,real,0,0,9.090542334888596e-06,recomp_q50_p2,50,2
real_00308.jpeg,test,real,0,0,0.01982530765235424,recomp_q50_p2,50,2
real_00132.jpeg,test,real,0,0,0.059029147028923035,recomp_q50_p2,50,2
real_00478.jpeg,test,real,0,0,1.4345245290314779e-05,recomp_q50_p2,50,2
real_00435.jpeg,test,real,0,0,2.39064434026659e-07,recomp_q50_p2,50,2
real_00072.jpeg,test,real,0,0,0.0663955956697464,recomp_q50_p2,50,2
real_00037.jpeg,test,real,0,1,0.7687653303146362,recomp_q50_p2,50,2
real_00272.jpeg,test,real,0,0,0.19544531404972076,recomp_q50_p2,50,2
real_00102.jpeg,test,real,0,0,0.060200609266757965,recomp_q50_p2,50,2
real_00044.jpeg,test,real,0,0,0.08325275778770447,recomp_q50_p2,50,2
real_00546.jpeg,test,real,0,0,0.05217328295111656,recomp_q50_p2,50,2
real_00146.jpeg,test,real,0,0,0.0011140544665977359,recomp_q50_p2,50,2
real_00361.jpeg,test,real,0,0,0.0006086218054406345,recomp_q50_p2,50,2
real_00498.jpeg,test,real,0,0,0.01070303376764059,recomp_q50_p2,50,2
real_00567.jpeg,test,real,0,0,5.250544177215488e-07,recomp_q50_p2,50,2
real_00229.jpeg,test,real,0,0,0.0015564486384391785,recomp_q50_p2,50,2
real_00573.jpeg,test,real,0,0,0.0001319294678978622,recomp_q50_p2,50,2
real_00452.jpeg,test,real,0,0,0.07175140082836151,recomp_q50_p2,50,2
real_00258.jpeg,test,real,0,0,0.020839693024754524,recomp_q50_p2,50,2
real_00581.jpeg,test,real,0,0,0.04754779487848282,recomp_q50_p2,50,2
real_00340.jpeg,test,real,0,0,0.14193373918533325,recomp_q50_p2,50,2
real_00516.jpeg,test,real,0,0,4.878036197197844e-09,recomp_q50_p2,50,2
real_00524.jpeg,test,real,0,0,0.0028331803623586893,recomp_q50_p2,50,2
real_00554.jpeg,test,real,0,0,0.00709341187030077,recomp_q50_p2,50,2
real_00299.jpeg,test,real,0,0,2.215289818252586e-08,recomp_q50_p2,50,2
real_00439.jpeg,test,real,0,0,0.00010109638242283836,recomp_q50_p2,50,2
real_00166.jpeg,test,real,0,0,0.000518468557856977,recomp_q50_p2,50,2
real_00392.jpeg,test,real,0,0,0.00027570489328354597,recomp_q50_p2,50,2
real_00086.jpeg,test,real,0,0,1.5357270967797376e-05,recomp_q50_p2,50,2
real_00537.jpeg,test,real,0,1,0.5278106927871704,recomp_q50_p2,50,2
real_00431.jpeg,test,real,0,0,3.4972467233274074e-07,recomp_q50_p2,50,2
real_00389.jpeg,test,real,0,0,2.9671454626623017e-08,recomp_q50_p2,50,2
real_00534.jpeg,test,real,0,0,4.1706897491167183e-07,recomp_q50_p2,50,2
real_00541.jpeg,test,real,0,0,9.635705566779507e-09,recomp_q50_p2,50,2
real_00094.jpeg,test,real,0,1,0.9331912994384766,recomp_q50_p2,50,2
real_00226.jpeg,test,real,0,0,0.0017892502946779132,recomp_q50_p2,50,2
real_00200.jpeg,test,real,0,0,0.0066912975162267685,recomp_q50_p2,50,2
real_00330.jpeg,test,real,0,0,1.5899405525487964e-06,recomp_q50_p2,50,2
real_00091.jpeg,test,real,0,1,0.7646018862724304,recomp_q50_p2,50,2
real_00472.jpeg,test,real,0,0,1.4255805425023027e-09,recomp_q50_p2,50,2
real_00493.jpeg,test,real,0,0,0.0003511569229885936,recomp_q50_p2,50,2
real_00053.jpeg,test,real,0,0,6.217052428425518e-10,recomp_q50_p2,50,2
real_00298.jpeg,test,real,0,0,0.1875176727771759,recomp_q50_p2,50,2
real_00366.jpeg,test,real,0,0,0.002125451574102044,recomp_q50_p2,50,2
real_00182.jpeg,test,real,0,0,3.5038454370805994e-05,recomp_q50_p2,50,2
real_00490.jpeg,test,real,0,0,0.004492634907364845,recomp_q50_p2,50,2
real_00593.jpeg,test,real,0,0,0.3379903733730316,recomp_q50_p2,50,2
real_00137.jpeg,test,real,0,0,0.0003915468987543136,recomp_q50_p2,50,2
real_00314.jpeg,test,real,0,0,0.06068951264023781,recomp_q50_p2,50,2
real_00471.jpeg,test,real,0,0,0.014634099788963795,recomp_q50_p2,50,2
real_00365.jpeg,test,real,0,0,0.0012603639625012875,recomp_q50_p2,50,2
real_00042.jpeg,test,real,0,0,1.4143503790364775e-07,recomp_q50_p2,50,2
real_00448.jpeg,test,real,0,0,0.296537846326828,recomp_q50_p2,50,2
real_00188.jpeg,test,real,0,0,0.00017819160711951554,recomp_q50_p2,50,2
real_00245.jpeg,test,real,0,0,0.04214747995138168,recomp_q50_p2,50,2
real_00509.jpeg,test,real,0,0,2.1218571419012733e-05,recomp_q50_p2,50,2
real_00265.jpeg,test,real,0,0,0.0038300903979688883,recomp_q50_p2,50,2
real_00443.jpeg,test,real,0,0,0.0005973977386020124,recomp_q50_p2,50,2
real_00284.jpeg,test,real,0,0,0.005814597941935062,recomp_q50_p2,50,2
real_00386.jpeg,test,real,0,0,1.0456512427481357e-05,recomp_q50_p2,50,2
real_00548.jpeg,test,real,0,0,4.145455477555515e-06,recomp_q50_p2,50,2
real_00487.jpeg,test,real,0,0,0.00598389096558094,recomp_q50_p2,50,2
real_00549.jpeg,test,real,0,0,0.34112292528152466,recomp_q50_p2,50,2
real_00315.jpeg,test,real,0,0,0.001108762458898127,recomp_q50_p2,50,2
real_00464.jpeg,test,real,0,0,0.003275281051173806,recomp_q50_p2,50,2
midjourney_00068.png,test,midjourney,1,0,0.0008115342352539301,recomp_q50_p2,50,2
vqdm_00062.png,test,vqdm,1,1,0.7928102612495422,recomp_q50_p2,50,2
adm_00019.png,test,adm,1,1,0.9373006224632263,recomp_q50_p2,50,2
midjourney_00077.png,test,midjourney,1,0,0.0006760131800547242,recomp_q50_p2,50,2
adm_00074.png,test,adm,1,1,0.9997496008872986,recomp_q50_p2,50,2
wukong_00038.png,test,wukong,1,1,0.9998775720596313,recomp_q50_p2,50,2
biggan_00049.png,test,biggan,1,0,0.20465606451034546,recomp_q50_p2,50,2
midjourney_00036.png,test,midjourney,1,0,0.1687576323747635,recomp_q50_p2,50,2
glide_00074.png,test,glide,1,0,0.11713750660419464,recomp_q50_p2,50,2
sdv5_00043.png,test,sdv5,1,0,0.16117790341377258,recomp_q50_p2,50,2
wukong_00067.png,test,wukong,1,1,0.9945043921470642,recomp_q50_p2,50,2
vqdm_00041.png,test,vqdm,1,0,0.1434599906206131,recomp_q50_p2,50,2
wukong_00066.png,test,wukong,1,0,0.26123785972595215,recomp_q50_p2,50,2
vqdm_00061.png,test,vqdm,1,1,0.999849796295166,recomp_q50_p2,50,2
biggan_00010.png,test,biggan,1,0,0.19583314657211304,recomp_q50_p2,50,2
midjourney_00011.png,test,midjourney,1,1,0.9983342289924622,recomp_q50_p2,50,2
adm_00067.png,test,adm,1,1,0.9960681200027466,recomp_q50_p2,50,2
adm_00063.png,test,adm,1,1,0.9645511507987976,recomp_q50_p2,50,2
wukong_00015.png,test,wukong,1,1,0.958011269569397,recomp_q50_p2,50,2
vqdm_00004.png,test,vqdm,1,0,0.49109041690826416,recomp_q50_p2,50,2
midjourney_00005.png,test,midjourney,1,0,0.44967666268348694,recomp_q50_p2,50,2
adm_00014.png,test,adm,1,1,0.9999638795852661,recomp_q50_p2,50,2
glide_00069.png,test,glide,1,0,0.002481238916516304,recomp_q50_p2,50,2
vqdm_00010.png,test,vqdm,1,1,0.9999998807907104,recomp_q50_p2,50,2
sdv5_00046.png,test,sdv5,1,1,0.9929583072662354,recomp_q50_p2,50,2
wukong_00023.png,test,wukong,1,1,0.7461138963699341,recomp_q50_p2,50,2
midjourney_00074.png,test,midjourney,1,1,0.7157686352729797,recomp_q50_p2,50,2
midjourney_00039.png,test,midjourney,1,1,0.881069004535675,recomp_q50_p2,50,2
vqdm_00024.png,test,vqdm,1,1,0.7221625447273254,recomp_q50_p2,50,2
wukong_00075.png,test,wukong,1,1,0.849107563495636,recomp_q50_p2,50,2
biggan_00050.png,test,biggan,1,1,0.9713096618652344,recomp_q50_p2,50,2
midjourney_00059.png,test,midjourney,1,1,0.8503488302230835,recomp_q50_p2,50,2
biggan_00029.png,test,biggan,1,0,1.105802584788762e-05,recomp_q50_p2,50,2
sdv5_00039.png,test,sdv5,1,1,0.7657499313354492,recomp_q50_p2,50,2
glide_00061.png,test,glide,1,0,0.02024013176560402,recomp_q50_p2,50,2
biggan_00012.png,test,biggan,1,0,0.0196793582290411,recomp_q50_p2,50,2
biggan_00080.png,test,biggan,1,1,0.9926682114601135,recomp_q50_p2,50,2
glide_00053.png,test,glide,1,0,0.09979896992444992,recomp_q50_p2,50,2
vqdm_00006.png,test,vqdm,1,1,0.621337890625,recomp_q50_p2,50,2
adm_00023.png,test,adm,1,1,0.9999798536300659,recomp_q50_p2,50,2
sdv5_00054.png,test,sdv5,1,1,0.9772956967353821,recomp_q50_p2,50,2
midjourney_00021.png,test,midjourney,1,1,0.9923194050788879,recomp_q50_p2,50,2
vqdm_00065.png,test,vqdm,1,0,0.010367676615715027,recomp_q50_p2,50,2
biggan_00055.png,test,biggan,1,0,0.0014651825185865164,recomp_q50_p2,50,2
wukong_00003.png,test,wukong,1,1,0.9969010353088379,recomp_q50_p2,50,2
biggan_00022.png,test,biggan,1,0,0.002013801597058773,recomp_q50_p2,50,2
biggan_00081.png,test,biggan,1,0,0.1365443468093872,recomp_q50_p2,50,2
vqdm_00049.png,test,vqdm,1,1,0.709220290184021,recomp_q50_p2,50,2
sdv5_00076.png,test,sdv5,1,1,0.9997203946113586,recomp_q50_p2,50,2
vqdm_00011.png,test,vqdm,1,1,0.6439841985702515,recomp_q50_p2,50,2
adm_00039.png,test,adm,1,1,0.9999573230743408,recomp_q50_p2,50,2
glide_00023.png,test,glide,1,0,0.04081055521965027,recomp_q50_p2,50,2
sdv5_00063.png,test,sdv5,1,1,0.9962132573127747,recomp_q50_p2,50,2
biggan_00059.png,test,biggan,1,1,0.6257818341255188,recomp_q50_p2,50,2
glide_00015.png,test,glide,1,1,0.8949180841445923,recomp_q50_p2,50,2
wukong_00047.png,test,wukong,1,1,0.7931921482086182,recomp_q50_p2,50,2
vqdm_00037.png,test,vqdm,1,1,0.9402201175689697,recomp_q50_p2,50,2
wukong_00080.png,test,wukong,1,1,0.9999696016311646,recomp_q50_p2,50,2
midjourney_00076.png,test,midjourney,1,1,0.989777147769928,recomp_q50_p2,50,2
sdv5_00061.png,test,sdv5,1,1,0.9999921321868896,recomp_q50_p2,50,2
adm_00029.png,test,adm,1,1,0.9930258989334106,recomp_q50_p2,50,2
glide_00039.png,test,glide,1,1,0.8115752339363098,recomp_q50_p2,50,2
adm_00072.png,test,adm,1,0,0.03789056837558746,recomp_q50_p2,50,2
sdv5_00051.png,test,sdv5,1,1,0.9999939203262329,recomp_q50_p2,50,2
sdv5_00066.png,test,sdv5,1,1,0.8833760619163513,recomp_q50_p2,50,2
midjourney_00078.png,test,midjourney,1,1,0.9999719858169556,recomp_q50_p2,50,2
vqdm_00017.png,test,vqdm,1,0,0.020053807646036148,recomp_q50_p2,50,2
sdv5_00073.png,test,sdv5,1,1,0.9623464941978455,recomp_q50_p2,50,2
midjourney_00045.png,test,midjourney,1,1,0.6971955299377441,recomp_q50_p2,50,2
vqdm_00073.png,test,vqdm,1,0,0.1942390352487564,recomp_q50_p2,50,2
sdv5_00008.png,test,sdv5,1,1,0.9998621940612793,recomp_q50_p2,50,2
midjourney_00061.png,test,midjourney,1,0,0.013530779629945755,recomp_q50_p2,50,2
adm_00015.png,test,adm,1,1,0.9998522996902466,recomp_q50_p2,50,2
vqdm_00068.png,test,vqdm,1,0,0.001459431485272944,recomp_q50_p2,50,2
midjourney_00053.png,test,midjourney,1,1,0.9999828338623047,recomp_q50_p2,50,2
sdv5_00050.png,test,sdv5,1,1,0.9973499774932861,recomp_q50_p2,50,2
glide_00050.png,test,glide,1,1,0.7547602653503418,recomp_q50_p2,50,2
midjourney_00069.png,test,midjourney,1,1,0.5213189721107483,recomp_q50_p2,50,2
glide_00038.png,test,glide,1,0,0.2463071048259735,recomp_q50_p2,50,2
biggan_00011.png,test,biggan,1,0,8.731894195079803e-05,recomp_q50_p2,50,2
biggan_00082.png,test,biggan,1,1,0.879917562007904,recomp_q50_p2,50,2
wukong_00005.png,test,wukong,1,1,0.9999154806137085,recomp_q50_p2,50,2
wukong_00014.png,test,wukong,1,1,0.9994926452636719,recomp_q50_p2,50,2
midjourney_00071.png,test,midjourney,1,0,0.0016446608351543546,recomp_q50_p2,50,2
midjourney_00009.png,test,midjourney,1,1,0.6268323659896851,recomp_q50_p2,50,2
midjourney_00044.png,test,midjourney,1,1,0.9585816860198975,recomp_q50_p2,50,2
biggan_00017.png,test,biggan,1,1,0.8040534257888794,recomp_q50_p2,50,2
glide_00082.png,test,glide,1,0,0.05708532780408859,recomp_q50_p2,50,2
glide_00037.png,test,glide,1,0,0.04254833236336708,recomp_q50_p2,50,2
adm_00027.png,test,adm,1,1,0.998153030872345,recomp_q50_p2,50,2
midjourney_00024.png,test,midjourney,1,1,0.9998530149459839,recomp_q50_p2,50,2
glide_00033.png,test,glide,1,0,0.2705761790275574,recomp_q50_p2,50,2
midjourney_00007.png,test,midjourney,1,1,0.9749116897583008,recomp_q50_p2,50,2
sdv5_00072.png,test,sdv5,1,1,0.642146646976471,recomp_q50_p2,50,2
wukong_00022.png,test,wukong,1,1,0.9925668239593506,recomp_q50_p2,50,2
vqdm_00032.png,test,vqdm,1,0,3.220443250029348e-05,recomp_q50_p2,50,2
glide_00009.png,test,glide,1,1,0.8236440420150757,recomp_q50_p2,50,2
biggan_00030.png,test,biggan,1,0,0.01536470651626587,recomp_q50_p2,50,2
wukong_00057.png,test,wukong,1,1,0.9808868169784546,recomp_q50_p2,50,2
adm_00079.png,test,adm,1,1,0.9999926090240479,recomp_q50_p2,50,2
vqdm_00031.png,test,vqdm,1,1,0.9905043244361877,recomp_q50_p2,50,2
glide_00010.png,test,glide,1,1,1.0,recomp_q50_p2,50,2
wukong_00009.png,test,wukong,1,1,0.9820698499679565,recomp_q50_p2,50,2
glide_00013.png,test,glide,1,0,0.000369099696399644,recomp_q50_p2,50,2
vqdm_00023.png,test,vqdm,1,0,0.0671377032995224,recomp_q50_p2,50,2
sdv5_00011.png,test,sdv5,1,1,0.5785114169120789,recomp_q50_p2,50,2
sdv5_00047.png,test,sdv5,1,1,0.9997515082359314,recomp_q50_p2,50,2
sdv5_00009.png,test,sdv5,1,1,0.9406031966209412,recomp_q50_p2,50,2
sdv5_00010.png,test,sdv5,1,1,0.9815038442611694,recomp_q50_p2,50,2
glide_00076.png,test,glide,1,0,0.3022061288356781,recomp_q50_p2,50,2
adm_00081.png,test,adm,1,1,0.9955394864082336,recomp_q50_p2,50,2
sdv5_00023.png,test,sdv5,1,1,0.9987649917602539,recomp_q50_p2,50,2
biggan_00003.png,test,biggan,1,0,0.015189633704721928,recomp_q50_p2,50,2
wukong_00061.png,test,wukong,1,1,0.8588674068450928,recomp_q50_p2,50,2
adm_00085.png,test,adm,1,0,0.11211179941892624,recomp_q50_p2,50,2
midjourney_00014.png,test,midjourney,1,1,0.9101834297180176,recomp_q50_p2,50,2
vqdm_00042.png,test,vqdm,1,0,0.03193875402212143,recomp_q50_p2,50,2
wukong_00076.png,test,wukong,1,1,0.9990662932395935,recomp_q50_p2,50,2
vqdm_00035.png,test,vqdm,1,0,0.004579577594995499,recomp_q50_p2,50,2
sdv5_00037.png,test,sdv5,1,1,0.9061369299888611,recomp_q50_p2,50,2
biggan_00000.png,test,biggan,1,0,0.10902630537748337,recomp_q50_p2,50,2
sdv5_00053.png,test,sdv5,1,1,0.999830961227417,recomp_q50_p2,50,2
midjourney_00034.png,test,midjourney,1,1,0.9942687749862671,recomp_q50_p2,50,2
wukong_00033.png,test,wukong,1,1,0.9866946935653687,recomp_q50_p2,50,2
glide_00011.png,test,glide,1,0,0.08190367370843887,recomp_q50_p2,50,2
glide_00008.png,test,glide,1,1,0.6146349310874939,recomp_q50_p2,50,2
adm_00044.png,test,adm,1,0,0.4251571595668793,recomp_q50_p2,50,2
sdv5_00029.png,test,sdv5,1,1,0.9999747276306152,recomp_q50_p2,50,2
sdv5_00081.png,test,sdv5,1,1,0.9999433755874634,recomp_q50_p2,50,2
sdv5_00040.png,test,sdv5,1,1,0.6821561455726624,recomp_q50_p2,50,2
adm_00042.png,test,adm,1,1,0.7733274698257446,recomp_q50_p2,50,2
sdv5_00059.png,test,sdv5,1,1,0.9403636455535889,recomp_q50_p2,50,2
wukong_00017.png,test,wukong,1,1,0.9998917579650879,recomp_q50_p2,50,2
wukong_00058.png,test,wukong,1,1,0.9999223947525024,recomp_q50_p2,50,2
adm_00086.png,test,adm,1,1,0.9984928369522095,recomp_q50_p2,50,2
midjourney_00049.png,test,midjourney,1,1,0.9577153921127319,recomp_q50_p2,50,2
midjourney_00065.png,test,midjourney,1,1,0.9999997615814209,recomp_q50_p2,50,2
midjourney_00006.png,test,midjourney,1,1,0.9831358790397644,recomp_q50_p2,50,2
wukong_00079.png,test,wukong,1,1,0.9989074468612671,recomp_q50_p2,50,2
sdv5_00085.png,test,sdv5,1,1,0.9999916553497314,recomp_q50_p2,50,2
sdv5_00065.png,test,sdv5,1,1,0.9455143213272095,recomp_q50_p2,50,2
wukong_00037.png,test,wukong,1,1,0.982680082321167,recomp_q50_p2,50,2
biggan_00032.png,test,biggan,1,0,0.0009319689124822617,recomp_q50_p2,50,2
wukong_00011.png,test,wukong,1,1,0.999962329864502,recomp_q50_p2,50,2
biggan_00053.png,test,biggan,1,1,0.9970843195915222,recomp_q50_p2,50,2
sdv5_00005.png,test,sdv5,1,1,0.9597941040992737,recomp_q50_p2,50,2
adm_00057.png,test,adm,1,1,0.6487653255462646,recomp_q50_p2,50,2
wukong_00024.png,test,wukong,1,1,0.9801347851753235,recomp_q50_p2,50,2
glide_00056.png,test,glide,1,1,0.9890669584274292,recomp_q50_p2,50,2
adm_00004.png,test,adm,1,1,0.9998202919960022,recomp_q50_p2,50,2
midjourney_00081.png,test,midjourney,1,0,0.00023938262893352658,recomp_q50_p2,50,2
sdv5_00083.png,test,sdv5,1,0,0.005816133692860603,recomp_q50_p2,50,2
glide_00042.png,test,glide,1,1,0.5697295665740967,recomp_q50_p2,50,2
glide_00029.png,test,glide,1,0,0.03230788931250572,recomp_q50_p2,50,2
vqdm_00022.png,test,vqdm,1,0,0.1591947227716446,recomp_q50_p2,50,2
adm_00007.png,test,adm,1,1,0.753784716129303,recomp_q50_p2,50,2
vqdm_00082.png,test,vqdm,1,0,0.007349012419581413,recomp_q50_p2,50,2
glide_00052.png,test,glide,1,1,0.9497681856155396,recomp_q50_p2,50,2
adm_00066.png,test,adm,1,1,0.8192856907844543,recomp_q50_p2,50,2
sdv5_00026.png,test,sdv5,1,0,0.2403554916381836,recomp_q50_p2,50,2
wukong_00004.png,test,wukong,1,1,0.9999921321868896,recomp_q50_p2,50,2
wukong_00034.png,test,wukong,1,1,0.9976065158843994,recomp_q50_p2,50,2
adm_00073.png,test,adm,1,1,0.9732538461685181,recomp_q50_p2,50,2
sdv5_00056.png,test,sdv5,1,1,0.9024608135223389,recomp_q50_p2,50,2
adm_00050.png,test,adm,1,1,0.9210036396980286,recomp_q50_p2,50,2
biggan_00004.png,test,biggan,1,0,0.23248393833637238,recomp_q50_p2,50,2
midjourney_00063.png,test,midjourney,1,1,0.8761522769927979,recomp_q50_p2,50,2
glide_00007.png,test,glide,1,0,0.019520839676260948,recomp_q50_p2,50,2
vqdm_00059.png,test,vqdm,1,0,0.0785931870341301,recomp_q50_p2,50,2
midjourney_00051.png,test,midjourney,1,0,0.03799208626151085,recomp_q50_p2,50,2
adm_00040.png,test,adm,1,1,0.7315390110015869,recomp_q50_p2,50,2
vqdm_00046.png,test,vqdm,1,0,0.09911815077066422,recomp_q50_p2,50,2
glide_00071.png,test,glide,1,1,0.5916571617126465,recomp_q50_p2,50,2
midjourney_00040.png,test,midjourney,1,1,0.6217931509017944,recomp_q50_p2,50,2
biggan_00056.png,test,biggan,1,1,0.7693657875061035,recomp_q50_p2,50,2
wukong_00030.png,test,wukong,1,1,0.9137593507766724,recomp_q50_p2,50,2
adm_00045.png,test,adm,1,0,0.34213951230049133,recomp_q50_p2,50,2
vqdm_00069.png,test,vqdm,1,0,0.19312894344329834,recomp_q50_p2,50,2
sdv5_00013.png,test,sdv5,1,1,0.9585106372833252,recomp_q50_p2,50,2
adm_00058.png,test,adm,1,1,0.9208347797393799,recomp_q50_p2,50,2
biggan_00037.png,test,biggan,1,1,0.9999798536300659,recomp_q50_p2,50,2
vqdm_00039.png,test,vqdm,1,1,0.9783152341842651,recomp_q50_p2,50,2
sdv5_00034.png,test,sdv5,1,1,0.9992243051528931,recomp_q50_p2,50,2
glide_00047.png,test,glide,1,1,0.7070194482803345,recomp_q50_p2,50,2
biggan_00063.png,test,biggan,1,0,0.003263246500864625,recomp_q50_p2,50,2
glide_00045.png,test,glide,1,1,0.9727590680122375,recomp_q50_p2,50,2
wukong_00027.png,test,wukong,1,1,0.9892996549606323,recomp_q50_p2,50,2
vqdm_00027.png,test,vqdm,1,0,0.02479458786547184,recomp_q50_p2,50,2
glide_00024.png,test,glide,1,1,0.6008743047714233,recomp_q50_p2,50,2
wukong_00085.png,test,wukong,1,1,0.9986704587936401,recomp_q50_p2,50,2
glide_00043.png,test,glide,1,0,0.3050832450389862,recomp_q50_p2,50,2
vqdm_00055.png,test,vqdm,1,1,0.8199620842933655,recomp_q50_p2,50,2
midjourney_00057.png,test,midjourney,1,1,0.9997854828834534,recomp_q50_p2,50,2
wukong_00062.png,test,wukong,1,1,0.7565082907676697,recomp_q50_p2,50,2
sdv5_00007.png,test,sdv5,1,1,0.997560977935791,recomp_q50_p2,50,2
biggan_00043.png,test,biggan,1,0,4.095221447641961e-05,recomp_q50_p2,50,2
adm_00083.png,test,adm,1,1,0.990749180316925,recomp_q50_p2,50,2
adm_00052.png,test,adm,1,1,0.9994986057281494,recomp_q50_p2,50,2
wukong_00032.png,test,wukong,1,1,0.9762585759162903,recomp_q50_p2,50,2
midjourney_00047.png,test,midjourney,1,1,0.9997891783714294,recomp_q50_p2,50,2
midjourney_00072.png,test,midjourney,1,1,0.9993694424629211,recomp_q50_p2,50,2
wukong_00010.png,test,wukong,1,1,0.9775514006614685,recomp_q50_p2,50,2
sdv5_00021.png,test,sdv5,1,1,0.9739096164703369,recomp_q50_p2,50,2
biggan_00009.png,test,biggan,1,1,0.869895339012146,recomp_q50_p2,50,2
wukong_00043.png,test,wukong,1,1,0.9999035596847534,recomp_q50_p2,50,2
vqdm_00034.png,test,vqdm,1,0,0.4480140805244446,recomp_q50_p2,50,2
biggan_00023.png,test,biggan,1,1,0.862578809261322,recomp_q50_p2,50,2
glide_00080.png,test,glide,1,1,0.9914037585258484,recomp_q50_p2,50,2
midjourney_00008.png,test,midjourney,1,0,0.2435983568429947,recomp_q50_p2,50,2
biggan_00024.png,test,biggan,1,1,0.8566130995750427,recomp_q50_p2,50,2
midjourney_00002.png,test,midjourney,1,1,0.7443639039993286,recomp_q50_p2,50,2
midjourney_00000.png,test,midjourney,1,1,0.503707766532898,recomp_q50_p2,50,2
adm_00084.png,test,adm,1,1,0.999991774559021,recomp_q50_p2,50,2
biggan_00042.png,test,biggan,1,0,0.28511977195739746,recomp_q50_p2,50,2
wukong_00018.png,test,wukong,1,1,0.9997881054878235,recomp_q50_p2,50,2
vqdm_00021.png,test,vqdm,1,1,0.8278165459632874,recomp_q50_p2,50,2
sdv5_00057.png,test,sdv5,1,1,0.9017049670219421,recomp_q50_p2,50,2
midjourney_00029.png,test,midjourney,1,1,0.7881245017051697,recomp_q50_p2,50,2
sdv5_00004.png,test,sdv5,1,0,0.19952383637428284,recomp_q50_p2,50,2
wukong_00063.png,test,wukong,1,0,0.035746581852436066,recomp_q50_p2,50,2
glide_00057.png,test,glide,1,1,0.7513423562049866,recomp_q50_p2,50,2
wukong_00074.png,test,wukong,1,0,0.4229888319969177,recomp_q50_p2,50,2
adm_00070.png,test,adm,1,0,0.00036280270433053374,recomp_q50_p2,50,2
midjourney_00018.png,test,midjourney,1,1,0.9951163530349731,recomp_q50_p2,50,2
vqdm_00081.png,test,vqdm,1,0,0.02072952315211296,recomp_q50_p2,50,2
vqdm_00075.png,test,vqdm,1,0,0.10901195555925369,recomp_q50_p2,50,2
glide_00059.png,test,glide,1,0,0.01913147047162056,recomp_q50_p2,50,2
vqdm_00002.png,test,vqdm,1,0,0.22164148092269897,recomp_q50_p2,50,2
biggan_00045.png,test,biggan,1,1,0.6121500730514526,recomp_q50_p2,50,2
sdv5_00075.png,test,sdv5,1,1,0.9797367453575134,recomp_q50_p2,50,2
sdv5_00055.png,test,sdv5,1,0,0.024853385984897614,recomp_q50_p2,50,2
wukong_00013.png,test,wukong,1,1,0.9995655417442322,recomp_q50_p2,50,2
adm_00068.png,test,adm,1,1,0.958149790763855,recomp_q50_p2,50,2
midjourney_00010.png,test,midjourney,1,0,0.05065840110182762,recomp_q50_p2,50,2
midjourney_00030.png,test,midjourney,1,1,0.9941556453704834,recomp_q50_p2,50,2
sdv5_00074.png,test,sdv5,1,1,0.9999973773956299,recomp_q50_p2,50,2
vqdm_00072.png,test,vqdm,1,1,0.9532445073127747,recomp_q50_p2,50,2
wukong_00031.png,test,wukong,1,1,0.9998061060905457,recomp_q50_p2,50,2
vqdm_00080.png,test,vqdm,1,1,0.76834636926651,recomp_q50_p2,50,2
midjourney_00043.png,test,midjourney,1,0,0.02715412527322769,recomp_q50_p2,50,2
vqdm_00001.png,test,vqdm,1,1,0.7928621768951416,recomp_q50_p2,50,2
glide_00021.png,test,glide,1,1,0.9993230104446411,recomp_q50_p2,50,2
midjourney_00037.png,test,midjourney,1,0,0.005366652272641659,recomp_q50_p2,50,2
biggan_00031.png,test,biggan,1,0,0.0025468962267041206,recomp_q50_p2,50,2
wukong_00072.png,test,wukong,1,1,0.9768387675285339,recomp_q50_p2,50,2
midjourney_00055.png,test,midjourney,1,1,0.9938818216323853,recomp_q50_p2,50,2
glide_00070.png,test,glide,1,1,0.9997887015342712,recomp_q50_p2,50,2
biggan_00057.png,test,biggan,1,0,0.13745947182178497,recomp_q50_p2,50,2
midjourney_00075.png,test,midjourney,1,1,0.9972432851791382,recomp_q50_p2,50,2
vqdm_00048.png,test,vqdm,1,1,0.9857306480407715,recomp_q50_p2,50,2
glide_00034.png,test,glide,1,1,0.9957772493362427,recomp_q50_p2,50,2
sdv5_00078.png,test,sdv5,1,1,0.9004170894622803,recomp_q50_p2,50,2
midjourney_00062.png,test,midjourney,1,1,0.6016836762428284,recomp_q50_p2,50,2
adm_00031.png,test,adm,1,0,0.15831522643566132,recomp_q50_p2,50,2
midjourney_00026.png,test,midjourney,1,0,0.364665687084198,recomp_q50_p2,50,2
vqdm_00000.png,test,vqdm,1,0,0.48578372597694397,recomp_q50_p2,50,2
adm_00020.png,test,adm,1,1,0.6479604840278625,recomp_q50_p2,50,2
adm_00012.png,test,adm,1,1,0.9991317391395569,recomp_q50_p2,50,2
adm_00030.png,test,adm,1,1,0.9717605113983154,recomp_q50_p2,50,2
midjourney_00070.png,test,midjourney,1,1,0.509971559047699,recomp_q50_p2,50,2
adm_00041.png,test,adm,1,1,0.9997705817222595,recomp_q50_p2,50,2
adm_00078.png,test,adm,1,1,0.9983212351799011,recomp_q50_p2,50,2
wukong_00068.png,test,wukong,1,1,0.9805347323417664,recomp_q50_p2,50,2
biggan_00008.png,test,biggan,1,0,0.05546101927757263,recomp_q50_p2,50,2
adm_00069.png,test,adm,1,1,0.9998037219047546,recomp_q50_p2,50,2
vqdm_00056.png,test,vqdm,1,1,0.997763991355896,recomp_q50_p2,50,2
sdv5_00036.png,test,sdv5,1,1,0.9924260377883911,recomp_q50_p2,50,2
vqdm_00079.png,test,vqdm,1,0,0.026874525472521782,recomp_q50_p2,50,2
midjourney_00017.png,test,midjourney,1,0,0.26470088958740234,recomp_q50_p2,50,2
biggan_00033.png,test,biggan,1,0,0.057377707213163376,recomp_q50_p2,50,2
biggan_00018.png,test,biggan,1,1,0.6894312500953674,recomp_q50_p2,50,2
sdv5_00001.png,test,sdv5,1,1,0.600706160068512,recomp_q50_p2,50,2
sdv5_00020.png,test,sdv5,1,1,0.950411856174469,recomp_q50_p2,50,2
biggan_00048.png,test,biggan,1,1,0.9874245524406433,recomp_q50_p2,50,2
biggan_00058.png,test,biggan,1,1,0.9718136787414551,recomp_q50_p2,50,2
midjourney_00066.png,test,midjourney,1,0,0.2223617285490036,recomp_q50_p2,50,2
midjourney_00080.png,test,midjourney,1,0,0.036440812051296234,recomp_q50_p2,50,2
adm_00005.png,test,adm,1,1,0.9913941025733948,recomp_q50_p2,50,2
adm_00003.png,test,adm,1,1,0.9992062449455261,recomp_q50_p2,50,2
adm_00024.png,test,adm,1,1,0.9859371781349182,recomp_q50_p2,50,2
sdv5_00000.png,test,sdv5,1,1,0.9997065663337708,recomp_q50_p2,50,2
biggan_00001.png,test,biggan,1,0,0.014110767282545567,recomp_q50_p2,50,2
vqdm_00014.png,test,vqdm,1,1,0.9854342937469482,recomp_q50_p2,50,2
biggan_00028.png,test,biggan,1,1,0.940284788608551,recomp_q50_p2,50,2
midjourney_00028.png,test,midjourney,1,0,0.020335525274276733,recomp_q50_p2,50,2
biggan_00027.png,test,biggan,1,1,0.8065352439880371,recomp_q50_p2,50,2
sdv5_00049.png,test,sdv5,1,1,0.9986656904220581,recomp_q50_p2,50,2
vqdm_00029.png,test,vqdm,1,0,0.44889354705810547,recomp_q50_p2,50,2
adm_00035.png,test,adm,1,1,0.9861148595809937,recomp_q50_p2,50,2
adm_00011.png,test,adm,1,1,0.9998924732208252,recomp_q50_p2,50,2
biggan_00078.png,test,biggan,1,1,0.8404853940010071,recomp_q50_p2,50,2
midjourney_00013.png,test,midjourney,1,1,0.9887478351593018,recomp_q50_p2,50,2
sdv5_00067.png,test,sdv5,1,1,0.9685123562812805,recomp_q50_p2,50,2
biggan_00006.png,test,biggan,1,0,0.002711634384468198,recomp_q50_p2,50,2
vqdm_00078.png,test,vqdm,1,0,0.00729736965149641,recomp_q50_p2,50,2
glide_00049.png,test,glide,1,0,0.013545254245400429,recomp_q50_p2,50,2
midjourney_00050.png,test,midjourney,1,1,0.9995844960212708,recomp_q50_p2,50,2
glide_00017.png,test,glide,1,1,0.9766412377357483,recomp_q50_p2,50,2
wukong_00008.png,test,wukong,1,1,0.9999810457229614,recomp_q50_p2,50,2
sdv5_00014.png,test,sdv5,1,1,0.9477918148040771,recomp_q50_p2,50,2
biggan_00052.png,test,biggan,1,0,0.0009041710291057825,recomp_q50_p2,50,2
wukong_00059.png,test,wukong,1,1,0.9898880124092102,recomp_q50_p2,50,2
glide_00078.png,test,glide,1,1,0.9796220064163208,recomp_q50_p2,50,2
adm_00034.png,test,adm,1,1,0.999956488609314,recomp_q50_p2,50,2
wukong_00006.png,test,wukong,1,1,0.7748594284057617,recomp_q50_p2,50,2
biggan_00046.png,test,biggan,1,1,0.9999979734420776,recomp_q50_p2,50,2
wukong_00073.png,test,wukong,1,1,0.7451789379119873,recomp_q50_p2,50,2
midjourney_00046.png,test,midjourney,1,1,0.9756647944450378,recomp_q50_p2,50,2
glide_00068.png,test,glide,1,0,0.05493531376123428,recomp_q50_p2,50,2
midjourney_00058.png,test,midjourney,1,1,0.5369800329208374,recomp_q50_p2,50,2
glide_00001.png,test,glide,1,1,0.65709388256073,recomp_q50_p2,50,2
glide_00041.png,test,glide,1,1,1.0,recomp_q50_p2,50,2
glide_00014.png,test,glide,1,0,0.015573986805975437,recomp_q50_p2,50,2
adm_00013.png,test,adm,1,1,0.9072573184967041,recomp_q50_p2,50,2
glide_00063.png,test,glide,1,0,0.22710834443569183,recomp_q50_p2,50,2
wukong_00045.png,test,wukong,1,1,0.9965201616287231,recomp_q50_p2,50,2
biggan_00079.png,test,biggan,1,1,0.9285914301872253,recomp_q50_p2,50,2
adm_00002.png,test,adm,1,1,1.0,recomp_q50_p2,50,2
midjourney_00041.png,test,midjourney,1,1,0.771838366985321,recomp_q50_p2,50,2
vqdm_00044.png,test,vqdm,1,0,0.33497288823127747,recomp_q50_p2,50,2
adm_00043.png,test,adm,1,0,0.03119274601340294,recomp_q50_p2,50,2
sdv5_00017.png,test,sdv5,1,1,0.9958838820457458,recomp_q50_p2,50,2
vqdm_00052.png,test,vqdm,1,0,0.033590201288461685,recomp_q50_p2,50,2
adm_00036.png,test,adm,1,1,0.9952732920646667,recomp_q50_p2,50,2
biggan_00083.png,test,biggan,1,0,0.3381176292896271,recomp_q50_p2,50,2
glide_00020.png,test,glide,1,1,0.9999899864196777,recomp_q50_p2,50,2
midjourney_00054.png,test,midjourney,1,0,0.10236933827400208,recomp_q50_p2,50,2
adm_00032.png,test,adm,1,1,0.9985405206680298,recomp_q50_p2,50,2
glide_00058.png,test,glide,1,1,0.8425295948982239,recomp_q50_p2,50,2
vqdm_00008.png,test,vqdm,1,1,0.914409875869751,recomp_q50_p2,50,2
adm_00026.png,test,adm,1,1,0.9897528886795044,recomp_q50_p2,50,2
midjourney_00082.png,test,midjourney,1,1,0.5359347462654114,recomp_q50_p2,50,2
wukong_00012.png,test,wukong,1,1,0.7023741006851196,recomp_q50_p2,50,2
glide_00048.png,test,glide,1,0,0.022030429914593697,recomp_q50_p2,50,2
midjourney_00033.png,test,midjourney,1,1,0.9997839331626892,recomp_q50_p2,50,2
vqdm_00060.png,test,vqdm,1,0,0.2836987376213074,recomp_q50_p2,50,2
wukong_00052.png,test,wukong,1,1,0.9999969005584717,recomp_q50_p2,50,2
adm_00021.png,test,adm,1,0,0.002984844846650958,recomp_q50_p2,50,2
wukong_00042.png,test,wukong,1,1,0.8724768161773682,recomp_q50_p2,50,2
vqdm_00071.png,test,vqdm,1,1,0.975143551826477,recomp_q50_p2,50,2
glide_00026.png,test,glide,1,1,0.9997590184211731,recomp_q50_p2,50,2
biggan_00019.png,test,biggan,1,1,0.6422625780105591,recomp_q50_p2,50,2
glide_00051.png,test,glide,1,0,0.489343523979187,recomp_q50_p2,50,2
adm_00056.png,test,adm,1,1,0.9878831505775452,recomp_q50_p2,50,2
glide_00012.png,test,glide,1,1,0.9374608993530273,recomp_q50_p2,50,2
adm_00017.png,test,adm,1,0,0.039376478642225266,recomp_q50_p2,50,2
wukong_00020.png,test,wukong,1,1,0.9906039834022522,recomp_q50_p2,50,2
sdv5_00069.png,test,sdv5,1,1,0.9435901641845703,recomp_q50_p2,50,2
vqdm_00064.png,test,vqdm,1,0,0.0033749728463590145,recomp_q50_p2,50,2
wukong_00050.png,test,wukong,1,1,0.9575666189193726,recomp_q50_p2,50,2
glide_00032.png,test,glide,1,0,0.09876885265111923,recomp_q50_p2,50,2
glide_00040.png,test,glide,1,1,0.5751833915710449,recomp_q50_p2,50,2
glide_00064.png,test,glide,1,0,0.0010493115987628698,recomp_q50_p2,50,2
adm_00016.png,test,adm,1,1,0.5938725471496582,recomp_q50_p2,50,2
biggan_00066.png,test,biggan,1,1,0.9604814648628235,recomp_q50_p2,50,2
vqdm_00013.png,test,vqdm,1,0,0.0012672020820900798,recomp_q50_p2,50,2
sdv5_00024.png,test,sdv5,1,1,0.9522992372512817,recomp_q50_p2,50,2
sdv5_00030.png,test,sdv5,1,1,0.9712296724319458,recomp_q50_p2,50,2
wukong_00051.png,test,wukong,1,1,0.9870835542678833,recomp_q50_p2,50,2
sdv5_00077.png,test,sdv5,1,1,0.9999773502349854,recomp_q50_p2,50,2
biggan_00013.png,test,biggan,1,0,0.09568619728088379,recomp_q50_p2,50,2
wukong_00064.png,test,wukong,1,1,0.9999821186065674,recomp_q50_p2,50,2
vqdm_00025.png,test,vqdm,1,0,0.0007154581253416836,recomp_q50_p2,50,2
glide_00002.png,test,glide,1,0,0.46800118684768677,recomp_q50_p2,50,2
midjourney_00079.png,test,midjourney,1,0,0.33776208758354187,recomp_q50_p2,50,2
wukong_00039.png,test,wukong,1,1,0.5418344140052795,recomp_q50_p2,50,2
vqdm_00020.png,test,vqdm,1,1,0.9350612163543701,recomp_q50_p2,50,2
sdv5_00032.png,test,sdv5,1,1,0.9931895732879639,recomp_q50_p2,50,2
sdv5_00003.png,test,sdv5,1,0,0.0376414954662323,recomp_q50_p2,50,2
wukong_00078.png,test,wukong,1,1,0.9567949771881104,recomp_q50_p2,50,2
wukong_00065.png,test,wukong,1,1,0.9997207522392273,recomp_q50_p2,50,2
biggan_00014.png,test,biggan,1,0,0.0037513948045670986,recomp_q50_p2,50,2
adm_00006.png,test,adm,1,1,0.9998693466186523,recomp_q50_p2,50,2
wukong_00056.png,test,wukong,1,1,0.9999650716781616,recomp_q50_p2,50,2
biggan_00005.png,test,biggan,1,1,0.7205350995063782,recomp_q50_p2,50,2
wukong_00002.png,test,wukong,1,1,0.6275521516799927,recomp_q50_p2,50,2
wukong_00055.png,test,wukong,1,0,0.022210827097296715,recomp_q50_p2,50,2
sdv5_00016.png,test,sdv5,1,1,0.7507781386375427,recomp_q50_p2,50,2
biggan_00065.png,test,biggan,1,0,0.0003345977165736258,recomp_q50_p2,50,2
vqdm_00019.png,test,vqdm,1,0,0.29314208030700684,recomp_q50_p2,50,2
adm_00038.png,test,adm,1,1,0.9592523574829102,recomp_q50_p2,50,2
sdv5_00044.png,test,sdv5,1,1,0.7406464219093323,recomp_q50_p2,50,2
midjourney_00084.png,test,midjourney,1,1,0.9997803568840027,recomp_q50_p2,50,2
midjourney_00025.png,test,midjourney,1,0,0.028134657070040703,recomp_q50_p2,50,2
biggan_00061.png,test,biggan,1,0,0.0895828977227211,recomp_q50_p2,50,2
sdv5_00071.png,test,sdv5,1,1,0.9999850988388062,recomp_q50_p2,50,2
biggan_00074.png,test,biggan,1,0,0.24508380889892578,recomp_q50_p2,50,2
vqdm_00077.png,test,vqdm,1,0,0.03731422871351242,recomp_q50_p2,50,2
midjourney_00001.png,test,midjourney,1,1,0.9973888993263245,recomp_q50_p2,50,2
biggan_00069.png,test,biggan,1,0,0.016745997592806816,recomp_q50_p2,50,2
glide_00005.png,test,glide,1,1,0.9527238607406616,recomp_q50_p2,50,2
sdv5_00015.png,test,sdv5,1,1,0.7304894328117371,recomp_q50_p2,50,2
vqdm_00012.png,test,vqdm,1,1,0.5197965502738953,recomp_q50_p2,50,2
wukong_00077.png,test,wukong,1,0,0.41381508111953735,recomp_q50_p2,50,2
midjourney_00023.png,test,midjourney,1,0,0.06753632426261902,recomp_q50_p2,50,2
sdv5_00045.png,test,sdv5,1,1,0.930092990398407,recomp_q50_p2,50,2
adm_00033.png,test,adm,1,1,0.9832461476325989,recomp_q50_p2,50,2
wukong_00083.png,test,wukong,1,1,0.9726890921592712,recomp_q50_p2,50,2
biggan_00034.png,test,biggan,1,0,0.15767380595207214,recomp_q50_p2,50,2
biggan_00070.png,test,biggan,1,0,0.0003162803768645972,recomp_q50_p2,50,2
biggan_00076.png,test,biggan,1,0,0.049342960119247437,recomp_q50_p2,50,2
midjourney_00067.png,test,midjourney,1,1,0.565769612789154,recomp_q50_p2,50,2
biggan_00062.png,test,biggan,1,1,0.8752357959747314,recomp_q50_p2,50,2
midjourney_00027.png,test,midjourney,1,1,0.9469159245491028,recomp_q50_p2,50,2
biggan_00077.png,test,biggan,1,0,0.0001463256194256246,recomp_q50_p2,50,2
wukong_00053.png,test,wukong,1,1,0.9999995231628418,recomp_q50_p2,50,2
sdv5_00080.png,test,sdv5,1,1,1.0,recomp_q50_p2,50,2
glide_00035.png,test,glide,1,0,1.1309311531704225e-07,recomp_q50_p2,50,2
adm_00022.png,test,adm,1,1,0.9996843338012695,recomp_q50_p2,50,2
vqdm_00070.png,test,vqdm,1,0,0.0003394602972548455,recomp_q50_p2,50,2
wukong_00019.png,test,wukong,1,1,0.6679027676582336,recomp_q50_p2,50,2
glide_00036.png,test,glide,1,0,0.005311101675033569,recomp_q50_p2,50,2
adm_00054.png,test,adm,1,1,0.999948263168335,recomp_q50_p2,50,2
glide_00060.png,test,glide,1,0,0.08448747545480728,recomp_q50_p2,50,2
adm_00061.png,test,adm,1,1,0.9941269159317017,recomp_q50_p2,50,2
vqdm_00028.png,test,vqdm,1,0,0.001059224596247077,recomp_q50_p2,50,2
vqdm_00026.png,test,vqdm,1,0,0.15212807059288025,recomp_q50_p2,50,2
vqdm_00054.png,test,vqdm,1,0,0.00010171738540520892,recomp_q50_p2,50,2
biggan_00021.png,test,biggan,1,0,0.01173454336822033,recomp_q50_p2,50,2
vqdm_00005.png,test,vqdm,1,1,0.9990655779838562,recomp_q50_p2,50,2
glide_00055.png,test,glide,1,0,0.09499197453260422,recomp_q50_p2,50,2
biggan_00075.png,test,biggan,1,0,0.016403062269091606,recomp_q50_p2,50,2
wukong_00046.png,test,wukong,1,1,1.0,recomp_q50_p2,50,2
wukong_00084.png,test,wukong,1,1,0.7816777229309082,recomp_q50_p2,50,2
wukong_00025.png,test,wukong,1,1,0.9861794114112854,recomp_q50_p2,50,2
vqdm_00009.png,test,vqdm,1,1,0.9456761479377747,recomp_q50_p2,50,2
glide_00019.png,test,glide,1,1,0.9806910753250122,recomp_q50_p2,50,2
biggan_00040.png,test,biggan,1,1,0.803482174873352,recomp_q50_p2,50,2
vqdm_00007.png,test,vqdm,1,0,0.0008664469351060688,recomp_q50_p2,50,2
vqdm_00076.png,test,vqdm,1,0,0.2863655686378479,recomp_q50_p2,50,2
glide_00066.png,test,glide,1,0,0.00028924524667672813,recomp_q50_p2,50,2
biggan_00073.png,test,biggan,1,0,0.050718970596790314,recomp_q50_p2,50,2
glide_00072.png,test,glide,1,1,0.9268225431442261,recomp_q50_p2,50,2
midjourney_00038.png,test,midjourney,1,0,0.4886768162250519,recomp_q50_p2,50,2
vqdm_00016.png,test,vqdm,1,0,5.268424985160891e-08,recomp_q50_p2,50,2
glide_00006.png,test,glide,1,1,0.984169602394104,recomp_q50_p2,50,2
glide_00065.png,test,glide,1,0,0.016591481864452362,recomp_q50_p2,50,2
adm_00055.png,test,adm,1,1,0.9597992300987244,recomp_q50_p2,50,2
midjourney_00073.png,test,midjourney,1,0,0.2543705403804779,recomp_q50_p2,50,2
midjourney_00020.png,test,midjourney,1,1,0.7201220393180847,recomp_q50_p2,50,2
sdv5_00012.png,test,sdv5,1,1,0.9999823570251465,recomp_q50_p2,50,2
wukong_00028.png,test,wukong,1,1,0.952030599117279,recomp_q50_p2,50,2
midjourney_00056.png,test,midjourney,1,1,0.6425344944000244,recomp_q50_p2,50,2
vqdm_00067.png,test,vqdm,1,0,3.451796146691777e-06,recomp_q50_p2,50,2
adm_00037.png,test,adm,1,1,0.9999969005584717,recomp_q50_p2,50,2
adm_00064.png,test,adm,1,1,0.7477976679801941,recomp_q50_p2,50,2
vqdm_00084.png,test,vqdm,1,1,0.9315920472145081,recomp_q50_p2,50,2
sdv5_00052.png,test,sdv5,1,1,0.9973835349082947,recomp_q50_p2,50,2
biggan_00035.png,test,biggan,1,1,0.8716914653778076,recomp_q50_p2,50,2
vqdm_00043.png,test,vqdm,1,0,0.4425922632217407,recomp_q50_p2,50,2
adm_00028.png,test,adm,1,1,0.9071155190467834,recomp_q50_p2,50,2
glide_00027.png,test,glide,1,1,0.6763842701911926,recomp_q50_p2,50,2
sdv5_00042.png,test,sdv5,1,1,0.9979979395866394,recomp_q50_p2,50,2
glide_00084.png,test,glide,1,1,0.7765322923660278,recomp_q50_p2,50,2
sdv5_00025.png,test,sdv5,1,1,0.9569178819656372,recomp_q50_p2,50,2
adm_00009.png,test,adm,1,1,0.9884286522865295,recomp_q50_p2,50,2
sdv5_00031.png,test,sdv5,1,1,0.9999990463256836,recomp_q50_p2,50,2
wukong_00000.png,test,wukong,1,1,0.9853335022926331,recomp_q50_p2,50,2
wukong_00069.png,test,wukong,1,1,0.6187470555305481,recomp_q50_p2,50,2
biggan_00015.png,test,biggan,1,0,0.0006541540496982634,recomp_q50_p2,50,2
glide_00062.png,test,glide,1,1,0.5198716521263123,recomp_q50_p2,50,2
adm_00076.png,test,adm,1,1,0.9988994598388672,recomp_q50_p2,50,2
vqdm_00015.png,test,vqdm,1,0,0.3654327392578125,recomp_q50_p2,50,2
sdv5_00079.png,test,sdv5,1,1,0.9996798038482666,recomp_q50_p2,50,2
glide_00083.png,test,glide,1,1,0.9831559658050537,recomp_q50_p2,50,2
biggan_00039.png,test,biggan,1,1,0.9673790335655212,recomp_q50_p2,50,2
adm_00080.png,test,adm,1,1,0.9999998807907104,recomp_q50_p2,50,2
midjourney_00064.png,test,midjourney,1,1,0.9996298551559448,recomp_q50_p2,50,2
sdv5_00070.png,test,sdv5,1,1,0.9623641967773438,recomp_q50_p2,50,2
glide_00073.png,test,glide,1,1,0.7030798196792603,recomp_q50_p2,50,2
vqdm_00018.png,test,vqdm,1,1,0.999397873878479,recomp_q50_p2,50,2
adm_00053.png,test,adm,1,1,0.8370958566665649,recomp_q50_p2,50,2
biggan_00084.png,test,biggan,1,0,0.06615894287824631,recomp_q50_p2,50,2
adm_00018.png,test,adm,1,1,0.965804398059845,recomp_q50_p2,50,2
sdv5_00018.png,test,sdv5,1,1,0.9858762621879578,recomp_q50_p2,50,2
biggan_00020.png,test,biggan,1,0,0.17071662843227386,recomp_q50_p2,50,2
vqdm_00066.png,test,vqdm,1,0,0.08615516126155853,recomp_q50_p2,50,2
adm_00048.png,test,adm,1,0,0.13624797761440277,recomp_q50_p2,50,2
glide_00077.png,test,glide,1,0,0.11785206198692322,recomp_q50_p2,50,2
glide_00000.png,test,glide,1,1,0.9587538242340088,recomp_q50_p2,50,2
vqdm_00033.png,test,vqdm,1,0,0.0009654330788180232,recomp_q50_p2,50,2
glide_00081.png,test,glide,1,1,0.901476263999939,recomp_q50_p2,50,2
adm_00075.png,test,adm,1,1,0.9957549571990967,recomp_q50_p2,50,2
midjourney_00012.png,test,midjourney,1,1,0.9948135614395142,recomp_q50_p2,50,2
glide_00028.png,test,glide,1,1,0.9563746452331543,recomp_q50_p2,50,2
vqdm_00057.png,test,vqdm,1,1,1.0,recomp_q50_p2,50,2
sdv5_00068.png,test,sdv5,1,1,0.8524541258811951,recomp_q50_p2,50,2
vqdm_00036.png,test,vqdm,1,0,0.0003377681423444301,recomp_q50_p2,50,2
adm_00001.png,test,adm,1,1,0.997249186038971,recomp_q50_p2,50,2
biggan_00054.png,test,biggan,1,1,0.5891933441162109,recomp_q50_p2,50,2
vqdm_00058.png,test,vqdm,1,1,0.8432149291038513,recomp_q50_p2,50,2
sdv5_00035.png,test,sdv5,1,1,0.9871442914009094,recomp_q50_p2,50,2
glide_00018.png,test,glide,1,0,3.849987933790544e-06,recomp_q50_p2,50,2
adm_00008.png,test,adm,1,0,0.11011095345020294,recomp_q50_p2,50,2
biggan_00067.png,test,biggan,1,1,0.796192467212677,recomp_q50_p2,50,2
glide_00004.png,test,glide,1,1,0.7122954726219177,recomp_q50_p2,50,2
midjourney_00083.png,test,midjourney,1,1,0.9204923510551453,recomp_q50_p2,50,2
wukong_00026.png,test,wukong,1,1,0.999607503414154,recomp_q50_p2,50,2
sdv5_00028.png,test,sdv5,1,1,0.7094947695732117,recomp_q50_p2,50,2
midjourney_00042.png,test,midjourney,1,1,0.9960910677909851,recomp_q50_p2,50,2
adm_00060.png,test,adm,1,0,0.00021086072956677526,recomp_q50_p2,50,2
glide_00003.png,test,glide,1,0,0.23437051475048065,recomp_q50_p2,50,2
glide_00025.png,test,glide,1,1,0.7449510097503662,recomp_q50_p2,50,2
biggan_00026.png,test,biggan,1,1,0.8559878468513489,recomp_q50_p2,50,2
adm_00077.png,test,adm,1,1,0.9986849427223206,recomp_q50_p2,50,2
adm_00047.png,test,adm,1,1,0.9625599384307861,recomp_q50_p2,50,2
sdv5_00033.png,test,sdv5,1,1,0.9997380375862122,recomp_q50_p2,50,2
midjourney_00032.png,test,midjourney,1,1,0.8866767883300781,recomp_q50_p2,50,2
biggan_00064.png,test,biggan,1,0,0.0001331065286649391,recomp_q50_p2,50,2
vqdm_00074.png,test,vqdm,1,1,0.9997206330299377,recomp_q50_p2,50,2
biggan_00038.png,test,biggan,1,1,0.9796094298362732,recomp_q50_p2,50,2
adm_00082.png,test,adm,1,1,0.9999996423721313,recomp_q50_p2,50,2
wukong_00007.png,test,wukong,1,1,0.8976106643676758,recomp_q50_p2,50,2
wukong_00060.png,test,wukong,1,1,1.0,recomp_q50_p2,50,2
sdv5_00041.png,test,sdv5,1,1,0.9869632124900818,recomp_q50_p2,50,2
vqdm_00038.png,test,vqdm,1,1,0.9935436248779297,recomp_q50_p2,50,2
wukong_00001.png,test,wukong,1,1,0.9998596906661987,recomp_q50_p2,50,2
midjourney_00015.png,test,midjourney,1,1,0.9996459484100342,recomp_q50_p2,50,2
biggan_00047.png,test,biggan,1,1,0.9980040192604065,recomp_q50_p2,50,2
glide_00030.png,test,glide,1,0,0.013910715468227863,recomp_q50_p2,50,2
vqdm_00047.png,test,vqdm,1,1,0.5926772356033325,recomp_q50_p2,50,2
sdv5_00084.png,test,sdv5,1,1,0.9899826645851135,recomp_q50_p2,50,2
vqdm_00083.png,test,vqdm,1,1,0.6499266028404236,recomp_q50_p2,50,2
biggan_00068.png,test,biggan,1,0,0.021009907126426697,recomp_q50_p2,50,2
sdv5_00058.png,test,sdv5,1,1,0.8966457843780518,recomp_q50_p2,50,2
sdv5_00006.png,test,sdv5,1,1,0.9994669556617737,recomp_q50_p2,50,2
biggan_00044.png,test,biggan,1,0,0.055747561156749725,recomp_q50_p2,50,2
midjourney_00003.png,test,midjourney,1,1,0.9962188601493835,recomp_q50_p2,50,2
sdv5_00027.png,test,sdv5,1,1,0.998474657535553,recomp_q50_p2,50,2
biggan_00072.png,test,biggan,1,1,0.5688962340354919,recomp_q50_p2,50,2
vqdm_00030.png,test,vqdm,1,0,0.07385837286710739,recomp_q50_p2,50,2
vqdm_00085.png,test,vqdm,1,0,0.09877432882785797,recomp_q50_p2,50,2
wukong_00071.png,test,wukong,1,1,0.8995442390441895,recomp_q50_p2,50,2
adm_00062.png,test,adm,1,0,0.45293447375297546,recomp_q50_p2,50,2
adm_00000.png,test,adm,1,1,0.8384121060371399,recomp_q50_p2,50,2
wukong_00044.png,test,wukong,1,1,0.9999914169311523,recomp_q50_p2,50,2
glide_00075.png,test,glide,1,0,0.10568993538618088,recomp_q50_p2,50,2
vqdm_00040.png,test,vqdm,1,0,0.27981463074684143,recomp_q50_p2,50,2
wukong_00082.png,test,wukong,1,1,1.0,recomp_q50_p2,50,2
midjourney_00019.png,test,midjourney,1,1,0.9948475360870361,recomp_q50_p2,50,2
adm_00065.png,test,adm,1,1,0.987555205821991,recomp_q50_p2,50,2
midjourney_00022.png,test,midjourney,1,1,0.797116756439209,recomp_q50_p2,50,2
midjourney_00052.png,test,midjourney,1,0,0.00015721784438937902,recomp_q50_p2,50,2
adm_00046.png,test,adm,1,1,0.9999743700027466,recomp_q50_p2,50,2
wukong_00048.png,test,wukong,1,1,0.961470365524292,recomp_q50_p2,50,2
vqdm_00045.png,test,vqdm,1,1,0.9922301173210144,recomp_q50_p2,50,2
biggan_00036.png,test,biggan,1,0,0.002475652378052473,recomp_q50_p2,50,2
sdv5_00038.png,test,sdv5,1,1,0.9837461709976196,recomp_q50_p2,50,2
vqdm_00050.png,test,vqdm,1,0,0.004542643669992685,recomp_q50_p2,50,2
biggan_00041.png,test,biggan,1,1,0.7906680107116699,recomp_q50_p2,50,2
vqdm_00051.png,test,vqdm,1,0,0.0029687252826988697,recomp_q50_p2,50,2
glide_00054.png,test,glide,1,0,0.21730677783489227,recomp_q50_p2,50,2
sdv5_00062.png,test,sdv5,1,1,0.9997205138206482,recomp_q50_p2,50,2
sdv5_00060.png,test,sdv5,1,1,0.9920979738235474,recomp_q50_p2,50,2
glide_00079.png,test,glide,1,0,0.15801618993282318,recomp_q50_p2,50,2
midjourney_00004.png,test,midjourney,1,1,0.8418107628822327,recomp_q50_p2,50,2
wukong_00040.png,test,wukong,1,1,0.9905065894126892,recomp_q50_p2,50,2
biggan_00060.png,test,biggan,1,0,0.06443334370851517,recomp_q50_p2,50,2
wukong_00049.png,test,wukong,1,1,0.9678207635879517,recomp_q50_p2,50,2
wukong_00035.png,test,wukong,1,1,0.9803152084350586,recomp_q50_p2,50,2
adm_00010.png,test,adm,1,1,0.9869742393493652,recomp_q50_p2,50,2
sdv5_00064.png,test,sdv5,1,1,0.7520011067390442,recomp_q50_p2,50,2
adm_00059.png,test,adm,1,1,0.9996927976608276,recomp_q50_p2,50,2
midjourney_00048.png,test,midjourney,1,0,0.10330450534820557,recomp_q50_p2,50,2
midjourney_00016.png,test,midjourney,1,0,0.3966856896877289,recomp_q50_p2,50,2
biggan_00007.png,test,biggan,1,0,0.0342484749853611,recomp_q50_p2,50,2
glide_00067.png,test,glide,1,0,0.40290331840515137,recomp_q50_p2,50,2
glide_00046.png,test,glide,1,0,0.20773854851722717,recomp_q50_p2,50,2
vqdm_00053.png,test,vqdm,1,1,0.9940582513809204,recomp_q50_p2,50,2
adm_00071.png,test,adm,1,1,0.9915266633033752,recomp_q50_p2,50,2
glide_00022.png,test,glide,1,1,0.7375075221061707,recomp_q50_p2,50,2
sdv5_00082.png,test,sdv5,1,1,0.9984170198440552,recomp_q50_p2,50,2
vqdm_00003.png,test,vqdm,1,0,0.10672605037689209,recomp_q50_p2,50,2
midjourney_00035.png,test,midjourney,1,0,0.37905046343803406,recomp_q50_p2,50,2
glide_00031.png,test,glide,1,1,0.9998821020126343,recomp_q50_p2,50,2
vqdm_00063.png,test,vqdm,1,0,0.4444083273410797,recomp_q50_p2,50,2
wukong_00016.png,test,wukong,1,1,0.8350715637207031,recomp_q50_p2,50,2
wukong_00054.png,test,wukong,1,1,0.9999028444290161,recomp_q50_p2,50,2
biggan_00002.png,test,biggan,1,1,0.8360618352890015,recomp_q50_p2,50,2
adm_00049.png,test,adm,1,1,0.9893708229064941,recomp_q50_p2,50,2
sdv5_00002.png,test,sdv5,1,1,0.9987396597862244,recomp_q50_p2,50,2
biggan_00025.png,test,biggan,1,0,0.09165888279676437,recomp_q50_p2,50,2
biggan_00071.png,test,biggan,1,0,0.29883822798728943,recomp_q50_p2,50,2
biggan_00051.png,test,biggan,1,0,0.011690451763570309,recomp_q50_p2,50,2
wukong_00081.png,test,wukong,1,1,0.8905667662620544,recomp_q50_p2,50,2
sdv5_00022.png,test,sdv5,1,1,0.9352655410766602,recomp_q50_p2,50,2
real_00486.jpeg,test,real,0,0,5.8592981986294035e-06,recomp_q30_p2,30,2
real_00382.jpeg,test,real,0,0,2.491107807145454e-06,recomp_q30_p2,30,2
real_00117.jpeg,test,real,0,0,0.10741159319877625,recomp_q30_p2,30,2
real_00354.jpeg,test,real,0,0,1.4623633433075156e-06,recomp_q30_p2,30,2
real_00076.jpeg,test,real,0,0,5.6843804486561567e-05,recomp_q30_p2,30,2
real_00395.jpeg,test,real,0,0,3.045073026441969e-05,recomp_q30_p2,30,2
real_00348.jpeg,test,real,0,0,0.2035140097141266,recomp_q30_p2,30,2
real_00307.jpeg,test,real,0,0,5.901442112765665e-10,recomp_q30_p2,30,2
real_00438.jpeg,test,real,0,0,6.300600319253391e-11,recomp_q30_p2,30,2
real_00393.jpeg,test,real,0,0,0.005849633365869522,recomp_q30_p2,30,2
real_00566.jpeg,test,real,0,0,0.000760382623411715,recomp_q30_p2,30,2
real_00055.jpeg,test,real,0,0,0.12352314591407776,recomp_q30_p2,30,2
real_00416.jpeg,test,real,0,0,0.003460577456280589,recomp_q30_p2,30,2
real_00304.jpeg,test,real,0,0,9.900421815700611e-08,recomp_q30_p2,30,2
real_00135.jpeg,test,real,0,0,0.19717738032341003,recomp_q30_p2,30,2
real_00387.jpeg,test,real,0,0,8.529878527951951e-07,recomp_q30_p2,30,2
real_00040.jpeg,test,real,0,0,0.0010368820512667298,recomp_q30_p2,30,2
real_00563.jpeg,test,real,0,0,0.018092118203639984,recomp_q30_p2,30,2
real_00457.jpeg,test,real,0,0,0.3918191194534302,recomp_q30_p2,30,2
real_00561.jpeg,test,real,0,0,2.2542004444403574e-05,recomp_q30_p2,30,2
real_00288.jpeg,test,real,0,1,0.5883020162582397,recomp_q30_p2,30,2
real_00271.jpeg,test,real,0,0,7.357392860285472e-06,recomp_q30_p2,30,2
real_00185.jpeg,test,real,0,0,0.09215131402015686,recomp_q30_p2,30,2
real_00216.jpeg,test,real,0,0,0.0008021806715987623,recomp_q30_p2,30,2
real_00180.jpeg,test,real,0,0,0.24302121996879578,recomp_q30_p2,30,2
real_00189.jpeg,test,real,0,0,0.012141845189034939,recomp_q30_p2,30,2
real_00396.jpeg,test,real,0,0,0.06574027985334396,recomp_q30_p2,30,2
real_00131.jpeg,test,real,0,0,0.04466499760746956,recomp_q30_p2,30,2
real_00557.jpeg,test,real,0,0,0.0004144120612181723,recomp_q30_p2,30,2
real_00266.jpeg,test,real,0,0,1.2882784403700498e-06,recomp_q30_p2,30,2
real_00207.jpeg,test,real,0,0,7.118624125723727e-06,recomp_q30_p2,30,2
real_00141.jpeg,test,real,0,1,0.9857587814331055,recomp_q30_p2,30,2
real_00407.jpeg,test,real,0,1,0.9912595152854919,recomp_q30_p2,30,2
real_00026.jpeg,test,real,0,0,0.4001467525959015,recomp_q30_p2,30,2
real_00046.jpeg,test,real,0,0,0.001298957271501422,recomp_q30_p2,30,2
real_00585.jpeg,test,real,0,0,1.9463048374745995e-05,recomp_q30_p2,30,2
real_00206.jpeg,test,real,0,1,0.7102299928665161,recomp_q30_p2,30,2
real_00297.jpeg,test,real,0,0,0.000548199110198766,recomp_q30_p2,30,2
real_00401.jpeg,test,real,0,0,0.00011186218034708872,recomp_q30_p2,30,2
real_00339.jpeg,test,real,0,0,0.001512720831669867,recomp_q30_p2,30,2
real_00403.jpeg,test,real,0,0,0.13068869709968567,recomp_q30_p2,30,2
real_00344.jpeg,test,real,0,0,4.994480491404829e-07,recomp_q30_p2,30,2
real_00560.jpeg,test,real,0,0,0.1451939046382904,recomp_q30_p2,30,2
real_00553.jpeg,test,real,0,0,0.1205931156873703,recomp_q30_p2,30,2
real_00598.jpeg,test,real,0,0,0.002080411184579134,recomp_q30_p2,30,2
real_00497.jpeg,test,real,0,0,0.046707313507795334,recomp_q30_p2,30,2
real_00253.jpeg,test,real,0,0,2.6244054130396266e-13,recomp_q30_p2,30,2
real_00577.jpeg,test,real,0,0,1.5270332369254902e-05,recomp_q30_p2,30,2
real_00394.jpeg,test,real,0,0,0.01509539783000946,recomp_q30_p2,30,2
real_00445.jpeg,test,real,0,0,0.12336963415145874,recomp_q30_p2,30,2
real_00050.jpeg,test,real,0,1,0.7876356840133667,recomp_q30_p2,30,2
real_00269.jpeg,test,real,0,0,0.0013922236394137144,recomp_q30_p2,30,2
real_00151.jpeg,test,real,0,1,0.7621669173240662,recomp_q30_p2,30,2
real_00190.jpeg,test,real,0,0,3.865535290970001e-06,recomp_q30_p2,30,2
real_00250.jpeg,test,real,0,0,0.00015005086606834084,recomp_q30_p2,30,2
real_00257.jpeg,test,real,0,0,0.1364579200744629,recomp_q30_p2,30,2
real_00008.jpeg,test,real,0,0,8.25114329927601e-06,recomp_q30_p2,30,2
real_00398.jpeg,test,real,0,0,0.0005654441192746162,recomp_q30_p2,30,2
real_00322.jpeg,test,real,0,0,6.525631874865212e-07,recomp_q30_p2,30,2
real_00230.jpeg,test,real,0,0,0.3126591742038727,recomp_q30_p2,30,2
real_00219.jpeg,test,real,0,0,0.05485955625772476,recomp_q30_p2,30,2
real_00550.jpeg,test,real,0,0,0.09031467884778976,recomp_q30_p2,30,2
real_00528.jpeg,test,real,0,0,0.0006620068452320993,recomp_q30_p2,30,2
real_00039.jpeg,test,real,0,0,0.019696630537509918,recomp_q30_p2,30,2
real_00274.jpeg,test,real,0,0,0.25161945819854736,recomp_q30_p2,30,2
real_00414.jpeg,test,real,0,1,0.5414342880249023,recomp_q30_p2,30,2
real_00038.jpeg,test,real,0,0,5.751232379225257e-07,recomp_q30_p2,30,2
real_00434.jpeg,test,real,0,0,0.015625646337866783,recomp_q30_p2,30,2
real_00279.jpeg,test,real,0,0,0.004621939267963171,recomp_q30_p2,30,2
real_00077.jpeg,test,real,0,0,0.04411054030060768,recomp_q30_p2,30,2
real_00312.jpeg,test,real,0,1,0.5355391502380371,recomp_q30_p2,30,2
real_00482.jpeg,test,real,0,0,0.08799780905246735,recomp_q30_p2,30,2
real_00178.jpeg,test,real,0,0,0.3811424970626831,recomp_q30_p2,30,2
real_00535.jpeg,test,real,0,0,0.27666333317756653,recomp_q30_p2,30,2
real_00345.jpeg,test,real,0,0,0.0007858879398554564,recomp_q30_p2,30,2
real_00019.jpeg,test,real,0,0,0.006326853297650814,recomp_q30_p2,30,2
real_00143.jpeg,test,real,0,0,0.00025217782240360975,recomp_q30_p2,30,2
real_00496.jpeg,test,real,0,0,0.1078665480017662,recomp_q30_p2,30,2
real_00522.jpeg,test,real,0,0,7.150996917011654e-13,recomp_q30_p2,30,2
real_00451.jpeg,test,real,0,0,2.3497519578086212e-05,recomp_q30_p2,30,2
real_00371.jpeg,test,real,0,0,4.7160601752693765e-06,recomp_q30_p2,30,2
real_00060.jpeg,test,real,0,0,0.015474454499781132,recomp_q30_p2,30,2
real_00410.jpeg,test,real,0,0,0.3078685402870178,recomp_q30_p2,30,2
real_00248.jpeg,test,real,0,0,0.16207079589366913,recomp_q30_p2,30,2
real_00043.jpeg,test,real,0,1,0.7361050844192505,recomp_q30_p2,30,2
real_00104.jpeg,test,real,0,0,0.00011439237277954817,recomp_q30_p2,30,2
real_00238.jpeg,test,real,0,0,8.770760359766427e-06,recomp_q30_p2,30,2
real_00251.jpeg,test,real,0,0,0.0012101775500923395,recomp_q30_p2,30,2
real_00017.jpeg,test,real,0,0,3.630044375313446e-05,recomp_q30_p2,30,2
real_00500.jpeg,test,real,0,0,0.0012595857260748744,recomp_q30_p2,30,2
real_00056.jpeg,test,real,0,0,0.13872578740119934,recomp_q30_p2,30,2
real_00227.jpeg,test,real,0,0,1.0998438826348433e-09,recomp_q30_p2,30,2
real_00347.jpeg,test,real,0,0,7.72934581618756e-05,recomp_q30_p2,30,2
real_00176.jpeg,test,real,0,1,0.9232631921768188,recomp_q30_p2,30,2
real_00085.jpeg,test,real,0,0,0.0019231700571253896,recomp_q30_p2,30,2
real_00586.jpeg,test,real,0,0,0.0002477583766449243,recomp_q30_p2,30,2
real_00193.jpeg,test,real,0,0,1.2770351531798951e-05,recomp_q30_p2,30,2
real_00018.jpeg,test,real,0,1,0.847759485244751,recomp_q30_p2,30,2
real_00342.jpeg,test,real,0,0,0.0023065863642841578,recomp_q30_p2,30,2
real_00359.jpeg,test,real,0,1,0.865654706954956,recomp_q30_p2,30,2
real_00163.jpeg,test,real,0,0,0.4528433382511139,recomp_q30_p2,30,2
real_00527.jpeg,test,real,0,0,0.011564606800675392,recomp_q30_p2,30,2
real_00444.jpeg,test,real,0,0,0.0014849103754386306,recomp_q30_p2,30,2
real_00440.jpeg,test,real,0,0,0.01563345268368721,recomp_q30_p2,30,2
real_00096.jpeg,test,real,0,0,0.023846851661801338,recomp_q30_p2,30,2
real_00165.jpeg,test,real,0,0,0.05433468148112297,recomp_q30_p2,30,2
real_00576.jpeg,test,real,0,0,0.4530298113822937,recomp_q30_p2,30,2
real_00375.jpeg,test,real,0,0,0.007362633477896452,recomp_q30_p2,30,2
real_00300.jpeg,test,real,0,0,7.827045919839293e-06,recomp_q30_p2,30,2
real_00503.jpeg,test,real,0,0,0.004697103518992662,recomp_q30_p2,30,2
real_00499.jpeg,test,real,0,0,0.0020133282523602247,recomp_q30_p2,30,2
real_00283.jpeg,test,real,0,0,0.0029392316937446594,recomp_q30_p2,30,2
real_00160.jpeg,test,real,0,1,0.528281033039093,recomp_q30_p2,30,2
real_00260.jpeg,test,real,0,0,0.09334368258714676,recomp_q30_p2,30,2
real_00208.jpeg,test,real,0,0,4.2091551222256385e-06,recomp_q30_p2,30,2
real_00262.jpeg,test,real,0,0,0.005053873639553785,recomp_q30_p2,30,2
real_00213.jpeg,test,real,0,0,0.36871880292892456,recomp_q30_p2,30,2
real_00476.jpeg,test,real,0,0,0.005827546119689941,recomp_q30_p2,30,2
real_00092.jpeg,test,real,0,0,0.1081136092543602,recomp_q30_p2,30,2
real_00324.jpeg,test,real,0,0,0.4179041087627411,recomp_q30_p2,30,2
real_00425.jpeg,test,real,0,1,0.7013700008392334,recomp_q30_p2,30,2
real_00559.jpeg,test,real,0,0,7.776542588544544e-06,recomp_q30_p2,30,2
real_00015.jpeg,test,real,0,0,7.050440672173863e-06,recomp_q30_p2,30,2
real_00562.jpeg,test,real,0,0,0.015158372931182384,recomp_q30_p2,30,2
real_00514.jpeg,test,real,0,0,2.3005334526260413e-08,recomp_q30_p2,30,2
real_00580.jpeg,test,real,0,0,7.88694615039276e-06,recomp_q30_p2,30,2
real_00202.jpeg,test,real,0,0,0.037030261009931564,recomp_q30_p2,30,2
real_00402.jpeg,test,real,0,0,5.8605618136198245e-08,recomp_q30_p2,30,2
real_00057.jpeg,test,real,0,0,5.257375232758932e-05,recomp_q30_p2,30,2
real_00007.jpeg,test,real,0,0,0.053270116448402405,recomp_q30_p2,30,2
real_00388.jpeg,test,real,0,0,0.389273464679718,recomp_q30_p2,30,2
real_00016.jpeg,test,real,0,0,6.430016946978867e-05,recomp_q30_p2,30,2
real_00506.jpeg,test,real,0,0,0.024874405935406685,recomp_q30_p2,30,2
real_00028.jpeg,test,real,0,0,0.00043296499643474817,recomp_q30_p2,30,2
real_00572.jpeg,test,real,0,1,0.7878413796424866,recomp_q30_p2,30,2
real_00381.jpeg,test,real,0,1,0.6581147313117981,recomp_q30_p2,30,2
real_00268.jpeg,test,real,0,0,0.0016168523579835892,recomp_q30_p2,30,2
real_00512.jpeg,test,real,0,0,0.05077727884054184,recomp_q30_p2,30,2
real_00006.jpeg,test,real,0,1,0.9784883260726929,recomp_q30_p2,30,2
real_00289.jpeg,test,real,0,0,5.388056888477877e-05,recomp_q30_p2,30,2
real_00519.jpeg,test,real,0,0,4.840021574636921e-05,recomp_q30_p2,30,2
real_00252.jpeg,test,real,0,0,0.0006135075236670673,recomp_q30_p2,30,2
real_00211.jpeg,test,real,0,0,0.00021379497775342315,recomp_q30_p2,30,2
real_00147.jpeg,test,real,0,0,5.087877674725405e-09,recomp_q30_p2,30,2
real_00181.jpeg,test,real,0,1,0.7438625693321228,recomp_q30_p2,30,2
real_00458.jpeg,test,real,0,0,7.808021109667607e-06,recomp_q30_p2,30,2
real_00329.jpeg,test,real,0,0,4.497804440006803e-08,recomp_q30_p2,30,2
real_00545.jpeg,test,real,0,0,0.04114885628223419,recomp_q30_p2,30,2
real_00568.jpeg,test,real,0,0,0.02280070073902607,recomp_q30_p2,30,2
real_00031.jpeg,test,real,0,0,0.0007161729736253619,recomp_q30_p2,30,2
real_00171.jpeg,test,real,0,0,3.248694042667921e-07,recomp_q30_p2,30,2
real_00320.jpeg,test,real,0,0,0.00021645611559506506,recomp_q30_p2,30,2
real_00083.jpeg,test,real,0,0,0.00045245885848999023,recomp_q30_p2,30,2
real_00012.jpeg,test,real,0,0,0.28185275197029114,recomp_q30_p2,30,2
real_00357.jpeg,test,real,0,0,1.0611169045660063e-06,recomp_q30_p2,30,2
real_00346.jpeg,test,real,0,0,6.210087303770706e-05,recomp_q30_p2,30,2
real_00450.jpeg,test,real,0,0,0.46239951252937317,recomp_q30_p2,30,2
real_00356.jpeg,test,real,0,0,0.10904228687286377,recomp_q30_p2,30,2
real_00594.jpeg,test,real,0,0,0.0031552838627249002,recomp_q30_p2,30,2
real_00048.jpeg,test,real,0,0,0.09504475444555283,recomp_q30_p2,30,2
real_00158.jpeg,test,real,0,0,6.209128514456097e-06,recomp_q30_p2,30,2
real_00521.jpeg,test,real,0,0,0.15327110886573792,recomp_q30_p2,30,2
real_00285.jpeg,test,real,0,0,0.18451645970344543,recomp_q30_p2,30,2
real_00270.jpeg,test,real,0,0,9.197136932925787e-06,recomp_q30_p2,30,2
real_00533.jpeg,test,real,0,0,0.12551085650920868,recomp_q30_p2,30,2
real_00494.jpeg,test,real,0,0,0.004214555025100708,recomp_q30_p2,30,2
real_00317.jpeg,test,real,0,0,0.02363310381770134,recomp_q30_p2,30,2
real_00296.jpeg,test,real,0,0,5.282325132860421e-10,recomp_q30_p2,30,2
real_00237.jpeg,test,real,0,0,4.072366266427707e-07,recomp_q30_p2,30,2
real_00242.jpeg,test,real,0,0,0.0039004969876259565,recomp_q30_p2,30,2
real_00584.jpeg,test,real,0,0,0.16449715197086334,recomp_q30_p2,30,2
real_00570.jpeg,test,real,0,0,0.0005594111862592399,recomp_q30_p2,30,2
real_00133.jpeg,test,real,0,0,0.0005613830289803445,recomp_q30_p2,30,2
real_00047.jpeg,test,real,0,0,3.6460658066062024e-06,recomp_q30_p2,30,2
real_00480.jpeg,test,real,0,0,2.513724439268117e-06,recomp_q30_p2,30,2
real_00210.jpeg,test,real,0,0,7.193832061602734e-06,recomp_q30_p2,30,2
real_00301.jpeg,test,real,0,0,0.07386010140180588,recomp_q30_p2,30,2
real_00574.jpeg,test,real,0,0,0.40822380781173706,recomp_q30_p2,30,2
real_00134.jpeg,test,real,0,0,0.2805825471878052,recomp_q30_p2,30,2
real_00597.jpeg,test,real,0,1,0.8292320966720581,recomp_q30_p2,30,2
real_00281.jpeg,test,real,0,1,0.7745679616928101,recomp_q30_p2,30,2
real_00332.jpeg,test,real,0,0,0.05886024609208107,recomp_q30_p2,30,2
real_00415.jpeg,test,real,0,0,6.801385552535066e-06,recomp_q30_p2,30,2
real_00093.jpeg,test,real,0,0,1.8838158212020062e-05,recomp_q30_p2,30,2
real_00526.jpeg,test,real,0,0,0.00012629077536985278,recomp_q30_p2,30,2
real_00259.jpeg,test,real,0,0,0.10862268507480621,recomp_q30_p2,30,2
real_00128.jpeg,test,real,0,0,0.17059069871902466,recomp_q30_p2,30,2
real_00173.jpeg,test,real,0,0,6.32416276857839e-06,recomp_q30_p2,30,2
real_00005.jpeg,test,real,0,0,9.33406418823779e-09,recomp_q30_p2,30,2
real_00532.jpeg,test,real,0,1,0.9858666062355042,recomp_q30_p2,30,2
real_00061.jpeg,test,real,0,0,1.5432073269039392e-05,recomp_q30_p2,30,2
real_00313.jpeg,test,real,0,0,7.505399679530456e-08,recomp_q30_p2,30,2
real_00130.jpeg,test,real,0,0,7.806926987541374e-06,recomp_q30_p2,30,2
real_00454.jpeg,test,real,0,0,4.256407919456251e-06,recomp_q30_p2,30,2
real_00204.jpeg,test,real,0,0,5.034914647694677e-05,recomp_q30_p2,30,2
real_00337.jpeg,test,real,0,0,0.0007723534945398569,recomp_q30_p2,30,2
real_00195.jpeg,test,real,0,0,9.89450272754766e-05,recomp_q30_p2,30,2
real_00187.jpeg,test,real,0,0,4.0186059777624905e-05,recomp_q30_p2,30,2
real_00489.jpeg,test,real,0,0,7.725964223936899e-07,recomp_q30_p2,30,2
real_00385.jpeg,test,real,0,0,0.0009863540763035417,recomp_q30_p2,30,2
real_00221.jpeg,test,real,0,0,0.0001997058861888945,recomp_q30_p2,30,2
real_00027.jpeg,test,real,0,1,0.9571509957313538,recomp_q30_p2,30,2
real_00022.jpeg,test,real,0,0,6.490635860245675e-05,recomp_q30_p2,30,2
real_00331.jpeg,test,real,0,0,0.07335525751113892,recomp_q30_p2,30,2
real_00159.jpeg,test,real,0,0,5.409802270150976e-06,recomp_q30_p2,30,2
real_00068.jpeg,test,real,0,0,0.03723161667585373,recomp_q30_p2,30,2
real_00127.jpeg,test,real,0,0,2.6455006718606455e-07,recomp_q30_p2,30,2
real_00420.jpeg,test,real,0,0,0.3571566045284271,recomp_q30_p2,30,2
real_00510.jpeg,test,real,0,0,4.3656959292093234e-07,recomp_q30_p2,30,2
real_00106.jpeg,test,real,0,0,0.016595084220170975,recomp_q30_p2,30,2
real_00599.jpeg,test,real,0,0,3.07284681184683e-05,recomp_q30_p2,30,2
real_00419.jpeg,test,real,0,0,1.9254728613304906e-05,recomp_q30_p2,30,2
real_00286.jpeg,test,real,0,0,0.0010997892823070288,recomp_q30_p2,30,2
real_00341.jpeg,test,real,0,0,0.01359698548913002,recomp_q30_p2,30,2
real_00263.jpeg,test,real,0,0,8.355601312359795e-05,recomp_q30_p2,30,2
real_00255.jpeg,test,real,0,1,0.5379737019538879,recomp_q30_p2,30,2
real_00335.jpeg,test,real,0,0,9.677262278273702e-05,recomp_q30_p2,30,2
real_00174.jpeg,test,real,0,0,9.186528768623248e-05,recomp_q30_p2,30,2
real_00243.jpeg,test,real,0,0,0.24622797966003418,recomp_q30_p2,30,2
real_00140.jpeg,test,real,0,0,0.0354897603392601,recomp_q30_p2,30,2
real_00582.jpeg,test,real,0,0,9.420148853678256e-05,recomp_q30_p2,30,2
real_00542.jpeg,test,real,0,0,0.057770196348428726,recomp_q30_p2,30,2
real_00547.jpeg,test,real,0,0,1.1069209904235322e-06,recomp_q30_p2,30,2
real_00287.jpeg,test,real,0,1,0.7361358404159546,recomp_q30_p2,30,2
real_00144.jpeg,test,real,0,0,0.0005753359291702509,recomp_q30_p2,30,2
real_00214.jpeg,test,real,0,0,0.0005662441835738719,recomp_q30_p2,30,2
real_00234.jpeg,test,real,0,0,0.07544690370559692,recomp_q30_p2,30,2
real_00595.jpeg,test,real,0,0,0.000756943307351321,recomp_q30_p2,30,2
real_00075.jpeg,test,real,0,0,7.220912312533301e-09,recomp_q30_p2,30,2
real_00295.jpeg,test,real,0,0,0.0005269301473163068,recomp_q30_p2,30,2
real_00070.jpeg,test,real,0,0,0.0008856664644554257,recomp_q30_p2,30,2
real_00148.jpeg,test,real,0,0,3.096562295468175e-06,recomp_q30_p2,30,2
real_00491.jpeg,test,real,0,0,0.1932389885187149,recomp_q30_p2,30,2
real_00090.jpeg,test,real,0,0,3.9806323911761865e-05,recomp_q30_p2,30,2
real_00063.jpeg,test,real,0,0,0.0941031202673912,recomp_q30_p2,30,2
real_00334.jpeg,test,real,0,0,6.22961888439022e-05,recomp_q30_p2,30,2
real_00530.jpeg,test,real,0,0,0.00012888404307886958,recomp_q30_p2,30,2
real_00069.jpeg,test,real,0,0,0.0022288644686341286,recomp_q30_p2,30,2
real_00109.jpeg,test,real,0,0,6.60520926842878e-09,recomp_q30_p2,30,2
real_00321.jpeg,test,real,0,0,1.7990647620536038e-06,recomp_q30_p2,30,2
real_00126.jpeg,test,real,0,0,0.004811170045286417,recomp_q30_p2,30,2
real_00358.jpeg,test,real,0,1,0.546272337436676,recomp_q30_p2,30,2
real_00364.jpeg,test,real,0,0,0.00016733125085011125,recomp_q30_p2,30,2
real_00209.jpeg,test,real,0,0,0.0004445680824574083,recomp_q30_p2,30,2
real_00292.jpeg,test,real,0,0,0.000760646362323314,recomp_q30_p2,30,2
real_00473.jpeg,test,real,0,0,0.020541395992040634,recomp_q30_p2,30,2
real_00367.jpeg,test,real,0,0,0.00039016324444673955,recomp_q30_p2,30,2
real_00228.jpeg,test,real,0,0,0.002336718374863267,recomp_q30_p2,30,2
real_00463.jpeg,test,real,0,0,3.1941635825205594e-05,recomp_q30_p2,30,2
real_00529.jpeg,test,real,0,1,0.9369271993637085,recomp_q30_p2,30,2
real_00376.jpeg,test,real,0,0,1.5895986507530324e-05,recomp_q30_p2,30,2
real_00089.jpeg,test,real,0,0,0.009255630895495415,recomp_q30_p2,30,2
real_00409.jpeg,test,real,0,0,5.109737685415894e-05,recomp_q30_p2,30,2
real_00456.jpeg,test,real,0,0,0.009236402809619904,recomp_q30_p2,30,2
real_00378.jpeg,test,real,0,0,0.033018629997968674,recomp_q30_p2,30,2
real_00596.jpeg,test,real,0,0,0.004994221962988377,recomp_q30_p2,30,2
real_00477.jpeg,test,real,0,0,2.4003129510674626e-05,recomp_q30_p2,30,2
real_00261.jpeg,test,real,0,0,0.00017477016081102192,recomp_q30_p2,30,2
real_00273.jpeg,test,real,0,0,6.863911403343081e-05,recomp_q30_p2,30,2
real_00100.jpeg,test,real,0,0,4.763162086973693e-10,recomp_q30_p2,30,2
real_00080.jpeg,test,real,0,0,3.2048296816356014e-06,recomp_q30_p2,30,2
real_00009.jpeg,test,real,0,1,0.9178631901741028,recomp_q30_p2,30,2
real_00167.jpeg,test,real,0,0,8.610302575096096e-12,recomp_q30_p2,30,2
real_00571.jpeg,test,real,0,1,0.9346557259559631,recomp_q30_p2,30,2
real_00218.jpeg,test,real,0,0,1.0313702887287945e-06,recomp_q30_p2,30,2
real_00355.jpeg,test,real,0,0,0.010014025494456291,recomp_q30_p2,30,2
real_00406.jpeg,test,real,0,0,0.011186573654413223,recomp_q30_p2,30,2
real_00302.jpeg,test,real,0,0,0.10779901593923569,recomp_q30_p2,30,2
real_00010.jpeg,test,real,0,1,0.8619459271430969,recomp_q30_p2,30,2
real_00405.jpeg,test,real,0,0,0.0013656540540978312,recomp_q30_p2,30,2
real_00447.jpeg,test,real,0,0,9.834790262175375e-07,recomp_q30_p2,30,2
real_00379.jpeg,test,real,0,0,0.0005237694131210446,recomp_q30_p2,30,2
real_00319.jpeg,test,real,0,1,0.6381689310073853,recomp_q30_p2,30,2
real_00543.jpeg,test,real,0,0,0.0023186663165688515,recomp_q30_p2,30,2
real_00539.jpeg,test,real,0,0,0.21085882186889648,recomp_q30_p2,30,2
real_00579.jpeg,test,real,0,0,0.025822322815656662,recomp_q30_p2,30,2
real_00459.jpeg,test,real,0,1,0.7830563187599182,recomp_q30_p2,30,2
real_00587.jpeg,test,real,0,0,3.501343925904621e-08,recomp_q30_p2,30,2
real_00114.jpeg,test,real,0,0,1.9690853150677867e-05,recomp_q30_p2,30,2
real_00479.jpeg,test,real,0,0,9.54291972448118e-05,recomp_q30_p2,30,2
real_00488.jpeg,test,real,0,0,0.00018627388635650277,recomp_q30_p2,30,2
real_00360.jpeg,test,real,0,0,8.106877066893503e-05,recomp_q30_p2,30,2
real_00363.jpeg,test,real,0,0,0.022125104442238808,recomp_q30_p2,30,2
real_00350.jpeg,test,real,0,0,0.00012914053513668478,recomp_q30_p2,30,2
real_00441.jpeg,test,real,0,0,0.0014362726360559464,recomp_q30_p2,30,2
real_00003.jpeg,test,real,0,0,0.02711958810687065,recomp_q30_p2,30,2
real_00217.jpeg,test,real,0,0,4.286470721126534e-05,recomp_q30_p2,30,2
real_00465.jpeg,test,real,0,0,0.1960042268037796,recomp_q30_p2,30,2
real_00442.jpeg,test,real,0,0,0.0029409483540803194,recomp_q30_p2,30,2
real_00233.jpeg,test,real,0,0,0.0007885863888077438,recomp_q30_p2,30,2
real_00161.jpeg,test,real,0,0,0.004488742910325527,recomp_q30_p2,30,2
real_00412.jpeg,test,real,0,0,0.0012977021979168057,recomp_q30_p2,30,2
real_00468.jpeg,test,real,0,0,0.0001510508736828342,recomp_q30_p2,30,2
real_00125.jpeg,test,real,0,0,0.15636764466762543,recomp_q30_p2,30,2
real_00186.jpeg,test,real,0,0,3.944054697058164e-06,recomp_q30_p2,30,2
real_00172.jpeg,test,real,0,0,3.801404091063887e-05,recomp_q30_p2,30,2
real_00467.jpeg,test,real,0,0,0.0018268191488459706,recomp_q30_p2,30,2
real_00323.jpeg,test,real,0,0,5.754743028774101e-07,recomp_q30_p2,30,2
real_00203.jpeg,test,real,0,0,0.0033019515685737133,recomp_q30_p2,30,2
real_00552.jpeg,test,real,0,0,0.012825463898479939,recomp_q30_p2,30,2
real_00034.jpeg,test,real,0,0,0.0026444331742823124,recomp_q30_p2,30,2
real_00142.jpeg,test,real,0,0,0.017431912943720818,recomp_q30_p2,30,2
real_00059.jpeg,test,real,0,0,0.00010696638491936028,recomp_q30_p2,30,2
real_00021.jpeg,test,real,0,0,0.17147494852542877,recomp_q30_p2,30,2
real_00525.jpeg,test,real,0,0,0.0006003172020427883,recomp_q30_p2,30,2
real_00275.jpeg,test,real,0,0,0.17853139340877533,recomp_q30_p2,30,2
real_00430.jpeg,test,real,0,0,4.667514804168604e-05,recomp_q30_p2,30,2
real_00349.jpeg,test,real,0,0,3.3216565498150885e-06,recomp_q30_p2,30,2
real_00373.jpeg,test,real,0,0,0.00014817675400990993,recomp_q30_p2,30,2
real_00078.jpeg,test,real,0,0,0.034892402589321136,recomp_q30_p2,30,2
real_00437.jpeg,test,real,0,0,2.0551452450945362e-07,recomp_q30_p2,30,2
real_00520.jpeg,test,real,0,0,4.777361027663574e-06,recomp_q30_p2,30,2
real_00564.jpeg,test,real,0,0,0.0008659306913614273,recomp_q30_p2,30,2
real_00578.jpeg,test,real,0,0,0.0035031703300774097,recomp_q30_p2,30,2
real_00225.jpeg,test,real,0,0,0.0006437076954171062,recomp_q30_p2,30,2
real_00232.jpeg,test,real,0,0,1.855056211752526e-06,recomp_q30_p2,30,2
real_00194.jpeg,test,real,0,0,5.534177283106345e-12,recomp_q30_p2,30,2
real_00278.jpeg,test,real,0,0,1.0847363228094764e-05,recomp_q30_p2,30,2
real_00168.jpeg,test,real,0,0,4.513488966040313e-05,recomp_q30_p2,30,2
real_00145.jpeg,test,real,0,0,0.1359931379556656,recomp_q30_p2,30,2
real_00495.jpeg,test,real,0,0,5.094678999739699e-05,recomp_q30_p2,30,2
real_00236.jpeg,test,real,0,0,0.00026812238502316177,recomp_q30_p2,30,2
real_00121.jpeg,test,real,0,0,0.001237826538272202,recomp_q30_p2,30,2
real_00455.jpeg,test,real,0,0,0.0007621083059348166,recomp_q30_p2,30,2
real_00177.jpeg,test,real,0,0,0.3426969647407532,recomp_q30_p2,30,2
real_00485.jpeg,test,real,0,0,0.0024066453333944082,recomp_q30_p2,30,2
real_00136.jpeg,test,real,0,0,0.028749344870448112,recomp_q30_p2,30,2
real_00054.jpeg,test,real,0,0,1.1466425586803553e-09,recomp_q30_p2,30,2
real_00470.jpeg,test,real,0,0,1.0314282690160326e-06,recomp_q30_p2,30,2
real_00118.jpeg,test,real,0,0,3.059928758375463e-06,recomp_q30_p2,30,2
real_00153.jpeg,test,real,0,0,0.017681630328297615,recomp_q30_p2,30,2
real_00384.jpeg,test,real,0,0,0.0012748537119477987,recomp_q30_p2,30,2
real_00115.jpeg,test,real,0,0,0.02946293354034424,recomp_q30_p2,30,2
real_00101.jpeg,test,real,0,0,0.24875964224338531,recomp_q30_p2,30,2
real_00327.jpeg,test,real,0,0,0.04129136726260185,recomp_q30_p2,30,2
real_00164.jpeg,test,real,0,0,0.0001077750202966854,recomp_q30_p2,30,2
real_00538.jpeg,test,real,0,0,0.0016888228710740805,recomp_q30_p2,30,2
real_00049.jpeg,test,real,0,0,0.16704675555229187,recomp_q30_p2,30,2
real_00544.jpeg,test,real,0,0,0.005144983064383268,recomp_q30_p2,30,2
real_00154.jpeg,test,real,0,0,6.271929464674031e-07,recomp_q30_p2,30,2
real_00215.jpeg,test,real,0,0,0.15418274700641632,recomp_q30_p2,30,2
real_00124.jpeg,test,real,0,0,3.182481691510475e-07,recomp_q30_p2,30,2
real_00223.jpeg,test,real,0,0,0.06439697742462158,recomp_q30_p2,30,2
real_00065.jpeg,test,real,0,0,0.0026401132345199585,recomp_q30_p2,30,2
real_00282.jpeg,test,real,0,0,5.715244242310291e-07,recomp_q30_p2,30,2
real_00267.jpeg,test,real,0,0,0.0010184169514104724,recomp_q30_p2,30,2
real_00343.jpeg,test,real,0,0,0.008205695077776909,recomp_q30_p2,30,2
real_00421.jpeg,test,real,0,0,5.908835920553912e-12,recomp_q30_p2,30,2
real_00531.jpeg,test,real,0,0,1.1857073332066648e-05,recomp_q30_p2,30,2
real_00575.jpeg,test,real,0,0,0.00033099763095378876,recomp_q30_p2,30,2
real_00290.jpeg,test,real,0,0,4.6515424401150085e-06,recomp_q30_p2,30,2
real_00336.jpeg,test,real,0,0,2.1747057488141763e-08,recomp_q30_p2,30,2
real_00306.jpeg,test,real,0,0,0.10297933220863342,recomp_q30_p2,30,2
real_00231.jpeg,test,real,0,0,0.0005887560546398163,recomp_q30_p2,30,2
real_00002.jpeg,test,real,0,1,0.5674999952316284,recomp_q30_p2,30,2
real_00504.jpeg,test,real,0,0,0.027308965101838112,recomp_q30_p2,30,2
real_00536.jpeg,test,real,0,0,4.096175416634651e-06,recomp_q30_p2,30,2
real_00362.jpeg,test,real,0,0,0.0002590411459095776,recomp_q30_p2,30,2
real_00199.jpeg,test,real,0,0,0.005329413805156946,recomp_q30_p2,30,2
real_00023.jpeg,test,real,0,0,7.5841162470169365e-06,recomp_q30_p2,30,2
real_00433.jpeg,test,real,0,0,0.12282632291316986,recomp_q30_p2,30,2
real_00484.jpeg,test,real,0,1,0.5778722167015076,recomp_q30_p2,30,2
real_00110.jpeg,test,real,0,0,0.00019431688997428864,recomp_q30_p2,30,2
real_00305.jpeg,test,real,0,1,0.5152339339256287,recomp_q30_p2,30,2
real_00352.jpeg,test,real,0,0,0.00027769795269705355,recomp_q30_p2,30,2
real_00256.jpeg,test,real,0,0,0.008403713814914227,recomp_q30_p2,30,2
real_00404.jpeg,test,real,0,0,2.6306515792384744e-05,recomp_q30_p2,30,2
real_00523.jpeg,test,real,0,0,0.11213729530572891,recomp_q30_p2,30,2
real_00513.jpeg,test,real,0,0,0.3906691074371338,recomp_q30_p2,30,2
real_00108.jpeg,test,real,0,0,0.011025684885680676,recomp_q30_p2,30,2
real_00119.jpeg,test,real,0,0,0.032360926270484924,recomp_q30_p2,30,2
real_00511.jpeg,test,real,0,0,0.08949360251426697,recomp_q30_p2,30,2
real_00073.jpeg,test,real,0,0,2.710270896599809e-09,recomp_q30_p2,30,2
real_00469.jpeg,test,real,0,0,0.027308009564876556,recomp_q30_p2,30,2
real_00035.jpeg,test,real,0,0,1.8557572900590458e-07,recomp_q30_p2,30,2
real_00427.jpeg,test,real,0,0,8.271842375506822e-07,recomp_q30_p2,30,2
real_00000.jpeg,test,real,0,0,2.095801755785942e-05,recomp_q30_p2,30,2
real_00066.jpeg,test,real,0,0,7.49756100049126e-06,recomp_q30_p2,30,2
real_00052.jpeg,test,real,0,0,2.398887545496109e-06,recomp_q30_p2,30,2
real_00483.jpeg,test,real,0,0,1.6207426369874156e-06,recomp_q30_p2,30,2
real_00020.jpeg,test,real,0,0,0.48904216289520264,recomp_q30_p2,30,2
real_00540.jpeg,test,real,0,0,0.0004868564719799906,recomp_q30_p2,30,2
real_00383.jpeg,test,real,0,0,2.682125887076836e-05,recomp_q30_p2,30,2
real_00129.jpeg,test,real,0,0,1.0899572089329013e-06,recomp_q30_p2,30,2
real_00505.jpeg,test,real,0,0,5.744421323165827e-13,recomp_q30_p2,30,2
real_00517.jpeg,test,real,0,0,0.0008144966559484601,recomp_q30_p2,30,2
real_00291.jpeg,test,real,0,0,0.00010554627078818157,recomp_q30_p2,30,2
real_00328.jpeg,test,real,0,0,0.21876433491706848,recomp_q30_p2,30,2
real_00082.jpeg,test,real,0,0,3.980519380775149e-08,recomp_q30_p2,30,2
real_00413.jpeg,test,real,0,0,7.167890998971416e-06,recomp_q30_p2,30,2
real_00201.jpeg,test,real,0,0,0.016369516029953957,recomp_q30_p2,30,2
real_00422.jpeg,test,real,0,0,0.04519776999950409,recomp_q30_p2,30,2
real_00481.jpeg,test,real,0,1,0.8994123935699463,recomp_q30_p2,30,2
real_00249.jpeg,test,real,0,0,0.00010901202767854556,recomp_q30_p2,30,2
real_00591.jpeg,test,real,0,1,0.6354167461395264,recomp_q30_p2,30,2
real_00103.jpeg,test,real,0,0,0.044288214296102524,recomp_q30_p2,30,2
real_00058.jpeg,test,real,0,0,7.932399626042752e-07,recomp_q30_p2,30,2
real_00029.jpeg,test,real,0,0,0.24509494006633759,recomp_q30_p2,30,2
real_00551.jpeg,test,real,0,0,0.00014275300782173872,recomp_q30_p2,30,2
real_00453.jpeg,test,real,0,1,1.0,recomp_q30_p2,30,2
real_00041.jpeg,test,real,0,0,0.0004440388293005526,recomp_q30_p2,30,2
real_00316.jpeg,test,real,0,0,0.0016274561639875174,recomp_q30_p2,30,2
real_00449.jpeg,test,real,0,0,0.0005307368701323867,recomp_q30_p2,30,2
real_00198.jpeg,test,real,0,0,0.003859676653519273,recomp_q30_p2,30,2
real_00310.jpeg,test,real,0,0,0.0039459276013076305,recomp_q30_p2,30,2
real_00205.jpeg,test,real,0,0,1.9084240193478763e-05,recomp_q30_p2,30,2
real_00011.jpeg,test,real,0,0,0.032190389931201935,recomp_q30_p2,30,2
real_00556.jpeg,test,real,0,0,0.001001305878162384,recomp_q30_p2,30,2
real_00294.jpeg,test,real,0,0,4.6232906925069983e-07,recomp_q30_p2,30,2
real_00112.jpeg,test,real,0,0,0.487562358379364,recomp_q30_p2,30,2
real_00170.jpeg,test,real,0,0,5.264368883217685e-05,recomp_q30_p2,30,2
real_00569.jpeg,test,real,0,0,1.0206636943621561e-05,recomp_q30_p2,30,2
real_00318.jpeg,test,real,0,0,0.0034979241900146008,recomp_q30_p2,30,2
real_00397.jpeg,test,real,0,0,1.09334614535328e-05,recomp_q30_p2,30,2
real_00014.jpeg,test,real,0,0,0.0014231407549232244,recomp_q30_p2,30,2
real_00196.jpeg,test,real,0,0,4.089431023630505e-14,recomp_q30_p2,30,2
real_00191.jpeg,test,real,0,1,0.5707255601882935,recomp_q30_p2,30,2
real_00192.jpeg,test,real,0,0,4.631476429040049e-07,recomp_q30_p2,30,2
real_00353.jpeg,test,real,0,0,0.4092937707901001,recomp_q30_p2,30,2
real_00254.jpeg,test,real,0,0,7.0420205702248495e-06,recomp_q30_p2,30,2
real_00169.jpeg,test,real,0,0,4.2955244339282217e-07,recomp_q30_p2,30,2
real_00370.jpeg,test,real,0,0,9.236710063476039e-09,recomp_q30_p2,30,2
real_00004.jpeg,test,real,0,0,0.17926283180713654,recomp_q30_p2,30,2
real_00368.jpeg,test,real,0,0,0.13591524958610535,recomp_q30_p2,30,2
real_00417.jpeg,test,real,0,0,0.019432466477155685,recomp_q30_p2,30,2
real_00333.jpeg,test,real,0,0,5.668594553753792e-07,recomp_q30_p2,30,2
real_00123.jpeg,test,real,0,0,0.0015727512072771788,recomp_q30_p2,30,2
real_00380.jpeg,test,real,0,0,8.197318379643548e-08,recomp_q30_p2,30,2
real_00179.jpeg,test,real,0,0,7.810872921254486e-05,recomp_q30_p2,30,2
real_00400.jpeg,test,real,0,0,0.003315326990559697,recomp_q30_p2,30,2
real_00369.jpeg,test,real,0,0,0.03577931225299835,recomp_q30_p2,30,2
real_00051.jpeg,test,real,0,0,0.08222943544387817,recomp_q30_p2,30,2
real_00097.jpeg,test,real,0,0,2.322833279322367e-05,recomp_q30_p2,30,2
real_00515.jpeg,test,real,0,0,0.004799768328666687,recomp_q30_p2,30,2
real_00446.jpeg,test,real,0,0,0.0006692461320199072,recomp_q30_p2,30,2
real_00155.jpeg,test,real,0,0,0.0005813287571072578,recomp_q30_p2,30,2
real_00277.jpeg,test,real,0,0,0.0005250120884738863,recomp_q30_p2,30,2
real_00098.jpeg,test,real,0,0,1.4723133972438518e-05,recomp_q30_p2,30,2
real_00107.jpeg,test,real,0,0,0.0695590227842331,recomp_q30_p2,30,2
real_00087.jpeg,test,real,0,0,9.306796044938892e-08,recomp_q30_p2,30,2
real_00565.jpeg,test,real,0,0,7.695316606159963e-10,recomp_q30_p2,30,2
real_00280.jpeg,test,real,0,0,2.3539641915704124e-05,recomp_q30_p2,30,2
real_00507.jpeg,test,real,0,0,4.00788415788611e-08,recomp_q30_p2,30,2
real_00326.jpeg,test,real,0,0,0.10039538145065308,recomp_q30_p2,30,2
real_00244.jpeg,test,real,0,0,1.5897988221019732e-12,recomp_q30_p2,30,2
real_00033.jpeg,test,real,0,0,1.7288954040850513e-05,recomp_q30_p2,30,2
real_00064.jpeg,test,real,0,0,3.401648882572772e-07,recomp_q30_p2,30,2
real_00013.jpeg,test,real,0,0,1.3247095012047794e-06,recomp_q30_p2,30,2
real_00183.jpeg,test,real,0,0,0.4192024767398834,recomp_q30_p2,30,2
real_00030.jpeg,test,real,0,0,1.4800871639408797e-08,recomp_q30_p2,30,2
real_00474.jpeg,test,real,0,0,0.00035706866765394807,recomp_q30_p2,30,2
real_00558.jpeg,test,real,0,0,0.0030011110939085484,recomp_q30_p2,30,2
real_00088.jpeg,test,real,0,0,0.00032657088013365865,recomp_q30_p2,30,2
real_00436.jpeg,test,real,0,0,0.4951726794242859,recomp_q30_p2,30,2
real_00518.jpeg,test,real,0,0,6.465210731221305e-07,recomp_q30_p2,30,2
real_00111.jpeg,test,real,0,0,0.00017889196169562638,recomp_q30_p2,30,2
real_00122.jpeg,test,real,0,0,0.1138758733868599,recomp_q30_p2,30,2
real_00461.jpeg,test,real,0,0,0.006507737562060356,recomp_q30_p2,30,2
real_00239.jpeg,test,real,0,0,0.0010270938510075212,recomp_q30_p2,30,2
real_00408.jpeg,test,real,0,0,0.0015611345879733562,recomp_q30_p2,30,2
real_00460.jpeg,test,real,0,0,0.041079796850681305,recomp_q30_p2,30,2
real_00138.jpeg,test,real,0,0,0.002525964053347707,recomp_q30_p2,30,2
real_00429.jpeg,test,real,0,0,0.0004514580068644136,recomp_q30_p2,30,2
real_00462.jpeg,test,real,0,0,8.334081688654571e-12,recomp_q30_p2,30,2
real_00113.jpeg,test,real,0,1,0.5256168842315674,recomp_q30_p2,30,2
real_00391.jpeg,test,real,0,0,2.5063945940928534e-05,recomp_q30_p2,30,2
real_00303.jpeg,test,real,0,0,1.5451305444003083e-06,recomp_q30_p2,30,2
real_00592.jpeg,test,real,0,0,1.2637183119200814e-15,recomp_q30_p2,30,2
real_00157.jpeg,test,real,0,0,0.002494655316695571,recomp_q30_p2,30,2
real_00475.jpeg,test,real,0,0,0.0004946991102769971,recomp_q30_p2,30,2
real_00071.jpeg,test,real,0,0,0.019324837252497673,recomp_q30_p2,30,2
real_00235.jpeg,test,real,0,0,4.3020472162424994e-07,recomp_q30_p2,30,2
real_00067.jpeg,test,real,0,0,1.999654523388017e-05,recomp_q30_p2,30,2
real_00502.jpeg,test,real,0,0,0.011142185889184475,recomp_q30_p2,30,2
real_00099.jpeg,test,real,0,0,0.0005135393003001809,recomp_q30_p2,30,2
real_00508.jpeg,test,real,0,0,0.0013867935631424189,recomp_q30_p2,30,2
real_00036.jpeg,test,real,0,0,0.0032973254565149546,recomp_q30_p2,30,2
real_00149.jpeg,test,real,0,0,6.194979640383735e-09,recomp_q30_p2,30,2
real_00220.jpeg,test,real,0,0,0.013930987566709518,recomp_q30_p2,30,2
real_00418.jpeg,test,real,0,0,6.74575348966755e-05,recomp_q30_p2,30,2
real_00466.jpeg,test,real,0,0,0.033902037888765335,recomp_q30_p2,30,2
real_00120.jpeg,test,real,0,0,0.0014111297205090523,recomp_q30_p2,30,2
real_00139.jpeg,test,real,0,0,0.017405200749635696,recomp_q30_p2,30,2
real_00589.jpeg,test,real,0,1,0.9902905821800232,recomp_q30_p2,30,2
real_00276.jpeg,test,real,0,0,0.0010422907071188092,recomp_q30_p2,30,2
real_00377.jpeg,test,real,0,0,0.24161982536315918,recomp_q30_p2,30,2
real_00175.jpeg,test,real,0,0,0.12645269930362701,recomp_q30_p2,30,2
real_00001.jpeg,test,real,0,0,0.00872895959764719,recomp_q30_p2,30,2
real_00424.jpeg,test,real,0,0,4.829716635867953e-05,recomp_q30_p2,30,2
real_00197.jpeg,test,real,0,0,1.681519643170759e-05,recomp_q30_p2,30,2
real_00246.jpeg,test,real,0,0,0.03368547558784485,recomp_q30_p2,30,2
real_00325.jpeg,test,real,0,0,0.06511593610048294,recomp_q30_p2,30,2
real_00150.jpeg,test,real,0,0,7.250164912875334e-07,recomp_q30_p2,30,2
real_00501.jpeg,test,real,0,0,5.5080828786913116e-08,recomp_q30_p2,30,2
real_00428.jpeg,test,real,0,0,0.0002990082430187613,recomp_q30_p2,30,2
real_00222.jpeg,test,real,0,0,0.16658294200897217,recomp_q30_p2,30,2
real_00045.jpeg,test,real,0,0,0.0031100919004529715,recomp_q30_p2,30,2
real_00338.jpeg,test,real,0,0,1.1735924999811687e-05,recomp_q30_p2,30,2
real_00390.jpeg,test,real,0,0,0.0334610678255558,recomp_q30_p2,30,2
real_00062.jpeg,test,real,0,0,0.00933060422539711,recomp_q30_p2,30,2
real_00426.jpeg,test,real,0,0,5.425723657026538e-07,recomp_q30_p2,30,2
real_00247.jpeg,test,real,0,0,0.02111230604350567,recomp_q30_p2,30,2
real_00152.jpeg,test,real,0,0,0.0052656205371022224,recomp_q30_p2,30,2
real_00156.jpeg,test,real,0,0,0.0002177041897084564,recomp_q30_p2,30,2
real_00084.jpeg,test,real,0,0,0.0116155119612813,recomp_q30_p2,30,2
real_00212.jpeg,test,real,0,0,0.09276168793439865,recomp_q30_p2,30,2
real_00184.jpeg,test,real,0,0,0.0006514957640320063,recomp_q30_p2,30,2
real_00309.jpeg,test,real,0,0,0.0007811379618942738,recomp_q30_p2,30,2
real_00423.jpeg,test,real,0,0,0.1679888367652893,recomp_q30_p2,30,2
real_00095.jpeg,test,real,0,0,0.0018413924844935536,recomp_q30_p2,30,2
real_00264.jpeg,test,real,0,0,0.0017742003547027707,recomp_q30_p2,30,2
real_00105.jpeg,test,real,0,0,0.05987699702382088,recomp_q30_p2,30,2
real_00024.jpeg,test,real,0,0,7.516430287068943e-07,recomp_q30_p2,30,2
real_00293.jpeg,test,real,0,0,3.2982975426421035e-06,recomp_q30_p2,30,2
real_00311.jpeg,test,real,0,0,0.00015217994223348796,recomp_q30_p2,30,2
real_00032.jpeg,test,real,0,0,0.1785925030708313,recomp_q30_p2,30,2
real_00374.jpeg,test,real,0,0,1.676822648732923e-05,recomp_q30_p2,30,2
real_00492.jpeg,test,real,0,0,0.00012767892621923238,recomp_q30_p2,30,2
real_00162.jpeg,test,real,0,0,0.000472133862785995,recomp_q30_p2,30,2
real_00588.jpeg,test,real,0,0,0.0047719101421535015,recomp_q30_p2,30,2
real_00411.jpeg,test,real,0,0,0.007976817898452282,recomp_q30_p2,30,2
real_00241.jpeg,test,real,0,0,0.019947417080402374,recomp_q30_p2,30,2
real_00432.jpeg,test,real,0,1,0.5788415670394897,recomp_q30_p2,30,2
real_00025.jpeg,test,real,0,0,0.0005275000003166497,recomp_q30_p2,30,2
real_00079.jpeg,test,real,0,0,0.2479950189590454,recomp_q30_p2,30,2
real_00351.jpeg,test,real,0,0,0.000135364243760705,recomp_q30_p2,30,2
real_00590.jpeg,test,real,0,0,1.3105654943501577e-05,recomp_q30_p2,30,2
real_00240.jpeg,test,real,0,0,0.00020738420425914228,recomp_q30_p2,30,2
real_00583.jpeg,test,real,0,0,0.0008345930255018175,recomp_q30_p2,30,2
real_00116.jpeg,test,real,0,0,0.07673832774162292,recomp_q30_p2,30,2
real_00081.jpeg,test,real,0,0,0.0072614820674061775,recomp_q30_p2,30,2
real_00224.jpeg,test,real,0,0,0.035243261605501175,recomp_q30_p2,30,2
real_00372.jpeg,test,real,0,0,0.0034216793719679117,recomp_q30_p2,30,2
real_00074.jpeg,test,real,0,0,0.04667506739497185,recomp_q30_p2,30,2
real_00555.jpeg,test,real,0,0,3.410105637158267e-05,recomp_q30_p2,30,2
real_00399.jpeg,test,real,0,0,8.90423689270392e-05,recomp_q30_p2,30,2
real_00308.jpeg,test,real,0,0,0.037759117782115936,recomp_q30_p2,30,2
real_00132.jpeg,test,real,0,0,0.05127263069152832,recomp_q30_p2,30,2
real_00478.jpeg,test,real,0,0,0.00047931185690686107,recomp_q30_p2,30,2
real_00435.jpeg,test,real,0,0,3.879099779169337e-07,recomp_q30_p2,30,2
real_00072.jpeg,test,real,0,0,0.03472902998328209,recomp_q30_p2,30,2
real_00037.jpeg,test,real,0,1,0.7173402309417725,recomp_q30_p2,30,2
real_00272.jpeg,test,real,0,0,0.28782591223716736,recomp_q30_p2,30,2
real_00102.jpeg,test,real,0,0,0.06796982139348984,recomp_q30_p2,30,2
real_00044.jpeg,test,real,0,0,0.047821272164583206,recomp_q30_p2,30,2
real_00546.jpeg,test,real,0,0,0.08098574727773666,recomp_q30_p2,30,2
real_00146.jpeg,test,real,0,0,0.0013178343651816249,recomp_q30_p2,30,2
real_00361.jpeg,test,real,0,0,6.428924825740978e-05,recomp_q30_p2,30,2
real_00498.jpeg,test,real,0,0,0.005164298228919506,recomp_q30_p2,30,2
real_00567.jpeg,test,real,0,0,7.2640114012756385e-06,recomp_q30_p2,30,2
real_00229.jpeg,test,real,0,0,0.009740008041262627,recomp_q30_p2,30,2
real_00573.jpeg,test,real,0,0,5.196757774683647e-05,recomp_q30_p2,30,2
real_00452.jpeg,test,real,0,0,0.026686323806643486,recomp_q30_p2,30,2
real_00258.jpeg,test,real,0,0,0.025773128494620323,recomp_q30_p2,30,2
real_00581.jpeg,test,real,0,0,0.04270365834236145,recomp_q30_p2,30,2
real_00340.jpeg,test,real,0,0,0.02927502617239952,recomp_q30_p2,30,2
real_00516.jpeg,test,real,0,0,9.841122361464727e-11,recomp_q30_p2,30,2
real_00524.jpeg,test,real,0,0,0.010751520283520222,recomp_q30_p2,30,2
real_00554.jpeg,test,real,0,0,0.0009457506239414215,recomp_q30_p2,30,2
real_00299.jpeg,test,real,0,0,3.0248248350517315e-08,recomp_q30_p2,30,2
real_00439.jpeg,test,real,0,0,0.0013743253657594323,recomp_q30_p2,30,2
real_00166.jpeg,test,real,0,0,0.00045940506970509887,recomp_q30_p2,30,2
real_00392.jpeg,test,real,0,0,2.937374802058912e-06,recomp_q30_p2,30,2
real_00086.jpeg,test,real,0,0,1.4715667930431664e-05,recomp_q30_p2,30,2
real_00537.jpeg,test,real,0,0,0.3737697899341583,recomp_q30_p2,30,2
real_00431.jpeg,test,real,0,0,6.629206473007798e-05,recomp_q30_p2,30,2
real_00389.jpeg,test,real,0,0,0.00011063480633310974,recomp_q30_p2,30,2
real_00534.jpeg,test,real,0,0,8.161762821146112e-08,recomp_q30_p2,30,2
real_00541.jpeg,test,real,0,0,2.5894704158702098e-09,recomp_q30_p2,30,2
real_00094.jpeg,test,real,0,1,0.8744956851005554,recomp_q30_p2,30,2
real_00226.jpeg,test,real,0,0,0.00031612723250873387,recomp_q30_p2,30,2
real_00200.jpeg,test,real,0,0,0.009271183982491493,recomp_q30_p2,30,2
real_00330.jpeg,test,real,0,0,1.9933090698032174e-06,recomp_q30_p2,30,2
real_00091.jpeg,test,real,0,0,0.4469037652015686,recomp_q30_p2,30,2
real_00472.jpeg,test,real,0,0,8.829613484806487e-09,recomp_q30_p2,30,2
real_00493.jpeg,test,real,0,0,4.800457463716157e-05,recomp_q30_p2,30,2
real_00053.jpeg,test,real,0,0,6.150253195613686e-09,recomp_q30_p2,30,2
real_00298.jpeg,test,real,0,0,0.06492163240909576,recomp_q30_p2,30,2
real_00366.jpeg,test,real,0,0,0.0002972531074192375,recomp_q30_p2,30,2
real_00182.jpeg,test,real,0,0,8.816425543045625e-05,recomp_q30_p2,30,2
real_00490.jpeg,test,real,0,0,0.013722694478929043,recomp_q30_p2,30,2
real_00593.jpeg,test,real,0,0,0.28898856043815613,recomp_q30_p2,30,2
real_00137.jpeg,test,real,0,0,0.0001804499188438058,recomp_q30_p2,30,2
real_00314.jpeg,test,real,0,0,0.03286940976977348,recomp_q30_p2,30,2
real_00471.jpeg,test,real,0,0,0.009370552375912666,recomp_q30_p2,30,2
real_00365.jpeg,test,real,0,0,0.00039660793845541775,recomp_q30_p2,30,2
real_00042.jpeg,test,real,0,0,5.665338420612898e-09,recomp_q30_p2,30,2
real_00448.jpeg,test,real,0,0,0.10146317631006241,recomp_q30_p2,30,2
real_00188.jpeg,test,real,0,0,6.858580036350759e-06,recomp_q30_p2,30,2
real_00245.jpeg,test,real,0,0,0.0022185544949024916,recomp_q30_p2,30,2
real_00509.jpeg,test,real,0,0,2.3406271793646738e-05,recomp_q30_p2,30,2
real_00265.jpeg,test,real,0,0,0.011142415925860405,recomp_q30_p2,30,2
real_00443.jpeg,test,real,0,0,0.0001665896998019889,recomp_q30_p2,30,2
real_00284.jpeg,test,real,0,0,0.0007316434639506042,recomp_q30_p2,30,2
real_00386.jpeg,test,real,0,0,9.561020988257951e-07,recomp_q30_p2,30,2
real_00548.jpeg,test,real,0,0,1.5244447240547743e-05,recomp_q30_p2,30,2
real_00487.jpeg,test,real,0,0,0.0030368950683623552,recomp_q30_p2,30,2
real_00549.jpeg,test,real,0,0,0.22775252163410187,recomp_q30_p2,30,2
real_00315.jpeg,test,real,0,0,0.0007252334617078304,recomp_q30_p2,30,2
real_00464.jpeg,test,real,0,0,0.0009629151318222284,recomp_q30_p2,30,2
midjourney_00068.png,test,midjourney,1,0,0.0015284016262739897,recomp_q30_p2,30,2
vqdm_00062.png,test,vqdm,1,1,0.8376775979995728,recomp_q30_p2,30,2
adm_00019.png,test,adm,1,1,0.6215288043022156,recomp_q30_p2,30,2
midjourney_00077.png,test,midjourney,1,0,0.001977788982912898,recomp_q30_p2,30,2
adm_00074.png,test,adm,1,1,0.998023509979248,recomp_q30_p2,30,2
wukong_00038.png,test,wukong,1,1,0.9997504353523254,recomp_q30_p2,30,2
biggan_00049.png,test,biggan,1,0,0.20394311845302582,recomp_q30_p2,30,2
midjourney_00036.png,test,midjourney,1,0,0.034615956246852875,recomp_q30_p2,30,2
glide_00074.png,test,glide,1,0,0.006587284151464701,recomp_q30_p2,30,2
sdv5_00043.png,test,sdv5,1,0,0.03664567321538925,recomp_q30_p2,30,2
wukong_00067.png,test,wukong,1,1,0.9947750568389893,recomp_q30_p2,30,2
vqdm_00041.png,test,vqdm,1,1,0.8451392650604248,recomp_q30_p2,30,2
wukong_00066.png,test,wukong,1,0,0.2408887892961502,recomp_q30_p2,30,2
vqdm_00061.png,test,vqdm,1,1,0.7350483536720276,recomp_q30_p2,30,2
biggan_00010.png,test,biggan,1,0,0.02930004894733429,recomp_q30_p2,30,2
midjourney_00011.png,test,midjourney,1,1,0.9904712438583374,recomp_q30_p2,30,2
adm_00067.png,test,adm,1,1,0.9974741339683533,recomp_q30_p2,30,2
adm_00063.png,test,adm,1,1,0.8992586731910706,recomp_q30_p2,30,2
wukong_00015.png,test,wukong,1,1,0.933774471282959,recomp_q30_p2,30,2
vqdm_00004.png,test,vqdm,1,0,0.0955449715256691,recomp_q30_p2,30,2
midjourney_00005.png,test,midjourney,1,1,0.6859970688819885,recomp_q30_p2,30,2
adm_00014.png,test,adm,1,1,0.998100221157074,recomp_q30_p2,30,2
glide_00069.png,test,glide,1,0,0.0037568341940641403,recomp_q30_p2,30,2
vqdm_00010.png,test,vqdm,1,1,0.9992837309837341,recomp_q30_p2,30,2
sdv5_00046.png,test,sdv5,1,1,0.9808312058448792,recomp_q30_p2,30,2
wukong_00023.png,test,wukong,1,0,0.3516581058502197,recomp_q30_p2,30,2
midjourney_00074.png,test,midjourney,1,1,0.5997507572174072,recomp_q30_p2,30,2
midjourney_00039.png,test,midjourney,1,1,0.81085604429245,recomp_q30_p2,30,2
vqdm_00024.png,test,vqdm,1,0,0.1898898035287857,recomp_q30_p2,30,2
wukong_00075.png,test,wukong,1,1,0.8067761063575745,recomp_q30_p2,30,2
biggan_00050.png,test,biggan,1,1,0.9221093654632568,recomp_q30_p2,30,2
midjourney_00059.png,test,midjourney,1,1,0.8056238889694214,recomp_q30_p2,30,2
biggan_00029.png,test,biggan,1,0,0.00011925159196835011,recomp_q30_p2,30,2
sdv5_00039.png,test,sdv5,1,0,0.13475435972213745,recomp_q30_p2,30,2
glide_00061.png,test,glide,1,0,0.013354720547795296,recomp_q30_p2,30,2
biggan_00012.png,test,biggan,1,0,0.014954389072954655,recomp_q30_p2,30,2
biggan_00080.png,test,biggan,1,1,0.8178101778030396,recomp_q30_p2,30,2
glide_00053.png,test,glide,1,0,0.014084060676395893,recomp_q30_p2,30,2
vqdm_00006.png,test,vqdm,1,0,0.17483748495578766,recomp_q30_p2,30,2
adm_00023.png,test,adm,1,1,0.9992924928665161,recomp_q30_p2,30,2
sdv5_00054.png,test,sdv5,1,1,0.9719843864440918,recomp_q30_p2,30,2
midjourney_00021.png,test,midjourney,1,1,0.9842135906219482,recomp_q30_p2,30,2
vqdm_00065.png,test,vqdm,1,0,0.0017800786299631,recomp_q30_p2,30,2
biggan_00055.png,test,biggan,1,0,0.0005054037901572883,recomp_q30_p2,30,2
wukong_00003.png,test,wukong,1,1,0.9846312403678894,recomp_q30_p2,30,2
biggan_00022.png,test,biggan,1,0,0.0002908693568315357,recomp_q30_p2,30,2
biggan_00081.png,test,biggan,1,0,0.08112745732069016,recomp_q30_p2,30,2
vqdm_00049.png,test,vqdm,1,0,0.4486246109008789,recomp_q30_p2,30,2
sdv5_00076.png,test,sdv5,1,1,0.9996472597122192,recomp_q30_p2,30,2
vqdm_00011.png,test,vqdm,1,0,0.3920176923274994,recomp_q30_p2,30,2
adm_00039.png,test,adm,1,1,0.9974386692047119,recomp_q30_p2,30,2
glide_00023.png,test,glide,1,0,0.0019687048625200987,recomp_q30_p2,30,2
sdv5_00063.png,test,sdv5,1,1,0.9945083260536194,recomp_q30_p2,30,2
biggan_00059.png,test,biggan,1,0,0.3581792414188385,recomp_q30_p2,30,2
glide_00015.png,test,glide,1,0,0.4217807948589325,recomp_q30_p2,30,2
wukong_00047.png,test,wukong,1,0,0.08616134524345398,recomp_q30_p2,30,2
vqdm_00037.png,test,vqdm,1,1,0.8609574437141418,recomp_q30_p2,30,2
wukong_00080.png,test,wukong,1,1,0.9999562501907349,recomp_q30_p2,30,2
midjourney_00076.png,test,midjourney,1,1,0.9658918976783752,recomp_q30_p2,30,2
sdv5_00061.png,test,sdv5,1,1,0.9997163414955139,recomp_q30_p2,30,2
adm_00029.png,test,adm,1,1,0.9704529643058777,recomp_q30_p2,30,2
glide_00039.png,test,glide,1,0,0.12739412486553192,recomp_q30_p2,30,2
adm_00072.png,test,adm,1,0,0.0011872256873175502,recomp_q30_p2,30,2
sdv5_00051.png,test,sdv5,1,1,0.9998825788497925,recomp_q30_p2,30,2
sdv5_00066.png,test,sdv5,1,1,0.892490565776825,recomp_q30_p2,30,2
midjourney_00078.png,test,midjourney,1,1,0.9999371767044067,recomp_q30_p2,30,2
vqdm_00017.png,test,vqdm,1,0,0.0096565717831254,recomp_q30_p2,30,2
sdv5_00073.png,test,sdv5,1,1,0.934904158115387,recomp_q30_p2,30,2
midjourney_00045.png,test,midjourney,1,0,0.42883357405662537,recomp_q30_p2,30,2
vqdm_00073.png,test,vqdm,1,0,0.07893718034029007,recomp_q30_p2,30,2
sdv5_00008.png,test,sdv5,1,1,0.9992801547050476,recomp_q30_p2,30,2
midjourney_00061.png,test,midjourney,1,0,0.009604416787624359,recomp_q30_p2,30,2
adm_00015.png,test,adm,1,1,0.9992030262947083,recomp_q30_p2,30,2
vqdm_00068.png,test,vqdm,1,0,4.582485871651443e-06,recomp_q30_p2,30,2
midjourney_00053.png,test,midjourney,1,1,0.9996417760848999,recomp_q30_p2,30,2
sdv5_00050.png,test,sdv5,1,1,0.9913593530654907,recomp_q30_p2,30,2
glide_00050.png,test,glide,1,1,0.5028210878372192,recomp_q30_p2,30,2
midjourney_00069.png,test,midjourney,1,0,0.48968565464019775,recomp_q30_p2,30,2
glide_00038.png,test,glide,1,0,0.09133363515138626,recomp_q30_p2,30,2
biggan_00011.png,test,biggan,1,0,2.8779031708836555e-06,recomp_q30_p2,30,2
biggan_00082.png,test,biggan,1,1,0.8825193047523499,recomp_q30_p2,30,2
wukong_00005.png,test,wukong,1,1,0.9998149275779724,recomp_q30_p2,30,2
wukong_00014.png,test,wukong,1,1,0.9963988065719604,recomp_q30_p2,30,2
midjourney_00071.png,test,midjourney,1,0,0.004787350073456764,recomp_q30_p2,30,2
midjourney_00009.png,test,midjourney,1,0,0.16729624569416046,recomp_q30_p2,30,2
midjourney_00044.png,test,midjourney,1,1,0.9411808848381042,recomp_q30_p2,30,2
biggan_00017.png,test,biggan,1,1,0.7717458009719849,recomp_q30_p2,30,2
glide_00082.png,test,glide,1,0,0.00013434993161354214,recomp_q30_p2,30,2
glide_00037.png,test,glide,1,0,0.017784420400857925,recomp_q30_p2,30,2
adm_00027.png,test,adm,1,1,0.9970471262931824,recomp_q30_p2,30,2
midjourney_00024.png,test,midjourney,1,1,0.99775630235672,recomp_q30_p2,30,2
glide_00033.png,test,glide,1,0,0.0007221148698590696,recomp_q30_p2,30,2
midjourney_00007.png,test,midjourney,1,1,0.9670705795288086,recomp_q30_p2,30,2
sdv5_00072.png,test,sdv5,1,1,0.553912878036499,recomp_q30_p2,30,2
wukong_00022.png,test,wukong,1,1,0.993435263633728,recomp_q30_p2,30,2
vqdm_00032.png,test,vqdm,1,0,7.523468411818612e-06,recomp_q30_p2,30,2
glide_00009.png,test,glide,1,0,0.23450203239917755,recomp_q30_p2,30,2
biggan_00030.png,test,biggan,1,0,0.004115970805287361,recomp_q30_p2,30,2
wukong_00057.png,test,wukong,1,1,0.9666296243667603,recomp_q30_p2,30,2
adm_00079.png,test,adm,1,1,0.9999217987060547,recomp_q30_p2,30,2
vqdm_00031.png,test,vqdm,1,1,0.9497393369674683,recomp_q30_p2,30,2
glide_00010.png,test,glide,1,1,0.9999990463256836,recomp_q30_p2,30,2
wukong_00009.png,test,wukong,1,1,0.8354969024658203,recomp_q30_p2,30,2
glide_00013.png,test,glide,1,0,7.878817882556177e-07,recomp_q30_p2,30,2
vqdm_00023.png,test,vqdm,1,0,0.016670439392328262,recomp_q30_p2,30,2
sdv5_00011.png,test,sdv5,1,0,0.03512892872095108,recomp_q30_p2,30,2
sdv5_00047.png,test,sdv5,1,1,0.9989882111549377,recomp_q30_p2,30,2
sdv5_00009.png,test,sdv5,1,1,0.9443297982215881,recomp_q30_p2,30,2
sdv5_00010.png,test,sdv5,1,1,0.9729698896408081,recomp_q30_p2,30,2
glide_00076.png,test,glide,1,0,0.06583628803491592,recomp_q30_p2,30,2
adm_00081.png,test,adm,1,1,0.9584004878997803,recomp_q30_p2,30,2
sdv5_00023.png,test,sdv5,1,1,0.9548307061195374,recomp_q30_p2,30,2
biggan_00003.png,test,biggan,1,0,0.00014520189142785966,recomp_q30_p2,30,2
wukong_00061.png,test,wukong,1,1,0.9231427907943726,recomp_q30_p2,30,2
adm_00085.png,test,adm,1,0,0.02096359059214592,recomp_q30_p2,30,2
midjourney_00014.png,test,midjourney,1,1,0.6001588106155396,recomp_q30_p2,30,2
vqdm_00042.png,test,vqdm,1,0,0.0013222640845924616,recomp_q30_p2,30,2
wukong_00076.png,test,wukong,1,1,0.9980898499488831,recomp_q30_p2,30,2
vqdm_00035.png,test,vqdm,1,0,0.0021357769146561623,recomp_q30_p2,30,2
sdv5_00037.png,test,sdv5,1,1,0.9509720206260681,recomp_q30_p2,30,2
biggan_00000.png,test,biggan,1,0,0.021663863211870193,recomp_q30_p2,30,2
sdv5_00053.png,test,sdv5,1,1,0.9995152950286865,recomp_q30_p2,30,2
midjourney_00034.png,test,midjourney,1,1,0.9903299808502197,recomp_q30_p2,30,2
wukong_00033.png,test,wukong,1,1,0.9613593220710754,recomp_q30_p2,30,2
glide_00011.png,test,glide,1,0,0.002997557632625103,recomp_q30_p2,30,2
glide_00008.png,test,glide,1,1,0.6614456176757812,recomp_q30_p2,30,2
adm_00044.png,test,adm,1,0,0.15409807860851288,recomp_q30_p2,30,2
sdv5_00029.png,test,sdv5,1,1,0.9999855756759644,recomp_q30_p2,30,2
sdv5_00081.png,test,sdv5,1,1,0.9996329545974731,recomp_q30_p2,30,2
sdv5_00040.png,test,sdv5,1,0,0.34407228231430054,recomp_q30_p2,30,2
adm_00042.png,test,adm,1,0,0.4157257676124573,recomp_q30_p2,30,2
sdv5_00059.png,test,sdv5,1,1,0.9220075607299805,recomp_q30_p2,30,2
wukong_00017.png,test,wukong,1,1,0.9991673231124878,recomp_q30_p2,30,2
wukong_00058.png,test,wukong,1,1,0.9991374015808105,recomp_q30_p2,30,2
adm_00086.png,test,adm,1,0,0.3656822443008423,recomp_q30_p2,30,2
midjourney_00049.png,test,midjourney,1,1,0.8751599192619324,recomp_q30_p2,30,2
midjourney_00065.png,test,midjourney,1,1,0.9999995231628418,recomp_q30_p2,30,2
midjourney_00006.png,test,midjourney,1,1,0.9654061198234558,recomp_q30_p2,30,2
wukong_00079.png,test,wukong,1,1,0.9751059412956238,recomp_q30_p2,30,2
sdv5_00085.png,test,sdv5,1,1,0.9998434782028198,recomp_q30_p2,30,2
sdv5_00065.png,test,sdv5,1,1,0.925098180770874,recomp_q30_p2,30,2
wukong_00037.png,test,wukong,1,1,0.9765375852584839,recomp_q30_p2,30,2
biggan_00032.png,test,biggan,1,0,0.0037850006483495235,recomp_q30_p2,30,2
wukong_00011.png,test,wukong,1,1,0.9999139308929443,recomp_q30_p2,30,2
biggan_00053.png,test,biggan,1,1,0.9844382405281067,recomp_q30_p2,30,2
sdv5_00005.png,test,sdv5,1,1,0.9523334503173828,recomp_q30_p2,30,2
adm_00057.png,test,adm,1,0,0.13559870421886444,recomp_q30_p2,30,2
wukong_00024.png,test,wukong,1,1,0.9470793008804321,recomp_q30_p2,30,2
glide_00056.png,test,glide,1,1,0.8511288166046143,recomp_q30_p2,30,2
adm_00004.png,test,adm,1,1,0.9269485473632812,recomp_q30_p2,30,2
midjourney_00081.png,test,midjourney,1,0,0.00018986599752679467,recomp_q30_p2,30,2
sdv5_00083.png,test,sdv5,1,0,0.0004088192945346236,recomp_q30_p2,30,2
glide_00042.png,test,glide,1,0,0.1933094561100006,recomp_q30_p2,30,2
glide_00029.png,test,glide,1,0,0.0030141740571707487,recomp_q30_p2,30,2
vqdm_00022.png,test,vqdm,1,0,0.03878525272011757,recomp_q30_p2,30,2
adm_00007.png,test,adm,1,1,0.5246903896331787,recomp_q30_p2,30,2
vqdm_00082.png,test,vqdm,1,0,0.004592112731188536,recomp_q30_p2,30,2
glide_00052.png,test,glide,1,1,0.8342403769493103,recomp_q30_p2,30,2
adm_00066.png,test,adm,1,1,0.8021993041038513,recomp_q30_p2,30,2
sdv5_00026.png,test,sdv5,1,0,0.16828228533267975,recomp_q30_p2,30,2
wukong_00004.png,test,wukong,1,1,0.9999586343765259,recomp_q30_p2,30,2
wukong_00034.png,test,wukong,1,1,0.9869152903556824,recomp_q30_p2,30,2
adm_00073.png,test,adm,1,1,0.9158257842063904,recomp_q30_p2,30,2
sdv5_00056.png,test,sdv5,1,1,0.8481437563896179,recomp_q30_p2,30,2
adm_00050.png,test,adm,1,0,0.14319565892219543,recomp_q30_p2,30,2
biggan_00004.png,test,biggan,1,0,0.03713282197713852,recomp_q30_p2,30,2
midjourney_00063.png,test,midjourney,1,1,0.763346791267395,recomp_q30_p2,30,2
glide_00007.png,test,glide,1,0,0.0021793274208903313,recomp_q30_p2,30,2
vqdm_00059.png,test,vqdm,1,0,0.014281040988862514,recomp_q30_p2,30,2
midjourney_00051.png,test,midjourney,1,0,0.007652780041098595,recomp_q30_p2,30,2
adm_00040.png,test,adm,1,1,0.5224466323852539,recomp_q30_p2,30,2
vqdm_00046.png,test,vqdm,1,0,0.011438384652137756,recomp_q30_p2,30,2
glide_00071.png,test,glide,1,0,0.02757859416306019,recomp_q30_p2,30,2
midjourney_00040.png,test,midjourney,1,0,0.25052163004875183,recomp_q30_p2,30,2
biggan_00056.png,test,biggan,1,1,0.5762746930122375,recomp_q30_p2,30,2
wukong_00030.png,test,wukong,1,1,0.7648635506629944,recomp_q30_p2,30,2
adm_00045.png,test,adm,1,0,0.00471368245780468,recomp_q30_p2,30,2
vqdm_00069.png,test,vqdm,1,0,0.05953877791762352,recomp_q30_p2,30,2
sdv5_00013.png,test,sdv5,1,1,0.818755030632019,recomp_q30_p2,30,2
adm_00058.png,test,adm,1,1,0.9238737225532532,recomp_q30_p2,30,2
biggan_00037.png,test,biggan,1,1,0.9994465708732605,recomp_q30_p2,30,2
vqdm_00039.png,test,vqdm,1,1,0.591223418712616,recomp_q30_p2,30,2
sdv5_00034.png,test,sdv5,1,1,0.9966562986373901,recomp_q30_p2,30,2
glide_00047.png,test,glide,1,0,0.026560837402939796,recomp_q30_p2,30,2
biggan_00063.png,test,biggan,1,0,0.026116997003555298,recomp_q30_p2,30,2
glide_00045.png,test,glide,1,1,0.7787081003189087,recomp_q30_p2,30,2
wukong_00027.png,test,wukong,1,1,0.9788429737091064,recomp_q30_p2,30,2
vqdm_00027.png,test,vqdm,1,0,0.0007328066858462989,recomp_q30_p2,30,2
glide_00024.png,test,glide,1,0,0.2433406114578247,recomp_q30_p2,30,2
wukong_00085.png,test,wukong,1,1,0.9859201312065125,recomp_q30_p2,30,2
glide_00043.png,test,glide,1,0,0.06422005593776703,recomp_q30_p2,30,2
vqdm_00055.png,test,vqdm,1,0,0.3413938283920288,recomp_q30_p2,30,2
midjourney_00057.png,test,midjourney,1,1,0.9966369867324829,recomp_q30_p2,30,2
wukong_00062.png,test,wukong,1,0,0.464188814163208,recomp_q30_p2,30,2
sdv5_00007.png,test,sdv5,1,1,0.9971016049385071,recomp_q30_p2,30,2
biggan_00043.png,test,biggan,1,0,6.580302851943998e-06,recomp_q30_p2,30,2
adm_00083.png,test,adm,1,1,0.9140656590461731,recomp_q30_p2,30,2
adm_00052.png,test,adm,1,1,0.9993293285369873,recomp_q30_p2,30,2
wukong_00032.png,test,wukong,1,1,0.821618378162384,recomp_q30_p2,30,2
midjourney_00047.png,test,midjourney,1,1,0.999019980430603,recomp_q30_p2,30,2
midjourney_00072.png,test,midjourney,1,1,0.9989768266677856,recomp_q30_p2,30,2
wukong_00010.png,test,wukong,1,1,0.9616568684577942,recomp_q30_p2,30,2
sdv5_00021.png,test,sdv5,1,1,0.9197744727134705,recomp_q30_p2,30,2
biggan_00009.png,test,biggan,1,1,0.9784210324287415,recomp_q30_p2,30,2
wukong_00043.png,test,wukong,1,1,0.9998562335968018,recomp_q30_p2,30,2
vqdm_00034.png,test,vqdm,1,0,0.22762426733970642,recomp_q30_p2,30,2
biggan_00023.png,test,biggan,1,1,0.9528850317001343,recomp_q30_p2,30,2
glide_00080.png,test,glide,1,1,0.9302213788032532,recomp_q30_p2,30,2
midjourney_00008.png,test,midjourney,1,0,0.04449399188160896,recomp_q30_p2,30,2
biggan_00024.png,test,biggan,1,1,0.9135143756866455,recomp_q30_p2,30,2
midjourney_00002.png,test,midjourney,1,0,0.32158327102661133,recomp_q30_p2,30,2
midjourney_00000.png,test,midjourney,1,1,0.577908992767334,recomp_q30_p2,30,2
adm_00084.png,test,adm,1,1,0.9994667172431946,recomp_q30_p2,30,2
biggan_00042.png,test,biggan,1,0,0.018567927181720734,recomp_q30_p2,30,2
wukong_00018.png,test,wukong,1,1,0.9958598017692566,recomp_q30_p2,30,2
vqdm_00021.png,test,vqdm,1,1,0.5354219675064087,recomp_q30_p2,30,2
sdv5_00057.png,test,sdv5,1,1,0.6954139471054077,recomp_q30_p2,30,2
midjourney_00029.png,test,midjourney,1,1,0.7618690729141235,recomp_q30_p2,30,2
sdv5_00004.png,test,sdv5,1,0,0.058904994279146194,recomp_q30_p2,30,2
wukong_00063.png,test,wukong,1,0,0.04109300673007965,recomp_q30_p2,30,2
glide_00057.png,test,glide,1,1,0.5874252915382385,recomp_q30_p2,30,2
wukong_00074.png,test,wukong,1,0,0.2811833322048187,recomp_q30_p2,30,2
adm_00070.png,test,adm,1,0,7.869156979722902e-05,recomp_q30_p2,30,2
midjourney_00018.png,test,midjourney,1,1,0.9861706495285034,recomp_q30_p2,30,2
vqdm_00081.png,test,vqdm,1,0,0.0955943688750267,recomp_q30_p2,30,2
vqdm_00075.png,test,vqdm,1,0,0.3654906153678894,recomp_q30_p2,30,2
glide_00059.png,test,glide,1,0,0.0034308787435293198,recomp_q30_p2,30,2
vqdm_00002.png,test,vqdm,1,0,0.06992629915475845,recomp_q30_p2,30,2
biggan_00045.png,test,biggan,1,0,0.49667707085609436,recomp_q30_p2,30,2
sdv5_00075.png,test,sdv5,1,1,0.9809830784797668,recomp_q30_p2,30,2
sdv5_00055.png,test,sdv5,1,0,0.04160487279295921,recomp_q30_p2,30,2
wukong_00013.png,test,wukong,1,1,0.9870309233665466,recomp_q30_p2,30,2
adm_00068.png,test,adm,1,1,0.9182974100112915,recomp_q30_p2,30,2
midjourney_00010.png,test,midjourney,1,0,0.019718391820788383,recomp_q30_p2,30,2
midjourney_00030.png,test,midjourney,1,1,0.9905451536178589,recomp_q30_p2,30,2
sdv5_00074.png,test,sdv5,1,1,0.9999974966049194,recomp_q30_p2,30,2
vqdm_00072.png,test,vqdm,1,1,0.9494614601135254,recomp_q30_p2,30,2
wukong_00031.png,test,wukong,1,1,0.9986538887023926,recomp_q30_p2,30,2
vqdm_00080.png,test,vqdm,1,0,0.15783898532390594,recomp_q30_p2,30,2
midjourney_00043.png,test,midjourney,1,0,0.015023615211248398,recomp_q30_p2,30,2
vqdm_00001.png,test,vqdm,1,0,0.33609285950660706,recomp_q30_p2,30,2
glide_00021.png,test,glide,1,1,0.8821135759353638,recomp_q30_p2,30,2
midjourney_00037.png,test,midjourney,1,0,0.003602734999731183,recomp_q30_p2,30,2
biggan_00031.png,test,biggan,1,0,0.0006993182469159365,recomp_q30_p2,30,2
wukong_00072.png,test,wukong,1,1,0.976963460445404,recomp_q30_p2,30,2
midjourney_00055.png,test,midjourney,1,1,0.9697344303131104,recomp_q30_p2,30,2
glide_00070.png,test,glide,1,1,0.9379711747169495,recomp_q30_p2,30,2
biggan_00057.png,test,biggan,1,0,0.07577060908079147,recomp_q30_p2,30,2
midjourney_00075.png,test,midjourney,1,1,0.9979768395423889,recomp_q30_p2,30,2
vqdm_00048.png,test,vqdm,1,1,0.987250804901123,recomp_q30_p2,30,2
glide_00034.png,test,glide,1,1,0.9719730019569397,recomp_q30_p2,30,2
sdv5_00078.png,test,sdv5,1,1,0.7499945759773254,recomp_q30_p2,30,2
midjourney_00062.png,test,midjourney,1,0,0.43488267064094543,recomp_q30_p2,30,2
adm_00031.png,test,adm,1,0,0.1214461624622345,recomp_q30_p2,30,2
midjourney_00026.png,test,midjourney,1,0,0.1431543529033661,recomp_q30_p2,30,2
vqdm_00000.png,test,vqdm,1,0,0.29710525274276733,recomp_q30_p2,30,2
adm_00020.png,test,adm,1,0,0.15368099510669708,recomp_q30_p2,30,2
adm_00012.png,test,adm,1,1,0.9969651103019714,recomp_q30_p2,30,2
adm_00030.png,test,adm,1,1,0.7857092022895813,recomp_q30_p2,30,2
midjourney_00070.png,test,midjourney,1,0,0.08522666245698929,recomp_q30_p2,30,2
adm_00041.png,test,adm,1,1,0.9962365031242371,recomp_q30_p2,30,2
adm_00078.png,test,adm,1,1,0.9243764281272888,recomp_q30_p2,30,2
wukong_00068.png,test,wukong,1,1,0.8662344813346863,recomp_q30_p2,30,2
biggan_00008.png,test,biggan,1,0,0.061228714883327484,recomp_q30_p2,30,2
adm_00069.png,test,adm,1,1,0.9940851926803589,recomp_q30_p2,30,2
vqdm_00056.png,test,vqdm,1,1,0.7323305606842041,recomp_q30_p2,30,2
sdv5_00036.png,test,sdv5,1,1,0.7422658801078796,recomp_q30_p2,30,2
vqdm_00079.png,test,vqdm,1,0,0.028988581150770187,recomp_q30_p2,30,2
midjourney_00017.png,test,midjourney,1,0,0.15596477687358856,recomp_q30_p2,30,2
biggan_00033.png,test,biggan,1,0,0.038631271570920944,recomp_q30_p2,30,2
biggan_00018.png,test,biggan,1,1,0.5982030034065247,recomp_q30_p2,30,2
sdv5_00001.png,test,sdv5,1,0,0.3565714359283447,recomp_q30_p2,30,2
sdv5_00020.png,test,sdv5,1,1,0.982039749622345,recomp_q30_p2,30,2
biggan_00048.png,test,biggan,1,1,0.9947202205657959,recomp_q30_p2,30,2
biggan_00058.png,test,biggan,1,1,0.9618421196937561,recomp_q30_p2,30,2
midjourney_00066.png,test,midjourney,1,0,0.10283955186605453,recomp_q30_p2,30,2
midjourney_00080.png,test,midjourney,1,0,0.014845596626400948,recomp_q30_p2,30,2
adm_00005.png,test,adm,1,1,0.9496769905090332,recomp_q30_p2,30,2
adm_00003.png,test,adm,1,1,0.9875271916389465,recomp_q30_p2,30,2
adm_00024.png,test,adm,1,1,0.8261725306510925,recomp_q30_p2,30,2
sdv5_00000.png,test,sdv5,1,1,0.9992507100105286,recomp_q30_p2,30,2
biggan_00001.png,test,biggan,1,0,0.0013812975957989693,recomp_q30_p2,30,2
vqdm_00014.png,test,vqdm,1,1,0.9063381552696228,recomp_q30_p2,30,2
biggan_00028.png,test,biggan,1,1,0.9294679164886475,recomp_q30_p2,30,2
midjourney_00028.png,test,midjourney,1,0,0.013229668140411377,recomp_q30_p2,30,2
biggan_00027.png,test,biggan,1,1,0.7365241050720215,recomp_q30_p2,30,2
sdv5_00049.png,test,sdv5,1,1,0.8521661758422852,recomp_q30_p2,30,2
vqdm_00029.png,test,vqdm,1,0,0.29974812269210815,recomp_q30_p2,30,2
adm_00035.png,test,adm,1,1,0.9654210209846497,recomp_q30_p2,30,2
adm_00011.png,test,adm,1,1,0.9944801330566406,recomp_q30_p2,30,2
biggan_00078.png,test,biggan,1,1,0.5466889142990112,recomp_q30_p2,30,2
midjourney_00013.png,test,midjourney,1,1,0.9809194207191467,recomp_q30_p2,30,2
sdv5_00067.png,test,sdv5,1,1,0.9053024053573608,recomp_q30_p2,30,2
biggan_00006.png,test,biggan,1,0,0.002415706403553486,recomp_q30_p2,30,2
vqdm_00078.png,test,vqdm,1,0,0.00772873405367136,recomp_q30_p2,30,2
glide_00049.png,test,glide,1,0,0.0007870874833315611,recomp_q30_p2,30,2
midjourney_00050.png,test,midjourney,1,1,0.9973631501197815,recomp_q30_p2,30,2
glide_00017.png,test,glide,1,1,0.6553588509559631,recomp_q30_p2,30,2
wukong_00008.png,test,wukong,1,1,0.9999984502792358,recomp_q30_p2,30,2
sdv5_00014.png,test,sdv5,1,1,0.8568922281265259,recomp_q30_p2,30,2
biggan_00052.png,test,biggan,1,0,0.0009591408306732774,recomp_q30_p2,30,2
wukong_00059.png,test,wukong,1,1,0.9858896732330322,recomp_q30_p2,30,2
glide_00078.png,test,glide,1,0,0.38237154483795166,recomp_q30_p2,30,2
adm_00034.png,test,adm,1,1,0.9996113181114197,recomp_q30_p2,30,2
wukong_00006.png,test,wukong,1,1,0.8419249057769775,recomp_q30_p2,30,2
biggan_00046.png,test,biggan,1,1,0.9999926090240479,recomp_q30_p2,30,2
wukong_00073.png,test,wukong,1,1,0.8389449715614319,recomp_q30_p2,30,2
midjourney_00046.png,test,midjourney,1,1,0.5956093668937683,recomp_q30_p2,30,2
glide_00068.png,test,glide,1,0,0.0004961768863722682,recomp_q30_p2,30,2
midjourney_00058.png,test,midjourney,1,0,0.3318658769130707,recomp_q30_p2,30,2
glide_00001.png,test,glide,1,0,0.0029952784534543753,recomp_q30_p2,30,2
glide_00041.png,test,glide,1,1,1.0,recomp_q30_p2,30,2
glide_00014.png,test,glide,1,0,0.00018762453692033887,recomp_q30_p2,30,2
adm_00013.png,test,adm,1,1,0.7221052050590515,recomp_q30_p2,30,2
glide_00063.png,test,glide,1,0,0.0168787632137537,recomp_q30_p2,30,2
wukong_00045.png,test,wukong,1,1,0.9977662563323975,recomp_q30_p2,30,2
biggan_00079.png,test,biggan,1,1,0.9618675112724304,recomp_q30_p2,30,2
adm_00002.png,test,adm,1,1,0.9999963045120239,recomp_q30_p2,30,2
midjourney_00041.png,test,midjourney,1,1,0.5465351343154907,recomp_q30_p2,30,2
vqdm_00044.png,test,vqdm,1,0,0.062001220881938934,recomp_q30_p2,30,2
adm_00043.png,test,adm,1,0,0.0006347715971060097,recomp_q30_p2,30,2
sdv5_00017.png,test,sdv5,1,1,0.9887487888336182,recomp_q30_p2,30,2
vqdm_00052.png,test,vqdm,1,0,0.0005101913120597601,recomp_q30_p2,30,2
adm_00036.png,test,adm,1,1,0.9914907813072205,recomp_q30_p2,30,2
biggan_00083.png,test,biggan,1,1,0.8766353726387024,recomp_q30_p2,30,2
glide_00020.png,test,glide,1,1,0.9997866749763489,recomp_q30_p2,30,2
midjourney_00054.png,test,midjourney,1,0,0.0313747338950634,recomp_q30_p2,30,2
adm_00032.png,test,adm,1,1,0.927058756351471,recomp_q30_p2,30,2
glide_00058.png,test,glide,1,1,0.545336127281189,recomp_q30_p2,30,2
vqdm_00008.png,test,vqdm,1,1,0.6855909824371338,recomp_q30_p2,30,2
adm_00026.png,test,adm,1,1,0.7803810834884644,recomp_q30_p2,30,2
midjourney_00082.png,test,midjourney,1,0,0.09302212297916412,recomp_q30_p2,30,2
wukong_00012.png,test,wukong,1,0,0.3925304412841797,recomp_q30_p2,30,2
glide_00048.png,test,glide,1,0,0.0010059860069304705,recomp_q30_p2,30,2
midjourney_00033.png,test,midjourney,1,1,0.993946373462677,recomp_q30_p2,30,2
vqdm_00060.png,test,vqdm,1,0,0.036956265568733215,recomp_q30_p2,30,2
wukong_00052.png,test,wukong,1,1,0.9999923706054688,recomp_q30_p2,30,2
adm_00021.png,test,adm,1,0,0.0005982458824291825,recomp_q30_p2,30,2
wukong_00042.png,test,wukong,1,0,0.469423770904541,recomp_q30_p2,30,2
vqdm_00071.png,test,vqdm,1,1,0.8205285668373108,recomp_q30_p2,30,2
glide_00026.png,test,glide,1,1,0.9966895580291748,recomp_q30_p2,30,2
biggan_00019.png,test,biggan,1,1,0.7434542775154114,recomp_q30_p2,30,2
glide_00051.png,test,glide,1,0,0.09220921993255615,recomp_q30_p2,30,2
adm_00056.png,test,adm,1,1,0.8865514397621155,recomp_q30_p2,30,2
glide_00012.png,test,glide,1,0,0.27685490250587463,recomp_q30_p2,30,2
adm_00017.png,test,adm,1,0,0.002778400434181094,recomp_q30_p2,30,2
wukong_00020.png,test,wukong,1,1,0.9816727042198181,recomp_q30_p2,30,2
sdv5_00069.png,test,sdv5,1,1,0.8583577275276184,recomp_q30_p2,30,2
vqdm_00064.png,test,vqdm,1,0,0.003078448586165905,recomp_q30_p2,30,2
wukong_00050.png,test,wukong,1,1,0.6209129691123962,recomp_q30_p2,30,2
glide_00032.png,test,glide,1,0,0.019822465255856514,recomp_q30_p2,30,2
glide_00040.png,test,glide,1,0,0.08937103301286697,recomp_q30_p2,30,2
glide_00064.png,test,glide,1,0,1.5099037227628287e-05,recomp_q30_p2,30,2
adm_00016.png,test,adm,1,0,0.41051846742630005,recomp_q30_p2,30,2
biggan_00066.png,test,biggan,1,1,0.961503803730011,recomp_q30_p2,30,2
vqdm_00013.png,test,vqdm,1,0,0.0001348525402136147,recomp_q30_p2,30,2
sdv5_00024.png,test,sdv5,1,1,0.9514500498771667,recomp_q30_p2,30,2
sdv5_00030.png,test,sdv5,1,1,0.9388670325279236,recomp_q30_p2,30,2
wukong_00051.png,test,wukong,1,1,0.9556308388710022,recomp_q30_p2,30,2
sdv5_00077.png,test,sdv5,1,1,0.9982653260231018,recomp_q30_p2,30,2
biggan_00013.png,test,biggan,1,0,0.1440342217683792,recomp_q30_p2,30,2
wukong_00064.png,test,wukong,1,1,0.9999207258224487,recomp_q30_p2,30,2
vqdm_00025.png,test,vqdm,1,0,1.4427427004193305e-06,recomp_q30_p2,30,2
glide_00002.png,test,glide,1,1,0.6363289952278137,recomp_q30_p2,30,2
midjourney_00079.png,test,midjourney,1,0,0.12526071071624756,recomp_q30_p2,30,2
wukong_00039.png,test,wukong,1,0,0.23975688219070435,recomp_q30_p2,30,2
vqdm_00020.png,test,vqdm,1,1,0.6861615180969238,recomp_q30_p2,30,2
sdv5_00032.png,test,sdv5,1,1,0.9844619035720825,recomp_q30_p2,30,2
sdv5_00003.png,test,sdv5,1,0,0.003574805334210396,recomp_q30_p2,30,2
wukong_00078.png,test,wukong,1,1,0.8622345924377441,recomp_q30_p2,30,2
wukong_00065.png,test,wukong,1,1,0.9860889911651611,recomp_q30_p2,30,2
biggan_00014.png,test,biggan,1,0,0.0010678591206669807,recomp_q30_p2,30,2
adm_00006.png,test,adm,1,1,0.99882572889328,recomp_q30_p2,30,2
wukong_00056.png,test,wukong,1,1,0.9998857975006104,recomp_q30_p2,30,2
biggan_00005.png,test,biggan,1,1,0.7760409116744995,recomp_q30_p2,30,2
wukong_00002.png,test,wukong,1,0,0.42162173986434937,recomp_q30_p2,30,2
wukong_00055.png,test,wukong,1,0,0.005235893186181784,recomp_q30_p2,30,2
sdv5_00016.png,test,sdv5,1,1,0.5303447842597961,recomp_q30_p2,30,2
biggan_00065.png,test,biggan,1,0,0.00015493760292883962,recomp_q30_p2,30,2
vqdm_00019.png,test,vqdm,1,0,0.0897044986486435,recomp_q30_p2,30,2
adm_00038.png,test,adm,1,1,0.7342341542243958,recomp_q30_p2,30,2
sdv5_00044.png,test,sdv5,1,1,0.5715310573577881,recomp_q30_p2,30,2
midjourney_00084.png,test,midjourney,1,1,0.9996377229690552,recomp_q30_p2,30,2
midjourney_00025.png,test,midjourney,1,0,0.008054036647081375,recomp_q30_p2,30,2
biggan_00061.png,test,biggan,1,0,0.05516674369573593,recomp_q30_p2,30,2
sdv5_00071.png,test,sdv5,1,1,0.9999338388442993,recomp_q30_p2,30,2
biggan_00074.png,test,biggan,1,0,0.014070585370063782,recomp_q30_p2,30,2
vqdm_00077.png,test,vqdm,1,0,0.07543725520372391,recomp_q30_p2,30,2
midjourney_00001.png,test,midjourney,1,1,0.9852489829063416,recomp_q30_p2,30,2
biggan_00069.png,test,biggan,1,0,0.003913165535777807,recomp_q30_p2,30,2
glide_00005.png,test,glide,1,1,0.6467896699905396,recomp_q30_p2,30,2
sdv5_00015.png,test,sdv5,1,1,0.6701027154922485,recomp_q30_p2,30,2
vqdm_00012.png,test,vqdm,1,0,0.4522744417190552,recomp_q30_p2,30,2
wukong_00077.png,test,wukong,1,0,0.4473191499710083,recomp_q30_p2,30,2
midjourney_00023.png,test,midjourney,1,0,0.0037999607156962156,recomp_q30_p2,30,2
sdv5_00045.png,test,sdv5,1,1,0.8918440937995911,recomp_q30_p2,30,2
adm_00033.png,test,adm,1,1,0.6890340447425842,recomp_q30_p2,30,2
wukong_00083.png,test,wukong,1,1,0.8993998765945435,recomp_q30_p2,30,2
biggan_00034.png,test,biggan,1,0,0.09691037982702255,recomp_q30_p2,30,2
biggan_00070.png,test,biggan,1,0,0.0001601957919774577,recomp_q30_p2,30,2
biggan_00076.png,test,biggan,1,0,0.009913768619298935,recomp_q30_p2,30,2
midjourney_00067.png,test,midjourney,1,0,0.3507484793663025,recomp_q30_p2,30,2
biggan_00062.png,test,biggan,1,1,0.8191290497779846,recomp_q30_p2,30,2
midjourney_00027.png,test,midjourney,1,1,0.966616153717041,recomp_q30_p2,30,2
biggan_00077.png,test,biggan,1,0,2.8877822842332534e-05,recomp_q30_p2,30,2
wukong_00053.png,test,wukong,1,1,0.9999990463256836,recomp_q30_p2,30,2
sdv5_00080.png,test,sdv5,1,1,1.0,recomp_q30_p2,30,2
glide_00035.png,test,glide,1,0,8.438451326586716e-12,recomp_q30_p2,30,2
adm_00022.png,test,adm,1,1,0.9995750784873962,recomp_q30_p2,30,2
vqdm_00070.png,test,vqdm,1,0,1.7850245058070868e-05,recomp_q30_p2,30,2
wukong_00019.png,test,wukong,1,0,0.44595038890838623,recomp_q30_p2,30,2
glide_00036.png,test,glide,1,0,8.825502300169319e-05,recomp_q30_p2,30,2
adm_00054.png,test,adm,1,1,0.9999312162399292,recomp_q30_p2,30,2
glide_00060.png,test,glide,1,0,0.004168642684817314,recomp_q30_p2,30,2
adm_00061.png,test,adm,1,1,0.91336590051651,recomp_q30_p2,30,2
vqdm_00028.png,test,vqdm,1,0,1.8930248302240216e-07,recomp_q30_p2,30,2
vqdm_00026.png,test,vqdm,1,0,0.031496983021497726,recomp_q30_p2,30,2
vqdm_00054.png,test,vqdm,1,0,4.501230432651937e-05,recomp_q30_p2,30,2
biggan_00021.png,test,biggan,1,0,0.004796658176928759,recomp_q30_p2,30,2
vqdm_00005.png,test,vqdm,1,0,0.3090659976005554,recomp_q30_p2,30,2
glide_00055.png,test,glide,1,0,0.0009770711185410619,recomp_q30_p2,30,2
biggan_00075.png,test,biggan,1,0,0.018848801031708717,recomp_q30_p2,30,2
wukong_00046.png,test,wukong,1,1,1.0,recomp_q30_p2,30,2
wukong_00084.png,test,wukong,1,1,0.6085715293884277,recomp_q30_p2,30,2
wukong_00025.png,test,wukong,1,1,0.9641737937927246,recomp_q30_p2,30,2
vqdm_00009.png,test,vqdm,1,1,0.7642523050308228,recomp_q30_p2,30,2
glide_00019.png,test,glide,1,1,0.9096628427505493,recomp_q30_p2,30,2
biggan_00040.png,test,biggan,1,1,0.6672279834747314,recomp_q30_p2,30,2
vqdm_00007.png,test,vqdm,1,0,9.699842706822892e-08,recomp_q30_p2,30,2
vqdm_00076.png,test,vqdm,1,0,0.05486823618412018,recomp_q30_p2,30,2
glide_00066.png,test,glide,1,0,4.270069985068403e-05,recomp_q30_p2,30,2
biggan_00073.png,test,biggan,1,0,0.07086248695850372,recomp_q30_p2,30,2
glide_00072.png,test,glide,1,0,0.2238280475139618,recomp_q30_p2,30,2
midjourney_00038.png,test,midjourney,1,0,0.37573596835136414,recomp_q30_p2,30,2
vqdm_00016.png,test,vqdm,1,0,1.5205532690742984e-06,recomp_q30_p2,30,2
glide_00006.png,test,glide,1,1,0.9825642704963684,recomp_q30_p2,30,2
glide_00065.png,test,glide,1,0,0.006163866259157658,recomp_q30_p2,30,2
adm_00055.png,test,adm,1,0,0.2956167757511139,recomp_q30_p2,30,2
midjourney_00073.png,test,midjourney,1,0,0.09161384403705597,recomp_q30_p2,30,2
midjourney_00020.png,test,midjourney,1,1,0.7960788011550903,recomp_q30_p2,30,2
sdv5_00012.png,test,sdv5,1,1,0.995907187461853,recomp_q30_p2,30,2
wukong_00028.png,test,wukong,1,1,0.939064085483551,recomp_q30_p2,30,2
midjourney_00056.png,test,midjourney,1,1,0.5275537371635437,recomp_q30_p2,30,2
vqdm_00067.png,test,vqdm,1,0,1.3576338631082763e-07,recomp_q30_p2,30,2
adm_00037.png,test,adm,1,1,0.9995176792144775,recomp_q30_p2,30,2
adm_00064.png,test,adm,1,0,0.08547604084014893,recomp_q30_p2,30,2
vqdm_00084.png,test,vqdm,1,0,0.4605485498905182,recomp_q30_p2,30,2
sdv5_00052.png,test,sdv5,1,1,0.9909862279891968,recomp_q30_p2,30,2
biggan_00035.png,test,biggan,1,0,0.3773638606071472,recomp_q30_p2,30,2
vqdm_00043.png,test,vqdm,1,0,0.03924619033932686,recomp_q30_p2,30,2
adm_00028.png,test,adm,1,1,0.617941677570343,recomp_q30_p2,30,2
glide_00027.png,test,glide,1,0,0.10302742570638657,recomp_q30_p2,30,2
sdv5_00042.png,test,sdv5,1,1,0.991104006767273,recomp_q30_p2,30,2
glide_00084.png,test,glide,1,0,0.2865591049194336,recomp_q30_p2,30,2
sdv5_00025.png,test,sdv5,1,1,0.8976902365684509,recomp_q30_p2,30,2
adm_00009.png,test,adm,1,1,0.8870837092399597,recomp_q30_p2,30,2
sdv5_00031.png,test,sdv5,1,1,0.9991093277931213,recomp_q30_p2,30,2
wukong_00000.png,test,wukong,1,1,0.9464609026908875,recomp_q30_p2,30,2
wukong_00069.png,test,wukong,1,1,0.5331405401229858,recomp_q30_p2,30,2
biggan_00015.png,test,biggan,1,0,0.0010536315385252237,recomp_q30_p2,30,2
glide_00062.png,test,glide,1,0,0.11518749594688416,recomp_q30_p2,30,2
adm_00076.png,test,adm,1,1,0.9793938398361206,recomp_q30_p2,30,2
vqdm_00015.png,test,vqdm,1,0,0.08507519215345383,recomp_q30_p2,30,2
sdv5_00079.png,test,sdv5,1,1,0.9958580136299133,recomp_q30_p2,30,2
glide_00083.png,test,glide,1,1,0.7427722215652466,recomp_q30_p2,30,2
biggan_00039.png,test,biggan,1,1,0.9926772117614746,recomp_q30_p2,30,2
adm_00080.png,test,adm,1,1,0.9997971653938293,recomp_q30_p2,30,2
midjourney_00064.png,test,midjourney,1,1,0.9972794651985168,recomp_q30_p2,30,2
sdv5_00070.png,test,sdv5,1,1,0.9442915320396423,recomp_q30_p2,30,2
glide_00073.png,test,glide,1,0,0.08618344366550446,recomp_q30_p2,30,2
vqdm_00018.png,test,vqdm,1,1,0.9986708164215088,recomp_q30_p2,30,2
adm_00053.png,test,adm,1,0,0.4727320671081543,recomp_q30_p2,30,2
biggan_00084.png,test,biggan,1,0,0.22462432086467743,recomp_q30_p2,30,2
adm_00018.png,test,adm,1,0,0.3864288330078125,recomp_q30_p2,30,2
sdv5_00018.png,test,sdv5,1,1,0.9822028875350952,recomp_q30_p2,30,2
biggan_00020.png,test,biggan,1,0,0.09902997314929962,recomp_q30_p2,30,2
vqdm_00066.png,test,vqdm,1,0,0.01762482151389122,recomp_q30_p2,30,2
adm_00048.png,test,adm,1,0,0.029308006167411804,recomp_q30_p2,30,2
glide_00077.png,test,glide,1,0,0.011721047572791576,recomp_q30_p2,30,2
glide_00000.png,test,glide,1,0,0.29775112867355347,recomp_q30_p2,30,2
vqdm_00033.png,test,vqdm,1,0,0.00022559544595424086,recomp_q30_p2,30,2
glide_00081.png,test,glide,1,0,0.4883899390697479,recomp_q30_p2,30,2
adm_00075.png,test,adm,1,1,0.9764515161514282,recomp_q30_p2,30,2
midjourney_00012.png,test,midjourney,1,1,0.9950297474861145,recomp_q30_p2,30,2
glide_00028.png,test,glide,1,0,0.10595721006393433,recomp_q30_p2,30,2
vqdm_00057.png,test,vqdm,1,1,0.9999998807907104,recomp_q30_p2,30,2
sdv5_00068.png,test,sdv5,1,1,0.6986172199249268,recomp_q30_p2,30,2
vqdm_00036.png,test,vqdm,1,0,0.0027557595167309046,recomp_q30_p2,30,2
adm_00001.png,test,adm,1,1,0.98921799659729,recomp_q30_p2,30,2
biggan_00054.png,test,biggan,1,1,0.6573972105979919,recomp_q30_p2,30,2
vqdm_00058.png,test,vqdm,1,1,0.9142088890075684,recomp_q30_p2,30,2
sdv5_00035.png,test,sdv5,1,1,0.9694655537605286,recomp_q30_p2,30,2
glide_00018.png,test,glide,1,0,2.95974217578987e-07,recomp_q30_p2,30,2
adm_00008.png,test,adm,1,0,0.010103688575327396,recomp_q30_p2,30,2
biggan_00067.png,test,biggan,1,1,0.6305843591690063,recomp_q30_p2,30,2
glide_00004.png,test,glide,1,0,0.19713903963565826,recomp_q30_p2,30,2
midjourney_00083.png,test,midjourney,1,1,0.9082275629043579,recomp_q30_p2,30,2
wukong_00026.png,test,wukong,1,1,0.9996365308761597,recomp_q30_p2,30,2
sdv5_00028.png,test,sdv5,1,1,0.6228504180908203,recomp_q30_p2,30,2
midjourney_00042.png,test,midjourney,1,1,0.9732694029808044,recomp_q30_p2,30,2
adm_00060.png,test,adm,1,0,0.0001871433632913977,recomp_q30_p2,30,2
glide_00003.png,test,glide,1,0,0.042965274304151535,recomp_q30_p2,30,2
glide_00025.png,test,glide,1,0,0.10563928633928299,recomp_q30_p2,30,2
biggan_00026.png,test,biggan,1,1,0.7029925584793091,recomp_q30_p2,30,2
adm_00077.png,test,adm,1,1,0.9170584678649902,recomp_q30_p2,30,2
adm_00047.png,test,adm,1,1,0.8602039217948914,recomp_q30_p2,30,2
sdv5_00033.png,test,sdv5,1,1,0.9994547963142395,recomp_q30_p2,30,2
midjourney_00032.png,test,midjourney,1,1,0.9569972157478333,recomp_q30_p2,30,2
biggan_00064.png,test,biggan,1,0,3.2288135116687045e-06,recomp_q30_p2,30,2
vqdm_00074.png,test,vqdm,1,1,0.9984822869300842,recomp_q30_p2,30,2
biggan_00038.png,test,biggan,1,1,0.9482676386833191,recomp_q30_p2,30,2
adm_00082.png,test,adm,1,1,0.9999943971633911,recomp_q30_p2,30,2
wukong_00007.png,test,wukong,1,1,0.7973806858062744,recomp_q30_p2,30,2
wukong_00060.png,test,wukong,1,1,0.9999408721923828,recomp_q30_p2,30,2
sdv5_00041.png,test,sdv5,1,1,0.9460820555686951,recomp_q30_p2,30,2
vqdm_00038.png,test,vqdm,1,1,0.9552130103111267,recomp_q30_p2,30,2
wukong_00001.png,test,wukong,1,1,0.9986616373062134,recomp_q30_p2,30,2
midjourney_00015.png,test,midjourney,1,1,0.9973717927932739,recomp_q30_p2,30,2
biggan_00047.png,test,biggan,1,1,0.9887679219245911,recomp_q30_p2,30,2
glide_00030.png,test,glide,1,0,0.00027406844310462475,recomp_q30_p2,30,2
vqdm_00047.png,test,vqdm,1,0,0.15323002636432648,recomp_q30_p2,30,2
sdv5_00084.png,test,sdv5,1,1,0.9918562173843384,recomp_q30_p2,30,2
vqdm_00083.png,test,vqdm,1,0,0.0452599823474884,recomp_q30_p2,30,2
biggan_00068.png,test,biggan,1,0,0.004637679550796747,recomp_q30_p2,30,2
sdv5_00058.png,test,sdv5,1,1,0.8845135569572449,recomp_q30_p2,30,2
sdv5_00006.png,test,sdv5,1,1,0.9997261166572571,recomp_q30_p2,30,2
biggan_00044.png,test,biggan,1,0,0.043557316064834595,recomp_q30_p2,30,2
midjourney_00003.png,test,midjourney,1,1,0.9681171178817749,recomp_q30_p2,30,2
sdv5_00027.png,test,sdv5,1,1,0.9947510361671448,recomp_q30_p2,30,2
biggan_00072.png,test,biggan,1,0,0.4300670325756073,recomp_q30_p2,30,2
vqdm_00030.png,test,vqdm,1,0,0.0002573652018327266,recomp_q30_p2,30,2
vqdm_00085.png,test,vqdm,1,0,0.0593961663544178,recomp_q30_p2,30,2
wukong_00071.png,test,wukong,1,1,0.8156312108039856,recomp_q30_p2,30,2
adm_00062.png,test,adm,1,0,0.16372992098331451,recomp_q30_p2,30,2
adm_00000.png,test,adm,1,0,0.01927190087735653,recomp_q30_p2,30,2
wukong_00044.png,test,wukong,1,1,0.9999756813049316,recomp_q30_p2,30,2
glide_00075.png,test,glide,1,0,0.017723064869642258,recomp_q30_p2,30,2
vqdm_00040.png,test,vqdm,1,0,0.08005381375551224,recomp_q30_p2,30,2
wukong_00082.png,test,wukong,1,1,0.9999998807907104,recomp_q30_p2,30,2
midjourney_00019.png,test,midjourney,1,1,0.9932488203048706,recomp_q30_p2,30,2
adm_00065.png,test,adm,1,1,0.6433306932449341,recomp_q30_p2,30,2
midjourney_00022.png,test,midjourney,1,1,0.6327048540115356,recomp_q30_p2,30,2
midjourney_00052.png,test,midjourney,1,0,0.00014282013580668718,recomp_q30_p2,30,2
adm_00046.png,test,adm,1,1,0.9998687505722046,recomp_q30_p2,30,2
wukong_00048.png,test,wukong,1,1,0.9315285086631775,recomp_q30_p2,30,2
vqdm_00045.png,test,vqdm,1,1,0.9276877641677856,recomp_q30_p2,30,2
biggan_00036.png,test,biggan,1,0,0.0002892077318392694,recomp_q30_p2,30,2
sdv5_00038.png,test,sdv5,1,1,0.9765633344650269,recomp_q30_p2,30,2
vqdm_00050.png,test,vqdm,1,0,0.0010764586040750146,recomp_q30_p2,30,2
biggan_00041.png,test,biggan,1,0,0.2928753197193146,recomp_q30_p2,30,2
vqdm_00051.png,test,vqdm,1,0,0.0003535307478159666,recomp_q30_p2,30,2
glide_00054.png,test,glide,1,0,0.010427220724523067,recomp_q30_p2,30,2
sdv5_00062.png,test,sdv5,1,1,0.99107426404953,recomp_q30_p2,30,2
sdv5_00060.png,test,sdv5,1,1,0.9728831648826599,recomp_q30_p2,30,2
glide_00079.png,test,glide,1,0,0.030711650848388672,recomp_q30_p2,30,2
midjourney_00004.png,test,midjourney,1,0,0.3312583565711975,recomp_q30_p2,30,2
wukong_00040.png,test,wukong,1,1,0.9462940096855164,recomp_q30_p2,30,2
biggan_00060.png,test,biggan,1,0,0.10319008678197861,recomp_q30_p2,30,2
wukong_00049.png,test,wukong,1,1,0.962690532207489,recomp_q30_p2,30,2
wukong_00035.png,test,wukong,1,1,0.9799453020095825,recomp_q30_p2,30,2
adm_00010.png,test,adm,1,1,0.9651317000389099,recomp_q30_p2,30,2
sdv5_00064.png,test,sdv5,1,1,0.6659073233604431,recomp_q30_p2,30,2
adm_00059.png,test,adm,1,1,0.994263231754303,recomp_q30_p2,30,2
midjourney_00048.png,test,midjourney,1,0,0.04188738018274307,recomp_q30_p2,30,2
midjourney_00016.png,test,midjourney,1,0,0.28001344203948975,recomp_q30_p2,30,2
biggan_00007.png,test,biggan,1,0,0.01390297431498766,recomp_q30_p2,30,2
glide_00067.png,test,glide,1,0,0.023527367040514946,recomp_q30_p2,30,2
glide_00046.png,test,glide,1,0,0.0261148102581501,recomp_q30_p2,30,2
vqdm_00053.png,test,vqdm,1,1,0.5849602222442627,recomp_q30_p2,30,2
adm_00071.png,test,adm,1,1,0.9307245016098022,recomp_q30_p2,30,2
glide_00022.png,test,glide,1,0,0.17086347937583923,recomp_q30_p2,30,2
sdv5_00082.png,test,sdv5,1,1,0.9983175992965698,recomp_q30_p2,30,2
vqdm_00003.png,test,vqdm,1,0,0.0377243347465992,recomp_q30_p2,30,2
midjourney_00035.png,test,midjourney,1,0,0.06269731372594833,recomp_q30_p2,30,2
glide_00031.png,test,glide,1,1,0.9714595079421997,recomp_q30_p2,30,2
vqdm_00063.png,test,vqdm,1,0,0.1313532441854477,recomp_q30_p2,30,2
wukong_00016.png,test,wukong,1,0,0.2224220335483551,recomp_q30_p2,30,2
wukong_00054.png,test,wukong,1,1,0.999464213848114,recomp_q30_p2,30,2
biggan_00002.png,test,biggan,1,1,0.9288368821144104,recomp_q30_p2,30,2
adm_00049.png,test,adm,1,1,0.9206078052520752,recomp_q30_p2,30,2
sdv5_00002.png,test,sdv5,1,1,0.9984872341156006,recomp_q30_p2,30,2
biggan_00025.png,test,biggan,1,0,0.015923254191875458,recomp_q30_p2,30,2
biggan_00071.png,test,biggan,1,0,0.07889826595783234,recomp_q30_p2,30,2
biggan_00051.png,test,biggan,1,0,0.00671373913064599,recomp_q30_p2,30,2
wukong_00081.png,test,wukong,1,1,0.8026072978973389,recomp_q30_p2,30,2
sdv5_00022.png,test,sdv5,1,1,0.6694121956825256,recomp_q30_p2,30,2
