filename,split,generator,true_label,pred_label,ai_prob,condition,resize_scale
real_00486.jpeg,test,real,0,0,4.8520287236897275e-06,clean,
real_00382.jpeg,test,real,0,0,2.2681410882796627e-06,clean,
real_00117.jpeg,test,real,0,0,0.01613054797053337,clean,
real_00354.jpeg,test,real,0,0,2.897909098464879e-06,clean,
real_00076.jpeg,test,real,0,0,0.0032622527796775103,clean,
real_00395.jpeg,test,real,0,0,1.0483491678314749e-05,clean,
real_00348.jpeg,test,real,0,0,0.40026527643203735,clean,
real_00307.jpeg,test,real,0,0,0.00011307554814266041,clean,
real_00438.jpeg,test,real,0,0,3.29099481000128e-09,clean,
real_00393.jpeg,test,real,0,0,0.0010418527526780963,clean,
real_00566.jpeg,test,real,0,0,0.000142701028380543,clean,
real_00055.jpeg,test,real,0,0,0.11507343500852585,clean,
real_00416.jpeg,test,real,0,0,0.0009264262625947595,clean,
real_00304.jpeg,test,real,0,0,1.1957493883940629e-09,clean,
real_00135.jpeg,test,real,0,0,0.28308138251304626,clean,
real_00387.jpeg,test,real,0,0,2.6960973453782344e-09,clean,
real_00040.jpeg,test,real,0,0,2.1362688130466267e-05,clean,
real_00563.jpeg,test,real,0,0,0.0021208026446402073,clean,
real_00457.jpeg,test,real,0,0,0.27199462056159973,clean,
real_00561.jpeg,test,real,0,0,1.0695091077650432e-05,clean,
real_00288.jpeg,test,real,0,0,0.24048905074596405,clean,
real_00271.jpeg,test,real,0,0,0.010981664061546326,clean,
real_00185.jpeg,test,real,0,0,0.09169576317071915,clean,
real_00216.jpeg,test,real,0,0,0.00102913414593786,clean,
real_00180.jpeg,test,real,0,1,0.7446795105934143,clean,
real_00189.jpeg,test,real,0,0,0.07495918869972229,clean,
real_00396.jpeg,test,real,0,0,0.008015390485525131,clean,
real_00131.jpeg,test,real,0,0,0.00032014932367019355,clean,
real_00557.jpeg,test,real,0,0,0.0028484531212598085,clean,
real_00266.jpeg,test,real,0,0,9.913799914329502e-08,clean,
real_00207.jpeg,test,real,0,0,3.0364109989022836e-05,clean,
real_00141.jpeg,test,real,0,1,0.9617990255355835,clean,
real_00407.jpeg,test,real,0,1,0.9998760223388672,clean,
real_00026.jpeg,test,real,0,0,0.19499234855175018,clean,
real_00046.jpeg,test,real,0,0,0.0017167478799819946,clean,
real_00585.jpeg,test,real,0,0,0.0005882573896087706,clean,
real_00206.jpeg,test,real,0,1,0.977711021900177,clean,
real_00297.jpeg,test,real,0,0,0.0012491584056988358,clean,
real_00401.jpeg,test,real,0,0,3.18562779284548e-05,clean,
real_00339.jpeg,test,real,0,0,0.00426094327121973,clean,
real_00403.jpeg,test,real,0,1,0.8010417222976685,clean,
real_00344.jpeg,test,real,0,0,0.0012767501175403595,clean,
real_00560.jpeg,test,real,0,0,0.03302033990621567,clean,
real_00553.jpeg,test,real,0,0,0.01314416155219078,clean,
real_00598.jpeg,test,real,0,0,0.00034340962884016335,clean,
real_00497.jpeg,test,real,0,0,0.0644509345293045,clean,
real_00253.jpeg,test,real,0,0,2.502291180251498e-13,clean,
real_00577.jpeg,test,real,0,0,1.339647042186698e-07,clean,
real_00394.jpeg,test,real,0,0,0.0034135491587221622,clean,
real_00445.jpeg,test,real,0,0,0.24803735315799713,clean,
real_00050.jpeg,test,real,0,0,0.06384836882352829,clean,
real_00269.jpeg,test,real,0,0,4.898290353594348e-05,clean,
real_00151.jpeg,test,real,0,1,0.9067183136940002,clean,
real_00190.jpeg,test,real,0,0,1.5522907403919817e-07,clean,
real_00250.jpeg,test,real,0,0,0.006123346742242575,clean,
real_00257.jpeg,test,real,0,0,0.01912732608616352,clean,
real_00008.jpeg,test,real,0,0,7.843605089874472e-06,clean,
real_00398.jpeg,test,real,0,0,0.14975866675376892,clean,
real_00322.jpeg,test,real,0,0,0.0017663638573139906,clean,
real_00230.jpeg,test,real,0,0,0.34259840846061707,clean,
real_00219.jpeg,test,real,0,0,0.007566995918750763,clean,
real_00550.jpeg,test,real,0,0,0.00828379113227129,clean,
real_00528.jpeg,test,real,0,0,0.0002799215435516089,clean,
real_00039.jpeg,test,real,0,0,0.013438759371638298,clean,
real_00274.jpeg,test,real,0,1,0.5651842951774597,clean,
real_00414.jpeg,test,real,0,0,0.19399197399616241,clean,
real_00038.jpeg,test,real,0,0,0.025880543515086174,clean,
real_00434.jpeg,test,real,0,0,0.028431104496121407,clean,
real_00279.jpeg,test,real,0,0,0.0028967889957129955,clean,
real_00077.jpeg,test,real,0,0,0.09160711616277695,clean,
real_00312.jpeg,test,real,0,0,0.19390563666820526,clean,
real_00482.jpeg,test,real,0,0,0.003594251349568367,clean,
real_00178.jpeg,test,real,0,0,0.39102301001548767,clean,
real_00535.jpeg,test,real,0,0,0.09985512495040894,clean,
real_00345.jpeg,test,real,0,0,0.0019260342232882977,clean,
real_00019.jpeg,test,real,0,0,0.0005098758265376091,clean,
real_00143.jpeg,test,real,0,0,0.00028924967045895755,clean,
real_00496.jpeg,test,real,0,0,0.02350708097219467,clean,
real_00522.jpeg,test,real,0,0,5.245300179444745e-13,clean,
real_00451.jpeg,test,real,0,0,4.9232789933739696e-06,clean,
real_00371.jpeg,test,real,0,0,1.0495617061678786e-05,clean,
real_00060.jpeg,test,real,0,1,0.577775239944458,clean,
real_00410.jpeg,test,real,0,0,0.24620573222637177,clean,
real_00248.jpeg,test,real,0,1,0.6184008121490479,clean,
real_00043.jpeg,test,real,0,1,0.898965060710907,clean,
real_00104.jpeg,test,real,0,0,0.0001023784134304151,clean,
real_00238.jpeg,test,real,0,0,0.00022808961512055248,clean,
real_00251.jpeg,test,real,0,0,0.00047648046165704727,clean,
real_00017.jpeg,test,real,0,0,5.172091914573684e-05,clean,
real_00500.jpeg,test,real,0,0,0.0047601694241166115,clean,
real_00056.jpeg,test,real,0,0,0.0038507990539073944,clean,
real_00227.jpeg,test,real,0,0,0.0009589141700416803,clean,
real_00347.jpeg,test,real,0,0,3.29693449430124e-07,clean,
real_00176.jpeg,test,real,0,1,0.5747901201248169,clean,
real_00085.jpeg,test,real,0,0,4.191965126665309e-05,clean,
real_00586.jpeg,test,real,0,0,4.578585048875539e-06,clean,
real_00193.jpeg,test,real,0,0,6.74770271871239e-05,clean,
real_00018.jpeg,test,real,0,1,0.9847474694252014,clean,
real_00342.jpeg,test,real,0,0,0.03321094810962677,clean,
real_00359.jpeg,test,real,0,1,0.977895200252533,clean,
real_00163.jpeg,test,real,0,0,0.45718100666999817,clean,
real_00527.jpeg,test,real,0,0,0.00010531963926041499,clean,
real_00444.jpeg,test,real,0,0,0.0005800933577120304,clean,
real_00440.jpeg,test,real,0,0,0.014482944272458553,clean,
real_00096.jpeg,test,real,0,0,0.27352187037467957,clean,
real_00165.jpeg,test,real,0,0,0.0843668282032013,clean,
real_00576.jpeg,test,real,0,1,0.9787413477897644,clean,
real_00375.jpeg,test,real,0,0,0.0025277931708842516,clean,
real_00300.jpeg,test,real,0,0,0.0001536438358016312,clean,
real_00503.jpeg,test,real,0,0,0.35134008526802063,clean,
real_00499.jpeg,test,real,0,0,0.008066832087934017,clean,
real_00283.jpeg,test,real,0,0,9.516174372947717e-07,clean,
real_00160.jpeg,test,real,0,1,0.6864017844200134,clean,
real_00260.jpeg,test,real,0,0,0.017883427441120148,clean,
real_00208.jpeg,test,real,0,0,2.6008217801631872e-08,clean,
real_00262.jpeg,test,real,0,0,0.013524206355214119,clean,
real_00213.jpeg,test,real,0,0,0.17966772615909576,clean,
real_00476.jpeg,test,real,0,0,2.0143233996350318e-05,clean,
real_00092.jpeg,test,real,0,1,0.6847933530807495,clean,
real_00324.jpeg,test,real,0,1,0.7781888246536255,clean,
real_00425.jpeg,test,real,0,1,0.7108865976333618,clean,
real_00559.jpeg,test,real,0,0,5.746326223743381e-06,clean,
real_00015.jpeg,test,real,0,0,7.08577658770082e-08,clean,
real_00562.jpeg,test,real,0,0,0.011805658228695393,clean,
real_00514.jpeg,test,real,0,0,2.2015062570244354e-13,clean,
real_00580.jpeg,test,real,0,0,6.986563676036894e-05,clean,
real_00202.jpeg,test,real,0,0,0.009506138041615486,clean,
real_00402.jpeg,test,real,0,0,9.570648273893312e-08,clean,
real_00057.jpeg,test,real,0,0,9.335202776128426e-06,clean,
real_00007.jpeg,test,real,0,0,0.12425186485052109,clean,
real_00388.jpeg,test,real,0,0,0.37695154547691345,clean,
real_00016.jpeg,test,real,0,0,4.4202561610973135e-09,clean,
real_00506.jpeg,test,real,0,0,0.11494755744934082,clean,
real_00028.jpeg,test,real,0,0,0.002463857876136899,clean,
real_00572.jpeg,test,real,0,1,0.5448701977729797,clean,
real_00381.jpeg,test,real,0,0,0.029633747413754463,clean,
real_00268.jpeg,test,real,0,0,0.030888352543115616,clean,
real_00512.jpeg,test,real,0,0,0.058889538049697876,clean,
real_00006.jpeg,test,real,0,1,0.9834011197090149,clean,
real_00289.jpeg,test,real,0,0,0.034994617104530334,clean,
real_00519.jpeg,test,real,0,0,0.00029004772659391165,clean,
real_00252.jpeg,test,real,0,0,2.6581735710351495e-06,clean,
real_00211.jpeg,test,real,0,0,2.3765676814946346e-05,clean,
real_00147.jpeg,test,real,0,0,0.026762990280985832,clean,
real_00181.jpeg,test,real,0,1,0.9869791269302368,clean,
real_00458.jpeg,test,real,0,0,0.0003525672946125269,clean,
real_00329.jpeg,test,real,0,0,3.092091219514259e-06,clean,
real_00545.jpeg,test,real,0,0,0.0162335317581892,clean,
real_00568.jpeg,test,real,0,0,0.014904193580150604,clean,
real_00031.jpeg,test,real,0,0,0.002875558566302061,clean,
real_00171.jpeg,test,real,0,0,8.255109605670441e-06,clean,
real_00320.jpeg,test,real,0,0,8.939493272919208e-05,clean,
real_00083.jpeg,test,real,0,0,0.0017966852756217122,clean,
real_00012.jpeg,test,real,0,1,0.7418694496154785,clean,
real_00357.jpeg,test,real,0,0,0.010954058729112148,clean,
real_00346.jpeg,test,real,0,0,0.0041647981852293015,clean,
real_00450.jpeg,test,real,0,0,0.47520166635513306,clean,
real_00356.jpeg,test,real,0,0,0.0680345669388771,clean,
real_00594.jpeg,test,real,0,0,0.003830945584923029,clean,
real_00048.jpeg,test,real,0,0,0.1908537745475769,clean,
real_00158.jpeg,test,real,0,0,2.090466114168521e-05,clean,
real_00521.jpeg,test,real,0,0,0.07206971943378448,clean,
real_00285.jpeg,test,real,0,0,0.18917064368724823,clean,
real_00270.jpeg,test,real,0,0,6.0205100453458726e-05,clean,
real_00533.jpeg,test,real,0,0,0.1150217279791832,clean,
real_00494.jpeg,test,real,0,0,0.001354868640191853,clean,
real_00317.jpeg,test,real,0,0,0.25548484921455383,clean,
real_00296.jpeg,test,real,0,0,1.7433609173167497e-05,clean,
real_00237.jpeg,test,real,0,0,2.267373247377691e-06,clean,
real_00242.jpeg,test,real,0,0,0.12524278461933136,clean,
real_00584.jpeg,test,real,0,1,0.9799115061759949,clean,
real_00570.jpeg,test,real,0,0,0.03161042556166649,clean,
real_00133.jpeg,test,real,0,0,0.0035225965548306704,clean,
real_00047.jpeg,test,real,0,0,0.00028844745247624815,clean,
real_00480.jpeg,test,real,0,0,0.0009204193484038115,clean,
real_00210.jpeg,test,real,0,0,0.00048500968841835856,clean,
real_00301.jpeg,test,real,0,0,0.08777250349521637,clean,
real_00574.jpeg,test,real,0,0,0.18337370455265045,clean,
real_00134.jpeg,test,real,0,0,0.20300158858299255,clean,
real_00597.jpeg,test,real,0,1,0.9099763631820679,clean,
real_00281.jpeg,test,real,0,1,0.6958840489387512,clean,
real_00332.jpeg,test,real,0,0,0.05118441954255104,clean,
real_00415.jpeg,test,real,0,0,1.78032205440104e-05,clean,
real_00093.jpeg,test,real,0,0,0.022314652800559998,clean,
real_00526.jpeg,test,real,0,0,3.2205977618104953e-07,clean,
real_00259.jpeg,test,real,0,0,3.384504816494882e-05,clean,
real_00128.jpeg,test,real,0,0,0.23507775366306305,clean,
real_00173.jpeg,test,real,0,0,0.006009523291140795,clean,
real_00005.jpeg,test,real,0,0,1.739681454449027e-10,clean,
real_00532.jpeg,test,real,0,1,0.7602807879447937,clean,
real_00061.jpeg,test,real,0,0,2.1558901153184706e-07,clean,
real_00313.jpeg,test,real,0,0,4.18914423789829e-05,clean,
real_00130.jpeg,test,real,0,0,0.0004335739940870553,clean,
real_00454.jpeg,test,real,0,0,1.9323324522702023e-05,clean,
real_00204.jpeg,test,real,0,0,0.0008583017042838037,clean,
real_00337.jpeg,test,real,0,0,0.023313259705901146,clean,
real_00195.jpeg,test,real,0,0,0.00045074764057062566,clean,
real_00187.jpeg,test,real,0,0,6.173444262458361e-07,clean,
real_00489.jpeg,test,real,0,0,1.1030971336367656e-07,clean,
real_00385.jpeg,test,real,0,0,0.026598505675792694,clean,
real_00221.jpeg,test,real,0,0,5.2850631618639454e-05,clean,
real_00027.jpeg,test,real,0,1,0.690143346786499,clean,
real_00022.jpeg,test,real,0,0,5.4164225730346516e-05,clean,
real_00331.jpeg,test,real,0,0,0.2812685966491699,clean,
real_00159.jpeg,test,real,0,0,2.3326663267653203e-06,clean,
real_00068.jpeg,test,real,0,0,0.09793122112751007,clean,
real_00127.jpeg,test,real,0,0,8.881892767931276e-07,clean,
real_00420.jpeg,test,real,0,0,0.15634958446025848,clean,
real_00510.jpeg,test,real,0,0,1.5286928828572854e-05,clean,
real_00106.jpeg,test,real,0,0,0.029621923342347145,clean,
real_00599.jpeg,test,real,0,0,3.1602892704540864e-05,clean,
real_00419.jpeg,test,real,0,0,0.0002284273796249181,clean,
real_00286.jpeg,test,real,0,0,0.24400866031646729,clean,
real_00341.jpeg,test,real,0,0,0.004601545166224241,clean,
real_00263.jpeg,test,real,0,0,0.0015050740912556648,clean,
real_00255.jpeg,test,real,0,1,0.6581994295120239,clean,
real_00335.jpeg,test,real,0,0,0.0014486904256045818,clean,
real_00174.jpeg,test,real,0,0,0.0007152133621275425,clean,
real_00243.jpeg,test,real,0,0,0.21733678877353668,clean,
real_00140.jpeg,test,real,0,0,0.36333200335502625,clean,
real_00582.jpeg,test,real,0,0,0.00012156193406553939,clean,
real_00542.jpeg,test,real,0,1,0.512963593006134,clean,
real_00547.jpeg,test,real,0,0,7.318837447201076e-08,clean,
real_00287.jpeg,test,real,0,1,0.7438385486602783,clean,
real_00144.jpeg,test,real,0,0,0.004179798066616058,clean,
real_00214.jpeg,test,real,0,0,0.00017784125520847738,clean,
real_00234.jpeg,test,real,0,1,0.6454870700836182,clean,
real_00595.jpeg,test,real,0,0,0.0002130869688699022,clean,
real_00075.jpeg,test,real,0,0,9.538669853981219e-11,clean,
real_00295.jpeg,test,real,0,0,0.02362668141722679,clean,
real_00070.jpeg,test,real,0,0,0.005713666323572397,clean,
real_00148.jpeg,test,real,0,0,2.9009623858655686e-07,clean,
real_00491.jpeg,test,real,0,0,0.19402603805065155,clean,
real_00090.jpeg,test,real,0,0,0.001982427202165127,clean,
real_00063.jpeg,test,real,0,0,0.13050124049186707,clean,
real_00334.jpeg,test,real,0,0,0.003867171471938491,clean,
real_00530.jpeg,test,real,0,0,0.0015444123419001698,clean,
real_00069.jpeg,test,real,0,0,0.010226492770016193,clean,
real_00109.jpeg,test,real,0,0,1.399919801770011e-05,clean,
real_00321.jpeg,test,real,0,0,0.41165849566459656,clean,
real_00126.jpeg,test,real,0,0,0.2387944757938385,clean,
real_00358.jpeg,test,real,0,0,0.205881729722023,clean,
real_00364.jpeg,test,real,0,0,0.0010426284279674292,clean,
real_00209.jpeg,test,real,0,0,0.028630198910832405,clean,
real_00292.jpeg,test,real,0,0,0.11507083475589752,clean,
real_00473.jpeg,test,real,0,0,0.0040817707777023315,clean,
real_00367.jpeg,test,real,0,0,0.00010105936962645501,clean,
real_00228.jpeg,test,real,0,0,0.004430525470525026,clean,
real_00463.jpeg,test,real,0,0,1.7751295899870456e-06,clean,
real_00529.jpeg,test,real,0,1,0.9756244421005249,clean,
real_00376.jpeg,test,real,0,0,1.5228606571326964e-06,clean,
real_00089.jpeg,test,real,0,0,0.031421661376953125,clean,
real_00409.jpeg,test,real,0,0,7.335712143685669e-05,clean,
real_00456.jpeg,test,real,0,0,0.0005220887251198292,clean,
real_00378.jpeg,test,real,0,0,0.015499085187911987,clean,
real_00596.jpeg,test,real,0,0,0.019353797659277916,clean,
real_00477.jpeg,test,real,0,0,0.041184842586517334,clean,
real_00261.jpeg,test,real,0,0,2.1842392925464083e-06,clean,
real_00273.jpeg,test,real,0,0,0.17322362959384918,clean,
real_00100.jpeg,test,real,0,0,6.339705843627641e-11,clean,
real_00080.jpeg,test,real,0,0,9.153090445579437e-07,clean,
real_00009.jpeg,test,real,0,1,0.9067477583885193,clean,
real_00167.jpeg,test,real,0,0,4.805485454006941e-10,clean,
real_00571.jpeg,test,real,0,1,0.9657089710235596,clean,
real_00218.jpeg,test,real,0,0,1.0815331734193023e-05,clean,
real_00355.jpeg,test,real,0,0,0.023517552763223648,clean,
real_00406.jpeg,test,real,0,0,0.1293024718761444,clean,
real_00302.jpeg,test,real,0,0,0.24899053573608398,clean,
real_00010.jpeg,test,real,0,1,0.8660140037536621,clean,
real_00405.jpeg,test,real,0,0,4.248590630595572e-05,clean,
real_00447.jpeg,test,real,0,0,0.0004463687655515969,clean,
real_00379.jpeg,test,real,0,0,0.0059226020239293575,clean,
real_00319.jpeg,test,real,0,0,0.36390483379364014,clean,
real_00543.jpeg,test,real,0,0,0.35795268416404724,clean,
real_00539.jpeg,test,real,0,0,0.09924427419900894,clean,
real_00579.jpeg,test,real,0,0,0.05810173228383064,clean,
real_00459.jpeg,test,real,0,1,0.554283082485199,clean,
real_00587.jpeg,test,real,0,0,5.159441318625113e-09,clean,
real_00114.jpeg,test,real,0,0,0.00043660341179929674,clean,
real_00479.jpeg,test,real,0,0,1.0650958756741602e-05,clean,
real_00488.jpeg,test,real,0,0,0.04876350983977318,clean,
real_00360.jpeg,test,real,0,0,3.637147892732173e-05,clean,
real_00363.jpeg,test,real,0,0,0.10198050737380981,clean,
real_00350.jpeg,test,real,0,0,2.7427441295913013e-07,clean,
real_00441.jpeg,test,real,0,1,0.8260117173194885,clean,
real_00003.jpeg,test,real,0,0,0.49141886830329895,clean,
real_00217.jpeg,test,real,0,0,1.7036078361343243e-06,clean,
real_00465.jpeg,test,real,0,1,0.9944783449172974,clean,
real_00442.jpeg,test,real,0,0,0.0014830685686320066,clean,
real_00233.jpeg,test,real,0,0,0.00012019675341434777,clean,
real_00161.jpeg,test,real,0,0,0.000163733318913728,clean,
real_00412.jpeg,test,real,0,0,0.016581976786255836,clean,
real_00468.jpeg,test,real,0,0,0.002380126854404807,clean,
real_00125.jpeg,test,real,0,0,0.29726681113243103,clean,
real_00186.jpeg,test,real,0,0,7.891526365710888e-07,clean,
real_00172.jpeg,test,real,0,0,2.951977648990578e-06,clean,
real_00467.jpeg,test,real,0,0,0.0020353400614112616,clean,
real_00323.jpeg,test,real,0,0,2.4425191440968774e-05,clean,
real_00203.jpeg,test,real,0,0,0.008948211558163166,clean,
real_00552.jpeg,test,real,0,0,0.03257593512535095,clean,
real_00034.jpeg,test,real,0,0,0.002003948437049985,clean,
real_00142.jpeg,test,real,0,0,0.06976132839918137,clean,
real_00059.jpeg,test,real,0,0,4.3117818648852335e-08,clean,
real_00021.jpeg,test,real,0,0,0.08044003695249557,clean,
real_00525.jpeg,test,real,0,0,0.00010480200580786914,clean,
real_00275.jpeg,test,real,0,0,0.33335521817207336,clean,
real_00430.jpeg,test,real,0,0,0.00011755667946999893,clean,
real_00349.jpeg,test,real,0,0,8.937068862735487e-09,clean,
real_00373.jpeg,test,real,0,1,0.8937119245529175,clean,
real_00078.jpeg,test,real,0,0,0.012231755070388317,clean,
real_00437.jpeg,test,real,0,0,1.6961655546765542e-07,clean,
real_00520.jpeg,test,real,0,0,6.906251655891538e-06,clean,
real_00564.jpeg,test,real,0,0,0.023267962038517,clean,
real_00578.jpeg,test,real,0,0,0.044086672365665436,clean,
real_00225.jpeg,test,real,0,0,0.000984378857538104,clean,
real_00232.jpeg,test,real,0,0,1.9393752154428512e-05,clean,
real_00194.jpeg,test,real,0,0,3.4190972275638387e-10,clean,
real_00278.jpeg,test,real,0,0,2.001177563215606e-06,clean,
real_00168.jpeg,test,real,0,0,5.983181472402066e-05,clean,
real_00145.jpeg,test,real,0,1,0.7164462208747864,clean,
real_00495.jpeg,test,real,0,0,1.5182249626377597e-05,clean,
real_00236.jpeg,test,real,0,0,0.0006106182700023055,clean,
real_00121.jpeg,test,real,0,0,0.009897432290017605,clean,
real_00455.jpeg,test,real,0,0,0.34459590911865234,clean,
real_00177.jpeg,test,real,0,1,0.5275627970695496,clean,
real_00485.jpeg,test,real,0,0,0.0014232777757570148,clean,
real_00136.jpeg,test,real,0,0,0.18620625138282776,clean,
real_00054.jpeg,test,real,0,0,0.00010007889795815572,clean,
real_00470.jpeg,test,real,0,0,5.9513013184187e-06,clean,
real_00118.jpeg,test,real,0,0,3.9550378971853206e-08,clean,
real_00153.jpeg,test,real,0,0,0.002069159410893917,clean,
real_00384.jpeg,test,real,0,0,0.00031455373391509056,clean,
real_00115.jpeg,test,real,0,0,0.005569457542151213,clean,
real_00101.jpeg,test,real,0,0,0.12209931761026382,clean,
real_00327.jpeg,test,real,0,0,0.12037744373083115,clean,
real_00164.jpeg,test,real,0,0,0.00550053408369422,clean,
real_00538.jpeg,test,real,0,0,0.00012429419439285994,clean,
real_00049.jpeg,test,real,0,0,0.23537632822990417,clean,
real_00544.jpeg,test,real,0,0,0.001562280929647386,clean,
real_00154.jpeg,test,real,0,0,6.436017429223284e-06,clean,
real_00215.jpeg,test,real,0,0,0.24242261052131653,clean,
real_00124.jpeg,test,real,0,0,4.1376409853910445e-07,clean,
real_00223.jpeg,test,real,0,0,0.01797613874077797,clean,
real_00065.jpeg,test,real,0,1,0.8905003070831299,clean,
real_00282.jpeg,test,real,0,0,8.189665095414966e-06,clean,
real_00267.jpeg,test,real,0,0,0.001320978975854814,clean,
real_00343.jpeg,test,real,0,0,0.02422899380326271,clean,
real_00421.jpeg,test,real,0,0,1.7193701323803268e-11,clean,
real_00531.jpeg,test,real,0,0,0.001016144291497767,clean,
real_00575.jpeg,test,real,0,0,0.002149671083316207,clean,
real_00290.jpeg,test,real,0,0,8.104665903374553e-05,clean,
real_00336.jpeg,test,real,0,0,1.9868277856271988e-10,clean,
real_00306.jpeg,test,real,0,0,0.1555052548646927,clean,
real_00231.jpeg,test,real,0,0,0.0009371110936626792,clean,
real_00002.jpeg,test,real,0,0,0.11460796743631363,clean,
real_00504.jpeg,test,real,0,0,0.004814806394279003,clean,
real_00536.jpeg,test,real,0,0,0.0001739622966852039,clean,
real_00362.jpeg,test,real,0,0,0.002813371131196618,clean,
real_00199.jpeg,test,real,0,0,0.009336543269455433,clean,
real_00023.jpeg,test,real,0,0,5.583895472227596e-06,clean,
real_00433.jpeg,test,real,0,0,0.20845822989940643,clean,
real_00484.jpeg,test,real,0,0,0.4429207146167755,clean,
real_00110.jpeg,test,real,0,0,6.013613165123388e-05,clean,
real_00305.jpeg,test,real,0,0,0.334876149892807,clean,
real_00352.jpeg,test,real,0,0,0.10970661044120789,clean,
real_00256.jpeg,test,real,0,0,0.007460594177246094,clean,
real_00404.jpeg,test,real,0,0,0.059639666229486465,clean,
real_00523.jpeg,test,real,0,0,0.054447777569293976,clean,
real_00513.jpeg,test,real,0,0,0.25618329644203186,clean,
real_00108.jpeg,test,real,0,0,0.010856111533939838,clean,
real_00119.jpeg,test,real,0,0,0.2541455030441284,clean,
real_00511.jpeg,test,real,0,0,0.05532384291291237,clean,
real_00073.jpeg,test,real,0,0,1.231592938744086e-09,clean,
real_00469.jpeg,test,real,0,0,0.00924073625355959,clean,
real_00035.jpeg,test,real,0,0,1.211968651659845e-06,clean,
real_00427.jpeg,test,real,0,0,6.071012194297509e-06,clean,
real_00000.jpeg,test,real,0,0,0.0005514634540304542,clean,
real_00066.jpeg,test,real,0,0,0.0005167708150111139,clean,
real_00052.jpeg,test,real,0,0,1.0929123163805343e-05,clean,
real_00483.jpeg,test,real,0,0,3.741417685887427e-06,clean,
real_00020.jpeg,test,real,0,1,0.6997111439704895,clean,
real_00540.jpeg,test,real,0,0,0.0007543165702372789,clean,
real_00383.jpeg,test,real,0,0,6.359353574225679e-05,clean,
real_00129.jpeg,test,real,0,0,2.2785033593208937e-07,clean,
real_00505.jpeg,test,real,0,0,1.1253752270345974e-11,clean,
real_00517.jpeg,test,real,0,0,0.001468170084990561,clean,
real_00291.jpeg,test,real,0,0,6.1338946579780895e-06,clean,
real_00328.jpeg,test,real,0,0,0.38905829191207886,clean,
real_00082.jpeg,test,real,0,0,1.2037821406352123e-08,clean,
real_00413.jpeg,test,real,0,0,0.01049098651856184,clean,
real_00201.jpeg,test,real,0,0,0.03058597445487976,clean,
real_00422.jpeg,test,real,0,0,0.414060115814209,clean,
real_00481.jpeg,test,real,0,1,0.9700323343276978,clean,
real_00249.jpeg,test,real,0,0,8.551384780730586e-06,clean,
real_00591.jpeg,test,real,0,1,0.5740042924880981,clean,
real_00103.jpeg,test,real,0,0,0.209745392203331,clean,
real_00058.jpeg,test,real,0,0,1.079516209756548e-08,clean,
real_00029.jpeg,test,real,0,1,0.5320468544960022,clean,
real_00551.jpeg,test,real,0,0,3.3420525141991675e-05,clean,
real_00453.jpeg,test,real,0,1,1.0,clean,
real_00041.jpeg,test,real,0,0,0.000706236925907433,clean,
real_00316.jpeg,test,real,0,0,0.00026470638113096356,clean,
real_00449.jpeg,test,real,0,0,0.0024007908068597317,clean,
real_00198.jpeg,test,real,0,0,0.004307609982788563,clean,
real_00310.jpeg,test,real,0,0,0.01751231588423252,clean,
real_00205.jpeg,test,real,0,0,0.00019059587793890387,clean,
real_00011.jpeg,test,real,0,0,0.0844002217054367,clean,
real_00556.jpeg,test,real,0,0,0.0005055560613982379,clean,
real_00294.jpeg,test,real,0,0,5.819168291054666e-05,clean,
real_00112.jpeg,test,real,0,1,0.8475586771965027,clean,
real_00170.jpeg,test,real,0,0,3.7009747757110745e-05,clean,
real_00569.jpeg,test,real,0,0,2.2162264201597281e-07,clean,
real_00318.jpeg,test,real,0,0,0.0010367447976022959,clean,
real_00397.jpeg,test,real,0,0,0.0001379392488161102,clean,
real_00014.jpeg,test,real,0,0,0.014074355363845825,clean,
real_00196.jpeg,test,real,0,0,7.907871802297566e-17,clean,
real_00191.jpeg,test,real,0,1,0.6210742592811584,clean,
real_00192.jpeg,test,real,0,0,4.689694410586753e-09,clean,
real_00353.jpeg,test,real,0,1,0.6829676628112793,clean,
real_00254.jpeg,test,real,0,0,2.1632376956404187e-06,clean,
real_00169.jpeg,test,real,0,0,4.7352404664025016e-08,clean,
real_00370.jpeg,test,real,0,0,5.151510121259584e-11,clean,
real_00004.jpeg,test,real,0,0,0.020236071199178696,clean,
real_00368.jpeg,test,real,0,0,0.15581485629081726,clean,
real_00417.jpeg,test,real,0,0,0.4964846074581146,clean,
real_00333.jpeg,test,real,0,0,0.01893191784620285,clean,
real_00123.jpeg,test,real,0,0,0.00486570643261075,clean,
real_00380.jpeg,test,real,0,0,0.047970306128263474,clean,
real_00179.jpeg,test,real,0,0,9.488702744420152e-06,clean,
real_00400.jpeg,test,real,0,0,0.00010451586422277614,clean,
real_00369.jpeg,test,real,0,0,0.20223507285118103,clean,
real_00051.jpeg,test,real,0,0,0.374126136302948,clean,
real_00097.jpeg,test,real,0,0,7.372511277026206e-07,clean,
real_00515.jpeg,test,real,0,0,0.0010095075704157352,clean,
real_00446.jpeg,test,real,0,0,0.008514586836099625,clean,
real_00155.jpeg,test,real,0,0,0.007720038760453463,clean,
real_00277.jpeg,test,real,0,0,0.00017045375716406852,clean,
real_00098.jpeg,test,real,0,0,3.942460898542777e-05,clean,
real_00107.jpeg,test,real,0,0,0.13555926084518433,clean,
real_00087.jpeg,test,real,0,0,1.0565809134277515e-06,clean,
real_00565.jpeg,test,real,0,0,0.004830028861761093,clean,
real_00280.jpeg,test,real,0,0,1.845663462063385e-07,clean,
real_00507.jpeg,test,real,0,0,1.0959078089456398e-08,clean,
real_00326.jpeg,test,real,0,0,0.175434410572052,clean,
real_00244.jpeg,test,real,0,0,2.3513196276229173e-15,clean,
real_00033.jpeg,test,real,0,0,0.008380668237805367,clean,
real_00064.jpeg,test,real,0,0,3.6231800437484807e-14,clean,
real_00013.jpeg,test,real,0,0,1.2651987901790562e-08,clean,
real_00183.jpeg,test,real,0,0,0.18584755063056946,clean,
real_00030.jpeg,test,real,0,0,0.0007271073991432786,clean,
real_00474.jpeg,test,real,0,0,0.002864609006792307,clean,
real_00558.jpeg,test,real,0,0,0.012726100161671638,clean,
real_00088.jpeg,test,real,0,0,0.033715661615133286,clean,
real_00436.jpeg,test,real,0,1,0.6867978572845459,clean,
real_00518.jpeg,test,real,0,0,2.437595321680419e-05,clean,
real_00111.jpeg,test,real,0,0,3.9513062802143395e-05,clean,
real_00122.jpeg,test,real,0,0,0.43992558121681213,clean,
real_00461.jpeg,test,real,0,0,0.022727731615304947,clean,
real_00239.jpeg,test,real,0,0,0.00040302061825059354,clean,
real_00408.jpeg,test,real,0,0,3.2508496587979607e-06,clean,
real_00460.jpeg,test,real,0,0,0.0031235283240675926,clean,
real_00138.jpeg,test,real,0,0,0.010329424403607845,clean,
real_00429.jpeg,test,real,0,0,7.424115028697997e-05,clean,
real_00462.jpeg,test,real,0,0,7.014370096043721e-13,clean,
real_00113.jpeg,test,real,0,0,0.3299183249473572,clean,
real_00391.jpeg,test,real,0,0,3.0135150154819712e-05,clean,
real_00303.jpeg,test,real,0,0,2.6684524527809117e-06,clean,
real_00592.jpeg,test,real,0,0,2.639634664281749e-18,clean,
real_00157.jpeg,test,real,0,0,0.01668841950595379,clean,
real_00475.jpeg,test,real,0,0,1.5087177416717168e-05,clean,
real_00071.jpeg,test,real,0,0,0.24682694673538208,clean,
real_00235.jpeg,test,real,0,0,8.565558528061956e-05,clean,
real_00067.jpeg,test,real,0,0,0.00022914067085366696,clean,
real_00502.jpeg,test,real,0,0,0.0038639414124190807,clean,
real_00099.jpeg,test,real,0,0,0.10457941889762878,clean,
real_00508.jpeg,test,real,0,0,0.00021826953161507845,clean,
real_00036.jpeg,test,real,0,0,0.0002245537907583639,clean,
real_00149.jpeg,test,real,0,0,5.667061611647206e-11,clean,
real_00220.jpeg,test,real,0,0,0.0004562409012578428,clean,
real_00418.jpeg,test,real,0,0,0.0004557725042104721,clean,
real_00466.jpeg,test,real,0,0,0.37017399072647095,clean,
real_00120.jpeg,test,real,0,0,0.005165216512978077,clean,
real_00139.jpeg,test,real,0,0,0.21002288162708282,clean,
real_00589.jpeg,test,real,0,1,0.9929554462432861,clean,
real_00276.jpeg,test,real,0,0,0.012459964491426945,clean,
real_00377.jpeg,test,real,0,0,0.10919810831546783,clean,
real_00175.jpeg,test,real,0,0,0.10845907032489777,clean,
real_00001.jpeg,test,real,0,0,0.48066797852516174,clean,
real_00424.jpeg,test,real,0,0,7.572762115160003e-06,clean,
real_00197.jpeg,test,real,0,0,0.00018531865498516709,clean,
real_00246.jpeg,test,real,0,0,0.0018830030458047986,clean,
real_00325.jpeg,test,real,0,0,0.005464224610477686,clean,
real_00150.jpeg,test,real,0,0,3.676185755807637e-08,clean,
real_00501.jpeg,test,real,0,0,5.942128336755559e-05,clean,
real_00428.jpeg,test,real,0,0,0.02894766256213188,clean,
real_00222.jpeg,test,real,0,0,0.2022400051355362,clean,
real_00045.jpeg,test,real,0,0,0.013759134337306023,clean,
real_00338.jpeg,test,real,0,0,0.0006691858870908618,clean,
real_00390.jpeg,test,real,0,0,0.00024972204118967056,clean,
real_00062.jpeg,test,real,0,0,0.2789677381515503,clean,
real_00426.jpeg,test,real,0,0,0.0005557842087000608,clean,
real_00247.jpeg,test,real,0,0,0.0973891094326973,clean,
real_00152.jpeg,test,real,0,0,0.005952415056526661,clean,
real_00156.jpeg,test,real,0,0,0.0006159901386126876,clean,
real_00084.jpeg,test,real,0,0,0.013983651995658875,clean,
real_00212.jpeg,test,real,0,0,0.07016132771968842,clean,
real_00184.jpeg,test,real,0,0,0.017554236575961113,clean,
real_00309.jpeg,test,real,0,0,0.0010146023705601692,clean,
real_00423.jpeg,test,real,0,0,0.26035863161087036,clean,
real_00095.jpeg,test,real,0,0,0.0007880890625528991,clean,
real_00264.jpeg,test,real,0,0,0.0050575570203363895,clean,
real_00105.jpeg,test,real,0,0,0.0370674692094326,clean,
real_00024.jpeg,test,real,0,0,1.5927673402416076e-08,clean,
real_00293.jpeg,test,real,0,0,8.58706869166781e-07,clean,
real_00311.jpeg,test,real,0,0,0.009996209293603897,clean,
real_00032.jpeg,test,real,0,0,0.18577761948108673,clean,
real_00374.jpeg,test,real,0,0,3.504941560095176e-05,clean,
real_00492.jpeg,test,real,0,0,6.890577060403302e-05,clean,
real_00162.jpeg,test,real,0,0,0.01921735517680645,clean,
real_00588.jpeg,test,real,0,0,0.0005709174438379705,clean,
real_00411.jpeg,test,real,0,0,0.0004380715254228562,clean,
real_00241.jpeg,test,real,0,0,0.10682664066553116,clean,
real_00432.jpeg,test,real,0,0,0.41888687014579773,clean,
real_00025.jpeg,test,real,0,0,0.0004743170866277069,clean,
real_00079.jpeg,test,real,0,1,0.5753284096717834,clean,
real_00351.jpeg,test,real,0,0,0.10850236564874649,clean,
real_00590.jpeg,test,real,0,0,8.519389638195207e-09,clean,
real_00240.jpeg,test,real,0,0,0.0003077964938711375,clean,
real_00583.jpeg,test,real,0,0,5.835661431774497e-05,clean,
real_00116.jpeg,test,real,0,0,0.11297972500324249,clean,
real_00081.jpeg,test,real,0,0,0.0010228661121800542,clean,
real_00224.jpeg,test,real,0,0,0.07381366193294525,clean,
real_00372.jpeg,test,real,0,0,0.001994336722418666,clean,
real_00074.jpeg,test,real,0,0,0.00039314079913310707,clean,
real_00555.jpeg,test,real,0,0,6.279437911871355e-06,clean,
real_00399.jpeg,test,real,0,0,1.0357701285101939e-05,clean,
real_00308.jpeg,test,real,0,0,0.04377100244164467,clean,
real_00132.jpeg,test,real,0,0,0.11308538168668747,clean,
real_00478.jpeg,test,real,0,0,0.0123081523925066,clean,
real_00435.jpeg,test,real,0,0,5.345084719010629e-05,clean,
real_00072.jpeg,test,real,0,0,0.002832959173247218,clean,
real_00037.jpeg,test,real,0,0,0.49243655800819397,clean,
real_00272.jpeg,test,real,0,1,0.973100483417511,clean,
real_00102.jpeg,test,real,0,0,0.04124689847230911,clean,
real_00044.jpeg,test,real,0,0,0.05690177530050278,clean,
real_00546.jpeg,test,real,0,0,0.01065805647522211,clean,
real_00146.jpeg,test,real,0,0,4.247950346325524e-05,clean,
real_00361.jpeg,test,real,0,0,0.002781862858682871,clean,
real_00498.jpeg,test,real,0,1,0.6176325678825378,clean,
real_00567.jpeg,test,real,0,0,1.198838077698383e-07,clean,
real_00229.jpeg,test,real,0,0,0.0008916962542571127,clean,
real_00573.jpeg,test,real,0,0,6.612752258661203e-06,clean,
real_00452.jpeg,test,real,0,0,0.13261860609054565,clean,
real_00258.jpeg,test,real,0,0,0.08797513693571091,clean,
real_00581.jpeg,test,real,0,0,0.01230369508266449,clean,
real_00340.jpeg,test,real,0,0,0.12246736139059067,clean,
real_00516.jpeg,test,real,0,0,0.0014521131524816155,clean,
real_00524.jpeg,test,real,0,0,0.0008374238386750221,clean,
real_00554.jpeg,test,real,0,0,0.0019298071274533868,clean,
real_00299.jpeg,test,real,0,0,1.3819738242659696e-08,clean,
real_00439.jpeg,test,real,0,0,0.001557924086228013,clean,
real_00166.jpeg,test,real,0,0,9.015603836814989e-07,clean,
real_00392.jpeg,test,real,0,0,0.03580290079116821,clean,
real_00086.jpeg,test,real,0,0,8.680946848471649e-06,clean,
real_00537.jpeg,test,real,0,0,0.2629873752593994,clean,
real_00431.jpeg,test,real,0,0,4.9712121835909784e-05,clean,
real_00389.jpeg,test,real,0,0,4.71121438749833e-06,clean,
real_00534.jpeg,test,real,0,0,1.1788960364356171e-05,clean,
real_00541.jpeg,test,real,0,0,1.7572649113617445e-08,clean,
real_00094.jpeg,test,real,0,1,0.9842897057533264,clean,
real_00226.jpeg,test,real,0,0,0.0006760695832781494,clean,
real_00200.jpeg,test,real,0,0,0.005591738037765026,clean,
real_00330.jpeg,test,real,0,0,0.0057097687385976315,clean,
real_00091.jpeg,test,real,0,0,0.29710644483566284,clean,
real_00472.jpeg,test,real,0,0,3.332637985020703e-11,clean,
real_00493.jpeg,test,real,0,0,1.9984806840511737e-06,clean,
real_00053.jpeg,test,real,0,0,1.2866881604622904e-07,clean,
real_00298.jpeg,test,real,0,0,0.021896347403526306,clean,
real_00366.jpeg,test,real,0,0,0.0016277225222438574,clean,
real_00182.jpeg,test,real,0,0,2.0043205950059928e-05,clean,
real_00490.jpeg,test,real,0,0,0.007143194321542978,clean,
real_00593.jpeg,test,real,0,0,0.25834569334983826,clean,
real_00137.jpeg,test,real,0,0,0.02331690862774849,clean,
real_00314.jpeg,test,real,0,0,0.06628374010324478,clean,
real_00471.jpeg,test,real,0,0,0.011898191645741463,clean,
real_00365.jpeg,test,real,0,0,0.0007300575380213559,clean,
real_00042.jpeg,test,real,0,0,1.9132784245812218e-09,clean,
real_00448.jpeg,test,real,0,0,0.31307747960090637,clean,
real_00188.jpeg,test,real,0,0,1.3208518794272095e-06,clean,
real_00245.jpeg,test,real,0,0,0.19869869947433472,clean,
real_00509.jpeg,test,real,0,0,5.187544957152568e-06,clean,
real_00265.jpeg,test,real,0,0,0.000570976291783154,clean,
real_00443.jpeg,test,real,0,0,0.00014565589663106948,clean,
real_00284.jpeg,test,real,0,0,0.00271301600150764,clean,
real_00386.jpeg,test,real,0,0,7.732348421995994e-06,clean,
real_00548.jpeg,test,real,0,0,1.3649822676597978e-06,clean,
real_00487.jpeg,test,real,0,0,0.00019720193813554943,clean,
real_00549.jpeg,test,real,0,1,0.7486872673034668,clean,
real_00315.jpeg,test,real,0,0,3.9133861719165e-05,clean,
real_00464.jpeg,test,real,0,0,0.0008533810614608228,clean,
midjourney_00068.png,test,midjourney,1,0,0.01764982007443905,clean,
vqdm_00062.png,test,vqdm,1,0,0.21103893220424652,clean,
adm_00019.png,test,adm,1,1,0.9993763566017151,clean,
midjourney_00077.png,test,midjourney,1,0,0.0006826963508501649,clean,
adm_00074.png,test,adm,1,1,0.9999986886978149,clean,
wukong_00038.png,test,wukong,1,1,0.9999681711196899,clean,
biggan_00049.png,test,biggan,1,1,0.9986304044723511,clean,
midjourney_00036.png,test,midjourney,1,1,0.5640317797660828,clean,
glide_00074.png,test,glide,1,1,0.9997509121894836,clean,
sdv5_00043.png,test,sdv5,1,0,0.25008177757263184,clean,
wukong_00067.png,test,wukong,1,1,0.9916142225265503,clean,
vqdm_00041.png,test,vqdm,1,1,0.9551100134849548,clean,
wukong_00066.png,test,wukong,1,0,0.12809999287128448,clean,
vqdm_00061.png,test,vqdm,1,1,1.0,clean,
biggan_00010.png,test,biggan,1,1,1.0,clean,
midjourney_00011.png,test,midjourney,1,1,0.9997932314872742,clean,
adm_00067.png,test,adm,1,1,0.9999587535858154,clean,
adm_00063.png,test,adm,1,1,0.9997383952140808,clean,
wukong_00015.png,test,wukong,1,1,0.9637126922607422,clean,
vqdm_00004.png,test,vqdm,1,1,0.9690579175949097,clean,
midjourney_00005.png,test,midjourney,1,1,0.5040595531463623,clean,
adm_00014.png,test,adm,1,1,1.0,clean,
glide_00069.png,test,glide,1,1,0.9999985694885254,clean,
vqdm_00010.png,test,vqdm,1,1,1.0,clean,
sdv5_00046.png,test,sdv5,1,1,0.9993287324905396,clean,
wukong_00023.png,test,wukong,1,1,0.902436375617981,clean,
midjourney_00074.png,test,midjourney,1,1,0.8814974427223206,clean,
midjourney_00039.png,test,midjourney,1,1,0.932361900806427,clean,
vqdm_00024.png,test,vqdm,1,1,0.9999978542327881,clean,
wukong_00075.png,test,wukong,1,1,0.8963252902030945,clean,
biggan_00050.png,test,biggan,1,1,1.0,clean,
midjourney_00059.png,test,midjourney,1,1,0.7453251481056213,clean,
biggan_00029.png,test,biggan,1,1,0.9999998807907104,clean,
sdv5_00039.png,test,sdv5,1,1,0.9947152733802795,clean,
glide_00061.png,test,glide,1,0,0.12906190752983093,clean,
biggan_00012.png,test,biggan,1,1,0.9999901056289673,clean,
biggan_00080.png,test,biggan,1,1,1.0,clean,
glide_00053.png,test,glide,1,1,0.9964936375617981,clean,
vqdm_00006.png,test,vqdm,1,1,0.8679614663124084,clean,
adm_00023.png,test,adm,1,1,1.0,clean,
sdv5_00054.png,test,sdv5,1,1,0.9988884329795837,clean,
midjourney_00021.png,test,midjourney,1,1,0.9956240057945251,clean,
vqdm_00065.png,test,vqdm,1,0,0.10036002844572067,clean,
biggan_00055.png,test,biggan,1,1,0.9999744892120361,clean,
wukong_00003.png,test,wukong,1,1,0.9993945360183716,clean,
biggan_00022.png,test,biggan,1,1,0.9720577001571655,clean,
biggan_00081.png,test,biggan,1,1,0.7348662614822388,clean,
vqdm_00049.png,test,vqdm,1,1,0.963546097278595,clean,
sdv5_00076.png,test,sdv5,1,1,0.9999337196350098,clean,
vqdm_00011.png,test,vqdm,1,1,0.996867835521698,clean,
adm_00039.png,test,adm,1,1,1.0,clean,
glide_00023.png,test,glide,1,1,0.9986395239830017,clean,
sdv5_00063.png,test,sdv5,1,1,0.9976133108139038,clean,
biggan_00059.png,test,biggan,1,1,0.9999996423721313,clean,
glide_00015.png,test,glide,1,1,0.9999996423721313,clean,
wukong_00047.png,test,wukong,1,1,0.9318459630012512,clean,
vqdm_00037.png,test,vqdm,1,1,0.99153733253479,clean,
wukong_00080.png,test,wukong,1,1,0.9999887943267822,clean,
midjourney_00076.png,test,midjourney,1,1,0.9986183643341064,clean,
sdv5_00061.png,test,sdv5,1,1,0.9999998807907104,clean,
adm_00029.png,test,adm,1,1,0.9999949932098389,clean,
glide_00039.png,test,glide,1,1,0.9999997615814209,clean,
adm_00072.png,test,adm,1,1,0.9975996613502502,clean,
sdv5_00051.png,test,sdv5,1,1,1.0,clean,
sdv5_00066.png,test,sdv5,1,1,0.8486893177032471,clean,
midjourney_00078.png,test,midjourney,1,1,0.9999891519546509,clean,
vqdm_00017.png,test,vqdm,1,0,0.012247452512383461,clean,
sdv5_00073.png,test,sdv5,1,1,0.9980292916297913,clean,
midjourney_00045.png,test,midjourney,1,1,0.9306157827377319,clean,
vqdm_00073.png,test,vqdm,1,1,0.6919798254966736,clean,
sdv5_00008.png,test,sdv5,1,1,0.9999840259552002,clean,
midjourney_00061.png,test,midjourney,1,0,0.049863576889038086,clean,
adm_00015.png,test,adm,1,1,0.9999998807907104,clean,
vqdm_00068.png,test,vqdm,1,1,0.9833974242210388,clean,
midjourney_00053.png,test,midjourney,1,1,0.9999982118606567,clean,
sdv5_00050.png,test,sdv5,1,1,0.999581515789032,clean,
glide_00050.png,test,glide,1,1,0.9999998807907104,clean,
midjourney_00069.png,test,midjourney,1,1,0.6049802899360657,clean,
glide_00038.png,test,glide,1,1,0.9997575879096985,clean,
biggan_00011.png,test,biggan,1,1,0.9813119769096375,clean,
biggan_00082.png,test,biggan,1,1,0.9999754428863525,clean,
wukong_00005.png,test,wukong,1,1,0.999893069267273,clean,
wukong_00014.png,test,wukong,1,1,0.999941349029541,clean,
midjourney_00071.png,test,midjourney,1,0,0.006289463955909014,clean,
midjourney_00009.png,test,midjourney,1,1,0.6986677050590515,clean,
midjourney_00044.png,test,midjourney,1,1,0.9753853678703308,clean,
biggan_00017.png,test,biggan,1,1,0.9999397993087769,clean,
glide_00082.png,test,glide,1,1,0.9988476037979126,clean,
glide_00037.png,test,glide,1,0,0.3789370357990265,clean,
adm_00027.png,test,adm,1,1,0.9999276399612427,clean,
midjourney_00024.png,test,midjourney,1,1,0.999998927116394,clean,
glide_00033.png,test,glide,1,1,0.9999980926513672,clean,
midjourney_00007.png,test,midjourney,1,1,0.9855965971946716,clean,
sdv5_00072.png,test,sdv5,1,1,0.6935890913009644,clean,
wukong_00022.png,test,wukong,1,1,0.9985824823379517,clean,
vqdm_00032.png,test,vqdm,1,0,0.0009836176177486777,clean,
glide_00009.png,test,glide,1,1,1.0,clean,
biggan_00030.png,test,biggan,1,1,0.982954204082489,clean,
wukong_00057.png,test,wukong,1,1,0.9589765667915344,clean,
adm_00079.png,test,adm,1,1,1.0,clean,
vqdm_00031.png,test,vqdm,1,1,0.9879751801490784,clean,
glide_00010.png,test,glide,1,1,1.0,clean,
wukong_00009.png,test,wukong,1,1,0.9984757304191589,clean,
glide_00013.png,test,glide,1,1,0.9995630383491516,clean,
vqdm_00023.png,test,vqdm,1,1,0.5619804263114929,clean,
sdv5_00011.png,test,sdv5,1,1,0.9888867735862732,clean,
sdv5_00047.png,test,sdv5,1,1,0.999991774559021,clean,
sdv5_00009.png,test,sdv5,1,1,0.9700915813446045,clean,
sdv5_00010.png,test,sdv5,1,1,0.9339901208877563,clean,
glide_00076.png,test,glide,1,1,1.0,clean,
adm_00081.png,test,adm,1,1,0.999998927116394,clean,
sdv5_00023.png,test,sdv5,1,1,0.9999780654907227,clean,
biggan_00003.png,test,biggan,1,1,0.9998847246170044,clean,
wukong_00061.png,test,wukong,1,1,0.6361591815948486,clean,
adm_00085.png,test,adm,1,1,0.9870033860206604,clean,
midjourney_00014.png,test,midjourney,1,1,0.9556778073310852,clean,
vqdm_00042.png,test,vqdm,1,1,0.9991068243980408,clean,
wukong_00076.png,test,wukong,1,1,0.9993108510971069,clean,
vqdm_00035.png,test,vqdm,1,1,0.6531538963317871,clean,
sdv5_00037.png,test,sdv5,1,1,0.6762850284576416,clean,
biggan_00000.png,test,biggan,1,1,0.9999964237213135,clean,
sdv5_00053.png,test,sdv5,1,1,0.9999991655349731,clean,
midjourney_00034.png,test,midjourney,1,1,0.9968716502189636,clean,
wukong_00033.png,test,wukong,1,1,0.9432145953178406,clean,
glide_00011.png,test,glide,1,1,0.9996238946914673,clean,
glide_00008.png,test,glide,1,1,0.9999998807907104,clean,
adm_00044.png,test,adm,1,1,0.9836861491203308,clean,
sdv5_00029.png,test,sdv5,1,1,0.9999747276306152,clean,
sdv5_00081.png,test,sdv5,1,1,0.9999904632568359,clean,
sdv5_00040.png,test,sdv5,1,1,0.5059831142425537,clean,
adm_00042.png,test,adm,1,1,0.9999736547470093,clean,
sdv5_00059.png,test,sdv5,1,1,0.9613252878189087,clean,
wukong_00017.png,test,wukong,1,1,0.9999291896820068,clean,
wukong_00058.png,test,wukong,1,1,0.9999986886978149,clean,
adm_00086.png,test,adm,1,1,0.9999998807907104,clean,
midjourney_00049.png,test,midjourney,1,1,0.979606568813324,clean,
midjourney_00065.png,test,midjourney,1,1,0.9999998807907104,clean,
midjourney_00006.png,test,midjourney,1,1,0.9836236238479614,clean,
wukong_00079.png,test,wukong,1,1,0.9995296001434326,clean,
sdv5_00085.png,test,sdv5,1,1,1.0,clean,
sdv5_00065.png,test,sdv5,1,1,0.9650469422340393,clean,
wukong_00037.png,test,wukong,1,1,0.9772694110870361,clean,
biggan_00032.png,test,biggan,1,1,0.9998036026954651,clean,
wukong_00011.png,test,wukong,1,1,0.999976634979248,clean,
biggan_00053.png,test,biggan,1,1,1.0,clean,
sdv5_00005.png,test,sdv5,1,1,0.9783217310905457,clean,
adm_00057.png,test,adm,1,1,0.9751171469688416,clean,
wukong_00024.png,test,wukong,1,1,0.9949972629547119,clean,
glide_00056.png,test,glide,1,1,1.0,clean,
adm_00004.png,test,adm,1,1,1.0,clean,
midjourney_00081.png,test,midjourney,1,0,0.00037848108331672847,clean,
sdv5_00083.png,test,sdv5,1,0,0.047517940402030945,clean,
glide_00042.png,test,glide,1,1,0.9999750852584839,clean,
glide_00029.png,test,glide,1,1,0.8319520354270935,clean,
vqdm_00022.png,test,vqdm,1,1,0.99928218126297,clean,
adm_00007.png,test,adm,1,1,0.9999793767929077,clean,
vqdm_00082.png,test,vqdm,1,0,0.34297454357147217,clean,
glide_00052.png,test,glide,1,1,1.0,clean,
adm_00066.png,test,adm,1,1,0.9740176200866699,clean,
sdv5_00026.png,test,sdv5,1,1,0.5156049132347107,clean,
wukong_00004.png,test,wukong,1,1,0.9999963045120239,clean,
wukong_00034.png,test,wukong,1,1,0.9997310042381287,clean,
adm_00073.png,test,adm,1,1,0.9999997615814209,clean,
sdv5_00056.png,test,sdv5,1,1,0.9011369347572327,clean,
adm_00050.png,test,adm,1,1,0.9915334582328796,clean,
biggan_00004.png,test,biggan,1,1,0.999955415725708,clean,
midjourney_00063.png,test,midjourney,1,1,0.9130178689956665,clean,
glide_00007.png,test,glide,1,1,0.9451491832733154,clean,
vqdm_00059.png,test,vqdm,1,0,0.4742571711540222,clean,
midjourney_00051.png,test,midjourney,1,0,0.14375440776348114,clean,
adm_00040.png,test,adm,1,1,0.9851318001747131,clean,
vqdm_00046.png,test,vqdm,1,0,0.4824335277080536,clean,
glide_00071.png,test,glide,1,1,0.9999982118606567,clean,
midjourney_00040.png,test,midjourney,1,1,0.8187536597251892,clean,
biggan_00056.png,test,biggan,1,1,0.9962605834007263,clean,
wukong_00030.png,test,wukong,1,1,0.9338828921318054,clean,
adm_00045.png,test,adm,1,1,0.9999988079071045,clean,
vqdm_00069.png,test,vqdm,1,1,0.9569701552391052,clean,
sdv5_00013.png,test,sdv5,1,1,0.9788993000984192,clean,
adm_00058.png,test,adm,1,1,0.9873502850532532,clean,
biggan_00037.png,test,biggan,1,1,1.0,clean,
vqdm_00039.png,test,vqdm,1,1,0.9994785189628601,clean,
sdv5_00034.png,test,sdv5,1,1,0.9999386072158813,clean,
glide_00047.png,test,glide,1,1,0.9988143444061279,clean,
biggan_00063.png,test,biggan,1,1,0.9999997615814209,clean,
glide_00045.png,test,glide,1,1,0.9133939146995544,clean,
wukong_00027.png,test,wukong,1,1,0.9930025935173035,clean,
vqdm_00027.png,test,vqdm,1,0,0.1826290637254715,clean,
glide_00024.png,test,glide,1,1,0.9999994039535522,clean,
wukong_00085.png,test,wukong,1,1,0.9996442794799805,clean,
glide_00043.png,test,glide,1,1,0.9999994039535522,clean,
vqdm_00055.png,test,vqdm,1,1,0.996565043926239,clean,
midjourney_00057.png,test,midjourney,1,1,0.999911904335022,clean,
wukong_00062.png,test,wukong,1,1,0.9475825428962708,clean,
sdv5_00007.png,test,sdv5,1,1,0.9979739785194397,clean,
biggan_00043.png,test,biggan,1,1,0.618696928024292,clean,
adm_00083.png,test,adm,1,1,0.9999357461929321,clean,
adm_00052.png,test,adm,1,1,0.9999967813491821,clean,
wukong_00032.png,test,wukong,1,1,0.998788058757782,clean,
midjourney_00047.png,test,midjourney,1,1,0.9999744892120361,clean,
midjourney_00072.png,test,midjourney,1,1,0.9996138215065002,clean,
wukong_00010.png,test,wukong,1,1,0.9975706934928894,clean,
sdv5_00021.png,test,sdv5,1,1,0.9954169988632202,clean,
biggan_00009.png,test,biggan,1,1,0.9841815233230591,clean,
wukong_00043.png,test,wukong,1,1,0.9998202919960022,clean,
vqdm_00034.png,test,vqdm,1,1,0.9720146656036377,clean,
biggan_00023.png,test,biggan,1,1,0.9998406171798706,clean,
glide_00080.png,test,glide,1,1,0.9999995231628418,clean,
midjourney_00008.png,test,midjourney,1,1,0.68944251537323,clean,
biggan_00024.png,test,biggan,1,1,0.9999995231628418,clean,
midjourney_00002.png,test,midjourney,1,1,0.9381617307662964,clean,
midjourney_00000.png,test,midjourney,1,1,0.8480472564697266,clean,
adm_00084.png,test,adm,1,1,1.0,clean,
biggan_00042.png,test,biggan,1,1,0.9999927282333374,clean,
wukong_00018.png,test,wukong,1,1,0.999997615814209,clean,
vqdm_00021.png,test,vqdm,1,1,0.9781734347343445,clean,
sdv5_00057.png,test,sdv5,1,1,0.9739461541175842,clean,
midjourney_00029.png,test,midjourney,1,1,0.7259048223495483,clean,
sdv5_00004.png,test,sdv5,1,0,0.4889998733997345,clean,
wukong_00063.png,test,wukong,1,0,0.2683502435684204,clean,
glide_00057.png,test,glide,1,1,0.9996480941772461,clean,
wukong_00074.png,test,wukong,1,0,0.28376251459121704,clean,
adm_00070.png,test,adm,1,1,0.9985709190368652,clean,
midjourney_00018.png,test,midjourney,1,1,0.9994018077850342,clean,
vqdm_00081.png,test,vqdm,1,1,0.8349535465240479,clean,
vqdm_00075.png,test,vqdm,1,1,0.9216299057006836,clean,
glide_00059.png,test,glide,1,1,0.9951489567756653,clean,
vqdm_00002.png,test,vqdm,1,0,0.20819932222366333,clean,
biggan_00045.png,test,biggan,1,1,1.0,clean,
sdv5_00075.png,test,sdv5,1,1,0.9779677391052246,clean,
sdv5_00055.png,test,sdv5,1,0,0.07499999552965164,clean,
wukong_00013.png,test,wukong,1,1,0.9999818801879883,clean,
adm_00068.png,test,adm,1,1,0.9999058246612549,clean,
midjourney_00010.png,test,midjourney,1,0,0.2182358354330063,clean,
midjourney_00030.png,test,midjourney,1,1,0.9934472441673279,clean,
sdv5_00074.png,test,sdv5,1,1,0.9999929666519165,clean,
vqdm_00072.png,test,vqdm,1,1,0.9922811388969421,clean,
wukong_00031.png,test,wukong,1,1,0.999993085861206,clean,
vqdm_00080.png,test,vqdm,1,1,0.9988623857498169,clean,
midjourney_00043.png,test,midjourney,1,0,0.035898659378290176,clean,
vqdm_00001.png,test,vqdm,1,1,0.7955998778343201,clean,
glide_00021.png,test,glide,1,1,0.9999926090240479,clean,
midjourney_00037.png,test,midjourney,1,0,0.009502663277089596,clean,
biggan_00031.png,test,biggan,1,1,0.9999998807907104,clean,
wukong_00072.png,test,wukong,1,1,0.9798754453659058,clean,
midjourney_00055.png,test,midjourney,1,1,0.9987518787384033,clean,
glide_00070.png,test,glide,1,1,1.0,clean,
biggan_00057.png,test,biggan,1,1,0.9976480603218079,clean,
midjourney_00075.png,test,midjourney,1,1,0.9983431100845337,clean,
vqdm_00048.png,test,vqdm,1,1,0.9464726448059082,clean,
glide_00034.png,test,glide,1,1,1.0,clean,
sdv5_00078.png,test,sdv5,1,1,0.913715660572052,clean,
midjourney_00062.png,test,midjourney,1,1,0.6705304384231567,clean,
adm_00031.png,test,adm,1,0,0.4414544403553009,clean,
midjourney_00026.png,test,midjourney,1,1,0.7845082879066467,clean,
vqdm_00000.png,test,vqdm,1,1,0.8843103647232056,clean,
adm_00020.png,test,adm,1,1,0.9983745813369751,clean,
adm_00012.png,test,adm,1,1,0.9999897480010986,clean,
adm_00030.png,test,adm,1,1,0.9999973773956299,clean,
midjourney_00070.png,test,midjourney,1,1,0.8656415939331055,clean,
adm_00041.png,test,adm,1,1,0.9998890161514282,clean,
adm_00078.png,test,adm,1,1,0.9999974966049194,clean,
wukong_00068.png,test,wukong,1,1,0.9098594784736633,clean,
biggan_00008.png,test,biggan,1,1,0.9908089637756348,clean,
adm_00069.png,test,adm,1,1,1.0,clean,
vqdm_00056.png,test,vqdm,1,1,0.9999727010726929,clean,
sdv5_00036.png,test,sdv5,1,1,0.9983623623847961,clean,
vqdm_00079.png,test,vqdm,1,1,0.9695209264755249,clean,
midjourney_00017.png,test,midjourney,1,1,0.5933518409729004,clean,
biggan_00033.png,test,biggan,1,1,0.999995231628418,clean,
biggan_00018.png,test,biggan,1,1,0.9999934434890747,clean,
sdv5_00001.png,test,sdv5,1,1,0.7154070734977722,clean,
sdv5_00020.png,test,sdv5,1,1,0.981507420539856,clean,
biggan_00048.png,test,biggan,1,1,0.9995843768119812,clean,
biggan_00058.png,test,biggan,1,1,1.0,clean,
midjourney_00066.png,test,midjourney,1,0,0.38411465287208557,clean,
midjourney_00080.png,test,midjourney,1,0,0.31877321004867554,clean,
adm_00005.png,test,adm,1,1,0.9999984502792358,clean,
adm_00003.png,test,adm,1,1,0.9999984502792358,clean,
adm_00024.png,test,adm,1,1,0.9998373985290527,clean,
sdv5_00000.png,test,sdv5,1,1,0.9999219179153442,clean,
biggan_00001.png,test,biggan,1,1,0.999790608882904,clean,
vqdm_00014.png,test,vqdm,1,1,0.9994550347328186,clean,
biggan_00028.png,test,biggan,1,1,1.0,clean,
midjourney_00028.png,test,midjourney,1,0,0.07081451267004013,clean,
biggan_00027.png,test,biggan,1,1,0.9998329877853394,clean,
sdv5_00049.png,test,sdv5,1,1,0.9999220371246338,clean,
vqdm_00029.png,test,vqdm,1,1,0.9955850839614868,clean,
adm_00035.png,test,adm,1,1,0.9999769926071167,clean,
adm_00011.png,test,adm,1,1,1.0,clean,
biggan_00078.png,test,biggan,1,1,0.9999853372573853,clean,
midjourney_00013.png,test,midjourney,1,1,0.9913950562477112,clean,
sdv5_00067.png,test,sdv5,1,1,0.9748479127883911,clean,
biggan_00006.png,test,biggan,1,1,0.9994418025016785,clean,
vqdm_00078.png,test,vqdm,1,1,0.5178540945053101,clean,
glide_00049.png,test,glide,1,1,0.9981321692466736,clean,
midjourney_00050.png,test,midjourney,1,1,0.9999392032623291,clean,
glide_00017.png,test,glide,1,1,1.0,clean,
wukong_00008.png,test,wukong,1,1,0.9998974800109863,clean,
sdv5_00014.png,test,sdv5,1,1,0.9746047258377075,clean,
biggan_00052.png,test,biggan,1,1,0.9109281301498413,clean,
wukong_00059.png,test,wukong,1,1,0.9834898710250854,clean,
glide_00078.png,test,glide,1,1,1.0,clean,
adm_00034.png,test,adm,1,1,1.0,clean,
wukong_00006.png,test,wukong,1,1,0.930930495262146,clean,
biggan_00046.png,test,biggan,1,1,1.0,clean,
wukong_00073.png,test,wukong,1,1,0.5572040677070618,clean,
midjourney_00046.png,test,midjourney,1,1,0.9997859597206116,clean,
glide_00068.png,test,glide,1,1,0.9999990463256836,clean,
midjourney_00058.png,test,midjourney,1,1,0.6275762915611267,clean,
glide_00001.png,test,glide,1,1,0.9999972581863403,clean,
glide_00041.png,test,glide,1,1,1.0,clean,
glide_00014.png,test,glide,1,1,0.978548526763916,clean,
adm_00013.png,test,adm,1,1,0.9959719777107239,clean,
glide_00063.png,test,glide,1,1,0.999998927116394,clean,
wukong_00045.png,test,wukong,1,1,0.9907580614089966,clean,
biggan_00079.png,test,biggan,1,1,0.9999963045120239,clean,
adm_00002.png,test,adm,1,1,1.0,clean,
midjourney_00041.png,test,midjourney,1,1,0.9995884299278259,clean,
vqdm_00044.png,test,vqdm,1,1,0.9997956156730652,clean,
adm_00043.png,test,adm,1,1,0.9484956860542297,clean,
sdv5_00017.png,test,sdv5,1,1,0.9997431635856628,clean,
vqdm_00052.png,test,vqdm,1,1,0.7138418555259705,clean,
adm_00036.png,test,adm,1,1,0.9997391104698181,clean,
biggan_00083.png,test,biggan,1,1,0.98751300573349,clean,
glide_00020.png,test,glide,1,1,1.0,clean,
midjourney_00054.png,test,midjourney,1,0,0.208768829703331,clean,
adm_00032.png,test,adm,1,1,0.9999781847000122,clean,
glide_00058.png,test,glide,1,1,0.9999529123306274,clean,
vqdm_00008.png,test,vqdm,1,1,0.9988364577293396,clean,
adm_00026.png,test,adm,1,1,0.9999994039535522,clean,
midjourney_00082.png,test,midjourney,1,1,0.9911921620368958,clean,
wukong_00012.png,test,wukong,1,1,0.9973069429397583,clean,
glide_00048.png,test,glide,1,1,0.9093680381774902,clean,
midjourney_00033.png,test,midjourney,1,1,0.9999665021896362,clean,
vqdm_00060.png,test,vqdm,1,1,0.9952711462974548,clean,
wukong_00052.png,test,wukong,1,1,0.9999998807907104,clean,
adm_00021.png,test,adm,1,1,0.9960830211639404,clean,
wukong_00042.png,test,wukong,1,1,0.8714285492897034,clean,
vqdm_00071.png,test,vqdm,1,1,0.9999074935913086,clean,
glide_00026.png,test,glide,1,1,1.0,clean,
biggan_00019.png,test,biggan,1,1,0.9999969005584717,clean,
glide_00051.png,test,glide,1,1,0.9993785619735718,clean,
adm_00056.png,test,adm,1,1,0.9995998740196228,clean,
glide_00012.png,test,glide,1,1,1.0,clean,
adm_00017.png,test,adm,1,1,0.8892115354537964,clean,
wukong_00020.png,test,wukong,1,1,0.9982372522354126,clean,
sdv5_00069.png,test,sdv5,1,1,0.9642571210861206,clean,
vqdm_00064.png,test,vqdm,1,1,0.8311523795127869,clean,
wukong_00050.png,test,wukong,1,1,0.9976332187652588,clean,
glide_00032.png,test,glide,1,1,0.9999947547912598,clean,
glide_00040.png,test,glide,1,1,0.9999881982803345,clean,
glide_00064.png,test,glide,1,1,0.8921522498130798,clean,
adm_00016.png,test,adm,1,1,0.9894165396690369,clean,
biggan_00066.png,test,biggan,1,1,1.0,clean,
vqdm_00013.png,test,vqdm,1,0,0.025979379191994667,clean,
sdv5_00024.png,test,sdv5,1,1,0.9189407825469971,clean,
sdv5_00030.png,test,sdv5,1,1,0.9968686699867249,clean,
wukong_00051.png,test,wukong,1,1,0.9979569911956787,clean,
sdv5_00077.png,test,sdv5,1,1,0.9999997615814209,clean,
biggan_00013.png,test,biggan,1,1,0.9998581409454346,clean,
wukong_00064.png,test,wukong,1,1,0.999984622001648,clean,
vqdm_00025.png,test,vqdm,1,1,0.9703331589698792,clean,
glide_00002.png,test,glide,1,1,1.0,clean,
midjourney_00079.png,test,midjourney,1,1,0.7129371762275696,clean,
wukong_00039.png,test,wukong,1,1,0.7993617653846741,clean,
vqdm_00020.png,test,vqdm,1,1,0.9977782368659973,clean,
sdv5_00032.png,test,sdv5,1,1,0.9942508935928345,clean,
sdv5_00003.png,test,sdv5,1,0,0.11231021583080292,clean,
wukong_00078.png,test,wukong,1,1,0.9968814849853516,clean,
wukong_00065.png,test,wukong,1,1,0.9999226331710815,clean,
biggan_00014.png,test,biggan,1,1,0.9998993873596191,clean,
adm_00006.png,test,adm,1,1,1.0,clean,
wukong_00056.png,test,wukong,1,1,0.9999905824661255,clean,
biggan_00005.png,test,biggan,1,1,1.0,clean,
wukong_00002.png,test,wukong,1,1,0.7415708303451538,clean,
wukong_00055.png,test,wukong,1,0,0.10313917696475983,clean,
sdv5_00016.png,test,sdv5,1,1,0.8296056985855103,clean,
biggan_00065.png,test,biggan,1,0,0.37837889790534973,clean,
vqdm_00019.png,test,vqdm,1,1,0.5213478803634644,clean,
adm_00038.png,test,adm,1,1,0.9999979734420776,clean,
sdv5_00044.png,test,sdv5,1,1,0.875619649887085,clean,
midjourney_00084.png,test,midjourney,1,1,0.9998655319213867,clean,
midjourney_00025.png,test,midjourney,1,0,0.09480325132608414,clean,
biggan_00061.png,test,biggan,1,1,0.9990606904029846,clean,
sdv5_00071.png,test,sdv5,1,1,0.9999990463256836,clean,
biggan_00074.png,test,biggan,1,1,1.0,clean,
vqdm_00077.png,test,vqdm,1,0,0.20925761759281158,clean,
midjourney_00001.png,test,midjourney,1,1,0.9996823072433472,clean,
biggan_00069.png,test,biggan,1,1,0.9934192299842834,clean,
glide_00005.png,test,glide,1,1,0.9999996423721313,clean,
sdv5_00015.png,test,sdv5,1,1,0.8042109608650208,clean,
vqdm_00012.png,test,vqdm,1,1,0.856987476348877,clean,
wukong_00077.png,test,wukong,1,0,0.37056949734687805,clean,
midjourney_00023.png,test,midjourney,1,0,0.23189273476600647,clean,
sdv5_00045.png,test,sdv5,1,1,0.9026293158531189,clean,
adm_00033.png,test,adm,1,1,0.999835729598999,clean,
wukong_00083.png,test,wukong,1,1,0.9883954524993896,clean,
biggan_00034.png,test,biggan,1,1,1.0,clean,
biggan_00070.png,test,biggan,1,1,0.999480664730072,clean,
biggan_00076.png,test,biggan,1,1,0.871271550655365,clean,
midjourney_00067.png,test,midjourney,1,1,0.6887333393096924,clean,
biggan_00062.png,test,biggan,1,1,0.9995180368423462,clean,
midjourney_00027.png,test,midjourney,1,1,0.961310088634491,clean,
biggan_00077.png,test,biggan,1,1,0.9999933242797852,clean,
wukong_00053.png,test,wukong,1,1,0.9999998807907104,clean,
sdv5_00080.png,test,sdv5,1,1,1.0,clean,
glide_00035.png,test,glide,1,0,0.26957324147224426,clean,
adm_00022.png,test,adm,1,1,0.9999997615814209,clean,
vqdm_00070.png,test,vqdm,1,0,0.36552929878234863,clean,
wukong_00019.png,test,wukong,1,1,0.9224219918251038,clean,
glide_00036.png,test,glide,1,1,0.9969139099121094,clean,
adm_00054.png,test,adm,1,1,0.9999982118606567,clean,
glide_00060.png,test,glide,1,1,0.9999985694885254,clean,
adm_00061.png,test,adm,1,1,0.9999994039535522,clean,
vqdm_00028.png,test,vqdm,1,1,0.9478273987770081,clean,
vqdm_00026.png,test,vqdm,1,1,0.797950267791748,clean,
vqdm_00054.png,test,vqdm,1,0,0.006496970541775227,clean,
biggan_00021.png,test,biggan,1,1,0.862599790096283,clean,
vqdm_00005.png,test,vqdm,1,1,0.9994367957115173,clean,
glide_00055.png,test,glide,1,1,0.9995788931846619,clean,
biggan_00075.png,test,biggan,1,0,0.40768536925315857,clean,
wukong_00046.png,test,wukong,1,1,1.0,clean,
wukong_00084.png,test,wukong,1,1,0.8862252831459045,clean,
wukong_00025.png,test,wukong,1,1,0.9938856959342957,clean,
vqdm_00009.png,test,vqdm,1,1,0.9964042901992798,clean,
glide_00019.png,test,glide,1,1,1.0,clean,
biggan_00040.png,test,biggan,1,1,1.0,clean,
vqdm_00007.png,test,vqdm,1,1,0.9912742972373962,clean,
vqdm_00076.png,test,vqdm,1,1,0.5260531902313232,clean,
glide_00066.png,test,glide,1,1,0.8009770512580872,clean,
biggan_00073.png,test,biggan,1,1,0.9999933242797852,clean,
glide_00072.png,test,glide,1,1,0.9999998807907104,clean,
midjourney_00038.png,test,midjourney,1,1,0.6220917105674744,clean,
vqdm_00016.png,test,vqdm,1,0,0.0019044872606173158,clean,
glide_00006.png,test,glide,1,1,0.999301552772522,clean,
glide_00065.png,test,glide,1,1,0.9999924898147583,clean,
adm_00055.png,test,adm,1,1,0.9999918937683105,clean,
midjourney_00073.png,test,midjourney,1,1,0.8931626081466675,clean,
midjourney_00020.png,test,midjourney,1,1,0.880580484867096,clean,
sdv5_00012.png,test,sdv5,1,1,0.9998587369918823,clean,
wukong_00028.png,test,wukong,1,1,0.9634316563606262,clean,
midjourney_00056.png,test,midjourney,1,1,0.8985916376113892,clean,
vqdm_00067.png,test,vqdm,1,0,0.037710316479206085,clean,
adm_00037.png,test,adm,1,1,1.0,clean,
adm_00064.png,test,adm,1,1,0.9996826648712158,clean,
vqdm_00084.png,test,vqdm,1,1,0.999998927116394,clean,
sdv5_00052.png,test,sdv5,1,1,0.9996849298477173,clean,
biggan_00035.png,test,biggan,1,1,0.9999991655349731,clean,
vqdm_00043.png,test,vqdm,1,1,0.9495148062705994,clean,
adm_00028.png,test,adm,1,1,0.9993892908096313,clean,
glide_00027.png,test,glide,1,1,0.9701340198516846,clean,
sdv5_00042.png,test,sdv5,1,1,0.994110643863678,clean,
glide_00084.png,test,glide,1,1,0.9999920129776001,clean,
sdv5_00025.png,test,sdv5,1,1,0.9809513092041016,clean,
adm_00009.png,test,adm,1,1,0.8011277914047241,clean,
sdv5_00031.png,test,sdv5,1,1,1.0,clean,
wukong_00000.png,test,wukong,1,1,0.9914366602897644,clean,
wukong_00069.png,test,wukong,1,1,0.7514649629592896,clean,
biggan_00015.png,test,biggan,1,1,0.9999117851257324,clean,
glide_00062.png,test,glide,1,1,0.9999923706054688,clean,
adm_00076.png,test,adm,1,1,1.0,clean,
vqdm_00015.png,test,vqdm,1,1,0.9947762489318848,clean,
sdv5_00079.png,test,sdv5,1,1,0.9999983310699463,clean,
glide_00083.png,test,glide,1,1,0.9999979734420776,clean,
biggan_00039.png,test,biggan,1,1,0.994491696357727,clean,
adm_00080.png,test,adm,1,1,1.0,clean,
midjourney_00064.png,test,midjourney,1,1,0.9999336004257202,clean,
sdv5_00070.png,test,sdv5,1,1,0.9850192070007324,clean,
glide_00073.png,test,glide,1,1,0.9999754428863525,clean,
vqdm_00018.png,test,vqdm,1,1,0.9999979734420776,clean,
adm_00053.png,test,adm,1,1,0.9952607750892639,clean,
biggan_00084.png,test,biggan,1,1,0.9970801472663879,clean,
adm_00018.png,test,adm,1,1,0.9991174340248108,clean,
sdv5_00018.png,test,sdv5,1,1,0.9867017865180969,clean,
biggan_00020.png,test,biggan,1,1,1.0,clean,
vqdm_00066.png,test,vqdm,1,1,0.9989393353462219,clean,
adm_00048.png,test,adm,1,1,0.9985442161560059,clean,
glide_00077.png,test,glide,1,1,0.859941303730011,clean,
glide_00000.png,test,glide,1,1,0.9999927282333374,clean,
vqdm_00033.png,test,vqdm,1,1,0.8333741426467896,clean,
glide_00081.png,test,glide,1,1,1.0,clean,
adm_00075.png,test,adm,1,1,0.999765932559967,clean,
midjourney_00012.png,test,midjourney,1,1,0.9999568462371826,clean,
glide_00028.png,test,glide,1,1,1.0,clean,
vqdm_00057.png,test,vqdm,1,1,0.9999997615814209,clean,
sdv5_00068.png,test,sdv5,1,1,0.8740246295928955,clean,
vqdm_00036.png,test,vqdm,1,0,0.07427099347114563,clean,
adm_00001.png,test,adm,1,1,0.9999955892562866,clean,
biggan_00054.png,test,biggan,1,1,0.9993798732757568,clean,
vqdm_00058.png,test,vqdm,1,1,0.9936936497688293,clean,
sdv5_00035.png,test,sdv5,1,1,0.9936538934707642,clean,
glide_00018.png,test,glide,1,0,0.01954532228410244,clean,
adm_00008.png,test,adm,1,1,0.9999997615814209,clean,
biggan_00067.png,test,biggan,1,1,0.9999899864196777,clean,
glide_00004.png,test,glide,1,1,0.9999886751174927,clean,
midjourney_00083.png,test,midjourney,1,1,0.9511720538139343,clean,
wukong_00026.png,test,wukong,1,1,0.9998651742935181,clean,
sdv5_00028.png,test,sdv5,1,1,0.6546558141708374,clean,
midjourney_00042.png,test,midjourney,1,1,0.9999767541885376,clean,
adm_00060.png,test,adm,1,1,0.9489518404006958,clean,
glide_00003.png,test,glide,1,1,0.9999990463256836,clean,
glide_00025.png,test,glide,1,1,0.9999655485153198,clean,
biggan_00026.png,test,biggan,1,1,0.9526981115341187,clean,
adm_00077.png,test,adm,1,1,1.0,clean,
adm_00047.png,test,adm,1,1,0.9999923706054688,clean,
sdv5_00033.png,test,sdv5,1,1,0.9994454979896545,clean,
midjourney_00032.png,test,midjourney,1,1,0.9818131923675537,clean,
biggan_00064.png,test,biggan,1,1,0.99788898229599,clean,
vqdm_00074.png,test,vqdm,1,1,0.999997615814209,clean,
biggan_00038.png,test,biggan,1,1,0.9993714690208435,clean,
adm_00082.png,test,adm,1,1,1.0,clean,
wukong_00007.png,test,wukong,1,1,0.9103839993476868,clean,
wukong_00060.png,test,wukong,1,1,1.0,clean,
sdv5_00041.png,test,sdv5,1,1,0.9969570636749268,clean,
vqdm_00038.png,test,vqdm,1,1,0.9990806579589844,clean,
wukong_00001.png,test,wukong,1,1,0.9999994039535522,clean,
midjourney_00015.png,test,midjourney,1,1,0.9999741315841675,clean,
biggan_00047.png,test,biggan,1,1,0.9999994039535522,clean,
glide_00030.png,test,glide,1,1,0.9995100498199463,clean,
vqdm_00047.png,test,vqdm,1,1,0.9653161764144897,clean,
sdv5_00084.png,test,sdv5,1,1,0.9793627262115479,clean,
vqdm_00083.png,test,vqdm,1,1,0.9943998456001282,clean,
biggan_00068.png,test,biggan,1,1,0.9999878406524658,clean,
sdv5_00058.png,test,sdv5,1,1,0.9548256397247314,clean,
sdv5_00006.png,test,sdv5,1,1,0.9999860525131226,clean,
biggan_00044.png,test,biggan,1,1,0.9994275569915771,clean,
midjourney_00003.png,test,midjourney,1,1,0.9998171925544739,clean,
sdv5_00027.png,test,sdv5,1,1,0.9986507296562195,clean,
biggan_00072.png,test,biggan,1,1,0.9996200799942017,clean,
vqdm_00030.png,test,vqdm,1,1,0.811121940612793,clean,
vqdm_00085.png,test,vqdm,1,1,0.8277490139007568,clean,
wukong_00071.png,test,wukong,1,1,0.9687915444374084,clean,
adm_00062.png,test,adm,1,1,0.9931932091712952,clean,
adm_00000.png,test,adm,1,1,0.9997467398643494,clean,
wukong_00044.png,test,wukong,1,1,0.9999995231628418,clean,
glide_00075.png,test,glide,1,1,0.9976848363876343,clean,
vqdm_00040.png,test,vqdm,1,1,0.9963932633399963,clean,
wukong_00082.png,test,wukong,1,1,1.0,clean,
midjourney_00019.png,test,midjourney,1,1,0.9944697618484497,clean,
adm_00065.png,test,adm,1,1,0.9999725818634033,clean,
midjourney_00022.png,test,midjourney,1,1,0.8933247327804565,clean,
midjourney_00052.png,test,midjourney,1,0,0.0003313682973384857,clean,
adm_00046.png,test,adm,1,1,1.0,clean,
wukong_00048.png,test,wukong,1,1,0.960232138633728,clean,
vqdm_00045.png,test,vqdm,1,1,0.9999916553497314,clean,
biggan_00036.png,test,biggan,1,1,0.9999091625213623,clean,
sdv5_00038.png,test,sdv5,1,1,0.9755621552467346,clean,
vqdm_00050.png,test,vqdm,1,0,0.15303051471710205,clean,
biggan_00041.png,test,biggan,1,1,0.9999998807907104,clean,
vqdm_00051.png,test,vqdm,1,1,0.774127185344696,clean,
glide_00054.png,test,glide,1,1,0.9999397993087769,clean,
sdv5_00062.png,test,sdv5,1,1,0.9999997615814209,clean,
sdv5_00060.png,test,sdv5,1,1,0.9974167346954346,clean,
glide_00079.png,test,glide,1,1,0.9928319454193115,clean,
midjourney_00004.png,test,midjourney,1,1,0.9973286390304565,clean,
wukong_00040.png,test,wukong,1,1,0.9452286958694458,clean,
biggan_00060.png,test,biggan,1,1,0.9899040460586548,clean,
wukong_00049.png,test,wukong,1,1,0.961048424243927,clean,
wukong_00035.png,test,wukong,1,1,0.9798765778541565,clean,
adm_00010.png,test,adm,1,1,0.9991306662559509,clean,
sdv5_00064.png,test,sdv5,1,1,0.7218536734580994,clean,
adm_00059.png,test,adm,1,1,0.9999912977218628,clean,
midjourney_00048.png,test,midjourney,1,0,0.43760889768600464,clean,
midjourney_00016.png,test,midjourney,1,0,0.40306556224823,clean,
biggan_00007.png,test,biggan,1,1,0.5989991426467896,clean,
glide_00067.png,test,glide,1,1,1.0,clean,
glide_00046.png,test,glide,1,1,0.9998409748077393,clean,
vqdm_00053.png,test,vqdm,1,1,0.9999995231628418,clean,
adm_00071.png,test,adm,1,1,0.999990701675415,clean,
glide_00022.png,test,glide,1,1,1.0,clean,
sdv5_00082.png,test,sdv5,1,1,0.999580442905426,clean,
vqdm_00003.png,test,vqdm,1,1,0.6727665662765503,clean,
midjourney_00035.png,test,midjourney,1,1,0.9965080618858337,clean,
glide_00031.png,test,glide,1,1,1.0,clean,
vqdm_00063.png,test,vqdm,1,1,0.6084316968917847,clean,
wukong_00016.png,test,wukong,1,1,0.9983768463134766,clean,
wukong_00054.png,test,wukong,1,1,0.999923825263977,clean,
biggan_00002.png,test,biggan,1,1,0.9999992847442627,clean,
adm_00049.png,test,adm,1,1,1.0,clean,
sdv5_00002.png,test,sdv5,1,1,0.9998416900634766,clean,
biggan_00025.png,test,biggan,1,1,0.9995991587638855,clean,
biggan_00071.png,test,biggan,1,1,1.0,clean,
biggan_00051.png,test,biggan,1,0,0.19560495018959045,clean,
wukong_00081.png,test,wukong,1,1,0.9291216135025024,clean,
sdv5_00022.png,test,sdv5,1,1,0.9949182868003845,clean,
real_00486.jpeg,test,real,0,0,0.00018920005823019892,resize_075,0.75
real_00382.jpeg,test,real,0,0,0.0023631227668374777,resize_075,0.75
real_00117.jpeg,test,real,0,0,0.039247073233127594,resize_075,0.75
real_00354.jpeg,test,real,0,0,0.013516740873456001,resize_075,0.75
real_00076.jpeg,test,real,0,0,0.05543045699596405,resize_075,0.75
real_00395.jpeg,test,real,0,0,0.00030135121778585017,resize_075,0.75
real_00348.jpeg,test,real,0,1,0.739281415939331,resize_075,0.75
real_00307.jpeg,test,real,0,0,0.022021345794200897,resize_075,0.75
real_00438.jpeg,test,real,0,0,6.377855243044905e-06,resize_075,0.75
real_00393.jpeg,test,real,0,0,0.0025515982415527105,resize_075,0.75
real_00566.jpeg,test,real,0,0,0.005349625833332539,resize_075,0.75
real_00055.jpeg,test,real,0,0,0.3682307004928589,resize_075,0.75
real_00416.jpeg,test,real,0,0,0.028456613421440125,resize_075,0.75
real_00304.jpeg,test,real,0,0,6.843461051175836e-07,resize_075,0.75
real_00135.jpeg,test,real,0,1,0.7172467112541199,resize_075,0.75
real_00387.jpeg,test,real,0,0,3.9148517316789366e-07,resize_075,0.75
real_00040.jpeg,test,real,0,0,0.0026064408011734486,resize_075,0.75
real_00563.jpeg,test,real,0,1,0.627936840057373,resize_075,0.75
real_00457.jpeg,test,real,0,1,0.6316668391227722,resize_075,0.75
real_00561.jpeg,test,real,0,0,0.0040726009756326675,resize_075,0.75
real_00288.jpeg,test,real,0,1,0.8125371932983398,resize_075,0.75
real_00271.jpeg,test,real,0,0,0.108622707426548,resize_075,0.75
real_00185.jpeg,test,real,0,0,0.09033618867397308,resize_075,0.75
real_00216.jpeg,test,real,0,0,0.001691080047748983,resize_075,0.75
real_00180.jpeg,test,real,0,1,0.9269680976867676,resize_075,0.75
real_00189.jpeg,test,real,0,0,0.21338294446468353,resize_075,0.75
real_00396.jpeg,test,real,0,0,0.09156467020511627,resize_075,0.75
real_00131.jpeg,test,real,0,0,0.0970926433801651,resize_075,0.75
real_00557.jpeg,test,real,0,0,0.017588555812835693,resize_075,0.75
real_00266.jpeg,test,real,0,0,7.766779503981525e-07,resize_075,0.75
real_00207.jpeg,test,real,0,0,0.005599002819508314,resize_075,0.75
real_00141.jpeg,test,real,0,1,0.9950207471847534,resize_075,0.75
real_00407.jpeg,test,real,0,1,0.9999970197677612,resize_075,0.75
real_00026.jpeg,test,real,0,1,0.5296390056610107,resize_075,0.75
real_00046.jpeg,test,real,0,0,0.0073590995743870735,resize_075,0.75
real_00585.jpeg,test,real,0,0,0.02161742001771927,resize_075,0.75
real_00206.jpeg,test,real,0,1,0.9940317273139954,resize_075,0.75
real_00297.jpeg,test,real,0,0,0.049557432532310486,resize_075,0.75
real_00401.jpeg,test,real,0,0,0.0022492518182843924,resize_075,0.75
real_00339.jpeg,test,real,0,0,0.014260832220315933,resize_075,0.75
real_00403.jpeg,test,real,0,1,0.979414165019989,resize_075,0.75
real_00344.jpeg,test,real,0,0,0.004890916403383017,resize_075,0.75
real_00560.jpeg,test,real,0,0,0.12776608765125275,resize_075,0.75
real_00553.jpeg,test,real,0,0,0.0716012641787529,resize_075,0.75
real_00598.jpeg,test,real,0,0,0.09882822632789612,resize_075,0.75
real_00497.jpeg,test,real,0,0,0.4923572540283203,resize_075,0.75
real_00253.jpeg,test,real,0,0,5.061475860657083e-08,resize_075,0.75
real_00577.jpeg,test,real,0,0,1.807808530429611e-06,resize_075,0.75
real_00394.jpeg,test,real,0,0,0.11451470851898193,resize_075,0.75
real_00445.jpeg,test,real,0,1,0.6645157337188721,resize_075,0.75
real_00050.jpeg,test,real,0,1,0.5464963316917419,resize_075,0.75
real_00269.jpeg,test,real,0,0,0.0011271502589806914,resize_075,0.75
real_00151.jpeg,test,real,0,1,0.9629097580909729,resize_075,0.75
real_00190.jpeg,test,real,0,0,0.0015015267999842763,resize_075,0.75
real_00250.jpeg,test,real,0,0,0.03304995223879814,resize_075,0.75
real_00257.jpeg,test,real,0,0,0.343567818403244,resize_075,0.75
real_00008.jpeg,test,real,0,0,0.029935022816061974,resize_075,0.75
real_00398.jpeg,test,real,0,1,0.8701326847076416,resize_075,0.75
real_00322.jpeg,test,real,0,0,0.051662322133779526,resize_075,0.75
real_00230.jpeg,test,real,0,0,0.4280479848384857,resize_075,0.75
real_00219.jpeg,test,real,0,1,0.8583069443702698,resize_075,0.75
real_00550.jpeg,test,real,0,0,0.3807121217250824,resize_075,0.75
real_00528.jpeg,test,real,0,0,0.007852373644709587,resize_075,0.75
real_00039.jpeg,test,real,0,0,0.30456680059432983,resize_075,0.75
real_00274.jpeg,test,real,0,1,0.7386921644210815,resize_075,0.75
real_00414.jpeg,test,real,0,1,0.7763715386390686,resize_075,0.75
real_00038.jpeg,test,real,0,0,0.08393796533346176,resize_075,0.75
real_00434.jpeg,test,real,0,0,0.10575119405984879,resize_075,0.75
real_00279.jpeg,test,real,0,0,0.019208651036024094,resize_075,0.75
real_00077.jpeg,test,real,0,0,0.19006802141666412,resize_075,0.75
real_00312.jpeg,test,real,0,1,0.8822351694107056,resize_075,0.75
real_00482.jpeg,test,real,0,0,0.1618625372648239,resize_075,0.75
real_00178.jpeg,test,real,0,0,0.37956318259239197,resize_075,0.75
real_00535.jpeg,test,real,0,0,0.36322298645973206,resize_075,0.75
real_00345.jpeg,test,real,0,0,0.03117339499294758,resize_075,0.75
real_00019.jpeg,test,real,0,0,0.0037071367260068655,resize_075,0.75
real_00143.jpeg,test,real,0,0,0.006866765674203634,resize_075,0.75
real_00496.jpeg,test,real,0,0,0.09125319868326187,resize_075,0.75
real_00522.jpeg,test,real,0,0,9.030027593726064e-12,resize_075,0.75
real_00451.jpeg,test,real,0,0,0.0005757632316090167,resize_075,0.75
real_00371.jpeg,test,real,0,0,0.012434379197657108,resize_075,0.75
real_00060.jpeg,test,real,0,1,0.9076579213142395,resize_075,0.75
real_00410.jpeg,test,real,0,1,0.5020799040794373,resize_075,0.75
real_00248.jpeg,test,real,0,1,0.8834598660469055,resize_075,0.75
real_00043.jpeg,test,real,0,1,0.9447274208068848,resize_075,0.75
real_00104.jpeg,test,real,0,0,0.013554273173213005,resize_075,0.75
real_00238.jpeg,test,real,0,0,0.011957130394876003,resize_075,0.75
real_00251.jpeg,test,real,0,0,0.014739053323864937,resize_075,0.75
real_00017.jpeg,test,real,0,0,0.0010292741935700178,resize_075,0.75
real_00500.jpeg,test,real,0,0,0.042485110461711884,resize_075,0.75
real_00056.jpeg,test,real,0,0,0.3301723897457123,resize_075,0.75
real_00227.jpeg,test,real,0,0,0.10858672857284546,resize_075,0.75
real_00347.jpeg,test,real,0,0,0.00014639232540503144,resize_075,0.75
real_00176.jpeg,test,real,0,1,0.9697185754776001,resize_075,0.75
real_00085.jpeg,test,real,0,0,0.009549999609589577,resize_075,0.75
real_00586.jpeg,test,real,0,0,0.00023745137150399387,resize_075,0.75
real_00193.jpeg,test,real,0,0,0.0009484975598752499,resize_075,0.75
real_00018.jpeg,test,real,0,1,0.9971328973770142,resize_075,0.75
real_00342.jpeg,test,real,0,0,0.0432618074119091,resize_075,0.75
real_00359.jpeg,test,real,0,1,0.9998281002044678,resize_075,0.75
real_00163.jpeg,test,real,0,1,0.8377222418785095,resize_075,0.75
real_00527.jpeg,test,real,0,0,0.0701962485909462,resize_075,0.75
real_00444.jpeg,test,real,0,0,0.004717218689620495,resize_075,0.75
real_00440.jpeg,test,real,0,0,0.0444098562002182,resize_075,0.75
real_00096.jpeg,test,real,0,0,0.3289639949798584,resize_075,0.75
real_00165.jpeg,test,real,0,0,0.2113991230726242,resize_075,0.75
real_00576.jpeg,test,real,0,1,0.9962498545646667,resize_075,0.75
real_00375.jpeg,test,real,0,0,0.022016581147909164,resize_075,0.75
real_00300.jpeg,test,real,0,0,0.003579948330298066,resize_075,0.75
real_00503.jpeg,test,real,0,1,0.7418591976165771,resize_075,0.75
real_00499.jpeg,test,real,0,0,0.09126671403646469,resize_075,0.75
real_00283.jpeg,test,real,0,0,0.003876676317304373,resize_075,0.75
real_00160.jpeg,test,real,0,1,0.7917762398719788,resize_075,0.75
real_00260.jpeg,test,real,0,0,0.11564447730779648,resize_075,0.75
real_00208.jpeg,test,real,0,0,6.976630538702011e-05,resize_075,0.75
real_00262.jpeg,test,real,0,0,0.377821147441864,resize_075,0.75
real_00213.jpeg,test,real,0,1,0.6772375702857971,resize_075,0.75
real_00476.jpeg,test,real,0,0,0.024305660277605057,resize_075,0.75
real_00092.jpeg,test,real,0,1,0.8441182374954224,resize_075,0.75
real_00324.jpeg,test,real,0,1,0.928695797920227,resize_075,0.75
real_00425.jpeg,test,real,0,1,0.7546570897102356,resize_075,0.75
real_00559.jpeg,test,real,0,0,0.00025878421729430556,resize_075,0.75
real_00015.jpeg,test,real,0,0,6.259646852413425e-06,resize_075,0.75
real_00562.jpeg,test,real,0,0,0.25545427203178406,resize_075,0.75
real_00514.jpeg,test,real,0,0,2.5394908398368443e-10,resize_075,0.75
real_00580.jpeg,test,real,0,0,0.0002462267584633082,resize_075,0.75
real_00202.jpeg,test,real,0,0,0.18348608911037445,resize_075,0.75
real_00402.jpeg,test,real,0,0,7.627404556842521e-06,resize_075,0.75
real_00057.jpeg,test,real,0,0,0.006801892071962357,resize_075,0.75
real_00007.jpeg,test,real,0,0,0.4038247764110565,resize_075,0.75
real_00388.jpeg,test,real,0,0,0.416727751493454,resize_075,0.75
real_00016.jpeg,test,real,0,0,0.007357599213719368,resize_075,0.75
real_00506.jpeg,test,real,0,1,0.7595734596252441,resize_075,0.75
real_00028.jpeg,test,real,0,0,0.02350413240492344,resize_075,0.75
real_00572.jpeg,test,real,0,1,0.7116192579269409,resize_075,0.75
real_00381.jpeg,test,real,0,1,0.6739292144775391,resize_075,0.75
real_00268.jpeg,test,real,0,0,0.17036622762680054,resize_075,0.75
real_00512.jpeg,test,real,0,0,0.2885936200618744,resize_075,0.75
real_00006.jpeg,test,real,0,1,0.9894429445266724,resize_075,0.75
real_00289.jpeg,test,real,0,0,0.09125347435474396,resize_075,0.75
real_00519.jpeg,test,real,0,0,0.023606328293681145,resize_075,0.75
real_00252.jpeg,test,real,0,0,0.07537931203842163,resize_075,0.75
real_00211.jpeg,test,real,0,0,0.002135689603164792,resize_075,0.75
real_00147.jpeg,test,real,0,0,0.12097059190273285,resize_075,0.75
real_00181.jpeg,test,real,0,1,0.9972502589225769,resize_075,0.75
real_00458.jpeg,test,real,0,0,0.013382929377257824,resize_075,0.75
real_00329.jpeg,test,real,0,0,7.265993190230802e-06,resize_075,0.75
real_00545.jpeg,test,real,0,0,0.04344158619642258,resize_075,0.75
real_00568.jpeg,test,real,0,0,0.28983375430107117,resize_075,0.75
real_00031.jpeg,test,real,0,0,0.04328475147485733,resize_075,0.75
real_00171.jpeg,test,real,0,0,0.0006980972830206156,resize_075,0.75
real_00320.jpeg,test,real,0,0,0.005756009835749865,resize_075,0.75
real_00083.jpeg,test,real,0,0,0.00297243962995708,resize_075,0.75
real_00012.jpeg,test,real,0,1,0.9477472901344299,resize_075,0.75
real_00357.jpeg,test,real,0,1,0.7031211256980896,resize_075,0.75
real_00346.jpeg,test,real,0,0,0.05425194278359413,resize_075,0.75
real_00450.jpeg,test,real,0,1,0.9131787419319153,resize_075,0.75
real_00356.jpeg,test,real,0,0,0.16644734144210815,resize_075,0.75
real_00594.jpeg,test,real,0,0,0.053067538887262344,resize_075,0.75
real_00048.jpeg,test,real,0,0,0.38775625824928284,resize_075,0.75
real_00158.jpeg,test,real,0,0,0.009648513048887253,resize_075,0.75
real_00521.jpeg,test,real,0,0,0.29366248846054077,resize_075,0.75
real_00285.jpeg,test,real,0,0,0.22892361879348755,resize_075,0.75
real_00270.jpeg,test,real,0,0,0.0007249576738104224,resize_075,0.75
real_00533.jpeg,test,real,0,0,0.16684716939926147,resize_075,0.75
real_00494.jpeg,test,real,0,0,0.04047546908259392,resize_075,0.75
real_00317.jpeg,test,real,0,0,0.4448390603065491,resize_075,0.75
real_00296.jpeg,test,real,0,0,0.003801029408350587,resize_075,0.75
real_00237.jpeg,test,real,0,0,0.0005744482623413205,resize_075,0.75
real_00242.jpeg,test,real,0,0,0.3239835202693939,resize_075,0.75
real_00584.jpeg,test,real,0,1,0.9936438798904419,resize_075,0.75
real_00570.jpeg,test,real,0,0,0.19022251665592194,resize_075,0.75
real_00133.jpeg,test,real,0,0,0.1224847137928009,resize_075,0.75
real_00047.jpeg,test,real,0,0,0.0011263835476711392,resize_075,0.75
real_00480.jpeg,test,real,0,0,0.09803757071495056,resize_075,0.75
real_00210.jpeg,test,real,0,0,0.0025504755321890116,resize_075,0.75
real_00301.jpeg,test,real,0,1,0.5187931060791016,resize_075,0.75
real_00574.jpeg,test,real,0,0,0.29062849283218384,resize_075,0.75
real_00134.jpeg,test,real,0,1,0.7205891609191895,resize_075,0.75
real_00597.jpeg,test,real,0,1,0.9872105121612549,resize_075,0.75
real_00281.jpeg,test,real,0,1,0.9265181422233582,resize_075,0.75
real_00332.jpeg,test,real,0,0,0.24810972809791565,resize_075,0.75
real_00415.jpeg,test,real,0,0,0.0012943865731358528,resize_075,0.75
real_00093.jpeg,test,real,0,0,0.2783454358577728,resize_075,0.75
real_00526.jpeg,test,real,0,0,3.1396102713188156e-05,resize_075,0.75
real_00259.jpeg,test,real,0,0,0.0005362934898585081,resize_075,0.75
real_00128.jpeg,test,real,0,1,0.5050825476646423,resize_075,0.75
real_00173.jpeg,test,real,0,0,0.007802281994372606,resize_075,0.75
real_00005.jpeg,test,real,0,0,1.3308830482117173e-08,resize_075,0.75
real_00532.jpeg,test,real,0,1,0.9900896549224854,resize_075,0.75
real_00061.jpeg,test,real,0,0,0.05477176979184151,resize_075,0.75
real_00313.jpeg,test,real,0,0,0.0015488910721614957,resize_075,0.75
real_00130.jpeg,test,real,0,0,0.0020023840479552746,resize_075,0.75
real_00454.jpeg,test,real,0,0,0.0034926559310406446,resize_075,0.75
real_00204.jpeg,test,real,0,0,0.10055173188447952,resize_075,0.75
real_00337.jpeg,test,real,0,1,0.5811453461647034,resize_075,0.75
real_00195.jpeg,test,real,0,0,0.014831559732556343,resize_075,0.75
real_00187.jpeg,test,real,0,0,1.8412840290693566e-05,resize_075,0.75
real_00489.jpeg,test,real,0,0,2.9485956929420354e-06,resize_075,0.75
real_00385.jpeg,test,real,0,0,0.10061038285493851,resize_075,0.75
real_00221.jpeg,test,real,0,0,0.00043099443428218365,resize_075,0.75
real_00027.jpeg,test,real,0,1,0.9542892575263977,resize_075,0.75
real_00022.jpeg,test,real,0,0,0.0009893326787278056,resize_075,0.75
real_00331.jpeg,test,real,0,1,0.6657737493515015,resize_075,0.75
real_00159.jpeg,test,real,0,0,7.439633918693289e-06,resize_075,0.75
real_00068.jpeg,test,real,0,0,0.20885619521141052,resize_075,0.75
real_00127.jpeg,test,real,0,0,4.100146725249942e-06,resize_075,0.75
real_00420.jpeg,test,real,0,1,0.8767423629760742,resize_075,0.75
real_00510.jpeg,test,real,0,0,0.0267765112221241,resize_075,0.75
real_00106.jpeg,test,real,0,0,0.13353084027767181,resize_075,0.75
real_00599.jpeg,test,real,0,0,0.018322130665183067,resize_075,0.75
real_00419.jpeg,test,real,0,0,0.0013110258150845766,resize_075,0.75
real_00286.jpeg,test,real,0,1,0.891714870929718,resize_075,0.75
real_00341.jpeg,test,real,0,0,0.21931147575378418,resize_075,0.75
real_00263.jpeg,test,real,0,0,0.03737883269786835,resize_075,0.75
real_00255.jpeg,test,real,0,1,0.9397509694099426,resize_075,0.75
real_00335.jpeg,test,real,0,0,0.05881025642156601,resize_075,0.75
real_00174.jpeg,test,real,0,0,0.008289750665426254,resize_075,0.75
real_00243.jpeg,test,real,0,0,0.38633978366851807,resize_075,0.75
real_00140.jpeg,test,real,0,1,0.6769237518310547,resize_075,0.75
real_00582.jpeg,test,real,0,0,0.08129874616861343,resize_075,0.75
real_00542.jpeg,test,real,0,1,0.926386833190918,resize_075,0.75
real_00547.jpeg,test,real,0,0,0.002424221020191908,resize_075,0.75
real_00287.jpeg,test,real,0,1,0.9745644330978394,resize_075,0.75
real_00144.jpeg,test,real,0,0,0.16618499159812927,resize_075,0.75
real_00214.jpeg,test,real,0,0,0.0065816789865493774,resize_075,0.75
real_00234.jpeg,test,real,0,1,0.8964349627494812,resize_075,0.75
real_00595.jpeg,test,real,0,0,0.003218752332031727,resize_075,0.75
real_00075.jpeg,test,real,0,0,5.361257215952264e-09,resize_075,0.75
real_00295.jpeg,test,real,0,0,0.3572932183742523,resize_075,0.75
real_00070.jpeg,test,real,0,0,0.03627178072929382,resize_075,0.75
real_00148.jpeg,test,real,0,0,9.723345283418894e-05,resize_075,0.75
real_00491.jpeg,test,real,0,1,0.9496099948883057,resize_075,0.75
real_00090.jpeg,test,real,0,0,0.0033207053784281015,resize_075,0.75
real_00063.jpeg,test,real,0,0,0.3349589407444,resize_075,0.75
real_00334.jpeg,test,real,0,1,0.744427502155304,resize_075,0.75
real_00530.jpeg,test,real,0,0,0.052472278475761414,resize_075,0.75
real_00069.jpeg,test,real,0,0,0.0901598185300827,resize_075,0.75
real_00109.jpeg,test,real,0,0,0.13489562273025513,resize_075,0.75
real_00321.jpeg,test,real,0,1,0.5900060534477234,resize_075,0.75
real_00126.jpeg,test,real,0,0,0.4993863105773926,resize_075,0.75
real_00358.jpeg,test,real,0,1,0.9715008735656738,resize_075,0.75
real_00364.jpeg,test,real,0,0,0.0019431490218266845,resize_075,0.75
real_00209.jpeg,test,real,0,0,0.058984965085983276,resize_075,0.75
real_00292.jpeg,test,real,0,1,0.5746123194694519,resize_075,0.75
real_00473.jpeg,test,real,0,0,0.1675196886062622,resize_075,0.75
real_00367.jpeg,test,real,0,0,0.0018895395332947373,resize_075,0.75
real_00228.jpeg,test,real,0,0,0.02291923575103283,resize_075,0.75
real_00463.jpeg,test,real,0,0,0.0004789752420037985,resize_075,0.75
real_00529.jpeg,test,real,0,1,0.9899939894676208,resize_075,0.75
real_00376.jpeg,test,real,0,0,0.00011798510240623727,resize_075,0.75
real_00089.jpeg,test,real,0,0,0.2983859181404114,resize_075,0.75
real_00409.jpeg,test,real,0,0,0.0003535776340868324,resize_075,0.75
real_00456.jpeg,test,real,0,0,0.025404267013072968,resize_075,0.75
real_00378.jpeg,test,real,0,0,0.19369664788246155,resize_075,0.75
real_00596.jpeg,test,real,0,0,0.2660771906375885,resize_075,0.75
real_00477.jpeg,test,real,0,0,0.3358284831047058,resize_075,0.75
real_00261.jpeg,test,real,0,0,0.00780885573476553,resize_075,0.75
real_00273.jpeg,test,real,0,0,0.35608088970184326,resize_075,0.75
real_00100.jpeg,test,real,0,0,5.4353936462803176e-08,resize_075,0.75
real_00080.jpeg,test,real,0,0,0.0003268449509050697,resize_075,0.75
real_00009.jpeg,test,real,0,1,0.9457947015762329,resize_075,0.75
real_00167.jpeg,test,real,0,0,1.9290309865027666e-05,resize_075,0.75
real_00571.jpeg,test,real,0,1,0.9838972687721252,resize_075,0.75
real_00218.jpeg,test,real,0,0,0.0008813898894004524,resize_075,0.75
real_00355.jpeg,test,real,0,0,0.27413409948349,resize_075,0.75
real_00406.jpeg,test,real,0,0,0.31170937418937683,resize_075,0.75
real_00302.jpeg,test,real,0,0,0.37116122245788574,resize_075,0.75
real_00010.jpeg,test,real,0,1,0.8715123534202576,resize_075,0.75
real_00405.jpeg,test,real,0,0,0.004370041657239199,resize_075,0.75
real_00447.jpeg,test,real,0,0,0.015787584707140923,resize_075,0.75
real_00379.jpeg,test,real,0,0,0.015679212287068367,resize_075,0.75
real_00319.jpeg,test,real,0,1,0.794363796710968,resize_075,0.75
real_00543.jpeg,test,real,0,1,0.9834753274917603,resize_075,0.75
real_00539.jpeg,test,real,0,0,0.2615552246570587,resize_075,0.75
real_00579.jpeg,test,real,0,0,0.20240680873394012,resize_075,0.75
real_00459.jpeg,test,real,0,1,0.9476052522659302,resize_075,0.75
real_00587.jpeg,test,real,0,0,0.0005864880513399839,resize_075,0.75
real_00114.jpeg,test,real,0,0,0.009219643659889698,resize_075,0.75
real_00479.jpeg,test,real,0,0,0.0010741256410256028,resize_075,0.75
real_00488.jpeg,test,real,0,1,0.9990555644035339,resize_075,0.75
real_00360.jpeg,test,real,0,0,0.0010728748748078942,resize_075,0.75
real_00363.jpeg,test,real,0,0,0.31411969661712646,resize_075,0.75
real_00350.jpeg,test,real,0,0,3.853231646644417e-06,resize_075,0.75
real_00441.jpeg,test,real,0,1,0.956292450428009,resize_075,0.75
real_00003.jpeg,test,real,0,1,0.6358553171157837,resize_075,0.75
real_00217.jpeg,test,real,0,0,0.0008007010910660028,resize_075,0.75
real_00465.jpeg,test,real,0,1,0.9996050000190735,resize_075,0.75
real_00442.jpeg,test,real,0,0,0.1505952924489975,resize_075,0.75
real_00233.jpeg,test,real,0,0,0.02078288048505783,resize_075,0.75
real_00161.jpeg,test,real,0,0,0.34256574511528015,resize_075,0.75
real_00412.jpeg,test,real,0,1,0.9987861514091492,resize_075,0.75
real_00468.jpeg,test,real,0,0,0.3315376937389374,resize_075,0.75
real_00125.jpeg,test,real,0,1,0.5405294895172119,resize_075,0.75
real_00186.jpeg,test,real,0,0,0.00033544955658726394,resize_075,0.75
real_00172.jpeg,test,real,0,0,0.004663057159632444,resize_075,0.75
real_00467.jpeg,test,real,0,0,0.07182109355926514,resize_075,0.75
real_00323.jpeg,test,real,0,0,0.000891740492079407,resize_075,0.75
real_00203.jpeg,test,real,0,0,0.01102596428245306,resize_075,0.75
real_00552.jpeg,test,real,0,0,0.2427268922328949,resize_075,0.75
real_00034.jpeg,test,real,0,0,0.04520256444811821,resize_075,0.75
real_00142.jpeg,test,real,0,0,0.34918850660324097,resize_075,0.75
real_00059.jpeg,test,real,0,0,0.09776496142148972,resize_075,0.75
real_00021.jpeg,test,real,0,0,0.1673787385225296,resize_075,0.75
real_00525.jpeg,test,real,0,0,0.025580476969480515,resize_075,0.75
real_00275.jpeg,test,real,0,0,0.41963860392570496,resize_075,0.75
real_00430.jpeg,test,real,0,0,0.0010008505778387189,resize_075,0.75
real_00349.jpeg,test,real,0,0,1.3856030818715226e-05,resize_075,0.75
real_00373.jpeg,test,real,0,1,0.9685720801353455,resize_075,0.75
real_00078.jpeg,test,real,0,0,0.020295068621635437,resize_075,0.75
real_00437.jpeg,test,real,0,0,2.6972003979608417e-05,resize_075,0.75
real_00520.jpeg,test,real,0,0,0.008857827633619308,resize_075,0.75
real_00564.jpeg,test,real,0,0,0.2592024803161621,resize_075,0.75
real_00578.jpeg,test,real,0,0,0.27863767743110657,resize_075,0.75
real_00225.jpeg,test,real,0,0,0.008545251563191414,resize_075,0.75
real_00232.jpeg,test,real,0,0,0.2022363692522049,resize_075,0.75
real_00194.jpeg,test,real,0,0,1.3791095909709838e-07,resize_075,0.75
real_00278.jpeg,test,real,0,0,0.0020149957854300737,resize_075,0.75
real_00168.jpeg,test,real,0,0,0.0003111362748313695,resize_075,0.75
real_00145.jpeg,test,real,0,1,0.9955410361289978,resize_075,0.75
real_00495.jpeg,test,real,0,0,9.98358300421387e-05,resize_075,0.75
real_00236.jpeg,test,real,0,0,0.05712592229247093,resize_075,0.75
real_00121.jpeg,test,real,0,0,0.08949818462133408,resize_075,0.75
real_00455.jpeg,test,real,0,1,0.8573511242866516,resize_075,0.75
real_00177.jpeg,test,real,0,1,0.7103906273841858,resize_075,0.75
real_00485.jpeg,test,real,0,0,0.011423529125750065,resize_075,0.75
real_00136.jpeg,test,real,0,0,0.32882848381996155,resize_075,0.75
real_00054.jpeg,test,real,0,0,0.021350746974349022,resize_075,0.75
real_00470.jpeg,test,real,0,0,0.08587554842233658,resize_075,0.75
real_00118.jpeg,test,real,0,0,5.855080871697282e-06,resize_075,0.75
real_00153.jpeg,test,real,0,0,0.014228062704205513,resize_075,0.75
real_00384.jpeg,test,real,0,0,0.02356092445552349,resize_075,0.75
real_00115.jpeg,test,real,0,0,0.0036780338268727064,resize_075,0.75
real_00101.jpeg,test,real,0,0,0.12046203762292862,resize_075,0.75
real_00327.jpeg,test,real,0,0,0.35477110743522644,resize_075,0.75
real_00164.jpeg,test,real,0,0,0.015433201566338539,resize_075,0.75
real_00538.jpeg,test,real,0,0,0.004745424725115299,resize_075,0.75
real_00049.jpeg,test,real,0,0,0.3058522045612335,resize_075,0.75
real_00544.jpeg,test,real,0,0,0.03675249591469765,resize_075,0.75
real_00154.jpeg,test,real,0,0,0.00015171398990787566,resize_075,0.75
real_00215.jpeg,test,real,0,1,0.723800539970398,resize_075,0.75
real_00124.jpeg,test,real,0,0,0.03500920906662941,resize_075,0.75
real_00223.jpeg,test,real,0,0,0.19413676857948303,resize_075,0.75
real_00065.jpeg,test,real,0,1,0.9998206496238708,resize_075,0.75
real_00282.jpeg,test,real,0,0,0.002131965709850192,resize_075,0.75
real_00267.jpeg,test,real,0,0,0.02581873908638954,resize_075,0.75
real_00343.jpeg,test,real,0,0,0.17669950425624847,resize_075,0.75
real_00421.jpeg,test,real,0,0,7.523559020228276e-08,resize_075,0.75
real_00531.jpeg,test,real,0,0,0.0029591924976557493,resize_075,0.75
real_00575.jpeg,test,real,0,0,0.0074827768839895725,resize_075,0.75
real_00290.jpeg,test,real,0,0,0.014791973866522312,resize_075,0.75
real_00336.jpeg,test,real,0,0,4.299805368646048e-05,resize_075,0.75
real_00306.jpeg,test,real,0,0,0.20177611708641052,resize_075,0.75
real_00231.jpeg,test,real,0,0,0.020237721502780914,resize_075,0.75
real_00002.jpeg,test,real,0,0,0.31088024377822876,resize_075,0.75
real_00504.jpeg,test,real,0,0,0.037948597222566605,resize_075,0.75
real_00536.jpeg,test,real,0,0,0.3852579891681671,resize_075,0.75
real_00362.jpeg,test,real,0,0,0.004091855138540268,resize_075,0.75
real_00199.jpeg,test,real,0,0,0.017413750290870667,resize_075,0.75
real_00023.jpeg,test,real,0,0,0.0010972301242873073,resize_075,0.75
real_00433.jpeg,test,real,0,1,0.6211846470832825,resize_075,0.75
real_00484.jpeg,test,real,0,1,0.7567653059959412,resize_075,0.75
real_00110.jpeg,test,real,0,0,0.00010383163316873834,resize_075,0.75
real_00305.jpeg,test,real,0,1,0.7847428917884827,resize_075,0.75
real_00352.jpeg,test,real,0,1,0.9143996238708496,resize_075,0.75
real_00256.jpeg,test,real,0,0,0.41790059208869934,resize_075,0.75
real_00404.jpeg,test,real,0,1,0.8478602170944214,resize_075,0.75
real_00523.jpeg,test,real,0,0,0.22776468098163605,resize_075,0.75
real_00513.jpeg,test,real,0,0,0.39935049414634705,resize_075,0.75
real_00108.jpeg,test,real,0,0,0.030036743730306625,resize_075,0.75
real_00119.jpeg,test,real,0,0,0.4474226236343384,resize_075,0.75
real_00511.jpeg,test,real,0,0,0.1337585747241974,resize_075,0.75
real_00073.jpeg,test,real,0,0,3.311972420760867e-07,resize_075,0.75
real_00469.jpeg,test,real,0,0,0.019075090065598488,resize_075,0.75
real_00035.jpeg,test,real,0,0,2.2745159640180646e-06,resize_075,0.75
real_00427.jpeg,test,real,0,0,0.0003522983752191067,resize_075,0.75
real_00000.jpeg,test,real,0,0,0.006383848842233419,resize_075,0.75
real_00066.jpeg,test,real,0,0,0.007208846043795347,resize_075,0.75
real_00052.jpeg,test,real,0,0,7.98460459918715e-05,resize_075,0.75
real_00483.jpeg,test,real,0,0,4.869915574090555e-05,resize_075,0.75
real_00020.jpeg,test,real,0,1,0.9538454413414001,resize_075,0.75
real_00540.jpeg,test,real,0,0,0.019436907023191452,resize_075,0.75
real_00383.jpeg,test,real,0,0,0.0011960359988734126,resize_075,0.75
real_00129.jpeg,test,real,0,0,0.003745693014934659,resize_075,0.75
real_00505.jpeg,test,real,0,0,9.221888142008083e-09,resize_075,0.75
real_00517.jpeg,test,real,0,0,0.019693344831466675,resize_075,0.75
real_00291.jpeg,test,real,0,0,0.0022804096806794405,resize_075,0.75
real_00328.jpeg,test,real,0,1,0.9089434146881104,resize_075,0.75
real_00082.jpeg,test,real,0,0,1.7546913113619667e-06,resize_075,0.75
real_00413.jpeg,test,real,0,0,0.42930421233177185,resize_075,0.75
real_00201.jpeg,test,real,0,0,0.05037922039628029,resize_075,0.75
real_00422.jpeg,test,real,0,1,0.8041256070137024,resize_075,0.75
real_00481.jpeg,test,real,0,1,0.9967800974845886,resize_075,0.75
real_00249.jpeg,test,real,0,0,0.0009863130981102586,resize_075,0.75
real_00591.jpeg,test,real,0,1,0.9751458168029785,resize_075,0.75
real_00103.jpeg,test,real,0,0,0.29663366079330444,resize_075,0.75
real_00058.jpeg,test,real,0,0,0.00020426018454600126,resize_075,0.75
real_00029.jpeg,test,real,0,1,0.9158517718315125,resize_075,0.75
real_00551.jpeg,test,real,0,0,0.06597088277339935,resize_075,0.75
real_00453.jpeg,test,real,0,1,1.0,resize_075,0.75
real_00041.jpeg,test,real,0,0,0.0035688315983861685,resize_075,0.75
real_00316.jpeg,test,real,0,0,0.01582702063024044,resize_075,0.75
real_00449.jpeg,test,real,0,0,0.015639228746294975,resize_075,0.75
real_00198.jpeg,test,real,0,0,0.0373687669634819,resize_075,0.75
real_00310.jpeg,test,real,0,0,0.202101469039917,resize_075,0.75
real_00205.jpeg,test,real,0,0,0.005127994809299707,resize_075,0.75
real_00011.jpeg,test,real,0,0,0.23857876658439636,resize_075,0.75
real_00556.jpeg,test,real,0,0,0.29886817932128906,resize_075,0.75
real_00294.jpeg,test,real,0,0,0.0025021370965987444,resize_075,0.75
real_00112.jpeg,test,real,0,1,0.9882979989051819,resize_075,0.75
real_00170.jpeg,test,real,0,0,0.0026522749103605747,resize_075,0.75
real_00569.jpeg,test,real,0,0,4.810842438018881e-05,resize_075,0.75
real_00318.jpeg,test,real,0,0,0.004903809167444706,resize_075,0.75
real_00397.jpeg,test,real,0,0,0.001074821688234806,resize_075,0.75
real_00014.jpeg,test,real,0,0,0.32670342922210693,resize_075,0.75
real_00196.jpeg,test,real,0,0,3.506452466166439e-14,resize_075,0.75
real_00191.jpeg,test,real,0,1,0.7866596579551697,resize_075,0.75
real_00192.jpeg,test,real,0,0,0.0002677494485396892,resize_075,0.75
real_00353.jpeg,test,real,0,1,0.8061731457710266,resize_075,0.75
real_00254.jpeg,test,real,0,0,0.0002623763866722584,resize_075,0.75
real_00169.jpeg,test,real,0,0,0.0014207622734829783,resize_075,0.75
real_00370.jpeg,test,real,0,0,2.6958300036739047e-09,resize_075,0.75
real_00004.jpeg,test,real,0,0,0.2174719274044037,resize_075,0.75
real_00368.jpeg,test,real,0,0,0.4036273658275604,resize_075,0.75
real_00417.jpeg,test,real,0,1,0.8575175404548645,resize_075,0.75
real_00333.jpeg,test,real,0,0,0.09602370858192444,resize_075,0.75
real_00123.jpeg,test,real,0,0,0.06642540544271469,resize_075,0.75
real_00380.jpeg,test,real,0,1,0.5341417193412781,resize_075,0.75
real_00179.jpeg,test,real,0,0,0.026800399646162987,resize_075,0.75
real_00400.jpeg,test,real,0,0,0.014849224127829075,resize_075,0.75
real_00369.jpeg,test,real,0,1,0.7616446614265442,resize_075,0.75
real_00051.jpeg,test,real,0,1,0.8450136184692383,resize_075,0.75
real_00097.jpeg,test,real,0,0,5.5580062507942785e-06,resize_075,0.75
real_00515.jpeg,test,real,0,0,0.22559310495853424,resize_075,0.75
real_00446.jpeg,test,real,0,0,0.07738427817821503,resize_075,0.75
real_00155.jpeg,test,real,0,0,0.045021310448646545,resize_075,0.75
real_00277.jpeg,test,real,0,0,0.002562744775786996,resize_075,0.75
real_00098.jpeg,test,real,0,0,0.0003513558767735958,resize_075,0.75
real_00107.jpeg,test,real,0,1,0.8998306393623352,resize_075,0.75
real_00087.jpeg,test,real,0,0,0.00014004705008119345,resize_075,0.75
real_00565.jpeg,test,real,0,1,0.7717006206512451,resize_075,0.75
real_00280.jpeg,test,real,0,0,1.8767455912893638e-05,resize_075,0.75
real_00507.jpeg,test,real,0,0,2.938585112133296e-06,resize_075,0.75
real_00326.jpeg,test,real,0,0,0.2571537494659424,resize_075,0.75
real_00244.jpeg,test,real,0,0,3.031633166727943e-09,resize_075,0.75
real_00033.jpeg,test,real,0,0,0.04023923724889755,resize_075,0.75
real_00064.jpeg,test,real,0,0,1.620158656123749e-07,resize_075,0.75
real_00013.jpeg,test,real,0,0,1.3211462146500708e-07,resize_075,0.75
real_00183.jpeg,test,real,0,0,0.23864339292049408,resize_075,0.75
real_00030.jpeg,test,real,0,0,0.1366884708404541,resize_075,0.75
real_00474.jpeg,test,real,0,0,0.010875498875975609,resize_075,0.75
real_00558.jpeg,test,real,0,0,0.2250872403383255,resize_075,0.75
real_00088.jpeg,test,real,0,0,0.0822971910238266,resize_075,0.75
real_00436.jpeg,test,real,0,1,0.7450745701789856,resize_075,0.75
real_00518.jpeg,test,real,0,0,0.0009409923222847283,resize_075,0.75
real_00111.jpeg,test,real,0,0,0.0003675770713016391,resize_075,0.75
real_00122.jpeg,test,real,0,1,0.90826016664505,resize_075,0.75
real_00461.jpeg,test,real,0,0,0.13125979900360107,resize_075,0.75
real_00239.jpeg,test,real,0,0,0.0015257913619279861,resize_075,0.75
real_00408.jpeg,test,real,0,0,0.0007247349130921066,resize_075,0.75
real_00460.jpeg,test,real,0,0,0.06851828843355179,resize_075,0.75
real_00138.jpeg,test,real,0,0,0.02174229547381401,resize_075,0.75
real_00429.jpeg,test,real,0,0,0.0020299984607845545,resize_075,0.75
real_00462.jpeg,test,real,0,0,2.1810342420991446e-10,resize_075,0.75
real_00113.jpeg,test,real,0,1,0.8075123429298401,resize_075,0.75
real_00391.jpeg,test,real,0,0,0.00022792919480707496,resize_075,0.75
real_00303.jpeg,test,real,0,0,6.188001862028614e-05,resize_075,0.75
real_00592.jpeg,test,real,0,0,6.277631545018383e-14,resize_075,0.75
real_00157.jpeg,test,real,0,0,0.033338990062475204,resize_075,0.75
real_00475.jpeg,test,real,0,0,0.0017637996934354305,resize_075,0.75
real_00071.jpeg,test,real,0,1,0.8312721252441406,resize_075,0.75
real_00235.jpeg,test,real,0,0,0.019686240702867508,resize_075,0.75
real_00067.jpeg,test,real,0,0,0.0027335055638104677,resize_075,0.75
real_00502.jpeg,test,real,0,0,0.01739404909312725,resize_075,0.75
real_00099.jpeg,test,real,0,0,0.43625691533088684,resize_075,0.75
real_00508.jpeg,test,real,0,0,0.006151222158223391,resize_075,0.75
real_00036.jpeg,test,real,0,0,0.018140017986297607,resize_075,0.75
real_00149.jpeg,test,real,0,0,1.5906276473742764e-07,resize_075,0.75
real_00220.jpeg,test,real,0,0,0.0022747553884983063,resize_075,0.75
real_00418.jpeg,test,real,0,0,0.008209336549043655,resize_075,0.75
real_00466.jpeg,test,real,0,0,0.4075513482093811,resize_075,0.75
real_00120.jpeg,test,real,0,0,0.13554729521274567,resize_075,0.75
real_00139.jpeg,test,real,0,0,0.2986818850040436,resize_075,0.75
real_00589.jpeg,test,real,0,1,0.9971035122871399,resize_075,0.75
real_00276.jpeg,test,real,0,0,0.11299882084131241,resize_075,0.75
real_00377.jpeg,test,real,0,0,0.27821084856987,resize_075,0.75
real_00175.jpeg,test,real,0,0,0.258372038602829,resize_075,0.75
real_00001.jpeg,test,real,0,1,0.8498020768165588,resize_075,0.75
real_00424.jpeg,test,real,0,0,0.0006530239479616284,resize_075,0.75
real_00197.jpeg,test,real,0,0,0.0014229145599529147,resize_075,0.75
real_00246.jpeg,test,real,0,0,0.01834724098443985,resize_075,0.75
real_00325.jpeg,test,real,0,0,0.07730238139629364,resize_075,0.75
real_00150.jpeg,test,real,0,0,4.972812348569278e-07,resize_075,0.75
real_00501.jpeg,test,real,0,0,0.0025265119038522243,resize_075,0.75
real_00428.jpeg,test,real,0,0,0.116222083568573,resize_075,0.75
real_00222.jpeg,test,real,0,1,0.6824822425842285,resize_075,0.75
real_00045.jpeg,test,real,0,0,0.06319956481456757,resize_075,0.75
real_00338.jpeg,test,real,0,0,0.0012290809536352754,resize_075,0.75
real_00390.jpeg,test,real,0,0,0.006707226391881704,resize_075,0.75
real_00062.jpeg,test,real,0,1,0.99580317735672,resize_075,0.75
real_00426.jpeg,test,real,0,0,0.01514417864382267,resize_075,0.75
real_00247.jpeg,test,real,0,0,0.1980935037136078,resize_075,0.75
real_00152.jpeg,test,real,0,0,0.024489620700478554,resize_075,0.75
real_00156.jpeg,test,real,0,0,0.0033473470248281956,resize_075,0.75
real_00084.jpeg,test,real,0,1,0.939513623714447,resize_075,0.75
real_00212.jpeg,test,real,0,0,0.21568146347999573,resize_075,0.75
real_00184.jpeg,test,real,0,0,0.09532976150512695,resize_075,0.75
real_00309.jpeg,test,real,0,0,0.009684964083135128,resize_075,0.75
real_00423.jpeg,test,real,0,1,0.5774628520011902,resize_075,0.75
real_00095.jpeg,test,real,0,0,0.0022447274532169104,resize_075,0.75
real_00264.jpeg,test,real,0,0,0.05934540927410126,resize_075,0.75
real_00105.jpeg,test,real,0,0,0.10216476768255234,resize_075,0.75
real_00024.jpeg,test,real,0,0,1.1391829502827022e-05,resize_075,0.75
real_00293.jpeg,test,real,0,0,7.785975321894512e-05,resize_075,0.75
real_00311.jpeg,test,real,0,0,0.19814935326576233,resize_075,0.75
real_00032.jpeg,test,real,0,0,0.3306858539581299,resize_075,0.75
real_00374.jpeg,test,real,0,0,0.001279557473026216,resize_075,0.75
real_00492.jpeg,test,real,0,0,0.02722238004207611,resize_075,0.75
real_00162.jpeg,test,real,0,0,0.14481739699840546,resize_075,0.75
real_00588.jpeg,test,real,0,0,0.00724820839241147,resize_075,0.75
real_00411.jpeg,test,real,0,0,0.030388766899704933,resize_075,0.75
real_00241.jpeg,test,real,0,0,0.2770859897136688,resize_075,0.75
real_00432.jpeg,test,real,0,0,0.4483175575733185,resize_075,0.75
real_00025.jpeg,test,real,0,0,0.09838301688432693,resize_075,0.75
real_00079.jpeg,test,real,0,1,0.9820227026939392,resize_075,0.75
real_00351.jpeg,test,real,0,0,0.3917008340358734,resize_075,0.75
real_00590.jpeg,test,real,0,0,3.742199987755157e-05,resize_075,0.75
real_00240.jpeg,test,real,0,0,0.008176370523869991,resize_075,0.75
real_00583.jpeg,test,real,0,0,0.0009619719348847866,resize_075,0.75
real_00116.jpeg,test,real,0,0,0.26521673798561096,resize_075,0.75
real_00081.jpeg,test,real,0,0,0.008155430667102337,resize_075,0.75
real_00224.jpeg,test,real,0,1,0.6007601618766785,resize_075,0.75
real_00372.jpeg,test,real,0,0,0.01732046902179718,resize_075,0.75
real_00074.jpeg,test,real,0,0,0.001316201058216393,resize_075,0.75
real_00555.jpeg,test,real,0,0,5.056383815826848e-05,resize_075,0.75
real_00399.jpeg,test,real,0,0,0.002274684142321348,resize_075,0.75
real_00308.jpeg,test,real,0,0,0.07431856542825699,resize_075,0.75
real_00132.jpeg,test,real,0,0,0.3021872639656067,resize_075,0.75
real_00478.jpeg,test,real,0,1,0.9842281341552734,resize_075,0.75
real_00435.jpeg,test,real,0,0,0.07558778673410416,resize_075,0.75
real_00072.jpeg,test,real,0,0,0.03369361534714699,resize_075,0.75
real_00037.jpeg,test,real,0,1,0.9865698218345642,resize_075,0.75
real_00272.jpeg,test,real,0,1,0.9999313354492188,resize_075,0.75
real_00102.jpeg,test,real,0,0,0.19849757850170135,resize_075,0.75
real_00044.jpeg,test,real,0,0,0.35770365595817566,resize_075,0.75
real_00546.jpeg,test,real,0,0,0.21770957112312317,resize_075,0.75
real_00146.jpeg,test,real,0,0,0.005075604654848576,resize_075,0.75
real_00361.jpeg,test,real,0,0,0.03519876301288605,resize_075,0.75
real_00498.jpeg,test,real,0,1,0.7968195080757141,resize_075,0.75
real_00567.jpeg,test,real,0,0,0.00017073663184419274,resize_075,0.75
real_00229.jpeg,test,real,0,0,0.10592281818389893,resize_075,0.75
real_00573.jpeg,test,real,0,0,0.004831885453313589,resize_075,0.75
real_00452.jpeg,test,real,0,1,0.539345920085907,resize_075,0.75
real_00258.jpeg,test,real,0,0,0.08752243965864182,resize_075,0.75
real_00581.jpeg,test,real,0,0,0.07842262089252472,resize_075,0.75
real_00340.jpeg,test,real,0,0,0.3110542893409729,resize_075,0.75
real_00516.jpeg,test,real,0,1,0.7729103565216064,resize_075,0.75
real_00524.jpeg,test,real,0,0,0.004903232213109732,resize_075,0.75
real_00554.jpeg,test,real,0,0,0.10451515763998032,resize_075,0.75
real_00299.jpeg,test,real,0,0,9.018234550239868e-07,resize_075,0.75
real_00439.jpeg,test,real,0,0,0.0030640840996056795,resize_075,0.75
real_00166.jpeg,test,real,0,0,0.0005964867887087166,resize_075,0.75
real_00392.jpeg,test,real,0,0,0.0850764736533165,resize_075,0.75
real_00086.jpeg,test,real,0,0,0.000585820758715272,resize_075,0.75
real_00537.jpeg,test,real,0,1,0.714580237865448,resize_075,0.75
real_00431.jpeg,test,real,0,0,0.002203531563282013,resize_075,0.75
real_00389.jpeg,test,real,0,0,0.1853196769952774,resize_075,0.75
real_00534.jpeg,test,real,0,0,0.00014197855489328504,resize_075,0.75
real_00541.jpeg,test,real,0,0,1.3080567669021548e-06,resize_075,0.75
real_00094.jpeg,test,real,0,1,0.9829301238059998,resize_075,0.75
real_00226.jpeg,test,real,0,0,0.003046434372663498,resize_075,0.75
real_00200.jpeg,test,real,0,0,0.020988741889595985,resize_075,0.75
real_00330.jpeg,test,real,0,0,0.09418870508670807,resize_075,0.75
real_00091.jpeg,test,real,0,1,0.9271519184112549,resize_075,0.75
real_00472.jpeg,test,real,0,0,1.1175416148034856e-06,resize_075,0.75
real_00493.jpeg,test,real,0,0,0.0005347126862034202,resize_075,0.75
real_00053.jpeg,test,real,0,0,0.0021745304111391306,resize_075,0.75
real_00298.jpeg,test,real,0,0,0.09490035474300385,resize_075,0.75
real_00366.jpeg,test,real,0,0,0.027310112491250038,resize_075,0.75
real_00182.jpeg,test,real,0,0,0.006620282772928476,resize_075,0.75
real_00490.jpeg,test,real,0,0,0.00996252428740263,resize_075,0.75
real_00593.jpeg,test,real,0,1,0.8279343247413635,resize_075,0.75
real_00137.jpeg,test,real,0,0,0.21880950033664703,resize_075,0.75
real_00314.jpeg,test,real,0,0,0.3676747679710388,resize_075,0.75
real_00471.jpeg,test,real,0,0,0.10729493945837021,resize_075,0.75
real_00365.jpeg,test,real,0,0,0.004417235031723976,resize_075,0.75
real_00042.jpeg,test,real,0,0,1.3912004988014814e-06,resize_075,0.75
real_00448.jpeg,test,real,0,1,0.9069182276725769,resize_075,0.75
real_00188.jpeg,test,real,0,0,0.00023535944637842476,resize_075,0.75
real_00245.jpeg,test,real,0,1,0.8549307584762573,resize_075,0.75
real_00509.jpeg,test,real,0,0,6.398020104825264e-06,resize_075,0.75
real_00265.jpeg,test,real,0,0,0.015170948579907417,resize_075,0.75
real_00443.jpeg,test,real,0,0,0.02351798117160797,resize_075,0.75
real_00284.jpeg,test,real,0,0,0.04267025366425514,resize_075,0.75
real_00386.jpeg,test,real,0,0,0.0012895039981231093,resize_075,0.75
real_00548.jpeg,test,real,0,0,3.913958607881796e-06,resize_075,0.75
real_00487.jpeg,test,real,0,0,0.0035177660174667835,resize_075,0.75
real_00549.jpeg,test,real,0,1,0.9659777879714966,resize_075,0.75
real_00315.jpeg,test,real,0,0,0.004200063645839691,resize_075,0.75
real_00464.jpeg,test,real,0,0,0.02845020592212677,resize_075,0.75
midjourney_00068.png,test,midjourney,1,0,0.016369326040148735,resize_075,0.75
vqdm_00062.png,test,vqdm,1,1,0.9999998807907104,resize_075,0.75
adm_00019.png,test,adm,1,1,0.9999258518218994,resize_075,0.75
midjourney_00077.png,test,midjourney,1,0,0.0013540488434955478,resize_075,0.75
adm_00074.png,test,adm,1,1,0.9999997615814209,resize_075,0.75
wukong_00038.png,test,wukong,1,1,0.9999715089797974,resize_075,0.75
biggan_00049.png,test,biggan,1,1,0.9965820908546448,resize_075,0.75
midjourney_00036.png,test,midjourney,1,1,0.6978557705879211,resize_075,0.75
glide_00074.png,test,glide,1,1,0.9999926090240479,resize_075,0.75
sdv5_00043.png,test,sdv5,1,0,0.4392590820789337,resize_075,0.75
wukong_00067.png,test,wukong,1,1,0.9955763816833496,resize_075,0.75
vqdm_00041.png,test,vqdm,1,1,0.9999964237213135,resize_075,0.75
wukong_00066.png,test,wukong,1,0,0.2966901659965515,resize_075,0.75
vqdm_00061.png,test,vqdm,1,1,1.0,resize_075,0.75
biggan_00010.png,test,biggan,1,1,1.0,resize_075,0.75
midjourney_00011.png,test,midjourney,1,1,0.9998601675033569,resize_075,0.75
adm_00067.png,test,adm,1,1,0.9999998807907104,resize_075,0.75
adm_00063.png,test,adm,1,1,0.9999966621398926,resize_075,0.75
wukong_00015.png,test,wukong,1,1,0.9835581183433533,resize_075,0.75
vqdm_00004.png,test,vqdm,1,1,0.9990900754928589,resize_075,0.75
midjourney_00005.png,test,midjourney,1,1,0.6009161472320557,resize_075,0.75
adm_00014.png,test,adm,1,1,1.0,resize_075,0.75
glide_00069.png,test,glide,1,1,1.0,resize_075,0.75
vqdm_00010.png,test,vqdm,1,1,1.0,resize_075,0.75
sdv5_00046.png,test,sdv5,1,1,0.9997802376747131,resize_075,0.75
wukong_00023.png,test,wukong,1,1,0.9783759117126465,resize_075,0.75
midjourney_00074.png,test,midjourney,1,1,0.9190950393676758,resize_075,0.75
midjourney_00039.png,test,midjourney,1,1,0.9489067196846008,resize_075,0.75
vqdm_00024.png,test,vqdm,1,1,1.0,resize_075,0.75
wukong_00075.png,test,wukong,1,1,0.9499821066856384,resize_075,0.75
biggan_00050.png,test,biggan,1,1,1.0,resize_075,0.75
midjourney_00059.png,test,midjourney,1,1,0.8642776608467102,resize_075,0.75
biggan_00029.png,test,biggan,1,1,1.0,resize_075,0.75
sdv5_00039.png,test,sdv5,1,1,0.9991212487220764,resize_075,0.75
glide_00061.png,test,glide,1,1,0.8138918280601501,resize_075,0.75
biggan_00012.png,test,biggan,1,1,0.9999996423721313,resize_075,0.75
biggan_00080.png,test,biggan,1,1,1.0,resize_075,0.75
glide_00053.png,test,glide,1,1,0.9994611144065857,resize_075,0.75
vqdm_00006.png,test,vqdm,1,1,0.9999581575393677,resize_075,0.75
adm_00023.png,test,adm,1,1,1.0,resize_075,0.75
sdv5_00054.png,test,sdv5,1,1,0.9998812675476074,resize_075,0.75
midjourney_00021.png,test,midjourney,1,1,0.9964951872825623,resize_075,0.75
vqdm_00065.png,test,vqdm,1,1,0.9053488969802856,resize_075,0.75
biggan_00055.png,test,biggan,1,1,0.9999903440475464,resize_075,0.75
wukong_00003.png,test,wukong,1,1,0.9998268485069275,resize_075,0.75
biggan_00022.png,test,biggan,1,1,0.9997579455375671,resize_075,0.75
biggan_00081.png,test,biggan,1,1,0.7909549474716187,resize_075,0.75
vqdm_00049.png,test,vqdm,1,1,0.9999979734420776,resize_075,0.75
sdv5_00076.png,test,sdv5,1,1,0.9999890327453613,resize_075,0.75
vqdm_00011.png,test,vqdm,1,1,0.999994158744812,resize_075,0.75
adm_00039.png,test,adm,1,1,1.0,resize_075,0.75
glide_00023.png,test,glide,1,1,0.9999880790710449,resize_075,0.75
sdv5_00063.png,test,sdv5,1,1,0.999854326248169,resize_075,0.75
biggan_00059.png,test,biggan,1,1,0.999998927116394,resize_075,0.75
glide_00015.png,test,glide,1,1,1.0,resize_075,0.75
wukong_00047.png,test,wukong,1,1,0.9756619930267334,resize_075,0.75
vqdm_00037.png,test,vqdm,1,1,0.9999681711196899,resize_075,0.75
wukong_00080.png,test,wukong,1,1,0.9999890327453613,resize_075,0.75
midjourney_00076.png,test,midjourney,1,1,0.9992423057556152,resize_075,0.75
sdv5_00061.png,test,sdv5,1,1,1.0,resize_075,0.75
adm_00029.png,test,adm,1,1,0.9999998807907104,resize_075,0.75
glide_00039.png,test,glide,1,1,1.0,resize_075,0.75
adm_00072.png,test,adm,1,1,0.9999959468841553,resize_075,0.75
sdv5_00051.png,test,sdv5,1,1,1.0,resize_075,0.75
sdv5_00066.png,test,sdv5,1,1,0.8821077942848206,resize_075,0.75
midjourney_00078.png,test,midjourney,1,1,0.9999929666519165,resize_075,0.75
vqdm_00017.png,test,vqdm,1,0,0.06580611318349838,resize_075,0.75
sdv5_00073.png,test,sdv5,1,1,0.9985061287879944,resize_075,0.75
midjourney_00045.png,test,midjourney,1,1,0.9424036145210266,resize_075,0.75
vqdm_00073.png,test,vqdm,1,1,0.9944300055503845,resize_075,0.75
sdv5_00008.png,test,sdv5,1,1,0.999991774559021,resize_075,0.75
midjourney_00061.png,test,midjourney,1,0,0.08078152686357498,resize_075,0.75
adm_00015.png,test,adm,1,1,1.0,resize_075,0.75
vqdm_00068.png,test,vqdm,1,1,0.9999990463256836,resize_075,0.75
midjourney_00053.png,test,midjourney,1,1,0.9999994039535522,resize_075,0.75
sdv5_00050.png,test,sdv5,1,1,0.9998594522476196,resize_075,0.75
glide_00050.png,test,glide,1,1,1.0,resize_075,0.75
midjourney_00069.png,test,midjourney,1,1,0.6824524402618408,resize_075,0.75
glide_00038.png,test,glide,1,1,0.9994994401931763,resize_075,0.75
biggan_00011.png,test,biggan,1,1,0.995786726474762,resize_075,0.75
biggan_00082.png,test,biggan,1,1,1.0,resize_075,0.75
wukong_00005.png,test,wukong,1,1,0.9999886751174927,resize_075,0.75
wukong_00014.png,test,wukong,1,1,0.9999954700469971,resize_075,0.75
midjourney_00071.png,test,midjourney,1,0,0.010396142490208149,resize_075,0.75
midjourney_00009.png,test,midjourney,1,1,0.8284621834754944,resize_075,0.75
midjourney_00044.png,test,midjourney,1,1,0.9807023406028748,resize_075,0.75
biggan_00017.png,test,biggan,1,1,1.0,resize_075,0.75
glide_00082.png,test,glide,1,1,0.9993985891342163,resize_075,0.75
glide_00037.png,test,glide,1,1,0.5127842426300049,resize_075,0.75
adm_00027.png,test,adm,1,1,0.9999997615814209,resize_075,0.75
midjourney_00024.png,test,midjourney,1,1,0.9999994039535522,resize_075,0.75
glide_00033.png,test,glide,1,1,1.0,resize_075,0.75
midjourney_00007.png,test,midjourney,1,1,0.9872653484344482,resize_075,0.75
sdv5_00072.png,test,sdv5,1,1,0.8493638038635254,resize_075,0.75
wukong_00022.png,test,wukong,1,1,0.9994511008262634,resize_075,0.75
vqdm_00032.png,test,vqdm,1,0,0.007304496597498655,resize_075,0.75
glide_00009.png,test,glide,1,1,1.0,resize_075,0.75
biggan_00030.png,test,biggan,1,1,0.9961528182029724,resize_075,0.75
wukong_00057.png,test,wukong,1,1,0.9869210720062256,resize_075,0.75
adm_00079.png,test,adm,1,1,1.0,resize_075,0.75
vqdm_00031.png,test,vqdm,1,1,0.9999662637710571,resize_075,0.75
glide_00010.png,test,glide,1,1,1.0,resize_075,0.75
wukong_00009.png,test,wukong,1,1,0.9992824196815491,resize_075,0.75
glide_00013.png,test,glide,1,1,0.9996299743652344,resize_075,0.75
vqdm_00023.png,test,vqdm,1,1,0.9987168312072754,resize_075,0.75
sdv5_00011.png,test,sdv5,1,1,0.9994434714317322,resize_075,0.75
sdv5_00047.png,test,sdv5,1,1,0.9999996423721313,resize_075,0.75
sdv5_00009.png,test,sdv5,1,1,0.990662157535553,resize_075,0.75
sdv5_00010.png,test,sdv5,1,1,0.9776819348335266,resize_075,0.75
glide_00076.png,test,glide,1,1,1.0,resize_075,0.75
adm_00081.png,test,adm,1,1,1.0,resize_075,0.75
sdv5_00023.png,test,sdv5,1,1,0.9999885559082031,resize_075,0.75
biggan_00003.png,test,biggan,1,1,0.9999997615814209,resize_075,0.75
wukong_00061.png,test,wukong,1,1,0.8884947896003723,resize_075,0.75
adm_00085.png,test,adm,1,1,0.9947720170021057,resize_075,0.75
midjourney_00014.png,test,midjourney,1,1,0.965674102306366,resize_075,0.75
vqdm_00042.png,test,vqdm,1,1,0.9999991655349731,resize_075,0.75
wukong_00076.png,test,wukong,1,1,0.9998470544815063,resize_075,0.75
vqdm_00035.png,test,vqdm,1,1,0.8754669427871704,resize_075,0.75
sdv5_00037.png,test,sdv5,1,1,0.9479189515113831,resize_075,0.75
biggan_00000.png,test,biggan,1,1,0.9999923706054688,resize_075,0.75
sdv5_00053.png,test,sdv5,1,1,0.9999998807907104,resize_075,0.75
midjourney_00034.png,test,midjourney,1,1,0.9971965551376343,resize_075,0.75
wukong_00033.png,test,wukong,1,1,0.9807612895965576,resize_075,0.75
glide_00011.png,test,glide,1,1,0.9999456405639648,resize_075,0.75
glide_00008.png,test,glide,1,1,1.0,resize_075,0.75
adm_00044.png,test,adm,1,1,0.999987006187439,resize_075,0.75
sdv5_00029.png,test,sdv5,1,1,0.999992847442627,resize_075,0.75
sdv5_00081.png,test,sdv5,1,1,0.9999971389770508,resize_075,0.75
sdv5_00040.png,test,sdv5,1,1,0.7206684350967407,resize_075,0.75
adm_00042.png,test,adm,1,1,1.0,resize_075,0.75
sdv5_00059.png,test,sdv5,1,1,0.9866913557052612,resize_075,0.75
wukong_00017.png,test,wukong,1,1,0.9999405145645142,resize_075,0.75
wukong_00058.png,test,wukong,1,1,0.9999996423721313,resize_075,0.75
adm_00086.png,test,adm,1,1,1.0,resize_075,0.75
midjourney_00049.png,test,midjourney,1,1,0.9820314645767212,resize_075,0.75
midjourney_00065.png,test,midjourney,1,1,0.9999998807907104,resize_075,0.75
midjourney_00006.png,test,midjourney,1,1,0.987338662147522,resize_075,0.75
wukong_00079.png,test,wukong,1,1,0.9999498128890991,resize_075,0.75
sdv5_00085.png,test,sdv5,1,1,1.0,resize_075,0.75
sdv5_00065.png,test,sdv5,1,1,0.9855696558952332,resize_075,0.75
wukong_00037.png,test,wukong,1,1,0.9904431700706482,resize_075,0.75
biggan_00032.png,test,biggan,1,1,0.999998927116394,resize_075,0.75
wukong_00011.png,test,wukong,1,1,0.9999867677688599,resize_075,0.75
biggan_00053.png,test,biggan,1,1,1.0,resize_075,0.75
sdv5_00005.png,test,sdv5,1,1,0.9891933798789978,resize_075,0.75
adm_00057.png,test,adm,1,1,0.9732362031936646,resize_075,0.75
wukong_00024.png,test,wukong,1,1,0.9977510571479797,resize_075,0.75
glide_00056.png,test,glide,1,1,1.0,resize_075,0.75
adm_00004.png,test,adm,1,1,1.0,resize_075,0.75
midjourney_00081.png,test,midjourney,1,0,0.0009550451650284231,resize_075,0.75
sdv5_00083.png,test,sdv5,1,1,0.6648032069206238,resize_075,0.75
glide_00042.png,test,glide,1,1,0.9999953508377075,resize_075,0.75
glide_00029.png,test,glide,1,1,0.9349807500839233,resize_075,0.75
vqdm_00022.png,test,vqdm,1,1,0.9999929666519165,resize_075,0.75
adm_00007.png,test,adm,1,1,1.0,resize_075,0.75
vqdm_00082.png,test,vqdm,1,1,0.961082398891449,resize_075,0.75
glide_00052.png,test,glide,1,1,1.0,resize_075,0.75
adm_00066.png,test,adm,1,1,0.9997658133506775,resize_075,0.75
sdv5_00026.png,test,sdv5,1,1,0.6764861345291138,resize_075,0.75
wukong_00004.png,test,wukong,1,1,0.9999994039535522,resize_075,0.75
wukong_00034.png,test,wukong,1,1,0.9999346733093262,resize_075,0.75
adm_00073.png,test,adm,1,1,1.0,resize_075,0.75
sdv5_00056.png,test,sdv5,1,1,0.9664575457572937,resize_075,0.75
adm_00050.png,test,adm,1,1,0.999919056892395,resize_075,0.75
biggan_00004.png,test,biggan,1,1,0.9999992847442627,resize_075,0.75
midjourney_00063.png,test,midjourney,1,1,0.9376839995384216,resize_075,0.75
glide_00007.png,test,glide,1,1,0.9784874320030212,resize_075,0.75
vqdm_00059.png,test,vqdm,1,1,0.8919405341148376,resize_075,0.75
midjourney_00051.png,test,midjourney,1,0,0.18370194733142853,resize_075,0.75
adm_00040.png,test,adm,1,1,0.99994957447052,resize_075,0.75
vqdm_00046.png,test,vqdm,1,1,0.9959126114845276,resize_075,0.75
glide_00071.png,test,glide,1,1,0.9999997615814209,resize_075,0.75
midjourney_00040.png,test,midjourney,1,1,0.8540399670600891,resize_075,0.75
biggan_00056.png,test,biggan,1,1,0.9995743632316589,resize_075,0.75
wukong_00030.png,test,wukong,1,1,0.9774328470230103,resize_075,0.75
adm_00045.png,test,adm,1,1,1.0,resize_075,0.75
vqdm_00069.png,test,vqdm,1,1,0.9999942779541016,resize_075,0.75
sdv5_00013.png,test,sdv5,1,1,0.9960434436798096,resize_075,0.75
adm_00058.png,test,adm,1,1,0.9999996423721313,resize_075,0.75
biggan_00037.png,test,biggan,1,1,1.0,resize_075,0.75
vqdm_00039.png,test,vqdm,1,1,1.0,resize_075,0.75
sdv5_00034.png,test,sdv5,1,1,0.9999847412109375,resize_075,0.75
glide_00047.png,test,glide,1,1,0.9999388456344604,resize_075,0.75
biggan_00063.png,test,biggan,1,1,1.0,resize_075,0.75
glide_00045.png,test,glide,1,1,0.9999938011169434,resize_075,0.75
wukong_00027.png,test,wukong,1,1,0.9901289343833923,resize_075,0.75
vqdm_00027.png,test,vqdm,1,1,0.9947236776351929,resize_075,0.75
glide_00024.png,test,glide,1,1,1.0,resize_075,0.75
wukong_00085.png,test,wukong,1,1,0.9998805522918701,resize_075,0.75
glide_00043.png,test,glide,1,1,0.9999998807907104,resize_075,0.75
vqdm_00055.png,test,vqdm,1,1,0.9999655485153198,resize_075,0.75
midjourney_00057.png,test,midjourney,1,1,0.9999696016311646,resize_075,0.75
wukong_00062.png,test,wukong,1,1,0.9798566699028015,resize_075,0.75
sdv5_00007.png,test,sdv5,1,1,0.9985570311546326,resize_075,0.75
biggan_00043.png,test,biggan,1,1,0.9938119649887085,resize_075,0.75
adm_00083.png,test,adm,1,1,0.9999998807907104,resize_075,0.75
adm_00052.png,test,adm,1,1,0.9999997615814209,resize_075,0.75
wukong_00032.png,test,wukong,1,1,0.9999364614486694,resize_075,0.75
midjourney_00047.png,test,midjourney,1,1,0.9999796152114868,resize_075,0.75
midjourney_00072.png,test,midjourney,1,1,0.9996703863143921,resize_075,0.75
wukong_00010.png,test,wukong,1,1,0.9987071752548218,resize_075,0.75
sdv5_00021.png,test,sdv5,1,1,0.9992884397506714,resize_075,0.75
biggan_00009.png,test,biggan,1,1,0.9999889135360718,resize_075,0.75
wukong_00043.png,test,wukong,1,1,0.9999980926513672,resize_075,0.75
vqdm_00034.png,test,vqdm,1,1,0.9999922513961792,resize_075,0.75
biggan_00023.png,test,biggan,1,1,0.9999963045120239,resize_075,0.75
glide_00080.png,test,glide,1,1,1.0,resize_075,0.75
midjourney_00008.png,test,midjourney,1,1,0.7187544703483582,resize_075,0.75
biggan_00024.png,test,biggan,1,1,1.0,resize_075,0.75
midjourney_00002.png,test,midjourney,1,1,0.9370536208152771,resize_075,0.75
midjourney_00000.png,test,midjourney,1,1,0.8789590001106262,resize_075,0.75
adm_00084.png,test,adm,1,1,1.0,resize_075,0.75
biggan_00042.png,test,biggan,1,1,0.9999998807907104,resize_075,0.75
wukong_00018.png,test,wukong,1,1,0.9999994039535522,resize_075,0.75
vqdm_00021.png,test,vqdm,1,1,0.999995231628418,resize_075,0.75
sdv5_00057.png,test,sdv5,1,1,0.972213625907898,resize_075,0.75
midjourney_00029.png,test,midjourney,1,1,0.7642424702644348,resize_075,0.75
sdv5_00004.png,test,sdv5,1,1,0.6643011569976807,resize_075,0.75
wukong_00063.png,test,wukong,1,1,0.6885462403297424,resize_075,0.75
glide_00057.png,test,glide,1,1,0.9999994039535522,resize_075,0.75
wukong_00074.png,test,wukong,1,1,0.6279894709587097,resize_075,0.75
adm_00070.png,test,adm,1,1,0.9999659061431885,resize_075,0.75
midjourney_00018.png,test,midjourney,1,1,0.9994854927062988,resize_075,0.75
vqdm_00081.png,test,vqdm,1,1,1.0,resize_075,0.75
vqdm_00075.png,test,vqdm,1,1,0.9997479319572449,resize_075,0.75
glide_00059.png,test,glide,1,1,0.9999319314956665,resize_075,0.75
vqdm_00002.png,test,vqdm,1,1,0.9916595816612244,resize_075,0.75
biggan_00045.png,test,biggan,1,1,1.0,resize_075,0.75
sdv5_00075.png,test,sdv5,1,1,0.9939647316932678,resize_075,0.75
sdv5_00055.png,test,sdv5,1,1,0.561733603477478,resize_075,0.75
wukong_00013.png,test,wukong,1,1,0.9999809265136719,resize_075,0.75
adm_00068.png,test,adm,1,1,1.0,resize_075,0.75
midjourney_00010.png,test,midjourney,1,0,0.2832027077674866,resize_075,0.75
midjourney_00030.png,test,midjourney,1,1,0.9947604537010193,resize_075,0.75
sdv5_00074.png,test,sdv5,1,1,1.0,resize_075,0.75
vqdm_00072.png,test,vqdm,1,1,0.9999704360961914,resize_075,0.75
wukong_00031.png,test,wukong,1,1,0.9999984502792358,resize_075,0.75
vqdm_00080.png,test,vqdm,1,1,0.9999994039535522,resize_075,0.75
midjourney_00043.png,test,midjourney,1,0,0.04579257592558861,resize_075,0.75
vqdm_00001.png,test,vqdm,1,1,0.9988459348678589,resize_075,0.75
glide_00021.png,test,glide,1,1,1.0,resize_075,0.75
midjourney_00037.png,test,midjourney,1,0,0.013347774744033813,resize_075,0.75
biggan_00031.png,test,biggan,1,1,1.0,resize_075,0.75
wukong_00072.png,test,wukong,1,1,0.9960783123970032,resize_075,0.75
midjourney_00055.png,test,midjourney,1,1,0.999365508556366,resize_075,0.75
glide_00070.png,test,glide,1,1,1.0,resize_075,0.75
biggan_00057.png,test,biggan,1,1,0.9999998807907104,resize_075,0.75
midjourney_00075.png,test,midjourney,1,1,0.9979423880577087,resize_075,0.75
vqdm_00048.png,test,vqdm,1,1,0.9999998807907104,resize_075,0.75
glide_00034.png,test,glide,1,1,1.0,resize_075,0.75
sdv5_00078.png,test,sdv5,1,1,0.960666298866272,resize_075,0.75
midjourney_00062.png,test,midjourney,1,1,0.6789268255233765,resize_075,0.75
adm_00031.png,test,adm,1,1,0.9996470212936401,resize_075,0.75
midjourney_00026.png,test,midjourney,1,1,0.8094764947891235,resize_075,0.75
vqdm_00000.png,test,vqdm,1,1,0.9998873472213745,resize_075,0.75
adm_00020.png,test,adm,1,1,0.9989697933197021,resize_075,0.75
adm_00012.png,test,adm,1,1,0.9999942779541016,resize_075,0.75
adm_00030.png,test,adm,1,1,1.0,resize_075,0.75
midjourney_00070.png,test,midjourney,1,1,0.8985012173652649,resize_075,0.75
adm_00041.png,test,adm,1,1,0.9999963045120239,resize_075,0.75
adm_00078.png,test,adm,1,1,0.9999998807907104,resize_075,0.75
wukong_00068.png,test,wukong,1,1,0.9932350516319275,resize_075,0.75
biggan_00008.png,test,biggan,1,1,0.9999923706054688,resize_075,0.75
adm_00069.png,test,adm,1,1,1.0,resize_075,0.75
vqdm_00056.png,test,vqdm,1,1,1.0,resize_075,0.75
sdv5_00036.png,test,sdv5,1,1,0.9998420476913452,resize_075,0.75
vqdm_00079.png,test,vqdm,1,1,0.9998948574066162,resize_075,0.75
midjourney_00017.png,test,midjourney,1,1,0.8024556636810303,resize_075,0.75
biggan_00033.png,test,biggan,1,1,1.0,resize_075,0.75
biggan_00018.png,test,biggan,1,1,1.0,resize_075,0.75
sdv5_00001.png,test,sdv5,1,1,0.8315916061401367,resize_075,0.75
sdv5_00020.png,test,sdv5,1,1,0.9996722936630249,resize_075,0.75
biggan_00048.png,test,biggan,1,1,0.9999985694885254,resize_075,0.75
biggan_00058.png,test,biggan,1,1,1.0,resize_075,0.75
midjourney_00066.png,test,midjourney,1,0,0.4336029291152954,resize_075,0.75
midjourney_00080.png,test,midjourney,1,0,0.4096128046512604,resize_075,0.75
adm_00005.png,test,adm,1,1,0.9999998807907104,resize_075,0.75
adm_00003.png,test,adm,1,1,0.9999998807907104,resize_075,0.75
adm_00024.png,test,adm,1,1,0.9999443292617798,resize_075,0.75
sdv5_00000.png,test,sdv5,1,1,0.9999756813049316,resize_075,0.75
biggan_00001.png,test,biggan,1,1,1.0,resize_075,0.75
vqdm_00014.png,test,vqdm,1,1,1.0,resize_075,0.75
biggan_00028.png,test,biggan,1,1,1.0,resize_075,0.75
midjourney_00028.png,test,midjourney,1,0,0.09054435789585114,resize_075,0.75
biggan_00027.png,test,biggan,1,1,1.0,resize_075,0.75
sdv5_00049.png,test,sdv5,1,1,0.9999948740005493,resize_075,0.75
vqdm_00029.png,test,vqdm,1,1,0.9999940395355225,resize_075,0.75
adm_00035.png,test,adm,1,1,1.0,resize_075,0.75
adm_00011.png,test,adm,1,1,1.0,resize_075,0.75
biggan_00078.png,test,biggan,1,1,1.0,resize_075,0.75
midjourney_00013.png,test,midjourney,1,1,0.9917435050010681,resize_075,0.75
sdv5_00067.png,test,sdv5,1,1,0.9896324872970581,resize_075,0.75
biggan_00006.png,test,biggan,1,1,0.9999948740005493,resize_075,0.75
vqdm_00078.png,test,vqdm,1,1,0.9994751811027527,resize_075,0.75
glide_00049.png,test,glide,1,1,0.9995181560516357,resize_075,0.75
midjourney_00050.png,test,midjourney,1,1,0.9999704360961914,resize_075,0.75
glide_00017.png,test,glide,1,1,1.0,resize_075,0.75
wukong_00008.png,test,wukong,1,1,0.9999982118606567,resize_075,0.75
sdv5_00014.png,test,sdv5,1,1,0.9936296343803406,resize_075,0.75
biggan_00052.png,test,biggan,1,1,0.987349808216095,resize_075,0.75
wukong_00059.png,test,wukong,1,1,0.9952184557914734,resize_075,0.75
glide_00078.png,test,glide,1,1,1.0,resize_075,0.75
adm_00034.png,test,adm,1,1,1.0,resize_075,0.75
wukong_00006.png,test,wukong,1,1,0.985541045665741,resize_075,0.75
biggan_00046.png,test,biggan,1,1,1.0,resize_075,0.75
wukong_00073.png,test,wukong,1,1,0.8007106184959412,resize_075,0.75
midjourney_00046.png,test,midjourney,1,1,0.999866247177124,resize_075,0.75
glide_00068.png,test,glide,1,1,1.0,resize_075,0.75
midjourney_00058.png,test,midjourney,1,1,0.6539552211761475,resize_075,0.75
glide_00001.png,test,glide,1,1,0.9999969005584717,resize_075,0.75
glide_00041.png,test,glide,1,1,1.0,resize_075,0.75
glide_00014.png,test,glide,1,1,0.991821825504303,resize_075,0.75
adm_00013.png,test,adm,1,1,0.9980195760726929,resize_075,0.75
glide_00063.png,test,glide,1,1,1.0,resize_075,0.75
wukong_00045.png,test,wukong,1,1,0.9960817694664001,resize_075,0.75
biggan_00079.png,test,biggan,1,1,1.0,resize_075,0.75
adm_00002.png,test,adm,1,1,1.0,resize_075,0.75
midjourney_00041.png,test,midjourney,1,1,0.9998618364334106,resize_075,0.75
vqdm_00044.png,test,vqdm,1,1,1.0,resize_075,0.75
adm_00043.png,test,adm,1,1,0.997852087020874,resize_075,0.75
sdv5_00017.png,test,sdv5,1,1,0.9999257326126099,resize_075,0.75
vqdm_00052.png,test,vqdm,1,1,0.9920023679733276,resize_075,0.75
adm_00036.png,test,adm,1,1,0.9999902248382568,resize_075,0.75
biggan_00083.png,test,biggan,1,1,1.0,resize_075,0.75
glide_00020.png,test,glide,1,1,1.0,resize_075,0.75
midjourney_00054.png,test,midjourney,1,0,0.2426803559064865,resize_075,0.75
adm_00032.png,test,adm,1,1,0.9999998807907104,resize_075,0.75
glide_00058.png,test,glide,1,1,0.9999614953994751,resize_075,0.75
vqdm_00008.png,test,vqdm,1,1,0.9999998807907104,resize_075,0.75
adm_00026.png,test,adm,1,1,1.0,resize_075,0.75
midjourney_00082.png,test,midjourney,1,1,0.9952477812767029,resize_075,0.75
wukong_00012.png,test,wukong,1,1,0.999316930770874,resize_075,0.75
glide_00048.png,test,glide,1,1,0.9974851608276367,resize_075,0.75
midjourney_00033.png,test,midjourney,1,1,0.9999810457229614,resize_075,0.75
vqdm_00060.png,test,vqdm,1,1,0.9998822212219238,resize_075,0.75
wukong_00052.png,test,wukong,1,1,0.9999998807907104,resize_075,0.75
adm_00021.png,test,adm,1,1,0.9999985694885254,resize_075,0.75
wukong_00042.png,test,wukong,1,1,0.9791112542152405,resize_075,0.75
vqdm_00071.png,test,vqdm,1,1,1.0,resize_075,0.75
glide_00026.png,test,glide,1,1,1.0,resize_075,0.75
biggan_00019.png,test,biggan,1,1,1.0,resize_075,0.75
glide_00051.png,test,glide,1,1,0.9999988079071045,resize_075,0.75
adm_00056.png,test,adm,1,1,0.9993347525596619,resize_075,0.75
glide_00012.png,test,glide,1,1,1.0,resize_075,0.75
adm_00017.png,test,adm,1,1,0.9981716871261597,resize_075,0.75
wukong_00020.png,test,wukong,1,1,0.9987723231315613,resize_075,0.75
sdv5_00069.png,test,sdv5,1,1,0.9885157346725464,resize_075,0.75
vqdm_00064.png,test,vqdm,1,1,0.9999936819076538,resize_075,0.75
wukong_00050.png,test,wukong,1,1,0.9998794794082642,resize_075,0.75
glide_00032.png,test,glide,1,1,0.9999996423721313,resize_075,0.75
glide_00040.png,test,glide,1,1,0.9999998807907104,resize_075,0.75
glide_00064.png,test,glide,1,1,0.9624547958374023,resize_075,0.75
adm_00016.png,test,adm,1,1,0.999911904335022,resize_075,0.75
biggan_00066.png,test,biggan,1,1,1.0,resize_075,0.75
vqdm_00013.png,test,vqdm,1,0,0.12655065953731537,resize_075,0.75
sdv5_00024.png,test,sdv5,1,1,0.9770919680595398,resize_075,0.75
sdv5_00030.png,test,sdv5,1,1,0.9987937211990356,resize_075,0.75
wukong_00051.png,test,wukong,1,1,0.9990824460983276,resize_075,0.75
sdv5_00077.png,test,sdv5,1,1,1.0,resize_075,0.75
biggan_00013.png,test,biggan,1,1,1.0,resize_075,0.75
wukong_00064.png,test,wukong,1,1,0.9999984502792358,resize_075,0.75
vqdm_00025.png,test,vqdm,1,1,0.9999995231628418,resize_075,0.75
glide_00002.png,test,glide,1,1,1.0,resize_075,0.75
midjourney_00079.png,test,midjourney,1,1,0.7724299430847168,resize_075,0.75
wukong_00039.png,test,wukong,1,1,0.9315812587738037,resize_075,0.75
vqdm_00020.png,test,vqdm,1,1,0.9999841451644897,resize_075,0.75
sdv5_00032.png,test,sdv5,1,1,0.9978576302528381,resize_075,0.75
sdv5_00003.png,test,sdv5,1,0,0.327373206615448,resize_075,0.75
wukong_00078.png,test,wukong,1,1,0.9980046153068542,resize_075,0.75
wukong_00065.png,test,wukong,1,1,0.9999949932098389,resize_075,0.75
biggan_00014.png,test,biggan,1,1,1.0,resize_075,0.75
adm_00006.png,test,adm,1,1,1.0,resize_075,0.75
wukong_00056.png,test,wukong,1,1,0.9999983310699463,resize_075,0.75
biggan_00005.png,test,biggan,1,1,1.0,resize_075,0.75
wukong_00002.png,test,wukong,1,1,0.8297141790390015,resize_075,0.75
wukong_00055.png,test,wukong,1,0,0.2112070620059967,resize_075,0.75
sdv5_00016.png,test,sdv5,1,1,0.9100413918495178,resize_075,0.75
biggan_00065.png,test,biggan,1,1,0.8981505036354065,resize_075,0.75
vqdm_00019.png,test,vqdm,1,1,0.9998176693916321,resize_075,0.75
adm_00038.png,test,adm,1,1,1.0,resize_075,0.75
sdv5_00044.png,test,sdv5,1,1,0.9274806380271912,resize_075,0.75
midjourney_00084.png,test,midjourney,1,1,0.9998950958251953,resize_075,0.75
midjourney_00025.png,test,midjourney,1,0,0.12735360860824585,resize_075,0.75
biggan_00061.png,test,biggan,1,1,1.0,resize_075,0.75
sdv5_00071.png,test,sdv5,1,1,0.9999996423721313,resize_075,0.75
biggan_00074.png,test,biggan,1,1,1.0,resize_075,0.75
vqdm_00077.png,test,vqdm,1,1,0.9552039504051208,resize_075,0.75
midjourney_00001.png,test,midjourney,1,1,0.9996495246887207,resize_075,0.75
biggan_00069.png,test,biggan,1,1,0.9999996423721313,resize_075,0.75
glide_00005.png,test,glide,1,1,1.0,resize_075,0.75
sdv5_00015.png,test,sdv5,1,1,0.8797436356544495,resize_075,0.75
vqdm_00012.png,test,vqdm,1,1,0.8290437459945679,resize_075,0.75
wukong_00077.png,test,wukong,1,1,0.6215188503265381,resize_075,0.75
midjourney_00023.png,test,midjourney,1,0,0.30203500390052795,resize_075,0.75
sdv5_00045.png,test,sdv5,1,1,0.974582314491272,resize_075,0.75
adm_00033.png,test,adm,1,1,0.9999978542327881,resize_075,0.75
wukong_00083.png,test,wukong,1,1,0.9972031116485596,resize_075,0.75
biggan_00034.png,test,biggan,1,1,1.0,resize_075,0.75
biggan_00070.png,test,biggan,1,1,1.0,resize_075,0.75
biggan_00076.png,test,biggan,1,1,0.9973154664039612,resize_075,0.75
midjourney_00067.png,test,midjourney,1,1,0.7640063762664795,resize_075,0.75
biggan_00062.png,test,biggan,1,1,0.999995231628418,resize_075,0.75
midjourney_00027.png,test,midjourney,1,1,0.9730541110038757,resize_075,0.75
biggan_00077.png,test,biggan,1,1,1.0,resize_075,0.75
wukong_00053.png,test,wukong,1,1,0.9999998807907104,resize_075,0.75
sdv5_00080.png,test,sdv5,1,1,1.0,resize_075,0.75
glide_00035.png,test,glide,1,0,0.45261213183403015,resize_075,0.75
adm_00022.png,test,adm,1,1,1.0,resize_075,0.75
vqdm_00070.png,test,vqdm,1,1,0.7552116513252258,resize_075,0.75
wukong_00019.png,test,wukong,1,1,0.9743382334709167,resize_075,0.75
glide_00036.png,test,glide,1,1,0.9987420439720154,resize_075,0.75
adm_00054.png,test,adm,1,1,1.0,resize_075,0.75
glide_00060.png,test,glide,1,1,1.0,resize_075,0.75
adm_00061.png,test,adm,1,1,0.9999998807907104,resize_075,0.75
vqdm_00028.png,test,vqdm,1,1,0.9907206296920776,resize_075,0.75
vqdm_00026.png,test,vqdm,1,1,0.966421365737915,resize_075,0.75
vqdm_00054.png,test,vqdm,1,1,0.9850302338600159,resize_075,0.75
biggan_00021.png,test,biggan,1,1,0.999902606010437,resize_075,0.75
vqdm_00005.png,test,vqdm,1,1,0.9999996423721313,resize_075,0.75
glide_00055.png,test,glide,1,1,0.9999217987060547,resize_075,0.75
biggan_00075.png,test,biggan,1,1,0.7385953068733215,resize_075,0.75
wukong_00046.png,test,wukong,1,1,1.0,resize_075,0.75
wukong_00084.png,test,wukong,1,1,0.9715341925621033,resize_075,0.75
wukong_00025.png,test,wukong,1,1,0.9983736276626587,resize_075,0.75
vqdm_00009.png,test,vqdm,1,1,0.999925971031189,resize_075,0.75
glide_00019.png,test,glide,1,1,1.0,resize_075,0.75
biggan_00040.png,test,biggan,1,1,1.0,resize_075,0.75
vqdm_00007.png,test,vqdm,1,1,0.9995181560516357,resize_075,0.75
vqdm_00076.png,test,vqdm,1,1,0.9850473403930664,resize_075,0.75
glide_00066.png,test,glide,1,1,0.9699792861938477,resize_075,0.75
biggan_00073.png,test,biggan,1,1,1.0,resize_075,0.75
glide_00072.png,test,glide,1,1,1.0,resize_075,0.75
midjourney_00038.png,test,midjourney,1,1,0.6522769331932068,resize_075,0.75
vqdm_00016.png,test,vqdm,1,1,0.8136811852455139,resize_075,0.75
glide_00006.png,test,glide,1,1,0.9999338388442993,resize_075,0.75
glide_00065.png,test,glide,1,1,0.9999992847442627,resize_075,0.75
adm_00055.png,test,adm,1,1,0.999996542930603,resize_075,0.75
midjourney_00073.png,test,midjourney,1,1,0.9242799878120422,resize_075,0.75
midjourney_00020.png,test,midjourney,1,1,0.9051969647407532,resize_075,0.75
sdv5_00012.png,test,sdv5,1,1,0.9999771118164062,resize_075,0.75
wukong_00028.png,test,wukong,1,1,0.9823189377784729,resize_075,0.75
midjourney_00056.png,test,midjourney,1,1,0.9356396198272705,resize_075,0.75
vqdm_00067.png,test,vqdm,1,1,0.9405074715614319,resize_075,0.75
adm_00037.png,test,adm,1,1,1.0,resize_075,0.75
adm_00064.png,test,adm,1,1,0.9999997615814209,resize_075,0.75
vqdm_00084.png,test,vqdm,1,1,1.0,resize_075,0.75
sdv5_00052.png,test,sdv5,1,1,0.9996377229690552,resize_075,0.75
biggan_00035.png,test,biggan,1,1,0.9999997615814209,resize_075,0.75
vqdm_00043.png,test,vqdm,1,1,0.9980436563491821,resize_075,0.75
adm_00028.png,test,adm,1,1,0.9999219179153442,resize_075,0.75
glide_00027.png,test,glide,1,1,0.99516761302948,resize_075,0.75
sdv5_00042.png,test,sdv5,1,1,0.9983737468719482,resize_075,0.75
glide_00084.png,test,glide,1,1,0.9999986886978149,resize_075,0.75
sdv5_00025.png,test,sdv5,1,1,0.9964753985404968,resize_075,0.75
adm_00009.png,test,adm,1,1,0.6423152089118958,resize_075,0.75
sdv5_00031.png,test,sdv5,1,1,1.0,resize_075,0.75
wukong_00000.png,test,wukong,1,1,0.9954656958580017,resize_075,0.75
wukong_00069.png,test,wukong,1,1,0.8307095170021057,resize_075,0.75
biggan_00015.png,test,biggan,1,1,0.9999991655349731,resize_075,0.75
glide_00062.png,test,glide,1,1,0.9999994039535522,resize_075,0.75
adm_00076.png,test,adm,1,1,1.0,resize_075,0.75
vqdm_00015.png,test,vqdm,1,1,0.9997567534446716,resize_075,0.75
sdv5_00079.png,test,sdv5,1,1,1.0,resize_075,0.75
glide_00083.png,test,glide,1,1,0.999998927116394,resize_075,0.75
biggan_00039.png,test,biggan,1,1,0.9999927282333374,resize_075,0.75
adm_00080.png,test,adm,1,1,1.0,resize_075,0.75
midjourney_00064.png,test,midjourney,1,1,0.9999370574951172,resize_075,0.75
sdv5_00070.png,test,sdv5,1,1,0.9878904819488525,resize_075,0.75
glide_00073.png,test,glide,1,1,0.9999961853027344,resize_075,0.75
vqdm_00018.png,test,vqdm,1,1,1.0,resize_075,0.75
adm_00053.png,test,adm,1,1,0.9999998807907104,resize_075,0.75
biggan_00084.png,test,biggan,1,1,0.9999860525131226,resize_075,0.75
adm_00018.png,test,adm,1,1,0.9999889135360718,resize_075,0.75
sdv5_00018.png,test,sdv5,1,1,0.9976905584335327,resize_075,0.75
biggan_00020.png,test,biggan,1,1,1.0,resize_075,0.75
vqdm_00066.png,test,vqdm,1,1,0.9999985694885254,resize_075,0.75
adm_00048.png,test,adm,1,1,0.9986811280250549,resize_075,0.75
glide_00077.png,test,glide,1,1,0.9202013611793518,resize_075,0.75
glide_00000.png,test,glide,1,1,0.9999979734420776,resize_075,0.75
vqdm_00033.png,test,vqdm,1,1,0.9714339375495911,resize_075,0.75
glide_00081.png,test,glide,1,1,1.0,resize_075,0.75
adm_00075.png,test,adm,1,1,0.9999963045120239,resize_075,0.75
midjourney_00012.png,test,midjourney,1,1,0.9999737739562988,resize_075,0.75
glide_00028.png,test,glide,1,1,1.0,resize_075,0.75
vqdm_00057.png,test,vqdm,1,1,1.0,resize_075,0.75
sdv5_00068.png,test,sdv5,1,1,0.9447318911552429,resize_075,0.75
vqdm_00036.png,test,vqdm,1,1,0.6656368374824524,resize_075,0.75
adm_00001.png,test,adm,1,1,1.0,resize_075,0.75
biggan_00054.png,test,biggan,1,1,0.9999988079071045,resize_075,0.75
vqdm_00058.png,test,vqdm,1,1,0.9988960027694702,resize_075,0.75
sdv5_00035.png,test,sdv5,1,1,0.9971011281013489,resize_075,0.75
glide_00018.png,test,glide,1,0,0.2046789675951004,resize_075,0.75
adm_00008.png,test,adm,1,1,1.0,resize_075,0.75
biggan_00067.png,test,biggan,1,1,0.9994150400161743,resize_075,0.75
glide_00004.png,test,glide,1,1,0.9999902248382568,resize_075,0.75
midjourney_00083.png,test,midjourney,1,1,0.9654780030250549,resize_075,0.75
wukong_00026.png,test,wukong,1,1,0.9999815225601196,resize_075,0.75
sdv5_00028.png,test,sdv5,1,1,0.8516385555267334,resize_075,0.75
midjourney_00042.png,test,midjourney,1,1,0.9999805688858032,resize_075,0.75
adm_00060.png,test,adm,1,1,0.9971363544464111,resize_075,0.75
glide_00003.png,test,glide,1,1,1.0,resize_075,0.75
glide_00025.png,test,glide,1,1,0.9999901056289673,resize_075,0.75
biggan_00026.png,test,biggan,1,1,0.9999983310699463,resize_075,0.75
adm_00077.png,test,adm,1,1,1.0,resize_075,0.75
adm_00047.png,test,adm,1,1,0.9999963045120239,resize_075,0.75
sdv5_00033.png,test,sdv5,1,1,0.9997138381004333,resize_075,0.75
midjourney_00032.png,test,midjourney,1,1,0.9871438145637512,resize_075,0.75
biggan_00064.png,test,biggan,1,1,0.9999665021896362,resize_075,0.75
vqdm_00074.png,test,vqdm,1,1,1.0,resize_075,0.75
biggan_00038.png,test,biggan,1,1,1.0,resize_075,0.75
adm_00082.png,test,adm,1,1,1.0,resize_075,0.75
wukong_00007.png,test,wukong,1,1,0.9649670124053955,resize_075,0.75
wukong_00060.png,test,wukong,1,1,1.0,resize_075,0.75
sdv5_00041.png,test,sdv5,1,1,0.9992757439613342,resize_075,0.75
vqdm_00038.png,test,vqdm,1,1,0.999998927116394,resize_075,0.75
wukong_00001.png,test,wukong,1,1,0.9999997615814209,resize_075,0.75
midjourney_00015.png,test,midjourney,1,1,0.9999781847000122,resize_075,0.75
biggan_00047.png,test,biggan,1,1,1.0,resize_075,0.75
glide_00030.png,test,glide,1,1,0.9998544454574585,resize_075,0.75
vqdm_00047.png,test,vqdm,1,1,1.0,resize_075,0.75
sdv5_00084.png,test,sdv5,1,1,0.9961663484573364,resize_075,0.75
vqdm_00083.png,test,vqdm,1,1,0.9999984502792358,resize_075,0.75
biggan_00068.png,test,biggan,1,1,1.0,resize_075,0.75
sdv5_00058.png,test,sdv5,1,1,0.9894238114356995,resize_075,0.75
sdv5_00006.png,test,sdv5,1,1,0.9999935626983643,resize_075,0.75
biggan_00044.png,test,biggan,1,1,1.0,resize_075,0.75
midjourney_00003.png,test,midjourney,1,1,0.9998425245285034,resize_075,0.75
sdv5_00027.png,test,sdv5,1,1,0.9998292922973633,resize_075,0.75
biggan_00072.png,test,biggan,1,1,0.9998658895492554,resize_075,0.75
vqdm_00030.png,test,vqdm,1,1,0.9984489679336548,resize_075,0.75
vqdm_00085.png,test,vqdm,1,1,0.9996625185012817,resize_075,0.75
wukong_00071.png,test,wukong,1,1,0.9863942265510559,resize_075,0.75
adm_00062.png,test,adm,1,1,0.9998406171798706,resize_075,0.75
adm_00000.png,test,adm,1,1,0.9999986886978149,resize_075,0.75
wukong_00044.png,test,wukong,1,1,0.9999994039535522,resize_075,0.75
glide_00075.png,test,glide,1,1,0.999660849571228,resize_075,0.75
vqdm_00040.png,test,vqdm,1,1,0.9999805688858032,resize_075,0.75
wukong_00082.png,test,wukong,1,1,1.0,resize_075,0.75
midjourney_00019.png,test,midjourney,1,1,0.995710015296936,resize_075,0.75
adm_00065.png,test,adm,1,1,0.9999996423721313,resize_075,0.75
midjourney_00022.png,test,midjourney,1,1,0.8973678350448608,resize_075,0.75
midjourney_00052.png,test,midjourney,1,0,0.0004331138334237039,resize_075,0.75
adm_00046.png,test,adm,1,1,1.0,resize_075,0.75
wukong_00048.png,test,wukong,1,1,0.9936402440071106,resize_075,0.75
vqdm_00045.png,test,vqdm,1,1,1.0,resize_075,0.75
biggan_00036.png,test,biggan,1,1,0.9999998807907104,resize_075,0.75
sdv5_00038.png,test,sdv5,1,1,0.9957973957061768,resize_075,0.75
vqdm_00050.png,test,vqdm,1,1,0.8283518552780151,resize_075,0.75
biggan_00041.png,test,biggan,1,1,1.0,resize_075,0.75
vqdm_00051.png,test,vqdm,1,1,0.9951968789100647,resize_075,0.75
glide_00054.png,test,glide,1,1,0.9999997615814209,resize_075,0.75
sdv5_00062.png,test,sdv5,1,1,1.0,resize_075,0.75
sdv5_00060.png,test,sdv5,1,1,0.9984568357467651,resize_075,0.75
glide_00079.png,test,glide,1,1,0.9991405010223389,resize_075,0.75
midjourney_00004.png,test,midjourney,1,1,0.9979549646377563,resize_075,0.75
wukong_00040.png,test,wukong,1,1,0.9969741106033325,resize_075,0.75
biggan_00060.png,test,biggan,1,1,1.0,resize_075,0.75
wukong_00049.png,test,wukong,1,1,0.9883542060852051,resize_075,0.75
wukong_00035.png,test,wukong,1,1,0.9977946281433105,resize_075,0.75
adm_00010.png,test,adm,1,1,0.9999680519104004,resize_075,0.75
sdv5_00064.png,test,sdv5,1,1,0.8634190559387207,resize_075,0.75
adm_00059.png,test,adm,1,1,1.0,resize_075,0.75
midjourney_00048.png,test,midjourney,1,0,0.4507182836532593,resize_075,0.75
midjourney_00016.png,test,midjourney,1,1,0.5036056637763977,resize_075,0.75
biggan_00007.png,test,biggan,1,1,0.502695620059967,resize_075,0.75
glide_00067.png,test,glide,1,1,1.0,resize_075,0.75
glide_00046.png,test,glide,1,1,0.9999485015869141,resize_075,0.75
vqdm_00053.png,test,vqdm,1,1,1.0,resize_075,0.75
adm_00071.png,test,adm,1,1,1.0,resize_075,0.75
glide_00022.png,test,glide,1,1,1.0,resize_075,0.75
sdv5_00082.png,test,sdv5,1,1,0.9999080896377563,resize_075,0.75
vqdm_00003.png,test,vqdm,1,1,0.9994391798973083,resize_075,0.75
midjourney_00035.png,test,midjourney,1,1,0.9980989098548889,resize_075,0.75
glide_00031.png,test,glide,1,1,1.0,resize_075,0.75
vqdm_00063.png,test,vqdm,1,1,0.7650417685508728,resize_075,0.75
wukong_00016.png,test,wukong,1,1,0.998889148235321,resize_075,0.75
wukong_00054.png,test,wukong,1,1,0.9999891519546509,resize_075,0.75
biggan_00002.png,test,biggan,1,1,0.9999953508377075,resize_075,0.75
adm_00049.png,test,adm,1,1,1.0,resize_075,0.75
sdv5_00002.png,test,sdv5,1,1,0.9999589920043945,resize_075,0.75
biggan_00025.png,test,biggan,1,1,0.9999998807907104,resize_075,0.75
biggan_00071.png,test,biggan,1,1,1.0,resize_075,0.75
biggan_00051.png,test,biggan,1,0,0.29122069478034973,resize_075,0.75
wukong_00081.png,test,wukong,1,1,0.9826014637947083,resize_075,0.75
sdv5_00022.png,test,sdv5,1,1,0.9971563816070557,resize_075,0.75
real_00486.jpeg,test,real,0,0,0.002867995761334896,resize_050,0.5
real_00382.jpeg,test,real,0,0,0.00398152694106102,resize_050,0.5
real_00117.jpeg,test,real,0,0,0.18347197771072388,resize_050,0.5
real_00354.jpeg,test,real,0,1,0.8401514291763306,resize_050,0.5
real_00076.jpeg,test,real,0,0,0.40528008341789246,resize_050,0.5
real_00395.jpeg,test,real,0,0,0.0041109174489974976,resize_050,0.5
real_00348.jpeg,test,real,0,1,0.8920962810516357,resize_050,0.5
real_00307.jpeg,test,real,0,1,0.8598548173904419,resize_050,0.5
real_00438.jpeg,test,real,0,0,0.004112281836569309,resize_050,0.5
real_00393.jpeg,test,real,0,0,0.0025101592764258385,resize_050,0.5
real_00566.jpeg,test,real,0,0,0.04328743368387222,resize_050,0.5
real_00055.jpeg,test,real,0,1,0.8314501047134399,resize_050,0.5
real_00416.jpeg,test,real,0,1,0.9772214889526367,resize_050,0.5
real_00304.jpeg,test,real,0,0,0.00012811602209694684,resize_050,0.5
real_00135.jpeg,test,real,0,1,0.9110060334205627,resize_050,0.5
real_00387.jpeg,test,real,0,0,0.0001443987275706604,resize_050,0.5
real_00040.jpeg,test,real,0,0,0.10151435434818268,resize_050,0.5
real_00563.jpeg,test,real,0,1,0.9403592348098755,resize_050,0.5
real_00457.jpeg,test,real,0,1,0.7950677275657654,resize_050,0.5
real_00561.jpeg,test,real,0,0,0.07013169676065445,resize_050,0.5
real_00288.jpeg,test,real,0,1,0.9956101775169373,resize_050,0.5
real_00271.jpeg,test,real,0,1,0.7196695804595947,resize_050,0.5
real_00185.jpeg,test,real,0,0,0.10401204228401184,resize_050,0.5
real_00216.jpeg,test,real,0,0,0.0030233701691031456,resize_050,0.5
real_00180.jpeg,test,real,0,1,0.9817079305648804,resize_050,0.5
real_00189.jpeg,test,real,0,0,0.4296668469905853,resize_050,0.5
real_00396.jpeg,test,real,0,0,0.45646315813064575,resize_050,0.5
real_00131.jpeg,test,real,0,0,0.4747038781642914,resize_050,0.5
real_00557.jpeg,test,real,0,0,0.1035120040178299,resize_050,0.5
real_00266.jpeg,test,real,0,0,7.715796527918428e-06,resize_050,0.5
real_00207.jpeg,test,real,0,0,0.015757516026496887,resize_050,0.5
real_00141.jpeg,test,real,0,1,0.9909155964851379,resize_050,0.5
real_00407.jpeg,test,real,0,1,1.0,resize_050,0.5
real_00026.jpeg,test,real,0,1,0.9343339204788208,resize_050,0.5
real_00046.jpeg,test,real,0,0,0.06232772022485733,resize_050,0.5
real_00585.jpeg,test,real,0,0,0.43604493141174316,resize_050,0.5
real_00206.jpeg,test,real,0,1,0.9995515942573547,resize_050,0.5
real_00297.jpeg,test,real,0,0,0.32626989483833313,resize_050,0.5
real_00401.jpeg,test,real,0,0,0.037321917712688446,resize_050,0.5
real_00339.jpeg,test,real,0,0,0.04506191238760948,resize_050,0.5
real_00403.jpeg,test,real,0,1,0.9989268183708191,resize_050,0.5
real_00344.jpeg,test,real,0,0,0.02866959571838379,resize_050,0.5
real_00560.jpeg,test,real,0,0,0.4436105191707611,resize_050,0.5
real_00553.jpeg,test,real,0,0,0.38802269101142883,resize_050,0.5
real_00598.jpeg,test,real,0,1,0.8701077699661255,resize_050,0.5
real_00497.jpeg,test,real,0,1,0.8954057693481445,resize_050,0.5
real_00253.jpeg,test,real,0,0,0.004014504607766867,resize_050,0.5
real_00577.jpeg,test,real,0,0,1.8559443560661748e-05,resize_050,0.5
real_00394.jpeg,test,real,0,1,0.8112819194793701,resize_050,0.5
real_00445.jpeg,test,real,0,1,0.9628433585166931,resize_050,0.5
real_00050.jpeg,test,real,0,1,0.9774788618087769,resize_050,0.5
real_00269.jpeg,test,real,0,0,0.017980245873332024,resize_050,0.5
real_00151.jpeg,test,real,0,1,0.9792147874832153,resize_050,0.5
real_00190.jpeg,test,real,0,0,0.2526114284992218,resize_050,0.5
real_00250.jpeg,test,real,0,0,0.06993673741817474,resize_050,0.5
real_00257.jpeg,test,real,0,1,0.7890533804893494,resize_050,0.5
real_00008.jpeg,test,real,0,1,0.6833944320678711,resize_050,0.5
real_00398.jpeg,test,real,0,1,0.9981905817985535,resize_050,0.5
real_00322.jpeg,test,real,0,0,0.28287237882614136,resize_050,0.5
real_00230.jpeg,test,real,0,1,0.508563756942749,resize_050,0.5
real_00219.jpeg,test,real,0,1,0.9916936755180359,resize_050,0.5
real_00550.jpeg,test,real,0,1,0.8149677515029907,resize_050,0.5
real_00528.jpeg,test,real,0,0,0.017682109028100967,resize_050,0.5
real_00039.jpeg,test,real,0,1,0.6213732957839966,resize_050,0.5
real_00274.jpeg,test,real,0,1,0.6593139171600342,resize_050,0.5
real_00414.jpeg,test,real,0,1,0.9783324599266052,resize_050,0.5
real_00038.jpeg,test,real,0,0,0.21558433771133423,resize_050,0.5
real_00434.jpeg,test,real,0,1,0.6554672718048096,resize_050,0.5
real_00279.jpeg,test,real,0,0,0.21470394730567932,resize_050,0.5
real_00077.jpeg,test,real,0,0,0.40913283824920654,resize_050,0.5
real_00312.jpeg,test,real,0,1,0.9452443718910217,resize_050,0.5
real_00482.jpeg,test,real,0,1,0.8204238414764404,resize_050,0.5
real_00178.jpeg,test,real,0,0,0.3248459994792938,resize_050,0.5
real_00535.jpeg,test,real,0,1,0.6166505813598633,resize_050,0.5
real_00345.jpeg,test,real,0,1,0.5318818092346191,resize_050,0.5
real_00019.jpeg,test,real,0,0,0.029369113966822624,resize_050,0.5
real_00143.jpeg,test,real,0,0,0.26140254735946655,resize_050,0.5
real_00496.jpeg,test,real,0,0,0.18590989708900452,resize_050,0.5
real_00522.jpeg,test,real,0,0,9.755346530582187e-10,resize_050,0.5
real_00451.jpeg,test,real,0,0,0.006599449552595615,resize_050,0.5
real_00371.jpeg,test,real,0,0,0.22354450821876526,resize_050,0.5
real_00060.jpeg,test,real,0,1,0.9990876913070679,resize_050,0.5
real_00410.jpeg,test,real,0,1,0.7607141137123108,resize_050,0.5
real_00248.jpeg,test,real,0,1,0.9864028096199036,resize_050,0.5
real_00043.jpeg,test,real,0,1,0.985503077507019,resize_050,0.5
real_00104.jpeg,test,real,0,0,0.38310706615448,resize_050,0.5
real_00238.jpeg,test,real,0,0,0.255840927362442,resize_050,0.5
real_00251.jpeg,test,real,0,0,0.19173699617385864,resize_050,0.5
real_00017.jpeg,test,real,0,0,0.011609294451773167,resize_050,0.5
real_00500.jpeg,test,real,0,0,0.24209392070770264,resize_050,0.5
real_00056.jpeg,test,real,0,1,0.6869744658470154,resize_050,0.5
real_00227.jpeg,test,real,0,0,0.17232723534107208,resize_050,0.5
real_00347.jpeg,test,real,0,0,0.0274593997746706,resize_050,0.5
real_00176.jpeg,test,real,0,1,0.9991082549095154,resize_050,0.5
real_00085.jpeg,test,real,0,0,0.1443704068660736,resize_050,0.5
real_00586.jpeg,test,real,0,0,0.0036702053621411324,resize_050,0.5
real_00193.jpeg,test,real,0,0,0.011046241037547588,resize_050,0.5
real_00018.jpeg,test,real,0,1,0.9987072944641113,resize_050,0.5
real_00342.jpeg,test,real,0,0,0.08222116529941559,resize_050,0.5
real_00359.jpeg,test,real,0,1,0.9999969005584717,resize_050,0.5
real_00163.jpeg,test,real,0,1,0.9977868795394897,resize_050,0.5
real_00527.jpeg,test,real,0,1,0.5253233313560486,resize_050,0.5
real_00444.jpeg,test,real,0,0,0.02649139240384102,resize_050,0.5
real_00440.jpeg,test,real,0,0,0.08580374717712402,resize_050,0.5
real_00096.jpeg,test,real,0,1,0.5336847901344299,resize_050,0.5
real_00165.jpeg,test,real,0,1,0.522352933883667,resize_050,0.5
real_00576.jpeg,test,real,0,1,0.9970968961715698,resize_050,0.5
real_00375.jpeg,test,real,0,0,0.31233999133110046,resize_050,0.5
real_00300.jpeg,test,real,0,0,0.06840391457080841,resize_050,0.5
real_00503.jpeg,test,real,0,1,0.9749318361282349,resize_050,0.5
real_00499.jpeg,test,real,0,0,0.369054913520813,resize_050,0.5
real_00283.jpeg,test,real,0,0,0.07090628892183304,resize_050,0.5
real_00160.jpeg,test,real,0,1,0.8809345960617065,resize_050,0.5
real_00260.jpeg,test,real,0,1,0.554102897644043,resize_050,0.5
real_00208.jpeg,test,real,0,0,0.004372160416096449,resize_050,0.5
real_00262.jpeg,test,real,0,1,0.874060332775116,resize_050,0.5
real_00213.jpeg,test,real,0,1,0.9615452289581299,resize_050,0.5
real_00476.jpeg,test,real,0,0,0.25475171208381653,resize_050,0.5
real_00092.jpeg,test,real,0,1,0.8432623147964478,resize_050,0.5
real_00324.jpeg,test,real,0,1,0.9893074631690979,resize_050,0.5
real_00425.jpeg,test,real,0,1,0.8422702550888062,resize_050,0.5
real_00559.jpeg,test,real,0,0,0.004918221849948168,resize_050,0.5
real_00015.jpeg,test,real,0,0,0.00020767726527992636,resize_050,0.5
real_00562.jpeg,test,real,0,1,0.7175619602203369,resize_050,0.5
real_00514.jpeg,test,real,0,0,1.83526196906314e-07,resize_050,0.5
real_00580.jpeg,test,real,0,0,0.0010042733047157526,resize_050,0.5
real_00202.jpeg,test,real,0,1,0.5075143575668335,resize_050,0.5
real_00402.jpeg,test,real,0,0,0.0015961211174726486,resize_050,0.5
real_00057.jpeg,test,real,0,1,0.8934335708618164,resize_050,0.5
real_00007.jpeg,test,real,0,1,0.7806558609008789,resize_050,0.5
real_00388.jpeg,test,real,0,1,0.5325164794921875,resize_050,0.5
real_00016.jpeg,test,real,0,0,0.3533572256565094,resize_050,0.5
real_00506.jpeg,test,real,0,1,0.9783529043197632,resize_050,0.5
real_00028.jpeg,test,real,0,0,0.11010465025901794,resize_050,0.5
real_00572.jpeg,test,real,0,1,0.7872028946876526,resize_050,0.5
real_00381.jpeg,test,real,0,1,0.9855292439460754,resize_050,0.5
real_00268.jpeg,test,real,0,0,0.3970417380332947,resize_050,0.5
real_00512.jpeg,test,real,0,1,0.8238977193832397,resize_050,0.5
real_00006.jpeg,test,real,0,1,0.9926570057868958,resize_050,0.5
real_00289.jpeg,test,real,0,0,0.37309885025024414,resize_050,0.5
real_00519.jpeg,test,real,0,0,0.27827170491218567,resize_050,0.5
real_00252.jpeg,test,real,0,1,0.9857501983642578,resize_050,0.5
real_00211.jpeg,test,real,0,0,0.021961823105812073,resize_050,0.5
real_00147.jpeg,test,real,0,0,0.1810055524110794,resize_050,0.5
real_00181.jpeg,test,real,0,1,0.9997549653053284,resize_050,0.5
real_00458.jpeg,test,real,0,0,0.08000564575195312,resize_050,0.5
real_00329.jpeg,test,real,0,0,0.0002762440126389265,resize_050,0.5
real_00545.jpeg,test,real,0,0,0.09619329869747162,resize_050,0.5
real_00568.jpeg,test,real,0,1,0.7427164316177368,resize_050,0.5
real_00031.jpeg,test,real,0,0,0.2060992568731308,resize_050,0.5
real_00171.jpeg,test,real,0,0,0.009015072137117386,resize_050,0.5
real_00320.jpeg,test,real,0,0,0.09135522693395615,resize_050,0.5
real_00083.jpeg,test,real,0,0,0.0075924452394247055,resize_050,0.5
real_00012.jpeg,test,real,0,1,0.9950756430625916,resize_050,0.5
real_00357.jpeg,test,real,0,1,0.9856882095336914,resize_050,0.5
real_00346.jpeg,test,real,0,0,0.3853093385696411,resize_050,0.5
real_00450.jpeg,test,real,0,1,0.9817517399787903,resize_050,0.5
real_00356.jpeg,test,real,0,0,0.4533969759941101,resize_050,0.5
real_00594.jpeg,test,real,0,0,0.48031023144721985,resize_050,0.5
real_00048.jpeg,test,real,0,1,0.6378337740898132,resize_050,0.5
real_00158.jpeg,test,real,0,0,0.25198909640312195,resize_050,0.5
real_00521.jpeg,test,real,0,0,0.49836409091949463,resize_050,0.5
real_00285.jpeg,test,real,0,0,0.2715379297733307,resize_050,0.5
real_00270.jpeg,test,real,0,0,0.006489904597401619,resize_050,0.5
real_00533.jpeg,test,real,0,0,0.24635811150074005,resize_050,0.5
real_00494.jpeg,test,real,0,1,0.8480451107025146,resize_050,0.5
real_00317.jpeg,test,real,0,1,0.6307051777839661,resize_050,0.5
real_00296.jpeg,test,real,0,0,0.002942650346085429,resize_050,0.5
real_00237.jpeg,test,real,0,0,0.03985470160841942,resize_050,0.5
real_00242.jpeg,test,real,0,1,0.5187926292419434,resize_050,0.5
real_00584.jpeg,test,real,0,1,0.9993975162506104,resize_050,0.5
real_00570.jpeg,test,real,0,1,0.6461341977119446,resize_050,0.5
real_00133.jpeg,test,real,0,1,0.6610515117645264,resize_050,0.5
real_00047.jpeg,test,real,0,0,0.003055406268686056,resize_050,0.5
real_00480.jpeg,test,real,0,1,0.9782122373580933,resize_050,0.5
real_00210.jpeg,test,real,0,0,0.005708813201636076,resize_050,0.5
real_00301.jpeg,test,real,0,1,0.8800255060195923,resize_050,0.5
real_00574.jpeg,test,real,0,1,0.9924772381782532,resize_050,0.5
real_00134.jpeg,test,real,0,1,0.9713342785835266,resize_050,0.5
real_00597.jpeg,test,real,0,1,0.9995797276496887,resize_050,0.5
real_00281.jpeg,test,real,0,1,0.9921984076499939,resize_050,0.5
real_00332.jpeg,test,real,0,1,0.7805558443069458,resize_050,0.5
real_00415.jpeg,test,real,0,0,0.11068247258663177,resize_050,0.5
real_00093.jpeg,test,real,0,1,0.9583225846290588,resize_050,0.5
real_00526.jpeg,test,real,0,0,0.005606319289654493,resize_050,0.5
real_00259.jpeg,test,real,0,0,0.26567384600639343,resize_050,0.5
real_00128.jpeg,test,real,0,1,0.9293117523193359,resize_050,0.5
real_00173.jpeg,test,real,0,0,0.008894478902220726,resize_050,0.5
real_00005.jpeg,test,real,0,0,1.743657094266382e-07,resize_050,0.5
real_00532.jpeg,test,real,0,1,0.9967284202575684,resize_050,0.5
real_00061.jpeg,test,real,0,0,0.48883193731307983,resize_050,0.5
real_00313.jpeg,test,real,0,0,0.02903544344007969,resize_050,0.5
real_00130.jpeg,test,real,0,0,0.0049544344656169415,resize_050,0.5
real_00454.jpeg,test,real,0,0,0.060894109308719635,resize_050,0.5
real_00204.jpeg,test,real,0,1,0.575522780418396,resize_050,0.5
real_00337.jpeg,test,real,0,1,0.8652892708778381,resize_050,0.5
real_00195.jpeg,test,real,0,0,0.11105051636695862,resize_050,0.5
real_00187.jpeg,test,real,0,0,0.021906578913331032,resize_050,0.5
real_00489.jpeg,test,real,0,0,9.877204865915701e-05,resize_050,0.5
real_00385.jpeg,test,real,0,0,0.2982850670814514,resize_050,0.5
real_00221.jpeg,test,real,0,0,0.0011086034355685115,resize_050,0.5
real_00027.jpeg,test,real,0,1,0.9926026463508606,resize_050,0.5
real_00022.jpeg,test,real,0,0,0.007268046960234642,resize_050,0.5
real_00331.jpeg,test,real,0,1,0.9602373838424683,resize_050,0.5
real_00159.jpeg,test,real,0,0,3.2054540497483686e-05,resize_050,0.5
real_00068.jpeg,test,real,0,1,0.7269787192344666,resize_050,0.5
real_00127.jpeg,test,real,0,0,3.0262614018283784e-05,resize_050,0.5
real_00420.jpeg,test,real,0,1,0.9901517033576965,resize_050,0.5
real_00510.jpeg,test,real,0,1,0.6920573711395264,resize_050,0.5
real_00106.jpeg,test,real,0,1,0.8890151977539062,resize_050,0.5
real_00599.jpeg,test,real,0,0,0.4507250487804413,resize_050,0.5
real_00419.jpeg,test,real,0,0,0.03461560234427452,resize_050,0.5
real_00286.jpeg,test,real,0,1,0.9999980926513672,resize_050,0.5
real_00341.jpeg,test,real,0,0,0.085740827023983,resize_050,0.5
real_00263.jpeg,test,real,0,0,0.2398020476102829,resize_050,0.5
real_00255.jpeg,test,real,0,1,0.994326651096344,resize_050,0.5
real_00335.jpeg,test,real,0,1,0.5119080543518066,resize_050,0.5
real_00174.jpeg,test,real,0,0,0.06125563010573387,resize_050,0.5
real_00243.jpeg,test,real,0,1,0.6820980310440063,resize_050,0.5
real_00140.jpeg,test,real,0,1,0.9622618556022644,resize_050,0.5
real_00582.jpeg,test,real,0,1,0.8967591524124146,resize_050,0.5
real_00542.jpeg,test,real,0,1,0.9986370205879211,resize_050,0.5
real_00547.jpeg,test,real,0,1,0.8819283843040466,resize_050,0.5
real_00287.jpeg,test,real,0,1,0.9991505146026611,resize_050,0.5
real_00144.jpeg,test,real,0,0,0.40474796295166016,resize_050,0.5
real_00214.jpeg,test,real,0,0,0.045848894864320755,resize_050,0.5
real_00234.jpeg,test,real,0,1,0.9688336253166199,resize_050,0.5
real_00595.jpeg,test,real,0,0,0.02193905971944332,resize_050,0.5
real_00075.jpeg,test,real,0,0,5.742419375565078e-07,resize_050,0.5
real_00295.jpeg,test,real,0,1,0.7641666531562805,resize_050,0.5
real_00070.jpeg,test,real,0,0,0.19986797869205475,resize_050,0.5
real_00148.jpeg,test,real,0,0,0.006116566248238087,resize_050,0.5
real_00491.jpeg,test,real,0,1,0.999568521976471,resize_050,0.5
real_00090.jpeg,test,real,0,0,0.006079123821109533,resize_050,0.5
real_00063.jpeg,test,real,0,0,0.474513441324234,resize_050,0.5
real_00334.jpeg,test,real,0,1,0.8355671763420105,resize_050,0.5
real_00530.jpeg,test,real,0,0,0.34355872869491577,resize_050,0.5
real_00069.jpeg,test,real,0,0,0.340596467256546,resize_050,0.5
real_00109.jpeg,test,real,0,0,0.3481801450252533,resize_050,0.5
real_00321.jpeg,test,real,0,1,0.7862017154693604,resize_050,0.5
real_00126.jpeg,test,real,0,1,0.727329432964325,resize_050,0.5
real_00358.jpeg,test,real,0,1,0.9955289959907532,resize_050,0.5
real_00364.jpeg,test,real,0,0,0.0043180896900594234,resize_050,0.5
real_00209.jpeg,test,real,0,0,0.24425141513347626,resize_050,0.5
real_00292.jpeg,test,real,0,1,0.7444594502449036,resize_050,0.5
real_00473.jpeg,test,real,0,1,0.5319366455078125,resize_050,0.5
real_00367.jpeg,test,real,0,0,0.034553561359643936,resize_050,0.5
real_00228.jpeg,test,real,0,0,0.14926795661449432,resize_050,0.5
real_00463.jpeg,test,real,0,0,0.03747792914509773,resize_050,0.5
real_00529.jpeg,test,real,0,1,0.9967688322067261,resize_050,0.5
real_00376.jpeg,test,real,0,0,0.013905433937907219,resize_050,0.5
real_00089.jpeg,test,real,0,1,0.8519272208213806,resize_050,0.5
real_00409.jpeg,test,real,0,0,0.0012069875374436378,resize_050,0.5
real_00456.jpeg,test,real,0,0,0.19695527851581573,resize_050,0.5
real_00378.jpeg,test,real,0,1,0.8779155015945435,resize_050,0.5
real_00596.jpeg,test,real,0,1,0.6744667887687683,resize_050,0.5
real_00477.jpeg,test,real,0,1,0.924298107624054,resize_050,0.5
real_00261.jpeg,test,real,0,0,0.38721051812171936,resize_050,0.5
real_00273.jpeg,test,real,0,0,0.4117187261581421,resize_050,0.5
real_00100.jpeg,test,real,0,0,2.1068375644972548e-05,resize_050,0.5
real_00080.jpeg,test,real,0,0,0.01949845626950264,resize_050,0.5
real_00009.jpeg,test,real,0,1,0.9740643501281738,resize_050,0.5
real_00167.jpeg,test,real,0,0,1.8682847439777106e-05,resize_050,0.5
real_00571.jpeg,test,real,0,1,0.9920405745506287,resize_050,0.5
real_00218.jpeg,test,real,0,0,0.02831176109611988,resize_050,0.5
real_00355.jpeg,test,real,0,1,0.8363834619522095,resize_050,0.5
real_00406.jpeg,test,real,0,1,0.9023327827453613,resize_050,0.5
real_00302.jpeg,test,real,0,0,0.46715372800827026,resize_050,0.5
real_00010.jpeg,test,real,0,1,0.8816573023796082,resize_050,0.5
real_00405.jpeg,test,real,0,0,0.12832887470722198,resize_050,0.5
real_00447.jpeg,test,real,0,0,0.38908061385154724,resize_050,0.5
real_00379.jpeg,test,real,0,0,0.0007448192336596549,resize_050,0.5
real_00319.jpeg,test,real,0,1,0.9649084210395813,resize_050,0.5
real_00543.jpeg,test,real,0,1,0.9999836683273315,resize_050,0.5
real_00539.jpeg,test,real,0,0,0.41776615381240845,resize_050,0.5
real_00579.jpeg,test,real,0,1,0.7049940824508667,resize_050,0.5
real_00459.jpeg,test,real,0,1,0.9946897029876709,resize_050,0.5
real_00587.jpeg,test,real,0,0,0.23974505066871643,resize_050,0.5
real_00114.jpeg,test,real,0,0,0.1453930139541626,resize_050,0.5
real_00479.jpeg,test,real,0,0,0.08808377385139465,resize_050,0.5
real_00488.jpeg,test,real,0,1,0.9984638690948486,resize_050,0.5
real_00360.jpeg,test,real,0,0,0.04088081419467926,resize_050,0.5
real_00363.jpeg,test,real,0,1,0.5784839987754822,resize_050,0.5
real_00350.jpeg,test,real,0,0,0.0002866566937882453,resize_050,0.5
real_00441.jpeg,test,real,0,1,0.9909111857414246,resize_050,0.5
real_00003.jpeg,test,real,0,1,0.9295473694801331,resize_050,0.5
real_00217.jpeg,test,real,0,0,0.2394208461046219,resize_050,0.5
real_00465.jpeg,test,real,0,1,0.9999306201934814,resize_050,0.5
real_00442.jpeg,test,real,0,1,0.8345266580581665,resize_050,0.5
real_00233.jpeg,test,real,0,0,0.3057694137096405,resize_050,0.5
real_00161.jpeg,test,real,0,1,0.9685700535774231,resize_050,0.5
real_00412.jpeg,test,real,0,1,0.9999892711639404,resize_050,0.5
real_00468.jpeg,test,real,0,1,0.9894519448280334,resize_050,0.5
real_00125.jpeg,test,real,0,1,0.7323399782180786,resize_050,0.5
real_00186.jpeg,test,real,0,0,0.018505528569221497,resize_050,0.5
real_00172.jpeg,test,real,0,0,0.12264366447925568,resize_050,0.5
real_00467.jpeg,test,real,0,1,0.5277406573295593,resize_050,0.5
real_00323.jpeg,test,real,0,0,0.025672389194369316,resize_050,0.5
real_00203.jpeg,test,real,0,0,0.014382998459041119,resize_050,0.5
real_00552.jpeg,test,real,0,0,0.3561302125453949,resize_050,0.5
real_00034.jpeg,test,real,0,0,0.2535143494606018,resize_050,0.5
real_00142.jpeg,test,real,0,1,0.9406651258468628,resize_050,0.5
real_00059.jpeg,test,real,0,1,0.998175859451294,resize_050,0.5
real_00021.jpeg,test,real,0,0,0.3293919861316681,resize_050,0.5
real_00525.jpeg,test,real,0,1,0.968296229839325,resize_050,0.5
real_00275.jpeg,test,real,0,1,0.5588875412940979,resize_050,0.5
real_00430.jpeg,test,real,0,0,0.006251334212720394,resize_050,0.5
real_00349.jpeg,test,real,0,0,0.01094597578048706,resize_050,0.5
real_00373.jpeg,test,real,0,1,0.9996911287307739,resize_050,0.5
real_00078.jpeg,test,real,0,0,0.054167695343494415,resize_050,0.5
real_00437.jpeg,test,real,0,0,0.0011538842227309942,resize_050,0.5
real_00520.jpeg,test,real,0,0,0.1680634617805481,resize_050,0.5
real_00564.jpeg,test,real,0,1,0.9395453929901123,resize_050,0.5
real_00578.jpeg,test,real,0,1,0.7864277958869934,resize_050,0.5
real_00225.jpeg,test,real,0,0,0.025829507037997246,resize_050,0.5
real_00232.jpeg,test,real,0,1,0.8756017684936523,resize_050,0.5
real_00194.jpeg,test,real,0,0,8.661395258968696e-05,resize_050,0.5
real_00278.jpeg,test,real,0,1,0.6526752710342407,resize_050,0.5
real_00168.jpeg,test,real,0,0,0.004506681580096483,resize_050,0.5
real_00145.jpeg,test,real,0,1,0.9999232292175293,resize_050,0.5
real_00495.jpeg,test,real,0,0,0.00036227633245289326,resize_050,0.5
real_00236.jpeg,test,real,0,1,0.6181429028511047,resize_050,0.5
real_00121.jpeg,test,real,0,0,0.14611972868442535,resize_050,0.5
real_00455.jpeg,test,real,0,1,0.9975370168685913,resize_050,0.5
real_00177.jpeg,test,real,0,1,0.8522120714187622,resize_050,0.5
real_00485.jpeg,test,real,0,0,0.12660467624664307,resize_050,0.5
real_00136.jpeg,test,real,0,1,0.8313506841659546,resize_050,0.5
real_00054.jpeg,test,real,0,1,0.8006325364112854,resize_050,0.5
real_00470.jpeg,test,real,0,0,0.20512016117572784,resize_050,0.5
real_00118.jpeg,test,real,0,0,0.00034057023003697395,resize_050,0.5
real_00153.jpeg,test,real,0,0,0.026238026097416878,resize_050,0.5
real_00384.jpeg,test,real,0,0,0.2672387659549713,resize_050,0.5
real_00115.jpeg,test,real,0,0,0.021704621613025665,resize_050,0.5
real_00101.jpeg,test,real,0,0,0.10511993616819382,resize_050,0.5
real_00327.jpeg,test,real,0,1,0.7402139902114868,resize_050,0.5
real_00164.jpeg,test,real,0,0,0.10814116150140762,resize_050,0.5
real_00538.jpeg,test,real,0,0,0.06165488064289093,resize_050,0.5
real_00049.jpeg,test,real,0,1,0.6843286156654358,resize_050,0.5
real_00544.jpeg,test,real,0,0,0.3265713155269623,resize_050,0.5
real_00154.jpeg,test,real,0,0,0.007349863648414612,resize_050,0.5
real_00215.jpeg,test,real,0,1,0.8185938596725464,resize_050,0.5
real_00124.jpeg,test,real,0,1,0.9336694478988647,resize_050,0.5
real_00223.jpeg,test,real,0,1,0.6308693289756775,resize_050,0.5
real_00065.jpeg,test,real,0,1,0.9999974966049194,resize_050,0.5
real_00282.jpeg,test,real,0,0,0.010454355739057064,resize_050,0.5
real_00267.jpeg,test,real,0,0,0.19829542934894562,resize_050,0.5
real_00343.jpeg,test,real,0,1,0.6427274942398071,resize_050,0.5
real_00421.jpeg,test,real,0,0,4.485906902118586e-05,resize_050,0.5
real_00531.jpeg,test,real,0,0,0.023784900084137917,resize_050,0.5
real_00575.jpeg,test,real,0,0,0.024355733767151833,resize_050,0.5
real_00290.jpeg,test,real,0,0,0.2967399060726166,resize_050,0.5
real_00336.jpeg,test,real,0,0,0.12063147872686386,resize_050,0.5
real_00306.jpeg,test,real,0,0,0.23148976266384125,resize_050,0.5
real_00231.jpeg,test,real,0,0,0.03219743072986603,resize_050,0.5
real_00002.jpeg,test,real,0,1,0.6564884781837463,resize_050,0.5
real_00504.jpeg,test,real,0,0,0.18482397496700287,resize_050,0.5
real_00536.jpeg,test,real,0,0,0.31647661328315735,resize_050,0.5
real_00362.jpeg,test,real,0,0,0.005703456234186888,resize_050,0.5
real_00199.jpeg,test,real,0,0,0.026628410443663597,resize_050,0.5
real_00023.jpeg,test,real,0,0,0.0068799578584730625,resize_050,0.5
real_00433.jpeg,test,real,0,1,0.943821907043457,resize_050,0.5
real_00484.jpeg,test,real,0,1,0.8856649994850159,resize_050,0.5
real_00110.jpeg,test,real,0,0,0.0006259824149310589,resize_050,0.5
real_00305.jpeg,test,real,0,1,0.9694436192512512,resize_050,0.5
real_00352.jpeg,test,real,0,1,0.9987713694572449,resize_050,0.5
real_00256.jpeg,test,real,0,1,0.9642714262008667,resize_050,0.5
real_00404.jpeg,test,real,0,1,0.9898125529289246,resize_050,0.5
real_00523.jpeg,test,real,0,1,0.55789715051651,resize_050,0.5
real_00513.jpeg,test,real,0,1,0.5637458562850952,resize_050,0.5
real_00108.jpeg,test,real,0,0,0.16014857590198517,resize_050,0.5
real_00119.jpeg,test,real,0,1,0.9189420938491821,resize_050,0.5
real_00511.jpeg,test,real,0,0,0.3037433326244354,resize_050,0.5
real_00073.jpeg,test,real,0,0,9.117252920987085e-05,resize_050,0.5
real_00469.jpeg,test,real,0,0,0.003471361706033349,resize_050,0.5
real_00035.jpeg,test,real,0,0,9.162268725049216e-06,resize_050,0.5
real_00427.jpeg,test,real,0,0,0.005155043210834265,resize_050,0.5
real_00000.jpeg,test,real,0,0,0.015862591564655304,resize_050,0.5
real_00066.jpeg,test,real,0,0,0.0451245978474617,resize_050,0.5
real_00052.jpeg,test,real,0,0,0.004502430558204651,resize_050,0.5
real_00483.jpeg,test,real,0,0,0.00028069227118976414,resize_050,0.5
real_00020.jpeg,test,real,0,1,0.998701810836792,resize_050,0.5
real_00540.jpeg,test,real,0,0,0.126466304063797,resize_050,0.5
real_00383.jpeg,test,real,0,0,0.02055802009999752,resize_050,0.5
real_00129.jpeg,test,real,0,0,0.1481282114982605,resize_050,0.5
real_00505.jpeg,test,real,0,0,6.41468022877234e-06,resize_050,0.5
real_00517.jpeg,test,real,0,0,0.2983326315879822,resize_050,0.5
real_00291.jpeg,test,real,0,0,0.054010290652513504,resize_050,0.5
real_00328.jpeg,test,real,0,1,0.9989588260650635,resize_050,0.5
real_00082.jpeg,test,real,0,0,0.0012437227414920926,resize_050,0.5
real_00413.jpeg,test,real,0,1,0.9976010918617249,resize_050,0.5
real_00201.jpeg,test,real,0,0,0.10605312138795853,resize_050,0.5
real_00422.jpeg,test,real,0,1,0.9556026458740234,resize_050,0.5
real_00481.jpeg,test,real,0,1,0.9999232292175293,resize_050,0.5
real_00249.jpeg,test,real,0,0,0.05005209892988205,resize_050,0.5
real_00591.jpeg,test,real,0,1,0.9990381002426147,resize_050,0.5
real_00103.jpeg,test,real,0,0,0.38608136773109436,resize_050,0.5
real_00058.jpeg,test,real,0,0,0.18538792431354523,resize_050,0.5
real_00029.jpeg,test,real,0,1,0.9984254837036133,resize_050,0.5
real_00551.jpeg,test,real,0,1,0.8240493535995483,resize_050,0.5
real_00453.jpeg,test,real,0,1,1.0,resize_050,0.5
real_00041.jpeg,test,real,0,0,0.01745990850031376,resize_050,0.5
real_00316.jpeg,test,real,0,0,0.15371066331863403,resize_050,0.5
real_00449.jpeg,test,real,0,0,0.09327685832977295,resize_050,0.5
real_00198.jpeg,test,real,0,0,0.4819987416267395,resize_050,0.5
real_00310.jpeg,test,real,0,1,0.5787124037742615,resize_050,0.5
real_00205.jpeg,test,real,0,0,0.08458301424980164,resize_050,0.5
real_00011.jpeg,test,real,0,0,0.4157492220401764,resize_050,0.5
real_00556.jpeg,test,real,0,1,0.7970264554023743,resize_050,0.5
real_00294.jpeg,test,real,0,0,0.015920624136924744,resize_050,0.5
real_00112.jpeg,test,real,0,1,0.9999967813491821,resize_050,0.5
real_00170.jpeg,test,real,0,0,0.05358406528830528,resize_050,0.5
real_00569.jpeg,test,real,0,0,0.0017539130058139563,resize_050,0.5
real_00318.jpeg,test,real,0,0,0.014539501629769802,resize_050,0.5
real_00397.jpeg,test,real,0,0,0.03132433071732521,resize_050,0.5
real_00014.jpeg,test,real,0,1,0.8115105628967285,resize_050,0.5
real_00196.jpeg,test,real,0,0,2.2677078964639108e-11,resize_050,0.5
real_00191.jpeg,test,real,0,1,0.9017124176025391,resize_050,0.5
real_00192.jpeg,test,real,0,0,0.0813654214143753,resize_050,0.5
real_00353.jpeg,test,real,0,1,0.949108898639679,resize_050,0.5
real_00254.jpeg,test,real,0,0,0.012691754847764969,resize_050,0.5
real_00169.jpeg,test,real,0,0,0.345366895198822,resize_050,0.5
real_00370.jpeg,test,real,0,0,1.13252576738887e-06,resize_050,0.5
real_00004.jpeg,test,real,0,1,0.872362494468689,resize_050,0.5
real_00368.jpeg,test,real,0,1,0.654559314250946,resize_050,0.5
real_00417.jpeg,test,real,0,1,0.7573102712631226,resize_050,0.5
real_00333.jpeg,test,real,0,1,0.7774065732955933,resize_050,0.5
real_00123.jpeg,test,real,0,0,0.24613499641418457,resize_050,0.5
real_00380.jpeg,test,real,0,1,0.8092864155769348,resize_050,0.5
real_00179.jpeg,test,real,0,1,0.6839941143989563,resize_050,0.5
real_00400.jpeg,test,real,0,1,0.9492791295051575,resize_050,0.5
real_00369.jpeg,test,real,0,1,0.9730041027069092,resize_050,0.5
real_00051.jpeg,test,real,0,1,0.9522573351860046,resize_050,0.5
real_00097.jpeg,test,real,0,0,1.5189317309705075e-05,resize_050,0.5
real_00515.jpeg,test,real,0,1,0.6970131993293762,resize_050,0.5
real_00446.jpeg,test,real,0,1,0.626282274723053,resize_050,0.5
real_00155.jpeg,test,real,0,0,0.20208775997161865,resize_050,0.5
real_00277.jpeg,test,real,0,0,0.05207674577832222,resize_050,0.5
real_00098.jpeg,test,real,0,0,0.0036112230736762285,resize_050,0.5
real_00107.jpeg,test,real,0,1,0.9994725584983826,resize_050,0.5
real_00087.jpeg,test,real,0,0,0.0117716733366251,resize_050,0.5
real_00565.jpeg,test,real,0,1,0.9764364957809448,resize_050,0.5
real_00280.jpeg,test,real,0,0,0.0010719641577452421,resize_050,0.5
real_00507.jpeg,test,real,0,0,0.00044025800889357924,resize_050,0.5
real_00326.jpeg,test,real,0,0,0.3901040852069855,resize_050,0.5
real_00244.jpeg,test,real,0,0,0.0005573751986958086,resize_050,0.5
real_00033.jpeg,test,real,0,0,0.17145906388759613,resize_050,0.5
real_00064.jpeg,test,real,0,0,0.015093247406184673,resize_050,0.5
real_00013.jpeg,test,real,0,0,4.379333404358476e-06,resize_050,0.5
real_00183.jpeg,test,real,0,1,0.5046699047088623,resize_050,0.5
real_00030.jpeg,test,real,0,0,0.4774089455604553,resize_050,0.5
real_00474.jpeg,test,real,0,0,0.1382700502872467,resize_050,0.5
real_00558.jpeg,test,real,0,1,0.5908944606781006,resize_050,0.5
real_00088.jpeg,test,real,0,0,0.09489622712135315,resize_050,0.5
real_00436.jpeg,test,real,0,1,0.8047980666160583,resize_050,0.5
real_00518.jpeg,test,real,0,0,0.04886040464043617,resize_050,0.5
real_00111.jpeg,test,real,0,0,0.003274639369919896,resize_050,0.5
real_00122.jpeg,test,real,0,1,0.9909719228744507,resize_050,0.5
real_00461.jpeg,test,real,0,0,0.35761845111846924,resize_050,0.5
real_00239.jpeg,test,real,0,0,0.00869213417172432,resize_050,0.5
real_00408.jpeg,test,real,0,0,0.0842323750257492,resize_050,0.5
real_00460.jpeg,test,real,0,1,0.6028372645378113,resize_050,0.5
real_00138.jpeg,test,real,0,0,0.08282624930143356,resize_050,0.5
real_00429.jpeg,test,real,0,0,0.05479731038212776,resize_050,0.5
real_00462.jpeg,test,real,0,0,5.9684614825528115e-05,resize_050,0.5
real_00113.jpeg,test,real,0,1,0.8625959157943726,resize_050,0.5
real_00391.jpeg,test,real,0,0,0.006662525702267885,resize_050,0.5
real_00303.jpeg,test,real,0,0,0.0005253904964774847,resize_050,0.5
real_00592.jpeg,test,real,0,0,2.267606760142371e-06,resize_050,0.5
real_00157.jpeg,test,real,0,0,0.14285875856876373,resize_050,0.5
real_00475.jpeg,test,real,0,0,0.11851998418569565,resize_050,0.5
real_00071.jpeg,test,real,0,1,0.954816997051239,resize_050,0.5
real_00235.jpeg,test,real,0,0,0.20925159752368927,resize_050,0.5
real_00067.jpeg,test,real,0,0,0.07762958109378815,resize_050,0.5
real_00502.jpeg,test,real,0,0,0.09539710730314255,resize_050,0.5
real_00099.jpeg,test,real,0,0,0.012218676507472992,resize_050,0.5
real_00508.jpeg,test,real,0,0,0.15127088129520416,resize_050,0.5
real_00036.jpeg,test,real,0,1,0.642315685749054,resize_050,0.5
real_00149.jpeg,test,real,0,0,0.00020409375429153442,resize_050,0.5
real_00220.jpeg,test,real,0,0,0.2031679004430771,resize_050,0.5
real_00418.jpeg,test,real,0,0,0.08638302981853485,resize_050,0.5
real_00466.jpeg,test,real,0,1,0.6396585702896118,resize_050,0.5
real_00120.jpeg,test,real,0,0,0.28374141454696655,resize_050,0.5
real_00139.jpeg,test,real,0,1,0.5448017120361328,resize_050,0.5
real_00589.jpeg,test,real,0,1,0.9994128942489624,resize_050,0.5
real_00276.jpeg,test,real,0,1,0.6513456702232361,resize_050,0.5
real_00377.jpeg,test,real,0,1,0.7306907773017883,resize_050,0.5
real_00175.jpeg,test,real,0,1,0.6563182473182678,resize_050,0.5
real_00001.jpeg,test,real,0,1,0.9645628333091736,resize_050,0.5
real_00424.jpeg,test,real,0,0,0.010959101840853691,resize_050,0.5
real_00197.jpeg,test,real,0,0,0.010805346071720123,resize_050,0.5
real_00246.jpeg,test,real,0,0,0.2649891972541809,resize_050,0.5
real_00325.jpeg,test,real,0,0,0.35273560881614685,resize_050,0.5
real_00150.jpeg,test,real,0,0,3.648309575510211e-05,resize_050,0.5
real_00501.jpeg,test,real,0,0,0.07252547144889832,resize_050,0.5
real_00428.jpeg,test,real,0,0,0.39187705516815186,resize_050,0.5
real_00222.jpeg,test,real,0,1,0.8685283660888672,resize_050,0.5
real_00045.jpeg,test,real,0,0,0.37422195076942444,resize_050,0.5
real_00338.jpeg,test,real,0,0,0.05519994720816612,resize_050,0.5
real_00390.jpeg,test,real,0,0,0.06093946844339371,resize_050,0.5
real_00062.jpeg,test,real,0,1,0.9963590502738953,resize_050,0.5
real_00426.jpeg,test,real,0,0,0.14101283252239227,resize_050,0.5
real_00247.jpeg,test,real,0,0,0.30401813983917236,resize_050,0.5
real_00152.jpeg,test,real,0,0,0.1401931196451187,resize_050,0.5
real_00156.jpeg,test,real,0,0,0.014044346287846565,resize_050,0.5
real_00084.jpeg,test,real,0,1,0.9998350143432617,resize_050,0.5
real_00212.jpeg,test,real,0,0,0.40550553798675537,resize_050,0.5
real_00184.jpeg,test,real,0,0,0.4287636876106262,resize_050,0.5
real_00309.jpeg,test,real,0,0,0.18556225299835205,resize_050,0.5
real_00423.jpeg,test,real,0,1,0.9569264054298401,resize_050,0.5
real_00095.jpeg,test,real,0,0,0.0050389934331178665,resize_050,0.5
real_00264.jpeg,test,real,0,0,0.2827903926372528,resize_050,0.5
real_00105.jpeg,test,real,0,0,0.19222064316272736,resize_050,0.5
real_00024.jpeg,test,real,0,0,0.0010795060079544783,resize_050,0.5
real_00293.jpeg,test,real,0,0,0.0033132790122181177,resize_050,0.5
real_00311.jpeg,test,real,0,0,0.37987104058265686,resize_050,0.5
real_00032.jpeg,test,real,0,0,0.41617897152900696,resize_050,0.5
real_00374.jpeg,test,real,0,0,0.026897558942437172,resize_050,0.5
real_00492.jpeg,test,real,0,0,0.28840717673301697,resize_050,0.5
real_00162.jpeg,test,real,0,0,0.4922102093696594,resize_050,0.5
real_00588.jpeg,test,real,0,0,0.055627305060625076,resize_050,0.5
real_00411.jpeg,test,real,0,0,0.18469731509685516,resize_050,0.5
real_00241.jpeg,test,real,0,1,0.5644960403442383,resize_050,0.5
real_00432.jpeg,test,real,0,1,0.6412801742553711,resize_050,0.5
real_00025.jpeg,test,real,0,1,0.6500318646430969,resize_050,0.5
real_00079.jpeg,test,real,0,1,0.996840238571167,resize_050,0.5
real_00351.jpeg,test,real,0,1,0.8841469883918762,resize_050,0.5
real_00590.jpeg,test,real,0,0,0.06832646578550339,resize_050,0.5
real_00240.jpeg,test,real,0,1,0.5793513059616089,resize_050,0.5
real_00583.jpeg,test,real,0,0,0.03829890862107277,resize_050,0.5
real_00116.jpeg,test,real,0,1,0.8427906632423401,resize_050,0.5
real_00081.jpeg,test,real,0,0,0.05707365646958351,resize_050,0.5
real_00224.jpeg,test,real,0,1,0.9260187149047852,resize_050,0.5
real_00372.jpeg,test,real,0,0,0.11449313908815384,resize_050,0.5
real_00074.jpeg,test,real,0,0,0.002983873011544347,resize_050,0.5
real_00555.jpeg,test,real,0,0,0.0007728769560344517,resize_050,0.5
real_00399.jpeg,test,real,0,0,0.12646344304084778,resize_050,0.5
real_00308.jpeg,test,real,0,0,0.13612407445907593,resize_050,0.5
real_00132.jpeg,test,real,0,1,0.5926075577735901,resize_050,0.5
real_00478.jpeg,test,real,0,1,0.99671471118927,resize_050,0.5
real_00435.jpeg,test,real,0,0,0.1373131275177002,resize_050,0.5
real_00072.jpeg,test,real,0,0,0.16978654265403748,resize_050,0.5
real_00037.jpeg,test,real,0,1,0.9999750852584839,resize_050,0.5
real_00272.jpeg,test,real,0,1,0.9997475743293762,resize_050,0.5
real_00102.jpeg,test,real,0,0,0.4562748670578003,resize_050,0.5
real_00044.jpeg,test,real,0,1,0.8525121808052063,resize_050,0.5
real_00546.jpeg,test,real,0,1,0.688872754573822,resize_050,0.5
real_00146.jpeg,test,real,0,0,0.103571318089962,resize_050,0.5
real_00361.jpeg,test,real,0,0,0.2291853278875351,resize_050,0.5
real_00498.jpeg,test,real,0,1,0.9759050011634827,resize_050,0.5
real_00567.jpeg,test,real,0,0,0.002766648307442665,resize_050,0.5
real_00229.jpeg,test,real,0,1,0.7525733113288879,resize_050,0.5
real_00573.jpeg,test,real,0,0,0.18564213812351227,resize_050,0.5
real_00452.jpeg,test,real,0,1,0.7617977857589722,resize_050,0.5
real_00258.jpeg,test,real,0,0,0.11109989881515503,resize_050,0.5
real_00581.jpeg,test,real,0,0,0.12341347336769104,resize_050,0.5
real_00340.jpeg,test,real,0,0,0.49810105562210083,resize_050,0.5
real_00516.jpeg,test,real,0,1,0.9257773160934448,resize_050,0.5
real_00524.jpeg,test,real,0,0,0.04302700236439705,resize_050,0.5
real_00554.jpeg,test,real,0,0,0.45767202973365784,resize_050,0.5
real_00299.jpeg,test,real,0,0,8.7725420598872e-06,resize_050,0.5
real_00439.jpeg,test,real,0,0,0.031363897025585175,resize_050,0.5
real_00166.jpeg,test,real,0,0,0.02067684940993786,resize_050,0.5
real_00392.jpeg,test,real,0,0,0.21435615420341492,resize_050,0.5
real_00086.jpeg,test,real,0,0,0.011525173671543598,resize_050,0.5
real_00537.jpeg,test,real,0,1,0.9394943714141846,resize_050,0.5
real_00431.jpeg,test,real,0,0,0.007793767377734184,resize_050,0.5
real_00389.jpeg,test,real,0,0,0.057418014854192734,resize_050,0.5
real_00534.jpeg,test,real,0,0,0.00283920974470675,resize_050,0.5
real_00541.jpeg,test,real,0,0,0.0003381019050721079,resize_050,0.5
real_00094.jpeg,test,real,0,1,0.979665219783783,resize_050,0.5
real_00226.jpeg,test,real,0,0,0.05387182906270027,resize_050,0.5
real_00200.jpeg,test,real,0,0,0.05932600796222687,resize_050,0.5
real_00330.jpeg,test,real,0,1,0.6120155453681946,resize_050,0.5
real_00091.jpeg,test,real,0,1,0.9647746086120605,resize_050,0.5
real_00472.jpeg,test,real,0,0,0.03109159879386425,resize_050,0.5
real_00493.jpeg,test,real,0,0,0.04340270534157753,resize_050,0.5
real_00053.jpeg,test,real,0,0,0.38154518604278564,resize_050,0.5
real_00298.jpeg,test,real,0,1,0.6375025510787964,resize_050,0.5
real_00366.jpeg,test,real,0,0,0.46138566732406616,resize_050,0.5
real_00182.jpeg,test,real,0,0,0.08658985793590546,resize_050,0.5
real_00490.jpeg,test,real,0,0,0.026756526902318,resize_050,0.5
real_00593.jpeg,test,real,0,1,0.9792413115501404,resize_050,0.5
real_00137.jpeg,test,real,0,0,0.278067409992218,resize_050,0.5
real_00314.jpeg,test,real,0,1,0.718235194683075,resize_050,0.5
real_00471.jpeg,test,real,0,0,0.43625307083129883,resize_050,0.5
real_00365.jpeg,test,real,0,0,0.04129783436655998,resize_050,0.5
real_00042.jpeg,test,real,0,0,0.00021644640946760774,resize_050,0.5
real_00448.jpeg,test,real,0,1,0.9764276146888733,resize_050,0.5
real_00188.jpeg,test,real,0,0,0.0756480023264885,resize_050,0.5
real_00245.jpeg,test,real,0,1,0.6461729407310486,resize_050,0.5
real_00509.jpeg,test,real,0,0,1.0737933735072147e-05,resize_050,0.5
real_00265.jpeg,test,real,0,0,0.07270992547273636,resize_050,0.5
real_00443.jpeg,test,real,0,0,0.32253286242485046,resize_050,0.5
real_00284.jpeg,test,real,0,0,0.31770452857017517,resize_050,0.5
real_00386.jpeg,test,real,0,0,0.06667798012495041,resize_050,0.5
real_00548.jpeg,test,real,0,0,9.321136531070806e-06,resize_050,0.5
real_00487.jpeg,test,real,0,0,0.05074864253401756,resize_050,0.5
real_00549.jpeg,test,real,0,1,0.9995934367179871,resize_050,0.5
real_00315.jpeg,test,real,0,0,0.05920984968543053,resize_050,0.5
real_00464.jpeg,test,real,0,0,0.2517552673816681,resize_050,0.5
midjourney_00068.png,test,midjourney,1,0,0.02351263165473938,resize_050,0.5
vqdm_00062.png,test,vqdm,1,1,1.0,resize_050,0.5
adm_00019.png,test,adm,1,1,0.9999998807907104,resize_050,0.5
midjourney_00077.png,test,midjourney,1,0,0.003509248374029994,resize_050,0.5
adm_00074.png,test,adm,1,1,0.9999990463256836,resize_050,0.5
wukong_00038.png,test,wukong,1,1,0.999980092048645,resize_050,0.5
biggan_00049.png,test,biggan,1,1,0.9488340020179749,resize_050,0.5
midjourney_00036.png,test,midjourney,1,1,0.7846694588661194,resize_050,0.5
glide_00074.png,test,glide,1,1,0.9999990463256836,resize_050,0.5
sdv5_00043.png,test,sdv5,1,1,0.6533626914024353,resize_050,0.5
wukong_00067.png,test,wukong,1,1,0.9988069534301758,resize_050,0.5
vqdm_00041.png,test,vqdm,1,1,1.0,resize_050,0.5
wukong_00066.png,test,wukong,1,0,0.4818175137042999,resize_050,0.5
vqdm_00061.png,test,vqdm,1,1,1.0,resize_050,0.5
biggan_00010.png,test,biggan,1,1,0.9999997615814209,resize_050,0.5
midjourney_00011.png,test,midjourney,1,1,0.9999346733093262,resize_050,0.5
adm_00067.png,test,adm,1,1,1.0,resize_050,0.5
adm_00063.png,test,adm,1,1,1.0,resize_050,0.5
wukong_00015.png,test,wukong,1,1,0.9953356385231018,resize_050,0.5
vqdm_00004.png,test,vqdm,1,1,0.9999899864196777,resize_050,0.5
midjourney_00005.png,test,midjourney,1,1,0.735497772693634,resize_050,0.5
adm_00014.png,test,adm,1,1,1.0,resize_050,0.5
glide_00069.png,test,glide,1,1,1.0,resize_050,0.5
vqdm_00010.png,test,vqdm,1,1,1.0,resize_050,0.5
sdv5_00046.png,test,sdv5,1,1,0.9999765157699585,resize_050,0.5
wukong_00023.png,test,wukong,1,1,0.9966514706611633,resize_050,0.5
midjourney_00074.png,test,midjourney,1,1,0.9547398686408997,resize_050,0.5
midjourney_00039.png,test,midjourney,1,1,0.9701501727104187,resize_050,0.5
vqdm_00024.png,test,vqdm,1,1,1.0,resize_050,0.5
wukong_00075.png,test,wukong,1,1,0.9894831776618958,resize_050,0.5
biggan_00050.png,test,biggan,1,1,1.0,resize_050,0.5
midjourney_00059.png,test,midjourney,1,1,0.9401080012321472,resize_050,0.5
biggan_00029.png,test,biggan,1,1,1.0,resize_050,0.5
sdv5_00039.png,test,sdv5,1,1,0.999950647354126,resize_050,0.5
glide_00061.png,test,glide,1,1,0.9944633841514587,resize_050,0.5
biggan_00012.png,test,biggan,1,1,0.999873161315918,resize_050,0.5
biggan_00080.png,test,biggan,1,1,1.0,resize_050,0.5
glide_00053.png,test,glide,1,1,0.9998772144317627,resize_050,0.5
vqdm_00006.png,test,vqdm,1,1,1.0,resize_050,0.5
adm_00023.png,test,adm,1,1,1.0,resize_050,0.5
sdv5_00054.png,test,sdv5,1,1,0.9999970197677612,resize_050,0.5
midjourney_00021.png,test,midjourney,1,1,0.9970520734786987,resize_050,0.5
vqdm_00065.png,test,vqdm,1,1,0.996401309967041,resize_050,0.5
biggan_00055.png,test,biggan,1,1,0.9988403916358948,resize_050,0.5
wukong_00003.png,test,wukong,1,1,0.9999713897705078,resize_050,0.5
biggan_00022.png,test,biggan,1,1,0.9644048810005188,resize_050,0.5
biggan_00081.png,test,biggan,1,0,0.36256465315818787,resize_050,0.5
vqdm_00049.png,test,vqdm,1,1,1.0,resize_050,0.5
sdv5_00076.png,test,sdv5,1,1,0.9999998807907104,resize_050,0.5
vqdm_00011.png,test,vqdm,1,1,1.0,resize_050,0.5
adm_00039.png,test,adm,1,1,1.0,resize_050,0.5
glide_00023.png,test,glide,1,1,0.9999978542327881,resize_050,0.5
sdv5_00063.png,test,sdv5,1,1,0.9999947547912598,resize_050,0.5
biggan_00059.png,test,biggan,1,1,0.9994109869003296,resize_050,0.5
glide_00015.png,test,glide,1,1,1.0,resize_050,0.5
wukong_00047.png,test,wukong,1,1,0.999103307723999,resize_050,0.5
vqdm_00037.png,test,vqdm,1,1,0.9999954700469971,resize_050,0.5
wukong_00080.png,test,wukong,1,1,0.9999963045120239,resize_050,0.5
midjourney_00076.png,test,midjourney,1,1,0.9997616410255432,resize_050,0.5
sdv5_00061.png,test,sdv5,1,1,1.0,resize_050,0.5
adm_00029.png,test,adm,1,1,0.9999997615814209,resize_050,0.5
glide_00039.png,test,glide,1,1,1.0,resize_050,0.5
adm_00072.png,test,adm,1,1,1.0,resize_050,0.5
sdv5_00051.png,test,sdv5,1,1,1.0,resize_050,0.5
sdv5_00066.png,test,sdv5,1,1,0.9201575517654419,resize_050,0.5
midjourney_00078.png,test,midjourney,1,1,0.9999961853027344,resize_050,0.5
vqdm_00017.png,test,vqdm,1,1,0.7233267426490784,resize_050,0.5
sdv5_00073.png,test,sdv5,1,1,0.999849796295166,resize_050,0.5
midjourney_00045.png,test,midjourney,1,1,0.949853241443634,resize_050,0.5
vqdm_00073.png,test,vqdm,1,1,0.9995551705360413,resize_050,0.5
sdv5_00008.png,test,sdv5,1,1,0.9999979734420776,resize_050,0.5
midjourney_00061.png,test,midjourney,1,0,0.13633522391319275,resize_050,0.5
adm_00015.png,test,adm,1,1,1.0,resize_050,0.5
vqdm_00068.png,test,vqdm,1,1,1.0,resize_050,0.5
midjourney_00053.png,test,midjourney,1,1,0.9999997615814209,resize_050,0.5
sdv5_00050.png,test,sdv5,1,1,0.9999605417251587,resize_050,0.5
glide_00050.png,test,glide,1,1,1.0,resize_050,0.5
midjourney_00069.png,test,midjourney,1,1,0.7912691235542297,resize_050,0.5
glide_00038.png,test,glide,1,1,0.9993137121200562,resize_050,0.5
biggan_00011.png,test,biggan,1,1,0.9221661686897278,resize_050,0.5
biggan_00082.png,test,biggan,1,1,1.0,resize_050,0.5
wukong_00005.png,test,wukong,1,1,0.9999997615814209,resize_050,0.5
wukong_00014.png,test,wukong,1,1,0.9999998807907104,resize_050,0.5
midjourney_00071.png,test,midjourney,1,0,0.016435714438557625,resize_050,0.5
midjourney_00009.png,test,midjourney,1,1,0.9368359446525574,resize_050,0.5
midjourney_00044.png,test,midjourney,1,1,0.9829534292221069,resize_050,0.5
biggan_00017.png,test,biggan,1,1,1.0,resize_050,0.5
glide_00082.png,test,glide,1,1,0.9946920275688171,resize_050,0.5
glide_00037.png,test,glide,1,1,0.5746273398399353,resize_050,0.5
adm_00027.png,test,adm,1,1,1.0,resize_050,0.5
midjourney_00024.png,test,midjourney,1,1,0.9999998807907104,resize_050,0.5
glide_00033.png,test,glide,1,1,1.0,resize_050,0.5
midjourney_00007.png,test,midjourney,1,1,0.9916260242462158,resize_050,0.5
sdv5_00072.png,test,sdv5,1,1,0.9591811299324036,resize_050,0.5
wukong_00022.png,test,wukong,1,1,0.9998931884765625,resize_050,0.5
vqdm_00032.png,test,vqdm,1,0,0.025572093203663826,resize_050,0.5
glide_00009.png,test,glide,1,1,1.0,resize_050,0.5
biggan_00030.png,test,biggan,1,1,0.9054401516914368,resize_050,0.5
wukong_00057.png,test,wukong,1,1,0.9964085221290588,resize_050,0.5
adm_00079.png,test,adm,1,1,1.0,resize_050,0.5
vqdm_00031.png,test,vqdm,1,1,0.9999918937683105,resize_050,0.5
glide_00010.png,test,glide,1,1,1.0,resize_050,0.5
wukong_00009.png,test,wukong,1,1,0.9999278783798218,resize_050,0.5
glide_00013.png,test,glide,1,1,0.9968464970588684,resize_050,0.5
vqdm_00023.png,test,vqdm,1,1,0.9999998807907104,resize_050,0.5
sdv5_00011.png,test,sdv5,1,1,0.9999778270721436,resize_050,0.5
sdv5_00047.png,test,sdv5,1,1,1.0,resize_050,0.5
sdv5_00009.png,test,sdv5,1,1,0.9977340698242188,resize_050,0.5
sdv5_00010.png,test,sdv5,1,1,0.9980018734931946,resize_050,0.5
glide_00076.png,test,glide,1,1,1.0,resize_050,0.5
adm_00081.png,test,adm,1,1,1.0,resize_050,0.5
sdv5_00023.png,test,sdv5,1,1,0.9999963045120239,resize_050,0.5
biggan_00003.png,test,biggan,1,1,0.9999998807907104,resize_050,0.5
wukong_00061.png,test,wukong,1,1,0.9931038022041321,resize_050,0.5
adm_00085.png,test,adm,1,1,0.9965066313743591,resize_050,0.5
midjourney_00014.png,test,midjourney,1,1,0.9758327007293701,resize_050,0.5
vqdm_00042.png,test,vqdm,1,1,0.9999979734420776,resize_050,0.5
wukong_00076.png,test,wukong,1,1,0.9999909400939941,resize_050,0.5
vqdm_00035.png,test,vqdm,1,1,0.7488344311714172,resize_050,0.5
sdv5_00037.png,test,sdv5,1,1,0.9956081509590149,resize_050,0.5
biggan_00000.png,test,biggan,1,1,0.9995760321617126,resize_050,0.5
sdv5_00053.png,test,sdv5,1,1,1.0,resize_050,0.5
midjourney_00034.png,test,midjourney,1,1,0.9979076385498047,resize_050,0.5
wukong_00033.png,test,wukong,1,1,0.9990789890289307,resize_050,0.5
glide_00011.png,test,glide,1,1,0.9999767541885376,resize_050,0.5
glide_00008.png,test,glide,1,1,1.0,resize_050,0.5
adm_00044.png,test,adm,1,1,1.0,resize_050,0.5
sdv5_00029.png,test,sdv5,1,1,0.9999991655349731,resize_050,0.5
sdv5_00081.png,test,sdv5,1,1,0.9999995231628418,resize_050,0.5
sdv5_00040.png,test,sdv5,1,1,0.9466807246208191,resize_050,0.5
adm_00042.png,test,adm,1,1,1.0,resize_050,0.5
sdv5_00059.png,test,sdv5,1,1,0.9973255395889282,resize_050,0.5
wukong_00017.png,test,wukong,1,1,0.9999927282333374,resize_050,0.5
wukong_00058.png,test,wukong,1,1,1.0,resize_050,0.5
adm_00086.png,test,adm,1,1,1.0,resize_050,0.5
midjourney_00049.png,test,midjourney,1,1,0.9847115278244019,resize_050,0.5
midjourney_00065.png,test,midjourney,1,1,0.9999998807907104,resize_050,0.5
midjourney_00006.png,test,midjourney,1,1,0.9918049573898315,resize_050,0.5
wukong_00079.png,test,wukong,1,1,0.9999978542327881,resize_050,0.5
sdv5_00085.png,test,sdv5,1,1,1.0,resize_050,0.5
sdv5_00065.png,test,sdv5,1,1,0.9969133138656616,resize_050,0.5
wukong_00037.png,test,wukong,1,1,0.9976426959037781,resize_050,0.5
biggan_00032.png,test,biggan,1,1,0.9999936819076538,resize_050,0.5
wukong_00011.png,test,wukong,1,1,0.9999966621398926,resize_050,0.5
biggan_00053.png,test,biggan,1,1,1.0,resize_050,0.5
sdv5_00005.png,test,sdv5,1,1,0.9952496290206909,resize_050,0.5
adm_00057.png,test,adm,1,0,0.06388075649738312,resize_050,0.5
wukong_00024.png,test,wukong,1,1,0.9994372725486755,resize_050,0.5
glide_00056.png,test,glide,1,1,1.0,resize_050,0.5
adm_00004.png,test,adm,1,1,1.0,resize_050,0.5
midjourney_00081.png,test,midjourney,1,0,0.002878788625821471,resize_050,0.5
sdv5_00083.png,test,sdv5,1,1,0.951557993888855,resize_050,0.5
glide_00042.png,test,glide,1,1,0.9999970197677612,resize_050,0.5
glide_00029.png,test,glide,1,1,0.9709432721138,resize_050,0.5
vqdm_00022.png,test,vqdm,1,1,0.9999997615814209,resize_050,0.5
adm_00007.png,test,adm,1,1,1.0,resize_050,0.5
vqdm_00082.png,test,vqdm,1,1,0.9999853372573853,resize_050,0.5
glide_00052.png,test,glide,1,1,1.0,resize_050,0.5
adm_00066.png,test,adm,1,1,0.9999767541885376,resize_050,0.5
sdv5_00026.png,test,sdv5,1,1,0.8732039928436279,resize_050,0.5
wukong_00004.png,test,wukong,1,1,1.0,resize_050,0.5
wukong_00034.png,test,wukong,1,1,0.9999868869781494,resize_050,0.5
adm_00073.png,test,adm,1,1,0.9999910593032837,resize_050,0.5
sdv5_00056.png,test,sdv5,1,1,0.9940879344940186,resize_050,0.5
adm_00050.png,test,adm,1,1,0.9999998807907104,resize_050,0.5
biggan_00004.png,test,biggan,1,1,0.999915361404419,resize_050,0.5
midjourney_00063.png,test,midjourney,1,1,0.9556533098220825,resize_050,0.5
glide_00007.png,test,glide,1,1,0.9871280193328857,resize_050,0.5
vqdm_00059.png,test,vqdm,1,1,0.9110656976699829,resize_050,0.5
midjourney_00051.png,test,midjourney,1,0,0.22654728591442108,resize_050,0.5
adm_00040.png,test,adm,1,1,0.9999998807907104,resize_050,0.5
vqdm_00046.png,test,vqdm,1,1,0.9999997615814209,resize_050,0.5
glide_00071.png,test,glide,1,1,0.9999996423721313,resize_050,0.5
midjourney_00040.png,test,midjourney,1,1,0.8929247260093689,resize_050,0.5
biggan_00056.png,test,biggan,1,1,0.9991611242294312,resize_050,0.5
wukong_00030.png,test,wukong,1,1,0.9980401396751404,resize_050,0.5
adm_00045.png,test,adm,1,1,0.9999992847442627,resize_050,0.5
vqdm_00069.png,test,vqdm,1,1,1.0,resize_050,0.5
sdv5_00013.png,test,sdv5,1,1,0.9998555183410645,resize_050,0.5
adm_00058.png,test,adm,1,1,1.0,resize_050,0.5
biggan_00037.png,test,biggan,1,1,1.0,resize_050,0.5
vqdm_00039.png,test,vqdm,1,1,1.0,resize_050,0.5
sdv5_00034.png,test,sdv5,1,1,0.9999992847442627,resize_050,0.5
glide_00047.png,test,glide,1,1,0.9999505281448364,resize_050,0.5
biggan_00063.png,test,biggan,1,1,1.0,resize_050,0.5
glide_00045.png,test,glide,1,1,1.0,resize_050,0.5
wukong_00027.png,test,wukong,1,1,0.9815924763679504,resize_050,0.5
vqdm_00027.png,test,vqdm,1,1,1.0,resize_050,0.5
glide_00024.png,test,glide,1,1,1.0,resize_050,0.5
wukong_00085.png,test,wukong,1,1,0.999992847442627,resize_050,0.5
glide_00043.png,test,glide,1,1,0.9999996423721313,resize_050,0.5
vqdm_00055.png,test,vqdm,1,1,0.9999998807907104,resize_050,0.5
midjourney_00057.png,test,midjourney,1,1,0.9999972581863403,resize_050,0.5
wukong_00062.png,test,wukong,1,1,0.9941972494125366,resize_050,0.5
sdv5_00007.png,test,sdv5,1,1,0.9996839761734009,resize_050,0.5
biggan_00043.png,test,biggan,1,1,0.976254940032959,resize_050,0.5
adm_00083.png,test,adm,1,1,1.0,resize_050,0.5
adm_00052.png,test,adm,1,1,1.0,resize_050,0.5
wukong_00032.png,test,wukong,1,1,0.9999982118606567,resize_050,0.5
midjourney_00047.png,test,midjourney,1,1,0.9999864101409912,resize_050,0.5
midjourney_00072.png,test,midjourney,1,1,0.9997369647026062,resize_050,0.5
wukong_00010.png,test,wukong,1,1,0.99964439868927,resize_050,0.5
sdv5_00021.png,test,sdv5,1,1,0.9999130964279175,resize_050,0.5
biggan_00009.png,test,biggan,1,1,0.9999996423721313,resize_050,0.5
wukong_00043.png,test,wukong,1,1,1.0,resize_050,0.5
vqdm_00034.png,test,vqdm,1,1,0.9999943971633911,resize_050,0.5
biggan_00023.png,test,biggan,1,1,0.9995689988136292,resize_050,0.5
glide_00080.png,test,glide,1,1,1.0,resize_050,0.5
midjourney_00008.png,test,midjourney,1,1,0.749828577041626,resize_050,0.5
biggan_00024.png,test,biggan,1,1,0.9999973773956299,resize_050,0.5
midjourney_00002.png,test,midjourney,1,1,0.9467465281486511,resize_050,0.5
midjourney_00000.png,test,midjourney,1,1,0.9146428108215332,resize_050,0.5
adm_00084.png,test,adm,1,1,1.0,resize_050,0.5
biggan_00042.png,test,biggan,1,1,0.9999692440032959,resize_050,0.5
wukong_00018.png,test,wukong,1,1,1.0,resize_050,0.5
vqdm_00021.png,test,vqdm,1,1,1.0,resize_050,0.5
sdv5_00057.png,test,sdv5,1,1,0.9662333726882935,resize_050,0.5
midjourney_00029.png,test,midjourney,1,1,0.7906176447868347,resize_050,0.5
sdv5_00004.png,test,sdv5,1,1,0.8965436220169067,resize_050,0.5
wukong_00063.png,test,wukong,1,1,0.8652850389480591,resize_050,0.5
glide_00057.png,test,glide,1,1,0.9999998807907104,resize_050,0.5
wukong_00074.png,test,wukong,1,1,0.9169164299964905,resize_050,0.5
adm_00070.png,test,adm,1,1,0.9999922513961792,resize_050,0.5
midjourney_00018.png,test,midjourney,1,1,0.9996278285980225,resize_050,0.5
vqdm_00081.png,test,vqdm,1,1,1.0,resize_050,0.5
vqdm_00075.png,test,vqdm,1,1,1.0,resize_050,0.5
glide_00059.png,test,glide,1,1,0.9999599456787109,resize_050,0.5
vqdm_00002.png,test,vqdm,1,1,1.0,resize_050,0.5
biggan_00045.png,test,biggan,1,1,1.0,resize_050,0.5
sdv5_00075.png,test,sdv5,1,1,0.9986695051193237,resize_050,0.5
sdv5_00055.png,test,sdv5,1,1,0.9713131189346313,resize_050,0.5
wukong_00013.png,test,wukong,1,1,0.9999914169311523,resize_050,0.5
adm_00068.png,test,adm,1,1,1.0,resize_050,0.5
midjourney_00010.png,test,midjourney,1,0,0.366624116897583,resize_050,0.5
midjourney_00030.png,test,midjourney,1,1,0.9968340992927551,resize_050,0.5
sdv5_00074.png,test,sdv5,1,1,1.0,resize_050,0.5
vqdm_00072.png,test,vqdm,1,1,0.9999982118606567,resize_050,0.5
wukong_00031.png,test,wukong,1,1,0.9999998807907104,resize_050,0.5
vqdm_00080.png,test,vqdm,1,1,1.0,resize_050,0.5
midjourney_00043.png,test,midjourney,1,0,0.07183803617954254,resize_050,0.5
vqdm_00001.png,test,vqdm,1,1,0.9999339580535889,resize_050,0.5
glide_00021.png,test,glide,1,1,1.0,resize_050,0.5
midjourney_00037.png,test,midjourney,1,0,0.017079096287488937,resize_050,0.5
biggan_00031.png,test,biggan,1,1,1.0,resize_050,0.5
wukong_00072.png,test,wukong,1,1,0.9998687505722046,resize_050,0.5
midjourney_00055.png,test,midjourney,1,1,0.999769389629364,resize_050,0.5
glide_00070.png,test,glide,1,1,1.0,resize_050,0.5
biggan_00057.png,test,biggan,1,1,0.9999886751174927,resize_050,0.5
midjourney_00075.png,test,midjourney,1,1,0.998803973197937,resize_050,0.5
vqdm_00048.png,test,vqdm,1,1,1.0,resize_050,0.5
glide_00034.png,test,glide,1,1,1.0,resize_050,0.5
sdv5_00078.png,test,sdv5,1,1,0.9832736253738403,resize_050,0.5
midjourney_00062.png,test,midjourney,1,1,0.6927926540374756,resize_050,0.5
adm_00031.png,test,adm,1,1,0.9999995231628418,resize_050,0.5
midjourney_00026.png,test,midjourney,1,1,0.8694014549255371,resize_050,0.5
vqdm_00000.png,test,vqdm,1,1,1.0,resize_050,0.5
adm_00020.png,test,adm,1,1,0.9996225833892822,resize_050,0.5
adm_00012.png,test,adm,1,1,0.9979729056358337,resize_050,0.5
adm_00030.png,test,adm,1,1,1.0,resize_050,0.5
midjourney_00070.png,test,midjourney,1,1,0.9393428564071655,resize_050,0.5
adm_00041.png,test,adm,1,1,1.0,resize_050,0.5
adm_00078.png,test,adm,1,1,1.0,resize_050,0.5
wukong_00068.png,test,wukong,1,1,0.9999289512634277,resize_050,0.5
biggan_00008.png,test,biggan,1,1,0.9992176294326782,resize_050,0.5
adm_00069.png,test,adm,1,1,1.0,resize_050,0.5
vqdm_00056.png,test,vqdm,1,1,1.0,resize_050,0.5
sdv5_00036.png,test,sdv5,1,1,0.9999996423721313,resize_050,0.5
vqdm_00079.png,test,vqdm,1,1,0.999875545501709,resize_050,0.5
midjourney_00017.png,test,midjourney,1,1,0.905559241771698,resize_050,0.5
biggan_00033.png,test,biggan,1,1,1.0,resize_050,0.5
biggan_00018.png,test,biggan,1,1,1.0,resize_050,0.5
sdv5_00001.png,test,sdv5,1,1,0.9173850417137146,resize_050,0.5
sdv5_00020.png,test,sdv5,1,1,0.9999983310699463,resize_050,0.5
biggan_00048.png,test,biggan,1,1,0.9999998807907104,resize_050,0.5
biggan_00058.png,test,biggan,1,1,1.0,resize_050,0.5
midjourney_00066.png,test,midjourney,1,1,0.55555659532547,resize_050,0.5
midjourney_00080.png,test,midjourney,1,0,0.46683990955352783,resize_050,0.5
adm_00005.png,test,adm,1,1,0.9999988079071045,resize_050,0.5
adm_00003.png,test,adm,1,1,0.9999998807907104,resize_050,0.5
adm_00024.png,test,adm,1,1,0.9997280240058899,resize_050,0.5
sdv5_00000.png,test,sdv5,1,1,0.9999992847442627,resize_050,0.5
biggan_00001.png,test,biggan,1,1,1.0,resize_050,0.5
vqdm_00014.png,test,vqdm,1,1,1.0,resize_050,0.5
biggan_00028.png,test,biggan,1,1,1.0,resize_050,0.5
midjourney_00028.png,test,midjourney,1,0,0.11592861264944077,resize_050,0.5
biggan_00027.png,test,biggan,1,1,1.0,resize_050,0.5
sdv5_00049.png,test,sdv5,1,1,0.9999998807907104,resize_050,0.5
vqdm_00029.png,test,vqdm,1,1,1.0,resize_050,0.5
adm_00035.png,test,adm,1,1,1.0,resize_050,0.5
adm_00011.png,test,adm,1,1,1.0,resize_050,0.5
biggan_00078.png,test,biggan,1,1,0.9995691180229187,resize_050,0.5
midjourney_00013.png,test,midjourney,1,1,0.9927796721458435,resize_050,0.5
sdv5_00067.png,test,sdv5,1,1,0.9956804513931274,resize_050,0.5
biggan_00006.png,test,biggan,1,1,0.9731841683387756,resize_050,0.5
vqdm_00078.png,test,vqdm,1,1,0.9999998807907104,resize_050,0.5
glide_00049.png,test,glide,1,1,0.9995586276054382,resize_050,0.5
midjourney_00050.png,test,midjourney,1,1,0.9999946355819702,resize_050,0.5
glide_00017.png,test,glide,1,1,1.0,resize_050,0.5
wukong_00008.png,test,wukong,1,1,1.0,resize_050,0.5
sdv5_00014.png,test,sdv5,1,1,0.9991313815116882,resize_050,0.5
biggan_00052.png,test,biggan,1,1,0.6658735275268555,resize_050,0.5
wukong_00059.png,test,wukong,1,1,0.9991676807403564,resize_050,0.5
glide_00078.png,test,glide,1,1,0.9999997615814209,resize_050,0.5
adm_00034.png,test,adm,1,1,1.0,resize_050,0.5
wukong_00006.png,test,wukong,1,1,0.9995054006576538,resize_050,0.5
biggan_00046.png,test,biggan,1,1,1.0,resize_050,0.5
wukong_00073.png,test,wukong,1,1,0.9357069134712219,resize_050,0.5
midjourney_00046.png,test,midjourney,1,1,0.9999104738235474,resize_050,0.5
glide_00068.png,test,glide,1,1,1.0,resize_050,0.5
midjourney_00058.png,test,midjourney,1,1,0.7061883211135864,resize_050,0.5
glide_00001.png,test,glide,1,1,0.9999762773513794,resize_050,0.5
glide_00041.png,test,glide,1,1,1.0,resize_050,0.5
glide_00014.png,test,glide,1,1,0.9966578483581543,resize_050,0.5
adm_00013.png,test,adm,1,1,0.9967447519302368,resize_050,0.5
glide_00063.png,test,glide,1,1,1.0,resize_050,0.5
wukong_00045.png,test,wukong,1,1,0.9954160451889038,resize_050,0.5
biggan_00079.png,test,biggan,1,1,1.0,resize_050,0.5
adm_00002.png,test,adm,1,1,0.9999995231628418,resize_050,0.5
midjourney_00041.png,test,midjourney,1,1,0.999874472618103,resize_050,0.5
vqdm_00044.png,test,vqdm,1,1,1.0,resize_050,0.5
adm_00043.png,test,adm,1,1,0.9999299049377441,resize_050,0.5
sdv5_00017.png,test,sdv5,1,1,0.9999948740005493,resize_050,0.5
vqdm_00052.png,test,vqdm,1,1,0.999817430973053,resize_050,0.5
adm_00036.png,test,adm,1,1,0.9999998807907104,resize_050,0.5
biggan_00083.png,test,biggan,1,1,0.9999983310699463,resize_050,0.5
glide_00020.png,test,glide,1,1,1.0,resize_050,0.5
midjourney_00054.png,test,midjourney,1,0,0.3192700743675232,resize_050,0.5
adm_00032.png,test,adm,1,1,1.0,resize_050,0.5
glide_00058.png,test,glide,1,1,0.9999290704727173,resize_050,0.5
vqdm_00008.png,test,vqdm,1,1,1.0,resize_050,0.5
adm_00026.png,test,adm,1,1,1.0,resize_050,0.5
midjourney_00082.png,test,midjourney,1,1,0.9975209832191467,resize_050,0.5
wukong_00012.png,test,wukong,1,1,0.9999911785125732,resize_050,0.5
glide_00048.png,test,glide,1,1,0.9998676776885986,resize_050,0.5
midjourney_00033.png,test,midjourney,1,1,0.9999921321868896,resize_050,0.5
vqdm_00060.png,test,vqdm,1,1,0.9999951124191284,resize_050,0.5
wukong_00052.png,test,wukong,1,1,1.0,resize_050,0.5
adm_00021.png,test,adm,1,1,1.0,resize_050,0.5
wukong_00042.png,test,wukong,1,1,0.9988999366760254,resize_050,0.5
vqdm_00071.png,test,vqdm,1,1,1.0,resize_050,0.5
glide_00026.png,test,glide,1,1,1.0,resize_050,0.5
biggan_00019.png,test,biggan,1,1,1.0,resize_050,0.5
glide_00051.png,test,glide,1,1,1.0,resize_050,0.5
adm_00056.png,test,adm,1,1,0.9946675300598145,resize_050,0.5
glide_00012.png,test,glide,1,1,1.0,resize_050,0.5
adm_00017.png,test,adm,1,1,0.9999904632568359,resize_050,0.5
wukong_00020.png,test,wukong,1,1,0.9999133348464966,resize_050,0.5
sdv5_00069.png,test,sdv5,1,1,0.9979442954063416,resize_050,0.5
vqdm_00064.png,test,vqdm,1,1,1.0,resize_050,0.5
wukong_00050.png,test,wukong,1,1,0.9999982118606567,resize_050,0.5
glide_00032.png,test,glide,1,1,1.0,resize_050,0.5
glide_00040.png,test,glide,1,1,1.0,resize_050,0.5
glide_00064.png,test,glide,1,1,0.9239683747291565,resize_050,0.5
adm_00016.png,test,adm,1,1,0.9999995231628418,resize_050,0.5
biggan_00066.png,test,biggan,1,1,1.0,resize_050,0.5
vqdm_00013.png,test,vqdm,1,1,0.5449675917625427,resize_050,0.5
sdv5_00024.png,test,sdv5,1,1,0.9985030889511108,resize_050,0.5
sdv5_00030.png,test,sdv5,1,1,0.9996907711029053,resize_050,0.5
wukong_00051.png,test,wukong,1,1,0.9994908571243286,resize_050,0.5
sdv5_00077.png,test,sdv5,1,1,1.0,resize_050,0.5
biggan_00013.png,test,biggan,1,1,0.9994569420814514,resize_050,0.5
wukong_00064.png,test,wukong,1,1,1.0,resize_050,0.5
vqdm_00025.png,test,vqdm,1,1,1.0,resize_050,0.5
glide_00002.png,test,glide,1,1,1.0,resize_050,0.5
midjourney_00079.png,test,midjourney,1,1,0.8454715609550476,resize_050,0.5
wukong_00039.png,test,wukong,1,1,0.9861300587654114,resize_050,0.5
vqdm_00020.png,test,vqdm,1,1,1.0,resize_050,0.5
sdv5_00032.png,test,sdv5,1,1,0.9993125200271606,resize_050,0.5
sdv5_00003.png,test,sdv5,1,1,0.790480375289917,resize_050,0.5
wukong_00078.png,test,wukong,1,1,0.9995525479316711,resize_050,0.5
wukong_00065.png,test,wukong,1,1,1.0,resize_050,0.5
biggan_00014.png,test,biggan,1,1,0.9898624420166016,resize_050,0.5
adm_00006.png,test,adm,1,1,1.0,resize_050,0.5
wukong_00056.png,test,wukong,1,1,0.9999998807907104,resize_050,0.5
biggan_00005.png,test,biggan,1,1,0.999993085861206,resize_050,0.5
wukong_00002.png,test,wukong,1,1,0.8966503739356995,resize_050,0.5
wukong_00055.png,test,wukong,1,1,0.5804553627967834,resize_050,0.5
sdv5_00016.png,test,sdv5,1,1,0.9861641526222229,resize_050,0.5
biggan_00065.png,test,biggan,1,1,0.6257216930389404,resize_050,0.5
vqdm_00019.png,test,vqdm,1,1,1.0,resize_050,0.5
adm_00038.png,test,adm,1,1,1.0,resize_050,0.5
sdv5_00044.png,test,sdv5,1,1,0.9801063537597656,resize_050,0.5
midjourney_00084.png,test,midjourney,1,1,0.9999432563781738,resize_050,0.5
midjourney_00025.png,test,midjourney,1,0,0.18387478590011597,resize_050,0.5
biggan_00061.png,test,biggan,1,1,1.0,resize_050,0.5
sdv5_00071.png,test,sdv5,1,1,0.9999998807907104,resize_050,0.5
biggan_00074.png,test,biggan,1,1,1.0,resize_050,0.5
vqdm_00077.png,test,vqdm,1,1,0.9989346861839294,resize_050,0.5
midjourney_00001.png,test,midjourney,1,1,0.9997883439064026,resize_050,0.5
biggan_00069.png,test,biggan,1,1,0.9998701810836792,resize_050,0.5
glide_00005.png,test,glide,1,1,1.0,resize_050,0.5
sdv5_00015.png,test,sdv5,1,1,0.94207364320755,resize_050,0.5
vqdm_00012.png,test,vqdm,1,1,0.7702235579490662,resize_050,0.5
wukong_00077.png,test,wukong,1,1,0.9015042781829834,resize_050,0.5
midjourney_00023.png,test,midjourney,1,0,0.4084962010383606,resize_050,0.5
sdv5_00045.png,test,sdv5,1,1,0.9934266805648804,resize_050,0.5
adm_00033.png,test,adm,1,1,0.9999998807907104,resize_050,0.5
wukong_00083.png,test,wukong,1,1,0.9997459053993225,resize_050,0.5
biggan_00034.png,test,biggan,1,1,0.9999998807907104,resize_050,0.5
biggan_00070.png,test,biggan,1,1,0.9973112344741821,resize_050,0.5
biggan_00076.png,test,biggan,1,1,0.9102165699005127,resize_050,0.5
midjourney_00067.png,test,midjourney,1,1,0.8337113261222839,resize_050,0.5
biggan_00062.png,test,biggan,1,1,0.9966942071914673,resize_050,0.5
midjourney_00027.png,test,midjourney,1,1,0.9840685725212097,resize_050,0.5
biggan_00077.png,test,biggan,1,1,0.9998973608016968,resize_050,0.5
wukong_00053.png,test,wukong,1,1,0.9999998807907104,resize_050,0.5
sdv5_00080.png,test,sdv5,1,1,1.0,resize_050,0.5
glide_00035.png,test,glide,1,1,0.5532138347625732,resize_050,0.5
adm_00022.png,test,adm,1,1,0.9999998807907104,resize_050,0.5
vqdm_00070.png,test,vqdm,1,1,0.552521288394928,resize_050,0.5
wukong_00019.png,test,wukong,1,1,0.9967312812805176,resize_050,0.5
glide_00036.png,test,glide,1,1,0.9995796084403992,resize_050,0.5
adm_00054.png,test,adm,1,1,1.0,resize_050,0.5
glide_00060.png,test,glide,1,1,1.0,resize_050,0.5
adm_00061.png,test,adm,1,1,0.9999932050704956,resize_050,0.5
vqdm_00028.png,test,vqdm,1,1,0.9960861206054688,resize_050,0.5
vqdm_00026.png,test,vqdm,1,1,0.9973486661911011,resize_050,0.5
vqdm_00054.png,test,vqdm,1,1,0.9999953508377075,resize_050,0.5
biggan_00021.png,test,biggan,1,1,1.0,resize_050,0.5
vqdm_00005.png,test,vqdm,1,1,1.0,resize_050,0.5
glide_00055.png,test,glide,1,1,0.9999643564224243,resize_050,0.5
biggan_00075.png,test,biggan,1,0,0.3153791129589081,resize_050,0.5
wukong_00046.png,test,wukong,1,1,1.0,resize_050,0.5
wukong_00084.png,test,wukong,1,1,0.9971883893013,resize_050,0.5
wukong_00025.png,test,wukong,1,1,0.9998261332511902,resize_050,0.5
vqdm_00009.png,test,vqdm,1,1,0.9999959468841553,resize_050,0.5
glide_00019.png,test,glide,1,1,1.0,resize_050,0.5
biggan_00040.png,test,biggan,1,1,1.0,resize_050,0.5
vqdm_00007.png,test,vqdm,1,1,0.9974863529205322,resize_050,0.5
vqdm_00076.png,test,vqdm,1,1,0.9997915625572205,resize_050,0.5
glide_00066.png,test,glide,1,1,0.9978534579277039,resize_050,0.5
biggan_00073.png,test,biggan,1,1,1.0,resize_050,0.5
glide_00072.png,test,glide,1,1,0.9999998807907104,resize_050,0.5
midjourney_00038.png,test,midjourney,1,1,0.7059758901596069,resize_050,0.5
vqdm_00016.png,test,vqdm,1,1,0.9966111779212952,resize_050,0.5
glide_00006.png,test,glide,1,1,0.999997615814209,resize_050,0.5
glide_00065.png,test,glide,1,1,1.0,resize_050,0.5
adm_00055.png,test,adm,1,1,0.9999618530273438,resize_050,0.5
midjourney_00073.png,test,midjourney,1,1,0.9567185640335083,resize_050,0.5
midjourney_00020.png,test,midjourney,1,1,0.9247934222221375,resize_050,0.5
sdv5_00012.png,test,sdv5,1,1,0.9999949932098389,resize_050,0.5
wukong_00028.png,test,wukong,1,1,0.9953060746192932,resize_050,0.5
midjourney_00056.png,test,midjourney,1,1,0.9613684415817261,resize_050,0.5
vqdm_00067.png,test,vqdm,1,1,0.9986680746078491,resize_050,0.5
adm_00037.png,test,adm,1,1,1.0,resize_050,0.5
adm_00064.png,test,adm,1,1,1.0,resize_050,0.5
vqdm_00084.png,test,vqdm,1,1,1.0,resize_050,0.5
sdv5_00052.png,test,sdv5,1,1,0.9998741149902344,resize_050,0.5
biggan_00035.png,test,biggan,1,1,0.9997943043708801,resize_050,0.5
vqdm_00043.png,test,vqdm,1,1,0.999868631362915,resize_050,0.5
adm_00028.png,test,adm,1,1,0.9994884729385376,resize_050,0.5
glide_00027.png,test,glide,1,1,0.995309054851532,resize_050,0.5
sdv5_00042.png,test,sdv5,1,1,0.9997870326042175,resize_050,0.5
glide_00084.png,test,glide,1,1,0.9999997615814209,resize_050,0.5
sdv5_00025.png,test,sdv5,1,1,0.9999024868011475,resize_050,0.5
adm_00009.png,test,adm,1,0,0.09829537570476532,resize_050,0.5
sdv5_00031.png,test,sdv5,1,1,1.0,resize_050,0.5
wukong_00000.png,test,wukong,1,1,0.9987009763717651,resize_050,0.5
wukong_00069.png,test,wukong,1,1,0.8882558345794678,resize_050,0.5
biggan_00015.png,test,biggan,1,1,0.9992420673370361,resize_050,0.5
glide_00062.png,test,glide,1,1,0.9999997615814209,resize_050,0.5
adm_00076.png,test,adm,1,1,0.9999967813491821,resize_050,0.5
vqdm_00015.png,test,vqdm,1,1,0.9999768733978271,resize_050,0.5
sdv5_00079.png,test,sdv5,1,1,1.0,resize_050,0.5
glide_00083.png,test,glide,1,1,0.9999997615814209,resize_050,0.5
biggan_00039.png,test,biggan,1,1,1.0,resize_050,0.5
adm_00080.png,test,adm,1,1,1.0,resize_050,0.5
midjourney_00064.png,test,midjourney,1,1,0.9999508857727051,resize_050,0.5
sdv5_00070.png,test,sdv5,1,1,0.9913422465324402,resize_050,0.5
glide_00073.png,test,glide,1,1,0.999981164932251,resize_050,0.5
vqdm_00018.png,test,vqdm,1,1,1.0,resize_050,0.5
adm_00053.png,test,adm,1,1,1.0,resize_050,0.5
biggan_00084.png,test,biggan,1,1,0.981560468673706,resize_050,0.5
adm_00018.png,test,adm,1,1,0.9999970197677612,resize_050,0.5
sdv5_00018.png,test,sdv5,1,1,0.9997407793998718,resize_050,0.5
biggan_00020.png,test,biggan,1,1,0.9999972581863403,resize_050,0.5
vqdm_00066.png,test,vqdm,1,1,1.0,resize_050,0.5
adm_00048.png,test,adm,1,1,0.9987480640411377,resize_050,0.5
glide_00077.png,test,glide,1,1,0.9522309303283691,resize_050,0.5
glide_00000.png,test,glide,1,1,0.9999994039535522,resize_050,0.5
vqdm_00033.png,test,vqdm,1,1,0.9590778350830078,resize_050,0.5
glide_00081.png,test,glide,1,1,1.0,resize_050,0.5
adm_00075.png,test,adm,1,1,0.9999998807907104,resize_050,0.5
midjourney_00012.png,test,midjourney,1,1,0.9999942779541016,resize_050,0.5
glide_00028.png,test,glide,1,1,1.0,resize_050,0.5
vqdm_00057.png,test,vqdm,1,1,1.0,resize_050,0.5
sdv5_00068.png,test,sdv5,1,1,0.9892732501029968,resize_050,0.5
vqdm_00036.png,test,vqdm,1,1,0.9998231530189514,resize_050,0.5
adm_00001.png,test,adm,1,1,1.0,resize_050,0.5
biggan_00054.png,test,biggan,1,1,1.0,resize_050,0.5
vqdm_00058.png,test,vqdm,1,1,0.9999725818634033,resize_050,0.5
sdv5_00035.png,test,sdv5,1,1,0.9996259212493896,resize_050,0.5
glide_00018.png,test,glide,1,0,0.23952102661132812,resize_050,0.5
adm_00008.png,test,adm,1,1,1.0,resize_050,0.5
biggan_00067.png,test,biggan,1,1,0.8949354887008667,resize_050,0.5
glide_00004.png,test,glide,1,1,0.9999849796295166,resize_050,0.5
midjourney_00083.png,test,midjourney,1,1,0.9762340188026428,resize_050,0.5
wukong_00026.png,test,wukong,1,1,0.9999997615814209,resize_050,0.5
sdv5_00028.png,test,sdv5,1,1,0.9573211669921875,resize_050,0.5
midjourney_00042.png,test,midjourney,1,1,0.9999897480010986,resize_050,0.5
adm_00060.png,test,adm,1,1,0.9999889135360718,resize_050,0.5
glide_00003.png,test,glide,1,1,0.9999990463256836,resize_050,0.5
glide_00025.png,test,glide,1,1,0.9999923706054688,resize_050,0.5
biggan_00026.png,test,biggan,1,1,1.0,resize_050,0.5
adm_00077.png,test,adm,1,1,1.0,resize_050,0.5
adm_00047.png,test,adm,1,1,0.9999980926513672,resize_050,0.5
sdv5_00033.png,test,sdv5,1,1,0.9999467134475708,resize_050,0.5
midjourney_00032.png,test,midjourney,1,1,0.9919865131378174,resize_050,0.5
biggan_00064.png,test,biggan,1,1,0.992451012134552,resize_050,0.5
vqdm_00074.png,test,vqdm,1,1,1.0,resize_050,0.5
biggan_00038.png,test,biggan,1,1,1.0,resize_050,0.5
adm_00082.png,test,adm,1,1,1.0,resize_050,0.5
wukong_00007.png,test,wukong,1,1,0.9901139736175537,resize_050,0.5
wukong_00060.png,test,wukong,1,1,1.0,resize_050,0.5
sdv5_00041.png,test,sdv5,1,1,0.999889612197876,resize_050,0.5
vqdm_00038.png,test,vqdm,1,1,1.0,resize_050,0.5
wukong_00001.png,test,wukong,1,1,1.0,resize_050,0.5
midjourney_00015.png,test,midjourney,1,1,0.9999823570251465,resize_050,0.5
biggan_00047.png,test,biggan,1,1,1.0,resize_050,0.5
glide_00030.png,test,glide,1,1,0.999515175819397,resize_050,0.5
vqdm_00047.png,test,vqdm,1,1,1.0,resize_050,0.5
sdv5_00084.png,test,sdv5,1,1,0.9996888637542725,resize_050,0.5
vqdm_00083.png,test,vqdm,1,1,1.0,resize_050,0.5
biggan_00068.png,test,biggan,1,1,0.999870777130127,resize_050,0.5
sdv5_00058.png,test,sdv5,1,1,0.9988952279090881,resize_050,0.5
sdv5_00006.png,test,sdv5,1,1,0.9999997615814209,resize_050,0.5
biggan_00044.png,test,biggan,1,1,0.9897350072860718,resize_050,0.5
midjourney_00003.png,test,midjourney,1,1,0.99991774559021,resize_050,0.5
sdv5_00027.png,test,sdv5,1,1,0.9999892711639404,resize_050,0.5
biggan_00072.png,test,biggan,1,1,0.9967832565307617,resize_050,0.5
vqdm_00030.png,test,vqdm,1,1,0.9999979734420776,resize_050,0.5
vqdm_00085.png,test,vqdm,1,1,0.9998757839202881,resize_050,0.5
wukong_00071.png,test,wukong,1,1,0.9972876310348511,resize_050,0.5
adm_00062.png,test,adm,1,1,0.9999992847442627,resize_050,0.5
adm_00000.png,test,adm,1,1,1.0,resize_050,0.5
wukong_00044.png,test,wukong,1,1,0.9999998807907104,resize_050,0.5
glide_00075.png,test,glide,1,1,0.9997696280479431,resize_050,0.5
vqdm_00040.png,test,vqdm,1,1,0.9999974966049194,resize_050,0.5
wukong_00082.png,test,wukong,1,1,1.0,resize_050,0.5
midjourney_00019.png,test,midjourney,1,1,0.9962969422340393,resize_050,0.5
adm_00065.png,test,adm,1,1,1.0,resize_050,0.5
midjourney_00022.png,test,midjourney,1,1,0.8997173309326172,resize_050,0.5
midjourney_00052.png,test,midjourney,1,0,0.0009728049044497311,resize_050,0.5
adm_00046.png,test,adm,1,1,1.0,resize_050,0.5
wukong_00048.png,test,wukong,1,1,0.9990049004554749,resize_050,0.5
vqdm_00045.png,test,vqdm,1,1,1.0,resize_050,0.5
biggan_00036.png,test,biggan,1,1,0.9999825954437256,resize_050,0.5
sdv5_00038.png,test,sdv5,1,1,0.9991292357444763,resize_050,0.5
vqdm_00050.png,test,vqdm,1,1,0.9636186957359314,resize_050,0.5
biggan_00041.png,test,biggan,1,1,0.9996300935745239,resize_050,0.5
vqdm_00051.png,test,vqdm,1,1,0.9999394416809082,resize_050,0.5
glide_00054.png,test,glide,1,1,1.0,resize_050,0.5
sdv5_00062.png,test,sdv5,1,1,1.0,resize_050,0.5
sdv5_00060.png,test,sdv5,1,1,0.9995531439781189,resize_050,0.5
glide_00079.png,test,glide,1,1,0.999484658241272,resize_050,0.5
midjourney_00004.png,test,midjourney,1,1,0.9991187453269958,resize_050,0.5
wukong_00040.png,test,wukong,1,1,0.9999898672103882,resize_050,0.5
biggan_00060.png,test,biggan,1,1,0.9999945163726807,resize_050,0.5
wukong_00049.png,test,wukong,1,1,0.9982398748397827,resize_050,0.5
wukong_00035.png,test,wukong,1,1,0.9997982382774353,resize_050,0.5
adm_00010.png,test,adm,1,1,0.9999889135360718,resize_050,0.5
sdv5_00064.png,test,sdv5,1,1,0.961664617061615,resize_050,0.5
adm_00059.png,test,adm,1,1,1.0,resize_050,0.5
midjourney_00048.png,test,midjourney,1,0,0.4781087338924408,resize_050,0.5
midjourney_00016.png,test,midjourney,1,1,0.5671289563179016,resize_050,0.5
biggan_00007.png,test,biggan,1,1,0.7508960366249084,resize_050,0.5
glide_00067.png,test,glide,1,1,1.0,resize_050,0.5
glide_00046.png,test,glide,1,1,0.9999988079071045,resize_050,0.5
vqdm_00053.png,test,vqdm,1,1,1.0,resize_050,0.5
adm_00071.png,test,adm,1,1,1.0,resize_050,0.5
glide_00022.png,test,glide,1,1,1.0,resize_050,0.5
sdv5_00082.png,test,sdv5,1,1,0.9999964237213135,resize_050,0.5
vqdm_00003.png,test,vqdm,1,1,1.0,resize_050,0.5
midjourney_00035.png,test,midjourney,1,1,0.9987757802009583,resize_050,0.5
glide_00031.png,test,glide,1,1,1.0,resize_050,0.5
vqdm_00063.png,test,vqdm,1,1,0.8420013189315796,resize_050,0.5
wukong_00016.png,test,wukong,1,1,0.9995162487030029,resize_050,0.5
wukong_00054.png,test,wukong,1,1,0.9999997615814209,resize_050,0.5
biggan_00002.png,test,biggan,1,1,0.9997313618659973,resize_050,0.5
adm_00049.png,test,adm,1,1,1.0,resize_050,0.5
sdv5_00002.png,test,sdv5,1,1,0.9999974966049194,resize_050,0.5
biggan_00025.png,test,biggan,1,1,0.9957258701324463,resize_050,0.5
biggan_00071.png,test,biggan,1,1,1.0,resize_050,0.5
biggan_00051.png,test,biggan,1,0,0.11843482404947281,resize_050,0.5
wukong_00081.png,test,wukong,1,1,0.9979956150054932,resize_050,0.5
sdv5_00022.png,test,sdv5,1,1,0.9988853335380554,resize_050,0.5
real_00486.jpeg,test,real,0,0,0.08739449083805084,resize_025,0.25
real_00382.jpeg,test,real,0,1,0.8118986487388611,resize_025,0.25
real_00117.jpeg,test,real,0,1,0.9347564578056335,resize_025,0.25
real_00354.jpeg,test,real,0,1,0.9999502897262573,resize_025,0.25
real_00076.jpeg,test,real,0,1,0.8984869122505188,resize_025,0.25
real_00395.jpeg,test,real,0,0,0.16802877187728882,resize_025,0.25
real_00348.jpeg,test,real,0,1,0.9862427711486816,resize_025,0.25
real_00307.jpeg,test,real,0,0,0.24633237719535828,resize_025,0.25
real_00438.jpeg,test,real,0,0,0.06733161211013794,resize_025,0.25
real_00393.jpeg,test,real,0,1,0.8558829426765442,resize_025,0.25
real_00566.jpeg,test,real,0,1,0.999935507774353,resize_025,0.25
real_00055.jpeg,test,real,0,1,1.0,resize_025,0.25
real_00416.jpeg,test,real,0,1,1.0,resize_025,0.25
real_00304.jpeg,test,real,0,0,0.29817306995391846,resize_025,0.25
real_00135.jpeg,test,real,0,1,0.999993085861206,resize_025,0.25
real_00387.jpeg,test,real,0,1,0.9999997615814209,resize_025,0.25
real_00040.jpeg,test,real,0,1,0.9635865688323975,resize_025,0.25
real_00563.jpeg,test,real,0,1,0.9992974996566772,resize_025,0.25
real_00457.jpeg,test,real,0,1,0.9998306035995483,resize_025,0.25
real_00561.jpeg,test,real,0,1,0.5770152807235718,resize_025,0.25
real_00288.jpeg,test,real,0,1,1.0,resize_025,0.25
real_00271.jpeg,test,real,0,1,0.9991530179977417,resize_025,0.25
real_00185.jpeg,test,real,0,0,0.12047647684812546,resize_025,0.25
real_00216.jpeg,test,real,0,0,0.02752111852169037,resize_025,0.25
real_00180.jpeg,test,real,0,1,1.0,resize_025,0.25
real_00189.jpeg,test,real,0,1,0.9437913298606873,resize_025,0.25
real_00396.jpeg,test,real,0,1,1.0,resize_025,0.25
real_00131.jpeg,test,real,0,1,0.9847981333732605,resize_025,0.25
real_00557.jpeg,test,real,0,1,0.9363969564437866,resize_025,0.25
real_00266.jpeg,test,real,0,0,0.0004989937297068536,resize_025,0.25
real_00207.jpeg,test,real,0,0,0.23615889251232147,resize_025,0.25
real_00141.jpeg,test,real,0,1,1.0,resize_025,0.25
real_00407.jpeg,test,real,0,1,1.0,resize_025,0.25
real_00026.jpeg,test,real,0,1,0.9996179342269897,resize_025,0.25
real_00046.jpeg,test,real,0,1,0.9082135558128357,resize_025,0.25
real_00585.jpeg,test,real,0,1,0.9998533725738525,resize_025,0.25
real_00206.jpeg,test,real,0,1,0.9999992847442627,resize_025,0.25
real_00297.jpeg,test,real,0,1,0.9634191393852234,resize_025,0.25
real_00401.jpeg,test,real,0,1,0.9533631205558777,resize_025,0.25
real_00339.jpeg,test,real,0,1,0.7596887946128845,resize_025,0.25
real_00403.jpeg,test,real,0,1,0.9919103980064392,resize_025,0.25
real_00344.jpeg,test,real,0,0,0.21712838113307953,resize_025,0.25
real_00560.jpeg,test,real,0,1,0.999283492565155,resize_025,0.25
real_00553.jpeg,test,real,0,1,0.9999905824661255,resize_025,0.25
real_00598.jpeg,test,real,0,1,0.9994925260543823,resize_025,0.25
real_00497.jpeg,test,real,0,1,0.9967679977416992,resize_025,0.25
real_00253.jpeg,test,real,0,1,0.9989604949951172,resize_025,0.25
real_00577.jpeg,test,real,0,0,0.19917349517345428,resize_025,0.25
real_00394.jpeg,test,real,0,1,0.9998631477355957,resize_025,0.25
real_00445.jpeg,test,real,0,1,1.0,resize_025,0.25
real_00050.jpeg,test,real,0,1,0.9996640682220459,resize_025,0.25
real_00269.jpeg,test,real,0,1,0.5989177227020264,resize_025,0.25
real_00151.jpeg,test,real,0,1,0.9994446635246277,resize_025,0.25
real_00190.jpeg,test,real,0,1,0.9969443678855896,resize_025,0.25
real_00250.jpeg,test,real,0,1,0.8183485865592957,resize_025,0.25
real_00257.jpeg,test,real,0,1,0.9999896287918091,resize_025,0.25
real_00008.jpeg,test,real,0,1,0.9999997615814209,resize_025,0.25
real_00398.jpeg,test,real,0,1,0.9998323917388916,resize_025,0.25
real_00322.jpeg,test,real,0,1,0.9558878540992737,resize_025,0.25
real_00230.jpeg,test,real,0,1,0.9893035888671875,resize_025,0.25
real_00219.jpeg,test,real,0,1,0.9999955892562866,resize_025,0.25
real_00550.jpeg,test,real,0,1,0.9999468326568604,resize_025,0.25
real_00528.jpeg,test,real,0,1,0.949510395526886,resize_025,0.25
real_00039.jpeg,test,real,0,1,0.9902263879776001,resize_025,0.25
real_00274.jpeg,test,real,0,1,0.8629174828529358,resize_025,0.25
real_00414.jpeg,test,real,0,1,1.0,resize_025,0.25
real_00038.jpeg,test,real,0,1,0.9037196636199951,resize_025,0.25
real_00434.jpeg,test,real,0,1,0.9999951124191284,resize_025,0.25
real_00279.jpeg,test,real,0,1,0.9520642757415771,resize_025,0.25
real_00077.jpeg,test,real,0,1,0.9839351773262024,resize_025,0.25
real_00312.jpeg,test,real,0,1,0.9999833106994629,resize_025,0.25
real_00482.jpeg,test,real,0,1,0.9999954700469971,resize_025,0.25
real_00178.jpeg,test,real,0,0,0.49358537793159485,resize_025,0.25
real_00535.jpeg,test,real,0,1,0.9811276197433472,resize_025,0.25
real_00345.jpeg,test,real,0,1,0.9977253079414368,resize_025,0.25
real_00019.jpeg,test,real,0,1,0.9999730587005615,resize_025,0.25
real_00143.jpeg,test,real,0,1,0.9999229907989502,resize_025,0.25
real_00496.jpeg,test,real,0,1,0.6760918498039246,resize_025,0.25
real_00522.jpeg,test,real,0,0,2.02175560843898e-05,resize_025,0.25
real_00451.jpeg,test,real,0,1,0.9948065876960754,resize_025,0.25
real_00371.jpeg,test,real,0,1,0.9975741505622864,resize_025,0.25
real_00060.jpeg,test,real,0,1,1.0,resize_025,0.25
real_00410.jpeg,test,real,0,1,0.9999018907546997,resize_025,0.25
real_00248.jpeg,test,real,0,1,0.9999428987503052,resize_025,0.25
real_00043.jpeg,test,real,0,1,0.999995231628418,resize_025,0.25
real_00104.jpeg,test,real,0,1,0.9999995231628418,resize_025,0.25
real_00238.jpeg,test,real,0,0,0.2540270984172821,resize_025,0.25
real_00251.jpeg,test,real,0,1,0.999953031539917,resize_025,0.25
real_00017.jpeg,test,real,0,1,0.9931772947311401,resize_025,0.25
real_00500.jpeg,test,real,0,1,0.9996609687805176,resize_025,0.25
real_00056.jpeg,test,real,0,1,0.9995655417442322,resize_025,0.25
real_00227.jpeg,test,real,0,0,0.0026083248667418957,resize_025,0.25
real_00347.jpeg,test,real,0,1,0.8820674419403076,resize_025,0.25
real_00176.jpeg,test,real,0,1,1.0,resize_025,0.25
real_00085.jpeg,test,real,0,1,0.8314629197120667,resize_025,0.25
real_00586.jpeg,test,real,0,1,0.6404350996017456,resize_025,0.25
real_00193.jpeg,test,real,0,1,0.738666832447052,resize_025,0.25
real_00018.jpeg,test,real,0,1,0.9999943971633911,resize_025,0.25
real_00342.jpeg,test,real,0,0,0.12879407405853271,resize_025,0.25
real_00359.jpeg,test,real,0,1,0.9999973773956299,resize_025,0.25
real_00163.jpeg,test,real,0,1,1.0,resize_025,0.25
real_00527.jpeg,test,real,0,1,0.8405478000640869,resize_025,0.25
real_00444.jpeg,test,real,0,1,0.9999008178710938,resize_025,0.25
real_00440.jpeg,test,real,0,0,0.27657243609428406,resize_025,0.25
real_00096.jpeg,test,real,0,1,0.9348207116127014,resize_025,0.25
real_00165.jpeg,test,real,0,1,0.9962066411972046,resize_025,0.25
real_00576.jpeg,test,real,0,1,0.9915026426315308,resize_025,0.25
real_00375.jpeg,test,real,0,1,0.9893962740898132,resize_025,0.25
real_00300.jpeg,test,real,0,0,0.034507520496845245,resize_025,0.25
real_00503.jpeg,test,real,0,1,0.9999995231628418,resize_025,0.25
real_00499.jpeg,test,real,0,1,0.9891629219055176,resize_025,0.25
real_00283.jpeg,test,real,0,1,0.9860207438468933,resize_025,0.25
real_00160.jpeg,test,real,0,1,0.9783041477203369,resize_025,0.25
real_00260.jpeg,test,real,0,1,0.9997413754463196,resize_025,0.25
real_00208.jpeg,test,real,0,1,0.627979576587677,resize_025,0.25
real_00262.jpeg,test,real,0,0,0.1645999401807785,resize_025,0.25
real_00213.jpeg,test,real,0,1,1.0,resize_025,0.25
real_00476.jpeg,test,real,0,1,0.9751074910163879,resize_025,0.25
real_00092.jpeg,test,real,0,1,0.9989333748817444,resize_025,0.25
real_00324.jpeg,test,real,0,1,1.0,resize_025,0.25
real_00425.jpeg,test,real,0,1,1.0,resize_025,0.25
real_00559.jpeg,test,real,0,1,0.9785213470458984,resize_025,0.25
real_00015.jpeg,test,real,0,1,0.6791079640388489,resize_025,0.25
real_00562.jpeg,test,real,0,1,0.9983727335929871,resize_025,0.25
real_00514.jpeg,test,real,0,1,0.8004946112632751,resize_025,0.25
real_00580.jpeg,test,real,0,1,0.962195634841919,resize_025,0.25
real_00202.jpeg,test,real,0,1,0.9999772310256958,resize_025,0.25
real_00402.jpeg,test,real,0,1,0.9992365837097168,resize_025,0.25
real_00057.jpeg,test,real,0,1,0.9998959302902222,resize_025,0.25
real_00007.jpeg,test,real,0,1,0.9983735084533691,resize_025,0.25
real_00388.jpeg,test,real,0,1,0.8234046697616577,resize_025,0.25
real_00016.jpeg,test,real,0,1,0.9626343846321106,resize_025,0.25
real_00506.jpeg,test,real,0,1,0.9999699592590332,resize_025,0.25
real_00028.jpeg,test,real,0,1,0.9674729704856873,resize_025,0.25
real_00572.jpeg,test,real,0,1,0.9694212675094604,resize_025,0.25
real_00381.jpeg,test,real,0,1,0.999980092048645,resize_025,0.25
real_00268.jpeg,test,real,0,0,0.4555007815361023,resize_025,0.25
real_00512.jpeg,test,real,0,1,0.9999865293502808,resize_025,0.25
real_00006.jpeg,test,real,0,1,0.9996973276138306,resize_025,0.25
real_00289.jpeg,test,real,0,1,0.9987422823905945,resize_025,0.25
real_00519.jpeg,test,real,0,1,0.7802431583404541,resize_025,0.25
real_00252.jpeg,test,real,0,1,0.999997615814209,resize_025,0.25
real_00211.jpeg,test,real,0,1,0.9048238396644592,resize_025,0.25
real_00147.jpeg,test,real,0,1,0.9852967858314514,resize_025,0.25
real_00181.jpeg,test,real,0,1,0.9999994039535522,resize_025,0.25
real_00458.jpeg,test,real,0,1,0.9974730610847473,resize_025,0.25
real_00329.jpeg,test,real,0,0,0.015192901715636253,resize_025,0.25
real_00545.jpeg,test,real,0,1,0.9999959468841553,resize_025,0.25
real_00568.jpeg,test,real,0,1,0.9941375255584717,resize_025,0.25
real_00031.jpeg,test,real,0,1,0.9017155170440674,resize_025,0.25
real_00171.jpeg,test,real,0,1,0.6714057326316833,resize_025,0.25
real_00320.jpeg,test,real,0,1,0.9317516088485718,resize_025,0.25
real_00083.jpeg,test,real,0,0,0.09261614084243774,resize_025,0.25
real_00012.jpeg,test,real,0,1,1.0,resize_025,0.25
real_00357.jpeg,test,real,0,1,0.9591070413589478,resize_025,0.25
real_00346.jpeg,test,real,0,1,0.8865218758583069,resize_025,0.25
real_00450.jpeg,test,real,0,1,0.9998972415924072,resize_025,0.25
real_00356.jpeg,test,real,0,1,0.9403674602508545,resize_025,0.25
real_00594.jpeg,test,real,0,1,0.9999990463256836,resize_025,0.25
real_00048.jpeg,test,real,0,1,0.9994069337844849,resize_025,0.25
real_00158.jpeg,test,real,0,1,0.9930332899093628,resize_025,0.25
real_00521.jpeg,test,real,0,1,0.9985087513923645,resize_025,0.25
real_00285.jpeg,test,real,0,0,0.42260926961898804,resize_025,0.25
real_00270.jpeg,test,real,0,0,0.44021105766296387,resize_025,0.25
real_00533.jpeg,test,real,0,1,0.771161675453186,resize_025,0.25
real_00494.jpeg,test,real,0,1,1.0,resize_025,0.25
real_00317.jpeg,test,real,0,1,0.8547030687332153,resize_025,0.25
real_00296.jpeg,test,real,0,0,0.001852223533205688,resize_025,0.25
real_00237.jpeg,test,real,0,0,0.19759252667427063,resize_025,0.25
real_00242.jpeg,test,real,0,1,0.9990696310997009,resize_025,0.25
real_00584.jpeg,test,real,0,1,0.9999996423721313,resize_025,0.25
real_00570.jpeg,test,real,0,1,0.9996155500411987,resize_025,0.25
real_00133.jpeg,test,real,0,1,0.9999973773956299,resize_025,0.25
real_00047.jpeg,test,real,0,0,0.1128944605588913,resize_025,0.25
real_00480.jpeg,test,real,0,1,0.9999951124191284,resize_025,0.25
real_00210.jpeg,test,real,0,0,0.4986952245235443,resize_025,0.25
real_00301.jpeg,test,real,0,1,0.9998815059661865,resize_025,0.25
real_00574.jpeg,test,real,0,1,1.0,resize_025,0.25
real_00134.jpeg,test,real,0,1,1.0,resize_025,0.25
real_00597.jpeg,test,real,0,1,1.0,resize_025,0.25
real_00281.jpeg,test,real,0,1,0.9991183876991272,resize_025,0.25
real_00332.jpeg,test,real,0,1,0.999220609664917,resize_025,0.25
real_00415.jpeg,test,real,0,1,0.990032434463501,resize_025,0.25
real_00093.jpeg,test,real,0,1,0.9999995231628418,resize_025,0.25
real_00526.jpeg,test,real,0,1,0.999969482421875,resize_025,0.25
real_00259.jpeg,test,real,0,1,0.9999080896377563,resize_025,0.25
real_00128.jpeg,test,real,0,1,0.9995744824409485,resize_025,0.25
real_00173.jpeg,test,real,0,0,0.4410161077976227,resize_025,0.25
real_00005.jpeg,test,real,0,0,0.24818477034568787,resize_025,0.25
real_00532.jpeg,test,real,0,1,0.9999994039535522,resize_025,0.25
real_00061.jpeg,test,real,0,1,0.9962896108627319,resize_025,0.25
real_00313.jpeg,test,real,0,1,0.9934446811676025,resize_025,0.25
real_00130.jpeg,test,real,0,0,0.3968525528907776,resize_025,0.25
real_00454.jpeg,test,real,0,1,0.9718014001846313,resize_025,0.25
real_00204.jpeg,test,real,0,1,0.999744713306427,resize_025,0.25
real_00337.jpeg,test,real,0,1,0.999998927116394,resize_025,0.25
real_00195.jpeg,test,real,0,1,0.9888446927070618,resize_025,0.25
real_00187.jpeg,test,real,0,1,0.962627649307251,resize_025,0.25
real_00489.jpeg,test,real,0,0,0.04810095205903053,resize_025,0.25
real_00385.jpeg,test,real,0,1,0.7318481802940369,resize_025,0.25
real_00221.jpeg,test,real,0,0,0.32903724908828735,resize_025,0.25
real_00027.jpeg,test,real,0,1,1.0,resize_025,0.25
real_00022.jpeg,test,real,0,0,0.4252126216888428,resize_025,0.25
real_00331.jpeg,test,real,0,1,0.9998739957809448,resize_025,0.25
real_00159.jpeg,test,real,0,0,0.016979452222585678,resize_025,0.25
real_00068.jpeg,test,real,0,1,0.9959356784820557,resize_025,0.25
real_00127.jpeg,test,real,0,0,0.029596420004963875,resize_025,0.25
real_00420.jpeg,test,real,0,1,0.9999899864196777,resize_025,0.25
real_00510.jpeg,test,real,0,1,0.9999605417251587,resize_025,0.25
real_00106.jpeg,test,real,0,1,1.0,resize_025,0.25
real_00599.jpeg,test,real,0,1,0.9999444484710693,resize_025,0.25
real_00419.jpeg,test,real,0,0,0.11044701933860779,resize_025,0.25
real_00286.jpeg,test,real,0,1,0.9895373582839966,resize_025,0.25
real_00341.jpeg,test,real,0,0,0.013796402141451836,resize_025,0.25
real_00263.jpeg,test,real,0,1,0.9996989965438843,resize_025,0.25
real_00255.jpeg,test,real,0,1,0.9999428987503052,resize_025,0.25
real_00335.jpeg,test,real,0,1,0.6571713089942932,resize_025,0.25
real_00174.jpeg,test,real,0,1,0.8567389845848083,resize_025,0.25
real_00243.jpeg,test,real,0,1,0.9350736141204834,resize_025,0.25
real_00140.jpeg,test,real,0,1,0.9999881982803345,resize_025,0.25
real_00582.jpeg,test,real,0,1,0.999945878982544,resize_025,0.25
real_00542.jpeg,test,real,0,1,0.9999990463256836,resize_025,0.25
real_00547.jpeg,test,real,0,1,0.908322811126709,resize_025,0.25
real_00287.jpeg,test,real,0,1,1.0,resize_025,0.25
real_00144.jpeg,test,real,0,1,0.9997132420539856,resize_025,0.25
real_00214.jpeg,test,real,0,1,0.9978963136672974,resize_025,0.25
real_00234.jpeg,test,real,0,1,0.9777165055274963,resize_025,0.25
real_00595.jpeg,test,real,0,0,0.22309568524360657,resize_025,0.25
real_00075.jpeg,test,real,0,1,0.8840124607086182,resize_025,0.25
real_00295.jpeg,test,real,0,1,0.9995993971824646,resize_025,0.25
real_00070.jpeg,test,real,0,0,0.43593594431877136,resize_025,0.25
real_00148.jpeg,test,real,0,1,0.816265881061554,resize_025,0.25
real_00491.jpeg,test,real,0,1,1.0,resize_025,0.25
real_00090.jpeg,test,real,0,0,0.0005862832185812294,resize_025,0.25
real_00063.jpeg,test,real,0,1,0.9214529395103455,resize_025,0.25
real_00334.jpeg,test,real,0,0,0.38961413502693176,resize_025,0.25
real_00530.jpeg,test,real,0,1,0.9948882460594177,resize_025,0.25
real_00069.jpeg,test,real,0,0,0.1577279418706894,resize_025,0.25
real_00109.jpeg,test,real,0,0,0.018990129232406616,resize_025,0.25
real_00321.jpeg,test,real,0,1,0.9993399977684021,resize_025,0.25
real_00126.jpeg,test,real,0,1,0.9996527433395386,resize_025,0.25
real_00358.jpeg,test,real,0,1,0.9675475358963013,resize_025,0.25
real_00364.jpeg,test,real,0,0,0.017957529053092003,resize_025,0.25
real_00209.jpeg,test,real,0,1,0.913773775100708,resize_025,0.25
real_00292.jpeg,test,real,0,1,0.9930264949798584,resize_025,0.25
real_00473.jpeg,test,real,0,1,0.9974830746650696,resize_025,0.25
real_00367.jpeg,test,real,0,1,0.6304109692573547,resize_025,0.25
real_00228.jpeg,test,real,0,1,0.9919700026512146,resize_025,0.25
real_00463.jpeg,test,real,0,1,0.823550820350647,resize_025,0.25
real_00529.jpeg,test,real,0,1,0.9999985694885254,resize_025,0.25
real_00376.jpeg,test,real,0,1,0.9721521735191345,resize_025,0.25
real_00089.jpeg,test,real,0,1,0.9999985694885254,resize_025,0.25
real_00409.jpeg,test,real,0,1,0.5465096831321716,resize_025,0.25
real_00456.jpeg,test,real,0,1,0.9989845156669617,resize_025,0.25
real_00378.jpeg,test,real,0,1,0.9999998807907104,resize_025,0.25
real_00596.jpeg,test,real,0,1,0.9999997615814209,resize_025,0.25
real_00477.jpeg,test,real,0,1,0.9997720122337341,resize_025,0.25
real_00261.jpeg,test,real,0,1,0.9988842606544495,resize_025,0.25
real_00273.jpeg,test,real,0,1,0.866336464881897,resize_025,0.25
real_00100.jpeg,test,real,0,1,0.7722824811935425,resize_025,0.25
real_00080.jpeg,test,real,0,1,0.6612931489944458,resize_025,0.25
real_00009.jpeg,test,real,0,1,0.9964237809181213,resize_025,0.25
real_00167.jpeg,test,real,0,0,6.882797606522217e-06,resize_025,0.25
real_00571.jpeg,test,real,0,1,1.0,resize_025,0.25
real_00218.jpeg,test,real,0,1,0.9593921303749084,resize_025,0.25
real_00355.jpeg,test,real,0,1,0.9990591406822205,resize_025,0.25
real_00406.jpeg,test,real,0,1,0.9999969005584717,resize_025,0.25
real_00302.jpeg,test,real,0,1,0.9932478666305542,resize_025,0.25
real_00010.jpeg,test,real,0,1,0.900144636631012,resize_025,0.25
real_00405.jpeg,test,real,0,1,0.9998992681503296,resize_025,0.25
real_00447.jpeg,test,real,0,0,0.4509884715080261,resize_025,0.25
real_00379.jpeg,test,real,0,1,0.8067842125892639,resize_025,0.25
real_00319.jpeg,test,real,0,1,0.9999959468841553,resize_025,0.25
real_00543.jpeg,test,real,0,1,0.9999955892562866,resize_025,0.25
real_00539.jpeg,test,real,0,1,0.7421514391899109,resize_025,0.25
real_00579.jpeg,test,real,0,1,0.9955313801765442,resize_025,0.25
real_00459.jpeg,test,real,0,1,0.9999972581863403,resize_025,0.25
real_00587.jpeg,test,real,0,1,0.9994206428527832,resize_025,0.25
real_00114.jpeg,test,real,0,1,0.8400037884712219,resize_025,0.25
real_00479.jpeg,test,real,0,1,0.9238131046295166,resize_025,0.25
real_00488.jpeg,test,real,0,1,0.9111396074295044,resize_025,0.25
real_00360.jpeg,test,real,0,1,0.9525923132896423,resize_025,0.25
real_00363.jpeg,test,real,0,1,0.9905718564987183,resize_025,0.25
real_00350.jpeg,test,real,0,1,0.6713207960128784,resize_025,0.25
real_00441.jpeg,test,real,0,1,0.9952850937843323,resize_025,0.25
real_00003.jpeg,test,real,0,1,0.9543594717979431,resize_025,0.25
real_00217.jpeg,test,real,0,1,0.9999357461929321,resize_025,0.25
real_00465.jpeg,test,real,0,1,0.9999986886978149,resize_025,0.25
real_00442.jpeg,test,real,0,1,0.9979329109191895,resize_025,0.25
real_00233.jpeg,test,real,0,1,0.9973228573799133,resize_025,0.25
real_00161.jpeg,test,real,0,1,0.9999963045120239,resize_025,0.25
real_00412.jpeg,test,real,0,1,0.9995738863945007,resize_025,0.25
real_00468.jpeg,test,real,0,1,0.9999998807907104,resize_025,0.25
real_00125.jpeg,test,real,0,1,0.9999896287918091,resize_025,0.25
real_00186.jpeg,test,real,0,1,0.9999309778213501,resize_025,0.25
real_00172.jpeg,test,real,0,1,0.8948867321014404,resize_025,0.25
real_00467.jpeg,test,real,0,1,0.978367030620575,resize_025,0.25
real_00323.jpeg,test,real,0,0,0.057465653866529465,resize_025,0.25
real_00203.jpeg,test,real,0,0,0.4002906382083893,resize_025,0.25
real_00552.jpeg,test,real,0,0,0.08972246944904327,resize_025,0.25
real_00034.jpeg,test,real,0,1,0.9999973773956299,resize_025,0.25
real_00142.jpeg,test,real,0,1,0.9999998807907104,resize_025,0.25
real_00059.jpeg,test,real,0,1,0.9958128333091736,resize_025,0.25
real_00021.jpeg,test,real,0,1,0.99959796667099,resize_025,0.25
real_00525.jpeg,test,real,0,1,0.9999467134475708,resize_025,0.25
real_00275.jpeg,test,real,0,1,0.9213562607765198,resize_025,0.25
real_00430.jpeg,test,real,0,0,0.36557528376579285,resize_025,0.25
real_00349.jpeg,test,real,0,1,0.9995481371879578,resize_025,0.25
real_00373.jpeg,test,real,0,1,0.9998093247413635,resize_025,0.25
real_00078.jpeg,test,real,0,1,0.9996540546417236,resize_025,0.25
real_00437.jpeg,test,real,0,1,0.9834892749786377,resize_025,0.25
real_00520.jpeg,test,real,0,1,0.9401988387107849,resize_025,0.25
real_00564.jpeg,test,real,0,1,0.9810381531715393,resize_025,0.25
real_00578.jpeg,test,real,0,1,0.7737860679626465,resize_025,0.25
real_00225.jpeg,test,real,0,1,0.8698856234550476,resize_025,0.25
real_00232.jpeg,test,real,0,1,0.9968538880348206,resize_025,0.25
real_00194.jpeg,test,real,0,1,0.6364716291427612,resize_025,0.25
real_00278.jpeg,test,real,0,1,1.0,resize_025,0.25
real_00168.jpeg,test,real,0,1,0.8081635236740112,resize_025,0.25
real_00145.jpeg,test,real,0,1,0.9998856782913208,resize_025,0.25
real_00495.jpeg,test,real,0,0,0.045929379761219025,resize_025,0.25
real_00236.jpeg,test,real,0,1,0.9993982315063477,resize_025,0.25
real_00121.jpeg,test,real,0,0,0.35508525371551514,resize_025,0.25
real_00455.jpeg,test,real,0,1,0.9999995231628418,resize_025,0.25
real_00177.jpeg,test,real,0,1,0.999358594417572,resize_025,0.25
real_00485.jpeg,test,real,0,0,0.20548415184020996,resize_025,0.25
real_00136.jpeg,test,real,0,1,1.0,resize_025,0.25
real_00054.jpeg,test,real,0,1,0.941620945930481,resize_025,0.25
real_00470.jpeg,test,real,0,0,0.10461117327213287,resize_025,0.25
real_00118.jpeg,test,real,0,1,0.9820189476013184,resize_025,0.25
real_00153.jpeg,test,real,0,1,0.6804034113883972,resize_025,0.25
real_00384.jpeg,test,real,0,1,0.9993892908096313,resize_025,0.25
real_00115.jpeg,test,real,0,1,0.9999998807907104,resize_025,0.25
real_00101.jpeg,test,real,0,0,0.06084717810153961,resize_025,0.25
real_00327.jpeg,test,real,0,1,0.9999517202377319,resize_025,0.25
real_00164.jpeg,test,real,0,1,0.6636781096458435,resize_025,0.25
real_00538.jpeg,test,real,0,1,0.9539356827735901,resize_025,0.25
real_00049.jpeg,test,real,0,1,0.9977028965950012,resize_025,0.25
real_00544.jpeg,test,real,0,1,0.9998815059661865,resize_025,0.25
real_00154.jpeg,test,real,0,1,0.8489291667938232,resize_025,0.25
real_00215.jpeg,test,real,0,1,0.9934770464897156,resize_025,0.25
real_00124.jpeg,test,real,0,1,0.9998561143875122,resize_025,0.25
real_00223.jpeg,test,real,0,1,0.9999998807907104,resize_025,0.25
real_00065.jpeg,test,real,0,1,0.9999562501907349,resize_025,0.25
real_00282.jpeg,test,real,0,1,0.7163182497024536,resize_025,0.25
real_00267.jpeg,test,real,0,1,0.8364012241363525,resize_025,0.25
real_00343.jpeg,test,real,0,1,0.9998356103897095,resize_025,0.25
real_00421.jpeg,test,real,0,0,0.05816925689578056,resize_025,0.25
real_00531.jpeg,test,real,0,0,0.175010547041893,resize_025,0.25
real_00575.jpeg,test,real,0,1,0.7713668942451477,resize_025,0.25
real_00290.jpeg,test,real,0,1,0.8806238770484924,resize_025,0.25
real_00336.jpeg,test,real,0,1,0.9859858751296997,resize_025,0.25
real_00306.jpeg,test,real,0,0,0.4900020360946655,resize_025,0.25
real_00231.jpeg,test,real,0,0,0.4961434304714203,resize_025,0.25
real_00002.jpeg,test,real,0,1,0.9999568462371826,resize_025,0.25
real_00504.jpeg,test,real,0,1,0.9939064383506775,resize_025,0.25
real_00536.jpeg,test,real,0,0,0.014708810485899448,resize_025,0.25
real_00362.jpeg,test,real,0,0,0.032773714512586594,resize_025,0.25
real_00199.jpeg,test,real,0,0,0.0534585565328598,resize_025,0.25
real_00023.jpeg,test,real,0,1,0.9640935659408569,resize_025,0.25
real_00433.jpeg,test,real,0,1,1.0,resize_025,0.25
real_00484.jpeg,test,real,0,1,0.9682008028030396,resize_025,0.25
real_00110.jpeg,test,real,0,1,0.9954290390014648,resize_025,0.25
real_00305.jpeg,test,real,0,1,0.9999971389770508,resize_025,0.25
real_00352.jpeg,test,real,0,1,0.9569005966186523,resize_025,0.25
real_00256.jpeg,test,real,0,1,0.6148964762687683,resize_025,0.25
real_00404.jpeg,test,real,0,0,0.17922855913639069,resize_025,0.25
real_00523.jpeg,test,real,0,1,0.9996306896209717,resize_025,0.25
real_00513.jpeg,test,real,0,1,0.9999973773956299,resize_025,0.25
real_00108.jpeg,test,real,0,1,0.9896753430366516,resize_025,0.25
real_00119.jpeg,test,real,0,1,1.0,resize_025,0.25
real_00511.jpeg,test,real,0,1,0.9744139909744263,resize_025,0.25
real_00073.jpeg,test,real,0,1,0.608025074005127,resize_025,0.25
real_00469.jpeg,test,real,0,0,0.16748826205730438,resize_025,0.25
real_00035.jpeg,test,real,0,0,0.00012497304123826325,resize_025,0.25
real_00427.jpeg,test,real,0,0,0.05106630548834801,resize_025,0.25
real_00000.jpeg,test,real,0,1,0.5616397261619568,resize_025,0.25
real_00066.jpeg,test,real,0,1,0.9994543194770813,resize_025,0.25
real_00052.jpeg,test,real,0,1,0.9521113038063049,resize_025,0.25
real_00483.jpeg,test,real,0,0,0.17261190712451935,resize_025,0.25
real_00020.jpeg,test,real,0,1,1.0,resize_025,0.25
real_00540.jpeg,test,real,0,1,0.9516563415527344,resize_025,0.25
real_00383.jpeg,test,real,0,1,0.9987205266952515,resize_025,0.25
real_00129.jpeg,test,real,0,1,0.7159416675567627,resize_025,0.25
real_00505.jpeg,test,real,0,1,0.6512228846549988,resize_025,0.25
real_00517.jpeg,test,real,0,1,0.9941799640655518,resize_025,0.25
real_00291.jpeg,test,real,0,1,0.9881336092948914,resize_025,0.25
real_00328.jpeg,test,real,0,1,1.0,resize_025,0.25
real_00082.jpeg,test,real,0,1,0.9894954562187195,resize_025,0.25
real_00413.jpeg,test,real,0,1,0.9241892695426941,resize_025,0.25
real_00201.jpeg,test,real,0,1,0.550248920917511,resize_025,0.25
real_00422.jpeg,test,real,0,1,0.9973616003990173,resize_025,0.25
real_00481.jpeg,test,real,0,1,0.9999998807907104,resize_025,0.25
real_00249.jpeg,test,real,0,1,0.9932505488395691,resize_025,0.25
real_00591.jpeg,test,real,0,1,0.999985933303833,resize_025,0.25
real_00103.jpeg,test,real,0,1,0.5321636199951172,resize_025,0.25
real_00058.jpeg,test,real,0,1,0.9911974668502808,resize_025,0.25
real_00029.jpeg,test,real,0,1,0.9999998807907104,resize_025,0.25
real_00551.jpeg,test,real,0,1,0.9968241453170776,resize_025,0.25
real_00453.jpeg,test,real,0,1,1.0,resize_025,0.25
real_00041.jpeg,test,real,0,1,0.9575679898262024,resize_025,0.25
real_00316.jpeg,test,real,0,1,0.9938405752182007,resize_025,0.25
real_00449.jpeg,test,real,0,0,0.018016137182712555,resize_025,0.25
real_00198.jpeg,test,real,0,1,0.9999920129776001,resize_025,0.25
real_00310.jpeg,test,real,0,1,0.9999961853027344,resize_025,0.25
real_00205.jpeg,test,real,0,1,0.955582857131958,resize_025,0.25
real_00011.jpeg,test,real,0,1,0.929673433303833,resize_025,0.25
real_00556.jpeg,test,real,0,1,0.9999923706054688,resize_025,0.25
real_00294.jpeg,test,real,0,0,0.30481022596359253,resize_025,0.25
real_00112.jpeg,test,real,0,1,1.0,resize_025,0.25
real_00170.jpeg,test,real,0,1,0.7470252513885498,resize_025,0.25
real_00569.jpeg,test,real,0,1,0.9980560541152954,resize_025,0.25
real_00318.jpeg,test,real,0,1,0.9859435558319092,resize_025,0.25
real_00397.jpeg,test,real,0,1,0.6568021774291992,resize_025,0.25
real_00014.jpeg,test,real,0,0,0.2115345448255539,resize_025,0.25
real_00196.jpeg,test,real,0,0,0.039986081421375275,resize_025,0.25
real_00191.jpeg,test,real,0,1,0.999568521976471,resize_025,0.25
real_00192.jpeg,test,real,0,1,0.9997991919517517,resize_025,0.25
real_00353.jpeg,test,real,0,1,0.9999409914016724,resize_025,0.25
real_00254.jpeg,test,real,0,1,0.9999947547912598,resize_025,0.25
real_00169.jpeg,test,real,0,1,0.9964738488197327,resize_025,0.25
real_00370.jpeg,test,real,0,1,0.9863494038581848,resize_025,0.25
real_00004.jpeg,test,real,0,1,0.9999688863754272,resize_025,0.25
real_00368.jpeg,test,real,0,1,0.9999985694885254,resize_025,0.25
real_00417.jpeg,test,real,0,1,1.0,resize_025,0.25
real_00333.jpeg,test,real,0,1,0.9995735287666321,resize_025,0.25
real_00123.jpeg,test,real,0,1,0.9754668474197388,resize_025,0.25
real_00380.jpeg,test,real,0,0,0.07096551358699799,resize_025,0.25
real_00179.jpeg,test,real,0,1,0.9997345805168152,resize_025,0.25
real_00400.jpeg,test,real,0,1,1.0,resize_025,0.25
real_00369.jpeg,test,real,0,1,0.9999933242797852,resize_025,0.25
real_00051.jpeg,test,real,0,1,0.5363587141036987,resize_025,0.25
real_00097.jpeg,test,real,0,0,0.07619193196296692,resize_025,0.25
real_00515.jpeg,test,real,0,1,0.9999223947525024,resize_025,0.25
real_00446.jpeg,test,real,0,1,0.9750674962997437,resize_025,0.25
real_00155.jpeg,test,real,0,1,0.7825930118560791,resize_025,0.25
real_00277.jpeg,test,real,0,1,0.9885596632957458,resize_025,0.25
real_00098.jpeg,test,real,0,0,0.2790297269821167,resize_025,0.25
real_00107.jpeg,test,real,0,1,1.0,resize_025,0.25
real_00087.jpeg,test,real,0,1,0.760872483253479,resize_025,0.25
real_00565.jpeg,test,real,0,1,0.5924507975578308,resize_025,0.25
real_00280.jpeg,test,real,0,0,0.2628248929977417,resize_025,0.25
real_00507.jpeg,test,real,0,1,0.596786379814148,resize_025,0.25
real_00326.jpeg,test,real,0,1,0.7474942803382874,resize_025,0.25
real_00244.jpeg,test,real,0,1,0.9953070282936096,resize_025,0.25
real_00033.jpeg,test,real,0,0,0.12795548141002655,resize_025,0.25
real_00064.jpeg,test,real,0,1,0.9930378794670105,resize_025,0.25
real_00013.jpeg,test,real,0,1,0.7964194416999817,resize_025,0.25
real_00183.jpeg,test,real,0,1,0.9931066632270813,resize_025,0.25
real_00030.jpeg,test,real,0,0,0.422192245721817,resize_025,0.25
real_00474.jpeg,test,real,0,1,0.653554379940033,resize_025,0.25
real_00558.jpeg,test,real,0,1,0.9826923608779907,resize_025,0.25
real_00088.jpeg,test,real,0,0,0.2461969554424286,resize_025,0.25
real_00436.jpeg,test,real,0,1,0.9324354529380798,resize_025,0.25
real_00518.jpeg,test,real,0,1,0.8298638463020325,resize_025,0.25
real_00111.jpeg,test,real,0,0,0.10280802845954895,resize_025,0.25
real_00122.jpeg,test,real,0,1,0.9999970197677612,resize_025,0.25
real_00461.jpeg,test,real,0,1,0.9785853624343872,resize_025,0.25
real_00239.jpeg,test,real,0,0,0.3328930139541626,resize_025,0.25
real_00408.jpeg,test,real,0,1,0.9990577101707458,resize_025,0.25
real_00460.jpeg,test,real,0,1,0.9995916485786438,resize_025,0.25
real_00138.jpeg,test,real,0,0,0.11572127789258957,resize_025,0.25
real_00429.jpeg,test,real,0,1,0.8134275078773499,resize_025,0.25
real_00462.jpeg,test,real,0,1,0.6904951930046082,resize_025,0.25
real_00113.jpeg,test,real,0,1,0.9990798234939575,resize_025,0.25
real_00391.jpeg,test,real,0,1,0.8028689622879028,resize_025,0.25
real_00303.jpeg,test,real,0,0,0.23706284165382385,resize_025,0.25
real_00592.jpeg,test,real,0,1,0.7773464322090149,resize_025,0.25
real_00157.jpeg,test,real,0,1,0.8434856534004211,resize_025,0.25
real_00475.jpeg,test,real,0,1,0.9998815059661865,resize_025,0.25
real_00071.jpeg,test,real,0,1,0.999987006187439,resize_025,0.25
real_00235.jpeg,test,real,0,1,0.9972039461135864,resize_025,0.25
real_00067.jpeg,test,real,0,1,0.9756274819374084,resize_025,0.25
real_00502.jpeg,test,real,0,1,0.8809993267059326,resize_025,0.25
real_00099.jpeg,test,real,0,0,0.0017801057547330856,resize_025,0.25
real_00508.jpeg,test,real,0,1,0.9959214925765991,resize_025,0.25
real_00036.jpeg,test,real,0,1,0.9999973773956299,resize_025,0.25
real_00149.jpeg,test,real,0,0,0.41085323691368103,resize_025,0.25
real_00220.jpeg,test,real,0,1,0.9999995231628418,resize_025,0.25
real_00418.jpeg,test,real,0,1,0.9898896217346191,resize_025,0.25
real_00466.jpeg,test,real,0,1,0.9937118291854858,resize_025,0.25
real_00120.jpeg,test,real,0,1,0.8143835067749023,resize_025,0.25
real_00139.jpeg,test,real,0,1,0.8417903184890747,resize_025,0.25
real_00589.jpeg,test,real,0,1,0.9999978542327881,resize_025,0.25
real_00276.jpeg,test,real,0,1,0.9994352459907532,resize_025,0.25
real_00377.jpeg,test,real,0,1,0.9019256830215454,resize_025,0.25
real_00175.jpeg,test,real,0,1,0.9890990257263184,resize_025,0.25
real_00001.jpeg,test,real,0,1,0.9885511994361877,resize_025,0.25
real_00424.jpeg,test,real,0,0,0.13105876743793488,resize_025,0.25
real_00197.jpeg,test,real,0,1,0.987913191318512,resize_025,0.25
real_00246.jpeg,test,real,0,1,0.9152759909629822,resize_025,0.25
real_00325.jpeg,test,real,0,1,0.9999991655349731,resize_025,0.25
real_00150.jpeg,test,real,0,0,0.31853845715522766,resize_025,0.25
real_00501.jpeg,test,real,0,0,0.10973306000232697,resize_025,0.25
real_00428.jpeg,test,real,0,1,0.6609095931053162,resize_025,0.25
real_00222.jpeg,test,real,0,1,0.9970532655715942,resize_025,0.25
real_00045.jpeg,test,real,0,1,0.7826515436172485,resize_025,0.25
real_00338.jpeg,test,real,0,1,1.0,resize_025,0.25
real_00390.jpeg,test,real,0,0,0.33184725046157837,resize_025,0.25
real_00062.jpeg,test,real,0,1,0.9975626468658447,resize_025,0.25
real_00426.jpeg,test,real,0,1,0.9421593546867371,resize_025,0.25
real_00247.jpeg,test,real,0,1,0.9347684979438782,resize_025,0.25
real_00152.jpeg,test,real,0,1,0.9773334264755249,resize_025,0.25
real_00156.jpeg,test,real,0,1,0.8303660154342651,resize_025,0.25
real_00084.jpeg,test,real,0,1,1.0,resize_025,0.25
real_00212.jpeg,test,real,0,1,0.7526540756225586,resize_025,0.25
real_00184.jpeg,test,real,0,1,0.9998899698257446,resize_025,0.25
real_00309.jpeg,test,real,0,1,0.9999206066131592,resize_025,0.25
real_00423.jpeg,test,real,0,1,0.999480664730072,resize_025,0.25
real_00095.jpeg,test,real,0,0,0.07250102609395981,resize_025,0.25
real_00264.jpeg,test,real,0,1,0.9003944993019104,resize_025,0.25
real_00105.jpeg,test,real,0,1,0.9465312957763672,resize_025,0.25
real_00024.jpeg,test,real,0,1,0.812167227268219,resize_025,0.25
real_00293.jpeg,test,real,0,1,0.9993828535079956,resize_025,0.25
real_00311.jpeg,test,real,0,1,0.5420907139778137,resize_025,0.25
real_00032.jpeg,test,real,0,1,0.9918726086616516,resize_025,0.25
real_00374.jpeg,test,real,0,1,0.9919215440750122,resize_025,0.25
real_00492.jpeg,test,real,0,1,0.9999840259552002,resize_025,0.25
real_00162.jpeg,test,real,0,1,0.9777700304985046,resize_025,0.25
real_00588.jpeg,test,real,0,1,0.9837161302566528,resize_025,0.25
real_00411.jpeg,test,real,0,1,0.9879108667373657,resize_025,0.25
real_00241.jpeg,test,real,0,1,0.9918787479400635,resize_025,0.25
real_00432.jpeg,test,real,0,1,0.9999589920043945,resize_025,0.25
real_00025.jpeg,test,real,0,1,0.961535632610321,resize_025,0.25
real_00079.jpeg,test,real,0,1,0.9999998807907104,resize_025,0.25
real_00351.jpeg,test,real,0,1,0.9999501705169678,resize_025,0.25
real_00590.jpeg,test,real,0,1,0.9861578941345215,resize_025,0.25
real_00240.jpeg,test,real,0,1,0.9999988079071045,resize_025,0.25
real_00583.jpeg,test,real,0,1,0.9813755750656128,resize_025,0.25
real_00116.jpeg,test,real,0,1,0.9999467134475708,resize_025,0.25
real_00081.jpeg,test,real,0,1,0.9997555613517761,resize_025,0.25
real_00224.jpeg,test,real,0,1,0.999852180480957,resize_025,0.25
real_00372.jpeg,test,real,0,1,0.9944572448730469,resize_025,0.25
real_00074.jpeg,test,real,0,0,0.05918148159980774,resize_025,0.25
real_00555.jpeg,test,real,0,1,0.8213602304458618,resize_025,0.25
real_00399.jpeg,test,real,0,1,0.9957900643348694,resize_025,0.25
real_00308.jpeg,test,real,0,1,0.749359130859375,resize_025,0.25
real_00132.jpeg,test,real,0,0,0.472481906414032,resize_025,0.25
real_00478.jpeg,test,real,0,0,0.1946578025817871,resize_025,0.25
real_00435.jpeg,test,real,0,0,0.0022994931787252426,resize_025,0.25
real_00072.jpeg,test,real,0,1,0.9957144856452942,resize_025,0.25
real_00037.jpeg,test,real,0,1,1.0,resize_025,0.25
real_00272.jpeg,test,real,0,0,0.4304194748401642,resize_025,0.25
real_00102.jpeg,test,real,0,1,0.9999929666519165,resize_025,0.25
real_00044.jpeg,test,real,0,1,0.9999655485153198,resize_025,0.25
real_00546.jpeg,test,real,0,1,0.9857112765312195,resize_025,0.25
real_00146.jpeg,test,real,0,1,0.9996576309204102,resize_025,0.25
real_00361.jpeg,test,real,0,1,0.9989270567893982,resize_025,0.25
real_00498.jpeg,test,real,0,1,0.93039870262146,resize_025,0.25
real_00567.jpeg,test,real,0,0,0.31727495789527893,resize_025,0.25
real_00229.jpeg,test,real,0,1,1.0,resize_025,0.25
real_00573.jpeg,test,real,0,1,0.9480113983154297,resize_025,0.25
real_00452.jpeg,test,real,0,1,0.994845986366272,resize_025,0.25
real_00258.jpeg,test,real,0,0,0.30317285656929016,resize_025,0.25
real_00581.jpeg,test,real,0,1,0.6824910640716553,resize_025,0.25
real_00340.jpeg,test,real,0,1,0.962218701839447,resize_025,0.25
real_00516.jpeg,test,real,0,1,0.5310395956039429,resize_025,0.25
real_00524.jpeg,test,real,0,1,0.9970779418945312,resize_025,0.25
real_00554.jpeg,test,real,0,1,0.9962788224220276,resize_025,0.25
real_00299.jpeg,test,real,0,1,0.6492098569869995,resize_025,0.25
real_00439.jpeg,test,real,0,1,1.0,resize_025,0.25
real_00166.jpeg,test,real,0,1,0.9721490740776062,resize_025,0.25
real_00392.jpeg,test,real,0,0,0.27434009313583374,resize_025,0.25
real_00086.jpeg,test,real,0,1,0.5495244860649109,resize_025,0.25
real_00537.jpeg,test,real,0,1,1.0,resize_025,0.25
real_00431.jpeg,test,real,0,0,0.3301214873790741,resize_025,0.25
real_00389.jpeg,test,real,0,0,0.23865318298339844,resize_025,0.25
real_00534.jpeg,test,real,0,0,0.0034077223390340805,resize_025,0.25
real_00541.jpeg,test,real,0,1,0.8342105150222778,resize_025,0.25
real_00094.jpeg,test,real,0,1,0.9988834261894226,resize_025,0.25
real_00226.jpeg,test,real,0,1,0.9990409016609192,resize_025,0.25
real_00200.jpeg,test,real,0,1,0.6660597324371338,resize_025,0.25
real_00330.jpeg,test,real,0,0,0.12695127725601196,resize_025,0.25
real_00091.jpeg,test,real,0,1,0.9853494763374329,resize_025,0.25
real_00472.jpeg,test,real,0,1,0.9999958276748657,resize_025,0.25
real_00493.jpeg,test,real,0,1,0.9093786478042603,resize_025,0.25
real_00053.jpeg,test,real,0,1,0.7590717077255249,resize_025,0.25
real_00298.jpeg,test,real,0,1,0.9999929666519165,resize_025,0.25
real_00366.jpeg,test,real,0,1,0.9387319087982178,resize_025,0.25
real_00182.jpeg,test,real,0,1,0.9082170724868774,resize_025,0.25
real_00490.jpeg,test,real,0,1,0.8131191730499268,resize_025,0.25
real_00593.jpeg,test,real,0,1,0.9999951124191284,resize_025,0.25
real_00137.jpeg,test,real,0,0,0.004922220949083567,resize_025,0.25
real_00314.jpeg,test,real,0,1,0.9999228715896606,resize_025,0.25
real_00471.jpeg,test,real,0,1,0.9983148574829102,resize_025,0.25
real_00365.jpeg,test,real,0,1,0.9317156672477722,resize_025,0.25
real_00042.jpeg,test,real,0,0,0.06670843809843063,resize_025,0.25
real_00448.jpeg,test,real,0,1,0.9999998807907104,resize_025,0.25
real_00188.jpeg,test,real,0,1,1.0,resize_025,0.25
real_00245.jpeg,test,real,0,1,0.5196482539176941,resize_025,0.25
real_00509.jpeg,test,real,0,0,4.499505666899495e-05,resize_025,0.25
real_00265.jpeg,test,real,0,1,0.7739465236663818,resize_025,0.25
real_00443.jpeg,test,real,0,1,0.9978137016296387,resize_025,0.25
real_00284.jpeg,test,real,0,1,0.9993183612823486,resize_025,0.25
real_00386.jpeg,test,real,0,1,0.993934690952301,resize_025,0.25
real_00548.jpeg,test,real,0,0,0.0072032068856060505,resize_025,0.25
real_00487.jpeg,test,real,0,1,0.9999756813049316,resize_025,0.25
real_00549.jpeg,test,real,0,1,1.0,resize_025,0.25
real_00315.jpeg,test,real,0,1,0.9925299286842346,resize_025,0.25
real_00464.jpeg,test,real,0,1,0.9897357225418091,resize_025,0.25
midjourney_00068.png,test,midjourney,1,0,0.13246183097362518,resize_025,0.25
vqdm_00062.png,test,vqdm,1,1,1.0,resize_025,0.25
adm_00019.png,test,adm,1,1,0.9499742388725281,resize_025,0.25
midjourney_00077.png,test,midjourney,1,0,0.07271921634674072,resize_025,0.25
adm_00074.png,test,adm,1,1,0.9999308586120605,resize_025,0.25
wukong_00038.png,test,wukong,1,1,0.9999983310699463,resize_025,0.25
biggan_00049.png,test,biggan,1,0,0.22639694809913635,resize_025,0.25
midjourney_00036.png,test,midjourney,1,1,0.9810683131217957,resize_025,0.25
glide_00074.png,test,glide,1,1,0.9999885559082031,resize_025,0.25
sdv5_00043.png,test,sdv5,1,1,0.9999698400497437,resize_025,0.25
wukong_00067.png,test,wukong,1,1,0.9999964237213135,resize_025,0.25
vqdm_00041.png,test,vqdm,1,1,1.0,resize_025,0.25
wukong_00066.png,test,wukong,1,1,0.999417781829834,resize_025,0.25
vqdm_00061.png,test,vqdm,1,1,1.0,resize_025,0.25
biggan_00010.png,test,biggan,1,1,0.6463534832000732,resize_025,0.25
midjourney_00011.png,test,midjourney,1,1,0.9999974966049194,resize_025,0.25
adm_00067.png,test,adm,1,1,0.9977826476097107,resize_025,0.25
adm_00063.png,test,adm,1,1,1.0,resize_025,0.25
wukong_00015.png,test,wukong,1,1,0.9999312162399292,resize_025,0.25
vqdm_00004.png,test,vqdm,1,1,0.9999994039535522,resize_025,0.25
midjourney_00005.png,test,midjourney,1,1,0.9239749908447266,resize_025,0.25
adm_00014.png,test,adm,1,1,0.9417158365249634,resize_025,0.25
glide_00069.png,test,glide,1,1,1.0,resize_025,0.25
vqdm_00010.png,test,vqdm,1,1,0.9937801957130432,resize_025,0.25
sdv5_00046.png,test,sdv5,1,1,1.0,resize_025,0.25
wukong_00023.png,test,wukong,1,1,0.9999990463256836,resize_025,0.25
midjourney_00074.png,test,midjourney,1,1,0.9991108775138855,resize_025,0.25
midjourney_00039.png,test,midjourney,1,1,0.9939806461334229,resize_025,0.25
vqdm_00024.png,test,vqdm,1,1,1.0,resize_025,0.25
wukong_00075.png,test,wukong,1,1,1.0,resize_025,0.25
biggan_00050.png,test,biggan,1,1,0.9343101978302002,resize_025,0.25
midjourney_00059.png,test,midjourney,1,1,0.9969690442085266,resize_025,0.25
biggan_00029.png,test,biggan,1,0,0.03666304796934128,resize_025,0.25
sdv5_00039.png,test,sdv5,1,1,1.0,resize_025,0.25
glide_00061.png,test,glide,1,1,0.9999560117721558,resize_025,0.25
biggan_00012.png,test,biggan,1,1,0.7799463272094727,resize_025,0.25
biggan_00080.png,test,biggan,1,1,1.0,resize_025,0.25
glide_00053.png,test,glide,1,1,0.9990274906158447,resize_025,0.25
vqdm_00006.png,test,vqdm,1,1,1.0,resize_025,0.25
adm_00023.png,test,adm,1,1,0.9994243383407593,resize_025,0.25
sdv5_00054.png,test,sdv5,1,1,1.0,resize_025,0.25
midjourney_00021.png,test,midjourney,1,1,0.9986942410469055,resize_025,0.25
vqdm_00065.png,test,vqdm,1,1,0.9969321489334106,resize_025,0.25
biggan_00055.png,test,biggan,1,1,0.6464623808860779,resize_025,0.25
wukong_00003.png,test,wukong,1,1,1.0,resize_025,0.25
biggan_00022.png,test,biggan,1,0,0.01805492863059044,resize_025,0.25
biggan_00081.png,test,biggan,1,0,0.0789150521159172,resize_025,0.25
vqdm_00049.png,test,vqdm,1,1,0.9999884366989136,resize_025,0.25
sdv5_00076.png,test,sdv5,1,1,1.0,resize_025,0.25
vqdm_00011.png,test,vqdm,1,1,1.0,resize_025,0.25
adm_00039.png,test,adm,1,1,1.0,resize_025,0.25
glide_00023.png,test,glide,1,1,0.9998525381088257,resize_025,0.25
sdv5_00063.png,test,sdv5,1,1,1.0,resize_025,0.25
biggan_00059.png,test,biggan,1,1,0.5469697713851929,resize_025,0.25
glide_00015.png,test,glide,1,1,1.0,resize_025,0.25
wukong_00047.png,test,wukong,1,1,0.9999790191650391,resize_025,0.25
vqdm_00037.png,test,vqdm,1,1,0.999995231628418,resize_025,0.25
wukong_00080.png,test,wukong,1,1,1.0,resize_025,0.25
midjourney_00076.png,test,midjourney,1,1,0.99998939037323,resize_025,0.25
sdv5_00061.png,test,sdv5,1,1,1.0,resize_025,0.25
adm_00029.png,test,adm,1,1,0.9663032293319702,resize_025,0.25
glide_00039.png,test,glide,1,1,0.9998507499694824,resize_025,0.25
adm_00072.png,test,adm,1,1,0.9999836683273315,resize_025,0.25
sdv5_00051.png,test,sdv5,1,1,1.0,resize_025,0.25
sdv5_00066.png,test,sdv5,1,1,0.9985957741737366,resize_025,0.25
midjourney_00078.png,test,midjourney,1,1,0.9999996423721313,resize_025,0.25
vqdm_00017.png,test,vqdm,1,1,0.999998927116394,resize_025,0.25
sdv5_00073.png,test,sdv5,1,1,0.9999986886978149,resize_025,0.25
midjourney_00045.png,test,midjourney,1,1,0.9775996804237366,resize_025,0.25
vqdm_00073.png,test,vqdm,1,1,0.9956860542297363,resize_025,0.25
sdv5_00008.png,test,sdv5,1,1,0.9999998807907104,resize_025,0.25
midjourney_00061.png,test,midjourney,1,0,0.4054807722568512,resize_025,0.25
adm_00015.png,test,adm,1,1,1.0,resize_025,0.25
vqdm_00068.png,test,vqdm,1,1,1.0,resize_025,0.25
midjourney_00053.png,test,midjourney,1,1,1.0,resize_025,0.25
sdv5_00050.png,test,sdv5,1,1,0.9999992847442627,resize_025,0.25
glide_00050.png,test,glide,1,1,0.9606007933616638,resize_025,0.25
midjourney_00069.png,test,midjourney,1,1,0.9599971771240234,resize_025,0.25
glide_00038.png,test,glide,1,1,0.9707509875297546,resize_025,0.25
biggan_00011.png,test,biggan,1,0,0.008032211102545261,resize_025,0.25
biggan_00082.png,test,biggan,1,1,0.9992826581001282,resize_025,0.25
wukong_00005.png,test,wukong,1,1,1.0,resize_025,0.25
wukong_00014.png,test,wukong,1,1,1.0,resize_025,0.25
midjourney_00071.png,test,midjourney,1,0,0.4254252016544342,resize_025,0.25
midjourney_00009.png,test,midjourney,1,1,0.9991611242294312,resize_025,0.25
midjourney_00044.png,test,midjourney,1,1,0.9941799640655518,resize_025,0.25
biggan_00017.png,test,biggan,1,1,0.9453872442245483,resize_025,0.25
glide_00082.png,test,glide,1,0,0.49446460604667664,resize_025,0.25
glide_00037.png,test,glide,1,1,0.78693026304245,resize_025,0.25
adm_00027.png,test,adm,1,1,0.9995930790901184,resize_025,0.25
midjourney_00024.png,test,midjourney,1,1,1.0,resize_025,0.25
glide_00033.png,test,glide,1,1,0.9970152378082275,resize_025,0.25
midjourney_00007.png,test,midjourney,1,1,0.9981824159622192,resize_025,0.25
sdv5_00072.png,test,sdv5,1,1,0.9999376535415649,resize_025,0.25
wukong_00022.png,test,wukong,1,1,0.9999988079071045,resize_025,0.25
vqdm_00032.png,test,vqdm,1,0,0.021292198449373245,resize_025,0.25
glide_00009.png,test,glide,1,1,1.0,resize_025,0.25
biggan_00030.png,test,biggan,1,0,0.08137958496809006,resize_025,0.25
wukong_00057.png,test,wukong,1,1,0.9999949932098389,resize_025,0.25
adm_00079.png,test,adm,1,1,1.0,resize_025,0.25
vqdm_00031.png,test,vqdm,1,1,1.0,resize_025,0.25
glide_00010.png,test,glide,1,1,1.0,resize_025,0.25
wukong_00009.png,test,wukong,1,1,0.9999995231628418,resize_025,0.25
glide_00013.png,test,glide,1,1,0.5467206239700317,resize_025,0.25
vqdm_00023.png,test,vqdm,1,1,0.9999819993972778,resize_025,0.25
sdv5_00011.png,test,sdv5,1,1,1.0,resize_025,0.25
sdv5_00047.png,test,sdv5,1,1,1.0,resize_025,0.25
sdv5_00009.png,test,sdv5,1,1,0.9999748468399048,resize_025,0.25
sdv5_00010.png,test,sdv5,1,1,1.0,resize_025,0.25
glide_00076.png,test,glide,1,1,0.9999923706054688,resize_025,0.25
adm_00081.png,test,adm,1,1,0.9785779714584351,resize_025,0.25
sdv5_00023.png,test,sdv5,1,1,0.9999960660934448,resize_025,0.25
biggan_00003.png,test,biggan,1,1,0.6169281005859375,resize_025,0.25
wukong_00061.png,test,wukong,1,1,0.9999992847442627,resize_025,0.25
adm_00085.png,test,adm,1,1,0.760932445526123,resize_025,0.25
midjourney_00014.png,test,midjourney,1,1,0.9959683418273926,resize_025,0.25
vqdm_00042.png,test,vqdm,1,1,0.9952730536460876,resize_025,0.25
wukong_00076.png,test,wukong,1,1,1.0,resize_025,0.25
vqdm_00035.png,test,vqdm,1,1,0.9944264888763428,resize_025,0.25
sdv5_00037.png,test,sdv5,1,1,0.9999970197677612,resize_025,0.25
biggan_00000.png,test,biggan,1,0,0.022040165960788727,resize_025,0.25
sdv5_00053.png,test,sdv5,1,1,1.0,resize_025,0.25
midjourney_00034.png,test,midjourney,1,1,0.9995765089988708,resize_025,0.25
wukong_00033.png,test,wukong,1,1,0.9999951124191284,resize_025,0.25
glide_00011.png,test,glide,1,1,0.9744138717651367,resize_025,0.25
glide_00008.png,test,glide,1,1,0.9999974966049194,resize_025,0.25
adm_00044.png,test,adm,1,1,1.0,resize_025,0.25
sdv5_00029.png,test,sdv5,1,1,1.0,resize_025,0.25
sdv5_00081.png,test,sdv5,1,1,1.0,resize_025,0.25
sdv5_00040.png,test,sdv5,1,1,1.0,resize_025,0.25
adm_00042.png,test,adm,1,1,0.9960224032402039,resize_025,0.25
sdv5_00059.png,test,sdv5,1,1,0.9999889135360718,resize_025,0.25
wukong_00017.png,test,wukong,1,1,1.0,resize_025,0.25
wukong_00058.png,test,wukong,1,1,1.0,resize_025,0.25
adm_00086.png,test,adm,1,1,0.9999992847442627,resize_025,0.25
midjourney_00049.png,test,midjourney,1,1,0.9918044805526733,resize_025,0.25
midjourney_00065.png,test,midjourney,1,1,1.0,resize_025,0.25
midjourney_00006.png,test,midjourney,1,1,0.9977691173553467,resize_025,0.25
wukong_00079.png,test,wukong,1,1,1.0,resize_025,0.25
sdv5_00085.png,test,sdv5,1,1,1.0,resize_025,0.25
sdv5_00065.png,test,sdv5,1,1,0.9999980926513672,resize_025,0.25
wukong_00037.png,test,wukong,1,1,0.9999997615814209,resize_025,0.25
biggan_00032.png,test,biggan,1,0,0.24885736405849457,resize_025,0.25
wukong_00011.png,test,wukong,1,1,1.0,resize_025,0.25
biggan_00053.png,test,biggan,1,1,1.0,resize_025,0.25
sdv5_00005.png,test,sdv5,1,1,0.9999525547027588,resize_025,0.25
adm_00057.png,test,adm,1,0,0.003604342695325613,resize_025,0.25
wukong_00024.png,test,wukong,1,1,0.9999996423721313,resize_025,0.25
glide_00056.png,test,glide,1,1,0.9999995231628418,resize_025,0.25
adm_00004.png,test,adm,1,1,0.9999872446060181,resize_025,0.25
midjourney_00081.png,test,midjourney,1,0,0.04151686653494835,resize_025,0.25
sdv5_00083.png,test,sdv5,1,1,0.9999946355819702,resize_025,0.25
glide_00042.png,test,glide,1,1,0.9999227523803711,resize_025,0.25
glide_00029.png,test,glide,1,1,0.9595397114753723,resize_025,0.25
vqdm_00022.png,test,vqdm,1,1,0.999996542930603,resize_025,0.25
adm_00007.png,test,adm,1,1,1.0,resize_025,0.25
vqdm_00082.png,test,vqdm,1,1,1.0,resize_025,0.25
glide_00052.png,test,glide,1,1,0.9999980926513672,resize_025,0.25
adm_00066.png,test,adm,1,1,0.8787040710449219,resize_025,0.25
sdv5_00026.png,test,sdv5,1,1,1.0,resize_025,0.25
wukong_00004.png,test,wukong,1,1,1.0,resize_025,0.25
wukong_00034.png,test,wukong,1,1,0.9999996423721313,resize_025,0.25
adm_00073.png,test,adm,1,1,0.9943923354148865,resize_025,0.25
sdv5_00056.png,test,sdv5,1,1,0.9999998807907104,resize_025,0.25
adm_00050.png,test,adm,1,1,0.999943733215332,resize_025,0.25
biggan_00004.png,test,biggan,1,1,0.5012336373329163,resize_025,0.25
midjourney_00063.png,test,midjourney,1,1,0.9835538864135742,resize_025,0.25
glide_00007.png,test,glide,1,1,0.5096749067306519,resize_025,0.25
vqdm_00059.png,test,vqdm,1,1,0.9855237603187561,resize_025,0.25
midjourney_00051.png,test,midjourney,1,1,0.5277568101882935,resize_025,0.25
adm_00040.png,test,adm,1,1,0.9999977350234985,resize_025,0.25
vqdm_00046.png,test,vqdm,1,1,0.9998925924301147,resize_025,0.25
glide_00071.png,test,glide,1,1,0.9999984502792358,resize_025,0.25
midjourney_00040.png,test,midjourney,1,1,0.9755607843399048,resize_025,0.25
biggan_00056.png,test,biggan,1,0,0.15771383047103882,resize_025,0.25
wukong_00030.png,test,wukong,1,1,1.0,resize_025,0.25
adm_00045.png,test,adm,1,1,0.9112551808357239,resize_025,0.25
vqdm_00069.png,test,vqdm,1,1,1.0,resize_025,0.25
sdv5_00013.png,test,sdv5,1,1,1.0,resize_025,0.25
adm_00058.png,test,adm,1,1,0.9999830722808838,resize_025,0.25
biggan_00037.png,test,biggan,1,1,0.9999986886978149,resize_025,0.25
vqdm_00039.png,test,vqdm,1,1,0.9999997615814209,resize_025,0.25
sdv5_00034.png,test,sdv5,1,1,1.0,resize_025,0.25
glide_00047.png,test,glide,1,1,0.9999991655349731,resize_025,0.25
biggan_00063.png,test,biggan,1,0,0.3452323079109192,resize_025,0.25
glide_00045.png,test,glide,1,1,1.0,resize_025,0.25
wukong_00027.png,test,wukong,1,1,0.9292556047439575,resize_025,0.25
vqdm_00027.png,test,vqdm,1,1,1.0,resize_025,0.25
glide_00024.png,test,glide,1,1,1.0,resize_025,0.25
wukong_00085.png,test,wukong,1,1,1.0,resize_025,0.25
glide_00043.png,test,glide,1,1,0.9999918937683105,resize_025,0.25
vqdm_00055.png,test,vqdm,1,1,1.0,resize_025,0.25
midjourney_00057.png,test,midjourney,1,1,1.0,resize_025,0.25
wukong_00062.png,test,wukong,1,1,0.9999401569366455,resize_025,0.25
sdv5_00007.png,test,sdv5,1,1,0.9999995231628418,resize_025,0.25
biggan_00043.png,test,biggan,1,0,0.045584533363580704,resize_025,0.25
adm_00083.png,test,adm,1,1,0.999997615814209,resize_025,0.25
adm_00052.png,test,adm,1,1,0.9985111355781555,resize_025,0.25
wukong_00032.png,test,wukong,1,1,1.0,resize_025,0.25
midjourney_00047.png,test,midjourney,1,1,0.9999942779541016,resize_025,0.25
midjourney_00072.png,test,midjourney,1,1,0.9999364614486694,resize_025,0.25
wukong_00010.png,test,wukong,1,1,0.9999880790710449,resize_025,0.25
sdv5_00021.png,test,sdv5,1,1,0.9999955892562866,resize_025,0.25
biggan_00009.png,test,biggan,1,1,0.9970070719718933,resize_025,0.25
wukong_00043.png,test,wukong,1,1,1.0,resize_025,0.25
vqdm_00034.png,test,vqdm,1,1,0.9995637536048889,resize_025,0.25
biggan_00023.png,test,biggan,1,1,0.993878960609436,resize_025,0.25
glide_00080.png,test,glide,1,1,1.0,resize_025,0.25
midjourney_00008.png,test,midjourney,1,1,0.8542763590812683,resize_025,0.25
biggan_00024.png,test,biggan,1,1,0.9048860669136047,resize_025,0.25
midjourney_00002.png,test,midjourney,1,1,0.9752214550971985,resize_025,0.25
midjourney_00000.png,test,midjourney,1,1,0.992170512676239,resize_025,0.25
adm_00084.png,test,adm,1,1,1.0,resize_025,0.25
biggan_00042.png,test,biggan,1,1,0.8642414808273315,resize_025,0.25
wukong_00018.png,test,wukong,1,1,1.0,resize_025,0.25
vqdm_00021.png,test,vqdm,1,1,1.0,resize_025,0.25
sdv5_00057.png,test,sdv5,1,1,0.9999788999557495,resize_025,0.25
midjourney_00029.png,test,midjourney,1,1,0.9071024656295776,resize_025,0.25
sdv5_00004.png,test,sdv5,1,1,0.9994730353355408,resize_025,0.25
wukong_00063.png,test,wukong,1,1,0.9999998807907104,resize_025,0.25
glide_00057.png,test,glide,1,1,0.999297022819519,resize_025,0.25
wukong_00074.png,test,wukong,1,1,0.9999285936355591,resize_025,0.25
adm_00070.png,test,adm,1,1,0.9990642666816711,resize_025,0.25
midjourney_00018.png,test,midjourney,1,1,0.9999127388000488,resize_025,0.25
vqdm_00081.png,test,vqdm,1,1,1.0,resize_025,0.25
vqdm_00075.png,test,vqdm,1,1,1.0,resize_025,0.25
glide_00059.png,test,glide,1,1,0.9582109451293945,resize_025,0.25
vqdm_00002.png,test,vqdm,1,1,0.9995730519294739,resize_025,0.25
biggan_00045.png,test,biggan,1,1,0.9443937540054321,resize_025,0.25
sdv5_00075.png,test,sdv5,1,1,0.9999804496765137,resize_025,0.25
sdv5_00055.png,test,sdv5,1,1,0.9999986886978149,resize_025,0.25
wukong_00013.png,test,wukong,1,1,1.0,resize_025,0.25
adm_00068.png,test,adm,1,1,0.9999966621398926,resize_025,0.25
midjourney_00010.png,test,midjourney,1,1,0.5800297260284424,resize_025,0.25
midjourney_00030.png,test,midjourney,1,1,0.9995688796043396,resize_025,0.25
sdv5_00074.png,test,sdv5,1,1,1.0,resize_025,0.25
vqdm_00072.png,test,vqdm,1,1,0.9771931171417236,resize_025,0.25
wukong_00031.png,test,wukong,1,1,1.0,resize_025,0.25
vqdm_00080.png,test,vqdm,1,1,1.0,resize_025,0.25
midjourney_00043.png,test,midjourney,1,0,0.23489543795585632,resize_025,0.25
vqdm_00001.png,test,vqdm,1,1,1.0,resize_025,0.25
glide_00021.png,test,glide,1,1,1.0,resize_025,0.25
midjourney_00037.png,test,midjourney,1,0,0.06781544536352158,resize_025,0.25
biggan_00031.png,test,biggan,1,1,0.9997103810310364,resize_025,0.25
wukong_00072.png,test,wukong,1,1,1.0,resize_025,0.25
midjourney_00055.png,test,midjourney,1,1,0.9999970197677612,resize_025,0.25
glide_00070.png,test,glide,1,1,0.9999996423721313,resize_025,0.25
biggan_00057.png,test,biggan,1,0,0.18854744732379913,resize_025,0.25
midjourney_00075.png,test,midjourney,1,1,0.9999415874481201,resize_025,0.25
vqdm_00048.png,test,vqdm,1,1,1.0,resize_025,0.25
glide_00034.png,test,glide,1,1,1.0,resize_025,0.25
sdv5_00078.png,test,sdv5,1,1,0.999705970287323,resize_025,0.25
midjourney_00062.png,test,midjourney,1,1,0.7303270697593689,resize_025,0.25
adm_00031.png,test,adm,1,1,0.9994785189628601,resize_025,0.25
midjourney_00026.png,test,midjourney,1,1,0.9557677507400513,resize_025,0.25
vqdm_00000.png,test,vqdm,1,1,0.9999732971191406,resize_025,0.25
adm_00020.png,test,adm,1,1,0.9422030448913574,resize_025,0.25
adm_00012.png,test,adm,1,0,0.4552605152130127,resize_025,0.25
adm_00030.png,test,adm,1,1,0.9999862909317017,resize_025,0.25
midjourney_00070.png,test,midjourney,1,1,0.9929925203323364,resize_025,0.25
adm_00041.png,test,adm,1,1,1.0,resize_025,0.25
adm_00078.png,test,adm,1,1,0.99992835521698,resize_025,0.25
wukong_00068.png,test,wukong,1,1,1.0,resize_025,0.25
biggan_00008.png,test,biggan,1,1,0.8019970059394836,resize_025,0.25
adm_00069.png,test,adm,1,1,1.0,resize_025,0.25
vqdm_00056.png,test,vqdm,1,1,1.0,resize_025,0.25
sdv5_00036.png,test,sdv5,1,1,1.0,resize_025,0.25
vqdm_00079.png,test,vqdm,1,1,0.9585000276565552,resize_025,0.25
midjourney_00017.png,test,midjourney,1,1,0.9987720847129822,resize_025,0.25
biggan_00033.png,test,biggan,1,0,0.08095395565032959,resize_025,0.25
biggan_00018.png,test,biggan,1,0,0.42177683115005493,resize_025,0.25
sdv5_00001.png,test,sdv5,1,1,0.9994506239891052,resize_025,0.25
sdv5_00020.png,test,sdv5,1,1,1.0,resize_025,0.25
biggan_00048.png,test,biggan,1,1,0.9431996941566467,resize_025,0.25
biggan_00058.png,test,biggan,1,1,0.9999991655349731,resize_025,0.25
midjourney_00066.png,test,midjourney,1,1,0.9258202314376831,resize_025,0.25
midjourney_00080.png,test,midjourney,1,1,0.7275640368461609,resize_025,0.25
adm_00005.png,test,adm,1,0,0.39068758487701416,resize_025,0.25
adm_00003.png,test,adm,1,1,0.9965466856956482,resize_025,0.25
adm_00024.png,test,adm,1,1,0.9539618492126465,resize_025,0.25
sdv5_00000.png,test,sdv5,1,1,1.0,resize_025,0.25
biggan_00001.png,test,biggan,1,1,0.9909409880638123,resize_025,0.25
vqdm_00014.png,test,vqdm,1,1,1.0,resize_025,0.25
biggan_00028.png,test,biggan,1,1,0.9720034003257751,resize_025,0.25
midjourney_00028.png,test,midjourney,1,0,0.2615916430950165,resize_025,0.25
biggan_00027.png,test,biggan,1,1,0.94935142993927,resize_025,0.25
sdv5_00049.png,test,sdv5,1,1,1.0,resize_025,0.25
vqdm_00029.png,test,vqdm,1,1,0.9999998807907104,resize_025,0.25
adm_00035.png,test,adm,1,1,1.0,resize_025,0.25
adm_00011.png,test,adm,1,0,0.3684051036834717,resize_025,0.25
biggan_00078.png,test,biggan,1,1,0.9413981437683105,resize_025,0.25
midjourney_00013.png,test,midjourney,1,1,0.9958272576332092,resize_025,0.25
sdv5_00067.png,test,sdv5,1,1,0.9999555349349976,resize_025,0.25
biggan_00006.png,test,biggan,1,0,0.0030872137285768986,resize_025,0.25
vqdm_00078.png,test,vqdm,1,1,0.9999996423721313,resize_025,0.25
glide_00049.png,test,glide,1,1,0.9783767461776733,resize_025,0.25
midjourney_00050.png,test,midjourney,1,1,1.0,resize_025,0.25
glide_00017.png,test,glide,1,1,0.9999997615814209,resize_025,0.25
wukong_00008.png,test,wukong,1,1,1.0,resize_025,0.25
sdv5_00014.png,test,sdv5,1,1,0.9999991655349731,resize_025,0.25
biggan_00052.png,test,biggan,1,0,0.026301803067326546,resize_025,0.25
wukong_00059.png,test,wukong,1,1,1.0,resize_025,0.25
glide_00078.png,test,glide,1,1,0.9716103672981262,resize_025,0.25
adm_00034.png,test,adm,1,1,0.9999979734420776,resize_025,0.25
wukong_00006.png,test,wukong,1,1,1.0,resize_025,0.25
biggan_00046.png,test,biggan,1,1,0.9990888833999634,resize_025,0.25
wukong_00073.png,test,wukong,1,1,0.9999998807907104,resize_025,0.25
midjourney_00046.png,test,midjourney,1,1,0.9999947547912598,resize_025,0.25
glide_00068.png,test,glide,1,1,1.0,resize_025,0.25
midjourney_00058.png,test,midjourney,1,1,0.8863243460655212,resize_025,0.25
glide_00001.png,test,glide,1,1,0.8388144373893738,resize_025,0.25
glide_00041.png,test,glide,1,1,1.0,resize_025,0.25
glide_00014.png,test,glide,1,1,0.7819111347198486,resize_025,0.25
adm_00013.png,test,adm,1,1,0.7585182189941406,resize_025,0.25
glide_00063.png,test,glide,1,1,0.9999955892562866,resize_025,0.25
wukong_00045.png,test,wukong,1,1,0.9983723759651184,resize_025,0.25
biggan_00079.png,test,biggan,1,1,0.9993834495544434,resize_025,0.25
adm_00002.png,test,adm,1,1,0.998460054397583,resize_025,0.25
midjourney_00041.png,test,midjourney,1,1,0.9999998807907104,resize_025,0.25
vqdm_00044.png,test,vqdm,1,1,0.9790495038032532,resize_025,0.25
adm_00043.png,test,adm,1,1,0.9994264841079712,resize_025,0.25
sdv5_00017.png,test,sdv5,1,1,1.0,resize_025,0.25
vqdm_00052.png,test,vqdm,1,1,0.9995612502098083,resize_025,0.25
adm_00036.png,test,adm,1,1,0.999998927116394,resize_025,0.25
biggan_00083.png,test,biggan,1,1,0.7545026540756226,resize_025,0.25
glide_00020.png,test,glide,1,1,1.0,resize_025,0.25
midjourney_00054.png,test,midjourney,1,1,0.5434398651123047,resize_025,0.25
adm_00032.png,test,adm,1,1,0.8915119767189026,resize_025,0.25
glide_00058.png,test,glide,1,1,0.9190562963485718,resize_025,0.25
vqdm_00008.png,test,vqdm,1,1,1.0,resize_025,0.25
adm_00026.png,test,adm,1,1,0.999835729598999,resize_025,0.25
midjourney_00082.png,test,midjourney,1,1,0.9999005794525146,resize_025,0.25
wukong_00012.png,test,wukong,1,1,1.0,resize_025,0.25
glide_00048.png,test,glide,1,1,0.7329882383346558,resize_025,0.25
midjourney_00033.png,test,midjourney,1,1,0.9999994039535522,resize_025,0.25
vqdm_00060.png,test,vqdm,1,1,1.0,resize_025,0.25
wukong_00052.png,test,wukong,1,1,1.0,resize_025,0.25
adm_00021.png,test,adm,1,1,0.9997000694274902,resize_025,0.25
wukong_00042.png,test,wukong,1,1,1.0,resize_025,0.25
vqdm_00071.png,test,vqdm,1,1,0.9999998807907104,resize_025,0.25
glide_00026.png,test,glide,1,1,1.0,resize_025,0.25
biggan_00019.png,test,biggan,1,1,0.9838969707489014,resize_025,0.25
glide_00051.png,test,glide,1,1,0.9791985750198364,resize_025,0.25
adm_00056.png,test,adm,1,1,0.7686302661895752,resize_025,0.25
glide_00012.png,test,glide,1,1,0.9999818801879883,resize_025,0.25
adm_00017.png,test,adm,1,1,0.9953595995903015,resize_025,0.25
wukong_00020.png,test,wukong,1,1,0.9999992847442627,resize_025,0.25
sdv5_00069.png,test,sdv5,1,1,0.9999992847442627,resize_025,0.25
vqdm_00064.png,test,vqdm,1,1,0.9995967745780945,resize_025,0.25
wukong_00050.png,test,wukong,1,1,0.9999997615814209,resize_025,0.25
glide_00032.png,test,glide,1,1,0.9997270703315735,resize_025,0.25
glide_00040.png,test,glide,1,1,0.9999997615814209,resize_025,0.25
glide_00064.png,test,glide,1,1,0.6872096657752991,resize_025,0.25
adm_00016.png,test,adm,1,1,0.9998568296432495,resize_025,0.25
biggan_00066.png,test,biggan,1,1,0.9912248253822327,resize_025,0.25
vqdm_00013.png,test,vqdm,1,1,0.9104561805725098,resize_025,0.25
sdv5_00024.png,test,sdv5,1,1,1.0,resize_025,0.25
sdv5_00030.png,test,sdv5,1,1,1.0,resize_025,0.25
wukong_00051.png,test,wukong,1,1,0.9999912977218628,resize_025,0.25
sdv5_00077.png,test,sdv5,1,1,1.0,resize_025,0.25
biggan_00013.png,test,biggan,1,0,0.30088773369789124,resize_025,0.25
wukong_00064.png,test,wukong,1,1,1.0,resize_025,0.25
vqdm_00025.png,test,vqdm,1,1,1.0,resize_025,0.25
glide_00002.png,test,glide,1,1,0.9999544620513916,resize_025,0.25
midjourney_00079.png,test,midjourney,1,1,0.9793171286582947,resize_025,0.25
wukong_00039.png,test,wukong,1,1,0.9999938011169434,resize_025,0.25
vqdm_00020.png,test,vqdm,1,1,1.0,resize_025,0.25
sdv5_00032.png,test,sdv5,1,1,1.0,resize_025,0.25
sdv5_00003.png,test,sdv5,1,1,0.9894108176231384,resize_025,0.25
wukong_00078.png,test,wukong,1,1,0.9999996423721313,resize_025,0.25
wukong_00065.png,test,wukong,1,1,1.0,resize_025,0.25
biggan_00014.png,test,biggan,1,0,0.18587957322597504,resize_025,0.25
adm_00006.png,test,adm,1,1,0.9999997615814209,resize_025,0.25
wukong_00056.png,test,wukong,1,1,1.0,resize_025,0.25
biggan_00005.png,test,biggan,1,1,0.9492343664169312,resize_025,0.25
wukong_00002.png,test,wukong,1,1,0.9801193475723267,resize_025,0.25
wukong_00055.png,test,wukong,1,1,0.9998346567153931,resize_025,0.25
sdv5_00016.png,test,sdv5,1,1,0.9999997615814209,resize_025,0.25
biggan_00065.png,test,biggan,1,0,0.1319887787103653,resize_025,0.25
vqdm_00019.png,test,vqdm,1,1,1.0,resize_025,0.25
adm_00038.png,test,adm,1,1,0.999527096748352,resize_025,0.25
sdv5_00044.png,test,sdv5,1,1,0.9997062087059021,resize_025,0.25
midjourney_00084.png,test,midjourney,1,1,0.9999927282333374,resize_025,0.25
midjourney_00025.png,test,midjourney,1,1,0.5003811717033386,resize_025,0.25
biggan_00061.png,test,biggan,1,0,0.12680330872535706,resize_025,0.25
sdv5_00071.png,test,sdv5,1,1,1.0,resize_025,0.25
biggan_00074.png,test,biggan,1,1,0.5909277200698853,resize_025,0.25
vqdm_00077.png,test,vqdm,1,1,0.992347002029419,resize_025,0.25
midjourney_00001.png,test,midjourney,1,1,0.9998968839645386,resize_025,0.25
biggan_00069.png,test,biggan,1,0,0.4619303345680237,resize_025,0.25
glide_00005.png,test,glide,1,1,0.9918979406356812,resize_025,0.25
sdv5_00015.png,test,sdv5,1,1,0.9998465776443481,resize_025,0.25
vqdm_00012.png,test,vqdm,1,0,0.1996777057647705,resize_025,0.25
wukong_00077.png,test,wukong,1,1,0.9999986886978149,resize_025,0.25
midjourney_00023.png,test,midjourney,1,1,0.7707329392433167,resize_025,0.25
sdv5_00045.png,test,sdv5,1,1,0.9999991655349731,resize_025,0.25
adm_00033.png,test,adm,1,1,0.9950677156448364,resize_025,0.25
wukong_00083.png,test,wukong,1,1,0.999998927116394,resize_025,0.25
biggan_00034.png,test,biggan,1,0,0.018390433862805367,resize_025,0.25
biggan_00070.png,test,biggan,1,0,0.01596822217106819,resize_025,0.25
biggan_00076.png,test,biggan,1,0,0.17000314593315125,resize_025,0.25
midjourney_00067.png,test,midjourney,1,1,0.964149534702301,resize_025,0.25
biggan_00062.png,test,biggan,1,1,0.8293541669845581,resize_025,0.25
midjourney_00027.png,test,midjourney,1,1,0.9991494417190552,resize_025,0.25
biggan_00077.png,test,biggan,1,0,0.0270332470536232,resize_025,0.25
wukong_00053.png,test,wukong,1,1,0.9999998807907104,resize_025,0.25
sdv5_00080.png,test,sdv5,1,1,1.0,resize_025,0.25
glide_00035.png,test,glide,1,1,0.510255753993988,resize_025,0.25
adm_00022.png,test,adm,1,1,0.9989305138587952,resize_025,0.25
vqdm_00070.png,test,vqdm,1,0,0.09601420909166336,resize_025,0.25
wukong_00019.png,test,wukong,1,1,1.0,resize_025,0.25
glide_00036.png,test,glide,1,1,0.8885851502418518,resize_025,0.25
adm_00054.png,test,adm,1,1,1.0,resize_025,0.25
glide_00060.png,test,glide,1,1,0.9828466773033142,resize_025,0.25
adm_00061.png,test,adm,1,0,0.17291958630084991,resize_025,0.25
vqdm_00028.png,test,vqdm,1,1,0.9933478236198425,resize_025,0.25
vqdm_00026.png,test,vqdm,1,1,0.9968963861465454,resize_025,0.25
vqdm_00054.png,test,vqdm,1,1,0.9996150732040405,resize_025,0.25
biggan_00021.png,test,biggan,1,0,0.487395703792572,resize_025,0.25
vqdm_00005.png,test,vqdm,1,1,1.0,resize_025,0.25
glide_00055.png,test,glide,1,1,0.9070224761962891,resize_025,0.25
biggan_00075.png,test,biggan,1,0,0.00613687327131629,resize_025,0.25
wukong_00046.png,test,wukong,1,1,1.0,resize_025,0.25
wukong_00084.png,test,wukong,1,1,1.0,resize_025,0.25
wukong_00025.png,test,wukong,1,1,0.9999998807907104,resize_025,0.25
vqdm_00009.png,test,vqdm,1,1,0.9999945163726807,resize_025,0.25
glide_00019.png,test,glide,1,1,0.9977065324783325,resize_025,0.25
biggan_00040.png,test,biggan,1,1,0.990006148815155,resize_025,0.25
vqdm_00007.png,test,vqdm,1,1,0.8499602675437927,resize_025,0.25
vqdm_00076.png,test,vqdm,1,1,0.9996610879898071,resize_025,0.25
glide_00066.png,test,glide,1,1,0.9984201192855835,resize_025,0.25
biggan_00073.png,test,biggan,1,1,0.7322179675102234,resize_025,0.25
glide_00072.png,test,glide,1,1,0.9998264908790588,resize_025,0.25
midjourney_00038.png,test,midjourney,1,1,0.9160467982292175,resize_025,0.25
vqdm_00016.png,test,vqdm,1,1,0.9112341403961182,resize_025,0.25
glide_00006.png,test,glide,1,1,1.0,resize_025,0.25
glide_00065.png,test,glide,1,1,0.9999804496765137,resize_025,0.25
adm_00055.png,test,adm,1,1,0.9998505115509033,resize_025,0.25
midjourney_00073.png,test,midjourney,1,1,0.9933466911315918,resize_025,0.25
midjourney_00020.png,test,midjourney,1,1,0.9506484866142273,resize_025,0.25
sdv5_00012.png,test,sdv5,1,1,1.0,resize_025,0.25
wukong_00028.png,test,wukong,1,1,0.9999523162841797,resize_025,0.25
midjourney_00056.png,test,midjourney,1,1,0.9988092184066772,resize_025,0.25
vqdm_00067.png,test,vqdm,1,1,0.9999762773513794,resize_025,0.25
adm_00037.png,test,adm,1,1,1.0,resize_025,0.25
adm_00064.png,test,adm,1,1,0.9998817443847656,resize_025,0.25
vqdm_00084.png,test,vqdm,1,1,1.0,resize_025,0.25
sdv5_00052.png,test,sdv5,1,1,0.9999994039535522,resize_025,0.25
biggan_00035.png,test,biggan,1,1,0.9559550881385803,resize_025,0.25
vqdm_00043.png,test,vqdm,1,1,0.9998261332511902,resize_025,0.25
adm_00028.png,test,adm,1,1,0.8324289321899414,resize_025,0.25
glide_00027.png,test,glide,1,1,0.9108298420906067,resize_025,0.25
sdv5_00042.png,test,sdv5,1,1,0.9999992847442627,resize_025,0.25
glide_00084.png,test,glide,1,1,0.9999985694885254,resize_025,0.25
sdv5_00025.png,test,sdv5,1,1,1.0,resize_025,0.25
adm_00009.png,test,adm,1,0,0.029209498316049576,resize_025,0.25
sdv5_00031.png,test,sdv5,1,1,1.0,resize_025,0.25
wukong_00000.png,test,wukong,1,1,0.9999998807907104,resize_025,0.25
wukong_00069.png,test,wukong,1,1,0.9950788021087646,resize_025,0.25
biggan_00015.png,test,biggan,1,0,0.06517346948385239,resize_025,0.25
glide_00062.png,test,glide,1,1,0.9999994039535522,resize_025,0.25
adm_00076.png,test,adm,1,0,0.3526540696620941,resize_025,0.25
vqdm_00015.png,test,vqdm,1,1,0.9844636917114258,resize_025,0.25
sdv5_00079.png,test,sdv5,1,1,1.0,resize_025,0.25
glide_00083.png,test,glide,1,1,1.0,resize_025,0.25
biggan_00039.png,test,biggan,1,1,0.9324740171432495,resize_025,0.25
adm_00080.png,test,adm,1,1,0.9999998807907104,resize_025,0.25
midjourney_00064.png,test,midjourney,1,1,0.9999864101409912,resize_025,0.25
sdv5_00070.png,test,sdv5,1,1,0.9978575110435486,resize_025,0.25
glide_00073.png,test,glide,1,1,0.9797491431236267,resize_025,0.25
vqdm_00018.png,test,vqdm,1,1,1.0,resize_025,0.25
adm_00053.png,test,adm,1,1,0.9999892711639404,resize_025,0.25
biggan_00084.png,test,biggan,1,0,0.25390759110450745,resize_025,0.25
adm_00018.png,test,adm,1,1,0.9402260780334473,resize_025,0.25
sdv5_00018.png,test,sdv5,1,1,1.0,resize_025,0.25
biggan_00020.png,test,biggan,1,0,0.49489089846611023,resize_025,0.25
vqdm_00066.png,test,vqdm,1,1,0.999995231628418,resize_025,0.25
adm_00048.png,test,adm,1,1,0.9978376030921936,resize_025,0.25
glide_00077.png,test,glide,1,1,0.6821744441986084,resize_025,0.25
glide_00000.png,test,glide,1,1,0.9993256330490112,resize_025,0.25
vqdm_00033.png,test,vqdm,1,1,0.5424990653991699,resize_025,0.25
glide_00081.png,test,glide,1,1,1.0,resize_025,0.25
adm_00075.png,test,adm,1,1,0.9950500130653381,resize_025,0.25
midjourney_00012.png,test,midjourney,1,1,0.9999998807907104,resize_025,0.25
glide_00028.png,test,glide,1,1,1.0,resize_025,0.25
vqdm_00057.png,test,vqdm,1,1,1.0,resize_025,0.25
sdv5_00068.png,test,sdv5,1,1,0.9999980926513672,resize_025,0.25
vqdm_00036.png,test,vqdm,1,1,0.9367780089378357,resize_025,0.25
adm_00001.png,test,adm,1,1,1.0,resize_025,0.25
biggan_00054.png,test,biggan,1,1,0.8622122406959534,resize_025,0.25
vqdm_00058.png,test,vqdm,1,1,0.9996659755706787,resize_025,0.25
sdv5_00035.png,test,sdv5,1,1,0.9999994039535522,resize_025,0.25
glide_00018.png,test,glide,1,0,0.0034416511189192533,resize_025,0.25
adm_00008.png,test,adm,1,1,1.0,resize_025,0.25
biggan_00067.png,test,biggan,1,1,0.7585048675537109,resize_025,0.25
glide_00004.png,test,glide,1,1,0.9516003131866455,resize_025,0.25
midjourney_00083.png,test,midjourney,1,1,0.9950333833694458,resize_025,0.25
wukong_00026.png,test,wukong,1,1,1.0,resize_025,0.25
sdv5_00028.png,test,sdv5,1,1,0.9672565460205078,resize_025,0.25
midjourney_00042.png,test,midjourney,1,1,0.9999995231628418,resize_025,0.25
adm_00060.png,test,adm,1,1,0.910761296749115,resize_025,0.25
glide_00003.png,test,glide,1,1,0.5103511810302734,resize_025,0.25
glide_00025.png,test,glide,1,1,0.996187150478363,resize_025,0.25
biggan_00026.png,test,biggan,1,1,0.9890111684799194,resize_025,0.25
adm_00077.png,test,adm,1,1,0.9998685121536255,resize_025,0.25
adm_00047.png,test,adm,1,1,0.7347097396850586,resize_025,0.25
sdv5_00033.png,test,sdv5,1,1,1.0,resize_025,0.25
midjourney_00032.png,test,midjourney,1,1,0.9995655417442322,resize_025,0.25
biggan_00064.png,test,biggan,1,0,0.006049107760190964,resize_025,0.25
vqdm_00074.png,test,vqdm,1,1,1.0,resize_025,0.25
biggan_00038.png,test,biggan,1,1,0.9996711015701294,resize_025,0.25
adm_00082.png,test,adm,1,1,0.9999382495880127,resize_025,0.25
wukong_00007.png,test,wukong,1,1,0.9995183944702148,resize_025,0.25
wukong_00060.png,test,wukong,1,1,1.0,resize_025,0.25
sdv5_00041.png,test,sdv5,1,1,0.9999963045120239,resize_025,0.25
vqdm_00038.png,test,vqdm,1,1,1.0,resize_025,0.25
wukong_00001.png,test,wukong,1,1,1.0,resize_025,0.25
midjourney_00015.png,test,midjourney,1,1,0.9999948740005493,resize_025,0.25
biggan_00047.png,test,biggan,1,1,0.9837333559989929,resize_025,0.25
glide_00030.png,test,glide,1,1,0.636101245880127,resize_025,0.25
vqdm_00047.png,test,vqdm,1,1,1.0,resize_025,0.25
sdv5_00084.png,test,sdv5,1,1,1.0,resize_025,0.25
vqdm_00083.png,test,vqdm,1,1,0.999984622001648,resize_025,0.25
biggan_00068.png,test,biggan,1,1,0.7135215997695923,resize_025,0.25
sdv5_00058.png,test,sdv5,1,1,0.999998927116394,resize_025,0.25
sdv5_00006.png,test,sdv5,1,1,1.0,resize_025,0.25
biggan_00044.png,test,biggan,1,1,0.5309175848960876,resize_025,0.25
midjourney_00003.png,test,midjourney,1,1,0.9999914169311523,resize_025,0.25
sdv5_00027.png,test,sdv5,1,1,1.0,resize_025,0.25
biggan_00072.png,test,biggan,1,1,0.9250356554985046,resize_025,0.25
vqdm_00030.png,test,vqdm,1,1,0.9999988079071045,resize_025,0.25
vqdm_00085.png,test,vqdm,1,1,1.0,resize_025,0.25
wukong_00071.png,test,wukong,1,1,0.9999974966049194,resize_025,0.25
adm_00062.png,test,adm,1,1,1.0,resize_025,0.25
adm_00000.png,test,adm,1,1,0.9978423118591309,resize_025,0.25
wukong_00044.png,test,wukong,1,1,1.0,resize_025,0.25
glide_00075.png,test,glide,1,1,0.9935510158538818,resize_025,0.25
vqdm_00040.png,test,vqdm,1,1,0.9966890215873718,resize_025,0.25
wukong_00082.png,test,wukong,1,1,1.0,resize_025,0.25
midjourney_00019.png,test,midjourney,1,1,0.9989769458770752,resize_025,0.25
adm_00065.png,test,adm,1,1,1.0,resize_025,0.25
midjourney_00022.png,test,midjourney,1,1,0.9074217081069946,resize_025,0.25
midjourney_00052.png,test,midjourney,1,0,0.011284701526165009,resize_025,0.25
adm_00046.png,test,adm,1,1,1.0,resize_025,0.25
wukong_00048.png,test,wukong,1,1,0.9999998807907104,resize_025,0.25
vqdm_00045.png,test,vqdm,1,1,1.0,resize_025,0.25
biggan_00036.png,test,biggan,1,1,0.8696061372756958,resize_025,0.25
sdv5_00038.png,test,sdv5,1,1,0.9999994039535522,resize_025,0.25
vqdm_00050.png,test,vqdm,1,1,0.9953325390815735,resize_025,0.25
biggan_00041.png,test,biggan,1,1,0.5866348743438721,resize_025,0.25
vqdm_00051.png,test,vqdm,1,1,0.9999994039535522,resize_025,0.25
glide_00054.png,test,glide,1,1,0.9999997615814209,resize_025,0.25
sdv5_00062.png,test,sdv5,1,1,1.0,resize_025,0.25
sdv5_00060.png,test,sdv5,1,1,0.9999667406082153,resize_025,0.25
glide_00079.png,test,glide,1,1,0.9913478493690491,resize_025,0.25
midjourney_00004.png,test,midjourney,1,1,0.9999721050262451,resize_025,0.25
wukong_00040.png,test,wukong,1,1,1.0,resize_025,0.25
biggan_00060.png,test,biggan,1,0,0.38745856285095215,resize_025,0.25
wukong_00049.png,test,wukong,1,1,0.9999996423721313,resize_025,0.25
wukong_00035.png,test,wukong,1,1,0.9999804496765137,resize_025,0.25
adm_00010.png,test,adm,1,1,0.9575864672660828,resize_025,0.25
sdv5_00064.png,test,sdv5,1,1,0.9999984502792358,resize_025,0.25
adm_00059.png,test,adm,1,1,0.9999998807907104,resize_025,0.25
midjourney_00048.png,test,midjourney,1,1,0.6134005188941956,resize_025,0.25
midjourney_00016.png,test,midjourney,1,1,0.8641478419303894,resize_025,0.25
biggan_00007.png,test,biggan,1,1,0.8894661664962769,resize_025,0.25
glide_00067.png,test,glide,1,1,1.0,resize_025,0.25
glide_00046.png,test,glide,1,1,0.9999992847442627,resize_025,0.25
vqdm_00053.png,test,vqdm,1,1,0.9999918937683105,resize_025,0.25
adm_00071.png,test,adm,1,1,1.0,resize_025,0.25
glide_00022.png,test,glide,1,1,0.9999998807907104,resize_025,0.25
sdv5_00082.png,test,sdv5,1,1,1.0,resize_025,0.25
vqdm_00003.png,test,vqdm,1,1,1.0,resize_025,0.25
midjourney_00035.png,test,midjourney,1,1,0.9999462366104126,resize_025,0.25
glide_00031.png,test,glide,1,1,1.0,resize_025,0.25
vqdm_00063.png,test,vqdm,1,1,0.5515415072441101,resize_025,0.25
wukong_00016.png,test,wukong,1,1,0.9985359907150269,resize_025,0.25
wukong_00054.png,test,wukong,1,1,1.0,resize_025,0.25
biggan_00002.png,test,biggan,1,1,0.8410922288894653,resize_025,0.25
adm_00049.png,test,adm,1,1,1.0,resize_025,0.25
sdv5_00002.png,test,sdv5,1,1,1.0,resize_025,0.25
biggan_00025.png,test,biggan,1,0,0.3284989595413208,resize_025,0.25
biggan_00071.png,test,biggan,1,1,0.5538769960403442,resize_025,0.25
biggan_00051.png,test,biggan,1,0,0.07579495757818222,resize_025,0.25
wukong_00081.png,test,wukong,1,1,1.0,resize_025,0.25
sdv5_00022.png,test,sdv5,1,1,1.0,resize_025,0.25
